# Time: 0.0350
# x, y, density, x-velocity, y-velocity, pressure
-0.000000000000, -0.000000000000, 0.93678227, 1.00000000, 1.00000000, 1.00000000
-0.000000000000, 0.010101010101, 0.94742860, 1.00000000, 1.00000000, 1.00000000
-0.000000000000, 0.020202020202, 0.95788922, 1.00000000, 1.00000000, 1.00000000
-0.000000000000, 0.030303030303, 0.96827212, 1.00000000, 1.00000000, 1.00000000
-0.000000000000, 0.040404040404, 0.97877510, 1.00000000, 1.00000000, 1.00000000
-0.000000000000, 0.050505050505, 0.98959393, 1.00000000, 1.00000000, 1.00000000
-0.000000000000, 0.060606060606, 1.00083265, 1.00000000, 1.00000000, 1.00000000
-0.000000000000, 0.070707070707, 1.01246903, 1.00000000, 1.00000000, 1.00000000
-0.000000000000, 0.080808080808, 1.02438391, 1.00000000, 1.00000000, 1.00000000
-0.000000000000, 0.090909090909, 1.03642064, 1.00000000, 1.00000000, 1.00000000
-0.000000000000, 0.101010101010, 1.04843400, 1.00000000, 1.00000000, 1.00000000
-0.000000000000, 0.111111111111, 1.06031109, 1.00000000, 1.00000000, 1.00000000
-0.000000000000, 0.121212121212, 1.07196953, 1.00000000, 1.00000000, 1.00000000
-0.000000000000, 0.131313131313, 1.08334710, 1.00000000, 1.00000000, 1.00000000
-0.000000000000, 0.141414141414, 1.09439225, 1.00000000, 1.00000000, 1.00000000
-0.000000000000, 0.151515151515, 1.10505861, 1.00000000, 1.00000000, 1.00000000
-0.000000000000, 0.161616161616, 1.11530260, 1.00000000, 1.00000000, 1.00000000
-0.000000000000, 0.171717171717, 1.12508268, 1.00000000, 1.00000000, 1.00000000
-0.000000000000, 0.181818181818, 1.13435925, 1.00000000, 1.00000000, 1.00000000
-0.000000000000, 0.191919191919, 1.14309480, 1.00000000, 1.00000000, 1.00000000
-0.000000000000, 0.202020202020, 1.15125398, 1.00000000, 1.00000000, 1.00000000
-0.000000000000, 0.212121212121, 1.15880379, 1.00000000, 1.00000000, 1.00000000
-0.000000000000, 0.222222222222, 1.16571368, 1.00000000, 1.00000000, 1.00000000
-0.000000000000, 0.232323232323, 1.17195572, 1.00000000, 1.00000000, 1.00000000
-0.000000000000, 0.242424242424, 1.17750466, 1.00000000, 1.00000000, 1.00000000
-0.000000000000, 0.252525252525, 1.18233807, 1.00000000, 1.00000000, 1.00000000
-0.000000000000, 0.262626262626, 1.18643642, 1.00000000, 1.00000000, 1.00000000
-0.000000000000, 0.272727272727, 1.18978316, 1.00000000, 1.00000000, 1.00000000
-0.000000000000, 0.282828282828, 1.19236474, 1.00000000, 1.00000000, 1.00000000
-0.000000000000, 0.292929292929, 1.19417076, 1.00000000, 1.00000000, 1.00000000
-0.000000000000, 0.303030303030, 1.19519390, 1.00000000, 1.00000000, 1.00000000
-0.000000000000, 0.313131313131, 1.19543002, 1.00000000, 1.00000000, 1.00000000
-0.000000000000, 0.323232323232, 1.19487828, 1.00000000, 1.00000000, 1.00000000
-0.000000000000, 0.333333333333, 1.19354102, 1.00000000, 1.00000000, 1.00000000
-0.000000000000, 0.343434343434, 1.19142377, 1.00000000, 1.00000000, 1.00000000
-0.000000000000, 0.353535353535, 1.18853520, 1.00000000, 1.00000000, 1.00000000
-0.000000000000, 0.363636363636, 1.18488707, 1.00000000, 1.00000000, 1.00000000
-0.000000000000, 0.373737373737, 1.18049423, 1.00000000, 1.00000000, 1.00000000
-0.000000000000, 0.383838383838, 1.17537452, 1.00000000, 1.00000000, 1.00000000
-0.000000000000, 0.393939393939, 1.16954872, 1.00000000, 1.00000000, 1.00000000
-0.000000000000, 0.404040404040, 1.16304047, 1.00000000, 1.00000000, 1.00000000
-0.000000000000, 0.414141414141, 1.15587615, 1.00000000, 1.00000000, 1.00000000
-0.000000000000, 0.424242424242, 1.14808479, 1.00000000, 1.00000000, 1.00000000
-0.000000000000, 0.434343434343, 1.13969796, 1.00000000, 1.00000000, 1.00000000
-0.000000000000, 0.444444444444, 1.13074960, 1.00000000, 1.00000000, 1.00000000
-0.000000000000, 0.454545454545, 1.12127594, 1.00000000, 1.00000000, 1.00000000
-0.000000000000, 0.464646464646, 1.11131531, 1.00000000, 1.00000000, 1.00000000
-0.000000000000, 0.474747474747, 1.10090799, 1.00000000, 1.00000000, 1.00000000
-0.000000000000, 0.484848484848, 1.09009605, 1.00000000, 1.00000000, 1.00000000
-0.000000000000, 0.494949494949, 1.07892317, 1.00000000, 1.00000000, 1.00000000
-0.000000000000, 0.505050505051, 1.06743450, 1.00000000, 1.00000000, 1.00000000
-0.000000000000, 0.515151515152, 1.05567640, 1.00000000, 1.00000000, 1.00000000
-0.000000000000, 0.525252525253, 1.04369634, 1.00000000, 1.00000000, 1.00000000
-0.000000000000, 0.535353535354, 1.03154262, 1.00000000, 1.00000000, 1.00000000
-0.000000000000, 0.545454545455, 1.01926426, 1.00000000, 1.00000000, 1.00000000
-0.000000000000, 0.555555555556, 1.00691071, 1.00000000, 1.00000000, 1.00000000
-0.000000000000, 0.565656565657, 0.99453173, 1.00000000, 1.00000000, 1.00000000
-0.000000000000, 0.575757575758, 0.98217714, 1.00000000, 1.00000000, 1.00000000
-0.000000000000, 0.585858585859, 0.96989664, 1.00000000, 1.00000000, 1.00000000
-0.000000000000, 0.595959595960, 0.95773959, 1.00000000, 1.00000000, 1.00000000
-0.000000000000, 0.606060606061, 0.94575484, 1.00000000, 1.00000000, 1.00000000
-0.000000000000, 0.616161616162, 0.93399049, 1.00000000, 1.00000000, 1.00000000
-0.000000000000, 0.626262626263, 0.92249376, 1.00000000, 1.00000000, 1.00000000
-0.000000000000, 0.636363636364, 0.91131074, 1.00000000, 1.00000000, 1.00000000
-0.000000000000, 0.646464646465, 0.90048625, 1.00000000, 1.00000000, 1.00000000
-0.000000000000, 0.656565656566, 0.89006362, 1.00000000, 1.00000000, 1.00000000
-0.000000000000, 0.666666666667, 0.88008458, 1.00000000, 1.00000000, 1.00000000
-0.000000000000, 0.676767676768, 0.87058903, 1.00000000, 1.00000000, 1.00000000
-0.000000000000, 0.686868686869, 0.86161495, 1.00000000, 1.00000000, 1.00000000
-0.000000000000, 0.696969696970, 0.85319817, 1.00000000, 1.00000000, 1.00000000
-0.000000000000, 0.707070707071, 0.84537234, 1.00000000, 1.00000000, 1.00000000
-0.000000000000, 0.717171717172, 0.83816868, 1.00000000, 1.00000000, 1.00000000
-0.000000000000, 0.727272727273, 0.83161596, 1.00000000, 1.00000000, 1.00000000
-0.000000000000, 0.737373737374, 0.82574035, 1.00000000, 1.00000000, 1.00000000
-0.000000000000, 0.747474747475, 0.82056530, 1.00000000, 1.00000000, 1.00000000
-0.000000000000, 0.757575757576, 0.81611150, 1.00000000, 1.00000000, 1.00000000
-0.000000000000, 0.767676767677, 0.81239677, 1.00000000, 1.00000000, 1.00000000
-0.000000000000, 0.777777777778, 0.80943600, 1.00000000, 1.00000000, 1.00000000
-0.000000000000, 0.787878787879, 0.80724110, 1.00000000, 1.00000000, 1.00000000
-0.000000000000, 0.797979797980, 0.80582096, 1.00000000, 1.00000000, 1.00000000
-0.000000000000, 0.808080808081, 0.80518143, 1.00000000, 1.00000000, 1.00000000
-0.000000000000, 0.818181818182, 0.80532517, 1.00000000, 1.00000000, 1.00000000
-0.000000000000, 0.828282828283, 0.80625164, 1.00000000, 1.00000000, 1.00000000
-0.000000000000, 0.838383838384, 0.80795714, 1.00000000, 1.00000000, 1.00000000
-0.000000000000, 0.848484848485, 0.81043496, 1.00000000, 1.00000000, 1.00000000
-0.000000000000, 0.858585858586, 0.81367527, 1.00000000, 1.00000000, 1.00000000
-0.000000000000, 0.868686868687, 0.81766527, 1.00000000, 1.00000000, 1.00000000
-0.000000000000, 0.878787878788, 0.82238911, 1.00000000, 1.00000000, 1.00000000
-0.000000000000, 0.888888888889, 0.82782807, 1.00000000, 1.00000000, 1.00000000
-0.000000000000, 0.898989898990, 0.83396052, 1.00000000, 1.00000000, 1.00000000
-0.000000000000, 0.909090909091, 0.84076206, 1.00000000, 1.00000000, 1.00000000
-0.000000000000, 0.919191919192, 0.84820557, 1.00000000, 1.00000000, 1.00000000
-0.000000000000, 0.929292929293, 0.85626121, 1.00000000, 1.00000000, 1.00000000
-0.000000000000, 0.939393939394, 0.86489627, 1.00000000, 1.00000000, 1.00000000
-0.000000000000, 0.949494949495, 0.87407422, 1.00000000, 1.00000000, 1.00000000
-0.000000000000, 0.959595959596, 0.88375211, 1.00000000, 1.00000000, 1.00000000
0.010101010101, -0.000000000000, 0.94742860, 1.00000000, 1.00000000, 1.00000000
0.010101010101, 0.010101010101, 0.95826468, 1.00000000, 1.00000000, 1.00000000
0.010101010101, 0.020202020202, 0.96887144, 1.00000000, 1.00000000, 1.00000000
0.010101010101, 0.030303030303, 0.97935974, 1.00000000, 1.00000000, 1.00000000
0.010101010101, 0.040404040404, 0.98993101, 1.00000000, 1.00000000, 1.00000000
0.010101010101, 0.050505050505, 1.00078348, 1.00000000, 1.00000000, 1.00000000
0.010101010101, 0.060606060606, 1.01202112, 1.00000000, 1.00000000, 1.00000000
0.010101010101, 0.070707070707, 1.02361951, 1.00000000, 1.00000000, 1.00000000
0.010101010101, 0.080808080808, 1.03545655, 1.00000000, 1.00000000, 1.00000000
0.010101010101, 0.090909090909, 1.04737328, 1.00000000, 1.00000000, 1.00000000
0.010101010101, 0.101010101010, 1.05922336, 1.00000000, 1.00000000, 1.00000000
0.010101010101, 0.111111111111, 1.07089383, 1.00000000, 1.00000000, 1.00000000
0.010101010101, 0.121212121212, 1.08230291, 1.00000000, 1.00000000, 1.00000000
0.010101010101, 0.131313131313, 1.09338934, 1.00000000, 1.00000000, 1.00000000
0.010101010101, 0.141414141414, 1.10410275, 1.00000000, 1.00000000, 1.00000000
0.010101010101, 0.151515151515, 1.11439812, 1.00000000, 1.00000000, 1.00000000
0.010101010101, 0.161616161616, 1.12423336, 1.00000000, 1.00000000, 1.00000000
0.010101010101, 0.171717171717, 1.13356858, 1.00000000, 1.00000000, 1.00000000
0.010101010101, 0.181818181818, 1.14236600, 1.00000000, 1.00000000, 1.00000000
0.010101010101, 0.191919191919, 1.15059003, 1.00000000, 1.00000000, 1.00000000
0.010101010101, 0.202020202020, 1.15820738, 1.00000000, 1.00000000, 1.00000000
0.010101010101, 0.212121212121, 1.16518725, 1.00000000, 1.00000000, 1.00000000
0.010101010101, 0.222222222222, 1.17150140, 1.00000000, 1.00000000, 1.00000000
0.010101010101, 0.232323232323, 1.17712431, 1.00000000, 1.00000000, 1.00000000
0.010101010101, 0.242424242424, 1.18203322, 1.00000000, 1.00000000, 1.00000000
0.010101010101, 0.252525252525, 1.18620830, 1.00000000, 1.00000000, 1.00000000
0.010101010101, 0.262626262626, 1.18963268, 1.00000000, 1.00000000, 1.00000000
0.010101010101, 0.272727272727, 1.19229250, 1.00000000, 1.00000000, 1.00000000
0.010101010101, 0.282828282828, 1.19417703, 1.00000000, 1.00000000, 1.00000000
0.010101010101, 0.292929292929, 1.19527864, 1.00000000, 1.00000000, 1.00000000
0.010101010101, 0.303030303030, 1.19559286, 1.00000000, 1.00000000, 1.00000000
0.010101010101, 0.313131313131, 1.19511850, 1.00000000, 1.00000000, 1.00000000
0.010101010101, 0.323232323232, 1.19385762, 1.00000000, 1.00000000, 1.00000000
0.010101010101, 0.333333333333, 1.19181541, 1.00000000, 1.00000000, 1.00000000
0.010101010101, 0.343434343434, 1.18900024, 1.00000000, 1.00000000, 1.00000000
0.010101010101, 0.353535353535, 1.18542358, 1.00000000, 1.00000000, 1.00000000
0.010101010101, 0.363636363636, 1.18109998, 1.00000000, 1.00000000, 1.00000000
0.010101010101, 0.373737373737, 1.17604700, 1.00000000, 1.00000000, 1.00000000
0.010101010101, 0.383838383838, 1.17028515, 1.00000000, 1.00000000, 1.00000000
0.010101010101, 0.393939393939, 1.16383781, 1.00000000, 1.00000000, 1.00000000
0.010101010101, 0.404040404040, 1.15673111, 1.00000000, 1.00000000, 1.00000000
0.010101010101, 0.414141414141, 1.14899385, 1.00000000, 1.00000000, 1.00000000
0.010101010101, 0.424242424242, 1.14065737, 1.00000000, 1.00000000, 1.00000000
0.010101010101, 0.434343434343, 1.13175544, 1.00000000, 1.00000000, 1.00000000
0.010101010101, 0.444444444444, 1.12232409, 1.00000000, 1.00000000, 1.00000000
0.010101010101, 0.454545454545, 1.11240147, 1.00000000, 1.00000000, 1.00000000
0.010101010101, 0.464646464646, 1.10202772, 1.00000000, 1.00000000, 1.00000000
0.010101010101, 0.474747474747, 1.09124478, 1.00000000, 1.00000000, 1.00000000
0.010101010101, 0.484848484848, 1.08009623, 1.00000000, 1.00000000, 1.00000000
0.010101010101, 0.494949494949, 1.06862711, 1.00000000, 1.00000000, 1.00000000
0.010101010101, 0.505050505051, 1.05688373, 1.00000000, 1.00000000, 1.00000000
0.010101010101, 0.515151515152, 1.04491348, 1.00000000, 1.00000000, 1.00000000
0.010101010101, 0.525252525253, 1.03276466, 1.00000000, 1.00000000, 1.00000000
0.010101010101, 0.535353535354, 1.02048626, 1.00000000, 1.00000000, 1.00000000
0.010101010101, 0.545454545455, 1.00812775, 1.00000000, 1.00000000, 1.00000000
0.010101010101, 0.555555555556, 0.99573892, 1.00000000, 1.00000000, 1.00000000
0.010101010101, 0.565656565657, 0.98336964, 1.00000000, 1.00000000, 1.00000000
0.010101010101, 0.575757575758, 0.97106968, 1.00000000, 1.00000000, 1.00000000
0.010101010101, 0.585858585859, 0.95888848, 1.00000000, 1.00000000, 1.00000000
0.010101010101, 0.595959595960, 0.94687500, 1.00000000, 1.00000000, 1.00000000
0.010101010101, 0.606060606061, 0.93507748, 1.00000000, 1.00000000, 1.00000000
0.010101010101, 0.616161616162, 0.92354326, 1.00000000, 1.00000000, 1.00000000
0.010101010101, 0.626262626263, 0.91231860, 1.00000000, 1.00000000, 1.00000000
0.010101010101, 0.636363636364, 0.90144849, 1.00000000, 1.00000000, 1.00000000
0.010101010101, 0.646464646465, 0.89097645, 1.00000000, 1.00000000, 1.00000000
0.010101010101, 0.656565656566, 0.88094440, 1.00000000, 1.00000000, 1.00000000
0.010101010101, 0.666666666667, 0.87139247, 1.00000000, 1.00000000, 1.00000000
0.010101010101, 0.676767676768, 0.86235885, 1.00000000, 1.00000000, 1.00000000
0.010101010101, 0.686868686869, 0.85387962, 1.00000000, 1.00000000, 1.00000000
0.010101010101, 0.696969696970, 0.84598866, 1.00000000, 1.00000000, 1.00000000
0.010101010101, 0.707070707071, 0.83871746, 1.00000000, 1.00000000, 1.00000000
0.010101010101, 0.717171717172, 0.83209505, 1.00000000, 1.00000000, 1.00000000
0.010101010101, 0.727272727273, 0.82614786, 1.00000000, 1.00000000, 1.00000000
0.010101010101, 0.737373737374, 0.82089962, 1.00000000, 1.00000000, 1.00000000
0.010101010101, 0.747474747475, 0.81637129, 1.00000000, 1.00000000, 1.00000000
0.010101010101, 0.757575757576, 0.81258099, 1.00000000, 1.00000000, 1.00000000
0.010101010101, 0.767676767677, 0.80954390, 1.00000000, 1.00000000, 1.00000000
0.010101010101, 0.777777777778, 0.80727221, 1.00000000, 1.00000000, 1.00000000
0.010101010101, 0.787878787879, 0.80577512, 1.00000000, 1.00000000, 1.00000000
0.010101010101, 0.797979797980, 0.80505875, 1.00000000, 1.00000000, 1.00000000
0.010101010101, 0.808080808081, 0.80512610, 1.00000000, 1.00000000, 1.00000000
0.010101010101, 0.818181818182, 0.80597690, 1.00000000, 1.00000000, 1.00000000
0.010101010101, 0.828282828283, 0.80760778, 1.00000000, 1.00000000, 1.00000000
0.010101010101, 0.838383838384, 0.81001229, 1.00000000, 1.00000000, 1.00000000
0.010101010101, 0.848484848485, 0.81318090, 1.00000000, 1.00000000, 1.00000000
0.010101010101, 0.858585858586, 0.81710108, 1.00000000, 1.00000000, 1.00000000
0.010101010101, 0.868686868687, 0.82175728, 1.00000000, 1.00000000, 1.00000000
0.010101010101, 0.878787878788, 0.82713104, 1.00000000, 1.00000000, 1.00000000
0.010101010101, 0.888888888889, 0.83320099, 1.00000000, 1.00000000, 1.00000000
0.010101010101, 0.898989898990, 0.83994300, 1.00000000, 1.00000000, 1.00000000
0.010101010101, 0.909090909091, 0.84733019, 1.00000000, 1.00000000, 1.00000000
0.010101010101, 0.919191919192, 0.85533310, 1.00000000, 1.00000000, 1.00000000
0.010101010101, 0.929292929293, 0.86391963, 1.00000000, 1.00000000, 1.00000000
0.010101010101, 0.939393939394, 0.87305493, 1.00000000, 1.00000000, 1.00000000
0.010101010101, 0.949494949495, 0.88270047, 1.00000000, 1.00000000, 1.00000000
0.010101010101, 0.959595959596, 0.89281144, 1.00000000, 1.00000000, 1.00000000
0.020202020202, -0.000000000000, 0.95788922, 1.00000000, 1.00000000, 1.00000000
0.020202020202, 0.010101010101, 0.96887144, 1.00000000, 1.00000000, 1.00000000
0.020202020202, 0.020202020202, 0.97958298, 1.00000000, 1.00000000, 1.00000000
0.020202020202, 0.030303030303, 0.99013712, 1.00000000, 1.00000000, 1.00000000
0.020202020202, 0.040404040404, 1.00073818, 1.00000000, 1.00000000, 1.00000000
0.020202020202, 0.050505050505, 1.01158605, 1.00000000, 1.00000000, 1.00000000
0.020202020202, 0.060606060606, 1.02278433, 1.00000000, 1.00000000, 1.00000000
0.020202020202, 0.070707070707, 1.03430650, 1.00000000, 1.00000000, 1.00000000
0.020202020202, 0.080808080808, 1.04602810, 1.00000000, 1.00000000, 1.00000000
0.020202020202, 0.090909090909, 1.05778847, 1.00000000, 1.00000000, 1.00000000
0.020202020202, 0.101010101010, 1.06944075, 1.00000000, 1.00000000, 1.00000000
0.020202020202, 0.111111111111, 1.08087230, 1.00000000, 1.00000000, 1.00000000
0.020202020202, 0.121212121212, 1.09200223, 1.00000000, 1.00000000, 1.00000000
0.020202020202, 0.131313131313, 1.10277040, 1.00000000, 1.00000000, 1.00000000
0.020202020202, 0.141414141414, 1.11312778, 1.00000000, 1.00000000, 1.00000000
0.020202020202, 0.151515151515, 1.12303078, 1.00000000, 1.00000000, 1.00000000
0.020202020202, 0.161616161616, 1.13243892, 1.00000000, 1.00000000, 1.00000000
0.020202020202, 0.171717171717, 1.14131404, 1.00000000, 1.00000000, 1.00000000
0.020202020202, 0.181818181818, 1.14962020, 1.00000000, 1.00000000, 1.00000000
0.020202020202, 0.191919191919, 1.15732378, 1.00000000, 1.00000000, 1.00000000
0.020202020202, 0.202020202020, 1.16439362, 1.00000000, 1.00000000, 1.00000000
0.020202020202, 0.212121212121, 1.17080110, 1.00000000, 1.00000000, 1.00000000
0.020202020202, 0.222222222222, 1.17652030, 1.00000000, 1.00000000, 1.00000000
0.020202020202, 0.232323232323, 1.18152806, 1.00000000, 1.00000000, 1.00000000
0.020202020202, 0.242424242424, 1.18580414, 1.00000000, 1.00000000, 1.00000000
0.020202020202, 0.252525252525, 1.18933122, 1.00000000, 1.00000000, 1.00000000
0.020202020202, 0.262626262626, 1.19209503, 1.00000000, 1.00000000, 1.00000000
0.020202020202, 0.272727272727, 1.19408436, 1.00000000, 1.00000000, 1.00000000
0.020202020202, 0.282828282828, 1.19529116, 1.00000000, 1.00000000, 1.00000000
0.020202020202, 0.292929292929, 1.19571050, 1.00000000, 1.00000000, 1.00000000
0.020202020202, 0.303030303030, 1.19534074, 1.00000000, 1.00000000, 1.00000000
0.020202020202, 0.313131313131, 1.19418347, 1.00000000, 1.00000000, 1.00000000
0.020202020202, 0.323232323232, 1.19224345, 1.00000000, 1.00000000, 1.00000000
0.020202020202, 0.333333333333, 1.18952862, 1.00000000, 1.00000000, 1.00000000
0.020202020202, 0.343434343434, 1.18605003, 1.00000000, 1.00000000, 1.00000000
0.020202020202, 0.353535353535, 1.18182179, 1.00000000, 1.00000000, 1.00000000
0.020202020202, 0.363636363636, 1.17686109, 1.00000000, 1.00000000, 1.00000000
0.020202020202, 0.373737373737, 1.17118804, 1.00000000, 1.00000000, 1.00000000
0.020202020202, 0.383838383838, 1.16482564, 1.00000000, 1.00000000, 1.00000000
0.020202020202, 0.393939393939, 1.15779968, 1.00000000, 1.00000000, 1.00000000
0.020202020202, 0.404040404040, 1.15013863, 1.00000000, 1.00000000, 1.00000000
0.020202020202, 0.414141414141, 1.14187351, 1.00000000, 1.00000000, 1.00000000
0.020202020202, 0.424242424242, 1.13303781, 1.00000000, 1.00000000, 1.00000000
0.020202020202, 0.434343434343, 1.12366728, 1.00000000, 1.00000000, 1.00000000
0.020202020202, 0.444444444444, 1.11379985, 1.00000000, 1.00000000, 1.00000000
0.020202020202, 0.454545454545, 1.10347544, 1.00000000, 1.00000000, 1.00000000
0.020202020202, 0.464646464646, 1.09273580, 1.00000000, 1.00000000, 1.00000000
0.020202020202, 0.474747474747, 1.08162435, 1.00000000, 1.00000000, 1.00000000
0.020202020202, 0.484848484848, 1.07018600, 1.00000000, 1.00000000, 1.00000000
0.020202020202, 0.494949494949, 1.05846696, 1.00000000, 1.00000000, 1.00000000
0.020202020202, 0.505050505051, 1.04651455, 1.00000000, 1.00000000, 1.00000000
0.020202020202, 0.515151515152, 1.03437702, 1.00000000, 1.00000000, 1.00000000
0.020202020202, 0.525252525253, 1.02210334, 1.00000000, 1.00000000, 1.00000000
0.020202020202, 0.535353535354, 1.00974300, 1.00000000, 1.00000000, 1.00000000
0.020202020202, 0.545454545455, 0.99734582, 1.00000000, 1.00000000, 1.00000000
0.020202020202, 0.555555555556, 0.98496174, 1.00000000, 1.00000000, 1.00000000
0.020202020202, 0.565656565657, 0.97264061, 1.00000000, 1.00000000, 1.00000000
0.020202020202, 0.575757575758, 0.96043202, 1.00000000, 1.00000000, 1.00000000
0.020202020202, 0.585858585859, 0.94838504, 1.00000000, 1.00000000, 1.00000000
0.020202020202, 0.595959595960, 0.93654809, 1.00000000, 1.00000000, 1.00000000
0.020202020202, 0.606060606061, 0.92496870, 1.00000000, 1.00000000, 1.00000000
0.020202020202, 0.616161616162, 0.91369333, 1.00000000, 1.00000000, 1.00000000
0.020202020202, 0.626262626263, 0.90276718, 1.00000000, 1.00000000, 1.00000000
0.020202020202, 0.636363636364, 0.89223406, 1.00000000, 1.00000000, 1.00000000
0.020202020202, 0.646464646465, 0.88213611, 1.00000000, 1.00000000, 1.00000000
0.020202020202, 0.656565656566, 0.87251376, 1.00000000, 1.00000000, 1.00000000
0.020202020202, 0.666666666667, 0.86340546, 1.00000000, 1.00000000, 1.00000000
0.020202020202, 0.676767676768, 0.85484763, 1.00000000, 1.00000000, 1.00000000
0.020202020202, 0.686868686869, 0.84687442, 1.00000000, 1.00000000, 1.00000000
0.020202020202, 0.696969696970, 0.83951767, 1.00000000, 1.00000000, 1.00000000
0.020202020202, 0.707070707071, 0.83280672, 1.00000000, 1.00000000, 1.00000000
0.020202020202, 0.717171717172, 0.82676834, 1.00000000, 1.00000000, 1.00000000
0.020202020202, 0.727272727273, 0.82142661, 1.00000000, 1.00000000, 1.00000000
0.020202020202, 0.737373737374, 0.81680283, 1.00000000, 1.00000000, 1.00000000
0.020202020202, 0.747474747475, 0.81291546, 1.00000000, 1.00000000, 1.00000000
0.020202020202, 0.757575757576, 0.80978004, 1.00000000, 1.00000000, 1.00000000
0.020202020202, 0.767676767677, 0.80740912, 1.00000000, 1.00000000, 1.00000000
0.020202020202, 0.777777777778, 0.80581225, 1.00000000, 1.00000000, 1.00000000
0.020202020202, 0.787878787879, 0.80499593, 1.00000000, 1.00000000, 1.00000000
0.020202020202, 0.797979797980, 0.80496353, 1.00000000, 1.00000000, 1.00000000
0.020202020202, 0.808080808081, 0.80571515, 1.00000000, 1.00000000, 1.00000000
0.020202020202, 0.818181818182, 0.80724779, 1.00000000, 1.00000000, 1.00000000
0.020202020202, 0.828282828283, 0.80955534, 1.00000000, 1.00000000, 1.00000000
0.020202020202, 0.838383838384, 0.81262865, 1.00000000, 1.00000000, 1.00000000
0.020202020202, 0.848484848485, 0.81645553, 1.00000000, 1.00000000, 1.00000000
0.020202020202, 0.858585858586, 0.82102080, 1.00000000, 1.00000000, 1.00000000
0.020202020202, 0.868686868687, 0.82630633, 1.00000000, 1.00000000, 1.00000000
0.020202020202, 0.878787878788, 0.83229110, 1.00000000, 1.00000000, 1.00000000
0.020202020202, 0.888888888889, 0.83895130, 1.00000000, 1.00000000, 1.00000000
0.020202020202, 0.898989898990, 0.84626042, 1.00000000, 1.00000000, 1.00000000
0.020202020202, 0.909090909091, 0.85418929, 1.00000000, 1.00000000, 1.00000000
0.020202020202, 0.919191919192, 0.86270625, 1.00000000, 1.00000000, 1.00000000
0.020202020202, 0.929292929293, 0.87177715, 1.00000000, 1.00000000, 1.00000000
0.020202020202, 0.939393939394, 0.88136518, 1.00000000, 1.00000000, 1.00000000
0.020202020202, 0.949494949495, 0.89143000, 1.00000000, 1.00000000, 1.00000000
0.020202020202, 0.959595959596, 0.90192519, 1.00000000, 1.00000000, 1.00000000
0.030303030303, -0.000000000000, 0.96827212, 1.00000000, 1.00000000, 1.00000000
0.030303030303, 0.010101010101, 0.97935974, 1.00000000, 1.00000000, 1.00000000
0.030303030303, 0.020202020202, 0.99013712, 1.00000000, 1.00000000, 1.00000000
0.030303030303, 0.030303030303, 1.00071957, 1.00000000, 1.00000000, 1.00000000
0.030303030303, 0.040404040404, 1.01131351, 1.00000000, 1.00000000, 1.00000000
0.030303030303, 0.050505050505, 1.02211981, 1.00000000, 1.00000000, 1.00000000
0.030303030303, 0.060606060606, 1.03324129, 1.00000000, 1.00000000, 1.00000000
0.030303030303, 0.070707070707, 1.04464954, 1.00000000, 1.00000000, 1.00000000
0.030303030303, 0.080808080808, 1.05621818, 1.00000000, 1.00000000, 1.00000000
0.030303030303, 0.090909090909, 1.06778551, 1.00000000, 1.00000000, 1.00000000
0.030303030303, 0.101010101010, 1.07920464, 1.00000000, 1.00000000, 1.00000000
0.030303030303, 0.111111111111, 1.09036365, 1.00000000, 1.00000000, 1.00000000
0.030303030303, 0.121212121212, 1.10118278, 1.00000000, 1.00000000, 1.00000000
0.030303030303, 0.131313131313, 1.11160324, 1.00000000, 1.00000000, 1.00000000
0.030303030303, 0.141414141414, 1.12157742, 1.00000000, 1.00000000, 1.00000000
0.030303030303, 0.151515151515, 1.13106333, 1.00000000, 1.00000000, 1.00000000
0.030303030303, 0.161616161616, 1.14002216, 1.00000000, 1.00000000, 1.00000000
0.030303030303, 0.171717171717, 1.14841756, 1.00000000, 1.00000000, 1.00000000
0.030303030303, 0.181818181818, 1.15621554, 1.00000000, 1.00000000, 1.00000000
0.030303030303, 0.191919191919, 1.16338451, 1.00000000, 1.00000000, 1.00000000
0.030303030303, 0.202020202020, 1.16989546, 1.00000000, 1.00000000, 1.00000000
0.030303030303, 0.212121212121, 1.17572202, 1.00000000, 1.00000000, 1.00000000
0.030303030303, 0.222222222222, 1.18084059, 1.00000000, 1.00000000, 1.00000000
0.030303030303, 0.232323232323, 1.18523042, 1.00000000, 1.00000000, 1.00000000
0.030303030303, 0.242424242424, 1.18887374, 1.00000000, 1.00000000, 1.00000000
0.030303030303, 0.252525252525, 1.19175575, 1.00000000, 1.00000000, 1.00000000
0.030303030303, 0.262626262626, 1.19386476, 1.00000000, 1.00000000, 1.00000000
0.030303030303, 0.272727272727, 1.19519218, 1.00000000, 1.00000000, 1.00000000
0.030303030303, 0.282828282828, 1.19573257, 1.00000000, 1.00000000, 1.00000000
0.030303030303, 0.292929292929, 1.19548373, 1.00000000, 1.00000000, 1.00000000
0.030303030303, 0.303030303030, 1.19444673, 1.00000000, 1.00000000, 1.00000000
0.030303030303, 0.313131313131, 1.19262583, 1.00000000, 1.00000000, 1.00000000
0.030303030303, 0.323232323232, 1.19002844, 1.00000000, 1.00000000, 1.00000000
0.030303030303, 0.333333333333, 1.18666509, 1.00000000, 1.00000000, 1.00000000
0.030303030303, 0.343434343434, 1.18254942, 1.00000000, 1.00000000, 1.00000000
0.030303030303, 0.353535353535, 1.17769813, 1.00000000, 1.00000000, 1.00000000
0.030303030303, 0.363636363636, 1.17213086, 1.00000000, 1.00000000, 1.00000000
0.030303030303, 0.373737373737, 1.16587017, 1.00000000, 1.00000000, 1.00000000
0.030303030303, 0.383838383838, 1.15894141, 1.00000000, 1.00000000, 1.00000000
0.030303030303, 0.393939393939, 1.15137266, 1.00000000, 1.00000000, 1.00000000
0.030303030303, 0.404040404040, 1.14319455, 1.00000000, 1.00000000, 1.00000000
0.030303030303, 0.414141414141, 1.13444020, 1.00000000, 1.00000000, 1.00000000
0.030303030303, 0.424242424242, 1.12514505, 1.00000000, 1.00000000, 1.00000000
0.030303030303, 0.434343434343, 1.11534672, 1.00000000, 1.00000000, 1.00000000
0.030303030303, 0.444444444444, 1.10508485, 1.00000000, 1.00000000, 1.00000000
0.030303030303, 0.454545454545, 1.09440097, 1.00000000, 1.00000000, 1.00000000
0.030303030303, 0.464646464646, 1.08333829, 1.00000000, 1.00000000, 1.00000000
0.030303030303, 0.474747474747, 1.07194154, 1.00000000, 1.00000000, 1.00000000
0.030303030303, 0.484848484848, 1.06025678, 1.00000000, 1.00000000, 1.00000000
0.030303030303, 0.494949494949, 1.04833123, 1.00000000, 1.00000000, 1.00000000
0.030303030303, 0.505050505051, 1.03621306, 1.00000000, 1.00000000, 1.00000000
0.030303030303, 0.515151515152, 1.02395121, 1.00000000, 1.00000000, 1.00000000
0.030303030303, 0.525252525253, 1.01159515, 1.00000000, 1.00000000, 1.00000000
0.030303030303, 0.535353535354, 0.99919474, 1.00000000, 1.00000000, 1.00000000
0.030303030303, 0.545454545455, 0.98679996, 1.00000000, 1.00000000, 1.00000000
0.030303030303, 0.555555555556, 0.97446077, 1.00000000, 1.00000000, 1.00000000
0.030303030303, 0.565656565657, 0.96222686, 1.00000000, 1.00000000, 1.00000000
0.030303030303, 0.575757575758, 0.95014745, 1.00000000, 1.00000000, 1.00000000
0.030303030303, 0.585858585859, 0.93827115, 1.00000000, 1.00000000, 1.00000000
0.030303030303, 0.595959595960, 0.92664567, 1.00000000, 1.00000000, 1.00000000
0.030303030303, 0.606060606061, 0.91531771, 1.00000000, 1.00000000, 1.00000000
0.030303030303, 0.616161616162, 0.90433272, 1.00000000, 1.00000000, 1.00000000
0.030303030303, 0.626262626263, 0.89373476, 1.00000000, 1.00000000, 1.00000000
0.030303030303, 0.636363636364, 0.88356628, 1.00000000, 1.00000000, 1.00000000
0.030303030303, 0.646464646465, 0.87386800, 1.00000000, 1.00000000, 1.00000000
0.030303030303, 0.656565656566, 0.86467871, 1.00000000, 1.00000000, 1.00000000
0.030303030303, 0.666666666667, 0.85603513, 1.00000000, 1.00000000, 1.00000000
0.030303030303, 0.676767676768, 0.84797179, 1.00000000, 1.00000000, 1.00000000
0.030303030303, 0.686868686869, 0.84052087, 1.00000000, 1.00000000, 1.00000000
0.030303030303, 0.696969696970, 0.83371207, 1.00000000, 1.00000000, 1.00000000
0.030303030303, 0.707070707071, 0.82757254, 1.00000000, 1.00000000, 1.00000000
0.030303030303, 0.717171717172, 0.82212674, 1.00000000, 1.00000000, 1.00000000
0.030303030303, 0.727272727273, 0.81739635, 1.00000000, 1.00000000, 1.00000000
0.030303030303, 0.737373737374, 0.81340022, 1.00000000, 1.00000000, 1.00000000
0.030303030303, 0.747474747475, 0.81015427, 1.00000000, 1.00000000, 1.00000000
0.030303030303, 0.757575757576, 0.80767146, 1.00000000, 1.00000000, 1.00000000
0.030303030303, 0.767676767677, 0.80596173, 1.00000000, 1.00000000, 1.00000000
0.030303030303, 0.777777777778, 0.80503198, 1.00000000, 1.00000000, 1.00000000
0.030303030303, 0.787878787879, 0.80488599, 1.00000000, 1.00000000, 1.00000000
0.030303030303, 0.797979797980, 0.80552429, 1.00000000, 1.00000000, 1.00000000
0.030303030303, 0.808080808081, 0.80694427, 1.00000000, 1.00000000, 1.00000000
0.030303030303, 0.818181818182, 0.80914024, 1.00000000, 1.00000000, 1.00000000
0.030303030303, 0.828282828283, 0.81210343, 1.00000000, 1.00000000, 1.00000000
0.030303030303, 0.838383838384, 0.81582206, 1.00000000, 1.00000000, 1.00000000
0.030303030303, 0.848484848485, 0.82028134, 1.00000000, 1.00000000, 1.00000000
0.030303030303, 0.858585858586, 0.82546352, 1.00000000, 1.00000000, 1.00000000
0.030303030303, 0.868686868687, 0.83134800, 1.00000000, 1.00000000, 1.00000000
0.030303030303, 0.878787878788, 0.83791132, 1.00000000, 1.00000000, 1.00000000
0.030303030303, 0.888888888889, 0.84512736, 1.00000000, 1.00000000, 1.00000000
0.030303030303, 0.898989898990, 0.85296733, 1.00000000, 1.00000000, 1.00000000
0.030303030303, 0.909090909091, 0.86139995, 1.00000000, 1.00000000, 1.00000000
0.030303030303, 0.919191919192, 0.87039150, 1.00000000, 1.00000000, 1.00000000
0.030303030303, 0.929292929293, 0.87990593, 1.00000000, 1.00000000, 1.00000000
0.030303030303, 0.939393939394, 0.88990464, 1.00000000, 1.00000000, 1.00000000
0.030303030303, 0.949494949495, 0.90034569, 1.00000000, 1.00000000, 1.00000000
0.030303030303, 0.959595959596, 0.91118123, 1.00000000, 1.00000000, 1.00000000
0.040404040404, -0.000000000000, 0.97877510, 1.00000000, 1.00000000, 1.00000000
0.040404040404, 0.010101010101, 0.98993101, 1.00000000, 1.00000000, 1.00000000
0.040404040404, 0.020202020202, 1.00073818, 1.00000000, 1.00000000, 1.00000000
0.040404040404, 0.030303030303, 1.01131351, 1.00000000, 1.00000000, 1.00000000
0.040404040404, 0.040404040404, 1.02186483, 1.00000000, 1.00000000, 1.00000000
0.040404040404, 0.050505050505, 1.03259328, 1.00000000, 1.00000000, 1.00000000
0.040404040404, 0.060606060606, 1.04360057, 1.00000000, 1.00000000, 1.00000000
0.040404040404, 0.070707070707, 1.05485648, 1.00000000, 1.00000000, 1.00000000
0.040404040404, 0.080808080808, 1.06623315, 1.00000000, 1.00000000, 1.00000000
0.040404040404, 0.090909090909, 1.07756840, 1.00000000, 1.00000000, 1.00000000
0.040404040404, 0.101010101010, 1.08871580, 1.00000000, 1.00000000, 1.00000000
0.040404040404, 0.111111111111, 1.09956453, 1.00000000, 1.00000000, 1.00000000
0.040404040404, 0.121212121212, 1.11003622, 1.00000000, 1.00000000, 1.00000000
0.040404040404, 0.131313131313, 1.12007359, 1.00000000, 1.00000000, 1.00000000
0.040404040404, 0.141414141414, 1.12963065, 1.00000000, 1.00000000, 1.00000000
0.040404040404, 0.151515151515, 1.13866710, 1.00000000, 1.00000000, 1.00000000
0.040404040404, 0.161616161616, 1.14714596, 1.00000000, 1.00000000, 1.00000000
0.040404040404, 0.171717171717, 1.15503282, 1.00000000, 1.00000000, 1.00000000
0.040404040404, 0.181818181818, 1.16229571, 1.00000000, 1.00000000, 1.00000000
0.040404040404, 0.191919191919, 1.16890523, 1.00000000, 1.00000000, 1.00000000
0.040404040404, 0.202020202020, 1.17483458, 1.00000000, 1.00000000, 1.00000000
0.040404040404, 0.212121212121, 1.18005975, 1.00000000, 1.00000000, 1.00000000
0.040404040404, 0.222222222222, 1.18455953, 1.00000000, 1.00000000, 1.00000000
0.040404040404, 0.232323232323, 1.18831566, 1.00000000, 1.00000000, 1.00000000
0.040404040404, 0.242424242424, 1.19131290, 1.00000000, 1.00000000, 1.00000000
0.040404040404, 0.252525252525, 1.19353905, 1.00000000, 1.00000000, 1.00000000
0.040404040404, 0.262626262626, 1.19498500, 1.00000000, 1.00000000, 1.00000000
0.040404040404, 0.272727272727, 1.19564482, 1.00000000, 1.00000000, 1.00000000
0.040404040404, 0.282828282828, 1.19551578, 1.00000000, 1.00000000, 1.00000000
0.040404040404, 0.292929292929, 1.19459843, 1.00000000, 1.00000000, 1.00000000
0.040404040404, 0.303030303030, 1.19289651, 1.00000000, 1.00000000, 1.00000000
0.040404040404, 0.313131313131, 1.19041692, 1.00000000, 1.00000000, 1.00000000
0.040404040404, 0.323232323232, 1.18716968, 1.00000000, 1.00000000, 1.00000000
0.040404040404, 0.333333333333, 1.18316796, 1.00000000, 1.00000000, 1.00000000
0.040404040404, 0.343434343434, 1.17842793, 1.00000000, 1.00000000, 1.00000000
0.040404040404, 0.353535353535, 1.17296879, 1.00000000, 1.00000000, 1.00000000
0.040404040404, 0.363636363636, 1.16681263, 1.00000000, 1.00000000, 1.00000000
0.040404040404, 0.373737373737, 1.15998437, 1.00000000, 1.00000000, 1.00000000
0.040404040404, 0.383838383838, 1.15251164, 1.00000000, 1.00000000, 1.00000000
0.040404040404, 0.393939393939, 1.14442471, 1.00000000, 1.00000000, 1.00000000
0.040404040404, 0.404040404040, 1.13575629, 1.00000000, 1.00000000, 1.00000000
0.040404040404, 0.414141414141, 1.12654148, 1.00000000, 1.00000000, 1.00000000
0.040404040404, 0.424242424242, 1.11681757, 1.00000000, 1.00000000, 1.00000000
0.040404040404, 0.434343434343, 1.10662392, 1.00000000, 1.00000000, 1.00000000
0.040404040404, 0.444444444444, 1.09600177, 1.00000000, 1.00000000, 1.00000000
0.040404040404, 0.454545454545, 1.08499409, 1.00000000, 1.00000000, 1.00000000
0.040404040404, 0.464646464646, 1.07364541, 1.00000000, 1.00000000, 1.00000000
0.040404040404, 0.474747474747, 1.06200163, 1.00000000, 1.00000000, 1.00000000
0.040404040404, 0.484848484848, 1.05010981, 1.00000000, 1.00000000, 1.00000000
0.040404040404, 0.494949494949, 1.03801802, 1.00000000, 1.00000000, 1.00000000
0.040404040404, 0.505050505051, 1.02577510, 1.00000000, 1.00000000, 1.00000000
0.040404040404, 0.515151515152, 1.01343052, 1.00000000, 1.00000000, 1.00000000
0.040404040404, 0.525252525253, 1.00103409, 1.00000000, 1.00000000, 1.00000000
0.040404040404, 0.535353535354, 0.98863583, 1.00000000, 1.00000000, 1.00000000
0.040404040404, 0.545454545455, 0.97628575, 1.00000000, 1.00000000, 1.00000000
0.040404040404, 0.555555555556, 0.96403363, 1.00000000, 1.00000000, 1.00000000
0.040404040404, 0.565656565657, 0.95192881, 1.00000000, 1.00000000, 1.00000000
0.040404040404, 0.575757575758, 0.94002002, 1.00000000, 1.00000000, 1.00000000
0.040404040404, 0.585858585859, 0.92835517, 1.00000000, 1.00000000, 1.00000000
0.040404040404, 0.595959595960, 0.91698113, 1.00000000, 1.00000000, 1.00000000
0.040404040404, 0.606060606061, 0.90594361, 1.00000000, 1.00000000, 1.00000000
0.040404040404, 0.616161616162, 0.89528688, 1.00000000, 1.00000000, 1.00000000
0.040404040404, 0.626262626263, 0.88505368, 1.00000000, 1.00000000, 1.00000000
0.040404040404, 0.636363636364, 0.87528499, 1.00000000, 1.00000000, 1.00000000
0.040404040404, 0.646464646465, 0.86601993, 1.00000000, 1.00000000, 1.00000000
0.040404040404, 0.656565656566, 0.85729553, 1.00000000, 1.00000000, 1.00000000
0.040404040404, 0.666666666667, 0.84914665, 1.00000000, 1.00000000, 1.00000000
0.040404040404, 0.676767676768, 0.84160582, 1.00000000, 1.00000000, 1.00000000
0.040404040404, 0.686868686869, 0.83470310, 1.00000000, 1.00000000, 1.00000000
0.040404040404, 0.696969696970, 0.82846600, 1.00000000, 1.00000000, 1.00000000
0.040404040404, 0.707070707071, 0.82291935, 1.00000000, 1.00000000, 1.00000000
0.040404040404, 0.717171717172, 0.81808522, 1.00000000, 1.00000000, 1.00000000
0.040404040404, 0.727272727273, 0.81398284, 1.00000000, 1.00000000, 1.00000000
0.040404040404, 0.737373737374, 0.81062852, 1.00000000, 1.00000000, 1.00000000
0.040404040404, 0.747474747475, 0.80803561, 1.00000000, 1.00000000, 1.00000000
0.040404040404, 0.757575757576, 0.80621445, 1.00000000, 1.00000000, 1.00000000
0.040404040404, 0.767676767677, 0.80517232, 1.00000000, 1.00000000, 1.00000000
0.040404040404, 0.777777777778, 0.80491345, 1.00000000, 1.00000000, 1.00000000
0.040404040404, 0.787878787879, 0.80543877, 1.00000000, 1.00000000, 1.00000000
0.040404040404, 0.797979797980, 0.80674607, 1.00000000, 1.00000000, 1.00000000
0.040404040404, 0.808080808081, 0.80883007, 1.00000000, 1.00000000, 1.00000000
0.040404040404, 0.818181818182, 0.81168241, 1.00000000, 1.00000000, 1.00000000
0.040404040404, 0.828282828283, 0.81529170, 1.00000000, 1.00000000, 1.00000000
0.040404040404, 0.838383838384, 0.81964355, 1.00000000, 1.00000000, 1.00000000
0.040404040404, 0.848484848485, 0.82472060, 1.00000000, 1.00000000, 1.00000000
0.040404040404, 0.858585858586, 0.83050264, 1.00000000, 1.00000000, 1.00000000
0.040404040404, 0.868686868687, 0.83696662, 1.00000000, 1.00000000, 1.00000000
0.040404040404, 0.878787878788, 0.84408677, 1.00000000, 1.00000000, 1.00000000
0.040404040404, 0.888888888889, 0.85183469, 1.00000000, 1.00000000, 1.00000000
0.040404040404, 0.898989898990, 0.86017946, 1.00000000, 1.00000000, 1.00000000
0.040404040404, 0.909090909091, 0.86908774, 1.00000000, 1.00000000, 1.00000000
0.040404040404, 0.919191919192, 0.87852393, 1.00000000, 1.00000000, 1.00000000
0.040404040404, 0.929292929293, 0.88845016, 1.00000000, 1.00000000, 1.00000000
0.040404040404, 0.939393939394, 0.89882620, 1.00000000, 1.00000000, 1.00000000
0.040404040404, 0.949494949495, 0.90960862, 1.00000000, 1.00000000, 1.00000000
0.040404040404, 0.959595959596, 0.92074830, 1.00000000, 1.00000000, 1.00000000
0.050505050505, -0.000000000000, 0.98959393, 1.00000000, 1.00000000, 1.00000000
0.050505050505, 0.010101010101, 1.00078348, 1.00000000, 1.00000000, 1.00000000
0.050505050505, 0.020202020202, 1.01158605, 1.00000000, 1.00000000, 1.00000000
0.050505050505, 0.030303030303, 1.02211981, 1.00000000, 1.00000000, 1.00000000
0.050505050505, 0.040404040404, 1.03259328, 1.00000000, 1.00000000, 1.00000000
0.050505050505, 0.050505050505, 1.04320720, 1.00000000, 1.00000000, 1.00000000
0.050505050505, 0.060606060606, 1.05406176, 1.00000000, 1.00000000, 1.00000000
0.050505050505, 0.070707070707, 1.06512502, 1.00000000, 1.00000000, 1.00000000
0.050505050505, 0.080808080808, 1.07626804, 1.00000000, 1.00000000, 1.00000000
0.050505050505, 0.090909090909, 1.08732865, 1.00000000, 1.00000000, 1.00000000
0.050505050505, 0.101010101010, 1.09816137, 1.00000000, 1.00000000, 1.00000000
0.050505050505, 0.111111111111, 1.10865685, 1.00000000, 1.00000000, 1.00000000
0.050505050505, 0.121212121212, 1.11873838, 1.00000000, 1.00000000, 1.00000000
0.050505050505, 0.131313131313, 1.12835041, 1.00000000, 1.00000000, 1.00000000
0.050505050505, 0.141414141414, 1.13744874, 1.00000000, 1.00000000, 1.00000000
0.050505050505, 0.151515151515, 1.14599495, 1.00000000, 1.00000000, 1.00000000
0.050505050505, 0.161616161616, 1.15395403, 1.00000000, 1.00000000, 1.00000000
0.050505050505, 0.171717171717, 1.16129367, 1.00000000, 1.00000000, 1.00000000
0.050505050505, 0.181818181818, 1.16798412, 1.00000000, 1.00000000, 1.00000000
0.050505050505, 0.191919191919, 1.17399826, 1.00000000, 1.00000000, 1.00000000
0.050505050505, 0.202020202020, 1.17931172, 1.00000000, 1.00000000, 1.00000000
0.050505050505, 0.212121212121, 1.18390293, 1.00000000, 1.00000000, 1.00000000
0.050505050505, 0.222222222222, 1.18775326, 1.00000000, 1.00000000, 1.00000000
0.050505050505, 0.232323232323, 1.19084705, 1.00000000, 1.00000000, 1.00000000
0.050505050505, 0.242424242424, 1.19317171, 1.00000000, 1.00000000, 1.00000000
0.050505050505, 0.252525252525, 1.19471775, 1.00000000, 1.00000000, 1.00000000
0.050505050505, 0.262626262626, 1.19547878, 1.00000000, 1.00000000, 1.00000000
0.050505050505, 0.272727272727, 1.19545166, 1.00000000, 1.00000000, 1.00000000
0.050505050505, 0.282828282828, 1.19463650, 1.00000000, 1.00000000, 1.00000000
0.050505050505, 0.292929292929, 1.19303661, 1.00000000, 1.00000000, 1.00000000
0.050505050505, 0.303030303030, 1.19065846, 1.00000000, 1.00000000, 1.00000000
0.050505050505, 0.313131313131, 1.18751167, 1.00000000, 1.00000000, 1.00000000
0.050505050505, 0.323232323232, 1.18360896, 1.00000000, 1.00000000, 1.00000000
0.050505050505, 0.333333333333, 1.17896610, 1.00000000, 1.00000000, 1.00000000
0.050505050505, 0.343434343434, 1.17360189, 1.00000000, 1.00000000, 1.00000000
0.050505050505, 0.353535353535, 1.16753801, 1.00000000, 1.00000000, 1.00000000
0.050505050505, 0.363636363636, 1.16079901, 1.00000000, 1.00000000, 1.00000000
0.050505050505, 0.373737373737, 1.15341214, 1.00000000, 1.00000000, 1.00000000
0.050505050505, 0.383838383838, 1.14540731, 1.00000000, 1.00000000, 1.00000000
0.050505050505, 0.393939393939, 1.13681690, 1.00000000, 1.00000000, 1.00000000
0.050505050505, 0.404040404040, 1.12767569, 1.00000000, 1.00000000, 1.00000000
0.050505050505, 0.414141414141, 1.11802067, 1.00000000, 1.00000000, 1.00000000
0.050505050505, 0.424242424242, 1.10789091, 1.00000000, 1.00000000, 1.00000000
0.050505050505, 0.434343434343, 1.09732740, 1.00000000, 1.00000000, 1.00000000
0.050505050505, 0.444444444444, 1.08637287, 1.00000000, 1.00000000, 1.00000000
0.050505050505, 0.454545454545, 1.07507165, 1.00000000, 1.00000000, 1.00000000
0.050505050505, 0.464646464646, 1.06346944, 1.00000000, 1.00000000, 1.00000000
0.050505050505, 0.474747474747, 1.05161315, 1.00000000, 1.00000000, 1.00000000
0.050505050505, 0.484848484848, 1.03955072, 1.00000000, 1.00000000, 1.00000000
0.050505050505, 0.494949494949, 1.02733088, 1.00000000, 1.00000000, 1.00000000
0.050505050505, 0.505050505051, 1.01500301, 1.00000000, 1.00000000, 1.00000000
0.050505050505, 0.515151515152, 1.00261689, 1.00000000, 1.00000000, 1.00000000
0.050505050505, 0.525252525253, 0.99022251, 1.00000000, 1.00000000, 1.00000000
0.050505050505, 0.535353535354, 0.97786988, 1.00000000, 1.00000000, 1.00000000
0.050505050505, 0.545454545455, 0.96560881, 1.00000000, 1.00000000, 1.00000000
0.050505050505, 0.555555555556, 0.95348870, 1.00000000, 1.00000000, 1.00000000
0.050505050505, 0.565656565657, 0.94155837, 1.00000000, 1.00000000, 1.00000000
0.050505050505, 0.575757575758, 0.92986584, 1.00000000, 1.00000000, 1.00000000
0.050505050505, 0.585858585859, 0.91845812, 1.00000000, 1.00000000, 1.00000000
0.050505050505, 0.595959595960, 0.90738105, 1.00000000, 1.00000000, 1.00000000
0.050505050505, 0.606060606061, 0.89667911, 1.00000000, 1.00000000, 1.00000000
0.050505050505, 0.616161616162, 0.88639524, 1.00000000, 1.00000000, 1.00000000
0.050505050505, 0.626262626263, 0.87657064, 1.00000000, 1.00000000, 1.00000000
0.050505050505, 0.636363636364, 0.86724467, 1.00000000, 1.00000000, 1.00000000
0.050505050505, 0.646464646465, 0.85845461, 1.00000000, 1.00000000, 1.00000000
0.050505050505, 0.656565656566, 0.85023561, 1.00000000, 1.00000000, 1.00000000
0.050505050505, 0.666666666667, 0.84262048, 1.00000000, 1.00000000, 1.00000000
0.050505050505, 0.676767676768, 0.83563959, 1.00000000, 1.00000000, 1.00000000
0.050505050505, 0.686868686869, 0.82932076, 1.00000000, 1.00000000, 1.00000000
0.050505050505, 0.696969696970, 0.82368914, 1.00000000, 1.00000000, 1.00000000
0.050505050505, 0.707070707071, 0.81876714, 1.00000000, 1.00000000, 1.00000000
0.050505050505, 0.717171717172, 0.81457432, 1.00000000, 1.00000000, 1.00000000
0.050505050505, 0.727272727273, 0.81112735, 1.00000000, 1.00000000, 1.00000000
0.050505050505, 0.737373737374, 0.80843993, 1.00000000, 1.00000000, 1.00000000
0.050505050505, 0.747474747475, 0.80652274, 1.00000000, 1.00000000, 1.00000000
0.050505050505, 0.757575757576, 0.80538343, 1.00000000, 1.00000000, 1.00000000
0.050505050505, 0.767676767677, 0.80502659, 1.00000000, 1.00000000, 1.00000000
0.050505050505, 0.777777777778, 0.80545354, 1.00000000, 1.00000000, 1.00000000
0.050505050505, 0.787878787879, 0.80666244, 1.00000000, 1.00000000, 1.00000000
0.050505050505, 0.797979797980, 0.80864836, 1.00000000, 1.00000000, 1.00000000
0.050505050505, 0.808080808081, 0.81140332, 1.00000000, 1.00000000, 1.00000000
0.050505050505, 0.818181818182, 0.81491628, 1.00000000, 1.00000000, 1.00000000
0.050505050505, 0.828282828283, 0.81917322, 1.00000000, 1.00000000, 1.00000000
0.050505050505, 0.838383838384, 0.82415713, 1.00000000, 1.00000000, 1.00000000
0.050505050505, 0.848484848485, 0.82984816, 1.00000000, 1.00000000, 1.00000000
0.050505050505, 0.858585858586, 0.83622359, 1.00000000, 1.00000000, 1.00000000
0.050505050505, 0.868686868687, 0.84325801, 1.00000000, 1.00000000, 1.00000000
0.050505050505, 0.878787878788, 0.85092335, 1.00000000, 1.00000000, 1.00000000
0.050505050505, 0.888888888889, 0.85918901, 1.00000000, 1.00000000, 1.00000000
0.050505050505, 0.898989898990, 0.86802198, 1.00000000, 1.00000000, 1.00000000
0.050505050505, 0.909090909091, 0.87738697, 1.00000000, 1.00000000, 1.00000000
0.050505050505, 0.919191919192, 0.88724650, 1.00000000, 1.00000000, 1.00000000
0.050505050505, 0.929292929293, 0.89756102, 1.00000000, 1.00000000, 1.00000000
0.050505050505, 0.939393939394, 0.90828874, 1.00000000, 1.00000000, 1.00000000
0.050505050505, 0.949494949495, 0.91938485, 1.00000000, 1.00000000, 1.00000000
0.050505050505, 0.959595959596, 0.93079908, 1.00000000, 1.00000000, 1.00000000
0.060606060606, -0.000000000000, 1.00083265, 1.00000000, 1.00000000, 1.00000000
0.060606060606, 0.010101010101, 1.01202112, 1.00000000, 1.00000000, 1.00000000
0.060606060606, 0.020202020202, 1.02278433, 1.00000000, 1.00000000, 1.00000000
0.060606060606, 0.030303030303, 1.03324129, 1.00000000, 1.00000000, 1.00000000
0.060606060606, 0.040404040404, 1.04360057, 1.00000000, 1.00000000, 1.00000000
0.060606060606, 0.050505050505, 1.05406176, 1.00000000, 1.00000000, 1.00000000
0.060606060606, 0.060606060606, 1.06472318, 1.00000000, 1.00000000, 1.00000000
0.060606060606, 0.070707070707, 1.07555116, 1.00000000, 1.00000000, 1.00000000
0.060606060606, 0.080808080808, 1.08641607, 1.00000000, 1.00000000, 1.00000000
0.060606060606, 0.090909090909, 1.09715628, 1.00000000, 1.00000000, 1.00000000
0.060606060606, 0.101010101010, 1.10762776, 1.00000000, 1.00000000, 1.00000000
0.060606060606, 0.111111111111, 1.11772301, 1.00000000, 1.00000000, 1.00000000
0.060606060606, 0.121212121212, 1.12736730, 1.00000000, 1.00000000, 1.00000000
0.060606060606, 0.131313131313, 1.13650702, 1.00000000, 1.00000000, 1.00000000
0.060606060606, 0.141414141414, 1.14509998, 1.00000000, 1.00000000, 1.00000000
0.060606060606, 0.151515151515, 1.15310982, 1.00000000, 1.00000000, 1.00000000
0.060606060606, 0.161616161616, 1.16050372, 1.00000000, 1.00000000, 1.00000000
0.060606060606, 0.171717171717, 1.16725163, 1.00000000, 1.00000000, 1.00000000
0.060606060606, 0.181818181818, 1.17332620, 1.00000000, 1.00000000, 1.00000000
0.060606060606, 0.191919191919, 1.17870279, 1.00000000, 1.00000000, 1.00000000
0.060606060606, 0.202020202020, 1.18335961, 1.00000000, 1.00000000, 1.00000000
0.060606060606, 0.212121212121, 1.18727775, 1.00000000, 1.00000000, 1.00000000
0.060606060606, 0.222222222222, 1.19044129, 1.00000000, 1.00000000, 1.00000000
0.060606060606, 0.232323232323, 1.19283735, 1.00000000, 1.00000000, 1.00000000
0.060606060606, 0.242424242424, 1.19445615, 1.00000000, 1.00000000, 1.00000000
0.060606060606, 0.252525252525, 1.19529102, 1.00000000, 1.00000000, 1.00000000
0.060606060606, 0.262626262626, 1.19533852, 1.00000000, 1.00000000, 1.00000000
0.060606060606, 0.272727272727, 1.19459846, 1.00000000, 1.00000000, 1.00000000
0.060606060606, 0.282828282828, 1.19307384, 1.00000000, 1.00000000, 1.00000000
0.060606060606, 0.292929292929, 1.19077084, 1.00000000, 1.00000000, 1.00000000
0.060606060606, 0.303030303030, 1.18769877, 1.00000000, 1.00000000, 1.00000000
0.060606060606, 0.313131313131, 1.18387006, 1.00000000, 1.00000000, 1.00000000
0.060606060606, 0.323232323232, 1.17930018, 1.00000000, 1.00000000, 1.00000000
0.060606060606, 0.333333333333, 1.17400763, 1.00000000, 1.00000000, 1.00000000
0.060606060606, 0.343434343434, 1.16801381, 1.00000000, 1.00000000, 1.00000000
0.060606060606, 0.353535353535, 1.16134297, 1.00000000, 1.00000000, 1.00000000
0.060606060606, 0.363636363636, 1.15402212, 1.00000000, 1.00000000, 1.00000000
0.060606060606, 0.373737373737, 1.14608087, 1.00000000, 1.00000000, 1.00000000
0.060606060606, 0.383838383838, 1.13755136, 1.00000000, 1.00000000, 1.00000000
0.060606060606, 0.393939393939, 1.12846811, 1.00000000, 1.00000000, 1.00000000
0.060606060606, 0.404040404040, 1.11886788, 1.00000000, 1.00000000, 1.00000000
0.060606060606, 0.414141414141, 1.10878951, 1.00000000, 1.00000000, 1.00000000
0.060606060606, 0.424242424242, 1.09827379, 1.00000000, 1.00000000, 1.00000000
0.060606060606, 0.434343434343, 1.08736326, 1.00000000, 1.00000000, 1.00000000
0.060606060606, 0.444444444444, 1.07610205, 1.00000000, 1.00000000, 1.00000000
0.060606060606, 0.454545454545, 1.06453570, 1.00000000, 1.00000000, 1.00000000
0.060606060606, 0.464646464646, 1.05271098, 1.00000000, 1.00000000, 1.00000000
0.060606060606, 0.474747474747, 1.04067569, 1.00000000, 1.00000000, 1.00000000
0.060606060606, 0.484848484848, 1.02847846, 1.00000000, 1.00000000, 1.00000000
0.060606060606, 0.494949494949, 1.01616856, 1.00000000, 1.00000000, 1.00000000
0.060606060606, 0.505050505051, 1.00379570, 1.00000000, 1.00000000, 1.00000000
0.060606060606, 0.515151515152, 0.99140982, 1.00000000, 1.00000000, 1.00000000
0.060606060606, 0.525252525253, 0.97906089, 1.00000000, 1.00000000, 1.00000000
0.060606060606, 0.535353535354, 0.96679870, 1.00000000, 1.00000000, 1.00000000
0.060606060606, 0.545454545455, 0.95467266, 1.00000000, 1.00000000, 1.00000000
0.060606060606, 0.555555555556, 0.94273162, 1.00000000, 1.00000000, 1.00000000
0.060606060606, 0.565656565657, 0.93102362, 1.00000000, 1.00000000, 1.00000000
0.060606060606, 0.575757575758, 0.91959575, 1.00000000, 1.00000000, 1.00000000
0.060606060606, 0.585858585859, 0.90849395, 1.00000000, 1.00000000, 1.00000000
0.060606060606, 0.595959595960, 0.89776278, 1.00000000, 1.00000000, 1.00000000
0.060606060606, 0.606060606061, 0.88744530, 1.00000000, 1.00000000, 1.00000000
0.060606060606, 0.616161616162, 0.87758287, 1.00000000, 1.00000000, 1.00000000
0.060606060606, 0.626262626263, 0.86821499, 1.00000000, 1.00000000, 1.00000000
0.060606060606, 0.636363636364, 0.85937913, 1.00000000, 1.00000000, 1.00000000
0.060606060606, 0.646464646465, 0.85111061, 1.00000000, 1.00000000, 1.00000000
0.060606060606, 0.656565656566, 0.84344247, 1.00000000, 1.00000000, 1.00000000
0.060606060606, 0.666666666667, 0.83640528, 1.00000000, 1.00000000, 1.00000000
0.060606060606, 0.676767676768, 0.83002710, 1.00000000, 1.00000000, 1.00000000
0.060606060606, 0.686868686869, 0.82433333, 1.00000000, 1.00000000, 1.00000000
0.060606060606, 0.696969696970, 0.81934662, 1.00000000, 1.00000000, 1.00000000
0.060606060606, 0.707070707071, 0.81508681, 1.00000000, 1.00000000, 1.00000000
0.060606060606, 0.717171717172, 0.81157083, 1.00000000, 1.00000000, 1.00000000
0.060606060606, 0.727272727273, 0.80881265, 1.00000000, 1.00000000, 1.00000000
0.060606060606, 0.737373737374, 0.80682326, 1.00000000, 1.00000000, 1.00000000
0.060606060606, 0.747474747475, 0.80561058, 1.00000000, 1.00000000, 1.00000000
0.060606060606, 0.757575757576, 0.80517949, 1.00000000, 1.00000000, 1.00000000
0.060606060606, 0.767676767677, 0.80553163, 1.00000000, 1.00000000, 1.00000000
0.060606060606, 0.777777777778, 0.80666545, 1.00000000, 1.00000000, 1.00000000
0.060606060606, 0.787878787879, 0.80857632, 1.00000000, 1.00000000, 1.00000000
0.060606060606, 0.797979797980, 0.81125655, 1.00000000, 1.00000000, 1.00000000
0.060606060606, 0.808080808081, 0.81469540, 1.00000000, 1.00000000, 1.00000000
0.060606060606, 0.818181818182, 0.81887913, 1.00000000, 1.00000000, 1.00000000
0.060606060606, 0.828282828283, 0.82379105, 1.00000000, 1.00000000, 1.00000000
0.060606060606, 0.838383838384, 0.82941156, 1.00000000, 1.00000000, 1.00000000
0.060606060606, 0.848484848485, 0.83571824, 1.00000000, 1.00000000, 1.00000000
0.060606060606, 0.858585858586, 0.84268594, 1.00000000, 1.00000000, 1.00000000
0.060606060606, 0.868686868687, 0.85028686, 1.00000000, 1.00000000, 1.00000000
0.060606060606, 0.878787878788, 0.85849067, 1.00000000, 1.00000000, 1.00000000
0.060606060606, 0.888888888889, 0.86726459, 1.00000000, 1.00000000, 1.00000000
0.060606060606, 0.898989898990, 0.87657356, 1.00000000, 1.00000000, 1.00000000
0.060606060606, 0.909090909091, 0.88638038, 1.00000000, 1.00000000, 1.00000000
0.060606060606, 0.919191919192, 0.89664577, 1.00000000, 1.00000000, 1.00000000
0.060606060606, 0.929292929293, 0.90732854, 1.00000000, 1.00000000, 1.00000000
0.060606060606, 0.939393939394, 0.91838540, 1.00000000, 1.00000000, 1.00000000
0.060606060606, 0.949494949495, 0.92977028, 1.00000000, 1.00000000, 1.00000000
0.060606060606, 0.959595959596, 0.94143184, 1.00000000, 1.00000000, 1.00000000
0.070707070707, -0.000000000000, 1.01246903, 1.00000000, 1.00000000, 1.00000000
0.070707070707, 0.010101010101, 1.02361951, 1.00000000, 1.00000000, 1.00000000
0.070707070707, 0.020202020202, 1.03430650, 1.00000000, 1.00000000, 1.00000000
0.070707070707, 0.030303030303, 1.04464954, 1.00000000, 1.00000000, 1.00000000
0.070707070707, 0.040404040404, 1.05485648, 1.00000000, 1.00000000, 1.00000000
0.070707070707, 0.050505050505, 1.06512502, 1.00000000, 1.00000000, 1.00000000
0.070707070707, 0.060606060606, 1.07555116, 1.00000000, 1.00000000, 1.00000000
0.070707070707, 0.070707070707, 1.08609956, 1.00000000, 1.00000000, 1.00000000
0.070707070707, 0.080808080808, 1.09664030, 1.00000000, 1.00000000, 1.00000000
0.070707070707, 0.090909090909, 1.10701287, 1.00000000, 1.00000000, 1.00000000
0.070707070707, 0.101010101010, 1.11707522, 1.00000000, 1.00000000, 1.00000000
0.070707070707, 0.111111111111, 1.12672215, 1.00000000, 1.00000000, 1.00000000
0.070707070707, 0.121212121212, 1.13588116, 1.00000000, 1.00000000, 1.00000000
0.070707070707, 0.131313131313, 1.14450090, 1.00000000, 1.00000000, 1.00000000
0.070707070707, 0.141414141414, 1.15254136, 1.00000000, 1.00000000, 1.00000000
0.070707070707, 0.151515151515, 1.15996846, 1.00000000, 1.00000000, 1.00000000
0.070707070707, 0.161616161616, 1.16675172, 1.00000000, 1.00000000, 1.00000000
0.070707070707, 0.171717171717, 1.17286359, 1.00000000, 1.00000000, 1.00000000
0.070707070707, 0.181818181818, 1.17827928, 1.00000000, 1.00000000, 1.00000000
0.070707070707, 0.191919191919, 1.18297683, 1.00000000, 1.00000000, 1.00000000
0.070707070707, 0.202020202020, 1.18693718, 1.00000000, 1.00000000, 1.00000000
0.070707070707, 0.212121212121, 1.19014424, 1.00000000, 1.00000000, 1.00000000
0.070707070707, 0.222222222222, 1.19258498, 1.00000000, 1.00000000, 1.00000000
0.070707070707, 0.232323232323, 1.19424944, 1.00000000, 1.00000000, 1.00000000
0.070707070707, 0.242424242424, 1.19513080, 1.00000000, 1.00000000, 1.00000000
0.070707070707, 0.252525252525, 1.19522542, 1.00000000, 1.00000000, 1.00000000
0.070707070707, 0.262626262626, 1.19453293, 1.00000000, 1.00000000, 1.00000000
0.070707070707, 0.272727272727, 1.19305618, 1.00000000, 1.00000000, 1.00000000
0.070707070707, 0.282828282828, 1.19080114, 1.00000000, 1.00000000, 1.00000000
0.070707070707, 0.292929292929, 1.18777696, 1.00000000, 1.00000000, 1.00000000
0.070707070707, 0.303030303030, 1.18399588, 1.00000000, 1.00000000, 1.00000000
0.070707070707, 0.313131313131, 1.17947320, 1.00000000, 1.00000000, 1.00000000
0.070707070707, 0.323232323232, 1.17422723, 1.00000000, 1.00000000, 1.00000000
0.070707070707, 0.333333333333, 1.16827921, 1.00000000, 1.00000000, 1.00000000
0.070707070707, 0.343434343434, 1.16165320, 1.00000000, 1.00000000, 1.00000000
0.070707070707, 0.353535353535, 1.15437603, 1.00000000, 1.00000000, 1.00000000
0.070707070707, 0.363636363636, 1.14647715, 1.00000000, 1.00000000, 1.00000000
0.070707070707, 0.373737373737, 1.13798854, 1.00000000, 1.00000000, 1.00000000
0.070707070707, 0.383838383838, 1.12894455, 1.00000000, 1.00000000, 1.00000000
0.070707070707, 0.393939393939, 1.11938179, 1.00000000, 1.00000000, 1.00000000
0.070707070707, 0.404040404040, 1.10933894, 1.00000000, 1.00000000, 1.00000000
0.070707070707, 0.414141414141, 1.09885665, 1.00000000, 1.00000000, 1.00000000
0.070707070707, 0.424242424242, 1.08797732, 1.00000000, 1.00000000, 1.00000000
0.070707070707, 0.434343434343, 1.07674496, 1.00000000, 1.00000000, 1.00000000
0.070707070707, 0.444444444444, 1.06520497, 1.00000000, 1.00000000, 1.00000000
0.070707070707, 0.454545454545, 1.05340402, 1.00000000, 1.00000000, 1.00000000
0.070707070707, 0.464646464646, 1.04138979, 1.00000000, 1.00000000, 1.00000000
0.070707070707, 0.474747474747, 1.02921083, 1.00000000, 1.00000000, 1.00000000
0.070707070707, 0.484848484848, 1.01691631, 1.00000000, 1.00000000, 1.00000000
0.070707070707, 0.494949494949, 1.00455588, 1.00000000, 1.00000000, 1.00000000
0.070707070707, 0.505050505051, 0.99217940, 1.00000000, 1.00000000, 1.00000000
0.070707070707, 0.515151515152, 0.97983679, 1.00000000, 1.00000000, 1.00000000
0.070707070707, 0.525252525253, 0.96757780, 1.00000000, 1.00000000, 1.00000000
0.070707070707, 0.535353535354, 0.95545182, 1.00000000, 1.00000000, 1.00000000
0.070707070707, 0.545454545455, 0.94350767, 1.00000000, 1.00000000, 1.00000000
0.070707070707, 0.555555555556, 0.93179340, 1.00000000, 1.00000000, 1.00000000
0.070707070707, 0.565656565657, 0.92035612, 1.00000000, 1.00000000, 1.00000000
0.070707070707, 0.575757575758, 0.90924177, 1.00000000, 1.00000000, 1.00000000
0.070707070707, 0.585858585859, 0.89849496, 1.00000000, 1.00000000, 1.00000000
0.070707070707, 0.595959595960, 0.88815882, 1.00000000, 1.00000000, 1.00000000
0.070707070707, 0.606060606061, 0.87827475, 1.00000000, 1.00000000, 1.00000000
0.070707070707, 0.616161616162, 0.86888234, 1.00000000, 1.00000000, 1.00000000
0.070707070707, 0.626262626263, 0.86001916, 1.00000000, 1.00000000, 1.00000000
0.070707070707, 0.636363636364, 0.85172065, 1.00000000, 1.00000000, 1.00000000
0.070707070707, 0.646464646465, 0.84401994, 1.00000000, 1.00000000, 1.00000000
0.070707070707, 0.656565656566, 0.83694776, 1.00000000, 1.00000000, 1.00000000
0.070707070707, 0.666666666667, 0.83053230, 1.00000000, 1.00000000, 1.00000000
0.070707070707, 0.676767676768, 0.82479913, 1.00000000, 1.00000000, 1.00000000
0.070707070707, 0.686868686869, 0.81977106, 1.00000000, 1.00000000, 1.00000000
0.070707070707, 0.696969696970, 0.81546811, 1.00000000, 1.00000000, 1.00000000
0.070707070707, 0.707070707071, 0.81190740, 1.00000000, 1.00000000, 1.00000000
0.070707070707, 0.717171717172, 0.80910309, 1.00000000, 1.00000000, 1.00000000
0.070707070707, 0.727272727273, 0.80706636, 1.00000000, 1.00000000, 1.00000000
0.070707070707, 0.737373737374, 0.80580535, 1.00000000, 1.00000000, 1.00000000
0.070707070707, 0.747474747475, 0.80532514, 1.00000000, 1.00000000, 1.00000000
0.070707070707, 0.757575757576, 0.80562759, 1.00000000, 1.00000000, 1.00000000
0.070707070707, 0.767676767677, 0.80671136, 1.00000000, 1.00000000, 1.00000000
0.070707070707, 0.777777777778, 0.80857204, 1.00000000, 1.00000000, 1.00000000
0.070707070707, 0.787878787879, 0.81120216, 1.00000000, 1.00000000, 1.00000000
0.070707070707, 0.797979797980, 0.81459118, 1.00000000, 1.00000000, 1.00000000
0.070707070707, 0.808080808081, 0.81872559, 1.00000000, 1.00000000, 1.00000000
0.070707070707, 0.818181818182, 0.82358888, 1.00000000, 1.00000000, 1.00000000
0.070707070707, 0.828282828283, 0.82916168, 1.00000000, 1.00000000, 1.00000000
0.070707070707, 0.838383838384, 0.83542177, 1.00000000, 1.00000000, 1.00000000
0.070707070707, 0.848484848485, 0.84234418, 1.00000000, 1.00000000, 1.00000000
0.070707070707, 0.858585858586, 0.84990131, 1.00000000, 1.00000000, 1.00000000
0.070707070707, 0.868686868687, 0.85806300, 1.00000000, 1.00000000, 1.00000000
0.070707070707, 0.878787878788, 0.86679665, 1.00000000, 1.00000000, 1.00000000
0.070707070707, 0.888888888889, 0.87606736, 1.00000000, 1.00000000, 1.00000000
0.070707070707, 0.898989898990, 0.88583808, 1.00000000, 1.00000000, 1.00000000
0.070707070707, 0.909090909091, 0.89606970, 1.00000000, 1.00000000, 1.00000000
0.070707070707, 0.919191919192, 0.90672123, 1.00000000, 1.00000000, 1.00000000
0.070707070707, 0.929292929293, 0.91774990, 1.00000000, 1.00000000, 1.00000000
0.070707070707, 0.939393939394, 0.92911103, 1.00000000, 1.00000000, 1.00000000
0.070707070707, 0.949494949495, 0.94075732, 1.00000000, 1.00000000, 1.00000000
0.070707070707, 0.959595959596, 0.95263653, 1.00000000, 1.00000000, 1.00000000
0.080808080808, -0.000000000000, 1.02438391, 1.00000000, 1.00000000, 1.00000000
0.080808080808, 0.010101010101, 1.03545655, 1.00000000, 1.00000000, 1.00000000
0.080808080808, 0.020202020202, 1.04602810, 1.00000000, 1.00000000, 1.00000000
0.080808080808, 0.030303030303, 1.05621818, 1.00000000, 1.00000000, 1.00000000
0.080808080808, 0.040404040404, 1.06623315, 1.00000000, 1.00000000, 1.00000000
0.080808080808, 0.050505050505, 1.07626804, 1.00000000, 1.00000000, 1.00000000
0.080808080808, 0.060606060606, 1.08641607, 1.00000000, 1.00000000, 1.00000000
0.080808080808, 0.070707070707, 1.09664030, 1.00000000, 1.00000000, 1.00000000
0.080808080808, 0.080808080808, 1.10681102, 1.00000000, 1.00000000, 1.00000000
0.080808080808, 0.090909090909, 1.11676943, 1.00000000, 1.00000000, 1.00000000
0.080808080808, 0.101010101010, 1.12637605, 1.00000000, 1.00000000, 1.00000000
0.080808080808, 0.111111111111, 1.13552839, 1.00000000, 1.00000000, 1.00000000
0.080808080808, 0.121212121212, 1.14415656, 1.00000000, 1.00000000, 1.00000000
0.080808080808, 0.131313131313, 1.15221164, 1.00000000, 1.00000000, 1.00000000
0.080808080808, 0.141414141414, 1.15965604, 1.00000000, 1.00000000, 1.00000000
0.080808080808, 0.151515151515, 1.16645812, 1.00000000, 1.00000000, 1.00000000
0.080808080808, 0.161616161616, 1.17258997, 1.00000000, 1.00000000, 1.00000000
0.080808080808, 0.171717171717, 1.17802664, 1.00000000, 1.00000000, 1.00000000
0.080808080808, 0.181818181818, 1.18274610, 1.00000000, 1.00000000, 1.00000000
0.080808080808, 0.191919191919, 1.18672921, 1.00000000, 1.00000000, 1.00000000
0.080808080808, 0.202020202020, 1.18995978, 1.00000000, 1.00000000, 1.00000000
0.080808080808, 0.212121212121, 1.19242472, 1.00000000, 1.00000000, 1.00000000
0.080808080808, 0.222222222222, 1.19411396, 1.00000000, 1.00000000, 1.00000000
0.080808080808, 0.232323232323, 1.19502061, 1.00000000, 1.00000000, 1.00000000
0.080808080808, 0.242424242424, 1.19514093, 1.00000000, 1.00000000, 1.00000000
0.080808080808, 0.252525252525, 1.19447447, 1.00000000, 1.00000000, 1.00000000
0.080808080808, 0.262626262626, 1.19302398, 1.00000000, 1.00000000, 1.00000000
0.080808080808, 0.272727272727, 1.19079536, 1.00000000, 1.00000000, 1.00000000
0.080808080808, 0.282828282828, 1.18779765, 1.00000000, 1.00000000, 1.00000000
0.080808080808, 0.292929292929, 1.18404301, 1.00000000, 1.00000000, 1.00000000
0.080808080808, 0.303030303030, 1.17954666, 1.00000000, 1.00000000, 1.00000000
0.080808080808, 0.313131313131, 1.17432680, 1.00000000, 1.00000000, 1.00000000
0.080808080808, 0.323232323232, 1.16840457, 1.00000000, 1.00000000, 1.00000000
0.080808080808, 0.333333333333, 1.16180396, 1.00000000, 1.00000000, 1.00000000
0.080808080808, 0.343434343434, 1.15455169, 1.00000000, 1.00000000, 1.00000000
0.080808080808, 0.353535353535, 1.14667714, 1.00000000, 1.00000000, 1.00000000
0.080808080808, 0.363636363636, 1.13821218, 1.00000000, 1.00000000, 1.00000000
0.080808080808, 0.373737373737, 1.12919108, 1.00000000, 1.00000000, 1.00000000
0.080808080808, 0.383838383838, 1.11965035, 1.00000000, 1.00000000, 1.00000000
0.080808080808, 0.393939393939, 1.10962861, 1.00000000, 1.00000000, 1.00000000
0.080808080808, 0.404040404040, 1.09916641, 1.00000000, 1.00000000, 1.00000000
0.080808080808, 0.414141414141, 1.08830606, 1.00000000, 1.00000000, 1.00000000
0.080808080808, 0.424242424242, 1.07709150, 1.00000000, 1.00000000, 1.00000000
0.080808080808, 0.434343434343, 1.06556806, 1.00000000, 1.00000000, 1.00000000
0.080808080808, 0.444444444444, 1.05378232, 1.00000000, 1.00000000, 1.00000000
0.080808080808, 0.454545454545, 1.04178191, 1.00000000, 1.00000000, 1.00000000
0.080808080808, 0.464646464646, 1.02961529, 1.00000000, 1.00000000, 1.00000000
0.080808080808, 0.474747474747, 1.01733159, 1.00000000, 1.00000000, 1.00000000
0.080808080808, 0.484848484848, 1.00498039, 1.00000000, 1.00000000, 1.00000000
0.080808080808, 0.494949494949, 0.99261150, 1.00000000, 1.00000000, 1.00000000
0.080808080808, 0.505050505051, 0.98027479, 1.00000000, 1.00000000, 1.00000000
0.080808080808, 0.515151515152, 0.96801998, 1.00000000, 1.00000000, 1.00000000
0.080808080808, 0.525252525253, 0.95589641, 1.00000000, 1.00000000, 1.00000000
0.080808080808, 0.535353535354, 0.94395287, 1.00000000, 1.00000000, 1.00000000
0.080808080808, 0.545454545455, 0.93223741, 1.00000000, 1.00000000, 1.00000000
0.080808080808, 0.555555555556, 0.92079710, 1.00000000, 1.00000000, 1.00000000
0.080808080808, 0.565656565657, 0.90967788, 1.00000000, 1.00000000, 1.00000000
0.080808080808, 0.575757575758, 0.89892438, 1.00000000, 1.00000000, 1.00000000
0.080808080808, 0.585858585859, 0.88857971, 1.00000000, 1.00000000, 1.00000000
0.080808080808, 0.595959595960, 0.87868532, 1.00000000, 1.00000000, 1.00000000
0.080808080808, 0.606060606061, 0.86928082, 1.00000000, 1.00000000, 1.00000000
0.080808080808, 0.616161616162, 0.86040381, 1.00000000, 1.00000000, 1.00000000
0.080808080808, 0.626262626263, 0.85208978, 1.00000000, 1.00000000, 1.00000000
0.080808080808, 0.636363636364, 0.84437192, 1.00000000, 1.00000000, 1.00000000
0.080808080808, 0.646464646465, 0.83728104, 1.00000000, 1.00000000, 1.00000000
0.080808080808, 0.656565656566, 0.83084539, 1.00000000, 1.00000000, 1.00000000
0.080808080808, 0.666666666667, 0.82509062, 1.00000000, 1.00000000, 1.00000000
0.080808080808, 0.676767676768, 0.82003966, 1.00000000, 1.00000000, 1.00000000
0.080808080808, 0.686868686869, 0.81571261, 1.00000000, 1.00000000, 1.00000000
0.080808080808, 0.696969696970, 0.81212671, 1.00000000, 1.00000000, 1.00000000
0.080808080808, 0.707070707071, 0.80929623, 1.00000000, 1.00000000, 1.00000000
0.080808080808, 0.717171717172, 0.80723248, 1.00000000, 1.00000000, 1.00000000
0.080808080808, 0.727272727273, 0.80594371, 1.00000000, 1.00000000, 1.00000000
0.080808080808, 0.737373737374, 0.80543515, 1.00000000, 1.00000000, 1.00000000
0.080808080808, 0.747474747475, 0.80570880, 1.00000000, 1.00000000, 1.00000000
0.080808080808, 0.757575757576, 0.80676345, 1.00000000, 1.00000000, 1.00000000
0.080808080808, 0.767676767677, 0.80859483, 1.00000000, 1.00000000, 1.00000000
0.080808080808, 0.777777777778, 0.81119558, 1.00000000, 1.00000000, 1.00000000
0.080808080808, 0.787878787879, 0.81455533, 1.00000000, 1.00000000, 1.00000000
0.080808080808, 0.797979797980, 0.81866068, 1.00000000, 1.00000000, 1.00000000
0.080808080808, 0.808080808081, 0.82349529, 1.00000000, 1.00000000, 1.00000000
0.080808080808, 0.818181818182, 0.82903988, 1.00000000, 1.00000000, 1.00000000
0.080808080808, 0.828282828283, 0.83527238, 1.00000000, 1.00000000, 1.00000000
0.080808080808, 0.838383838384, 0.84216796, 1.00000000, 1.00000000, 1.00000000
0.080808080808, 0.848484848485, 0.84969910, 1.00000000, 1.00000000, 1.00000000
0.080808080808, 0.858585858586, 0.85783577, 1.00000000, 1.00000000, 1.00000000
0.080808080808, 0.868686868687, 0.86654549, 1.00000000, 1.00000000, 1.00000000
0.080808080808, 0.878787878788, 0.87579344, 1.00000000, 1.00000000, 1.00000000
0.080808080808, 0.888888888889, 0.88554267, 1.00000000, 1.00000000, 1.00000000
0.080808080808, 0.898989898990, 0.89575414, 1.00000000, 1.00000000, 1.00000000
0.080808080808, 0.909090909091, 0.90638699, 1.00000000, 1.00000000, 1.00000000
0.080808080808, 0.919191919192, 0.91739856, 1.00000000, 1.00000000, 1.00000000
0.080808080808, 0.929292929293, 0.92874460, 1.00000000, 1.00000000, 1.00000000
0.080808080808, 0.939393939394, 0.94037914, 1.00000000, 1.00000000, 1.00000000
0.080808080808, 0.949494949495, 0.95225381, 1.00000000, 1.00000000, 1.00000000
0.080808080808, 0.959595959596, 0.96431558, 1.00000000, 1.00000000, 1.00000000
0.090909090909, -0.000000000000, 1.03642064, 1.00000000, 1.00000000, 1.00000000
0.090909090909, 0.010101010101, 1.04737328, 1.00000000, 1.00000000, 1.00000000
0.090909090909, 0.020202020202, 1.05778847, 1.00000000, 1.00000000, 1.00000000
0.090909090909, 0.030303030303, 1.06778551, 1.00000000, 1.00000000, 1.00000000
0.090909090909, 0.040404040404, 1.07756840, 1.00000000, 1.00000000, 1.00000000
0.090909090909, 0.050505050505, 1.08732865, 1.00000000, 1.00000000, 1.00000000
0.090909090909, 0.060606060606, 1.09715628, 1.00000000, 1.00000000, 1.00000000
0.090909090909, 0.070707070707, 1.10701287, 1.00000000, 1.00000000, 1.00000000
0.090909090909, 0.080808080808, 1.11676943, 1.00000000, 1.00000000, 1.00000000
0.090909090909, 0.090909090909, 1.12626956, 1.00000000, 1.00000000, 1.00000000
0.090909090909, 0.101010101010, 1.13537692, 1.00000000, 1.00000000, 1.00000000
0.090909090909, 0.111111111111, 1.14399216, 1.00000000, 1.00000000, 1.00000000
0.090909090909, 0.121212121212, 1.15204831, 1.00000000, 1.00000000, 1.00000000
0.090909090909, 0.131313131313, 1.15949910, 1.00000000, 1.00000000, 1.00000000
0.090909090909, 0.141414141414, 1.16630955, 1.00000000, 1.00000000, 1.00000000
0.090909090909, 0.151515151515, 1.17245061, 1.00000000, 1.00000000, 1.00000000
0.090909090909, 0.161616161616, 1.17789706, 1.00000000, 1.00000000, 1.00000000
0.090909090909, 0.171717171717, 1.18262675, 1.00000000, 1.00000000, 1.00000000
0.090909090909, 0.181818181818, 1.18662049, 1.00000000, 1.00000000, 1.00000000
0.090909090909, 0.191919191919, 1.18986208, 1.00000000, 1.00000000, 1.00000000
0.090909090909, 0.202020202020, 1.19233835, 1.00000000, 1.00000000, 1.00000000
0.090909090909, 0.212121212121, 1.19403924, 1.00000000, 1.00000000, 1.00000000
0.090909090909, 0.222222222222, 1.19495779, 1.00000000, 1.00000000, 1.00000000
0.090909090909, 0.232323232323, 1.19509023, 1.00000000, 1.00000000, 1.00000000
0.090909090909, 0.242424242424, 1.19443608, 1.00000000, 1.00000000, 1.00000000
0.090909090909, 0.252525252525, 1.19299805, 1.00000000, 1.00000000, 1.00000000
0.090909090909, 0.262626262626, 1.19078199, 1.00000000, 1.00000000, 1.00000000
0.090909090909, 0.272727272727, 1.18779692, 1.00000000, 1.00000000, 1.00000000
0.090909090909, 0.282828282828, 1.18405495, 1.00000000, 1.00000000, 1.00000000
0.090909090909, 0.292929292929, 1.17957126, 1.00000000, 1.00000000, 1.00000000
0.090909090909, 0.303030303030, 1.17436402, 1.00000000, 1.00000000, 1.00000000
0.090909090909, 0.313131313131, 1.16845432, 1.00000000, 1.00000000, 1.00000000
0.090909090909, 0.323232323232, 1.16186611, 1.00000000, 1.00000000, 1.00000000
0.090909090909, 0.333333333333, 1.15462609, 1.00000000, 1.00000000, 1.00000000
0.090909090909, 0.343434343434, 1.14676356, 1.00000000, 1.00000000, 1.00000000
0.090909090909, 0.353535353535, 1.13831038, 1.00000000, 1.00000000, 1.00000000
0.090909090909, 0.363636363636, 1.12930077, 1.00000000, 1.00000000, 1.00000000
0.090909090909, 0.373737373737, 1.11977120, 1.00000000, 1.00000000, 1.00000000
0.090909090909, 0.383838383838, 1.10976024, 1.00000000, 1.00000000, 1.00000000
0.090909090909, 0.393939393939, 1.09930840, 1.00000000, 1.00000000, 1.00000000
0.090909090909, 0.404040404040, 1.08845797, 1.00000000, 1.00000000, 1.00000000
0.090909090909, 0.414141414141, 1.07725282, 1.00000000, 1.00000000, 1.00000000
0.090909090909, 0.424242424242, 1.06573826, 1.00000000, 1.00000000, 1.00000000
0.090909090909, 0.434343434343, 1.05396083, 1.00000000, 1.00000000, 1.00000000
0.090909090909, 0.444444444444, 1.04196811, 1.00000000, 1.00000000, 1.00000000
0.090909090909, 0.454545454545, 1.02980853, 1.00000000, 1.00000000, 1.00000000
0.090909090909, 0.464646464646, 1.01753119, 1.00000000, 1.00000000, 1.00000000
0.090909090909, 0.474747474747, 1.00518561, 1.00000000, 1.00000000, 1.00000000
0.090909090909, 0.484848484848, 0.99282160, 1.00000000, 1.00000000, 1.00000000
0.090909090909, 0.494949494949, 0.98048897, 1.00000000, 1.00000000, 1.00000000
0.090909090909, 0.505050505051, 0.96823742, 1.00000000, 1.00000000, 1.00000000
0.090909090909, 0.515151515152, 0.95611627, 1.00000000, 1.00000000, 1.00000000
0.090909090909, 0.525252525253, 0.94417428, 1.00000000, 1.00000000, 1.00000000
0.090909090909, 0.535353535354, 0.93245947, 1.00000000, 1.00000000, 1.00000000
0.090909090909, 0.545454545455, 0.92101890, 1.00000000, 1.00000000, 1.00000000
0.090909090909, 0.555555555556, 0.90989850, 1.00000000, 1.00000000, 1.00000000
0.090909090909, 0.565656565657, 0.89914287, 1.00000000, 1.00000000, 1.00000000
0.090909090909, 0.575757575758, 0.88879514, 1.00000000, 1.00000000, 1.00000000
0.090909090909, 0.585858585859, 0.87889675, 1.00000000, 1.00000000, 1.00000000
0.090909090909, 0.595959595960, 0.86948729, 1.00000000, 1.00000000, 1.00000000
0.090909090909, 0.606060606061, 0.86060441, 1.00000000, 1.00000000, 1.00000000
0.090909090909, 0.616161616162, 0.85228358, 1.00000000, 1.00000000, 1.00000000
0.090909090909, 0.626262626263, 0.84455804, 1.00000000, 1.00000000, 1.00000000
0.090909090909, 0.636363636364, 0.83745859, 1.00000000, 1.00000000, 1.00000000
0.090909090909, 0.646464646465, 0.83101355, 1.00000000, 1.00000000, 1.00000000
0.090909090909, 0.656565656566, 0.82524859, 1.00000000, 1.00000000, 1.00000000
0.090909090909, 0.666666666667, 0.82018668, 1.00000000, 1.00000000, 1.00000000
0.090909090909, 0.676767676768, 0.81584798, 1.00000000, 1.00000000, 1.00000000
0.090909090909, 0.686868686869, 0.81224978, 1.00000000, 1.00000000, 1.00000000
0.090909090909, 0.696969696970, 0.80940641, 1.00000000, 1.00000000, 1.00000000
0.090909090909, 0.707070707071, 0.80732925, 1.00000000, 1.00000000, 1.00000000
0.090909090909, 0.717171717172, 0.80602662, 1.00000000, 1.00000000, 1.00000000
0.090909090909, 0.727272727273, 0.80550382, 1.00000000, 1.00000000, 1.00000000
0.090909090909, 0.737373737374, 0.80576292, 1.00000000, 1.00000000, 1.00000000
0.090909090909, 0.747474747475, 0.80680278, 1.00000000, 1.00000000, 1.00000000
0.090909090909, 0.757575757576, 0.80861922, 1.00000000, 1.00000000, 1.00000000
0.090909090909, 0.767676767677, 0.81120497, 1.00000000, 1.00000000, 1.00000000
0.090909090909, 0.777777777778, 0.81454970, 1.00000000, 1.00000000, 1.00000000
0.090909090909, 0.787878787879, 0.81864011, 1.00000000, 1.00000000, 1.00000000
0.090909090909, 0.797979797980, 0.82345992, 1.00000000, 1.00000000, 1.00000000
0.090909090909, 0.808080808081, 0.82898995, 1.00000000, 1.00000000, 1.00000000
0.090909090909, 0.818181818182, 0.83520819, 1.00000000, 1.00000000, 1.00000000
0.090909090909, 0.828282828283, 0.84208987, 1.00000000, 1.00000000, 1.00000000
0.090909090909, 0.838383838384, 0.84960755, 1.00000000, 1.00000000, 1.00000000
0.090909090909, 0.848484848485, 0.85773126, 1.00000000, 1.00000000, 1.00000000
0.090909090909, 0.858585858586, 0.86642856, 1.00000000, 1.00000000, 1.00000000
0.090909090909, 0.868686868687, 0.87566472, 1.00000000, 1.00000000, 1.00000000
0.090909090909, 0.878787878788, 0.88540279, 1.00000000, 1.00000000, 1.00000000
0.090909090909, 0.888888888889, 0.89560382, 1.00000000, 1.00000000, 1.00000000
0.090909090909, 0.898989898990, 0.90622695, 1.00000000, 1.00000000, 1.00000000
0.090909090909, 0.909090909091, 0.91722960, 1.00000000, 1.00000000, 1.00000000
0.090909090909, 0.919191919192, 0.92856763, 1.00000000, 1.00000000, 1.00000000
0.090909090909, 0.929292929293, 0.94019541, 1.00000000, 1.00000000, 1.00000000
0.090909090909, 0.939393939394, 0.95206584, 1.00000000, 1.00000000, 1.00000000
0.090909090909, 0.949494949495, 0.96412960, 1.00000000, 1.00000000, 1.00000000
0.090909090909, 0.959595959596, 0.97633307, 1.00000000, 1.00000000, 1.00000000
0.101010101010, -0.000000000000, 1.04843400, 1.00000000, 1.00000000, 1.00000000
0.101010101010, 0.010101010101, 1.05922336, 1.00000000, 1.00000000, 1.00000000
0.101010101010, 0.020202020202, 1.06944075, 1.00000000, 1.00000000, 1.00000000
0.101010101010, 0.030303030303, 1.07920464, 1.00000000, 1.00000000, 1.00000000
0.101010101010, 0.040404040404, 1.08871580, 1.00000000, 1.00000000, 1.00000000
0.101010101010, 0.050505050505, 1.09816137, 1.00000000, 1.00000000, 1.00000000
0.101010101010, 0.060606060606, 1.10762776, 1.00000000, 1.00000000, 1.00000000
0.101010101010, 0.070707070707, 1.11707522, 1.00000000, 1.00000000, 1.00000000
0.101010101010, 0.080808080808, 1.12637605, 1.00000000, 1.00000000, 1.00000000
0.101010101010, 0.090909090909, 1.13537692, 1.00000000, 1.00000000, 1.00000000
0.101010101010, 0.101010101010, 1.14394520, 1.00000000, 1.00000000, 1.00000000
0.101010101010, 0.111111111111, 1.15198513, 1.00000000, 1.00000000, 1.00000000
0.101010101010, 0.121212121212, 1.15943289, 1.00000000, 1.00000000, 1.00000000
0.101010101010, 0.131313131313, 1.16624511, 1.00000000, 1.00000000, 1.00000000
0.101010101010, 0.141414141414, 1.17238952, 1.00000000, 1.00000000, 1.00000000
0.101010101010, 0.151515151515, 1.17783985, 1.00000000, 1.00000000, 1.00000000
0.101010101010, 0.161616161616, 1.18257367, 1.00000000, 1.00000000, 1.00000000
0.101010101010, 0.171717171717, 1.18657172, 1.00000000, 1.00000000, 1.00000000
0.101010101010, 0.181818181818, 1.18981778, 1.00000000, 1.00000000, 1.00000000
0.101010101010, 0.191919191919, 1.19229867, 1.00000000, 1.00000000, 1.00000000
0.101010101010, 0.202020202020, 1.19400429, 1.00000000, 1.00000000, 1.00000000
0.101010101010, 0.212121212121, 1.19492769, 1.00000000, 1.00000000, 1.00000000
0.101010101010, 0.222222222222, 1.19506508, 1.00000000, 1.00000000, 1.00000000
0.101010101010, 0.232323232323, 1.19441596, 1.00000000, 1.00000000, 1.00000000
0.101010101010, 0.242424242424, 1.19298303, 1.00000000, 1.00000000, 1.00000000
0.101010101010, 0.252525252525, 1.19077213, 1.00000000, 1.00000000, 1.00000000
0.101010101010, 0.262626262626, 1.18779227, 1.00000000, 1.00000000, 1.00000000
0.101010101010, 0.272727272727, 1.18405554, 1.00000000, 1.00000000, 1.00000000
0.101010101010, 0.282828282828, 1.17957711, 1.00000000, 1.00000000, 1.00000000
0.101010101010, 0.292929292929, 1.17437512, 1.00000000, 1.00000000, 1.00000000
0.101010101010, 0.303030303030, 1.16847068, 1.00000000, 1.00000000, 1.00000000
0.101010101010, 0.313131313131, 1.16188769, 1.00000000, 1.00000000, 1.00000000
0.101010101010, 0.323232323232, 1.15465284, 1.00000000, 1.00000000, 1.00000000
0.101010101010, 0.333333333333, 1.14679544, 1.00000000, 1.00000000, 1.00000000
0.101010101010, 0.343434343434, 1.13834731, 1.00000000, 1.00000000, 1.00000000
0.101010101010, 0.353535353535, 1.12934266, 1.00000000, 1.00000000, 1.00000000
0.101010101010, 0.363636363636, 1.11981795, 1.00000000, 1.00000000, 1.00000000
0.101010101010, 0.373737373737, 1.10981173, 1.00000000, 1.00000000, 1.00000000
0.101010101010, 0.383838383838, 1.09936449, 1.00000000, 1.00000000, 1.00000000
0.101010101010, 0.393939393939, 1.08851850, 1.00000000, 1.00000000, 1.00000000
0.101010101010, 0.404040404040, 1.07731762, 1.00000000, 1.00000000, 1.00000000
0.101010101010, 0.414141414141, 1.06580714, 1.00000000, 1.00000000, 1.00000000
0.101010101010, 0.424242424242, 1.05403358, 1.00000000, 1.00000000, 1.00000000
0.101010101010, 0.434343434343, 1.04204450, 1.00000000, 1.00000000, 1.00000000
0.101010101010, 0.444444444444, 1.02988833, 1.00000000, 1.00000000, 1.00000000
0.101010101010, 0.454545454545, 1.01761412, 1.00000000, 1.00000000, 1.00000000
0.101010101010, 0.464646464646, 1.00527141, 1.00000000, 1.00000000, 1.00000000
0.101010101010, 0.474747474747, 0.99290996, 1.00000000, 1.00000000, 1.00000000
0.101010101010, 0.484848484848, 0.98057959, 1.00000000, 1.00000000, 1.00000000
0.101010101010, 0.494949494949, 0.96832997, 1.00000000, 1.00000000, 1.00000000
0.101010101010, 0.505050505051, 0.95621039, 1.00000000, 1.00000000, 1.00000000
0.101010101010, 0.515151515152, 0.94426962, 1.00000000, 1.00000000, 1.00000000
0.101010101010, 0.525252525253, 0.93255565, 1.00000000, 1.00000000, 1.00000000
0.101010101010, 0.535353535354, 0.92111554, 1.00000000, 1.00000000, 1.00000000
0.101010101010, 0.545454545455, 0.90999519, 1.00000000, 1.00000000, 1.00000000
0.101010101010, 0.555555555556, 0.89923921, 1.00000000, 1.00000000, 1.00000000
0.101010101010, 0.565656565657, 0.88889071, 1.00000000, 1.00000000, 1.00000000
0.101010101010, 0.575757575758, 0.87899111, 1.00000000, 1.00000000, 1.00000000
0.101010101010, 0.585858585859, 0.86958003, 1.00000000, 1.00000000, 1.00000000
0.101010101010, 0.595959595960, 0.86069509, 1.00000000, 1.00000000, 1.00000000
0.101010101010, 0.606060606061, 0.85237178, 1.00000000, 1.00000000, 1.00000000
0.101010101010, 0.616161616162, 0.84464332, 1.00000000, 1.00000000, 1.00000000
0.101010101010, 0.626262626263, 0.83754055, 1.00000000, 1.00000000, 1.00000000
0.101010101010, 0.636363636364, 0.83109177, 1.00000000, 1.00000000, 1.00000000
0.101010101010, 0.646464646465, 0.82532269, 1.00000000, 1.00000000, 1.00000000
0.101010101010, 0.656565656566, 0.82025628, 1.00000000, 1.00000000, 1.00000000
0.101010101010, 0.666666666667, 0.81591272, 1.00000000, 1.00000000, 1.00000000
0.101010101010, 0.676767676768, 0.81230933, 1.00000000, 1.00000000, 1.00000000
0.101010101010, 0.686868686869, 0.80946047, 1.00000000, 1.00000000, 1.00000000
0.101010101010, 0.696969696970, 0.80737754, 1.00000000, 1.00000000, 1.00000000
0.101010101010, 0.707070707071, 0.80606890, 1.00000000, 1.00000000, 1.00000000
0.101010101010, 0.717171717172, 0.80553987, 1.00000000, 1.00000000, 1.00000000
0.101010101010, 0.727272727273, 0.80579258, 1.00000000, 1.00000000, 1.00000000
0.101010101010, 0.737373737374, 0.80682592, 1.00000000, 1.00000000, 1.00000000
0.101010101010, 0.747474747475, 0.80863573, 1.00000000, 1.00000000, 1.00000000
0.101010101010, 0.757575757576, 0.81121478, 1.00000000, 1.00000000, 1.00000000
0.101010101010, 0.767676767677, 0.81455280, 1.00000000, 1.00000000, 1.00000000
0.101010101010, 0.777777777778, 0.81863651, 1.00000000, 1.00000000, 1.00000000
0.101010101010, 0.787878787879, 0.82344968, 1.00000000, 1.00000000, 1.00000000
0.101010101010, 0.797979797980, 0.82897315, 1.00000000, 1.00000000, 1.00000000
0.101010101010, 0.808080808081, 0.83518495, 1.00000000, 1.00000000, 1.00000000
0.101010101010, 0.818181818182, 0.84206035, 1.00000000, 1.00000000, 1.00000000
0.101010101010, 0.828282828283, 0.84957194, 1.00000000, 1.00000000, 1.00000000
0.101010101010, 0.838383838384, 0.85768979, 1.00000000, 1.00000000, 1.00000000
0.101010101010, 0.848484848485, 0.86638148, 1.00000000, 1.00000000, 1.00000000
0.101010101010, 0.858585858586, 0.87561229, 1.00000000, 1.00000000, 1.00000000
0.101010101010, 0.868686868687, 0.88534533, 1.00000000, 1.00000000, 1.00000000
0.101010101010, 0.878787878788, 0.89554164, 1.00000000, 1.00000000, 1.00000000
0.101010101010, 0.888888888889, 0.90616038, 1.00000000, 1.00000000, 1.00000000
0.101010101010, 0.898989898990, 0.91715900, 1.00000000, 1.00000000, 1.00000000
0.101010101010, 0.909090909091, 0.92849337, 1.00000000, 1.00000000, 1.00000000
0.101010101010, 0.919191919192, 0.94011797, 1.00000000, 1.00000000, 1.00000000
0.101010101010, 0.929292929293, 0.95198600, 1.00000000, 1.00000000, 1.00000000
0.101010101010, 0.939393939394, 0.96404936, 1.00000000, 1.00000000, 1.00000000
0.101010101010, 0.949494949495, 0.97625801, 1.00000000, 1.00000000, 1.00000000
0.101010101010, 0.959595959596, 0.98855790, 1.00000000, 1.00000000, 1.00000000
0.111111111111, -0.000000000000, 1.06031109, 1.00000000, 1.00000000, 1.00000000
0.111111111111, 0.010101010101, 1.07089383, 1.00000000, 1.00000000, 1.00000000
0.111111111111, 0.020202020202, 1.08087230, 1.00000000, 1.00000000, 1.00000000
0.111111111111, 0.030303030303, 1.09036365, 1.00000000, 1.00000000, 1.00000000
0.111111111111, 0.040404040404, 1.09956453, 1.00000000, 1.00000000, 1.00000000
0.111111111111, 0.050505050505, 1.10865685, 1.00000000, 1.00000000, 1.00000000
0.111111111111, 0.060606060606, 1.11772301, 1.00000000, 1.00000000, 1.00000000
0.111111111111, 0.070707070707, 1.12672215, 1.00000000, 1.00000000, 1.00000000
0.111111111111, 0.080808080808, 1.13552839, 1.00000000, 1.00000000, 1.00000000
0.111111111111, 0.090909090909, 1.14399216, 1.00000000, 1.00000000, 1.00000000
0.111111111111, 0.101010101010, 1.15198513, 1.00000000, 1.00000000, 1.00000000
0.111111111111, 0.111111111111, 1.15941549, 1.00000000, 1.00000000, 1.00000000
0.111111111111, 0.121212121212, 1.16622284, 1.00000000, 1.00000000, 1.00000000
0.111111111111, 0.131313131313, 1.17236687, 1.00000000, 1.00000000, 1.00000000
0.111111111111, 0.141414141414, 1.17781819, 1.00000000, 1.00000000, 1.00000000
0.111111111111, 0.151515151515, 1.18255339, 1.00000000, 1.00000000, 1.00000000
0.111111111111, 0.161616161616, 1.18655294, 1.00000000, 1.00000000, 1.00000000
0.111111111111, 0.171717171717, 1.18980057, 1.00000000, 1.00000000, 1.00000000
0.111111111111, 0.181818181818, 1.19228308, 1.00000000, 1.00000000, 1.00000000
0.111111111111, 0.191919191919, 1.19399037, 1.00000000, 1.00000000, 1.00000000
0.111111111111, 0.202020202020, 1.19491548, 1.00000000, 1.00000000, 1.00000000
0.111111111111, 0.212121212121, 1.19505461, 1.00000000, 1.00000000, 1.00000000
0.111111111111, 0.222222222222, 1.19440727, 1.00000000, 1.00000000, 1.00000000
0.111111111111, 0.232323232323, 1.19297614, 1.00000000, 1.00000000, 1.00000000
0.111111111111, 0.242424242424, 1.19076708, 1.00000000, 1.00000000, 1.00000000
0.111111111111, 0.252525252525, 1.18778907, 1.00000000, 1.00000000, 1.00000000
0.111111111111, 0.262626262626, 1.18405421, 1.00000000, 1.00000000, 1.00000000
0.111111111111, 0.272727272727, 1.17957766, 1.00000000, 1.00000000, 1.00000000
0.111111111111, 0.282828282828, 1.17437756, 1.00000000, 1.00000000, 1.00000000
0.111111111111, 0.292929292929, 1.16847501, 1.00000000, 1.00000000, 1.00000000
0.111111111111, 0.303030303030, 1.16189391, 1.00000000, 1.00000000, 1.00000000
0.111111111111, 0.313131313131, 1.15466096, 1.00000000, 1.00000000, 1.00000000
0.111111111111, 0.323232323232, 1.14680543, 1.00000000, 1.00000000, 1.00000000
0.111111111111, 0.333333333333, 1.13835916, 1.00000000, 1.00000000, 1.00000000
0.111111111111, 0.343434343434, 1.12935636, 1.00000000, 1.00000000, 1.00000000
0.111111111111, 0.353535353535, 1.11983346, 1.00000000, 1.00000000, 1.00000000
0.111111111111, 0.363636363636, 1.10982902, 1.00000000, 1.00000000, 1.00000000
0.111111111111, 0.373737373737, 1.09938353, 1.00000000, 1.00000000, 1.00000000
0.111111111111, 0.383838383838, 1.08853925, 1.00000000, 1.00000000, 1.00000000
0.111111111111, 0.393939393939, 1.07734003, 1.00000000, 1.00000000, 1.00000000
0.111111111111, 0.404040404040, 1.06583115, 1.00000000, 1.00000000, 1.00000000
0.111111111111, 0.414141414141, 1.05405913, 1.00000000, 1.00000000, 1.00000000
0.111111111111, 0.424242424242, 1.04207153, 1.00000000, 1.00000000, 1.00000000
0.111111111111, 0.434343434343, 1.02991675, 1.00000000, 1.00000000, 1.00000000
0.111111111111, 0.444444444444, 1.01764386, 1.00000000, 1.00000000, 1.00000000
0.111111111111, 0.454545454545, 1.00530238, 1.00000000, 1.00000000, 1.00000000
0.111111111111, 0.464646464646, 0.99294205, 1.00000000, 1.00000000, 1.00000000
0.111111111111, 0.474747474747, 0.98061271, 1.00000000, 1.00000000, 1.00000000
0.111111111111, 0.484848484848, 0.96836399, 1.00000000, 1.00000000, 1.00000000
0.111111111111, 0.494949494949, 0.95624521, 1.00000000, 1.00000000, 1.00000000
0.111111111111, 0.505050505051, 0.94430510, 1.00000000, 1.00000000, 1.00000000
0.111111111111, 0.515151515152, 0.93259167, 1.00000000, 1.00000000, 1.00000000
0.111111111111, 0.525252525253, 0.92115194, 1.00000000, 1.00000000, 1.00000000
0.111111111111, 0.535353535354, 0.91003184, 1.00000000, 1.00000000, 1.00000000
0.111111111111, 0.545454545455, 0.89927595, 1.00000000, 1.00000000, 1.00000000
0.111111111111, 0.555555555556, 0.88892737, 1.00000000, 1.00000000, 1.00000000
0.111111111111, 0.565656565657, 0.87902754, 1.00000000, 1.00000000, 1.00000000
0.111111111111, 0.575757575758, 0.86961606, 1.00000000, 1.00000000, 1.00000000
0.111111111111, 0.585858585859, 0.86073055, 1.00000000, 1.00000000, 1.00000000
0.111111111111, 0.595959595960, 0.85240650, 1.00000000, 1.00000000, 1.00000000
0.111111111111, 0.606060606061, 0.84467713, 1.00000000, 1.00000000, 1.00000000
0.111111111111, 0.616161616162, 0.83757326, 1.00000000, 1.00000000, 1.00000000
0.111111111111, 0.626262626263, 0.83112323, 1.00000000, 1.00000000, 1.00000000
0.111111111111, 0.636363636364, 0.82535273, 1.00000000, 1.00000000, 1.00000000
0.111111111111, 0.646464646465, 0.82028473, 1.00000000, 1.00000000, 1.00000000
0.111111111111, 0.656565656566, 0.81593944, 1.00000000, 1.00000000, 1.00000000
0.111111111111, 0.666666666667, 0.81233416, 1.00000000, 1.00000000, 1.00000000
0.111111111111, 0.676767676768, 0.80948329, 1.00000000, 1.00000000, 1.00000000
0.111111111111, 0.686868686869, 0.80739821, 1.00000000, 1.00000000, 1.00000000
0.111111111111, 0.696969696970, 0.80608732, 1.00000000, 1.00000000, 1.00000000
0.111111111111, 0.707070707071, 0.80555594, 1.00000000, 1.00000000, 1.00000000
0.111111111111, 0.717171717172, 0.80580621, 1.00000000, 1.00000000, 1.00000000
0.111111111111, 0.727272727273, 0.80683705, 1.00000000, 1.00000000, 1.00000000
0.111111111111, 0.737373737374, 0.80864431, 1.00000000, 1.00000000, 1.00000000
0.111111111111, 0.747474747475, 0.81122077, 1.00000000, 1.00000000, 1.00000000
0.111111111111, 0.757575757576, 0.81455618, 1.00000000, 1.00000000, 1.00000000
0.111111111111, 0.767676767677, 0.81863727, 1.00000000, 1.00000000, 1.00000000
0.111111111111, 0.777777777778, 0.82344783, 1.00000000, 1.00000000, 1.00000000
0.111111111111, 0.787878787879, 0.82896873, 1.00000000, 1.00000000, 1.00000000
0.111111111111, 0.797979797980, 0.83517800, 1.00000000, 1.00000000, 1.00000000
0.111111111111, 0.808080808081, 0.84205093, 1.00000000, 1.00000000, 1.00000000
0.111111111111, 0.818181818182, 0.84956013, 1.00000000, 1.00000000, 1.00000000
0.111111111111, 0.828282828283, 0.85767566, 1.00000000, 1.00000000, 1.00000000
0.111111111111, 0.838383838384, 0.86636514, 1.00000000, 1.00000000, 1.00000000
0.111111111111, 0.848484848485, 0.87559385, 1.00000000, 1.00000000, 1.00000000
0.111111111111, 0.858585858586, 0.88532491, 1.00000000, 1.00000000, 1.00000000
0.111111111111, 0.868686868687, 0.89551936, 1.00000000, 1.00000000, 1.00000000
0.111111111111, 0.878787878788, 0.90613638, 1.00000000, 1.00000000, 1.00000000
0.111111111111, 0.888888888889, 0.91713342, 1.00000000, 1.00000000, 1.00000000
0.111111111111, 0.898989898990, 0.92846635, 1.00000000, 1.00000000, 1.00000000
0.111111111111, 0.909090909091, 0.94008968, 1.00000000, 1.00000000, 1.00000000
0.111111111111, 0.919191919192, 0.95195667, 1.00000000, 1.00000000, 1.00000000
0.111111111111, 0.929292929293, 0.96401954, 1.00000000, 1.00000000, 1.00000000
0.111111111111, 0.939393939394, 0.97622937, 1.00000000, 1.00000000, 1.00000000
0.111111111111, 0.949494949495, 0.98853559, 1.00000000, 1.00000000, 1.00000000
0.111111111111, 0.959595959596, 1.00088394, 1.00000000, 1.00000000, 1.00000000
0.121212121212, -0.000000000000, 1.07196953, 1.00000000, 1.00000000, 1.00000000
0.121212121212, 0.010101010101, 1.08230291, 1.00000000, 1.00000000, 1.00000000
0.121212121212, 0.020202020202, 1.09200223, 1.00000000, 1.00000000, 1.00000000
0.121212121212, 0.030303030303, 1.10118278, 1.00000000, 1.00000000, 1.00000000
0.121212121212, 0.040404040404, 1.11003622, 1.00000000, 1.00000000, 1.00000000
0.121212121212, 0.050505050505, 1.11873838, 1.00000000, 1.00000000, 1.00000000
0.121212121212, 0.060606060606, 1.12736730, 1.00000000, 1.00000000, 1.00000000
0.121212121212, 0.070707070707, 1.13588116, 1.00000000, 1.00000000, 1.00000000
0.121212121212, 0.080808080808, 1.14415656, 1.00000000, 1.00000000, 1.00000000
0.121212121212, 0.090909090909, 1.15204831, 1.00000000, 1.00000000, 1.00000000
0.121212121212, 0.101010101010, 1.15943289, 1.00000000, 1.00000000, 1.00000000
0.121212121212, 0.111111111111, 1.16622284, 1.00000000, 1.00000000, 1.00000000
0.121212121212, 0.121212121212, 1.17236144, 1.00000000, 1.00000000, 1.00000000
0.121212121212, 0.131313131313, 1.17781155, 1.00000000, 1.00000000, 1.00000000
0.121212121212, 0.141414141414, 1.18254681, 1.00000000, 1.00000000, 1.00000000
0.121212121212, 0.151515151515, 1.18654675, 1.00000000, 1.00000000, 1.00000000
0.121212121212, 0.161616161616, 1.18979485, 1.00000000, 1.00000000, 1.00000000
0.121212121212, 0.171717171717, 1.19227785, 1.00000000, 1.00000000, 1.00000000
0.121212121212, 0.181818181818, 1.19398564, 1.00000000, 1.00000000, 1.00000000
0.121212121212, 0.191919191919, 1.19491127, 1.00000000, 1.00000000, 1.00000000
0.121212121212, 0.202020202020, 1.19505094, 1.00000000, 1.00000000, 1.00000000
0.121212121212, 0.212121212121, 1.19440414, 1.00000000, 1.00000000, 1.00000000
0.121212121212, 0.222222222222, 1.19297356, 1.00000000, 1.00000000, 1.00000000
0.121212121212, 0.232323232323, 1.19076506, 1.00000000, 1.00000000, 1.00000000
0.121212121212, 0.242424242424, 1.18778761, 1.00000000, 1.00000000, 1.00000000
0.121212121212, 0.252525252525, 1.18405333, 1.00000000, 1.00000000, 1.00000000
0.121212121212, 0.262626262626, 1.17957735, 1.00000000, 1.00000000, 1.00000000
0.121212121212, 0.272727272727, 1.17437784, 1.00000000, 1.00000000, 1.00000000
0.121212121212, 0.282828282828, 1.16847587, 1.00000000, 1.00000000, 1.00000000
0.121212121212, 0.292929292929, 1.16189537, 1.00000000, 1.00000000, 1.00000000
0.121212121212, 0.303030303030, 1.15466300, 1.00000000, 1.00000000, 1.00000000
0.121212121212, 0.313131313131, 1.14680807, 1.00000000, 1.00000000, 1.00000000
0.121212121212, 0.323232323232, 1.13836239, 1.00000000, 1.00000000, 1.00000000
0.121212121212, 0.333333333333, 1.12936017, 1.00000000, 1.00000000, 1.00000000
0.121212121212, 0.343434343434, 1.11983786, 1.00000000, 1.00000000, 1.00000000
0.121212121212, 0.353535353535, 1.10983400, 1.00000000, 1.00000000, 1.00000000
0.121212121212, 0.363636363636, 1.09938908, 1.00000000, 1.00000000, 1.00000000
0.121212121212, 0.373737373737, 1.08854535, 1.00000000, 1.00000000, 1.00000000
0.121212121212, 0.383838383838, 1.07734668, 1.00000000, 1.00000000, 1.00000000
0.121212121212, 0.393939393939, 1.06583834, 1.00000000, 1.00000000, 1.00000000
0.121212121212, 0.404040404040, 1.05406685, 1.00000000, 1.00000000, 1.00000000
0.121212121212, 0.414141414141, 1.04207975, 1.00000000, 1.00000000, 1.00000000
0.121212121212, 0.424242424242, 1.02992546, 1.00000000, 1.00000000, 1.00000000
0.121212121212, 0.434343434343, 1.01765304, 1.00000000, 1.00000000, 1.00000000
0.121212121212, 0.444444444444, 1.00531199, 1.00000000, 1.00000000, 1.00000000
0.121212121212, 0.454545454545, 0.99295209, 1.00000000, 1.00000000, 1.00000000
0.121212121212, 0.464646464646, 0.98062313, 1.00000000, 1.00000000, 1.00000000
0.121212121212, 0.474747474747, 0.96837477, 1.00000000, 1.00000000, 1.00000000
0.121212121212, 0.484848484848, 0.95625631, 1.00000000, 1.00000000, 1.00000000
0.121212121212, 0.494949494949, 0.94431648, 1.00000000, 1.00000000, 1.00000000
0.121212121212, 0.505050505051, 0.93260329, 1.00000000, 1.00000000, 1.00000000
0.121212121212, 0.515151515152, 0.92116376, 1.00000000, 1.00000000, 1.00000000
0.121212121212, 0.525252525253, 0.91004381, 1.00000000, 1.00000000, 1.00000000
0.121212121212, 0.535353535354, 0.89928803, 1.00000000, 1.00000000, 1.00000000
0.121212121212, 0.545454545455, 0.88893950, 1.00000000, 1.00000000, 1.00000000
0.121212121212, 0.555555555556, 0.87903967, 1.00000000, 1.00000000, 1.00000000
0.121212121212, 0.565656565657, 0.86962814, 1.00000000, 1.00000000, 1.00000000
0.121212121212, 0.575757575758, 0.86074251, 1.00000000, 1.00000000, 1.00000000
0.121212121212, 0.585858585859, 0.85241829, 1.00000000, 1.00000000, 1.00000000
0.121212121212, 0.595959595960, 0.84468868, 1.00000000, 1.00000000, 1.00000000
0.121212121212, 0.606060606061, 0.83758453, 1.00000000, 1.00000000, 1.00000000
0.121212121212, 0.616161616162, 0.83113414, 1.00000000, 1.00000000, 1.00000000
0.121212121212, 0.626262626263, 0.82536322, 1.00000000, 1.00000000, 1.00000000
0.121212121212, 0.636363636364, 0.82029476, 1.00000000, 1.00000000, 1.00000000
0.121212121212, 0.646464646465, 0.81594893, 1.00000000, 1.00000000, 1.00000000
0.121212121212, 0.656565656566, 0.81234307, 1.00000000, 1.00000000, 1.00000000
0.121212121212, 0.666666666667, 0.80949156, 1.00000000, 1.00000000, 1.00000000
0.121212121212, 0.676767676768, 0.80740580, 1.00000000, 1.00000000, 1.00000000
0.121212121212, 0.686868686869, 0.80609418, 1.00000000, 1.00000000, 1.00000000
0.121212121212, 0.696969696970, 0.80556204, 1.00000000, 1.00000000, 1.00000000
0.121212121212, 0.707070707071, 0.80581151, 1.00000000, 1.00000000, 1.00000000
0.121212121212, 0.717171717172, 0.80684152, 1.00000000, 1.00000000, 1.00000000
0.121212121212, 0.727272727273, 0.80864792, 1.00000000, 1.00000000, 1.00000000
0.121212121212, 0.737373737374, 0.81122351, 1.00000000, 1.00000000, 1.00000000
0.121212121212, 0.747474747475, 0.81455804, 1.00000000, 1.00000000, 1.00000000
0.121212121212, 0.757575757576, 0.81863825, 1.00000000, 1.00000000, 1.00000000
0.121212121212, 0.767676767677, 0.82344793, 1.00000000, 1.00000000, 1.00000000
0.121212121212, 0.777777777778, 0.82896795, 1.00000000, 1.00000000, 1.00000000
0.121212121212, 0.787878787879, 0.83517636, 1.00000000, 1.00000000, 1.00000000
0.121212121212, 0.797979797980, 0.84204844, 1.00000000, 1.00000000, 1.00000000
0.121212121212, 0.808080808081, 0.84955682, 1.00000000, 1.00000000, 1.00000000
0.121212121212, 0.818181818182, 0.85767157, 1.00000000, 1.00000000, 1.00000000
0.121212121212, 0.828282828283, 0.86636029, 1.00000000, 1.00000000, 1.00000000
0.121212121212, 0.838383838384, 0.87558828, 1.00000000, 1.00000000, 1.00000000
0.121212121212, 0.848484848485, 0.88531865, 1.00000000, 1.00000000, 1.00000000
0.121212121212, 0.858585858586, 0.89551247, 1.00000000, 1.00000000, 1.00000000
0.121212121212, 0.868686868687, 0.90612891, 1.00000000, 1.00000000, 1.00000000
0.121212121212, 0.878787878788, 0.91712540, 1.00000000, 1.00000000, 1.00000000
0.121212121212, 0.888888888889, 0.92845785, 1.00000000, 1.00000000, 1.00000000
0.121212121212, 0.898989898990, 0.94008074, 1.00000000, 1.00000000, 1.00000000
0.121212121212, 0.909090909091, 0.95194736, 1.00000000, 1.00000000, 1.00000000
0.121212121212, 0.919191919192, 0.96401000, 1.00000000, 1.00000000, 1.00000000
0.121212121212, 0.929292929293, 0.97622002, 1.00000000, 1.00000000, 1.00000000
0.121212121212, 0.939393939394, 0.98852793, 1.00000000, 1.00000000, 1.00000000
0.121212121212, 0.949494949495, 1.00088278, 1.00000000, 1.00000000, 1.00000000
0.121212121212, 0.959595959596, 1.01323035, 1.00000000, 1.00000000, 1.00000000
0.131313131313, -0.000000000000, 1.08334710, 1.00000000, 1.00000000, 1.00000000
0.131313131313, 0.010101010101, 1.09338934, 1.00000000, 1.00000000, 1.00000000
0.131313131313, 0.020202020202, 1.10277040, 1.00000000, 1.00000000, 1.00000000
0.131313131313, 0.030303030303, 1.11160324, 1.00000000, 1.00000000, 1.00000000
0.131313131313, 0.040404040404, 1.12007359, 1.00000000, 1.00000000, 1.00000000
0.131313131313, 0.050505050505, 1.12835041, 1.00000000, 1.00000000, 1.00000000
0.131313131313, 0.060606060606, 1.13650702, 1.00000000, 1.00000000, 1.00000000
0.131313131313, 0.070707070707, 1.14450090, 1.00000000, 1.00000000, 1.00000000
0.131313131313, 0.080808080808, 1.15221164, 1.00000000, 1.00000000, 1.00000000
0.131313131313, 0.090909090909, 1.15949910, 1.00000000, 1.00000000, 1.00000000
0.131313131313, 0.101010101010, 1.16624511, 1.00000000, 1.00000000, 1.00000000
0.131313131313, 0.111111111111, 1.17236687, 1.00000000, 1.00000000, 1.00000000
0.131313131313, 0.121212121212, 1.17781155, 1.00000000, 1.00000000, 1.00000000
0.131313131313, 0.131313131313, 1.18254538, 1.00000000, 1.00000000, 1.00000000
0.131313131313, 0.141414141414, 1.18654508, 1.00000000, 1.00000000, 1.00000000
0.131313131313, 0.151515151515, 1.18979323, 1.00000000, 1.00000000, 1.00000000
0.131313131313, 0.161616161616, 1.19227635, 1.00000000, 1.00000000, 1.00000000
0.131313131313, 0.171717171717, 1.19398428, 1.00000000, 1.00000000, 1.00000000
0.131313131313, 0.181818181818, 1.19491004, 1.00000000, 1.00000000, 1.00000000
0.131313131313, 0.191919191919, 1.19504985, 1.00000000, 1.00000000, 1.00000000
0.131313131313, 0.202020202020, 1.19440319, 1.00000000, 1.00000000, 1.00000000
0.131313131313, 0.212121212121, 1.19297275, 1.00000000, 1.00000000, 1.00000000
0.131313131313, 0.222222222222, 1.19076440, 1.00000000, 1.00000000, 1.00000000
0.131313131313, 0.232323232323, 1.18778710, 1.00000000, 1.00000000, 1.00000000
0.131313131313, 0.242424242424, 1.18405297, 1.00000000, 1.00000000, 1.00000000
0.131313131313, 0.252525252525, 1.17957714, 1.00000000, 1.00000000, 1.00000000
0.131313131313, 0.262626262626, 1.17437779, 1.00000000, 1.00000000, 1.00000000
0.131313131313, 0.272727272727, 1.16847597, 1.00000000, 1.00000000, 1.00000000
0.131313131313, 0.282828282828, 1.16189563, 1.00000000, 1.00000000, 1.00000000
0.131313131313, 0.292929292929, 1.15466342, 1.00000000, 1.00000000, 1.00000000
0.131313131313, 0.303030303030, 1.14680865, 1.00000000, 1.00000000, 1.00000000
0.131313131313, 0.313131313131, 1.13836313, 1.00000000, 1.00000000, 1.00000000
0.131313131313, 0.323232323232, 1.12936107, 1.00000000, 1.00000000, 1.00000000
0.131313131313, 0.333333333333, 1.11983892, 1.00000000, 1.00000000, 1.00000000
0.131313131313, 0.343434343434, 1.10983522, 1.00000000, 1.00000000, 1.00000000
0.131313131313, 0.353535353535, 1.09939045, 1.00000000, 1.00000000, 1.00000000
0.131313131313, 0.363636363636, 1.08854689, 1.00000000, 1.00000000, 1.00000000
0.131313131313, 0.373737373737, 1.07734837, 1.00000000, 1.00000000, 1.00000000
0.131313131313, 0.383838383838, 1.06584019, 1.00000000, 1.00000000, 1.00000000
0.131313131313, 0.393939393939, 1.05406884, 1.00000000, 1.00000000, 1.00000000
0.131313131313, 0.404040404040, 1.04208189, 1.00000000, 1.00000000, 1.00000000
0.131313131313, 0.414141414141, 1.02992775, 1.00000000, 1.00000000, 1.00000000
0.131313131313, 0.424242424242, 1.01765547, 1.00000000, 1.00000000, 1.00000000
0.131313131313, 0.434343434343, 1.00531455, 1.00000000, 1.00000000, 1.00000000
0.131313131313, 0.444444444444, 0.99295478, 1.00000000, 1.00000000, 1.00000000
0.131313131313, 0.454545454545, 0.98062594, 1.00000000, 1.00000000, 1.00000000
0.131313131313, 0.464646464646, 0.96837769, 1.00000000, 1.00000000, 1.00000000
0.131313131313, 0.474747474747, 0.95625934, 1.00000000, 1.00000000, 1.00000000
0.131313131313, 0.484848484848, 0.94431961, 1.00000000, 1.00000000, 1.00000000
0.131313131313, 0.494949494949, 0.93260651, 1.00000000, 1.00000000, 1.00000000
0.131313131313, 0.505050505051, 0.92116705, 1.00000000, 1.00000000, 1.00000000
0.131313131313, 0.515151515152, 0.91004717, 1.00000000, 1.00000000, 1.00000000
0.131313131313, 0.525252525253, 0.89929144, 1.00000000, 1.00000000, 1.00000000
0.131313131313, 0.535353535354, 0.88894295, 1.00000000, 1.00000000, 1.00000000
0.131313131313, 0.545454545455, 0.87904314, 1.00000000, 1.00000000, 1.00000000
0.131313131313, 0.555555555556, 0.86963161, 1.00000000, 1.00000000, 1.00000000
0.131313131313, 0.565656565657, 0.86074598, 1.00000000, 1.00000000, 1.00000000
0.131313131313, 0.575757575758, 0.85242173, 1.00000000, 1.00000000, 1.00000000
0.131313131313, 0.585858585859, 0.84469208, 1.00000000, 1.00000000, 1.00000000
0.131313131313, 0.595959595960, 0.83758786, 1.00000000, 1.00000000, 1.00000000
0.131313131313, 0.606060606061, 0.83113739, 1.00000000, 1.00000000, 1.00000000
0.131313131313, 0.616161616162, 0.82536637, 1.00000000, 1.00000000, 1.00000000
0.131313131313, 0.626262626263, 0.82029779, 1.00000000, 1.00000000, 1.00000000
0.131313131313, 0.636363636364, 0.81595183, 1.00000000, 1.00000000, 1.00000000
0.131313131313, 0.646464646465, 0.81234582, 1.00000000, 1.00000000, 1.00000000
0.131313131313, 0.656565656566, 0.80949413, 1.00000000, 1.00000000, 1.00000000
0.131313131313, 0.666666666667, 0.80740819, 1.00000000, 1.00000000, 1.00000000
0.131313131313, 0.676767676768, 0.80609637, 1.00000000, 1.00000000, 1.00000000
0.131313131313, 0.686868686869, 0.80556401, 1.00000000, 1.00000000, 1.00000000
0.131313131313, 0.696969696970, 0.80581325, 1.00000000, 1.00000000, 1.00000000
0.131313131313, 0.707070707071, 0.80684302, 1.00000000, 1.00000000, 1.00000000
0.131313131313, 0.717171717172, 0.80864918, 1.00000000, 1.00000000, 1.00000000
0.131313131313, 0.727272727273, 0.81122452, 1.00000000, 1.00000000, 1.00000000
0.131313131313, 0.737373737374, 0.81455880, 1.00000000, 1.00000000, 1.00000000
0.131313131313, 0.747474747475, 0.81863875, 1.00000000, 1.00000000, 1.00000000
0.131313131313, 0.757575757576, 0.82344817, 1.00000000, 1.00000000, 1.00000000
0.131313131313, 0.767676767677, 0.82896793, 1.00000000, 1.00000000, 1.00000000
0.131313131313, 0.777777777778, 0.83517608, 1.00000000, 1.00000000, 1.00000000
0.131313131313, 0.787878787879, 0.84204792, 1.00000000, 1.00000000, 1.00000000
0.131313131313, 0.797979797980, 0.84955606, 1.00000000, 1.00000000, 1.00000000
0.131313131313, 0.808080808081, 0.85767057, 1.00000000, 1.00000000, 1.00000000
0.131313131313, 0.818181818182, 0.86635906, 1.00000000, 1.00000000, 1.00000000
0.131313131313, 0.828282828283, 0.87558684, 1.00000000, 1.00000000, 1.00000000
0.131313131313, 0.838383838384, 0.88531701, 1.00000000, 1.00000000, 1.00000000
0.131313131313, 0.848484848485, 0.89551064, 1.00000000, 1.00000000, 1.00000000
0.131313131313, 0.858585858586, 0.90612690, 1.00000000, 1.00000000, 1.00000000
0.131313131313, 0.868686868687, 0.91712324, 1.00000000, 1.00000000, 1.00000000
0.131313131313, 0.878787878788, 0.92845554, 1.00000000, 1.00000000, 1.00000000
0.131313131313, 0.888888888889, 0.94007830, 1.00000000, 1.00000000, 1.00000000
0.131313131313, 0.898989898990, 0.95194482, 1.00000000, 1.00000000, 1.00000000
0.131313131313, 0.909090909091, 0.96400737, 1.00000000, 1.00000000, 1.00000000
0.131313131313, 0.919191919192, 0.97621741, 1.00000000, 1.00000000, 1.00000000
0.131313131313, 0.929292929293, 0.98852570, 1.00000000, 1.00000000, 1.00000000
0.131313131313, 0.939393939394, 1.00088231, 1.00000000, 1.00000000, 1.00000000
0.131313131313, 0.949494949495, 1.01323619, 1.00000000, 1.00000000, 1.00000000
0.131313131313, 0.959595959596, 1.02553332, 1.00000000, 1.00000000, 1.00000000
0.141414141414, -0.000000000000, 1.09439225, 1.00000000, 1.00000000, 1.00000000
0.141414141414, 0.010101010101, 1.10410275, 1.00000000, 1.00000000, 1.00000000
0.141414141414, 0.020202020202, 1.11312778, 1.00000000, 1.00000000, 1.00000000
0.141414141414, 0.030303030303, 1.12157742, 1.00000000, 1.00000000, 1.00000000
0.141414141414, 0.040404040404, 1.12963065, 1.00000000, 1.00000000, 1.00000000
0.141414141414, 0.050505050505, 1.13744874, 1.00000000, 1.00000000, 1.00000000
0.141414141414, 0.060606060606, 1.14509998, 1.00000000, 1.00000000, 1.00000000
0.141414141414, 0.070707070707, 1.15254136, 1.00000000, 1.00000000, 1.00000000
0.141414141414, 0.080808080808, 1.15965604, 1.00000000, 1.00000000, 1.00000000
0.141414141414, 0.090909090909, 1.16630955, 1.00000000, 1.00000000, 1.00000000
0.141414141414, 0.101010101010, 1.17238952, 1.00000000, 1.00000000, 1.00000000
0.141414141414, 0.111111111111, 1.17781819, 1.00000000, 1.00000000, 1.00000000
0.141414141414, 0.121212121212, 1.18254681, 1.00000000, 1.00000000, 1.00000000
0.141414141414, 0.131313131313, 1.18654508, 1.00000000, 1.00000000, 1.00000000
0.141414141414, 0.141414141414, 1.18979292, 1.00000000, 1.00000000, 1.00000000
0.141414141414, 0.151515151515, 1.19227599, 1.00000000, 1.00000000, 1.00000000
0.141414141414, 0.161616161616, 1.19398394, 1.00000000, 1.00000000, 1.00000000
0.141414141414, 0.171717171717, 1.19490974, 1.00000000, 1.00000000, 1.00000000
0.141414141414, 0.181818181818, 1.19504957, 1.00000000, 1.00000000, 1.00000000
0.141414141414, 0.191919191919, 1.19440295, 1.00000000, 1.00000000, 1.00000000
0.141414141414, 0.202020202020, 1.19297254, 1.00000000, 1.00000000, 1.00000000
0.141414141414, 0.212121212121, 1.19076422, 1.00000000, 1.00000000, 1.00000000
0.141414141414, 0.222222222222, 1.18778696, 1.00000000, 1.00000000, 1.00000000
0.141414141414, 0.232323232323, 1.18405286, 1.00000000, 1.00000000, 1.00000000
0.141414141414, 0.242424242424, 1.17957707, 1.00000000, 1.00000000, 1.00000000
0.141414141414, 0.252525252525, 1.17437775, 1.00000000, 1.00000000, 1.00000000
0.141414141414, 0.262626262626, 1.16847597, 1.00000000, 1.00000000, 1.00000000
0.141414141414, 0.272727272727, 1.16189566, 1.00000000, 1.00000000, 1.00000000
0.141414141414, 0.282828282828, 1.15466349, 1.00000000, 1.00000000, 1.00000000
0.141414141414, 0.292929292929, 1.14680875, 1.00000000, 1.00000000, 1.00000000
0.141414141414, 0.303030303030, 1.13836327, 1.00000000, 1.00000000, 1.00000000
0.141414141414, 0.313131313131, 1.12936125, 1.00000000, 1.00000000, 1.00000000
0.141414141414, 0.323232323232, 1.11983913, 1.00000000, 1.00000000, 1.00000000
0.141414141414, 0.333333333333, 1.10983547, 1.00000000, 1.00000000, 1.00000000
0.141414141414, 0.343434343434, 1.09939074, 1.00000000, 1.00000000, 1.00000000
0.141414141414, 0.353535353535, 1.08854721, 1.00000000, 1.00000000, 1.00000000
0.141414141414, 0.363636363636, 1.07734874, 1.00000000, 1.00000000, 1.00000000
0.141414141414, 0.373737373737, 1.06584059, 1.00000000, 1.00000000, 1.00000000
0.141414141414, 0.383838383838, 1.05406928, 1.00000000, 1.00000000, 1.00000000
0.141414141414, 0.393939393939, 1.04208237, 1.00000000, 1.00000000, 1.00000000
0.141414141414, 0.404040404040, 1.02992826, 1.00000000, 1.00000000, 1.00000000
0.141414141414, 0.414141414141, 1.01765601, 1.00000000, 1.00000000, 1.00000000
0.141414141414, 0.424242424242, 1.00531514, 1.00000000, 1.00000000, 1.00000000
0.141414141414, 0.434343434343, 0.99295539, 1.00000000, 1.00000000, 1.00000000
0.141414141414, 0.444444444444, 0.98062659, 1.00000000, 1.00000000, 1.00000000
0.141414141414, 0.454545454545, 0.96837837, 1.00000000, 1.00000000, 1.00000000
0.141414141414, 0.464646464646, 0.95626005, 1.00000000, 1.00000000, 1.00000000
0.141414141414, 0.474747474747, 0.94432035, 1.00000000, 1.00000000, 1.00000000
0.141414141414, 0.484848484848, 0.93260727, 1.00000000, 1.00000000, 1.00000000
0.141414141414, 0.494949494949, 0.92116784, 1.00000000, 1.00000000, 1.00000000
0.141414141414, 0.505050505051, 0.91004797, 1.00000000, 1.00000000, 1.00000000
0.141414141414, 0.515151515152, 0.89929226, 1.00000000, 1.00000000, 1.00000000
0.141414141414, 0.525252525253, 0.88894379, 1.00000000, 1.00000000, 1.00000000
0.141414141414, 0.535353535354, 0.87904399, 1.00000000, 1.00000000, 1.00000000
0.141414141414, 0.545454545455, 0.86963247, 1.00000000, 1.00000000, 1.00000000
0.141414141414, 0.555555555556, 0.86074684, 1.00000000, 1.00000000, 1.00000000
0.141414141414, 0.565656565657, 0.85242258, 1.00000000, 1.00000000, 1.00000000
0.141414141414, 0.575757575758, 0.84469293, 1.00000000, 1.00000000, 1.00000000
0.141414141414, 0.585858585859, 0.83758870, 1.00000000, 1.00000000, 1.00000000
0.141414141414, 0.595959595960, 0.83113822, 1.00000000, 1.00000000, 1.00000000
0.141414141414, 0.606060606061, 0.82536718, 1.00000000, 1.00000000, 1.00000000
0.141414141414, 0.616161616162, 0.82029857, 1.00000000, 1.00000000, 1.00000000
0.141414141414, 0.626262626263, 0.81595258, 1.00000000, 1.00000000, 1.00000000
0.141414141414, 0.636363636364, 0.81234654, 1.00000000, 1.00000000, 1.00000000
0.141414141414, 0.646464646465, 0.80949481, 1.00000000, 1.00000000, 1.00000000
0.141414141414, 0.656565656566, 0.80740883, 1.00000000, 1.00000000, 1.00000000
0.141414141414, 0.666666666667, 0.80609696, 1.00000000, 1.00000000, 1.00000000
0.141414141414, 0.676767676768, 0.80556454, 1.00000000, 1.00000000, 1.00000000
0.141414141414, 0.686868686869, 0.80581373, 1.00000000, 1.00000000, 1.00000000
0.141414141414, 0.696969696970, 0.80684345, 1.00000000, 1.00000000, 1.00000000
0.141414141414, 0.707070707071, 0.80864955, 1.00000000, 1.00000000, 1.00000000
0.141414141414, 0.717171717172, 0.81122483, 1.00000000, 1.00000000, 1.00000000
0.141414141414, 0.727272727273, 0.81455904, 1.00000000, 1.00000000, 1.00000000
0.141414141414, 0.737373737374, 0.81863893, 1.00000000, 1.00000000, 1.00000000
0.141414141414, 0.747474747475, 0.82344828, 1.00000000, 1.00000000, 1.00000000
0.141414141414, 0.757575757576, 0.82896798, 1.00000000, 1.00000000, 1.00000000
0.141414141414, 0.767676767677, 0.83517607, 1.00000000, 1.00000000, 1.00000000
0.141414141414, 0.777777777778, 0.84204784, 1.00000000, 1.00000000, 1.00000000
0.141414141414, 0.787878787879, 0.84955592, 1.00000000, 1.00000000, 1.00000000
0.141414141414, 0.797979797980, 0.85767036, 1.00000000, 1.00000000, 1.00000000
0.141414141414, 0.808080808081, 0.86635880, 1.00000000, 1.00000000, 1.00000000
0.141414141414, 0.818181818182, 0.87558653, 1.00000000, 1.00000000, 1.00000000
0.141414141414, 0.828282828283, 0.88531665, 1.00000000, 1.00000000, 1.00000000
0.141414141414, 0.838383838384, 0.89551023, 1.00000000, 1.00000000, 1.00000000
0.141414141414, 0.848484848485, 0.90612645, 1.00000000, 1.00000000, 1.00000000
0.141414141414, 0.858585858586, 0.91712275, 1.00000000, 1.00000000, 1.00000000
0.141414141414, 0.868686868687, 0.92845501, 1.00000000, 1.00000000, 1.00000000
0.141414141414, 0.878787878788, 0.94007774, 1.00000000, 1.00000000, 1.00000000
0.141414141414, 0.888888888889, 0.95194422, 1.00000000, 1.00000000, 1.00000000
0.141414141414, 0.898989898990, 0.96400676, 1.00000000, 1.00000000, 1.00000000
0.141414141414, 0.909090909091, 0.97621679, 1.00000000, 1.00000000, 1.00000000
0.141414141414, 0.919191919192, 0.98852515, 1.00000000, 1.00000000, 1.00000000
0.141414141414, 0.929292929293, 1.00088217, 1.00000000, 1.00000000, 1.00000000
0.141414141414, 0.939393939394, 1.01323774, 1.00000000, 1.00000000, 1.00000000
0.141414141414, 0.949494949495, 1.02554084, 1.00000000, 1.00000000, 1.00000000
0.141414141414, 0.959595959596, 1.03773792, 1.00000000, 1.00000000, 1.00000000
0.151515151515, -0.000000000000, 1.10505861, 1.00000000, 1.00000000, 1.00000000
0.151515151515, 0.010101010101, 1.11439812, 1.00000000, 1.00000000, 1.00000000
0.151515151515, 0.020202020202, 1.12303078, 1.00000000, 1.00000000, 1.00000000
0.151515151515, 0.030303030303, 1.13106333, 1.00000000, 1.00000000, 1.00000000
0.151515151515, 0.040404040404, 1.13866710, 1.00000000, 1.00000000, 1.00000000
0.151515151515, 0.050505050505, 1.14599495, 1.00000000, 1.00000000, 1.00000000
0.151515151515, 0.060606060606, 1.15310982, 1.00000000, 1.00000000, 1.00000000
0.151515151515, 0.070707070707, 1.15996846, 1.00000000, 1.00000000, 1.00000000
0.151515151515, 0.080808080808, 1.16645812, 1.00000000, 1.00000000, 1.00000000
0.151515151515, 0.090909090909, 1.17245061, 1.00000000, 1.00000000, 1.00000000
0.151515151515, 0.101010101010, 1.17783985, 1.00000000, 1.00000000, 1.00000000
0.151515151515, 0.111111111111, 1.18255339, 1.00000000, 1.00000000, 1.00000000
0.151515151515, 0.121212121212, 1.18654675, 1.00000000, 1.00000000, 1.00000000
0.151515151515, 0.131313131313, 1.18979323, 1.00000000, 1.00000000, 1.00000000
0.151515151515, 0.141414141414, 1.19227599, 1.00000000, 1.00000000, 1.00000000
0.151515151515, 0.151515151515, 1.19398388, 1.00000000, 1.00000000, 1.00000000
0.151515151515, 0.161616161616, 1.19490968, 1.00000000, 1.00000000, 1.00000000
0.151515151515, 0.171717171717, 1.19504951, 1.00000000, 1.00000000, 1.00000000
0.151515151515, 0.181818181818, 1.19440289, 1.00000000, 1.00000000, 1.00000000
0.151515151515, 0.191919191919, 1.19297250, 1.00000000, 1.00000000, 1.00000000
0.151515151515, 0.202020202020, 1.19076418, 1.00000000, 1.00000000, 1.00000000
0.151515151515, 0.212121212121, 1.18778693, 1.00000000, 1.00000000, 1.00000000
0.151515151515, 0.222222222222, 1.18405283, 1.00000000, 1.00000000, 1.00000000
0.151515151515, 0.232323232323, 1.17957705, 1.00000000, 1.00000000, 1.00000000
0.151515151515, 0.242424242424, 1.17437773, 1.00000000, 1.00000000, 1.00000000
0.151515151515, 0.252525252525, 1.16847596, 1.00000000, 1.00000000, 1.00000000
0.151515151515, 0.262626262626, 1.16189566, 1.00000000, 1.00000000, 1.00000000
0.151515151515, 0.272727272727, 1.15466350, 1.00000000, 1.00000000, 1.00000000
0.151515151515, 0.282828282828, 1.14680877, 1.00000000, 1.00000000, 1.00000000
0.151515151515, 0.292929292929, 1.13836329, 1.00000000, 1.00000000, 1.00000000
0.151515151515, 0.303030303030, 1.12936127, 1.00000000, 1.00000000, 1.00000000
0.151515151515, 0.313131313131, 1.11983917, 1.00000000, 1.00000000, 1.00000000
0.151515151515, 0.323232323232, 1.10983551, 1.00000000, 1.00000000, 1.00000000
0.151515151515, 0.333333333333, 1.09939079, 1.00000000, 1.00000000, 1.00000000
0.151515151515, 0.343434343434, 1.08854727, 1.00000000, 1.00000000, 1.00000000
0.151515151515, 0.353535353535, 1.07734880, 1.00000000, 1.00000000, 1.00000000
0.151515151515, 0.363636363636, 1.06584066, 1.00000000, 1.00000000, 1.00000000
0.151515151515, 0.373737373737, 1.05406936, 1.00000000, 1.00000000, 1.00000000
0.151515151515, 0.383838383838, 1.04208246, 1.00000000, 1.00000000, 1.00000000
0.151515151515, 0.393939393939, 1.02992836, 1.00000000, 1.00000000, 1.00000000
0.151515151515, 0.404040404040, 1.01765612, 1.00000000, 1.00000000, 1.00000000
0.151515151515, 0.414141414141, 1.00531525, 1.00000000, 1.00000000, 1.00000000
0.151515151515, 0.424242424242, 0.99295551, 1.00000000, 1.00000000, 1.00000000
0.151515151515, 0.434343434343, 0.98062671, 1.00000000, 1.00000000, 1.00000000
0.151515151515, 0.444444444444, 0.96837851, 1.00000000, 1.00000000, 1.00000000
0.151515151515, 0.454545454545, 0.95626019, 1.00000000, 1.00000000, 1.00000000
0.151515151515, 0.464646464646, 0.94432050, 1.00000000, 1.00000000, 1.00000000
0.151515151515, 0.474747474747, 0.93260742, 1.00000000, 1.00000000, 1.00000000
0.151515151515, 0.484848484848, 0.92116800, 1.00000000, 1.00000000, 1.00000000
0.151515151515, 0.494949494949, 0.91004814, 1.00000000, 1.00000000, 1.00000000
0.151515151515, 0.505050505051, 0.89929243, 1.00000000, 1.00000000, 1.00000000
0.151515151515, 0.515151515152, 0.88894396, 1.00000000, 1.00000000, 1.00000000
0.151515151515, 0.525252525253, 0.87904417, 1.00000000, 1.00000000, 1.00000000
0.151515151515, 0.535353535354, 0.86963265, 1.00000000, 1.00000000, 1.00000000
0.151515151515, 0.545454545455, 0.86074702, 1.00000000, 1.00000000, 1.00000000
0.151515151515, 0.555555555556, 0.85242276, 1.00000000, 1.00000000, 1.00000000
0.151515151515, 0.565656565657, 0.84469311, 1.00000000, 1.00000000, 1.00000000
0.151515151515, 0.575757575758, 0.83758888, 1.00000000, 1.00000000, 1.00000000
0.151515151515, 0.585858585859, 0.83113840, 1.00000000, 1.00000000, 1.00000000
0.151515151515, 0.595959595960, 0.82536736, 1.00000000, 1.00000000, 1.00000000
0.151515151515, 0.606060606061, 0.82029874, 1.00000000, 1.00000000, 1.00000000
0.151515151515, 0.616161616162, 0.81595275, 1.00000000, 1.00000000, 1.00000000
0.151515151515, 0.626262626263, 0.81234670, 1.00000000, 1.00000000, 1.00000000
0.151515151515, 0.636363636364, 0.80949497, 1.00000000, 1.00000000, 1.00000000
0.151515151515, 0.646464646465, 0.80740897, 1.00000000, 1.00000000, 1.00000000
0.151515151515, 0.656565656566, 0.80609709, 1.00000000, 1.00000000, 1.00000000
0.151515151515, 0.666666666667, 0.80556467, 1.00000000, 1.00000000, 1.00000000
0.151515151515, 0.676767676768, 0.80581385, 1.00000000, 1.00000000, 1.00000000
0.151515151515, 0.686868686869, 0.80684355, 1.00000000, 1.00000000, 1.00000000
0.151515151515, 0.696969696970, 0.80864964, 1.00000000, 1.00000000, 1.00000000
0.151515151515, 0.707070707071, 0.81122491, 1.00000000, 1.00000000, 1.00000000
0.151515151515, 0.717171717172, 0.81455910, 1.00000000, 1.00000000, 1.00000000
0.151515151515, 0.727272727273, 0.81863898, 1.00000000, 1.00000000, 1.00000000
0.151515151515, 0.737373737374, 0.82344831, 1.00000000, 1.00000000, 1.00000000
0.151515151515, 0.747474747475, 0.82896800, 1.00000000, 1.00000000, 1.00000000
0.151515151515, 0.757575757576, 0.83517607, 1.00000000, 1.00000000, 1.00000000
0.151515151515, 0.767676767677, 0.84204783, 1.00000000, 1.00000000, 1.00000000
0.151515151515, 0.777777777778, 0.84955590, 1.00000000, 1.00000000, 1.00000000
0.151515151515, 0.787878787879, 0.85767033, 1.00000000, 1.00000000, 1.00000000
0.151515151515, 0.797979797980, 0.86635876, 1.00000000, 1.00000000, 1.00000000
0.151515151515, 0.808080808081, 0.87558647, 1.00000000, 1.00000000, 1.00000000
0.151515151515, 0.818181818182, 0.88531658, 1.00000000, 1.00000000, 1.00000000
0.151515151515, 0.828282828283, 0.89551015, 1.00000000, 1.00000000, 1.00000000
0.151515151515, 0.838383838384, 0.90612636, 1.00000000, 1.00000000, 1.00000000
0.151515151515, 0.848484848485, 0.91712265, 1.00000000, 1.00000000, 1.00000000
0.151515151515, 0.858585858586, 0.92845490, 1.00000000, 1.00000000, 1.00000000
0.151515151515, 0.868686868687, 0.94007762, 1.00000000, 1.00000000, 1.00000000
0.151515151515, 0.878787878788, 0.95194411, 1.00000000, 1.00000000, 1.00000000
0.151515151515, 0.888888888889, 0.96400663, 1.00000000, 1.00000000, 1.00000000
0.151515151515, 0.898989898990, 0.97621667, 1.00000000, 1.00000000, 1.00000000
0.151515151515, 0.909090909091, 0.98852503, 1.00000000, 1.00000000, 1.00000000
0.151515151515, 0.919191919192, 1.00088213, 1.00000000, 1.00000000, 1.00000000
0.151515151515, 0.929292929293, 1.01323809, 1.00000000, 1.00000000, 1.00000000
0.151515151515, 0.939393939394, 1.02554278, 1.00000000, 1.00000000, 1.00000000
0.151515151515, 0.949494949495, 1.03774547, 1.00000000, 1.00000000, 1.00000000
0.151515151515, 0.959595959596, 1.04979324, 1.00000000, 1.00000000, 1.00000000
0.161616161616, -0.000000000000, 1.11530260, 1.00000000, 1.00000000, 1.00000000
0.161616161616, 0.010101010101, 1.12423336, 1.00000000, 1.00000000, 1.00000000
0.161616161616, 0.020202020202, 1.13243892, 1.00000000, 1.00000000, 1.00000000
0.161616161616, 0.030303030303, 1.14002216, 1.00000000, 1.00000000, 1.00000000
0.161616161616, 0.040404040404, 1.14714596, 1.00000000, 1.00000000, 1.00000000
0.161616161616, 0.050505050505, 1.15395403, 1.00000000, 1.00000000, 1.00000000
0.161616161616, 0.060606060606, 1.16050372, 1.00000000, 1.00000000, 1.00000000
0.161616161616, 0.070707070707, 1.16675172, 1.00000000, 1.00000000, 1.00000000
0.161616161616, 0.080808080808, 1.17258997, 1.00000000, 1.00000000, 1.00000000
0.161616161616, 0.090909090909, 1.17789706, 1.00000000, 1.00000000, 1.00000000
0.161616161616, 0.101010101010, 1.18257367, 1.00000000, 1.00000000, 1.00000000
0.161616161616, 0.111111111111, 1.18655294, 1.00000000, 1.00000000, 1.00000000
0.161616161616, 0.121212121212, 1.18979485, 1.00000000, 1.00000000, 1.00000000
0.161616161616, 0.131313131313, 1.19227635, 1.00000000, 1.00000000, 1.00000000
0.161616161616, 0.141414141414, 1.19398394, 1.00000000, 1.00000000, 1.00000000
0.161616161616, 0.151515151515, 1.19490968, 1.00000000, 1.00000000, 1.00000000
0.161616161616, 0.161616161616, 1.19504951, 1.00000000, 1.00000000, 1.00000000
0.161616161616, 0.171717171717, 1.19440288, 1.00000000, 1.00000000, 1.00000000
0.161616161616, 0.181818181818, 1.19297249, 1.00000000, 1.00000000, 1.00000000
0.161616161616, 0.191919191919, 1.19076417, 1.00000000, 1.00000000, 1.00000000
0.161616161616, 0.202020202020, 1.18778692, 1.00000000, 1.00000000, 1.00000000
0.161616161616, 0.212121212121, 1.18405282, 1.00000000, 1.00000000, 1.00000000
0.161616161616, 0.222222222222, 1.17957704, 1.00000000, 1.00000000, 1.00000000
0.161616161616, 0.232323232323, 1.17437773, 1.00000000, 1.00000000, 1.00000000
0.161616161616, 0.242424242424, 1.16847596, 1.00000000, 1.00000000, 1.00000000
0.161616161616, 0.252525252525, 1.16189566, 1.00000000, 1.00000000, 1.00000000
0.161616161616, 0.262626262626, 1.15466350, 1.00000000, 1.00000000, 1.00000000
0.161616161616, 0.272727272727, 1.14680877, 1.00000000, 1.00000000, 1.00000000
0.161616161616, 0.282828282828, 1.13836329, 1.00000000, 1.00000000, 1.00000000
0.161616161616, 0.292929292929, 1.12936128, 1.00000000, 1.00000000, 1.00000000
0.161616161616, 0.303030303030, 1.11983917, 1.00000000, 1.00000000, 1.00000000
0.161616161616, 0.313131313131, 1.10983552, 1.00000000, 1.00000000, 1.00000000
0.161616161616, 0.323232323232, 1.09939080, 1.00000000, 1.00000000, 1.00000000
0.161616161616, 0.333333333333, 1.08854728, 1.00000000, 1.00000000, 1.00000000
0.161616161616, 0.343434343434, 1.07734881, 1.00000000, 1.00000000, 1.00000000
0.161616161616, 0.353535353535, 1.06584067, 1.00000000, 1.00000000, 1.00000000
0.161616161616, 0.363636363636, 1.05406937, 1.00000000, 1.00000000, 1.00000000
0.161616161616, 0.373737373737, 1.04208247, 1.00000000, 1.00000000, 1.00000000
0.161616161616, 0.383838383838, 1.02992837, 1.00000000, 1.00000000, 1.00000000
0.161616161616, 0.393939393939, 1.01765613, 1.00000000, 1.00000000, 1.00000000
0.161616161616, 0.404040404040, 1.00531527, 1.00000000, 1.00000000, 1.00000000
0.161616161616, 0.414141414141, 0.99295553, 1.00000000, 1.00000000, 1.00000000
0.161616161616, 0.424242424242, 0.98062673, 1.00000000, 1.00000000, 1.00000000
0.161616161616, 0.434343434343, 0.96837853, 1.00000000, 1.00000000, 1.00000000
0.161616161616, 0.444444444444, 0.95626021, 1.00000000, 1.00000000, 1.00000000
0.161616161616, 0.454545454545, 0.94432052, 1.00000000, 1.00000000, 1.00000000
0.161616161616, 0.464646464646, 0.93260744, 1.00000000, 1.00000000, 1.00000000
0.161616161616, 0.474747474747, 0.92116802, 1.00000000, 1.00000000, 1.00000000
0.161616161616, 0.484848484848, 0.91004816, 1.00000000, 1.00000000, 1.00000000
0.161616161616, 0.494949494949, 0.89929245, 1.00000000, 1.00000000, 1.00000000
0.161616161616, 0.505050505051, 0.88894399, 1.00000000, 1.00000000, 1.00000000
0.161616161616, 0.515151515152, 0.87904420, 1.00000000, 1.00000000, 1.00000000
0.161616161616, 0.525252525253, 0.86963268, 1.00000000, 1.00000000, 1.00000000
0.161616161616, 0.535353535354, 0.86074705, 1.00000000, 1.00000000, 1.00000000
0.161616161616, 0.545454545455, 0.85242280, 1.00000000, 1.00000000, 1.00000000
0.161616161616, 0.555555555556, 0.84469314, 1.00000000, 1.00000000, 1.00000000
0.161616161616, 0.565656565657, 0.83758891, 1.00000000, 1.00000000, 1.00000000
0.161616161616, 0.575757575758, 0.83113843, 1.00000000, 1.00000000, 1.00000000
0.161616161616, 0.585858585859, 0.82536739, 1.00000000, 1.00000000, 1.00000000
0.161616161616, 0.595959595960, 0.82029878, 1.00000000, 1.00000000, 1.00000000
0.161616161616, 0.606060606061, 0.81595278, 1.00000000, 1.00000000, 1.00000000
0.161616161616, 0.616161616162, 0.81234673, 1.00000000, 1.00000000, 1.00000000
0.161616161616, 0.626262626263, 0.80949500, 1.00000000, 1.00000000, 1.00000000
0.161616161616, 0.636363636364, 0.80740900, 1.00000000, 1.00000000, 1.00000000
0.161616161616, 0.646464646465, 0.80609712, 1.00000000, 1.00000000, 1.00000000
0.161616161616, 0.656565656566, 0.80556469, 1.00000000, 1.00000000, 1.00000000
0.161616161616, 0.666666666667, 0.80581387, 1.00000000, 1.00000000, 1.00000000
0.161616161616, 0.676767676768, 0.80684357, 1.00000000, 1.00000000, 1.00000000
0.161616161616, 0.686868686869, 0.80864966, 1.00000000, 1.00000000, 1.00000000
0.161616161616, 0.696969696970, 0.81122492, 1.00000000, 1.00000000, 1.00000000
0.161616161616, 0.707070707071, 0.81455911, 1.00000000, 1.00000000, 1.00000000
0.161616161616, 0.717171717172, 0.81863899, 1.00000000, 1.00000000, 1.00000000
0.161616161616, 0.727272727273, 0.82344832, 1.00000000, 1.00000000, 1.00000000
0.161616161616, 0.737373737374, 0.82896800, 1.00000000, 1.00000000, 1.00000000
0.161616161616, 0.747474747475, 0.83517608, 1.00000000, 1.00000000, 1.00000000
0.161616161616, 0.757575757576, 0.84204783, 1.00000000, 1.00000000, 1.00000000
0.161616161616, 0.767676767677, 0.84955589, 1.00000000, 1.00000000, 1.00000000
0.161616161616, 0.777777777778, 0.85767033, 1.00000000, 1.00000000, 1.00000000
0.161616161616, 0.787878787879, 0.86635875, 1.00000000, 1.00000000, 1.00000000
0.161616161616, 0.797979797980, 0.87558646, 1.00000000, 1.00000000, 1.00000000
0.161616161616, 0.808080808081, 0.88531657, 1.00000000, 1.00000000, 1.00000000
0.161616161616, 0.818181818182, 0.89551014, 1.00000000, 1.00000000, 1.00000000
0.161616161616, 0.828282828283, 0.90612635, 1.00000000, 1.00000000, 1.00000000
0.161616161616, 0.838383838384, 0.91712263, 1.00000000, 1.00000000, 1.00000000
0.161616161616, 0.848484848485, 0.92845489, 1.00000000, 1.00000000, 1.00000000
0.161616161616, 0.858585858586, 0.94007760, 1.00000000, 1.00000000, 1.00000000
0.161616161616, 0.868686868687, 0.95194409, 1.00000000, 1.00000000, 1.00000000
0.161616161616, 0.878787878788, 0.96400661, 1.00000000, 1.00000000, 1.00000000
0.161616161616, 0.888888888889, 0.97621664, 1.00000000, 1.00000000, 1.00000000
0.161616161616, 0.898989898990, 0.98852501, 1.00000000, 1.00000000, 1.00000000
0.161616161616, 0.909090909091, 1.00088213, 1.00000000, 1.00000000, 1.00000000
0.161616161616, 0.919191919192, 1.01323816, 1.00000000, 1.00000000, 1.00000000
0.161616161616, 0.929292929293, 1.02554320, 1.00000000, 1.00000000, 1.00000000
0.161616161616, 0.939393939394, 1.03774736, 1.00000000, 1.00000000, 1.00000000
0.161616161616, 0.949494949495, 1.04980036, 1.00000000, 1.00000000, 1.00000000
0.161616161616, 0.959595959596, 1.06165014, 1.00000000, 1.00000000, 1.00000000
0.171717171717, -0.000000000000, 1.12508268, 1.00000000, 1.00000000, 1.00000000
0.171717171717, 0.010101010101, 1.13356858, 1.00000000, 1.00000000, 1.00000000
0.171717171717, 0.020202020202, 1.14131404, 1.00000000, 1.00000000, 1.00000000
0.171717171717, 0.030303030303, 1.14841756, 1.00000000, 1.00000000, 1.00000000
0.171717171717, 0.040404040404, 1.15503282, 1.00000000, 1.00000000, 1.00000000
0.171717171717, 0.050505050505, 1.16129367, 1.00000000, 1.00000000, 1.00000000
0.171717171717, 0.060606060606, 1.16725163, 1.00000000, 1.00000000, 1.00000000
0.171717171717, 0.070707070707, 1.17286359, 1.00000000, 1.00000000, 1.00000000
0.171717171717, 0.080808080808, 1.17802664, 1.00000000, 1.00000000, 1.00000000
0.171717171717, 0.090909090909, 1.18262675, 1.00000000, 1.00000000, 1.00000000
0.171717171717, 0.101010101010, 1.18657172, 1.00000000, 1.00000000, 1.00000000
0.171717171717, 0.111111111111, 1.18980057, 1.00000000, 1.00000000, 1.00000000
0.171717171717, 0.121212121212, 1.19227785, 1.00000000, 1.00000000, 1.00000000
0.171717171717, 0.131313131313, 1.19398428, 1.00000000, 1.00000000, 1.00000000
0.171717171717, 0.141414141414, 1.19490974, 1.00000000, 1.00000000, 1.00000000
0.171717171717, 0.151515151515, 1.19504951, 1.00000000, 1.00000000, 1.00000000
0.171717171717, 0.161616161616, 1.19440288, 1.00000000, 1.00000000, 1.00000000
0.171717171717, 0.171717171717, 1.19297249, 1.00000000, 1.00000000, 1.00000000
0.171717171717, 0.181818181818, 1.19076417, 1.00000000, 1.00000000, 1.00000000
0.171717171717, 0.191919191919, 1.18778692, 1.00000000, 1.00000000, 1.00000000
0.171717171717, 0.202020202020, 1.18405282, 1.00000000, 1.00000000, 1.00000000
0.171717171717, 0.212121212121, 1.17957704, 1.00000000, 1.00000000, 1.00000000
0.171717171717, 0.222222222222, 1.17437773, 1.00000000, 1.00000000, 1.00000000
0.171717171717, 0.232323232323, 1.16847596, 1.00000000, 1.00000000, 1.00000000
0.171717171717, 0.242424242424, 1.16189566, 1.00000000, 1.00000000, 1.00000000
0.171717171717, 0.252525252525, 1.15466350, 1.00000000, 1.00000000, 1.00000000
0.171717171717, 0.262626262626, 1.14680877, 1.00000000, 1.00000000, 1.00000000
0.171717171717, 0.272727272727, 1.13836329, 1.00000000, 1.00000000, 1.00000000
0.171717171717, 0.282828282828, 1.12936128, 1.00000000, 1.00000000, 1.00000000
0.171717171717, 0.292929292929, 1.11983917, 1.00000000, 1.00000000, 1.00000000
0.171717171717, 0.303030303030, 1.10983552, 1.00000000, 1.00000000, 1.00000000
0.171717171717, 0.313131313131, 1.09939080, 1.00000000, 1.00000000, 1.00000000
0.171717171717, 0.323232323232, 1.08854728, 1.00000000, 1.00000000, 1.00000000
0.171717171717, 0.333333333333, 1.07734882, 1.00000000, 1.00000000, 1.00000000
0.171717171717, 0.343434343434, 1.06584068, 1.00000000, 1.00000000, 1.00000000
0.171717171717, 0.353535353535, 1.05406938, 1.00000000, 1.00000000, 1.00000000
0.171717171717, 0.363636363636, 1.04208247, 1.00000000, 1.00000000, 1.00000000
0.171717171717, 0.373737373737, 1.02992837, 1.00000000, 1.00000000, 1.00000000
0.171717171717, 0.383838383838, 1.01765614, 1.00000000, 1.00000000, 1.00000000
0.171717171717, 0.393939393939, 1.00531527, 1.00000000, 1.00000000, 1.00000000
0.171717171717, 0.404040404040, 0.99295553, 1.00000000, 1.00000000, 1.00000000
0.171717171717, 0.414141414141, 0.98062674, 1.00000000, 1.00000000, 1.00000000
0.171717171717, 0.424242424242, 0.96837853, 1.00000000, 1.00000000, 1.00000000
0.171717171717, 0.434343434343, 0.95626021, 1.00000000, 1.00000000, 1.00000000
0.171717171717, 0.444444444444, 0.94432052, 1.00000000, 1.00000000, 1.00000000
0.171717171717, 0.454545454545, 0.93260745, 1.00000000, 1.00000000, 1.00000000
0.171717171717, 0.464646464646, 0.92116803, 1.00000000, 1.00000000, 1.00000000
0.171717171717, 0.474747474747, 0.91004817, 1.00000000, 1.00000000, 1.00000000
0.171717171717, 0.484848484848, 0.89929246, 1.00000000, 1.00000000, 1.00000000
0.171717171717, 0.494949494949, 0.88894399, 1.00000000, 1.00000000, 1.00000000
0.171717171717, 0.505050505051, 0.87904420, 1.00000000, 1.00000000, 1.00000000
0.171717171717, 0.515151515152, 0.86963268, 1.00000000, 1.00000000, 1.00000000
0.171717171717, 0.525252525253, 0.86074705, 1.00000000, 1.00000000, 1.00000000
0.171717171717, 0.535353535354, 0.85242280, 1.00000000, 1.00000000, 1.00000000
0.171717171717, 0.545454545455, 0.84469315, 1.00000000, 1.00000000, 1.00000000
0.171717171717, 0.555555555556, 0.83758892, 1.00000000, 1.00000000, 1.00000000
0.171717171717, 0.565656565657, 0.83113844, 1.00000000, 1.00000000, 1.00000000
0.171717171717, 0.575757575758, 0.82536739, 1.00000000, 1.00000000, 1.00000000
0.171717171717, 0.585858585859, 0.82029878, 1.00000000, 1.00000000, 1.00000000
0.171717171717, 0.595959595960, 0.81595279, 1.00000000, 1.00000000, 1.00000000
0.171717171717, 0.606060606061, 0.81234673, 1.00000000, 1.00000000, 1.00000000
0.171717171717, 0.616161616162, 0.80949500, 1.00000000, 1.00000000, 1.00000000
0.171717171717, 0.626262626263, 0.80740900, 1.00000000, 1.00000000, 1.00000000
0.171717171717, 0.636363636364, 0.80609712, 1.00000000, 1.00000000, 1.00000000
0.171717171717, 0.646464646465, 0.80556470, 1.00000000, 1.00000000, 1.00000000
0.171717171717, 0.656565656566, 0.80581387, 1.00000000, 1.00000000, 1.00000000
0.171717171717, 0.666666666667, 0.80684357, 1.00000000, 1.00000000, 1.00000000
0.171717171717, 0.676767676768, 0.80864966, 1.00000000, 1.00000000, 1.00000000
0.171717171717, 0.686868686869, 0.81122492, 1.00000000, 1.00000000, 1.00000000
0.171717171717, 0.696969696970, 0.81455912, 1.00000000, 1.00000000, 1.00000000
0.171717171717, 0.707070707071, 0.81863899, 1.00000000, 1.00000000, 1.00000000
0.171717171717, 0.717171717172, 0.82344832, 1.00000000, 1.00000000, 1.00000000
0.171717171717, 0.727272727273, 0.82896801, 1.00000000, 1.00000000, 1.00000000
0.171717171717, 0.737373737374, 0.83517608, 1.00000000, 1.00000000, 1.00000000
0.171717171717, 0.747474747475, 0.84204783, 1.00000000, 1.00000000, 1.00000000
0.171717171717, 0.757575757576, 0.84955589, 1.00000000, 1.00000000, 1.00000000
0.171717171717, 0.767676767677, 0.85767033, 1.00000000, 1.00000000, 1.00000000
0.171717171717, 0.777777777778, 0.86635875, 1.00000000, 1.00000000, 1.00000000
0.171717171717, 0.787878787879, 0.87558646, 1.00000000, 1.00000000, 1.00000000
0.171717171717, 0.797979797980, 0.88531657, 1.00000000, 1.00000000, 1.00000000
0.171717171717, 0.808080808081, 0.89551014, 1.00000000, 1.00000000, 1.00000000
0.171717171717, 0.818181818182, 0.90612634, 1.00000000, 1.00000000, 1.00000000
0.171717171717, 0.828282828283, 0.91712263, 1.00000000, 1.00000000, 1.00000000
0.171717171717, 0.838383838384, 0.92845488, 1.00000000, 1.00000000, 1.00000000
0.171717171717, 0.848484848485, 0.94007760, 1.00000000, 1.00000000, 1.00000000
0.171717171717, 0.858585858586, 0.95194408, 1.00000000, 1.00000000, 1.00000000
0.171717171717, 0.868686868687, 0.96400661, 1.00000000, 1.00000000, 1.00000000
0.171717171717, 0.878787878788, 0.97621664, 1.00000000, 1.00000000, 1.00000000
0.171717171717, 0.888888888889, 0.98852501, 1.00000000, 1.00000000, 1.00000000
0.171717171717, 0.898989898990, 1.00088213, 1.00000000, 1.00000000, 1.00000000
0.171717171717, 0.909090909091, 1.01323817, 1.00000000, 1.00000000, 1.00000000
0.171717171717, 0.919191919192, 1.02554328, 1.00000000, 1.00000000, 1.00000000
0.171717171717, 0.929292929293, 1.03774777, 1.00000000, 1.00000000, 1.00000000
0.171717171717, 0.939393939394, 1.04980212, 1.00000000, 1.00000000, 1.00000000
0.171717171717, 0.949494949495, 1.06165673, 1.00000000, 1.00000000, 1.00000000
0.171717171717, 0.959595959596, 1.07326063, 1.00000000, 1.00000000, 1.00000000
0.181818181818, -0.000000000000, 1.13435925, 1.00000000, 1.00000000, 1.00000000
0.181818181818, 0.010101010101, 1.14236600, 1.00000000, 1.00000000, 1.00000000
0.181818181818, 0.020202020202, 1.14962020, 1.00000000, 1.00000000, 1.00000000
0.181818181818, 0.030303030303, 1.15621554, 1.00000000, 1.00000000, 1.00000000
0.181818181818, 0.040404040404, 1.16229571, 1.00000000, 1.00000000, 1.00000000
0.181818181818, 0.050505050505, 1.16798412, 1.00000000, 1.00000000, 1.00000000
0.181818181818, 0.060606060606, 1.17332620, 1.00000000, 1.00000000, 1.00000000
0.181818181818, 0.070707070707, 1.17827928, 1.00000000, 1.00000000, 1.00000000
0.181818181818, 0.080808080808, 1.18274610, 1.00000000, 1.00000000, 1.00000000
0.181818181818, 0.090909090909, 1.18662049, 1.00000000, 1.00000000, 1.00000000
0.181818181818, 0.101010101010, 1.18981778, 1.00000000, 1.00000000, 1.00000000
0.181818181818, 0.111111111111, 1.19228308, 1.00000000, 1.00000000, 1.00000000
0.181818181818, 0.121212121212, 1.19398564, 1.00000000, 1.00000000, 1.00000000
0.181818181818, 0.131313131313, 1.19491004, 1.00000000, 1.00000000, 1.00000000
0.181818181818, 0.141414141414, 1.19504957, 1.00000000, 1.00000000, 1.00000000
0.181818181818, 0.151515151515, 1.19440289, 1.00000000, 1.00000000, 1.00000000
0.181818181818, 0.161616161616, 1.19297249, 1.00000000, 1.00000000, 1.00000000
0.181818181818, 0.171717171717, 1.19076417, 1.00000000, 1.00000000, 1.00000000
0.181818181818, 0.181818181818, 1.18778692, 1.00000000, 1.00000000, 1.00000000
0.181818181818, 0.191919191919, 1.18405282, 1.00000000, 1.00000000, 1.00000000
0.181818181818, 0.202020202020, 1.17957704, 1.00000000, 1.00000000, 1.00000000
0.181818181818, 0.212121212121, 1.17437773, 1.00000000, 1.00000000, 1.00000000
0.181818181818, 0.222222222222, 1.16847596, 1.00000000, 1.00000000, 1.00000000
0.181818181818, 0.232323232323, 1.16189566, 1.00000000, 1.00000000, 1.00000000
0.181818181818, 0.242424242424, 1.15466350, 1.00000000, 1.00000000, 1.00000000
0.181818181818, 0.252525252525, 1.14680877, 1.00000000, 1.00000000, 1.00000000
0.181818181818, 0.262626262626, 1.13836329, 1.00000000, 1.00000000, 1.00000000
0.181818181818, 0.272727272727, 1.12936128, 1.00000000, 1.00000000, 1.00000000
0.181818181818, 0.282828282828, 1.11983917, 1.00000000, 1.00000000, 1.00000000
0.181818181818, 0.292929292929, 1.10983552, 1.00000000, 1.00000000, 1.00000000
0.181818181818, 0.303030303030, 1.09939080, 1.00000000, 1.00000000, 1.00000000
0.181818181818, 0.313131313131, 1.08854728, 1.00000000, 1.00000000, 1.00000000
0.181818181818, 0.323232323232, 1.07734882, 1.00000000, 1.00000000, 1.00000000
0.181818181818, 0.333333333333, 1.06584068, 1.00000000, 1.00000000, 1.00000000
0.181818181818, 0.343434343434, 1.05406938, 1.00000000, 1.00000000, 1.00000000
0.181818181818, 0.353535353535, 1.04208247, 1.00000000, 1.00000000, 1.00000000
0.181818181818, 0.363636363636, 1.02992837, 1.00000000, 1.00000000, 1.00000000
0.181818181818, 0.373737373737, 1.01765614, 1.00000000, 1.00000000, 1.00000000
0.181818181818, 0.383838383838, 1.00531527, 1.00000000, 1.00000000, 1.00000000
0.181818181818, 0.393939393939, 0.99295553, 1.00000000, 1.00000000, 1.00000000
0.181818181818, 0.404040404040, 0.98062674, 1.00000000, 1.00000000, 1.00000000
0.181818181818, 0.414141414141, 0.96837853, 1.00000000, 1.00000000, 1.00000000
0.181818181818, 0.424242424242, 0.95626021, 1.00000000, 1.00000000, 1.00000000
0.181818181818, 0.434343434343, 0.94432052, 1.00000000, 1.00000000, 1.00000000
0.181818181818, 0.444444444444, 0.93260745, 1.00000000, 1.00000000, 1.00000000
0.181818181818, 0.454545454545, 0.92116803, 1.00000000, 1.00000000, 1.00000000
0.181818181818, 0.464646464646, 0.91004817, 1.00000000, 1.00000000, 1.00000000
0.181818181818, 0.474747474747, 0.89929246, 1.00000000, 1.00000000, 1.00000000
0.181818181818, 0.484848484848, 0.88894399, 1.00000000, 1.00000000, 1.00000000
0.181818181818, 0.494949494949, 0.87904420, 1.00000000, 1.00000000, 1.00000000
0.181818181818, 0.505050505051, 0.86963268, 1.00000000, 1.00000000, 1.00000000
0.181818181818, 0.515151515152, 0.86074705, 1.00000000, 1.00000000, 1.00000000
0.181818181818, 0.525252525253, 0.85242280, 1.00000000, 1.00000000, 1.00000000
0.181818181818, 0.535353535354, 0.84469315, 1.00000000, 1.00000000, 1.00000000
0.181818181818, 0.545454545455, 0.83758892, 1.00000000, 1.00000000, 1.00000000
0.181818181818, 0.555555555556, 0.83113844, 1.00000000, 1.00000000, 1.00000000
0.181818181818, 0.565656565657, 0.82536739, 1.00000000, 1.00000000, 1.00000000
0.181818181818, 0.575757575758, 0.82029878, 1.00000000, 1.00000000, 1.00000000
0.181818181818, 0.585858585859, 0.81595279, 1.00000000, 1.00000000, 1.00000000
0.181818181818, 0.595959595960, 0.81234673, 1.00000000, 1.00000000, 1.00000000
0.181818181818, 0.606060606061, 0.80949500, 1.00000000, 1.00000000, 1.00000000
0.181818181818, 0.616161616162, 0.80740900, 1.00000000, 1.00000000, 1.00000000
0.181818181818, 0.626262626263, 0.80609712, 1.00000000, 1.00000000, 1.00000000
0.181818181818, 0.636363636364, 0.80556470, 1.00000000, 1.00000000, 1.00000000
0.181818181818, 0.646464646465, 0.80581387, 1.00000000, 1.00000000, 1.00000000
0.181818181818, 0.656565656566, 0.80684357, 1.00000000, 1.00000000, 1.00000000
0.181818181818, 0.666666666667, 0.80864966, 1.00000000, 1.00000000, 1.00000000
0.181818181818, 0.676767676768, 0.81122492, 1.00000000, 1.00000000, 1.00000000
0.181818181818, 0.686868686869, 0.81455912, 1.00000000, 1.00000000, 1.00000000
0.181818181818, 0.696969696970, 0.81863899, 1.00000000, 1.00000000, 1.00000000
0.181818181818, 0.707070707071, 0.82344832, 1.00000000, 1.00000000, 1.00000000
0.181818181818, 0.717171717172, 0.82896801, 1.00000000, 1.00000000, 1.00000000
0.181818181818, 0.727272727273, 0.83517608, 1.00000000, 1.00000000, 1.00000000
0.181818181818, 0.737373737374, 0.84204783, 1.00000000, 1.00000000, 1.00000000
0.181818181818, 0.747474747475, 0.84955589, 1.00000000, 1.00000000, 1.00000000
0.181818181818, 0.757575757576, 0.85767033, 1.00000000, 1.00000000, 1.00000000
0.181818181818, 0.767676767677, 0.86635875, 1.00000000, 1.00000000, 1.00000000
0.181818181818, 0.777777777778, 0.87558646, 1.00000000, 1.00000000, 1.00000000
0.181818181818, 0.787878787879, 0.88531657, 1.00000000, 1.00000000, 1.00000000
0.181818181818, 0.797979797980, 0.89551014, 1.00000000, 1.00000000, 1.00000000
0.181818181818, 0.808080808081, 0.90612634, 1.00000000, 1.00000000, 1.00000000
0.181818181818, 0.818181818182, 0.91712263, 1.00000000, 1.00000000, 1.00000000
0.181818181818, 0.828282828283, 0.92845488, 1.00000000, 1.00000000, 1.00000000
0.181818181818, 0.838383838384, 0.94007760, 1.00000000, 1.00000000, 1.00000000
0.181818181818, 0.848484848485, 0.95194408, 1.00000000, 1.00000000, 1.00000000
0.181818181818, 0.858585858586, 0.96400661, 1.00000000, 1.00000000, 1.00000000
0.181818181818, 0.868686868687, 0.97621664, 1.00000000, 1.00000000, 1.00000000
0.181818181818, 0.878787878788, 0.98852501, 1.00000000, 1.00000000, 1.00000000
0.181818181818, 0.888888888889, 1.00088213, 1.00000000, 1.00000000, 1.00000000
0.181818181818, 0.898989898990, 1.01323817, 1.00000000, 1.00000000, 1.00000000
0.181818181818, 0.909090909091, 1.02554330, 1.00000000, 1.00000000, 1.00000000
0.181818181818, 0.919191919192, 1.03774784, 1.00000000, 1.00000000, 1.00000000
0.181818181818, 0.929292929293, 1.04980249, 1.00000000, 1.00000000, 1.00000000
0.181818181818, 0.939393939394, 1.06165834, 1.00000000, 1.00000000, 1.00000000
0.181818181818, 0.949494949495, 1.07326666, 1.00000000, 1.00000000, 1.00000000
0.181818181818, 0.959595959596, 1.08457774, 1.00000000, 1.00000000, 1.00000000
0.191919191919, -0.000000000000, 1.14309480, 1.00000000, 1.00000000, 1.00000000
0.191919191919, 0.010101010101, 1.15059003, 1.00000000, 1.00000000, 1.00000000
0.191919191919, 0.020202020202, 1.15732378, 1.00000000, 1.00000000, 1.00000000
0.191919191919, 0.030303030303, 1.16338451, 1.00000000, 1.00000000, 1.00000000
0.191919191919, 0.040404040404, 1.16890523, 1.00000000, 1.00000000, 1.00000000
0.191919191919, 0.050505050505, 1.17399826, 1.00000000, 1.00000000, 1.00000000
0.191919191919, 0.060606060606, 1.17870279, 1.00000000, 1.00000000, 1.00000000
0.191919191919, 0.070707070707, 1.18297683, 1.00000000, 1.00000000, 1.00000000
0.191919191919, 0.080808080808, 1.18672921, 1.00000000, 1.00000000, 1.00000000
0.191919191919, 0.090909090909, 1.18986208, 1.00000000, 1.00000000, 1.00000000
0.191919191919, 0.101010101010, 1.19229867, 1.00000000, 1.00000000, 1.00000000
0.191919191919, 0.111111111111, 1.19399037, 1.00000000, 1.00000000, 1.00000000
0.191919191919, 0.121212121212, 1.19491127, 1.00000000, 1.00000000, 1.00000000
0.191919191919, 0.131313131313, 1.19504985, 1.00000000, 1.00000000, 1.00000000
0.191919191919, 0.141414141414, 1.19440295, 1.00000000, 1.00000000, 1.00000000
0.191919191919, 0.151515151515, 1.19297250, 1.00000000, 1.00000000, 1.00000000
0.191919191919, 0.161616161616, 1.19076417, 1.00000000, 1.00000000, 1.00000000
0.191919191919, 0.171717171717, 1.18778692, 1.00000000, 1.00000000, 1.00000000
0.191919191919, 0.181818181818, 1.18405282, 1.00000000, 1.00000000, 1.00000000
0.191919191919, 0.191919191919, 1.17957704, 1.00000000, 1.00000000, 1.00000000
0.191919191919, 0.202020202020, 1.17437773, 1.00000000, 1.00000000, 1.00000000
0.191919191919, 0.212121212121, 1.16847596, 1.00000000, 1.00000000, 1.00000000
0.191919191919, 0.222222222222, 1.16189566, 1.00000000, 1.00000000, 1.00000000
0.191919191919, 0.232323232323, 1.15466350, 1.00000000, 1.00000000, 1.00000000
0.191919191919, 0.242424242424, 1.14680877, 1.00000000, 1.00000000, 1.00000000
0.191919191919, 0.252525252525, 1.13836329, 1.00000000, 1.00000000, 1.00000000
0.191919191919, 0.262626262626, 1.12936128, 1.00000000, 1.00000000, 1.00000000
0.191919191919, 0.272727272727, 1.11983917, 1.00000000, 1.00000000, 1.00000000
0.191919191919, 0.282828282828, 1.10983552, 1.00000000, 1.00000000, 1.00000000
0.191919191919, 0.292929292929, 1.09939080, 1.00000000, 1.00000000, 1.00000000
0.191919191919, 0.303030303030, 1.08854728, 1.00000000, 1.00000000, 1.00000000
0.191919191919, 0.313131313131, 1.07734882, 1.00000000, 1.00000000, 1.00000000
0.191919191919, 0.323232323232, 1.06584068, 1.00000000, 1.00000000, 1.00000000
0.191919191919, 0.333333333333, 1.05406938, 1.00000000, 1.00000000, 1.00000000
0.191919191919, 0.343434343434, 1.04208247, 1.00000000, 1.00000000, 1.00000000
0.191919191919, 0.353535353535, 1.02992837, 1.00000000, 1.00000000, 1.00000000
0.191919191919, 0.363636363636, 1.01765614, 1.00000000, 1.00000000, 1.00000000
0.191919191919, 0.373737373737, 1.00531527, 1.00000000, 1.00000000, 1.00000000
0.191919191919, 0.383838383838, 0.99295553, 1.00000000, 1.00000000, 1.00000000
0.191919191919, 0.393939393939, 0.98062674, 1.00000000, 1.00000000, 1.00000000
0.191919191919, 0.404040404040, 0.96837853, 1.00000000, 1.00000000, 1.00000000
0.191919191919, 0.414141414141, 0.95626021, 1.00000000, 1.00000000, 1.00000000
0.191919191919, 0.424242424242, 0.94432052, 1.00000000, 1.00000000, 1.00000000
0.191919191919, 0.434343434343, 0.93260745, 1.00000000, 1.00000000, 1.00000000
0.191919191919, 0.444444444444, 0.92116803, 1.00000000, 1.00000000, 1.00000000
0.191919191919, 0.454545454545, 0.91004817, 1.00000000, 1.00000000, 1.00000000
0.191919191919, 0.464646464646, 0.89929246, 1.00000000, 1.00000000, 1.00000000
0.191919191919, 0.474747474747, 0.88894399, 1.00000000, 1.00000000, 1.00000000
0.191919191919, 0.484848484848, 0.87904420, 1.00000000, 1.00000000, 1.00000000
0.191919191919, 0.494949494949, 0.86963268, 1.00000000, 1.00000000, 1.00000000
0.191919191919, 0.505050505051, 0.86074705, 1.00000000, 1.00000000, 1.00000000
0.191919191919, 0.515151515152, 0.85242280, 1.00000000, 1.00000000, 1.00000000
0.191919191919, 0.525252525253, 0.84469315, 1.00000000, 1.00000000, 1.00000000
0.191919191919, 0.535353535354, 0.83758892, 1.00000000, 1.00000000, 1.00000000
0.191919191919, 0.545454545455, 0.83113844, 1.00000000, 1.00000000, 1.00000000
0.191919191919, 0.555555555556, 0.82536739, 1.00000000, 1.00000000, 1.00000000
0.191919191919, 0.565656565657, 0.82029878, 1.00000000, 1.00000000, 1.00000000
0.191919191919, 0.575757575758, 0.81595279, 1.00000000, 1.00000000, 1.00000000
0.191919191919, 0.585858585859, 0.81234673, 1.00000000, 1.00000000, 1.00000000
0.191919191919, 0.595959595960, 0.80949500, 1.00000000, 1.00000000, 1.00000000
0.191919191919, 0.606060606061, 0.80740900, 1.00000000, 1.00000000, 1.00000000
0.191919191919, 0.616161616162, 0.80609712, 1.00000000, 1.00000000, 1.00000000
0.191919191919, 0.626262626263, 0.80556470, 1.00000000, 1.00000000, 1.00000000
0.191919191919, 0.636363636364, 0.80581387, 1.00000000, 1.00000000, 1.00000000
0.191919191919, 0.646464646465, 0.80684357, 1.00000000, 1.00000000, 1.00000000
0.191919191919, 0.656565656566, 0.80864966, 1.00000000, 1.00000000, 1.00000000
0.191919191919, 0.666666666667, 0.81122492, 1.00000000, 1.00000000, 1.00000000
0.191919191919, 0.676767676768, 0.81455912, 1.00000000, 1.00000000, 1.00000000
0.191919191919, 0.686868686869, 0.81863899, 1.00000000, 1.00000000, 1.00000000
0.191919191919, 0.696969696970, 0.82344832, 1.00000000, 1.00000000, 1.00000000
0.191919191919, 0.707070707071, 0.82896801, 1.00000000, 1.00000000, 1.00000000
0.191919191919, 0.717171717172, 0.83517608, 1.00000000, 1.00000000, 1.00000000
0.191919191919, 0.727272727273, 0.84204783, 1.00000000, 1.00000000, 1.00000000
0.191919191919, 0.737373737374, 0.84955589, 1.00000000, 1.00000000, 1.00000000
0.191919191919, 0.747474747475, 0.85767033, 1.00000000, 1.00000000, 1.00000000
0.191919191919, 0.757575757576, 0.86635875, 1.00000000, 1.00000000, 1.00000000
0.191919191919, 0.767676767677, 0.87558646, 1.00000000, 1.00000000, 1.00000000
0.191919191919, 0.777777777778, 0.88531657, 1.00000000, 1.00000000, 1.00000000
0.191919191919, 0.787878787879, 0.89551014, 1.00000000, 1.00000000, 1.00000000
0.191919191919, 0.797979797980, 0.90612634, 1.00000000, 1.00000000, 1.00000000
0.191919191919, 0.808080808081, 0.91712263, 1.00000000, 1.00000000, 1.00000000
0.191919191919, 0.818181818182, 0.92845488, 1.00000000, 1.00000000, 1.00000000
0.191919191919, 0.828282828283, 0.94007760, 1.00000000, 1.00000000, 1.00000000
0.191919191919, 0.838383838384, 0.95194408, 1.00000000, 1.00000000, 1.00000000
0.191919191919, 0.848484848485, 0.96400661, 1.00000000, 1.00000000, 1.00000000
0.191919191919, 0.858585858586, 0.97621664, 1.00000000, 1.00000000, 1.00000000
0.191919191919, 0.868686868687, 0.98852501, 1.00000000, 1.00000000, 1.00000000
0.191919191919, 0.878787878788, 1.00088213, 1.00000000, 1.00000000, 1.00000000
0.191919191919, 0.888888888889, 1.01323817, 1.00000000, 1.00000000, 1.00000000
0.191919191919, 0.898989898990, 1.02554330, 1.00000000, 1.00000000, 1.00000000
0.191919191919, 0.909090909091, 1.03774786, 1.00000000, 1.00000000, 1.00000000
0.191919191919, 0.919191919192, 1.04980256, 1.00000000, 1.00000000, 1.00000000
0.191919191919, 0.929292929293, 1.06165867, 1.00000000, 1.00000000, 1.00000000
0.191919191919, 0.939393939394, 1.07326810, 1.00000000, 1.00000000, 1.00000000
0.191919191919, 0.949494949495, 1.08458321, 1.00000000, 1.00000000, 1.00000000
0.191919191919, 0.959595959596, 1.09555572, 1.00000000, 1.00000000, 1.00000000
0.202020202020, -0.000000000000, 1.15125398, 1.00000000, 1.00000000, 1.00000000
0.202020202020, 0.010101010101, 1.15820738, 1.00000000, 1.00000000, 1.00000000
0.202020202020, 0.020202020202, 1.16439362, 1.00000000, 1.00000000, 1.00000000
0.202020202020, 0.030303030303, 1.16989546, 1.00000000, 1.00000000, 1.00000000
0.202020202020, 0.040404040404, 1.17483458, 1.00000000, 1.00000000, 1.00000000
0.202020202020, 0.050505050505, 1.17931172, 1.00000000, 1.00000000, 1.00000000
0.202020202020, 0.060606060606, 1.18335961, 1.00000000, 1.00000000, 1.00000000
0.202020202020, 0.070707070707, 1.18693718, 1.00000000, 1.00000000, 1.00000000
0.202020202020, 0.080808080808, 1.18995978, 1.00000000, 1.00000000, 1.00000000
0.202020202020, 0.090909090909, 1.19233835, 1.00000000, 1.00000000, 1.00000000
0.202020202020, 0.101010101010, 1.19400429, 1.00000000, 1.00000000, 1.00000000
0.202020202020, 0.111111111111, 1.19491548, 1.00000000, 1.00000000, 1.00000000
0.202020202020, 0.121212121212, 1.19505094, 1.00000000, 1.00000000, 1.00000000
0.202020202020, 0.131313131313, 1.19440319, 1.00000000, 1.00000000, 1.00000000
0.202020202020, 0.141414141414, 1.19297254, 1.00000000, 1.00000000, 1.00000000
0.202020202020, 0.151515151515, 1.19076418, 1.00000000, 1.00000000, 1.00000000
0.202020202020, 0.161616161616, 1.18778692, 1.00000000, 1.00000000, 1.00000000
0.202020202020, 0.171717171717, 1.18405282, 1.00000000, 1.00000000, 1.00000000
0.202020202020, 0.181818181818, 1.17957704, 1.00000000, 1.00000000, 1.00000000
0.202020202020, 0.191919191919, 1.17437773, 1.00000000, 1.00000000, 1.00000000
0.202020202020, 0.202020202020, 1.16847596, 1.00000000, 1.00000000, 1.00000000
0.202020202020, 0.212121212121, 1.16189566, 1.00000000, 1.00000000, 1.00000000
0.202020202020, 0.222222222222, 1.15466350, 1.00000000, 1.00000000, 1.00000000
0.202020202020, 0.232323232323, 1.14680877, 1.00000000, 1.00000000, 1.00000000
0.202020202020, 0.242424242424, 1.13836329, 1.00000000, 1.00000000, 1.00000000
0.202020202020, 0.252525252525, 1.12936128, 1.00000000, 1.00000000, 1.00000000
0.202020202020, 0.262626262626, 1.11983917, 1.00000000, 1.00000000, 1.00000000
0.202020202020, 0.272727272727, 1.10983552, 1.00000000, 1.00000000, 1.00000000
0.202020202020, 0.282828282828, 1.09939080, 1.00000000, 1.00000000, 1.00000000
0.202020202020, 0.292929292929, 1.08854728, 1.00000000, 1.00000000, 1.00000000
0.202020202020, 0.303030303030, 1.07734882, 1.00000000, 1.00000000, 1.00000000
0.202020202020, 0.313131313131, 1.06584068, 1.00000000, 1.00000000, 1.00000000
0.202020202020, 0.323232323232, 1.05406938, 1.00000000, 1.00000000, 1.00000000
0.202020202020, 0.333333333333, 1.04208247, 1.00000000, 1.00000000, 1.00000000
0.202020202020, 0.343434343434, 1.02992837, 1.00000000, 1.00000000, 1.00000000
0.202020202020, 0.353535353535, 1.01765614, 1.00000000, 1.00000000, 1.00000000
0.202020202020, 0.363636363636, 1.00531527, 1.00000000, 1.00000000, 1.00000000
0.202020202020, 0.373737373737, 0.99295553, 1.00000000, 1.00000000, 1.00000000
0.202020202020, 0.383838383838, 0.98062674, 1.00000000, 1.00000000, 1.00000000
0.202020202020, 0.393939393939, 0.96837853, 1.00000000, 1.00000000, 1.00000000
0.202020202020, 0.404040404040, 0.95626021, 1.00000000, 1.00000000, 1.00000000
0.202020202020, 0.414141414141, 0.94432052, 1.00000000, 1.00000000, 1.00000000
0.202020202020, 0.424242424242, 0.93260745, 1.00000000, 1.00000000, 1.00000000
0.202020202020, 0.434343434343, 0.92116803, 1.00000000, 1.00000000, 1.00000000
0.202020202020, 0.444444444444, 0.91004817, 1.00000000, 1.00000000, 1.00000000
0.202020202020, 0.454545454545, 0.89929246, 1.00000000, 1.00000000, 1.00000000
0.202020202020, 0.464646464646, 0.88894399, 1.00000000, 1.00000000, 1.00000000
0.202020202020, 0.474747474747, 0.87904420, 1.00000000, 1.00000000, 1.00000000
0.202020202020, 0.484848484848, 0.86963268, 1.00000000, 1.00000000, 1.00000000
0.202020202020, 0.494949494949, 0.86074705, 1.00000000, 1.00000000, 1.00000000
0.202020202020, 0.505050505051, 0.85242280, 1.00000000, 1.00000000, 1.00000000
0.202020202020, 0.515151515152, 0.84469315, 1.00000000, 1.00000000, 1.00000000
0.202020202020, 0.525252525253, 0.83758892, 1.00000000, 1.00000000, 1.00000000
0.202020202020, 0.535353535354, 0.83113844, 1.00000000, 1.00000000, 1.00000000
0.202020202020, 0.545454545455, 0.82536739, 1.00000000, 1.00000000, 1.00000000
0.202020202020, 0.555555555556, 0.82029878, 1.00000000, 1.00000000, 1.00000000
0.202020202020, 0.565656565657, 0.81595279, 1.00000000, 1.00000000, 1.00000000
0.202020202020, 0.575757575758, 0.81234673, 1.00000000, 1.00000000, 1.00000000
0.202020202020, 0.585858585859, 0.80949500, 1.00000000, 1.00000000, 1.00000000
0.202020202020, 0.595959595960, 0.80740900, 1.00000000, 1.00000000, 1.00000000
0.202020202020, 0.606060606061, 0.80609712, 1.00000000, 1.00000000, 1.00000000
0.202020202020, 0.616161616162, 0.80556470, 1.00000000, 1.00000000, 1.00000000
0.202020202020, 0.626262626263, 0.80581387, 1.00000000, 1.00000000, 1.00000000
0.202020202020, 0.636363636364, 0.80684357, 1.00000000, 1.00000000, 1.00000000
0.202020202020, 0.646464646465, 0.80864966, 1.00000000, 1.00000000, 1.00000000
0.202020202020, 0.656565656566, 0.81122492, 1.00000000, 1.00000000, 1.00000000
0.202020202020, 0.666666666667, 0.81455912, 1.00000000, 1.00000000, 1.00000000
0.202020202020, 0.676767676768, 0.81863899, 1.00000000, 1.00000000, 1.00000000
0.202020202020, 0.686868686869, 0.82344832, 1.00000000, 1.00000000, 1.00000000
0.202020202020, 0.696969696970, 0.82896801, 1.00000000, 1.00000000, 1.00000000
0.202020202020, 0.707070707071, 0.83517608, 1.00000000, 1.00000000, 1.00000000
0.202020202020, 0.717171717172, 0.84204783, 1.00000000, 1.00000000, 1.00000000
0.202020202020, 0.727272727273, 0.84955589, 1.00000000, 1.00000000, 1.00000000
0.202020202020, 0.737373737374, 0.85767033, 1.00000000, 1.00000000, 1.00000000
0.202020202020, 0.747474747475, 0.86635875, 1.00000000, 1.00000000, 1.00000000
0.202020202020, 0.757575757576, 0.87558646, 1.00000000, 1.00000000, 1.00000000
0.202020202020, 0.767676767677, 0.88531657, 1.00000000, 1.00000000, 1.00000000
0.202020202020, 0.777777777778, 0.89551014, 1.00000000, 1.00000000, 1.00000000
0.202020202020, 0.787878787879, 0.90612634, 1.00000000, 1.00000000, 1.00000000
0.202020202020, 0.797979797980, 0.91712263, 1.00000000, 1.00000000, 1.00000000
0.202020202020, 0.808080808081, 0.92845488, 1.00000000, 1.00000000, 1.00000000
0.202020202020, 0.818181818182, 0.94007760, 1.00000000, 1.00000000, 1.00000000
0.202020202020, 0.828282828283, 0.95194408, 1.00000000, 1.00000000, 1.00000000
0.202020202020, 0.838383838384, 0.96400661, 1.00000000, 1.00000000, 1.00000000
0.202020202020, 0.848484848485, 0.97621664, 1.00000000, 1.00000000, 1.00000000
0.202020202020, 0.858585858586, 0.98852501, 1.00000000, 1.00000000, 1.00000000
0.202020202020, 0.868686868687, 1.00088213, 1.00000000, 1.00000000, 1.00000000
0.202020202020, 0.878787878788, 1.01323817, 1.00000000, 1.00000000, 1.00000000
0.202020202020, 0.888888888889, 1.02554330, 1.00000000, 1.00000000, 1.00000000
0.202020202020, 0.898989898990, 1.03774786, 1.00000000, 1.00000000, 1.00000000
0.202020202020, 0.909090909091, 1.04980257, 1.00000000, 1.00000000, 1.00000000
0.202020202020, 0.919191919192, 1.06165873, 1.00000000, 1.00000000, 1.00000000
0.202020202020, 0.929292929293, 1.07326840, 1.00000000, 1.00000000, 1.00000000
0.202020202020, 0.939393939394, 1.08458450, 1.00000000, 1.00000000, 1.00000000
0.202020202020, 0.949494949495, 1.09556062, 1.00000000, 1.00000000, 1.00000000
0.202020202020, 0.959595959596, 1.10615017, 1.00000000, 1.00000000, 1.00000000
0.212121212121, -0.000000000000, 1.15880379, 1.00000000, 1.00000000, 1.00000000
0.212121212121, 0.010101010101, 1.16518725, 1.00000000, 1.00000000, 1.00000000
0.212121212121, 0.020202020202, 1.17080110, 1.00000000, 1.00000000, 1.00000000
0.212121212121, 0.030303030303, 1.17572202, 1.00000000, 1.00000000, 1.00000000
0.212121212121, 0.040404040404, 1.18005975, 1.00000000, 1.00000000, 1.00000000
0.212121212121, 0.050505050505, 1.18390293, 1.00000000, 1.00000000, 1.00000000
0.212121212121, 0.060606060606, 1.18727775, 1.00000000, 1.00000000, 1.00000000
0.212121212121, 0.070707070707, 1.19014424, 1.00000000, 1.00000000, 1.00000000
0.212121212121, 0.080808080808, 1.19242472, 1.00000000, 1.00000000, 1.00000000
0.212121212121, 0.090909090909, 1.19403924, 1.00000000, 1.00000000, 1.00000000
0.212121212121, 0.101010101010, 1.19492769, 1.00000000, 1.00000000, 1.00000000
0.212121212121, 0.111111111111, 1.19505461, 1.00000000, 1.00000000, 1.00000000
0.212121212121, 0.121212121212, 1.19440414, 1.00000000, 1.00000000, 1.00000000
0.212121212121, 0.131313131313, 1.19297275, 1.00000000, 1.00000000, 1.00000000
0.212121212121, 0.141414141414, 1.19076422, 1.00000000, 1.00000000, 1.00000000
0.212121212121, 0.151515151515, 1.18778693, 1.00000000, 1.00000000, 1.00000000
0.212121212121, 0.161616161616, 1.18405282, 1.00000000, 1.00000000, 1.00000000
0.212121212121, 0.171717171717, 1.17957704, 1.00000000, 1.00000000, 1.00000000
0.212121212121, 0.181818181818, 1.17437773, 1.00000000, 1.00000000, 1.00000000
0.212121212121, 0.191919191919, 1.16847596, 1.00000000, 1.00000000, 1.00000000
0.212121212121, 0.202020202020, 1.16189566, 1.00000000, 1.00000000, 1.00000000
0.212121212121, 0.212121212121, 1.15466350, 1.00000000, 1.00000000, 1.00000000
0.212121212121, 0.222222222222, 1.14680877, 1.00000000, 1.00000000, 1.00000000
0.212121212121, 0.232323232323, 1.13836329, 1.00000000, 1.00000000, 1.00000000
0.212121212121, 0.242424242424, 1.12936128, 1.00000000, 1.00000000, 1.00000000
0.212121212121, 0.252525252525, 1.11983917, 1.00000000, 1.00000000, 1.00000000
0.212121212121, 0.262626262626, 1.10983552, 1.00000000, 1.00000000, 1.00000000
0.212121212121, 0.272727272727, 1.09939080, 1.00000000, 1.00000000, 1.00000000
0.212121212121, 0.282828282828, 1.08854728, 1.00000000, 1.00000000, 1.00000000
0.212121212121, 0.292929292929, 1.07734882, 1.00000000, 1.00000000, 1.00000000
0.212121212121, 0.303030303030, 1.06584068, 1.00000000, 1.00000000, 1.00000000
0.212121212121, 0.313131313131, 1.05406938, 1.00000000, 1.00000000, 1.00000000
0.212121212121, 0.323232323232, 1.04208247, 1.00000000, 1.00000000, 1.00000000
0.212121212121, 0.333333333333, 1.02992837, 1.00000000, 1.00000000, 1.00000000
0.212121212121, 0.343434343434, 1.01765614, 1.00000000, 1.00000000, 1.00000000
0.212121212121, 0.353535353535, 1.00531527, 1.00000000, 1.00000000, 1.00000000
0.212121212121, 0.363636363636, 0.99295553, 1.00000000, 1.00000000, 1.00000000
0.212121212121, 0.373737373737, 0.98062674, 1.00000000, 1.00000000, 1.00000000
0.212121212121, 0.383838383838, 0.96837853, 1.00000000, 1.00000000, 1.00000000
0.212121212121, 0.393939393939, 0.95626021, 1.00000000, 1.00000000, 1.00000000
0.212121212121, 0.404040404040, 0.94432052, 1.00000000, 1.00000000, 1.00000000
0.212121212121, 0.414141414141, 0.93260745, 1.00000000, 1.00000000, 1.00000000
0.212121212121, 0.424242424242, 0.92116803, 1.00000000, 1.00000000, 1.00000000
0.212121212121, 0.434343434343, 0.91004817, 1.00000000, 1.00000000, 1.00000000
0.212121212121, 0.444444444444, 0.89929246, 1.00000000, 1.00000000, 1.00000000
0.212121212121, 0.454545454545, 0.88894399, 1.00000000, 1.00000000, 1.00000000
0.212121212121, 0.464646464646, 0.87904420, 1.00000000, 1.00000000, 1.00000000
0.212121212121, 0.474747474747, 0.86963268, 1.00000000, 1.00000000, 1.00000000
0.212121212121, 0.484848484848, 0.86074705, 1.00000000, 1.00000000, 1.00000000
0.212121212121, 0.494949494949, 0.85242280, 1.00000000, 1.00000000, 1.00000000
0.212121212121, 0.505050505051, 0.84469315, 1.00000000, 1.00000000, 1.00000000
0.212121212121, 0.515151515152, 0.83758892, 1.00000000, 1.00000000, 1.00000000
0.212121212121, 0.525252525253, 0.83113844, 1.00000000, 1.00000000, 1.00000000
0.212121212121, 0.535353535354, 0.82536739, 1.00000000, 1.00000000, 1.00000000
0.212121212121, 0.545454545455, 0.82029878, 1.00000000, 1.00000000, 1.00000000
0.212121212121, 0.555555555556, 0.81595279, 1.00000000, 1.00000000, 1.00000000
0.212121212121, 0.565656565657, 0.81234673, 1.00000000, 1.00000000, 1.00000000
0.212121212121, 0.575757575758, 0.80949500, 1.00000000, 1.00000000, 1.00000000
0.212121212121, 0.585858585859, 0.80740900, 1.00000000, 1.00000000, 1.00000000
0.212121212121, 0.595959595960, 0.80609712, 1.00000000, 1.00000000, 1.00000000
0.212121212121, 0.606060606061, 0.80556470, 1.00000000, 1.00000000, 1.00000000
0.212121212121, 0.616161616162, 0.80581387, 1.00000000, 1.00000000, 1.00000000
0.212121212121, 0.626262626263, 0.80684357, 1.00000000, 1.00000000, 1.00000000
0.212121212121, 0.636363636364, 0.80864966, 1.00000000, 1.00000000, 1.00000000
0.212121212121, 0.646464646465, 0.81122492, 1.00000000, 1.00000000, 1.00000000
0.212121212121, 0.656565656566, 0.81455912, 1.00000000, 1.00000000, 1.00000000
0.212121212121, 0.666666666667, 0.81863899, 1.00000000, 1.00000000, 1.00000000
0.212121212121, 0.676767676768, 0.82344832, 1.00000000, 1.00000000, 1.00000000
0.212121212121, 0.686868686869, 0.82896801, 1.00000000, 1.00000000, 1.00000000
0.212121212121, 0.696969696970, 0.83517608, 1.00000000, 1.00000000, 1.00000000
0.212121212121, 0.707070707071, 0.84204783, 1.00000000, 1.00000000, 1.00000000
0.212121212121, 0.717171717172, 0.84955589, 1.00000000, 1.00000000, 1.00000000
0.212121212121, 0.727272727273, 0.85767033, 1.00000000, 1.00000000, 1.00000000
0.212121212121, 0.737373737374, 0.86635875, 1.00000000, 1.00000000, 1.00000000
0.212121212121, 0.747474747475, 0.87558646, 1.00000000, 1.00000000, 1.00000000
0.212121212121, 0.757575757576, 0.88531657, 1.00000000, 1.00000000, 1.00000000
0.212121212121, 0.767676767677, 0.89551014, 1.00000000, 1.00000000, 1.00000000
0.212121212121, 0.777777777778, 0.90612634, 1.00000000, 1.00000000, 1.00000000
0.212121212121, 0.787878787879, 0.91712263, 1.00000000, 1.00000000, 1.00000000
0.212121212121, 0.797979797980, 0.92845488, 1.00000000, 1.00000000, 1.00000000
0.212121212121, 0.808080808081, 0.94007760, 1.00000000, 1.00000000, 1.00000000
0.212121212121, 0.818181818182, 0.95194408, 1.00000000, 1.00000000, 1.00000000
0.212121212121, 0.828282828283, 0.96400661, 1.00000000, 1.00000000, 1.00000000
0.212121212121, 0.838383838384, 0.97621664, 1.00000000, 1.00000000, 1.00000000
0.212121212121, 0.848484848485, 0.98852501, 1.00000000, 1.00000000, 1.00000000
0.212121212121, 0.858585858586, 1.00088213, 1.00000000, 1.00000000, 1.00000000
0.212121212121, 0.868686868687, 1.01323817, 1.00000000, 1.00000000, 1.00000000
0.212121212121, 0.878787878788, 1.02554330, 1.00000000, 1.00000000, 1.00000000
0.212121212121, 0.888888888889, 1.03774786, 1.00000000, 1.00000000, 1.00000000
0.212121212121, 0.898989898990, 1.04980257, 1.00000000, 1.00000000, 1.00000000
0.212121212121, 0.909090909091, 1.06165874, 1.00000000, 1.00000000, 1.00000000
0.212121212121, 0.919191919192, 1.07326845, 1.00000000, 1.00000000, 1.00000000
0.212121212121, 0.929292929293, 1.08458475, 1.00000000, 1.00000000, 1.00000000
0.212121212121, 0.939393939394, 1.09556175, 1.00000000, 1.00000000, 1.00000000
0.212121212121, 0.949494949495, 1.10615450, 1.00000000, 1.00000000, 1.00000000
0.212121212121, 0.959595959596, 1.11631823, 1.00000000, 1.00000000, 1.00000000
0.222222222222, -0.000000000000, 1.16571368, 1.00000000, 1.00000000, 1.00000000
0.222222222222, 0.010101010101, 1.17150140, 1.00000000, 1.00000000, 1.00000000
0.222222222222, 0.020202020202, 1.17652030, 1.00000000, 1.00000000, 1.00000000
0.222222222222, 0.030303030303, 1.18084059, 1.00000000, 1.00000000, 1.00000000
0.222222222222, 0.040404040404, 1.18455953, 1.00000000, 1.00000000, 1.00000000
0.222222222222, 0.050505050505, 1.18775326, 1.00000000, 1.00000000, 1.00000000
0.222222222222, 0.060606060606, 1.19044129, 1.00000000, 1.00000000, 1.00000000
0.222222222222, 0.070707070707, 1.19258498, 1.00000000, 1.00000000, 1.00000000
0.222222222222, 0.080808080808, 1.19411396, 1.00000000, 1.00000000, 1.00000000
0.222222222222, 0.090909090909, 1.19495779, 1.00000000, 1.00000000, 1.00000000
0.222222222222, 0.101010101010, 1.19506508, 1.00000000, 1.00000000, 1.00000000
0.222222222222, 0.111111111111, 1.19440727, 1.00000000, 1.00000000, 1.00000000
0.222222222222, 0.121212121212, 1.19297356, 1.00000000, 1.00000000, 1.00000000
0.222222222222, 0.131313131313, 1.19076440, 1.00000000, 1.00000000, 1.00000000
0.222222222222, 0.141414141414, 1.18778696, 1.00000000, 1.00000000, 1.00000000
0.222222222222, 0.151515151515, 1.18405283, 1.00000000, 1.00000000, 1.00000000
0.222222222222, 0.161616161616, 1.17957704, 1.00000000, 1.00000000, 1.00000000
0.222222222222, 0.171717171717, 1.17437773, 1.00000000, 1.00000000, 1.00000000
0.222222222222, 0.181818181818, 1.16847596, 1.00000000, 1.00000000, 1.00000000
0.222222222222, 0.191919191919, 1.16189566, 1.00000000, 1.00000000, 1.00000000
0.222222222222, 0.202020202020, 1.15466350, 1.00000000, 1.00000000, 1.00000000
0.222222222222, 0.212121212121, 1.14680877, 1.00000000, 1.00000000, 1.00000000
0.222222222222, 0.222222222222, 1.13836329, 1.00000000, 1.00000000, 1.00000000
0.222222222222, 0.232323232323, 1.12936128, 1.00000000, 1.00000000, 1.00000000
0.222222222222, 0.242424242424, 1.11983917, 1.00000000, 1.00000000, 1.00000000
0.222222222222, 0.252525252525, 1.10983552, 1.00000000, 1.00000000, 1.00000000
0.222222222222, 0.262626262626, 1.09939080, 1.00000000, 1.00000000, 1.00000000
0.222222222222, 0.272727272727, 1.08854728, 1.00000000, 1.00000000, 1.00000000
0.222222222222, 0.282828282828, 1.07734882, 1.00000000, 1.00000000, 1.00000000
0.222222222222, 0.292929292929, 1.06584068, 1.00000000, 1.00000000, 1.00000000
0.222222222222, 0.303030303030, 1.05406938, 1.00000000, 1.00000000, 1.00000000
0.222222222222, 0.313131313131, 1.04208247, 1.00000000, 1.00000000, 1.00000000
0.222222222222, 0.323232323232, 1.02992837, 1.00000000, 1.00000000, 1.00000000
0.222222222222, 0.333333333333, 1.01765614, 1.00000000, 1.00000000, 1.00000000
0.222222222222, 0.343434343434, 1.00531527, 1.00000000, 1.00000000, 1.00000000
0.222222222222, 0.353535353535, 0.99295553, 1.00000000, 1.00000000, 1.00000000
0.222222222222, 0.363636363636, 0.98062674, 1.00000000, 1.00000000, 1.00000000
0.222222222222, 0.373737373737, 0.96837853, 1.00000000, 1.00000000, 1.00000000
0.222222222222, 0.383838383838, 0.95626021, 1.00000000, 1.00000000, 1.00000000
0.222222222222, 0.393939393939, 0.94432052, 1.00000000, 1.00000000, 1.00000000
0.222222222222, 0.404040404040, 0.93260745, 1.00000000, 1.00000000, 1.00000000
0.222222222222, 0.414141414141, 0.92116803, 1.00000000, 1.00000000, 1.00000000
0.222222222222, 0.424242424242, 0.91004817, 1.00000000, 1.00000000, 1.00000000
0.222222222222, 0.434343434343, 0.89929246, 1.00000000, 1.00000000, 1.00000000
0.222222222222, 0.444444444444, 0.88894399, 1.00000000, 1.00000000, 1.00000000
0.222222222222, 0.454545454545, 0.87904420, 1.00000000, 1.00000000, 1.00000000
0.222222222222, 0.464646464646, 0.86963268, 1.00000000, 1.00000000, 1.00000000
0.222222222222, 0.474747474747, 0.86074705, 1.00000000, 1.00000000, 1.00000000
0.222222222222, 0.484848484848, 0.85242280, 1.00000000, 1.00000000, 1.00000000
0.222222222222, 0.494949494949, 0.84469315, 1.00000000, 1.00000000, 1.00000000
0.222222222222, 0.505050505051, 0.83758892, 1.00000000, 1.00000000, 1.00000000
0.222222222222, 0.515151515152, 0.83113844, 1.00000000, 1.00000000, 1.00000000
0.222222222222, 0.525252525253, 0.82536739, 1.00000000, 1.00000000, 1.00000000
0.222222222222, 0.535353535354, 0.82029878, 1.00000000, 1.00000000, 1.00000000
0.222222222222, 0.545454545455, 0.81595279, 1.00000000, 1.00000000, 1.00000000
0.222222222222, 0.555555555556, 0.81234673, 1.00000000, 1.00000000, 1.00000000
0.222222222222, 0.565656565657, 0.80949500, 1.00000000, 1.00000000, 1.00000000
0.222222222222, 0.575757575758, 0.80740900, 1.00000000, 1.00000000, 1.00000000
0.222222222222, 0.585858585859, 0.80609712, 1.00000000, 1.00000000, 1.00000000
0.222222222222, 0.595959595960, 0.80556470, 1.00000000, 1.00000000, 1.00000000
0.222222222222, 0.606060606061, 0.80581387, 1.00000000, 1.00000000, 1.00000000
0.222222222222, 0.616161616162, 0.80684357, 1.00000000, 1.00000000, 1.00000000
0.222222222222, 0.626262626263, 0.80864966, 1.00000000, 1.00000000, 1.00000000
0.222222222222, 0.636363636364, 0.81122492, 1.00000000, 1.00000000, 1.00000000
0.222222222222, 0.646464646465, 0.81455912, 1.00000000, 1.00000000, 1.00000000
0.222222222222, 0.656565656566, 0.81863899, 1.00000000, 1.00000000, 1.00000000
0.222222222222, 0.666666666667, 0.82344832, 1.00000000, 1.00000000, 1.00000000
0.222222222222, 0.676767676768, 0.82896801, 1.00000000, 1.00000000, 1.00000000
0.222222222222, 0.686868686869, 0.83517608, 1.00000000, 1.00000000, 1.00000000
0.222222222222, 0.696969696970, 0.84204783, 1.00000000, 1.00000000, 1.00000000
0.222222222222, 0.707070707071, 0.84955589, 1.00000000, 1.00000000, 1.00000000
0.222222222222, 0.717171717172, 0.85767033, 1.00000000, 1.00000000, 1.00000000
0.222222222222, 0.727272727273, 0.86635875, 1.00000000, 1.00000000, 1.00000000
0.222222222222, 0.737373737374, 0.87558646, 1.00000000, 1.00000000, 1.00000000
0.222222222222, 0.747474747475, 0.88531657, 1.00000000, 1.00000000, 1.00000000
0.222222222222, 0.757575757576, 0.89551014, 1.00000000, 1.00000000, 1.00000000
0.222222222222, 0.767676767677, 0.90612634, 1.00000000, 1.00000000, 1.00000000
0.222222222222, 0.777777777778, 0.91712263, 1.00000000, 1.00000000, 1.00000000
0.222222222222, 0.787878787879, 0.92845488, 1.00000000, 1.00000000, 1.00000000
0.222222222222, 0.797979797980, 0.94007760, 1.00000000, 1.00000000, 1.00000000
0.222222222222, 0.808080808081, 0.95194408, 1.00000000, 1.00000000, 1.00000000
0.222222222222, 0.818181818182, 0.96400661, 1.00000000, 1.00000000, 1.00000000
0.222222222222, 0.828282828283, 0.97621664, 1.00000000, 1.00000000, 1.00000000
0.222222222222, 0.838383838384, 0.98852501, 1.00000000, 1.00000000, 1.00000000
0.222222222222, 0.848484848485, 1.00088213, 1.00000000, 1.00000000, 1.00000000
0.222222222222, 0.858585858586, 1.01323817, 1.00000000, 1.00000000, 1.00000000
0.222222222222, 0.868686868687, 1.02554330, 1.00000000, 1.00000000, 1.00000000
0.222222222222, 0.878787878788, 1.03774786, 1.00000000, 1.00000000, 1.00000000
0.222222222222, 0.888888888889, 1.04980257, 1.00000000, 1.00000000, 1.00000000
0.222222222222, 0.898989898990, 1.06165874, 1.00000000, 1.00000000, 1.00000000
0.222222222222, 0.909090909091, 1.07326846, 1.00000000, 1.00000000, 1.00000000
0.222222222222, 0.919191919192, 1.08458480, 1.00000000, 1.00000000, 1.00000000
0.222222222222, 0.929292929293, 1.09556197, 1.00000000, 1.00000000, 1.00000000
0.222222222222, 0.939393939394, 1.10615548, 1.00000000, 1.00000000, 1.00000000
0.222222222222, 0.949494949495, 1.11632199, 1.00000000, 1.00000000, 1.00000000
0.222222222222, 0.959595959596, 1.12601876, 1.00000000, 1.00000000, 1.00000000
0.232323232323, -0.000000000000, 1.17195572, 1.00000000, 1.00000000, 1.00000000
0.232323232323, 0.010101010101, 1.17712431, 1.00000000, 1.00000000, 1.00000000
0.232323232323, 0.020202020202, 1.18152806, 1.00000000, 1.00000000, 1.00000000
0.232323232323, 0.030303030303, 1.18523042, 1.00000000, 1.00000000, 1.00000000
0.232323232323, 0.040404040404, 1.18831566, 1.00000000, 1.00000000, 1.00000000
0.232323232323, 0.050505050505, 1.19084705, 1.00000000, 1.00000000, 1.00000000
0.232323232323, 0.060606060606, 1.19283735, 1.00000000, 1.00000000, 1.00000000
0.232323232323, 0.070707070707, 1.19424944, 1.00000000, 1.00000000, 1.00000000
0.232323232323, 0.080808080808, 1.19502061, 1.00000000, 1.00000000, 1.00000000
0.232323232323, 0.090909090909, 1.19509023, 1.00000000, 1.00000000, 1.00000000
0.232323232323, 0.101010101010, 1.19441596, 1.00000000, 1.00000000, 1.00000000
0.232323232323, 0.111111111111, 1.19297614, 1.00000000, 1.00000000, 1.00000000
0.232323232323, 0.121212121212, 1.19076506, 1.00000000, 1.00000000, 1.00000000
0.232323232323, 0.131313131313, 1.18778710, 1.00000000, 1.00000000, 1.00000000
0.232323232323, 0.141414141414, 1.18405286, 1.00000000, 1.00000000, 1.00000000
0.232323232323, 0.151515151515, 1.17957705, 1.00000000, 1.00000000, 1.00000000
0.232323232323, 0.161616161616, 1.17437773, 1.00000000, 1.00000000, 1.00000000
0.232323232323, 0.171717171717, 1.16847596, 1.00000000, 1.00000000, 1.00000000
0.232323232323, 0.181818181818, 1.16189566, 1.00000000, 1.00000000, 1.00000000
0.232323232323, 0.191919191919, 1.15466350, 1.00000000, 1.00000000, 1.00000000
0.232323232323, 0.202020202020, 1.14680877, 1.00000000, 1.00000000, 1.00000000
0.232323232323, 0.212121212121, 1.13836329, 1.00000000, 1.00000000, 1.00000000
0.232323232323, 0.222222222222, 1.12936128, 1.00000000, 1.00000000, 1.00000000
0.232323232323, 0.232323232323, 1.11983917, 1.00000000, 1.00000000, 1.00000000
0.232323232323, 0.242424242424, 1.10983552, 1.00000000, 1.00000000, 1.00000000
0.232323232323, 0.252525252525, 1.09939080, 1.00000000, 1.00000000, 1.00000000
0.232323232323, 0.262626262626, 1.08854728, 1.00000000, 1.00000000, 1.00000000
0.232323232323, 0.272727272727, 1.07734882, 1.00000000, 1.00000000, 1.00000000
0.232323232323, 0.282828282828, 1.06584068, 1.00000000, 1.00000000, 1.00000000
0.232323232323, 0.292929292929, 1.05406938, 1.00000000, 1.00000000, 1.00000000
0.232323232323, 0.303030303030, 1.04208247, 1.00000000, 1.00000000, 1.00000000
0.232323232323, 0.313131313131, 1.02992837, 1.00000000, 1.00000000, 1.00000000
0.232323232323, 0.323232323232, 1.01765614, 1.00000000, 1.00000000, 1.00000000
0.232323232323, 0.333333333333, 1.00531527, 1.00000000, 1.00000000, 1.00000000
0.232323232323, 0.343434343434, 0.99295553, 1.00000000, 1.00000000, 1.00000000
0.232323232323, 0.353535353535, 0.98062674, 1.00000000, 1.00000000, 1.00000000
0.232323232323, 0.363636363636, 0.96837853, 1.00000000, 1.00000000, 1.00000000
0.232323232323, 0.373737373737, 0.95626021, 1.00000000, 1.00000000, 1.00000000
0.232323232323, 0.383838383838, 0.94432052, 1.00000000, 1.00000000, 1.00000000
0.232323232323, 0.393939393939, 0.93260745, 1.00000000, 1.00000000, 1.00000000
0.232323232323, 0.404040404040, 0.92116803, 1.00000000, 1.00000000, 1.00000000
0.232323232323, 0.414141414141, 0.91004817, 1.00000000, 1.00000000, 1.00000000
0.232323232323, 0.424242424242, 0.89929246, 1.00000000, 1.00000000, 1.00000000
0.232323232323, 0.434343434343, 0.88894399, 1.00000000, 1.00000000, 1.00000000
0.232323232323, 0.444444444444, 0.87904420, 1.00000000, 1.00000000, 1.00000000
0.232323232323, 0.454545454545, 0.86963268, 1.00000000, 1.00000000, 1.00000000
0.232323232323, 0.464646464646, 0.86074705, 1.00000000, 1.00000000, 1.00000000
0.232323232323, 0.474747474747, 0.85242280, 1.00000000, 1.00000000, 1.00000000
0.232323232323, 0.484848484848, 0.84469315, 1.00000000, 1.00000000, 1.00000000
0.232323232323, 0.494949494949, 0.83758892, 1.00000000, 1.00000000, 1.00000000
0.232323232323, 0.505050505051, 0.83113844, 1.00000000, 1.00000000, 1.00000000
0.232323232323, 0.515151515152, 0.82536739, 1.00000000, 1.00000000, 1.00000000
0.232323232323, 0.525252525253, 0.82029878, 1.00000000, 1.00000000, 1.00000000
0.232323232323, 0.535353535354, 0.81595279, 1.00000000, 1.00000000, 1.00000000
0.232323232323, 0.545454545455, 0.81234673, 1.00000000, 1.00000000, 1.00000000
0.232323232323, 0.555555555556, 0.80949500, 1.00000000, 1.00000000, 1.00000000
0.232323232323, 0.565656565657, 0.80740900, 1.00000000, 1.00000000, 1.00000000
0.232323232323, 0.575757575758, 0.80609712, 1.00000000, 1.00000000, 1.00000000
0.232323232323, 0.585858585859, 0.80556470, 1.00000000, 1.00000000, 1.00000000
0.232323232323, 0.595959595960, 0.80581387, 1.00000000, 1.00000000, 1.00000000
0.232323232323, 0.606060606061, 0.80684357, 1.00000000, 1.00000000, 1.00000000
0.232323232323, 0.616161616162, 0.80864966, 1.00000000, 1.00000000, 1.00000000
0.232323232323, 0.626262626263, 0.81122492, 1.00000000, 1.00000000, 1.00000000
0.232323232323, 0.636363636364, 0.81455912, 1.00000000, 1.00000000, 1.00000000
0.232323232323, 0.646464646465, 0.81863899, 1.00000000, 1.00000000, 1.00000000
0.232323232323, 0.656565656566, 0.82344832, 1.00000000, 1.00000000, 1.00000000
0.232323232323, 0.666666666667, 0.82896801, 1.00000000, 1.00000000, 1.00000000
0.232323232323, 0.676767676768, 0.83517608, 1.00000000, 1.00000000, 1.00000000
0.232323232323, 0.686868686869, 0.84204783, 1.00000000, 1.00000000, 1.00000000
0.232323232323, 0.696969696970, 0.84955589, 1.00000000, 1.00000000, 1.00000000
0.232323232323, 0.707070707071, 0.85767033, 1.00000000, 1.00000000, 1.00000000
0.232323232323, 0.717171717172, 0.86635875, 1.00000000, 1.00000000, 1.00000000
0.232323232323, 0.727272727273, 0.87558646, 1.00000000, 1.00000000, 1.00000000
0.232323232323, 0.737373737374, 0.88531657, 1.00000000, 1.00000000, 1.00000000
0.232323232323, 0.747474747475, 0.89551014, 1.00000000, 1.00000000, 1.00000000
0.232323232323, 0.757575757576, 0.90612634, 1.00000000, 1.00000000, 1.00000000
0.232323232323, 0.767676767677, 0.91712263, 1.00000000, 1.00000000, 1.00000000
0.232323232323, 0.777777777778, 0.92845488, 1.00000000, 1.00000000, 1.00000000
0.232323232323, 0.787878787879, 0.94007760, 1.00000000, 1.00000000, 1.00000000
0.232323232323, 0.797979797980, 0.95194408, 1.00000000, 1.00000000, 1.00000000
0.232323232323, 0.808080808081, 0.96400661, 1.00000000, 1.00000000, 1.00000000
0.232323232323, 0.818181818182, 0.97621664, 1.00000000, 1.00000000, 1.00000000
0.232323232323, 0.828282828283, 0.98852501, 1.00000000, 1.00000000, 1.00000000
0.232323232323, 0.838383838384, 1.00088213, 1.00000000, 1.00000000, 1.00000000
0.232323232323, 0.848484848485, 1.01323817, 1.00000000, 1.00000000, 1.00000000
0.232323232323, 0.858585858586, 1.02554330, 1.00000000, 1.00000000, 1.00000000
0.232323232323, 0.868686868687, 1.03774786, 1.00000000, 1.00000000, 1.00000000
0.232323232323, 0.878787878788, 1.04980257, 1.00000000, 1.00000000, 1.00000000
0.232323232323, 0.888888888889, 1.06165874, 1.00000000, 1.00000000, 1.00000000
0.232323232323, 0.898989898990, 1.07326846, 1.00000000, 1.00000000, 1.00000000
0.232323232323, 0.909090909091, 1.08458480, 1.00000000, 1.00000000, 1.00000000
0.232323232323, 0.919191919192, 1.09556201, 1.00000000, 1.00000000, 1.00000000
0.232323232323, 0.929292929293, 1.10615566, 1.00000000, 1.00000000, 1.00000000
0.232323232323, 0.939393939394, 1.11632281, 1.00000000, 1.00000000, 1.00000000
0.232323232323, 0.949494949495, 1.12602194, 1.00000000, 1.00000000, 1.00000000
0.232323232323, 0.959595959596, 1.13521249, 1.00000000, 1.00000000, 1.00000000
0.242424242424, -0.000000000000, 1.17750466, 1.00000000, 1.00000000, 1.00000000
0.242424242424, 0.010101010101, 1.18203322, 1.00000000, 1.00000000, 1.00000000
0.242424242424, 0.020202020202, 1.18580414, 1.00000000, 1.00000000, 1.00000000
0.242424242424, 0.030303030303, 1.18887374, 1.00000000, 1.00000000, 1.00000000
0.242424242424, 0.040404040404, 1.19131290, 1.00000000, 1.00000000, 1.00000000
0.242424242424, 0.050505050505, 1.19317171, 1.00000000, 1.00000000, 1.00000000
0.242424242424, 0.060606060606, 1.19445615, 1.00000000, 1.00000000, 1.00000000
0.242424242424, 0.070707070707, 1.19513080, 1.00000000, 1.00000000, 1.00000000
0.242424242424, 0.080808080808, 1.19514093, 1.00000000, 1.00000000, 1.00000000
0.242424242424, 0.090909090909, 1.19443608, 1.00000000, 1.00000000, 1.00000000
0.242424242424, 0.101010101010, 1.19298303, 1.00000000, 1.00000000, 1.00000000
0.242424242424, 0.111111111111, 1.19076708, 1.00000000, 1.00000000, 1.00000000
0.242424242424, 0.121212121212, 1.18778761, 1.00000000, 1.00000000, 1.00000000
0.242424242424, 0.131313131313, 1.18405297, 1.00000000, 1.00000000, 1.00000000
0.242424242424, 0.141414141414, 1.17957707, 1.00000000, 1.00000000, 1.00000000
0.242424242424, 0.151515151515, 1.17437773, 1.00000000, 1.00000000, 1.00000000
0.242424242424, 0.161616161616, 1.16847596, 1.00000000, 1.00000000, 1.00000000
0.242424242424, 0.171717171717, 1.16189566, 1.00000000, 1.00000000, 1.00000000
0.242424242424, 0.181818181818, 1.15466350, 1.00000000, 1.00000000, 1.00000000
0.242424242424, 0.191919191919, 1.14680877, 1.00000000, 1.00000000, 1.00000000
0.242424242424, 0.202020202020, 1.13836329, 1.00000000, 1.00000000, 1.00000000
0.242424242424, 0.212121212121, 1.12936128, 1.00000000, 1.00000000, 1.00000000
0.242424242424, 0.222222222222, 1.11983917, 1.00000000, 1.00000000, 1.00000000
0.242424242424, 0.232323232323, 1.10983552, 1.00000000, 1.00000000, 1.00000000
0.242424242424, 0.242424242424, 1.09939080, 1.00000000, 1.00000000, 1.00000000
0.242424242424, 0.252525252525, 1.08854728, 1.00000000, 1.00000000, 1.00000000
0.242424242424, 0.262626262626, 1.07734882, 1.00000000, 1.00000000, 1.00000000
0.242424242424, 0.272727272727, 1.06584068, 1.00000000, 1.00000000, 1.00000000
0.242424242424, 0.282828282828, 1.05406938, 1.00000000, 1.00000000, 1.00000000
0.242424242424, 0.292929292929, 1.04208247, 1.00000000, 1.00000000, 1.00000000
0.242424242424, 0.303030303030, 1.02992837, 1.00000000, 1.00000000, 1.00000000
0.242424242424, 0.313131313131, 1.01765614, 1.00000000, 1.00000000, 1.00000000
0.242424242424, 0.323232323232, 1.00531527, 1.00000000, 1.00000000, 1.00000000
0.242424242424, 0.333333333333, 0.99295553, 1.00000000, 1.00000000, 1.00000000
0.242424242424, 0.343434343434, 0.98062674, 1.00000000, 1.00000000, 1.00000000
0.242424242424, 0.353535353535, 0.96837853, 1.00000000, 1.00000000, 1.00000000
0.242424242424, 0.363636363636, 0.95626021, 1.00000000, 1.00000000, 1.00000000
0.242424242424, 0.373737373737, 0.94432052, 1.00000000, 1.00000000, 1.00000000
0.242424242424, 0.383838383838, 0.93260745, 1.00000000, 1.00000000, 1.00000000
0.242424242424, 0.393939393939, 0.92116803, 1.00000000, 1.00000000, 1.00000000
0.242424242424, 0.404040404040, 0.91004817, 1.00000000, 1.00000000, 1.00000000
0.242424242424, 0.414141414141, 0.89929246, 1.00000000, 1.00000000, 1.00000000
0.242424242424, 0.424242424242, 0.88894399, 1.00000000, 1.00000000, 1.00000000
0.242424242424, 0.434343434343, 0.87904420, 1.00000000, 1.00000000, 1.00000000
0.242424242424, 0.444444444444, 0.86963268, 1.00000000, 1.00000000, 1.00000000
0.242424242424, 0.454545454545, 0.86074705, 1.00000000, 1.00000000, 1.00000000
0.242424242424, 0.464646464646, 0.85242280, 1.00000000, 1.00000000, 1.00000000
0.242424242424, 0.474747474747, 0.84469315, 1.00000000, 1.00000000, 1.00000000
0.242424242424, 0.484848484848, 0.83758892, 1.00000000, 1.00000000, 1.00000000
0.242424242424, 0.494949494949, 0.83113844, 1.00000000, 1.00000000, 1.00000000
0.242424242424, 0.505050505051, 0.82536739, 1.00000000, 1.00000000, 1.00000000
0.242424242424, 0.515151515152, 0.82029878, 1.00000000, 1.00000000, 1.00000000
0.242424242424, 0.525252525253, 0.81595279, 1.00000000, 1.00000000, 1.00000000
0.242424242424, 0.535353535354, 0.81234673, 1.00000000, 1.00000000, 1.00000000
0.242424242424, 0.545454545455, 0.80949500, 1.00000000, 1.00000000, 1.00000000
0.242424242424, 0.555555555556, 0.80740900, 1.00000000, 1.00000000, 1.00000000
0.242424242424, 0.565656565657, 0.80609712, 1.00000000, 1.00000000, 1.00000000
0.242424242424, 0.575757575758, 0.80556470, 1.00000000, 1.00000000, 1.00000000
0.242424242424, 0.585858585859, 0.80581387, 1.00000000, 1.00000000, 1.00000000
0.242424242424, 0.595959595960, 0.80684357, 1.00000000, 1.00000000, 1.00000000
0.242424242424, 0.606060606061, 0.80864966, 1.00000000, 1.00000000, 1.00000000
0.242424242424, 0.616161616162, 0.81122492, 1.00000000, 1.00000000, 1.00000000
0.242424242424, 0.626262626263, 0.81455912, 1.00000000, 1.00000000, 1.00000000
0.242424242424, 0.636363636364, 0.81863899, 1.00000000, 1.00000000, 1.00000000
0.242424242424, 0.646464646465, 0.82344832, 1.00000000, 1.00000000, 1.00000000
0.242424242424, 0.656565656566, 0.82896801, 1.00000000, 1.00000000, 1.00000000
0.242424242424, 0.666666666667, 0.83517608, 1.00000000, 1.00000000, 1.00000000
0.242424242424, 0.676767676768, 0.84204783, 1.00000000, 1.00000000, 1.00000000
0.242424242424, 0.686868686869, 0.84955589, 1.00000000, 1.00000000, 1.00000000
0.242424242424, 0.696969696970, 0.85767033, 1.00000000, 1.00000000, 1.00000000
0.242424242424, 0.707070707071, 0.86635875, 1.00000000, 1.00000000, 1.00000000
0.242424242424, 0.717171717172, 0.87558646, 1.00000000, 1.00000000, 1.00000000
0.242424242424, 0.727272727273, 0.88531657, 1.00000000, 1.00000000, 1.00000000
0.242424242424, 0.737373737374, 0.89551014, 1.00000000, 1.00000000, 1.00000000
0.242424242424, 0.747474747475, 0.90612634, 1.00000000, 1.00000000, 1.00000000
0.242424242424, 0.757575757576, 0.91712263, 1.00000000, 1.00000000, 1.00000000
0.242424242424, 0.767676767677, 0.92845488, 1.00000000, 1.00000000, 1.00000000
0.242424242424, 0.777777777778, 0.94007760, 1.00000000, 1.00000000, 1.00000000
0.242424242424, 0.787878787879, 0.95194408, 1.00000000, 1.00000000, 1.00000000
0.242424242424, 0.797979797980, 0.96400661, 1.00000000, 1.00000000, 1.00000000
0.242424242424, 0.808080808081, 0.97621664, 1.00000000, 1.00000000, 1.00000000
0.242424242424, 0.818181818182, 0.98852501, 1.00000000, 1.00000000, 1.00000000
0.242424242424, 0.828282828283, 1.00088213, 1.00000000, 1.00000000, 1.00000000
0.242424242424, 0.838383838384, 1.01323817, 1.00000000, 1.00000000, 1.00000000
0.242424242424, 0.848484848485, 1.02554330, 1.00000000, 1.00000000, 1.00000000
0.242424242424, 0.858585858586, 1.03774786, 1.00000000, 1.00000000, 1.00000000
0.242424242424, 0.868686868687, 1.04980257, 1.00000000, 1.00000000, 1.00000000
0.242424242424, 0.878787878788, 1.06165874, 1.00000000, 1.00000000, 1.00000000
0.242424242424, 0.888888888889, 1.07326846, 1.00000000, 1.00000000, 1.00000000
0.242424242424, 0.898989898990, 1.08458480, 1.00000000, 1.00000000, 1.00000000
0.242424242424, 0.909090909091, 1.09556202, 1.00000000, 1.00000000, 1.00000000
0.242424242424, 0.919191919192, 1.10615569, 1.00000000, 1.00000000, 1.00000000
0.242424242424, 0.929292929293, 1.11632296, 1.00000000, 1.00000000, 1.00000000
0.242424242424, 0.939393939394, 1.12602261, 1.00000000, 1.00000000, 1.00000000
0.242424242424, 0.949494949495, 1.13521510, 1.00000000, 1.00000000, 1.00000000
0.242424242424, 0.959595959596, 1.14386221, 1.00000000, 1.00000000, 1.00000000
0.252525252525, -0.000000000000, 1.18233807, 1.00000000, 1.00000000, 1.00000000
0.252525252525, 0.010101010101, 1.18620830, 1.00000000, 1.00000000, 1.00000000
0.252525252525, 0.020202020202, 1.18933122, 1.00000000, 1.00000000, 1.00000000
0.252525252525, 0.030303030303, 1.19175575, 1.00000000, 1.00000000, 1.00000000
0.252525252525, 0.040404040404, 1.19353905, 1.00000000, 1.00000000, 1.00000000
0.252525252525, 0.050505050505, 1.19471775, 1.00000000, 1.00000000, 1.00000000
0.252525252525, 0.060606060606, 1.19529102, 1.00000000, 1.00000000, 1.00000000
0.252525252525, 0.070707070707, 1.19522542, 1.00000000, 1.00000000, 1.00000000
0.252525252525, 0.080808080808, 1.19447447, 1.00000000, 1.00000000, 1.00000000
0.252525252525, 0.090909090909, 1.19299805, 1.00000000, 1.00000000, 1.00000000
0.252525252525, 0.101010101010, 1.19077213, 1.00000000, 1.00000000, 1.00000000
0.252525252525, 0.111111111111, 1.18778907, 1.00000000, 1.00000000, 1.00000000
0.252525252525, 0.121212121212, 1.18405333, 1.00000000, 1.00000000, 1.00000000
0.252525252525, 0.131313131313, 1.17957714, 1.00000000, 1.00000000, 1.00000000
0.252525252525, 0.141414141414, 1.17437775, 1.00000000, 1.00000000, 1.00000000
0.252525252525, 0.151515151515, 1.16847596, 1.00000000, 1.00000000, 1.00000000
0.252525252525, 0.161616161616, 1.16189566, 1.00000000, 1.00000000, 1.00000000
0.252525252525, 0.171717171717, 1.15466350, 1.00000000, 1.00000000, 1.00000000
0.252525252525, 0.181818181818, 1.14680877, 1.00000000, 1.00000000, 1.00000000
0.252525252525, 0.191919191919, 1.13836329, 1.00000000, 1.00000000, 1.00000000
0.252525252525, 0.202020202020, 1.12936128, 1.00000000, 1.00000000, 1.00000000
0.252525252525, 0.212121212121, 1.11983917, 1.00000000, 1.00000000, 1.00000000
0.252525252525, 0.222222222222, 1.10983552, 1.00000000, 1.00000000, 1.00000000
0.252525252525, 0.232323232323, 1.09939080, 1.00000000, 1.00000000, 1.00000000
0.252525252525, 0.242424242424, 1.08854728, 1.00000000, 1.00000000, 1.00000000
0.252525252525, 0.252525252525, 1.07734882, 1.00000000, 1.00000000, 1.00000000
0.252525252525, 0.262626262626, 1.06584068, 1.00000000, 1.00000000, 1.00000000
0.252525252525, 0.272727272727, 1.05406938, 1.00000000, 1.00000000, 1.00000000
0.252525252525, 0.282828282828, 1.04208247, 1.00000000, 1.00000000, 1.00000000
0.252525252525, 0.292929292929, 1.02992837, 1.00000000, 1.00000000, 1.00000000
0.252525252525, 0.303030303030, 1.01765614, 1.00000000, 1.00000000, 1.00000000
0.252525252525, 0.313131313131, 1.00531527, 1.00000000, 1.00000000, 1.00000000
0.252525252525, 0.323232323232, 0.99295553, 1.00000000, 1.00000000, 1.00000000
0.252525252525, 0.333333333333, 0.98062674, 1.00000000, 1.00000000, 1.00000000
0.252525252525, 0.343434343434, 0.96837853, 1.00000000, 1.00000000, 1.00000000
0.252525252525, 0.353535353535, 0.95626021, 1.00000000, 1.00000000, 1.00000000
0.252525252525, 0.363636363636, 0.94432052, 1.00000000, 1.00000000, 1.00000000
0.252525252525, 0.373737373737, 0.93260745, 1.00000000, 1.00000000, 1.00000000
0.252525252525, 0.383838383838, 0.92116803, 1.00000000, 1.00000000, 1.00000000
0.252525252525, 0.393939393939, 0.91004817, 1.00000000, 1.00000000, 1.00000000
0.252525252525, 0.404040404040, 0.89929246, 1.00000000, 1.00000000, 1.00000000
0.252525252525, 0.414141414141, 0.88894399, 1.00000000, 1.00000000, 1.00000000
0.252525252525, 0.424242424242, 0.87904420, 1.00000000, 1.00000000, 1.00000000
0.252525252525, 0.434343434343, 0.86963268, 1.00000000, 1.00000000, 1.00000000
0.252525252525, 0.444444444444, 0.86074705, 1.00000000, 1.00000000, 1.00000000
0.252525252525, 0.454545454545, 0.85242280, 1.00000000, 1.00000000, 1.00000000
0.252525252525, 0.464646464646, 0.84469315, 1.00000000, 1.00000000, 1.00000000
0.252525252525, 0.474747474747, 0.83758892, 1.00000000, 1.00000000, 1.00000000
0.252525252525, 0.484848484848, 0.83113844, 1.00000000, 1.00000000, 1.00000000
0.252525252525, 0.494949494949, 0.82536739, 1.00000000, 1.00000000, 1.00000000
0.252525252525, 0.505050505051, 0.82029878, 1.00000000, 1.00000000, 1.00000000
0.252525252525, 0.515151515152, 0.81595279, 1.00000000, 1.00000000, 1.00000000
0.252525252525, 0.525252525253, 0.81234673, 1.00000000, 1.00000000, 1.00000000
0.252525252525, 0.535353535354, 0.80949500, 1.00000000, 1.00000000, 1.00000000
0.252525252525, 0.545454545455, 0.80740900, 1.00000000, 1.00000000, 1.00000000
0.252525252525, 0.555555555556, 0.80609712, 1.00000000, 1.00000000, 1.00000000
0.252525252525, 0.565656565657, 0.80556470, 1.00000000, 1.00000000, 1.00000000
0.252525252525, 0.575757575758, 0.80581387, 1.00000000, 1.00000000, 1.00000000
0.252525252525, 0.585858585859, 0.80684357, 1.00000000, 1.00000000, 1.00000000
0.252525252525, 0.595959595960, 0.80864966, 1.00000000, 1.00000000, 1.00000000
0.252525252525, 0.606060606061, 0.81122492, 1.00000000, 1.00000000, 1.00000000
0.252525252525, 0.616161616162, 0.81455912, 1.00000000, 1.00000000, 1.00000000
0.252525252525, 0.626262626263, 0.81863899, 1.00000000, 1.00000000, 1.00000000
0.252525252525, 0.636363636364, 0.82344832, 1.00000000, 1.00000000, 1.00000000
0.252525252525, 0.646464646465, 0.82896801, 1.00000000, 1.00000000, 1.00000000
0.252525252525, 0.656565656566, 0.83517608, 1.00000000, 1.00000000, 1.00000000
0.252525252525, 0.666666666667, 0.84204783, 1.00000000, 1.00000000, 1.00000000
0.252525252525, 0.676767676768, 0.84955589, 1.00000000, 1.00000000, 1.00000000
0.252525252525, 0.686868686869, 0.85767033, 1.00000000, 1.00000000, 1.00000000
0.252525252525, 0.696969696970, 0.86635875, 1.00000000, 1.00000000, 1.00000000
0.252525252525, 0.707070707071, 0.87558646, 1.00000000, 1.00000000, 1.00000000
0.252525252525, 0.717171717172, 0.88531657, 1.00000000, 1.00000000, 1.00000000
0.252525252525, 0.727272727273, 0.89551014, 1.00000000, 1.00000000, 1.00000000
0.252525252525, 0.737373737374, 0.90612634, 1.00000000, 1.00000000, 1.00000000
0.252525252525, 0.747474747475, 0.91712263, 1.00000000, 1.00000000, 1.00000000
0.252525252525, 0.757575757576, 0.92845488, 1.00000000, 1.00000000, 1.00000000
0.252525252525, 0.767676767677, 0.94007760, 1.00000000, 1.00000000, 1.00000000
0.252525252525, 0.777777777778, 0.95194408, 1.00000000, 1.00000000, 1.00000000
0.252525252525, 0.787878787879, 0.96400661, 1.00000000, 1.00000000, 1.00000000
0.252525252525, 0.797979797980, 0.97621664, 1.00000000, 1.00000000, 1.00000000
0.252525252525, 0.808080808081, 0.98852501, 1.00000000, 1.00000000, 1.00000000
0.252525252525, 0.818181818182, 1.00088213, 1.00000000, 1.00000000, 1.00000000
0.252525252525, 0.828282828283, 1.01323817, 1.00000000, 1.00000000, 1.00000000
0.252525252525, 0.838383838384, 1.02554330, 1.00000000, 1.00000000, 1.00000000
0.252525252525, 0.848484848485, 1.03774786, 1.00000000, 1.00000000, 1.00000000
0.252525252525, 0.858585858586, 1.04980257, 1.00000000, 1.00000000, 1.00000000
0.252525252525, 0.868686868687, 1.06165874, 1.00000000, 1.00000000, 1.00000000
0.252525252525, 0.878787878788, 1.07326846, 1.00000000, 1.00000000, 1.00000000
0.252525252525, 0.888888888889, 1.08458480, 1.00000000, 1.00000000, 1.00000000
0.252525252525, 0.898989898990, 1.09556202, 1.00000000, 1.00000000, 1.00000000
0.252525252525, 0.909090909091, 1.10615569, 1.00000000, 1.00000000, 1.00000000
0.252525252525, 0.919191919192, 1.11632298, 1.00000000, 1.00000000, 1.00000000
0.252525252525, 0.929292929293, 1.12602273, 1.00000000, 1.00000000, 1.00000000
0.252525252525, 0.939393939394, 1.13521562, 1.00000000, 1.00000000, 1.00000000
0.252525252525, 0.949494949495, 1.14386425, 1.00000000, 1.00000000, 1.00000000
0.252525252525, 0.959595959596, 1.15193290, 1.00000000, 1.00000000, 1.00000000
0.262626262626, -0.000000000000, 1.18643642, 1.00000000, 1.00000000, 1.00000000
0.262626262626, 0.010101010101, 1.18963268, 1.00000000, 1.00000000, 1.00000000
0.262626262626, 0.020202020202, 1.19209503, 1.00000000, 1.00000000, 1.00000000
0.262626262626, 0.030303030303, 1.19386476, 1.00000000, 1.00000000, 1.00000000
0.262626262626, 0.040404040404, 1.19498500, 1.00000000, 1.00000000, 1.00000000
0.262626262626, 0.050505050505, 1.19547878, 1.00000000, 1.00000000, 1.00000000
0.262626262626, 0.060606060606, 1.19533852, 1.00000000, 1.00000000, 1.00000000
0.262626262626, 0.070707070707, 1.19453293, 1.00000000, 1.00000000, 1.00000000
0.262626262626, 0.080808080808, 1.19302398, 1.00000000, 1.00000000, 1.00000000
0.262626262626, 0.090909090909, 1.19078199, 1.00000000, 1.00000000, 1.00000000
0.262626262626, 0.101010101010, 1.18779227, 1.00000000, 1.00000000, 1.00000000
0.262626262626, 0.111111111111, 1.18405421, 1.00000000, 1.00000000, 1.00000000
0.262626262626, 0.121212121212, 1.17957735, 1.00000000, 1.00000000, 1.00000000
0.262626262626, 0.131313131313, 1.17437779, 1.00000000, 1.00000000, 1.00000000
0.262626262626, 0.141414141414, 1.16847597, 1.00000000, 1.00000000, 1.00000000
0.262626262626, 0.151515151515, 1.16189566, 1.00000000, 1.00000000, 1.00000000
0.262626262626, 0.161616161616, 1.15466350, 1.00000000, 1.00000000, 1.00000000
0.262626262626, 0.171717171717, 1.14680877, 1.00000000, 1.00000000, 1.00000000
0.262626262626, 0.181818181818, 1.13836329, 1.00000000, 1.00000000, 1.00000000
0.262626262626, 0.191919191919, 1.12936128, 1.00000000, 1.00000000, 1.00000000
0.262626262626, 0.202020202020, 1.11983917, 1.00000000, 1.00000000, 1.00000000
0.262626262626, 0.212121212121, 1.10983552, 1.00000000, 1.00000000, 1.00000000
0.262626262626, 0.222222222222, 1.09939080, 1.00000000, 1.00000000, 1.00000000
0.262626262626, 0.232323232323, 1.08854728, 1.00000000, 1.00000000, 1.00000000
0.262626262626, 0.242424242424, 1.07734882, 1.00000000, 1.00000000, 1.00000000
0.262626262626, 0.252525252525, 1.06584068, 1.00000000, 1.00000000, 1.00000000
0.262626262626, 0.262626262626, 1.05406938, 1.00000000, 1.00000000, 1.00000000
0.262626262626, 0.272727272727, 1.04208247, 1.00000000, 1.00000000, 1.00000000
0.262626262626, 0.282828282828, 1.02992837, 1.00000000, 1.00000000, 1.00000000
0.262626262626, 0.292929292929, 1.01765614, 1.00000000, 1.00000000, 1.00000000
0.262626262626, 0.303030303030, 1.00531527, 1.00000000, 1.00000000, 1.00000000
0.262626262626, 0.313131313131, 0.99295553, 1.00000000, 1.00000000, 1.00000000
0.262626262626, 0.323232323232, 0.98062674, 1.00000000, 1.00000000, 1.00000000
0.262626262626, 0.333333333333, 0.96837853, 1.00000000, 1.00000000, 1.00000000
0.262626262626, 0.343434343434, 0.95626021, 1.00000000, 1.00000000, 1.00000000
0.262626262626, 0.353535353535, 0.94432052, 1.00000000, 1.00000000, 1.00000000
0.262626262626, 0.363636363636, 0.93260745, 1.00000000, 1.00000000, 1.00000000
0.262626262626, 0.373737373737, 0.92116803, 1.00000000, 1.00000000, 1.00000000
0.262626262626, 0.383838383838, 0.91004817, 1.00000000, 1.00000000, 1.00000000
0.262626262626, 0.393939393939, 0.89929246, 1.00000000, 1.00000000, 1.00000000
0.262626262626, 0.404040404040, 0.88894399, 1.00000000, 1.00000000, 1.00000000
0.262626262626, 0.414141414141, 0.87904420, 1.00000000, 1.00000000, 1.00000000
0.262626262626, 0.424242424242, 0.86963268, 1.00000000, 1.00000000, 1.00000000
0.262626262626, 0.434343434343, 0.86074705, 1.00000000, 1.00000000, 1.00000000
0.262626262626, 0.444444444444, 0.85242280, 1.00000000, 1.00000000, 1.00000000
0.262626262626, 0.454545454545, 0.84469315, 1.00000000, 1.00000000, 1.00000000
0.262626262626, 0.464646464646, 0.83758892, 1.00000000, 1.00000000, 1.00000000
0.262626262626, 0.474747474747, 0.83113844, 1.00000000, 1.00000000, 1.00000000
0.262626262626, 0.484848484848, 0.82536739, 1.00000000, 1.00000000, 1.00000000
0.262626262626, 0.494949494949, 0.82029878, 1.00000000, 1.00000000, 1.00000000
0.262626262626, 0.505050505051, 0.81595279, 1.00000000, 1.00000000, 1.00000000
0.262626262626, 0.515151515152, 0.81234673, 1.00000000, 1.00000000, 1.00000000
0.262626262626, 0.525252525253, 0.80949500, 1.00000000, 1.00000000, 1.00000000
0.262626262626, 0.535353535354, 0.80740900, 1.00000000, 1.00000000, 1.00000000
0.262626262626, 0.545454545455, 0.80609712, 1.00000000, 1.00000000, 1.00000000
0.262626262626, 0.555555555556, 0.80556470, 1.00000000, 1.00000000, 1.00000000
0.262626262626, 0.565656565657, 0.80581387, 1.00000000, 1.00000000, 1.00000000
0.262626262626, 0.575757575758, 0.80684357, 1.00000000, 1.00000000, 1.00000000
0.262626262626, 0.585858585859, 0.80864966, 1.00000000, 1.00000000, 1.00000000
0.262626262626, 0.595959595960, 0.81122492, 1.00000000, 1.00000000, 1.00000000
0.262626262626, 0.606060606061, 0.81455912, 1.00000000, 1.00000000, 1.00000000
0.262626262626, 0.616161616162, 0.81863899, 1.00000000, 1.00000000, 1.00000000
0.262626262626, 0.626262626263, 0.82344832, 1.00000000, 1.00000000, 1.00000000
0.262626262626, 0.636363636364, 0.82896801, 1.00000000, 1.00000000, 1.00000000
0.262626262626, 0.646464646465, 0.83517608, 1.00000000, 1.00000000, 1.00000000
0.262626262626, 0.656565656566, 0.84204783, 1.00000000, 1.00000000, 1.00000000
0.262626262626, 0.666666666667, 0.84955589, 1.00000000, 1.00000000, 1.00000000
0.262626262626, 0.676767676768, 0.85767033, 1.00000000, 1.00000000, 1.00000000
0.262626262626, 0.686868686869, 0.86635875, 1.00000000, 1.00000000, 1.00000000
0.262626262626, 0.696969696970, 0.87558646, 1.00000000, 1.00000000, 1.00000000
0.262626262626, 0.707070707071, 0.88531657, 1.00000000, 1.00000000, 1.00000000
0.262626262626, 0.717171717172, 0.89551014, 1.00000000, 1.00000000, 1.00000000
0.262626262626, 0.727272727273, 0.90612634, 1.00000000, 1.00000000, 1.00000000
0.262626262626, 0.737373737374, 0.91712263, 1.00000000, 1.00000000, 1.00000000
0.262626262626, 0.747474747475, 0.92845488, 1.00000000, 1.00000000, 1.00000000
0.262626262626, 0.757575757576, 0.94007760, 1.00000000, 1.00000000, 1.00000000
0.262626262626, 0.767676767677, 0.95194408, 1.00000000, 1.00000000, 1.00000000
0.262626262626, 0.777777777778, 0.96400661, 1.00000000, 1.00000000, 1.00000000
0.262626262626, 0.787878787879, 0.97621664, 1.00000000, 1.00000000, 1.00000000
0.262626262626, 0.797979797980, 0.98852501, 1.00000000, 1.00000000, 1.00000000
0.262626262626, 0.808080808081, 1.00088213, 1.00000000, 1.00000000, 1.00000000
0.262626262626, 0.818181818182, 1.01323817, 1.00000000, 1.00000000, 1.00000000
0.262626262626, 0.828282828283, 1.02554330, 1.00000000, 1.00000000, 1.00000000
0.262626262626, 0.838383838384, 1.03774786, 1.00000000, 1.00000000, 1.00000000
0.262626262626, 0.848484848485, 1.04980257, 1.00000000, 1.00000000, 1.00000000
0.262626262626, 0.858585858586, 1.06165874, 1.00000000, 1.00000000, 1.00000000
0.262626262626, 0.868686868687, 1.07326846, 1.00000000, 1.00000000, 1.00000000
0.262626262626, 0.878787878788, 1.08458480, 1.00000000, 1.00000000, 1.00000000
0.262626262626, 0.888888888889, 1.09556202, 1.00000000, 1.00000000, 1.00000000
0.262626262626, 0.898989898990, 1.10615570, 1.00000000, 1.00000000, 1.00000000
0.262626262626, 0.909090909091, 1.11632298, 1.00000000, 1.00000000, 1.00000000
0.262626262626, 0.919191919192, 1.12602274, 1.00000000, 1.00000000, 1.00000000
0.262626262626, 0.929292929293, 1.13521570, 1.00000000, 1.00000000, 1.00000000
0.262626262626, 0.939393939394, 1.14386462, 1.00000000, 1.00000000, 1.00000000
0.262626262626, 0.949494949495, 1.15193437, 1.00000000, 1.00000000, 1.00000000
0.262626262626, 0.959595959596, 1.15939188, 1.00000000, 1.00000000, 1.00000000
0.272727272727, -0.000000000000, 1.18978316, 1.00000000, 1.00000000, 1.00000000
0.272727272727, 0.010101010101, 1.19229250, 1.00000000, 1.00000000, 1.00000000
0.272727272727, 0.020202020202, 1.19408436, 1.00000000, 1.00000000, 1.00000000
0.272727272727, 0.030303030303, 1.19519218, 1.00000000, 1.00000000, 1.00000000
0.272727272727, 0.040404040404, 1.19564482, 1.00000000, 1.00000000, 1.00000000
0.272727272727, 0.050505050505, 1.19545166, 1.00000000, 1.00000000, 1.00000000
0.272727272727, 0.060606060606, 1.19459846, 1.00000000, 1.00000000, 1.00000000
0.272727272727, 0.070707070707, 1.19305618, 1.00000000, 1.00000000, 1.00000000
0.272727272727, 0.080808080808, 1.19079536, 1.00000000, 1.00000000, 1.00000000
0.272727272727, 0.090909090909, 1.18779692, 1.00000000, 1.00000000, 1.00000000
0.272727272727, 0.101010101010, 1.18405554, 1.00000000, 1.00000000, 1.00000000
0.272727272727, 0.111111111111, 1.17957766, 1.00000000, 1.00000000, 1.00000000
0.272727272727, 0.121212121212, 1.17437784, 1.00000000, 1.00000000, 1.00000000
0.272727272727, 0.131313131313, 1.16847597, 1.00000000, 1.00000000, 1.00000000
0.272727272727, 0.141414141414, 1.16189566, 1.00000000, 1.00000000, 1.00000000
0.272727272727, 0.151515151515, 1.15466350, 1.00000000, 1.00000000, 1.00000000
0.272727272727, 0.161616161616, 1.14680877, 1.00000000, 1.00000000, 1.00000000
0.272727272727, 0.171717171717, 1.13836329, 1.00000000, 1.00000000, 1.00000000
0.272727272727, 0.181818181818, 1.12936128, 1.00000000, 1.00000000, 1.00000000
0.272727272727, 0.191919191919, 1.11983917, 1.00000000, 1.00000000, 1.00000000
0.272727272727, 0.202020202020, 1.10983552, 1.00000000, 1.00000000, 1.00000000
0.272727272727, 0.212121212121, 1.09939080, 1.00000000, 1.00000000, 1.00000000
0.272727272727, 0.222222222222, 1.08854728, 1.00000000, 1.00000000, 1.00000000
0.272727272727, 0.232323232323, 1.07734882, 1.00000000, 1.00000000, 1.00000000
0.272727272727, 0.242424242424, 1.06584068, 1.00000000, 1.00000000, 1.00000000
0.272727272727, 0.252525252525, 1.05406938, 1.00000000, 1.00000000, 1.00000000
0.272727272727, 0.262626262626, 1.04208247, 1.00000000, 1.00000000, 1.00000000
0.272727272727, 0.272727272727, 1.02992837, 1.00000000, 1.00000000, 1.00000000
0.272727272727, 0.282828282828, 1.01765614, 1.00000000, 1.00000000, 1.00000000
0.272727272727, 0.292929292929, 1.00531527, 1.00000000, 1.00000000, 1.00000000
0.272727272727, 0.303030303030, 0.99295553, 1.00000000, 1.00000000, 1.00000000
0.272727272727, 0.313131313131, 0.98062674, 1.00000000, 1.00000000, 1.00000000
0.272727272727, 0.323232323232, 0.96837853, 1.00000000, 1.00000000, 1.00000000
0.272727272727, 0.333333333333, 0.95626021, 1.00000000, 1.00000000, 1.00000000
0.272727272727, 0.343434343434, 0.94432052, 1.00000000, 1.00000000, 1.00000000
0.272727272727, 0.353535353535, 0.93260745, 1.00000000, 1.00000000, 1.00000000
0.272727272727, 0.363636363636, 0.92116803, 1.00000000, 1.00000000, 1.00000000
0.272727272727, 0.373737373737, 0.91004817, 1.00000000, 1.00000000, 1.00000000
0.272727272727, 0.383838383838, 0.89929246, 1.00000000, 1.00000000, 1.00000000
0.272727272727, 0.393939393939, 0.88894399, 1.00000000, 1.00000000, 1.00000000
0.272727272727, 0.404040404040, 0.87904420, 1.00000000, 1.00000000, 1.00000000
0.272727272727, 0.414141414141, 0.86963268, 1.00000000, 1.00000000, 1.00000000
0.272727272727, 0.424242424242, 0.86074705, 1.00000000, 1.00000000, 1.00000000
0.272727272727, 0.434343434343, 0.85242280, 1.00000000, 1.00000000, 1.00000000
0.272727272727, 0.444444444444, 0.84469315, 1.00000000, 1.00000000, 1.00000000
0.272727272727, 0.454545454545, 0.83758892, 1.00000000, 1.00000000, 1.00000000
0.272727272727, 0.464646464646, 0.83113844, 1.00000000, 1.00000000, 1.00000000
0.272727272727, 0.474747474747, 0.82536739, 1.00000000, 1.00000000, 1.00000000
0.272727272727, 0.484848484848, 0.82029878, 1.00000000, 1.00000000, 1.00000000
0.272727272727, 0.494949494949, 0.81595279, 1.00000000, 1.00000000, 1.00000000
0.272727272727, 0.505050505051, 0.81234673, 1.00000000, 1.00000000, 1.00000000
0.272727272727, 0.515151515152, 0.80949500, 1.00000000, 1.00000000, 1.00000000
0.272727272727, 0.525252525253, 0.80740900, 1.00000000, 1.00000000, 1.00000000
0.272727272727, 0.535353535354, 0.80609712, 1.00000000, 1.00000000, 1.00000000
0.272727272727, 0.545454545455, 0.80556470, 1.00000000, 1.00000000, 1.00000000
0.272727272727, 0.555555555556, 0.80581387, 1.00000000, 1.00000000, 1.00000000
0.272727272727, 0.565656565657, 0.80684357, 1.00000000, 1.00000000, 1.00000000
0.272727272727, 0.575757575758, 0.80864966, 1.00000000, 1.00000000, 1.00000000
0.272727272727, 0.585858585859, 0.81122492, 1.00000000, 1.00000000, 1.00000000
0.272727272727, 0.595959595960, 0.81455912, 1.00000000, 1.00000000, 1.00000000
0.272727272727, 0.606060606061, 0.81863899, 1.00000000, 1.00000000, 1.00000000
0.272727272727, 0.616161616162, 0.82344832, 1.00000000, 1.00000000, 1.00000000
0.272727272727, 0.626262626263, 0.82896801, 1.00000000, 1.00000000, 1.00000000
0.272727272727, 0.636363636364, 0.83517608, 1.00000000, 1.00000000, 1.00000000
0.272727272727, 0.646464646465, 0.84204783, 1.00000000, 1.00000000, 1.00000000
0.272727272727, 0.656565656566, 0.84955589, 1.00000000, 1.00000000, 1.00000000
0.272727272727, 0.666666666667, 0.85767033, 1.00000000, 1.00000000, 1.00000000
0.272727272727, 0.676767676768, 0.86635875, 1.00000000, 1.00000000, 1.00000000
0.272727272727, 0.686868686869, 0.87558646, 1.00000000, 1.00000000, 1.00000000
0.272727272727, 0.696969696970, 0.88531657, 1.00000000, 1.00000000, 1.00000000
0.272727272727, 0.707070707071, 0.89551014, 1.00000000, 1.00000000, 1.00000000
0.272727272727, 0.717171717172, 0.90612634, 1.00000000, 1.00000000, 1.00000000
0.272727272727, 0.727272727273, 0.91712263, 1.00000000, 1.00000000, 1.00000000
0.272727272727, 0.737373737374, 0.92845488, 1.00000000, 1.00000000, 1.00000000
0.272727272727, 0.747474747475, 0.94007760, 1.00000000, 1.00000000, 1.00000000
0.272727272727, 0.757575757576, 0.95194408, 1.00000000, 1.00000000, 1.00000000
0.272727272727, 0.767676767677, 0.96400661, 1.00000000, 1.00000000, 1.00000000
0.272727272727, 0.777777777778, 0.97621664, 1.00000000, 1.00000000, 1.00000000
0.272727272727, 0.787878787879, 0.98852501, 1.00000000, 1.00000000, 1.00000000
0.272727272727, 0.797979797980, 1.00088213, 1.00000000, 1.00000000, 1.00000000
0.272727272727, 0.808080808081, 1.01323817, 1.00000000, 1.00000000, 1.00000000
0.272727272727, 0.818181818182, 1.02554330, 1.00000000, 1.00000000, 1.00000000
0.272727272727, 0.828282828283, 1.03774786, 1.00000000, 1.00000000, 1.00000000
0.272727272727, 0.838383838384, 1.04980257, 1.00000000, 1.00000000, 1.00000000
0.272727272727, 0.848484848485, 1.06165874, 1.00000000, 1.00000000, 1.00000000
0.272727272727, 0.858585858586, 1.07326846, 1.00000000, 1.00000000, 1.00000000
0.272727272727, 0.868686868687, 1.08458480, 1.00000000, 1.00000000, 1.00000000
0.272727272727, 0.878787878788, 1.09556202, 1.00000000, 1.00000000, 1.00000000
0.272727272727, 0.888888888889, 1.10615570, 1.00000000, 1.00000000, 1.00000000
0.272727272727, 0.898989898990, 1.11632298, 1.00000000, 1.00000000, 1.00000000
0.272727272727, 0.909090909091, 1.12602274, 1.00000000, 1.00000000, 1.00000000
0.272727272727, 0.919191919192, 1.13521571, 1.00000000, 1.00000000, 1.00000000
0.272727272727, 0.929292929293, 1.14386467, 1.00000000, 1.00000000, 1.00000000
0.272727272727, 0.939393939394, 1.15193460, 1.00000000, 1.00000000, 1.00000000
0.272727272727, 0.949494949495, 1.15939279, 1.00000000, 1.00000000, 1.00000000
0.272727272727, 0.959595959596, 1.16620895, 1.00000000, 1.00000000, 1.00000000
0.282828282828, -0.000000000000, 1.19236474, 1.00000000, 1.00000000, 1.00000000
0.282828282828, 0.010101010101, 1.19417703, 1.00000000, 1.00000000, 1.00000000
0.282828282828, 0.020202020202, 1.19529116, 1.00000000, 1.00000000, 1.00000000
0.282828282828, 0.030303030303, 1.19573257, 1.00000000, 1.00000000, 1.00000000
0.282828282828, 0.040404040404, 1.19551578, 1.00000000, 1.00000000, 1.00000000
0.282828282828, 0.050505050505, 1.19463650, 1.00000000, 1.00000000, 1.00000000
0.282828282828, 0.060606060606, 1.19307384, 1.00000000, 1.00000000, 1.00000000
0.282828282828, 0.070707070707, 1.19080114, 1.00000000, 1.00000000, 1.00000000
0.282828282828, 0.080808080808, 1.18779765, 1.00000000, 1.00000000, 1.00000000
0.282828282828, 0.090909090909, 1.18405495, 1.00000000, 1.00000000, 1.00000000
0.282828282828, 0.101010101010, 1.17957711, 1.00000000, 1.00000000, 1.00000000
0.282828282828, 0.111111111111, 1.17437756, 1.00000000, 1.00000000, 1.00000000
0.282828282828, 0.121212121212, 1.16847587, 1.00000000, 1.00000000, 1.00000000
0.282828282828, 0.131313131313, 1.16189563, 1.00000000, 1.00000000, 1.00000000
0.282828282828, 0.141414141414, 1.15466349, 1.00000000, 1.00000000, 1.00000000
0.282828282828, 0.151515151515, 1.14680877, 1.00000000, 1.00000000, 1.00000000
0.282828282828, 0.161616161616, 1.13836329, 1.00000000, 1.00000000, 1.00000000
0.282828282828, 0.171717171717, 1.12936128, 1.00000000, 1.00000000, 1.00000000
0.282828282828, 0.181818181818, 1.11983917, 1.00000000, 1.00000000, 1.00000000
0.282828282828, 0.191919191919, 1.10983552, 1.00000000, 1.00000000, 1.00000000
0.282828282828, 0.202020202020, 1.09939080, 1.00000000, 1.00000000, 1.00000000
0.282828282828, 0.212121212121, 1.08854728, 1.00000000, 1.00000000, 1.00000000
0.282828282828, 0.222222222222, 1.07734882, 1.00000000, 1.00000000, 1.00000000
0.282828282828, 0.232323232323, 1.06584068, 1.00000000, 1.00000000, 1.00000000
0.282828282828, 0.242424242424, 1.05406938, 1.00000000, 1.00000000, 1.00000000
0.282828282828, 0.252525252525, 1.04208247, 1.00000000, 1.00000000, 1.00000000
0.282828282828, 0.262626262626, 1.02992837, 1.00000000, 1.00000000, 1.00000000
0.282828282828, 0.272727272727, 1.01765614, 1.00000000, 1.00000000, 1.00000000
0.282828282828, 0.282828282828, 1.00531527, 1.00000000, 1.00000000, 1.00000000
0.282828282828, 0.292929292929, 0.99295553, 1.00000000, 1.00000000, 1.00000000
0.282828282828, 0.303030303030, 0.98062674, 1.00000000, 1.00000000, 1.00000000
0.282828282828, 0.313131313131, 0.96837853, 1.00000000, 1.00000000, 1.00000000
0.282828282828, 0.323232323232, 0.95626021, 1.00000000, 1.00000000, 1.00000000
0.282828282828, 0.333333333333, 0.94432052, 1.00000000, 1.00000000, 1.00000000
0.282828282828, 0.343434343434, 0.93260745, 1.00000000, 1.00000000, 1.00000000
0.282828282828, 0.353535353535, 0.92116803, 1.00000000, 1.00000000, 1.00000000
0.282828282828, 0.363636363636, 0.91004817, 1.00000000, 1.00000000, 1.00000000
0.282828282828, 0.373737373737, 0.89929246, 1.00000000, 1.00000000, 1.00000000
0.282828282828, 0.383838383838, 0.88894399, 1.00000000, 1.00000000, 1.00000000
0.282828282828, 0.393939393939, 0.87904420, 1.00000000, 1.00000000, 1.00000000
0.282828282828, 0.404040404040, 0.86963268, 1.00000000, 1.00000000, 1.00000000
0.282828282828, 0.414141414141, 0.86074705, 1.00000000, 1.00000000, 1.00000000
0.282828282828, 0.424242424242, 0.85242280, 1.00000000, 1.00000000, 1.00000000
0.282828282828, 0.434343434343, 0.84469315, 1.00000000, 1.00000000, 1.00000000
0.282828282828, 0.444444444444, 0.83758892, 1.00000000, 1.00000000, 1.00000000
0.282828282828, 0.454545454545, 0.83113844, 1.00000000, 1.00000000, 1.00000000
0.282828282828, 0.464646464646, 0.82536739, 1.00000000, 1.00000000, 1.00000000
0.282828282828, 0.474747474747, 0.82029878, 1.00000000, 1.00000000, 1.00000000
0.282828282828, 0.484848484848, 0.81595279, 1.00000000, 1.00000000, 1.00000000
0.282828282828, 0.494949494949, 0.81234673, 1.00000000, 1.00000000, 1.00000000
0.282828282828, 0.505050505051, 0.80949500, 1.00000000, 1.00000000, 1.00000000
0.282828282828, 0.515151515152, 0.80740900, 1.00000000, 1.00000000, 1.00000000
0.282828282828, 0.525252525253, 0.80609712, 1.00000000, 1.00000000, 1.00000000
0.282828282828, 0.535353535354, 0.80556470, 1.00000000, 1.00000000, 1.00000000
0.282828282828, 0.545454545455, 0.80581387, 1.00000000, 1.00000000, 1.00000000
0.282828282828, 0.555555555556, 0.80684357, 1.00000000, 1.00000000, 1.00000000
0.282828282828, 0.565656565657, 0.80864966, 1.00000000, 1.00000000, 1.00000000
0.282828282828, 0.575757575758, 0.81122492, 1.00000000, 1.00000000, 1.00000000
0.282828282828, 0.585858585859, 0.81455912, 1.00000000, 1.00000000, 1.00000000
0.282828282828, 0.595959595960, 0.81863899, 1.00000000, 1.00000000, 1.00000000
0.282828282828, 0.606060606061, 0.82344832, 1.00000000, 1.00000000, 1.00000000
0.282828282828, 0.616161616162, 0.82896801, 1.00000000, 1.00000000, 1.00000000
0.282828282828, 0.626262626263, 0.83517608, 1.00000000, 1.00000000, 1.00000000
0.282828282828, 0.636363636364, 0.84204783, 1.00000000, 1.00000000, 1.00000000
0.282828282828, 0.646464646465, 0.84955589, 1.00000000, 1.00000000, 1.00000000
0.282828282828, 0.656565656566, 0.85767033, 1.00000000, 1.00000000, 1.00000000
0.282828282828, 0.666666666667, 0.86635875, 1.00000000, 1.00000000, 1.00000000
0.282828282828, 0.676767676768, 0.87558646, 1.00000000, 1.00000000, 1.00000000
0.282828282828, 0.686868686869, 0.88531657, 1.00000000, 1.00000000, 1.00000000
0.282828282828, 0.696969696970, 0.89551014, 1.00000000, 1.00000000, 1.00000000
0.282828282828, 0.707070707071, 0.90612634, 1.00000000, 1.00000000, 1.00000000
0.282828282828, 0.717171717172, 0.91712263, 1.00000000, 1.00000000, 1.00000000
0.282828282828, 0.727272727273, 0.92845488, 1.00000000, 1.00000000, 1.00000000
0.282828282828, 0.737373737374, 0.94007760, 1.00000000, 1.00000000, 1.00000000
0.282828282828, 0.747474747475, 0.95194408, 1.00000000, 1.00000000, 1.00000000
0.282828282828, 0.757575757576, 0.96400661, 1.00000000, 1.00000000, 1.00000000
0.282828282828, 0.767676767677, 0.97621664, 1.00000000, 1.00000000, 1.00000000
0.282828282828, 0.777777777778, 0.98852501, 1.00000000, 1.00000000, 1.00000000
0.282828282828, 0.787878787879, 1.00088213, 1.00000000, 1.00000000, 1.00000000
0.282828282828, 0.797979797980, 1.01323817, 1.00000000, 1.00000000, 1.00000000
0.282828282828, 0.808080808081, 1.02554330, 1.00000000, 1.00000000, 1.00000000
0.282828282828, 0.818181818182, 1.03774786, 1.00000000, 1.00000000, 1.00000000
0.282828282828, 0.828282828283, 1.04980257, 1.00000000, 1.00000000, 1.00000000
0.282828282828, 0.838383838384, 1.06165874, 1.00000000, 1.00000000, 1.00000000
0.282828282828, 0.848484848485, 1.07326846, 1.00000000, 1.00000000, 1.00000000
0.282828282828, 0.858585858586, 1.08458480, 1.00000000, 1.00000000, 1.00000000
0.282828282828, 0.868686868687, 1.09556202, 1.00000000, 1.00000000, 1.00000000
0.282828282828, 0.878787878788, 1.10615570, 1.00000000, 1.00000000, 1.00000000
0.282828282828, 0.888888888889, 1.11632298, 1.00000000, 1.00000000, 1.00000000
0.282828282828, 0.898989898990, 1.12602274, 1.00000000, 1.00000000, 1.00000000
0.282828282828, 0.909090909091, 1.13521571, 1.00000000, 1.00000000, 1.00000000
0.282828282828, 0.919191919192, 1.14386467, 1.00000000, 1.00000000, 1.00000000
0.282828282828, 0.929292929293, 1.15193461, 1.00000000, 1.00000000, 1.00000000
0.282828282828, 0.939393939394, 1.15939287, 1.00000000, 1.00000000, 1.00000000
0.282828282828, 0.949494949495, 1.16620931, 1.00000000, 1.00000000, 1.00000000
0.282828282828, 0.959595959596, 1.17235650, 1.00000000, 1.00000000, 1.00000000
0.292929292929, -0.000000000000, 1.19417076, 1.00000000, 1.00000000, 1.00000000
0.292929292929, 0.010101010101, 1.19527864, 1.00000000, 1.00000000, 1.00000000
0.292929292929, 0.020202020202, 1.19571050, 1.00000000, 1.00000000, 1.00000000
0.292929292929, 0.030303030303, 1.19548373, 1.00000000, 1.00000000, 1.00000000
0.292929292929, 0.040404040404, 1.19459843, 1.00000000, 1.00000000, 1.00000000
0.292929292929, 0.050505050505, 1.19303661, 1.00000000, 1.00000000, 1.00000000
0.292929292929, 0.060606060606, 1.19077084, 1.00000000, 1.00000000, 1.00000000
0.292929292929, 0.070707070707, 1.18777696, 1.00000000, 1.00000000, 1.00000000
0.292929292929, 0.080808080808, 1.18404301, 1.00000000, 1.00000000, 1.00000000
0.292929292929, 0.090909090909, 1.17957126, 1.00000000, 1.00000000, 1.00000000
0.292929292929, 0.101010101010, 1.17437512, 1.00000000, 1.00000000, 1.00000000
0.292929292929, 0.111111111111, 1.16847501, 1.00000000, 1.00000000, 1.00000000
0.292929292929, 0.121212121212, 1.16189537, 1.00000000, 1.00000000, 1.00000000
0.292929292929, 0.131313131313, 1.15466342, 1.00000000, 1.00000000, 1.00000000
0.292929292929, 0.141414141414, 1.14680875, 1.00000000, 1.00000000, 1.00000000
0.292929292929, 0.151515151515, 1.13836329, 1.00000000, 1.00000000, 1.00000000
0.292929292929, 0.161616161616, 1.12936128, 1.00000000, 1.00000000, 1.00000000
0.292929292929, 0.171717171717, 1.11983917, 1.00000000, 1.00000000, 1.00000000
0.292929292929, 0.181818181818, 1.10983552, 1.00000000, 1.00000000, 1.00000000
0.292929292929, 0.191919191919, 1.09939080, 1.00000000, 1.00000000, 1.00000000
0.292929292929, 0.202020202020, 1.08854728, 1.00000000, 1.00000000, 1.00000000
0.292929292929, 0.212121212121, 1.07734882, 1.00000000, 1.00000000, 1.00000000
0.292929292929, 0.222222222222, 1.06584068, 1.00000000, 1.00000000, 1.00000000
0.292929292929, 0.232323232323, 1.05406938, 1.00000000, 1.00000000, 1.00000000
0.292929292929, 0.242424242424, 1.04208247, 1.00000000, 1.00000000, 1.00000000
0.292929292929, 0.252525252525, 1.02992837, 1.00000000, 1.00000000, 1.00000000
0.292929292929, 0.262626262626, 1.01765614, 1.00000000, 1.00000000, 1.00000000
0.292929292929, 0.272727272727, 1.00531527, 1.00000000, 1.00000000, 1.00000000
0.292929292929, 0.282828282828, 0.99295553, 1.00000000, 1.00000000, 1.00000000
0.292929292929, 0.292929292929, 0.98062674, 1.00000000, 1.00000000, 1.00000000
0.292929292929, 0.303030303030, 0.96837853, 1.00000000, 1.00000000, 1.00000000
0.292929292929, 0.313131313131, 0.95626021, 1.00000000, 1.00000000, 1.00000000
0.292929292929, 0.323232323232, 0.94432052, 1.00000000, 1.00000000, 1.00000000
0.292929292929, 0.333333333333, 0.93260745, 1.00000000, 1.00000000, 1.00000000
0.292929292929, 0.343434343434, 0.92116803, 1.00000000, 1.00000000, 1.00000000
0.292929292929, 0.353535353535, 0.91004817, 1.00000000, 1.00000000, 1.00000000
0.292929292929, 0.363636363636, 0.89929246, 1.00000000, 1.00000000, 1.00000000
0.292929292929, 0.373737373737, 0.88894399, 1.00000000, 1.00000000, 1.00000000
0.292929292929, 0.383838383838, 0.87904420, 1.00000000, 1.00000000, 1.00000000
0.292929292929, 0.393939393939, 0.86963268, 1.00000000, 1.00000000, 1.00000000
0.292929292929, 0.404040404040, 0.86074705, 1.00000000, 1.00000000, 1.00000000
0.292929292929, 0.414141414141, 0.85242280, 1.00000000, 1.00000000, 1.00000000
0.292929292929, 0.424242424242, 0.84469315, 1.00000000, 1.00000000, 1.00000000
0.292929292929, 0.434343434343, 0.83758892, 1.00000000, 1.00000000, 1.00000000
0.292929292929, 0.444444444444, 0.83113844, 1.00000000, 1.00000000, 1.00000000
0.292929292929, 0.454545454545, 0.82536739, 1.00000000, 1.00000000, 1.00000000
0.292929292929, 0.464646464646, 0.82029878, 1.00000000, 1.00000000, 1.00000000
0.292929292929, 0.474747474747, 0.81595279, 1.00000000, 1.00000000, 1.00000000
0.292929292929, 0.484848484848, 0.81234673, 1.00000000, 1.00000000, 1.00000000
0.292929292929, 0.494949494949, 0.80949500, 1.00000000, 1.00000000, 1.00000000
0.292929292929, 0.505050505051, 0.80740900, 1.00000000, 1.00000000, 1.00000000
0.292929292929, 0.515151515152, 0.80609712, 1.00000000, 1.00000000, 1.00000000
0.292929292929, 0.525252525253, 0.80556470, 1.00000000, 1.00000000, 1.00000000
0.292929292929, 0.535353535354, 0.80581387, 1.00000000, 1.00000000, 1.00000000
0.292929292929, 0.545454545455, 0.80684357, 1.00000000, 1.00000000, 1.00000000
0.292929292929, 0.555555555556, 0.80864966, 1.00000000, 1.00000000, 1.00000000
0.292929292929, 0.565656565657, 0.81122492, 1.00000000, 1.00000000, 1.00000000
0.292929292929, 0.575757575758, 0.81455912, 1.00000000, 1.00000000, 1.00000000
0.292929292929, 0.585858585859, 0.81863899, 1.00000000, 1.00000000, 1.00000000
0.292929292929, 0.595959595960, 0.82344832, 1.00000000, 1.00000000, 1.00000000
0.292929292929, 0.606060606061, 0.82896801, 1.00000000, 1.00000000, 1.00000000
0.292929292929, 0.616161616162, 0.83517608, 1.00000000, 1.00000000, 1.00000000
0.292929292929, 0.626262626263, 0.84204783, 1.00000000, 1.00000000, 1.00000000
0.292929292929, 0.636363636364, 0.84955589, 1.00000000, 1.00000000, 1.00000000
0.292929292929, 0.646464646465, 0.85767033, 1.00000000, 1.00000000, 1.00000000
0.292929292929, 0.656565656566, 0.86635875, 1.00000000, 1.00000000, 1.00000000
0.292929292929, 0.666666666667, 0.87558646, 1.00000000, 1.00000000, 1.00000000
0.292929292929, 0.676767676768, 0.88531657, 1.00000000, 1.00000000, 1.00000000
0.292929292929, 0.686868686869, 0.89551014, 1.00000000, 1.00000000, 1.00000000
0.292929292929, 0.696969696970, 0.90612634, 1.00000000, 1.00000000, 1.00000000
0.292929292929, 0.707070707071, 0.91712263, 1.00000000, 1.00000000, 1.00000000
0.292929292929, 0.717171717172, 0.92845488, 1.00000000, 1.00000000, 1.00000000
0.292929292929, 0.727272727273, 0.94007760, 1.00000000, 1.00000000, 1.00000000
0.292929292929, 0.737373737374, 0.95194408, 1.00000000, 1.00000000, 1.00000000
0.292929292929, 0.747474747475, 0.96400661, 1.00000000, 1.00000000, 1.00000000
0.292929292929, 0.757575757576, 0.97621664, 1.00000000, 1.00000000, 1.00000000
0.292929292929, 0.767676767677, 0.98852501, 1.00000000, 1.00000000, 1.00000000
0.292929292929, 0.777777777778, 1.00088213, 1.00000000, 1.00000000, 1.00000000
0.292929292929, 0.787878787879, 1.01323817, 1.00000000, 1.00000000, 1.00000000
0.292929292929, 0.797979797980, 1.02554330, 1.00000000, 1.00000000, 1.00000000
0.292929292929, 0.808080808081, 1.03774786, 1.00000000, 1.00000000, 1.00000000
0.292929292929, 0.818181818182, 1.04980257, 1.00000000, 1.00000000, 1.00000000
0.292929292929, 0.828282828283, 1.06165874, 1.00000000, 1.00000000, 1.00000000
0.292929292929, 0.838383838384, 1.07326846, 1.00000000, 1.00000000, 1.00000000
0.292929292929, 0.848484848485, 1.08458480, 1.00000000, 1.00000000, 1.00000000
0.292929292929, 0.858585858586, 1.09556202, 1.00000000, 1.00000000, 1.00000000
0.292929292929, 0.868686868687, 1.10615570, 1.00000000, 1.00000000, 1.00000000
0.292929292929, 0.878787878788, 1.11632298, 1.00000000, 1.00000000, 1.00000000
0.292929292929, 0.888888888889, 1.12602274, 1.00000000, 1.00000000, 1.00000000
0.292929292929, 0.898989898990, 1.13521571, 1.00000000, 1.00000000, 1.00000000
0.292929292929, 0.909090909091, 1.14386467, 1.00000000, 1.00000000, 1.00000000
0.292929292929, 0.919191919192, 1.15193460, 1.00000000, 1.00000000, 1.00000000
0.292929292929, 0.929292929293, 1.15939285, 1.00000000, 1.00000000, 1.00000000
0.292929292929, 0.939393939394, 1.16620924, 1.00000000, 1.00000000, 1.00000000
0.292929292929, 0.949494949495, 1.17235630, 1.00000000, 1.00000000, 1.00000000
0.292929292929, 0.959595959596, 1.17780963, 1.00000000, 1.00000000, 1.00000000
0.303030303030, -0.000000000000, 1.19519390, 1.00000000, 1.00000000, 1.00000000
0.303030303030, 0.010101010101, 1.19559286, 1.00000000, 1.00000000, 1.00000000
0.303030303030, 0.020202020202, 1.19534074, 1.00000000, 1.00000000, 1.00000000
0.303030303030, 0.030303030303, 1.19444673, 1.00000000, 1.00000000, 1.00000000
0.303030303030, 0.040404040404, 1.19289651, 1.00000000, 1.00000000, 1.00000000
0.303030303030, 0.050505050505, 1.19065846, 1.00000000, 1.00000000, 1.00000000
0.303030303030, 0.060606060606, 1.18769877, 1.00000000, 1.00000000, 1.00000000
0.303030303030, 0.070707070707, 1.18399588, 1.00000000, 1.00000000, 1.00000000
0.303030303030, 0.080808080808, 1.17954666, 1.00000000, 1.00000000, 1.00000000
0.303030303030, 0.090909090909, 1.17436402, 1.00000000, 1.00000000, 1.00000000
0.303030303030, 0.101010101010, 1.16847068, 1.00000000, 1.00000000, 1.00000000
0.303030303030, 0.111111111111, 1.16189391, 1.00000000, 1.00000000, 1.00000000
0.303030303030, 0.121212121212, 1.15466300, 1.00000000, 1.00000000, 1.00000000
0.303030303030, 0.131313131313, 1.14680865, 1.00000000, 1.00000000, 1.00000000
0.303030303030, 0.141414141414, 1.13836327, 1.00000000, 1.00000000, 1.00000000
0.303030303030, 0.151515151515, 1.12936127, 1.00000000, 1.00000000, 1.00000000
0.303030303030, 0.161616161616, 1.11983917, 1.00000000, 1.00000000, 1.00000000
0.303030303030, 0.171717171717, 1.10983552, 1.00000000, 1.00000000, 1.00000000
0.303030303030, 0.181818181818, 1.09939080, 1.00000000, 1.00000000, 1.00000000
0.303030303030, 0.191919191919, 1.08854728, 1.00000000, 1.00000000, 1.00000000
0.303030303030, 0.202020202020, 1.07734882, 1.00000000, 1.00000000, 1.00000000
0.303030303030, 0.212121212121, 1.06584068, 1.00000000, 1.00000000, 1.00000000
0.303030303030, 0.222222222222, 1.05406938, 1.00000000, 1.00000000, 1.00000000
0.303030303030, 0.232323232323, 1.04208247, 1.00000000, 1.00000000, 1.00000000
0.303030303030, 0.242424242424, 1.02992837, 1.00000000, 1.00000000, 1.00000000
0.303030303030, 0.252525252525, 1.01765614, 1.00000000, 1.00000000, 1.00000000
0.303030303030, 0.262626262626, 1.00531527, 1.00000000, 1.00000000, 1.00000000
0.303030303030, 0.272727272727, 0.99295553, 1.00000000, 1.00000000, 1.00000000
0.303030303030, 0.282828282828, 0.98062674, 1.00000000, 1.00000000, 1.00000000
0.303030303030, 0.292929292929, 0.96837853, 1.00000000, 1.00000000, 1.00000000
0.303030303030, 0.303030303030, 0.95626021, 1.00000000, 1.00000000, 1.00000000
0.303030303030, 0.313131313131, 0.94432052, 1.00000000, 1.00000000, 1.00000000
0.303030303030, 0.323232323232, 0.93260745, 1.00000000, 1.00000000, 1.00000000
0.303030303030, 0.333333333333, 0.92116803, 1.00000000, 1.00000000, 1.00000000
0.303030303030, 0.343434343434, 0.91004817, 1.00000000, 1.00000000, 1.00000000
0.303030303030, 0.353535353535, 0.89929246, 1.00000000, 1.00000000, 1.00000000
0.303030303030, 0.363636363636, 0.88894399, 1.00000000, 1.00000000, 1.00000000
0.303030303030, 0.373737373737, 0.87904420, 1.00000000, 1.00000000, 1.00000000
0.303030303030, 0.383838383838, 0.86963268, 1.00000000, 1.00000000, 1.00000000
0.303030303030, 0.393939393939, 0.86074705, 1.00000000, 1.00000000, 1.00000000
0.303030303030, 0.404040404040, 0.85242280, 1.00000000, 1.00000000, 1.00000000
0.303030303030, 0.414141414141, 0.84469315, 1.00000000, 1.00000000, 1.00000000
0.303030303030, 0.424242424242, 0.83758892, 1.00000000, 1.00000000, 1.00000000
0.303030303030, 0.434343434343, 0.83113844, 1.00000000, 1.00000000, 1.00000000
0.303030303030, 0.444444444444, 0.82536739, 1.00000000, 1.00000000, 1.00000000
0.303030303030, 0.454545454545, 0.82029878, 1.00000000, 1.00000000, 1.00000000
0.303030303030, 0.464646464646, 0.81595279, 1.00000000, 1.00000000, 1.00000000
0.303030303030, 0.474747474747, 0.81234673, 1.00000000, 1.00000000, 1.00000000
0.303030303030, 0.484848484848, 0.80949500, 1.00000000, 1.00000000, 1.00000000
0.303030303030, 0.494949494949, 0.80740900, 1.00000000, 1.00000000, 1.00000000
0.303030303030, 0.505050505051, 0.80609712, 1.00000000, 1.00000000, 1.00000000
0.303030303030, 0.515151515152, 0.80556470, 1.00000000, 1.00000000, 1.00000000
0.303030303030, 0.525252525253, 0.80581387, 1.00000000, 1.00000000, 1.00000000
0.303030303030, 0.535353535354, 0.80684357, 1.00000000, 1.00000000, 1.00000000
0.303030303030, 0.545454545455, 0.80864966, 1.00000000, 1.00000000, 1.00000000
0.303030303030, 0.555555555556, 0.81122492, 1.00000000, 1.00000000, 1.00000000
0.303030303030, 0.565656565657, 0.81455912, 1.00000000, 1.00000000, 1.00000000
0.303030303030, 0.575757575758, 0.81863899, 1.00000000, 1.00000000, 1.00000000
0.303030303030, 0.585858585859, 0.82344832, 1.00000000, 1.00000000, 1.00000000
0.303030303030, 0.595959595960, 0.82896801, 1.00000000, 1.00000000, 1.00000000
0.303030303030, 0.606060606061, 0.83517608, 1.00000000, 1.00000000, 1.00000000
0.303030303030, 0.616161616162, 0.84204783, 1.00000000, 1.00000000, 1.00000000
0.303030303030, 0.626262626263, 0.84955589, 1.00000000, 1.00000000, 1.00000000
0.303030303030, 0.636363636364, 0.85767033, 1.00000000, 1.00000000, 1.00000000
0.303030303030, 0.646464646465, 0.86635875, 1.00000000, 1.00000000, 1.00000000
0.303030303030, 0.656565656566, 0.87558646, 1.00000000, 1.00000000, 1.00000000
0.303030303030, 0.666666666667, 0.88531657, 1.00000000, 1.00000000, 1.00000000
0.303030303030, 0.676767676768, 0.89551014, 1.00000000, 1.00000000, 1.00000000
0.303030303030, 0.686868686869, 0.90612634, 1.00000000, 1.00000000, 1.00000000
0.303030303030, 0.696969696970, 0.91712263, 1.00000000, 1.00000000, 1.00000000
0.303030303030, 0.707070707071, 0.92845488, 1.00000000, 1.00000000, 1.00000000
0.303030303030, 0.717171717172, 0.94007760, 1.00000000, 1.00000000, 1.00000000
0.303030303030, 0.727272727273, 0.95194408, 1.00000000, 1.00000000, 1.00000000
0.303030303030, 0.737373737374, 0.96400661, 1.00000000, 1.00000000, 1.00000000
0.303030303030, 0.747474747475, 0.97621664, 1.00000000, 1.00000000, 1.00000000
0.303030303030, 0.757575757576, 0.98852501, 1.00000000, 1.00000000, 1.00000000
0.303030303030, 0.767676767677, 1.00088213, 1.00000000, 1.00000000, 1.00000000
0.303030303030, 0.777777777778, 1.01323817, 1.00000000, 1.00000000, 1.00000000
0.303030303030, 0.787878787879, 1.02554330, 1.00000000, 1.00000000, 1.00000000
0.303030303030, 0.797979797980, 1.03774786, 1.00000000, 1.00000000, 1.00000000
0.303030303030, 0.808080808081, 1.04980257, 1.00000000, 1.00000000, 1.00000000
0.303030303030, 0.818181818182, 1.06165874, 1.00000000, 1.00000000, 1.00000000
0.303030303030, 0.828282828283, 1.07326846, 1.00000000, 1.00000000, 1.00000000
0.303030303030, 0.838383838384, 1.08458480, 1.00000000, 1.00000000, 1.00000000
0.303030303030, 0.848484848485, 1.09556202, 1.00000000, 1.00000000, 1.00000000
0.303030303030, 0.858585858586, 1.10615570, 1.00000000, 1.00000000, 1.00000000
0.303030303030, 0.868686868687, 1.11632298, 1.00000000, 1.00000000, 1.00000000
0.303030303030, 0.878787878788, 1.12602274, 1.00000000, 1.00000000, 1.00000000
0.303030303030, 0.888888888889, 1.13521571, 1.00000000, 1.00000000, 1.00000000
0.303030303030, 0.898989898990, 1.14386467, 1.00000000, 1.00000000, 1.00000000
0.303030303030, 0.909090909091, 1.15193460, 1.00000000, 1.00000000, 1.00000000
0.303030303030, 0.919191919192, 1.15939284, 1.00000000, 1.00000000, 1.00000000
0.303030303030, 0.929292929293, 1.16620919, 1.00000000, 1.00000000, 1.00000000
0.303030303030, 0.939393939394, 1.17235609, 1.00000000, 1.00000000, 1.00000000
0.303030303030, 0.949494949495, 1.17780888, 1.00000000, 1.00000000, 1.00000000
0.303030303030, 0.959595959596, 1.18254624, 1.00000000, 1.00000000, 1.00000000
0.313131313131, -0.000000000000, 1.19543002, 1.00000000, 1.00000000, 1.00000000
0.313131313131, 0.010101010101, 1.19511850, 1.00000000, 1.00000000, 1.00000000
0.313131313131, 0.020202020202, 1.19418347, 1.00000000, 1.00000000, 1.00000000
0.313131313131, 0.030303030303, 1.19262583, 1.00000000, 1.00000000, 1.00000000
0.313131313131, 0.040404040404, 1.19041692, 1.00000000, 1.00000000, 1.00000000
0.313131313131, 0.050505050505, 1.18751167, 1.00000000, 1.00000000, 1.00000000
0.313131313131, 0.060606060606, 1.18387006, 1.00000000, 1.00000000, 1.00000000
0.313131313131, 0.070707070707, 1.17947320, 1.00000000, 1.00000000, 1.00000000
0.313131313131, 0.080808080808, 1.17432680, 1.00000000, 1.00000000, 1.00000000
0.313131313131, 0.090909090909, 1.16845432, 1.00000000, 1.00000000, 1.00000000
0.313131313131, 0.101010101010, 1.16188769, 1.00000000, 1.00000000, 1.00000000
0.313131313131, 0.111111111111, 1.15466096, 1.00000000, 1.00000000, 1.00000000
0.313131313131, 0.121212121212, 1.14680807, 1.00000000, 1.00000000, 1.00000000
0.313131313131, 0.131313131313, 1.13836313, 1.00000000, 1.00000000, 1.00000000
0.313131313131, 0.141414141414, 1.12936125, 1.00000000, 1.00000000, 1.00000000
0.313131313131, 0.151515151515, 1.11983917, 1.00000000, 1.00000000, 1.00000000
0.313131313131, 0.161616161616, 1.10983552, 1.00000000, 1.00000000, 1.00000000
0.313131313131, 0.171717171717, 1.09939080, 1.00000000, 1.00000000, 1.00000000
0.313131313131, 0.181818181818, 1.08854728, 1.00000000, 1.00000000, 1.00000000
0.313131313131, 0.191919191919, 1.07734882, 1.00000000, 1.00000000, 1.00000000
0.313131313131, 0.202020202020, 1.06584068, 1.00000000, 1.00000000, 1.00000000
0.313131313131, 0.212121212121, 1.05406938, 1.00000000, 1.00000000, 1.00000000
0.313131313131, 0.222222222222, 1.04208247, 1.00000000, 1.00000000, 1.00000000
0.313131313131, 0.232323232323, 1.02992837, 1.00000000, 1.00000000, 1.00000000
0.313131313131, 0.242424242424, 1.01765614, 1.00000000, 1.00000000, 1.00000000
0.313131313131, 0.252525252525, 1.00531527, 1.00000000, 1.00000000, 1.00000000
0.313131313131, 0.262626262626, 0.99295553, 1.00000000, 1.00000000, 1.00000000
0.313131313131, 0.272727272727, 0.98062674, 1.00000000, 1.00000000, 1.00000000
0.313131313131, 0.282828282828, 0.96837853, 1.00000000, 1.00000000, 1.00000000
0.313131313131, 0.292929292929, 0.95626021, 1.00000000, 1.00000000, 1.00000000
0.313131313131, 0.303030303030, 0.94432052, 1.00000000, 1.00000000, 1.00000000
0.313131313131, 0.313131313131, 0.93260745, 1.00000000, 1.00000000, 1.00000000
0.313131313131, 0.323232323232, 0.92116803, 1.00000000, 1.00000000, 1.00000000
0.313131313131, 0.333333333333, 0.91004817, 1.00000000, 1.00000000, 1.00000000
0.313131313131, 0.343434343434, 0.89929246, 1.00000000, 1.00000000, 1.00000000
0.313131313131, 0.353535353535, 0.88894399, 1.00000000, 1.00000000, 1.00000000
0.313131313131, 0.363636363636, 0.87904420, 1.00000000, 1.00000000, 1.00000000
0.313131313131, 0.373737373737, 0.86963268, 1.00000000, 1.00000000, 1.00000000
0.313131313131, 0.383838383838, 0.86074705, 1.00000000, 1.00000000, 1.00000000
0.313131313131, 0.393939393939, 0.85242280, 1.00000000, 1.00000000, 1.00000000
0.313131313131, 0.404040404040, 0.84469315, 1.00000000, 1.00000000, 1.00000000
0.313131313131, 0.414141414141, 0.83758892, 1.00000000, 1.00000000, 1.00000000
0.313131313131, 0.424242424242, 0.83113844, 1.00000000, 1.00000000, 1.00000000
0.313131313131, 0.434343434343, 0.82536739, 1.00000000, 1.00000000, 1.00000000
0.313131313131, 0.444444444444, 0.82029878, 1.00000000, 1.00000000, 1.00000000
0.313131313131, 0.454545454545, 0.81595279, 1.00000000, 1.00000000, 1.00000000
0.313131313131, 0.464646464646, 0.81234673, 1.00000000, 1.00000000, 1.00000000
0.313131313131, 0.474747474747, 0.80949500, 1.00000000, 1.00000000, 1.00000000
0.313131313131, 0.484848484848, 0.80740900, 1.00000000, 1.00000000, 1.00000000
0.313131313131, 0.494949494949, 0.80609712, 1.00000000, 1.00000000, 1.00000000
0.313131313131, 0.505050505051, 0.80556470, 1.00000000, 1.00000000, 1.00000000
0.313131313131, 0.515151515152, 0.80581387, 1.00000000, 1.00000000, 1.00000000
0.313131313131, 0.525252525253, 0.80684357, 1.00000000, 1.00000000, 1.00000000
0.313131313131, 0.535353535354, 0.80864966, 1.00000000, 1.00000000, 1.00000000
0.313131313131, 0.545454545455, 0.81122492, 1.00000000, 1.00000000, 1.00000000
0.313131313131, 0.555555555556, 0.81455912, 1.00000000, 1.00000000, 1.00000000
0.313131313131, 0.565656565657, 0.81863899, 1.00000000, 1.00000000, 1.00000000
0.313131313131, 0.575757575758, 0.82344832, 1.00000000, 1.00000000, 1.00000000
0.313131313131, 0.585858585859, 0.82896801, 1.00000000, 1.00000000, 1.00000000
0.313131313131, 0.595959595960, 0.83517608, 1.00000000, 1.00000000, 1.00000000
0.313131313131, 0.606060606061, 0.84204783, 1.00000000, 1.00000000, 1.00000000
0.313131313131, 0.616161616162, 0.84955589, 1.00000000, 1.00000000, 1.00000000
0.313131313131, 0.626262626263, 0.85767033, 1.00000000, 1.00000000, 1.00000000
0.313131313131, 0.636363636364, 0.86635875, 1.00000000, 1.00000000, 1.00000000
0.313131313131, 0.646464646465, 0.87558646, 1.00000000, 1.00000000, 1.00000000
0.313131313131, 0.656565656566, 0.88531657, 1.00000000, 1.00000000, 1.00000000
0.313131313131, 0.666666666667, 0.89551014, 1.00000000, 1.00000000, 1.00000000
0.313131313131, 0.676767676768, 0.90612634, 1.00000000, 1.00000000, 1.00000000
0.313131313131, 0.686868686869, 0.91712263, 1.00000000, 1.00000000, 1.00000000
0.313131313131, 0.696969696970, 0.92845488, 1.00000000, 1.00000000, 1.00000000
0.313131313131, 0.707070707071, 0.94007760, 1.00000000, 1.00000000, 1.00000000
0.313131313131, 0.717171717172, 0.95194408, 1.00000000, 1.00000000, 1.00000000
0.313131313131, 0.727272727273, 0.96400661, 1.00000000, 1.00000000, 1.00000000
0.313131313131, 0.737373737374, 0.97621664, 1.00000000, 1.00000000, 1.00000000
0.313131313131, 0.747474747475, 0.98852501, 1.00000000, 1.00000000, 1.00000000
0.313131313131, 0.757575757576, 1.00088213, 1.00000000, 1.00000000, 1.00000000
0.313131313131, 0.767676767677, 1.01323817, 1.00000000, 1.00000000, 1.00000000
0.313131313131, 0.777777777778, 1.02554330, 1.00000000, 1.00000000, 1.00000000
0.313131313131, 0.787878787879, 1.03774786, 1.00000000, 1.00000000, 1.00000000
0.313131313131, 0.797979797980, 1.04980257, 1.00000000, 1.00000000, 1.00000000
0.313131313131, 0.808080808081, 1.06165874, 1.00000000, 1.00000000, 1.00000000
0.313131313131, 0.818181818182, 1.07326846, 1.00000000, 1.00000000, 1.00000000
0.313131313131, 0.828282828283, 1.08458480, 1.00000000, 1.00000000, 1.00000000
0.313131313131, 0.838383838384, 1.09556202, 1.00000000, 1.00000000, 1.00000000
0.313131313131, 0.848484848485, 1.10615570, 1.00000000, 1.00000000, 1.00000000
0.313131313131, 0.858585858586, 1.11632298, 1.00000000, 1.00000000, 1.00000000
0.313131313131, 0.868686868687, 1.12602274, 1.00000000, 1.00000000, 1.00000000
0.313131313131, 0.878787878788, 1.13521571, 1.00000000, 1.00000000, 1.00000000
0.313131313131, 0.888888888889, 1.14386467, 1.00000000, 1.00000000, 1.00000000
0.313131313131, 0.898989898990, 1.15193460, 1.00000000, 1.00000000, 1.00000000
0.313131313131, 0.909090909091, 1.15939284, 1.00000000, 1.00000000, 1.00000000
0.313131313131, 0.919191919192, 1.16620917, 1.00000000, 1.00000000, 1.00000000
0.313131313131, 0.929292929293, 1.17235601, 1.00000000, 1.00000000, 1.00000000
0.313131313131, 0.939393939394, 1.17780852, 1.00000000, 1.00000000, 1.00000000
0.313131313131, 0.949494949495, 1.18254494, 1.00000000, 1.00000000, 1.00000000
0.313131313131, 0.959595959596, 1.18654714, 1.00000000, 1.00000000, 1.00000000
0.323232323232, -0.000000000000, 1.19487828, 1.00000000, 1.00000000, 1.00000000
0.323232323232, 0.010101010101, 1.19385762, 1.00000000, 1.00000000, 1.00000000
0.323232323232, 0.020202020202, 1.19224345, 1.00000000, 1.00000000, 1.00000000
0.323232323232, 0.030303030303, 1.19002844, 1.00000000, 1.00000000, 1.00000000
0.323232323232, 0.040404040404, 1.18716968, 1.00000000, 1.00000000, 1.00000000
0.323232323232, 0.050505050505, 1.18360896, 1.00000000, 1.00000000, 1.00000000
0.323232323232, 0.060606060606, 1.17930018, 1.00000000, 1.00000000, 1.00000000
0.323232323232, 0.070707070707, 1.17422723, 1.00000000, 1.00000000, 1.00000000
0.323232323232, 0.080808080808, 1.16840457, 1.00000000, 1.00000000, 1.00000000
0.323232323232, 0.090909090909, 1.16186611, 1.00000000, 1.00000000, 1.00000000
0.323232323232, 0.101010101010, 1.15465284, 1.00000000, 1.00000000, 1.00000000
0.323232323232, 0.111111111111, 1.14680543, 1.00000000, 1.00000000, 1.00000000
0.323232323232, 0.121212121212, 1.13836239, 1.00000000, 1.00000000, 1.00000000
0.323232323232, 0.131313131313, 1.12936107, 1.00000000, 1.00000000, 1.00000000
0.323232323232, 0.141414141414, 1.11983913, 1.00000000, 1.00000000, 1.00000000
0.323232323232, 0.151515151515, 1.10983551, 1.00000000, 1.00000000, 1.00000000
0.323232323232, 0.161616161616, 1.09939080, 1.00000000, 1.00000000, 1.00000000
0.323232323232, 0.171717171717, 1.08854728, 1.00000000, 1.00000000, 1.00000000
0.323232323232, 0.181818181818, 1.07734882, 1.00000000, 1.00000000, 1.00000000
0.323232323232, 0.191919191919, 1.06584068, 1.00000000, 1.00000000, 1.00000000
0.323232323232, 0.202020202020, 1.05406938, 1.00000000, 1.00000000, 1.00000000
0.323232323232, 0.212121212121, 1.04208247, 1.00000000, 1.00000000, 1.00000000
0.323232323232, 0.222222222222, 1.02992837, 1.00000000, 1.00000000, 1.00000000
0.323232323232, 0.232323232323, 1.01765614, 1.00000000, 1.00000000, 1.00000000
0.323232323232, 0.242424242424, 1.00531527, 1.00000000, 1.00000000, 1.00000000
0.323232323232, 0.252525252525, 0.99295553, 1.00000000, 1.00000000, 1.00000000
0.323232323232, 0.262626262626, 0.98062674, 1.00000000, 1.00000000, 1.00000000
0.323232323232, 0.272727272727, 0.96837853, 1.00000000, 1.00000000, 1.00000000
0.323232323232, 0.282828282828, 0.95626021, 1.00000000, 1.00000000, 1.00000000
0.323232323232, 0.292929292929, 0.94432052, 1.00000000, 1.00000000, 1.00000000
0.323232323232, 0.303030303030, 0.93260745, 1.00000000, 1.00000000, 1.00000000
0.323232323232, 0.313131313131, 0.92116803, 1.00000000, 1.00000000, 1.00000000
0.323232323232, 0.323232323232, 0.91004817, 1.00000000, 1.00000000, 1.00000000
0.323232323232, 0.333333333333, 0.89929246, 1.00000000, 1.00000000, 1.00000000
0.323232323232, 0.343434343434, 0.88894399, 1.00000000, 1.00000000, 1.00000000
0.323232323232, 0.353535353535, 0.87904420, 1.00000000, 1.00000000, 1.00000000
0.323232323232, 0.363636363636, 0.86963268, 1.00000000, 1.00000000, 1.00000000
0.323232323232, 0.373737373737, 0.86074705, 1.00000000, 1.00000000, 1.00000000
0.323232323232, 0.383838383838, 0.85242280, 1.00000000, 1.00000000, 1.00000000
0.323232323232, 0.393939393939, 0.84469315, 1.00000000, 1.00000000, 1.00000000
0.323232323232, 0.404040404040, 0.83758892, 1.00000000, 1.00000000, 1.00000000
0.323232323232, 0.414141414141, 0.83113844, 1.00000000, 1.00000000, 1.00000000
0.323232323232, 0.424242424242, 0.82536739, 1.00000000, 1.00000000, 1.00000000
0.323232323232, 0.434343434343, 0.82029878, 1.00000000, 1.00000000, 1.00000000
0.323232323232, 0.444444444444, 0.81595279, 1.00000000, 1.00000000, 1.00000000
0.323232323232, 0.454545454545, 0.81234673, 1.00000000, 1.00000000, 1.00000000
0.323232323232, 0.464646464646, 0.80949500, 1.00000000, 1.00000000, 1.00000000
0.323232323232, 0.474747474747, 0.80740900, 1.00000000, 1.00000000, 1.00000000
0.323232323232, 0.484848484848, 0.80609712, 1.00000000, 1.00000000, 1.00000000
0.323232323232, 0.494949494949, 0.80556470, 1.00000000, 1.00000000, 1.00000000
0.323232323232, 0.505050505051, 0.80581387, 1.00000000, 1.00000000, 1.00000000
0.323232323232, 0.515151515152, 0.80684357, 1.00000000, 1.00000000, 1.00000000
0.323232323232, 0.525252525253, 0.80864966, 1.00000000, 1.00000000, 1.00000000
0.323232323232, 0.535353535354, 0.81122492, 1.00000000, 1.00000000, 1.00000000
0.323232323232, 0.545454545455, 0.81455912, 1.00000000, 1.00000000, 1.00000000
0.323232323232, 0.555555555556, 0.81863899, 1.00000000, 1.00000000, 1.00000000
0.323232323232, 0.565656565657, 0.82344832, 1.00000000, 1.00000000, 1.00000000
0.323232323232, 0.575757575758, 0.82896801, 1.00000000, 1.00000000, 1.00000000
0.323232323232, 0.585858585859, 0.83517608, 1.00000000, 1.00000000, 1.00000000
0.323232323232, 0.595959595960, 0.84204783, 1.00000000, 1.00000000, 1.00000000
0.323232323232, 0.606060606061, 0.84955589, 1.00000000, 1.00000000, 1.00000000
0.323232323232, 0.616161616162, 0.85767033, 1.00000000, 1.00000000, 1.00000000
0.323232323232, 0.626262626263, 0.86635875, 1.00000000, 1.00000000, 1.00000000
0.323232323232, 0.636363636364, 0.87558646, 1.00000000, 1.00000000, 1.00000000
0.323232323232, 0.646464646465, 0.88531657, 1.00000000, 1.00000000, 1.00000000
0.323232323232, 0.656565656566, 0.89551014, 1.00000000, 1.00000000, 1.00000000
0.323232323232, 0.666666666667, 0.90612634, 1.00000000, 1.00000000, 1.00000000
0.323232323232, 0.676767676768, 0.91712263, 1.00000000, 1.00000000, 1.00000000
0.323232323232, 0.686868686869, 0.92845488, 1.00000000, 1.00000000, 1.00000000
0.323232323232, 0.696969696970, 0.94007760, 1.00000000, 1.00000000, 1.00000000
0.323232323232, 0.707070707071, 0.95194408, 1.00000000, 1.00000000, 1.00000000
0.323232323232, 0.717171717172, 0.96400661, 1.00000000, 1.00000000, 1.00000000
0.323232323232, 0.727272727273, 0.97621664, 1.00000000, 1.00000000, 1.00000000
0.323232323232, 0.737373737374, 0.98852501, 1.00000000, 1.00000000, 1.00000000
0.323232323232, 0.747474747475, 1.00088213, 1.00000000, 1.00000000, 1.00000000
0.323232323232, 0.757575757576, 1.01323817, 1.00000000, 1.00000000, 1.00000000
0.323232323232, 0.767676767677, 1.02554330, 1.00000000, 1.00000000, 1.00000000
0.323232323232, 0.777777777778, 1.03774786, 1.00000000, 1.00000000, 1.00000000
0.323232323232, 0.787878787879, 1.04980257, 1.00000000, 1.00000000, 1.00000000
0.323232323232, 0.797979797980, 1.06165874, 1.00000000, 1.00000000, 1.00000000
0.323232323232, 0.808080808081, 1.07326846, 1.00000000, 1.00000000, 1.00000000
0.323232323232, 0.818181818182, 1.08458480, 1.00000000, 1.00000000, 1.00000000
0.323232323232, 0.828282828283, 1.09556202, 1.00000000, 1.00000000, 1.00000000
0.323232323232, 0.838383838384, 1.10615570, 1.00000000, 1.00000000, 1.00000000
0.323232323232, 0.848484848485, 1.11632298, 1.00000000, 1.00000000, 1.00000000
0.323232323232, 0.858585858586, 1.12602274, 1.00000000, 1.00000000, 1.00000000
0.323232323232, 0.868686868687, 1.13521571, 1.00000000, 1.00000000, 1.00000000
0.323232323232, 0.878787878788, 1.14386467, 1.00000000, 1.00000000, 1.00000000
0.323232323232, 0.888888888889, 1.15193460, 1.00000000, 1.00000000, 1.00000000
0.323232323232, 0.898989898990, 1.15939284, 1.00000000, 1.00000000, 1.00000000
0.323232323232, 0.909090909091, 1.16620916, 1.00000000, 1.00000000, 1.00000000
0.323232323232, 0.919191919192, 1.17235598, 1.00000000, 1.00000000, 1.00000000
0.323232323232, 0.929292929293, 1.17780841, 1.00000000, 1.00000000, 1.00000000
0.323232323232, 0.939393939394, 1.18254445, 1.00000000, 1.00000000, 1.00000000
0.323232323232, 0.949494949495, 1.18654531, 1.00000000, 1.00000000, 1.00000000
0.323232323232, 0.959595959596, 1.18979611, 1.00000000, 1.00000000, 1.00000000
0.333333333333, -0.000000000000, 1.19354102, 1.00000000, 1.00000000, 1.00000000
0.333333333333, 0.010101010101, 1.19181541, 1.00000000, 1.00000000, 1.00000000
0.333333333333, 0.020202020202, 1.18952862, 1.00000000, 1.00000000, 1.00000000
0.333333333333, 0.030303030303, 1.18666509, 1.00000000, 1.00000000, 1.00000000
0.333333333333, 0.040404040404, 1.18316796, 1.00000000, 1.00000000, 1.00000000
0.333333333333, 0.050505050505, 1.17896610, 1.00000000, 1.00000000, 1.00000000
0.333333333333, 0.060606060606, 1.17400763, 1.00000000, 1.00000000, 1.00000000
0.333333333333, 0.070707070707, 1.16827921, 1.00000000, 1.00000000, 1.00000000
0.333333333333, 0.080808080808, 1.16180396, 1.00000000, 1.00000000, 1.00000000
0.333333333333, 0.090909090909, 1.15462609, 1.00000000, 1.00000000, 1.00000000
0.333333333333, 0.101010101010, 1.14679544, 1.00000000, 1.00000000, 1.00000000
0.333333333333, 0.111111111111, 1.13835916, 1.00000000, 1.00000000, 1.00000000
0.333333333333, 0.121212121212, 1.12936017, 1.00000000, 1.00000000, 1.00000000
0.333333333333, 0.131313131313, 1.11983892, 1.00000000, 1.00000000, 1.00000000
0.333333333333, 0.141414141414, 1.10983547, 1.00000000, 1.00000000, 1.00000000
0.333333333333, 0.151515151515, 1.09939079, 1.00000000, 1.00000000, 1.00000000
0.333333333333, 0.161616161616, 1.08854728, 1.00000000, 1.00000000, 1.00000000
0.333333333333, 0.171717171717, 1.07734882, 1.00000000, 1.00000000, 1.00000000
0.333333333333, 0.181818181818, 1.06584068, 1.00000000, 1.00000000, 1.00000000
0.333333333333, 0.191919191919, 1.05406938, 1.00000000, 1.00000000, 1.00000000
0.333333333333, 0.202020202020, 1.04208247, 1.00000000, 1.00000000, 1.00000000
0.333333333333, 0.212121212121, 1.02992837, 1.00000000, 1.00000000, 1.00000000
0.333333333333, 0.222222222222, 1.01765614, 1.00000000, 1.00000000, 1.00000000
0.333333333333, 0.232323232323, 1.00531527, 1.00000000, 1.00000000, 1.00000000
0.333333333333, 0.242424242424, 0.99295553, 1.00000000, 1.00000000, 1.00000000
0.333333333333, 0.252525252525, 0.98062674, 1.00000000, 1.00000000, 1.00000000
0.333333333333, 0.262626262626, 0.96837853, 1.00000000, 1.00000000, 1.00000000
0.333333333333, 0.272727272727, 0.95626021, 1.00000000, 1.00000000, 1.00000000
0.333333333333, 0.282828282828, 0.94432052, 1.00000000, 1.00000000, 1.00000000
0.333333333333, 0.292929292929, 0.93260745, 1.00000000, 1.00000000, 1.00000000
0.333333333333, 0.303030303030, 0.92116803, 1.00000000, 1.00000000, 1.00000000
0.333333333333, 0.313131313131, 0.91004817, 1.00000000, 1.00000000, 1.00000000
0.333333333333, 0.323232323232, 0.89929246, 1.00000000, 1.00000000, 1.00000000
0.333333333333, 0.333333333333, 0.88894399, 1.00000000, 1.00000000, 1.00000000
0.333333333333, 0.343434343434, 0.87904420, 1.00000000, 1.00000000, 1.00000000
0.333333333333, 0.353535353535, 0.86963268, 1.00000000, 1.00000000, 1.00000000
0.333333333333, 0.363636363636, 0.86074705, 1.00000000, 1.00000000, 1.00000000
0.333333333333, 0.373737373737, 0.85242280, 1.00000000, 1.00000000, 1.00000000
0.333333333333, 0.383838383838, 0.84469315, 1.00000000, 1.00000000, 1.00000000
0.333333333333, 0.393939393939, 0.83758892, 1.00000000, 1.00000000, 1.00000000
0.333333333333, 0.404040404040, 0.83113844, 1.00000000, 1.00000000, 1.00000000
0.333333333333, 0.414141414141, 0.82536739, 1.00000000, 1.00000000, 1.00000000
0.333333333333, 0.424242424242, 0.82029878, 1.00000000, 1.00000000, 1.00000000
0.333333333333, 0.434343434343, 0.81595279, 1.00000000, 1.00000000, 1.00000000
0.333333333333, 0.444444444444, 0.81234673, 1.00000000, 1.00000000, 1.00000000
0.333333333333, 0.454545454545, 0.80949500, 1.00000000, 1.00000000, 1.00000000
0.333333333333, 0.464646464646, 0.80740900, 1.00000000, 1.00000000, 1.00000000
0.333333333333, 0.474747474747, 0.80609712, 1.00000000, 1.00000000, 1.00000000
0.333333333333, 0.484848484848, 0.80556470, 1.00000000, 1.00000000, 1.00000000
0.333333333333, 0.494949494949, 0.80581387, 1.00000000, 1.00000000, 1.00000000
0.333333333333, 0.505050505051, 0.80684357, 1.00000000, 1.00000000, 1.00000000
0.333333333333, 0.515151515152, 0.80864966, 1.00000000, 1.00000000, 1.00000000
0.333333333333, 0.525252525253, 0.81122492, 1.00000000, 1.00000000, 1.00000000
0.333333333333, 0.535353535354, 0.81455912, 1.00000000, 1.00000000, 1.00000000
0.333333333333, 0.545454545455, 0.81863899, 1.00000000, 1.00000000, 1.00000000
0.333333333333, 0.555555555556, 0.82344832, 1.00000000, 1.00000000, 1.00000000
0.333333333333, 0.565656565657, 0.82896801, 1.00000000, 1.00000000, 1.00000000
0.333333333333, 0.575757575758, 0.83517608, 1.00000000, 1.00000000, 1.00000000
0.333333333333, 0.585858585859, 0.84204783, 1.00000000, 1.00000000, 1.00000000
0.333333333333, 0.595959595960, 0.84955589, 1.00000000, 1.00000000, 1.00000000
0.333333333333, 0.606060606061, 0.85767033, 1.00000000, 1.00000000, 1.00000000
0.333333333333, 0.616161616162, 0.86635875, 1.00000000, 1.00000000, 1.00000000
0.333333333333, 0.626262626263, 0.87558646, 1.00000000, 1.00000000, 1.00000000
0.333333333333, 0.636363636364, 0.88531657, 1.00000000, 1.00000000, 1.00000000
0.333333333333, 0.646464646465, 0.89551014, 1.00000000, 1.00000000, 1.00000000
0.333333333333, 0.656565656566, 0.90612634, 1.00000000, 1.00000000, 1.00000000
0.333333333333, 0.666666666667, 0.91712263, 1.00000000, 1.00000000, 1.00000000
0.333333333333, 0.676767676768, 0.92845488, 1.00000000, 1.00000000, 1.00000000
0.333333333333, 0.686868686869, 0.94007760, 1.00000000, 1.00000000, 1.00000000
0.333333333333, 0.696969696970, 0.95194408, 1.00000000, 1.00000000, 1.00000000
0.333333333333, 0.707070707071, 0.96400661, 1.00000000, 1.00000000, 1.00000000
0.333333333333, 0.717171717172, 0.97621664, 1.00000000, 1.00000000, 1.00000000
0.333333333333, 0.727272727273, 0.98852501, 1.00000000, 1.00000000, 1.00000000
0.333333333333, 0.737373737374, 1.00088213, 1.00000000, 1.00000000, 1.00000000
0.333333333333, 0.747474747475, 1.01323817, 1.00000000, 1.00000000, 1.00000000
0.333333333333, 0.757575757576, 1.02554330, 1.00000000, 1.00000000, 1.00000000
0.333333333333, 0.767676767677, 1.03774786, 1.00000000, 1.00000000, 1.00000000
0.333333333333, 0.777777777778, 1.04980257, 1.00000000, 1.00000000, 1.00000000
0.333333333333, 0.787878787879, 1.06165874, 1.00000000, 1.00000000, 1.00000000
0.333333333333, 0.797979797980, 1.07326846, 1.00000000, 1.00000000, 1.00000000
0.333333333333, 0.808080808081, 1.08458480, 1.00000000, 1.00000000, 1.00000000
0.333333333333, 0.818181818182, 1.09556202, 1.00000000, 1.00000000, 1.00000000
0.333333333333, 0.828282828283, 1.10615570, 1.00000000, 1.00000000, 1.00000000
0.333333333333, 0.838383838384, 1.11632298, 1.00000000, 1.00000000, 1.00000000
0.333333333333, 0.848484848485, 1.12602274, 1.00000000, 1.00000000, 1.00000000
0.333333333333, 0.858585858586, 1.13521571, 1.00000000, 1.00000000, 1.00000000
0.333333333333, 0.868686868687, 1.14386467, 1.00000000, 1.00000000, 1.00000000
0.333333333333, 0.878787878788, 1.15193460, 1.00000000, 1.00000000, 1.00000000
0.333333333333, 0.888888888889, 1.15939284, 1.00000000, 1.00000000, 1.00000000
0.333333333333, 0.898989898990, 1.16620916, 1.00000000, 1.00000000, 1.00000000
0.333333333333, 0.909090909091, 1.17235598, 1.00000000, 1.00000000, 1.00000000
0.333333333333, 0.919191919192, 1.17780838, 1.00000000, 1.00000000, 1.00000000
0.333333333333, 0.929292929293, 1.18254431, 1.00000000, 1.00000000, 1.00000000
0.333333333333, 0.939393939394, 1.18654468, 1.00000000, 1.00000000, 1.00000000
0.333333333333, 0.949494949495, 1.18979375, 1.00000000, 1.00000000, 1.00000000
0.333333333333, 0.959595959596, 1.19227997, 1.00000000, 1.00000000, 1.00000000
0.343434343434, -0.000000000000, 1.19142377, 1.00000000, 1.00000000, 1.00000000
0.343434343434, 0.010101010101, 1.18900024, 1.00000000, 1.00000000, 1.00000000
0.343434343434, 0.020202020202, 1.18605003, 1.00000000, 1.00000000, 1.00000000
0.343434343434, 0.030303030303, 1.18254942, 1.00000000, 1.00000000, 1.00000000
0.343434343434, 0.040404040404, 1.17842793, 1.00000000, 1.00000000, 1.00000000
0.343434343434, 0.050505050505, 1.17360189, 1.00000000, 1.00000000, 1.00000000
0.343434343434, 0.060606060606, 1.16801381, 1.00000000, 1.00000000, 1.00000000
0.343434343434, 0.070707070707, 1.16165320, 1.00000000, 1.00000000, 1.00000000
0.343434343434, 0.080808080808, 1.15455169, 1.00000000, 1.00000000, 1.00000000
0.343434343434, 0.090909090909, 1.14676356, 1.00000000, 1.00000000, 1.00000000
0.343434343434, 0.101010101010, 1.13834731, 1.00000000, 1.00000000, 1.00000000
0.343434343434, 0.111111111111, 1.12935636, 1.00000000, 1.00000000, 1.00000000
0.343434343434, 0.121212121212, 1.11983786, 1.00000000, 1.00000000, 1.00000000
0.343434343434, 0.131313131313, 1.10983522, 1.00000000, 1.00000000, 1.00000000
0.343434343434, 0.141414141414, 1.09939074, 1.00000000, 1.00000000, 1.00000000
0.343434343434, 0.151515151515, 1.08854727, 1.00000000, 1.00000000, 1.00000000
0.343434343434, 0.161616161616, 1.07734881, 1.00000000, 1.00000000, 1.00000000
0.343434343434, 0.171717171717, 1.06584068, 1.00000000, 1.00000000, 1.00000000
0.343434343434, 0.181818181818, 1.05406938, 1.00000000, 1.00000000, 1.00000000
0.343434343434, 0.191919191919, 1.04208247, 1.00000000, 1.00000000, 1.00000000
0.343434343434, 0.202020202020, 1.02992837, 1.00000000, 1.00000000, 1.00000000
0.343434343434, 0.212121212121, 1.01765614, 1.00000000, 1.00000000, 1.00000000
0.343434343434, 0.222222222222, 1.00531527, 1.00000000, 1.00000000, 1.00000000
0.343434343434, 0.232323232323, 0.99295553, 1.00000000, 1.00000000, 1.00000000
0.343434343434, 0.242424242424, 0.98062674, 1.00000000, 1.00000000, 1.00000000
0.343434343434, 0.252525252525, 0.96837853, 1.00000000, 1.00000000, 1.00000000
0.343434343434, 0.262626262626, 0.95626021, 1.00000000, 1.00000000, 1.00000000
0.343434343434, 0.272727272727, 0.94432052, 1.00000000, 1.00000000, 1.00000000
0.343434343434, 0.282828282828, 0.93260745, 1.00000000, 1.00000000, 1.00000000
0.343434343434, 0.292929292929, 0.92116803, 1.00000000, 1.00000000, 1.00000000
0.343434343434, 0.303030303030, 0.91004817, 1.00000000, 1.00000000, 1.00000000
0.343434343434, 0.313131313131, 0.89929246, 1.00000000, 1.00000000, 1.00000000
0.343434343434, 0.323232323232, 0.88894399, 1.00000000, 1.00000000, 1.00000000
0.343434343434, 0.333333333333, 0.87904420, 1.00000000, 1.00000000, 1.00000000
0.343434343434, 0.343434343434, 0.86963268, 1.00000000, 1.00000000, 1.00000000
0.343434343434, 0.353535353535, 0.86074705, 1.00000000, 1.00000000, 1.00000000
0.343434343434, 0.363636363636, 0.85242280, 1.00000000, 1.00000000, 1.00000000
0.343434343434, 0.373737373737, 0.84469315, 1.00000000, 1.00000000, 1.00000000
0.343434343434, 0.383838383838, 0.83758892, 1.00000000, 1.00000000, 1.00000000
0.343434343434, 0.393939393939, 0.83113844, 1.00000000, 1.00000000, 1.00000000
0.343434343434, 0.404040404040, 0.82536739, 1.00000000, 1.00000000, 1.00000000
0.343434343434, 0.414141414141, 0.82029878, 1.00000000, 1.00000000, 1.00000000
0.343434343434, 0.424242424242, 0.81595279, 1.00000000, 1.00000000, 1.00000000
0.343434343434, 0.434343434343, 0.81234673, 1.00000000, 1.00000000, 1.00000000
0.343434343434, 0.444444444444, 0.80949500, 1.00000000, 1.00000000, 1.00000000
0.343434343434, 0.454545454545, 0.80740900, 1.00000000, 1.00000000, 1.00000000
0.343434343434, 0.464646464646, 0.80609712, 1.00000000, 1.00000000, 1.00000000
0.343434343434, 0.474747474747, 0.80556470, 1.00000000, 1.00000000, 1.00000000
0.343434343434, 0.484848484848, 0.80581387, 1.00000000, 1.00000000, 1.00000000
0.343434343434, 0.494949494949, 0.80684357, 1.00000000, 1.00000000, 1.00000000
0.343434343434, 0.505050505051, 0.80864966, 1.00000000, 1.00000000, 1.00000000
0.343434343434, 0.515151515152, 0.81122492, 1.00000000, 1.00000000, 1.00000000
0.343434343434, 0.525252525253, 0.81455912, 1.00000000, 1.00000000, 1.00000000
0.343434343434, 0.535353535354, 0.81863899, 1.00000000, 1.00000000, 1.00000000
0.343434343434, 0.545454545455, 0.82344832, 1.00000000, 1.00000000, 1.00000000
0.343434343434, 0.555555555556, 0.82896801, 1.00000000, 1.00000000, 1.00000000
0.343434343434, 0.565656565657, 0.83517608, 1.00000000, 1.00000000, 1.00000000
0.343434343434, 0.575757575758, 0.84204783, 1.00000000, 1.00000000, 1.00000000
0.343434343434, 0.585858585859, 0.84955589, 1.00000000, 1.00000000, 1.00000000
0.343434343434, 0.595959595960, 0.85767033, 1.00000000, 1.00000000, 1.00000000
0.343434343434, 0.606060606061, 0.86635875, 1.00000000, 1.00000000, 1.00000000
0.343434343434, 0.616161616162, 0.87558646, 1.00000000, 1.00000000, 1.00000000
0.343434343434, 0.626262626263, 0.88531657, 1.00000000, 1.00000000, 1.00000000
0.343434343434, 0.636363636364, 0.89551014, 1.00000000, 1.00000000, 1.00000000
0.343434343434, 0.646464646465, 0.90612634, 1.00000000, 1.00000000, 1.00000000
0.343434343434, 0.656565656566, 0.91712263, 1.00000000, 1.00000000, 1.00000000
0.343434343434, 0.666666666667, 0.92845488, 1.00000000, 1.00000000, 1.00000000
0.343434343434, 0.676767676768, 0.94007760, 1.00000000, 1.00000000, 1.00000000
0.343434343434, 0.686868686869, 0.95194408, 1.00000000, 1.00000000, 1.00000000
0.343434343434, 0.696969696970, 0.96400661, 1.00000000, 1.00000000, 1.00000000
0.343434343434, 0.707070707071, 0.97621664, 1.00000000, 1.00000000, 1.00000000
0.343434343434, 0.717171717172, 0.98852501, 1.00000000, 1.00000000, 1.00000000
0.343434343434, 0.727272727273, 1.00088213, 1.00000000, 1.00000000, 1.00000000
0.343434343434, 0.737373737374, 1.01323817, 1.00000000, 1.00000000, 1.00000000
0.343434343434, 0.747474747475, 1.02554330, 1.00000000, 1.00000000, 1.00000000
0.343434343434, 0.757575757576, 1.03774786, 1.00000000, 1.00000000, 1.00000000
0.343434343434, 0.767676767677, 1.04980257, 1.00000000, 1.00000000, 1.00000000
0.343434343434, 0.777777777778, 1.06165874, 1.00000000, 1.00000000, 1.00000000
0.343434343434, 0.787878787879, 1.07326846, 1.00000000, 1.00000000, 1.00000000
0.343434343434, 0.797979797980, 1.08458480, 1.00000000, 1.00000000, 1.00000000
0.343434343434, 0.808080808081, 1.09556202, 1.00000000, 1.00000000, 1.00000000
0.343434343434, 0.818181818182, 1.10615570, 1.00000000, 1.00000000, 1.00000000
0.343434343434, 0.828282828283, 1.11632298, 1.00000000, 1.00000000, 1.00000000
0.343434343434, 0.838383838384, 1.12602274, 1.00000000, 1.00000000, 1.00000000
0.343434343434, 0.848484848485, 1.13521571, 1.00000000, 1.00000000, 1.00000000
0.343434343434, 0.858585858586, 1.14386467, 1.00000000, 1.00000000, 1.00000000
0.343434343434, 0.868686868687, 1.15193460, 1.00000000, 1.00000000, 1.00000000
0.343434343434, 0.878787878788, 1.15939284, 1.00000000, 1.00000000, 1.00000000
0.343434343434, 0.888888888889, 1.16620916, 1.00000000, 1.00000000, 1.00000000
0.343434343434, 0.898989898990, 1.17235598, 1.00000000, 1.00000000, 1.00000000
0.343434343434, 0.909090909091, 1.17780837, 1.00000000, 1.00000000, 1.00000000
0.343434343434, 0.919191919192, 1.18254427, 1.00000000, 1.00000000, 1.00000000
0.343434343434, 0.929292929293, 1.18654450, 1.00000000, 1.00000000, 1.00000000
0.343434343434, 0.939393939394, 1.18979298, 1.00000000, 1.00000000, 1.00000000
0.343434343434, 0.949494949495, 1.19227709, 1.00000000, 1.00000000, 1.00000000
0.343434343434, 0.959595959596, 1.19398863, 1.00000000, 1.00000000, 1.00000000
0.353535353535, -0.000000000000, 1.18853520, 1.00000000, 1.00000000, 1.00000000
0.353535353535, 0.010101010101, 1.18542358, 1.00000000, 1.00000000, 1.00000000
0.353535353535, 0.020202020202, 1.18182179, 1.00000000, 1.00000000, 1.00000000
0.353535353535, 0.030303030303, 1.17769813, 1.00000000, 1.00000000, 1.00000000
0.353535353535, 0.040404040404, 1.17296879, 1.00000000, 1.00000000, 1.00000000
0.353535353535, 0.050505050505, 1.16753801, 1.00000000, 1.00000000, 1.00000000
0.353535353535, 0.060606060606, 1.16134297, 1.00000000, 1.00000000, 1.00000000
0.353535353535, 0.070707070707, 1.15437603, 1.00000000, 1.00000000, 1.00000000
0.353535353535, 0.080808080808, 1.14667714, 1.00000000, 1.00000000, 1.00000000
0.353535353535, 0.090909090909, 1.13831038, 1.00000000, 1.00000000, 1.00000000
0.353535353535, 0.101010101010, 1.12934266, 1.00000000, 1.00000000, 1.00000000
0.353535353535, 0.111111111111, 1.11983346, 1.00000000, 1.00000000, 1.00000000
0.353535353535, 0.121212121212, 1.10983400, 1.00000000, 1.00000000, 1.00000000
0.353535353535, 0.131313131313, 1.09939045, 1.00000000, 1.00000000, 1.00000000
0.353535353535, 0.141414141414, 1.08854721, 1.00000000, 1.00000000, 1.00000000
0.353535353535, 0.151515151515, 1.07734880, 1.00000000, 1.00000000, 1.00000000
0.353535353535, 0.161616161616, 1.06584067, 1.00000000, 1.00000000, 1.00000000
0.353535353535, 0.171717171717, 1.05406938, 1.00000000, 1.00000000, 1.00000000
0.353535353535, 0.181818181818, 1.04208247, 1.00000000, 1.00000000, 1.00000000
0.353535353535, 0.191919191919, 1.02992837, 1.00000000, 1.00000000, 1.00000000
0.353535353535, 0.202020202020, 1.01765614, 1.00000000, 1.00000000, 1.00000000
0.353535353535, 0.212121212121, 1.00531527, 1.00000000, 1.00000000, 1.00000000
0.353535353535, 0.222222222222, 0.99295553, 1.00000000, 1.00000000, 1.00000000
0.353535353535, 0.232323232323, 0.98062674, 1.00000000, 1.00000000, 1.00000000
0.353535353535, 0.242424242424, 0.96837853, 1.00000000, 1.00000000, 1.00000000
0.353535353535, 0.252525252525, 0.95626021, 1.00000000, 1.00000000, 1.00000000
0.353535353535, 0.262626262626, 0.94432052, 1.00000000, 1.00000000, 1.00000000
0.353535353535, 0.272727272727, 0.93260745, 1.00000000, 1.00000000, 1.00000000
0.353535353535, 0.282828282828, 0.92116803, 1.00000000, 1.00000000, 1.00000000
0.353535353535, 0.292929292929, 0.91004817, 1.00000000, 1.00000000, 1.00000000
0.353535353535, 0.303030303030, 0.89929246, 1.00000000, 1.00000000, 1.00000000
0.353535353535, 0.313131313131, 0.88894399, 1.00000000, 1.00000000, 1.00000000
0.353535353535, 0.323232323232, 0.87904420, 1.00000000, 1.00000000, 1.00000000
0.353535353535, 0.333333333333, 0.86963268, 1.00000000, 1.00000000, 1.00000000
0.353535353535, 0.343434343434, 0.86074705, 1.00000000, 1.00000000, 1.00000000
0.353535353535, 0.353535353535, 0.85242280, 1.00000000, 1.00000000, 1.00000000
0.353535353535, 0.363636363636, 0.84469315, 1.00000000, 1.00000000, 1.00000000
0.353535353535, 0.373737373737, 0.83758892, 1.00000000, 1.00000000, 1.00000000
0.353535353535, 0.383838383838, 0.83113844, 1.00000000, 1.00000000, 1.00000000
0.353535353535, 0.393939393939, 0.82536739, 1.00000000, 1.00000000, 1.00000000
0.353535353535, 0.404040404040, 0.82029878, 1.00000000, 1.00000000, 1.00000000
0.353535353535, 0.414141414141, 0.81595279, 1.00000000, 1.00000000, 1.00000000
0.353535353535, 0.424242424242, 0.81234673, 1.00000000, 1.00000000, 1.00000000
0.353535353535, 0.434343434343, 0.80949500, 1.00000000, 1.00000000, 1.00000000
0.353535353535, 0.444444444444, 0.80740900, 1.00000000, 1.00000000, 1.00000000
0.353535353535, 0.454545454545, 0.80609712, 1.00000000, 1.00000000, 1.00000000
0.353535353535, 0.464646464646, 0.80556470, 1.00000000, 1.00000000, 1.00000000
0.353535353535, 0.474747474747, 0.80581387, 1.00000000, 1.00000000, 1.00000000
0.353535353535, 0.484848484848, 0.80684357, 1.00000000, 1.00000000, 1.00000000
0.353535353535, 0.494949494949, 0.80864966, 1.00000000, 1.00000000, 1.00000000
0.353535353535, 0.505050505051, 0.81122492, 1.00000000, 1.00000000, 1.00000000
0.353535353535, 0.515151515152, 0.81455912, 1.00000000, 1.00000000, 1.00000000
0.353535353535, 0.525252525253, 0.81863899, 1.00000000, 1.00000000, 1.00000000
0.353535353535, 0.535353535354, 0.82344832, 1.00000000, 1.00000000, 1.00000000
0.353535353535, 0.545454545455, 0.82896801, 1.00000000, 1.00000000, 1.00000000
0.353535353535, 0.555555555556, 0.83517608, 1.00000000, 1.00000000, 1.00000000
0.353535353535, 0.565656565657, 0.84204783, 1.00000000, 1.00000000, 1.00000000
0.353535353535, 0.575757575758, 0.84955589, 1.00000000, 1.00000000, 1.00000000
0.353535353535, 0.585858585859, 0.85767033, 1.00000000, 1.00000000, 1.00000000
0.353535353535, 0.595959595960, 0.86635875, 1.00000000, 1.00000000, 1.00000000
0.353535353535, 0.606060606061, 0.87558646, 1.00000000, 1.00000000, 1.00000000
0.353535353535, 0.616161616162, 0.88531657, 1.00000000, 1.00000000, 1.00000000
0.353535353535, 0.626262626263, 0.89551014, 1.00000000, 1.00000000, 1.00000000
0.353535353535, 0.636363636364, 0.90612634, 1.00000000, 1.00000000, 1.00000000
0.353535353535, 0.646464646465, 0.91712263, 1.00000000, 1.00000000, 1.00000000
0.353535353535, 0.656565656566, 0.92845488, 1.00000000, 1.00000000, 1.00000000
0.353535353535, 0.666666666667, 0.94007760, 1.00000000, 1.00000000, 1.00000000
0.353535353535, 0.676767676768, 0.95194408, 1.00000000, 1.00000000, 1.00000000
0.353535353535, 0.686868686869, 0.96400661, 1.00000000, 1.00000000, 1.00000000
0.353535353535, 0.696969696970, 0.97621664, 1.00000000, 1.00000000, 1.00000000
0.353535353535, 0.707070707071, 0.98852501, 1.00000000, 1.00000000, 1.00000000
0.353535353535, 0.717171717172, 1.00088213, 1.00000000, 1.00000000, 1.00000000
0.353535353535, 0.727272727273, 1.01323817, 1.00000000, 1.00000000, 1.00000000
0.353535353535, 0.737373737374, 1.02554330, 1.00000000, 1.00000000, 1.00000000
0.353535353535, 0.747474747475, 1.03774786, 1.00000000, 1.00000000, 1.00000000
0.353535353535, 0.757575757576, 1.04980257, 1.00000000, 1.00000000, 1.00000000
0.353535353535, 0.767676767677, 1.06165874, 1.00000000, 1.00000000, 1.00000000
0.353535353535, 0.777777777778, 1.07326846, 1.00000000, 1.00000000, 1.00000000
0.353535353535, 0.787878787879, 1.08458480, 1.00000000, 1.00000000, 1.00000000
0.353535353535, 0.797979797980, 1.09556202, 1.00000000, 1.00000000, 1.00000000
0.353535353535, 0.808080808081, 1.10615570, 1.00000000, 1.00000000, 1.00000000
0.353535353535, 0.818181818182, 1.11632298, 1.00000000, 1.00000000, 1.00000000
0.353535353535, 0.828282828283, 1.12602274, 1.00000000, 1.00000000, 1.00000000
0.353535353535, 0.838383838384, 1.13521571, 1.00000000, 1.00000000, 1.00000000
0.353535353535, 0.848484848485, 1.14386467, 1.00000000, 1.00000000, 1.00000000
0.353535353535, 0.858585858586, 1.15193460, 1.00000000, 1.00000000, 1.00000000
0.353535353535, 0.868686868687, 1.15939284, 1.00000000, 1.00000000, 1.00000000
0.353535353535, 0.878787878788, 1.16620916, 1.00000000, 1.00000000, 1.00000000
0.353535353535, 0.888888888889, 1.17235598, 1.00000000, 1.00000000, 1.00000000
0.353535353535, 0.898989898990, 1.17780837, 1.00000000, 1.00000000, 1.00000000
0.353535353535, 0.909090909091, 1.18254427, 1.00000000, 1.00000000, 1.00000000
0.353535353535, 0.919191919192, 1.18654446, 1.00000000, 1.00000000, 1.00000000
0.353535353535, 0.929292929293, 1.18979278, 1.00000000, 1.00000000, 1.00000000
0.353535353535, 0.939393939394, 1.19227619, 1.00000000, 1.00000000, 1.00000000
0.353535353535, 0.949494949495, 1.19398522, 1.00000000, 1.00000000, 1.00000000
0.353535353535, 0.959595959596, 1.19491511, 1.00000000, 1.00000000, 1.00000000
0.363636363636, -0.000000000000, 1.18488707, 1.00000000, 1.00000000, 1.00000000
0.363636363636, 0.010101010101, 1.18109998, 1.00000000, 1.00000000, 1.00000000
0.363636363636, 0.020202020202, 1.17686109, 1.00000000, 1.00000000, 1.00000000
0.363636363636, 0.030303030303, 1.17213086, 1.00000000, 1.00000000, 1.00000000
0.363636363636, 0.040404040404, 1.16681263, 1.00000000, 1.00000000, 1.00000000
0.363636363636, 0.050505050505, 1.16079901, 1.00000000, 1.00000000, 1.00000000
0.363636363636, 0.060606060606, 1.15402212, 1.00000000, 1.00000000, 1.00000000
0.363636363636, 0.070707070707, 1.14647715, 1.00000000, 1.00000000, 1.00000000
0.363636363636, 0.080808080808, 1.13821218, 1.00000000, 1.00000000, 1.00000000
0.363636363636, 0.090909090909, 1.12930077, 1.00000000, 1.00000000, 1.00000000
0.363636363636, 0.101010101010, 1.11981795, 1.00000000, 1.00000000, 1.00000000
0.363636363636, 0.111111111111, 1.10982902, 1.00000000, 1.00000000, 1.00000000
0.363636363636, 0.121212121212, 1.09938908, 1.00000000, 1.00000000, 1.00000000
0.363636363636, 0.131313131313, 1.08854689, 1.00000000, 1.00000000, 1.00000000
0.363636363636, 0.141414141414, 1.07734874, 1.00000000, 1.00000000, 1.00000000
0.363636363636, 0.151515151515, 1.06584066, 1.00000000, 1.00000000, 1.00000000
0.363636363636, 0.161616161616, 1.05406937, 1.00000000, 1.00000000, 1.00000000
0.363636363636, 0.171717171717, 1.04208247, 1.00000000, 1.00000000, 1.00000000
0.363636363636, 0.181818181818, 1.02992837, 1.00000000, 1.00000000, 1.00000000
0.363636363636, 0.191919191919, 1.01765614, 1.00000000, 1.00000000, 1.00000000
0.363636363636, 0.202020202020, 1.00531527, 1.00000000, 1.00000000, 1.00000000
0.363636363636, 0.212121212121, 0.99295553, 1.00000000, 1.00000000, 1.00000000
0.363636363636, 0.222222222222, 0.98062674, 1.00000000, 1.00000000, 1.00000000
0.363636363636, 0.232323232323, 0.96837853, 1.00000000, 1.00000000, 1.00000000
0.363636363636, 0.242424242424, 0.95626021, 1.00000000, 1.00000000, 1.00000000
0.363636363636, 0.252525252525, 0.94432052, 1.00000000, 1.00000000, 1.00000000
0.363636363636, 0.262626262626, 0.93260745, 1.00000000, 1.00000000, 1.00000000
0.363636363636, 0.272727272727, 0.92116803, 1.00000000, 1.00000000, 1.00000000
0.363636363636, 0.282828282828, 0.91004817, 1.00000000, 1.00000000, 1.00000000
0.363636363636, 0.292929292929, 0.89929246, 1.00000000, 1.00000000, 1.00000000
0.363636363636, 0.303030303030, 0.88894399, 1.00000000, 1.00000000, 1.00000000
0.363636363636, 0.313131313131, 0.87904420, 1.00000000, 1.00000000, 1.00000000
0.363636363636, 0.323232323232, 0.86963268, 1.00000000, 1.00000000, 1.00000000
0.363636363636, 0.333333333333, 0.86074705, 1.00000000, 1.00000000, 1.00000000
0.363636363636, 0.343434343434, 0.85242280, 1.00000000, 1.00000000, 1.00000000
0.363636363636, 0.353535353535, 0.84469315, 1.00000000, 1.00000000, 1.00000000
0.363636363636, 0.363636363636, 0.83758892, 1.00000000, 1.00000000, 1.00000000
0.363636363636, 0.373737373737, 0.83113844, 1.00000000, 1.00000000, 1.00000000
0.363636363636, 0.383838383838, 0.82536739, 1.00000000, 1.00000000, 1.00000000
0.363636363636, 0.393939393939, 0.82029878, 1.00000000, 1.00000000, 1.00000000
0.363636363636, 0.404040404040, 0.81595279, 1.00000000, 1.00000000, 1.00000000
0.363636363636, 0.414141414141, 0.81234673, 1.00000000, 1.00000000, 1.00000000
0.363636363636, 0.424242424242, 0.80949500, 1.00000000, 1.00000000, 1.00000000
0.363636363636, 0.434343434343, 0.80740900, 1.00000000, 1.00000000, 1.00000000
0.363636363636, 0.444444444444, 0.80609712, 1.00000000, 1.00000000, 1.00000000
0.363636363636, 0.454545454545, 0.80556470, 1.00000000, 1.00000000, 1.00000000
0.363636363636, 0.464646464646, 0.80581387, 1.00000000, 1.00000000, 1.00000000
0.363636363636, 0.474747474747, 0.80684357, 1.00000000, 1.00000000, 1.00000000
0.363636363636, 0.484848484848, 0.80864966, 1.00000000, 1.00000000, 1.00000000
0.363636363636, 0.494949494949, 0.81122492, 1.00000000, 1.00000000, 1.00000000
0.363636363636, 0.505050505051, 0.81455912, 1.00000000, 1.00000000, 1.00000000
0.363636363636, 0.515151515152, 0.81863899, 1.00000000, 1.00000000, 1.00000000
0.363636363636, 0.525252525253, 0.82344832, 1.00000000, 1.00000000, 1.00000000
0.363636363636, 0.535353535354, 0.82896801, 1.00000000, 1.00000000, 1.00000000
0.363636363636, 0.545454545455, 0.83517608, 1.00000000, 1.00000000, 1.00000000
0.363636363636, 0.555555555556, 0.84204783, 1.00000000, 1.00000000, 1.00000000
0.363636363636, 0.565656565657, 0.84955589, 1.00000000, 1.00000000, 1.00000000
0.363636363636, 0.575757575758, 0.85767033, 1.00000000, 1.00000000, 1.00000000
0.363636363636, 0.585858585859, 0.86635875, 1.00000000, 1.00000000, 1.00000000
0.363636363636, 0.595959595960, 0.87558646, 1.00000000, 1.00000000, 1.00000000
0.363636363636, 0.606060606061, 0.88531657, 1.00000000, 1.00000000, 1.00000000
0.363636363636, 0.616161616162, 0.89551014, 1.00000000, 1.00000000, 1.00000000
0.363636363636, 0.626262626263, 0.90612634, 1.00000000, 1.00000000, 1.00000000
0.363636363636, 0.636363636364, 0.91712263, 1.00000000, 1.00000000, 1.00000000
0.363636363636, 0.646464646465, 0.92845488, 1.00000000, 1.00000000, 1.00000000
0.363636363636, 0.656565656566, 0.94007760, 1.00000000, 1.00000000, 1.00000000
0.363636363636, 0.666666666667, 0.95194408, 1.00000000, 1.00000000, 1.00000000
0.363636363636, 0.676767676768, 0.96400661, 1.00000000, 1.00000000, 1.00000000
0.363636363636, 0.686868686869, 0.97621664, 1.00000000, 1.00000000, 1.00000000
0.363636363636, 0.696969696970, 0.98852501, 1.00000000, 1.00000000, 1.00000000
0.363636363636, 0.707070707071, 1.00088213, 1.00000000, 1.00000000, 1.00000000
0.363636363636, 0.717171717172, 1.01323817, 1.00000000, 1.00000000, 1.00000000
0.363636363636, 0.727272727273, 1.02554330, 1.00000000, 1.00000000, 1.00000000
0.363636363636, 0.737373737374, 1.03774786, 1.00000000, 1.00000000, 1.00000000
0.363636363636, 0.747474747475, 1.04980257, 1.00000000, 1.00000000, 1.00000000
0.363636363636, 0.757575757576, 1.06165874, 1.00000000, 1.00000000, 1.00000000
0.363636363636, 0.767676767677, 1.07326846, 1.00000000, 1.00000000, 1.00000000
0.363636363636, 0.777777777778, 1.08458480, 1.00000000, 1.00000000, 1.00000000
0.363636363636, 0.787878787879, 1.09556202, 1.00000000, 1.00000000, 1.00000000
0.363636363636, 0.797979797980, 1.10615570, 1.00000000, 1.00000000, 1.00000000
0.363636363636, 0.808080808081, 1.11632298, 1.00000000, 1.00000000, 1.00000000
0.363636363636, 0.818181818182, 1.12602274, 1.00000000, 1.00000000, 1.00000000
0.363636363636, 0.828282828283, 1.13521571, 1.00000000, 1.00000000, 1.00000000
0.363636363636, 0.838383838384, 1.14386467, 1.00000000, 1.00000000, 1.00000000
0.363636363636, 0.848484848485, 1.15193460, 1.00000000, 1.00000000, 1.00000000
0.363636363636, 0.858585858586, 1.15939284, 1.00000000, 1.00000000, 1.00000000
0.363636363636, 0.868686868687, 1.16620916, 1.00000000, 1.00000000, 1.00000000
0.363636363636, 0.878787878788, 1.17235598, 1.00000000, 1.00000000, 1.00000000
0.363636363636, 0.888888888889, 1.17780837, 1.00000000, 1.00000000, 1.00000000
0.363636363636, 0.898989898990, 1.18254426, 1.00000000, 1.00000000, 1.00000000
0.363636363636, 0.909090909091, 1.18654446, 1.00000000, 1.00000000, 1.00000000
0.363636363636, 0.919191919192, 1.18979273, 1.00000000, 1.00000000, 1.00000000
0.363636363636, 0.929292929293, 1.19227595, 1.00000000, 1.00000000, 1.00000000
0.363636363636, 0.939393939394, 1.19398419, 1.00000000, 1.00000000, 1.00000000
0.363636363636, 0.949494949495, 1.19491119, 1.00000000, 1.00000000, 1.00000000
0.363636363636, 0.959595959596, 1.19505562, 1.00000000, 1.00000000, 1.00000000
0.373737373737, -0.000000000000, 1.18049423, 1.00000000, 1.00000000, 1.00000000
0.373737373737, 0.010101010101, 1.17604700, 1.00000000, 1.00000000, 1.00000000
0.373737373737, 0.020202020202, 1.17118804, 1.00000000, 1.00000000, 1.00000000
0.373737373737, 0.030303030303, 1.16587017, 1.00000000, 1.00000000, 1.00000000
0.373737373737, 0.040404040404, 1.15998437, 1.00000000, 1.00000000, 1.00000000
0.373737373737, 0.050505050505, 1.15341214, 1.00000000, 1.00000000, 1.00000000
0.373737373737, 0.060606060606, 1.14608087, 1.00000000, 1.00000000, 1.00000000
0.373737373737, 0.070707070707, 1.13798854, 1.00000000, 1.00000000, 1.00000000
0.373737373737, 0.080808080808, 1.12919108, 1.00000000, 1.00000000, 1.00000000
0.373737373737, 0.090909090909, 1.11977120, 1.00000000, 1.00000000, 1.00000000
0.373737373737, 0.101010101010, 1.10981173, 1.00000000, 1.00000000, 1.00000000
0.373737373737, 0.111111111111, 1.09938353, 1.00000000, 1.00000000, 1.00000000
0.373737373737, 0.121212121212, 1.08854535, 1.00000000, 1.00000000, 1.00000000
0.373737373737, 0.131313131313, 1.07734837, 1.00000000, 1.00000000, 1.00000000
0.373737373737, 0.141414141414, 1.06584059, 1.00000000, 1.00000000, 1.00000000
0.373737373737, 0.151515151515, 1.05406936, 1.00000000, 1.00000000, 1.00000000
0.373737373737, 0.161616161616, 1.04208247, 1.00000000, 1.00000000, 1.00000000
0.373737373737, 0.171717171717, 1.02992837, 1.00000000, 1.00000000, 1.00000000
0.373737373737, 0.181818181818, 1.01765614, 1.00000000, 1.00000000, 1.00000000
0.373737373737, 0.191919191919, 1.00531527, 1.00000000, 1.00000000, 1.00000000
0.373737373737, 0.202020202020, 0.99295553, 1.00000000, 1.00000000, 1.00000000
0.373737373737, 0.212121212121, 0.98062674, 1.00000000, 1.00000000, 1.00000000
0.373737373737, 0.222222222222, 0.96837853, 1.00000000, 1.00000000, 1.00000000
0.373737373737, 0.232323232323, 0.95626021, 1.00000000, 1.00000000, 1.00000000
0.373737373737, 0.242424242424, 0.94432052, 1.00000000, 1.00000000, 1.00000000
0.373737373737, 0.252525252525, 0.93260745, 1.00000000, 1.00000000, 1.00000000
0.373737373737, 0.262626262626, 0.92116803, 1.00000000, 1.00000000, 1.00000000
0.373737373737, 0.272727272727, 0.91004817, 1.00000000, 1.00000000, 1.00000000
0.373737373737, 0.282828282828, 0.89929246, 1.00000000, 1.00000000, 1.00000000
0.373737373737, 0.292929292929, 0.88894399, 1.00000000, 1.00000000, 1.00000000
0.373737373737, 0.303030303030, 0.87904420, 1.00000000, 1.00000000, 1.00000000
0.373737373737, 0.313131313131, 0.86963268, 1.00000000, 1.00000000, 1.00000000
0.373737373737, 0.323232323232, 0.86074705, 1.00000000, 1.00000000, 1.00000000
0.373737373737, 0.333333333333, 0.85242280, 1.00000000, 1.00000000, 1.00000000
0.373737373737, 0.343434343434, 0.84469315, 1.00000000, 1.00000000, 1.00000000
0.373737373737, 0.353535353535, 0.83758892, 1.00000000, 1.00000000, 1.00000000
0.373737373737, 0.363636363636, 0.83113844, 1.00000000, 1.00000000, 1.00000000
0.373737373737, 0.373737373737, 0.82536739, 1.00000000, 1.00000000, 1.00000000
0.373737373737, 0.383838383838, 0.82029878, 1.00000000, 1.00000000, 1.00000000
0.373737373737, 0.393939393939, 0.81595279, 1.00000000, 1.00000000, 1.00000000
0.373737373737, 0.404040404040, 0.81234673, 1.00000000, 1.00000000, 1.00000000
0.373737373737, 0.414141414141, 0.80949500, 1.00000000, 1.00000000, 1.00000000
0.373737373737, 0.424242424242, 0.80740900, 1.00000000, 1.00000000, 1.00000000
0.373737373737, 0.434343434343, 0.80609712, 1.00000000, 1.00000000, 1.00000000
0.373737373737, 0.444444444444, 0.80556470, 1.00000000, 1.00000000, 1.00000000
0.373737373737, 0.454545454545, 0.80581387, 1.00000000, 1.00000000, 1.00000000
0.373737373737, 0.464646464646, 0.80684357, 1.00000000, 1.00000000, 1.00000000
0.373737373737, 0.474747474747, 0.80864966, 1.00000000, 1.00000000, 1.00000000
0.373737373737, 0.484848484848, 0.81122492, 1.00000000, 1.00000000, 1.00000000
0.373737373737, 0.494949494949, 0.81455912, 1.00000000, 1.00000000, 1.00000000
0.373737373737, 0.505050505051, 0.81863899, 1.00000000, 1.00000000, 1.00000000
0.373737373737, 0.515151515152, 0.82344832, 1.00000000, 1.00000000, 1.00000000
0.373737373737, 0.525252525253, 0.82896801, 1.00000000, 1.00000000, 1.00000000
0.373737373737, 0.535353535354, 0.83517608, 1.00000000, 1.00000000, 1.00000000
0.373737373737, 0.545454545455, 0.84204783, 1.00000000, 1.00000000, 1.00000000
0.373737373737, 0.555555555556, 0.84955589, 1.00000000, 1.00000000, 1.00000000
0.373737373737, 0.565656565657, 0.85767033, 1.00000000, 1.00000000, 1.00000000
0.373737373737, 0.575757575758, 0.86635875, 1.00000000, 1.00000000, 1.00000000
0.373737373737, 0.585858585859, 0.87558646, 1.00000000, 1.00000000, 1.00000000
0.373737373737, 0.595959595960, 0.88531657, 1.00000000, 1.00000000, 1.00000000
0.373737373737, 0.606060606061, 0.89551014, 1.00000000, 1.00000000, 1.00000000
0.373737373737, 0.616161616162, 0.90612634, 1.00000000, 1.00000000, 1.00000000
0.373737373737, 0.626262626263, 0.91712263, 1.00000000, 1.00000000, 1.00000000
0.373737373737, 0.636363636364, 0.92845488, 1.00000000, 1.00000000, 1.00000000
0.373737373737, 0.646464646465, 0.94007760, 1.00000000, 1.00000000, 1.00000000
0.373737373737, 0.656565656566, 0.95194408, 1.00000000, 1.00000000, 1.00000000
0.373737373737, 0.666666666667, 0.96400661, 1.00000000, 1.00000000, 1.00000000
0.373737373737, 0.676767676768, 0.97621664, 1.00000000, 1.00000000, 1.00000000
0.373737373737, 0.686868686869, 0.98852501, 1.00000000, 1.00000000, 1.00000000
0.373737373737, 0.696969696970, 1.00088213, 1.00000000, 1.00000000, 1.00000000
0.373737373737, 0.707070707071, 1.01323817, 1.00000000, 1.00000000, 1.00000000
0.373737373737, 0.717171717172, 1.02554330, 1.00000000, 1.00000000, 1.00000000
0.373737373737, 0.727272727273, 1.03774786, 1.00000000, 1.00000000, 1.00000000
0.373737373737, 0.737373737374, 1.04980257, 1.00000000, 1.00000000, 1.00000000
0.373737373737, 0.747474747475, 1.06165874, 1.00000000, 1.00000000, 1.00000000
0.373737373737, 0.757575757576, 1.07326846, 1.00000000, 1.00000000, 1.00000000
0.373737373737, 0.767676767677, 1.08458480, 1.00000000, 1.00000000, 1.00000000
0.373737373737, 0.777777777778, 1.09556202, 1.00000000, 1.00000000, 1.00000000
0.373737373737, 0.787878787879, 1.10615570, 1.00000000, 1.00000000, 1.00000000
0.373737373737, 0.797979797980, 1.11632298, 1.00000000, 1.00000000, 1.00000000
0.373737373737, 0.808080808081, 1.12602274, 1.00000000, 1.00000000, 1.00000000
0.373737373737, 0.818181818182, 1.13521571, 1.00000000, 1.00000000, 1.00000000
0.373737373737, 0.828282828283, 1.14386467, 1.00000000, 1.00000000, 1.00000000
0.373737373737, 0.838383838384, 1.15193460, 1.00000000, 1.00000000, 1.00000000
0.373737373737, 0.848484848485, 1.15939284, 1.00000000, 1.00000000, 1.00000000
0.373737373737, 0.858585858586, 1.16620916, 1.00000000, 1.00000000, 1.00000000
0.373737373737, 0.868686868687, 1.17235598, 1.00000000, 1.00000000, 1.00000000
0.373737373737, 0.878787878788, 1.17780837, 1.00000000, 1.00000000, 1.00000000
0.373737373737, 0.888888888889, 1.18254426, 1.00000000, 1.00000000, 1.00000000
0.373737373737, 0.898989898990, 1.18654445, 1.00000000, 1.00000000, 1.00000000
0.373737373737, 0.909090909091, 1.18979272, 1.00000000, 1.00000000, 1.00000000
0.373737373737, 0.919191919192, 1.19227590, 1.00000000, 1.00000000, 1.00000000
0.373737373737, 0.929292929293, 1.19398393, 1.00000000, 1.00000000, 1.00000000
0.373737373737, 0.939393939394, 1.19491003, 1.00000000, 1.00000000, 1.00000000
0.373737373737, 0.949494949495, 1.19505120, 1.00000000, 1.00000000, 1.00000000
0.373737373737, 0.959595959596, 1.19440965, 1.00000000, 1.00000000, 1.00000000
0.383838383838, -0.000000000000, 1.17537452, 1.00000000, 1.00000000, 1.00000000
0.383838383838, 0.010101010101, 1.17028515, 1.00000000, 1.00000000, 1.00000000
0.383838383838, 0.020202020202, 1.16482564, 1.00000000, 1.00000000, 1.00000000
0.383838383838, 0.030303030303, 1.15894141, 1.00000000, 1.00000000, 1.00000000
0.383838383838, 0.040404040404, 1.15251164, 1.00000000, 1.00000000, 1.00000000
0.383838383838, 0.050505050505, 1.14540731, 1.00000000, 1.00000000, 1.00000000
0.383838383838, 0.060606060606, 1.13755136, 1.00000000, 1.00000000, 1.00000000
0.383838383838, 0.070707070707, 1.12894455, 1.00000000, 1.00000000, 1.00000000
0.383838383838, 0.080808080808, 1.11965035, 1.00000000, 1.00000000, 1.00000000
0.383838383838, 0.090909090909, 1.10976024, 1.00000000, 1.00000000, 1.00000000
0.383838383838, 0.101010101010, 1.09936449, 1.00000000, 1.00000000, 1.00000000
0.383838383838, 0.111111111111, 1.08853925, 1.00000000, 1.00000000, 1.00000000
0.383838383838, 0.121212121212, 1.07734668, 1.00000000, 1.00000000, 1.00000000
0.383838383838, 0.131313131313, 1.06584019, 1.00000000, 1.00000000, 1.00000000
0.383838383838, 0.141414141414, 1.05406928, 1.00000000, 1.00000000, 1.00000000
0.383838383838, 0.151515151515, 1.04208246, 1.00000000, 1.00000000, 1.00000000
0.383838383838, 0.161616161616, 1.02992837, 1.00000000, 1.00000000, 1.00000000
0.383838383838, 0.171717171717, 1.01765614, 1.00000000, 1.00000000, 1.00000000
0.383838383838, 0.181818181818, 1.00531527, 1.00000000, 1.00000000, 1.00000000
0.383838383838, 0.191919191919, 0.99295553, 1.00000000, 1.00000000, 1.00000000
0.383838383838, 0.202020202020, 0.98062674, 1.00000000, 1.00000000, 1.00000000
0.383838383838, 0.212121212121, 0.96837853, 1.00000000, 1.00000000, 1.00000000
0.383838383838, 0.222222222222, 0.95626021, 1.00000000, 1.00000000, 1.00000000
0.383838383838, 0.232323232323, 0.94432052, 1.00000000, 1.00000000, 1.00000000
0.383838383838, 0.242424242424, 0.93260745, 1.00000000, 1.00000000, 1.00000000
0.383838383838, 0.252525252525, 0.92116803, 1.00000000, 1.00000000, 1.00000000
0.383838383838, 0.262626262626, 0.91004817, 1.00000000, 1.00000000, 1.00000000
0.383838383838, 0.272727272727, 0.89929246, 1.00000000, 1.00000000, 1.00000000
0.383838383838, 0.282828282828, 0.88894399, 1.00000000, 1.00000000, 1.00000000
0.383838383838, 0.292929292929, 0.87904420, 1.00000000, 1.00000000, 1.00000000
0.383838383838, 0.303030303030, 0.86963268, 1.00000000, 1.00000000, 1.00000000
0.383838383838, 0.313131313131, 0.86074705, 1.00000000, 1.00000000, 1.00000000
0.383838383838, 0.323232323232, 0.85242280, 1.00000000, 1.00000000, 1.00000000
0.383838383838, 0.333333333333, 0.84469315, 1.00000000, 1.00000000, 1.00000000
0.383838383838, 0.343434343434, 0.83758892, 1.00000000, 1.00000000, 1.00000000
0.383838383838, 0.353535353535, 0.83113844, 1.00000000, 1.00000000, 1.00000000
0.383838383838, 0.363636363636, 0.82536739, 1.00000000, 1.00000000, 1.00000000
0.383838383838, 0.373737373737, 0.82029878, 1.00000000, 1.00000000, 1.00000000
0.383838383838, 0.383838383838, 0.81595279, 1.00000000, 1.00000000, 1.00000000
0.383838383838, 0.393939393939, 0.81234673, 1.00000000, 1.00000000, 1.00000000
0.383838383838, 0.404040404040, 0.80949500, 1.00000000, 1.00000000, 1.00000000
0.383838383838, 0.414141414141, 0.80740900, 1.00000000, 1.00000000, 1.00000000
0.383838383838, 0.424242424242, 0.80609712, 1.00000000, 1.00000000, 1.00000000
0.383838383838, 0.434343434343, 0.80556470, 1.00000000, 1.00000000, 1.00000000
0.383838383838, 0.444444444444, 0.80581387, 1.00000000, 1.00000000, 1.00000000
0.383838383838, 0.454545454545, 0.80684357, 1.00000000, 1.00000000, 1.00000000
0.383838383838, 0.464646464646, 0.80864966, 1.00000000, 1.00000000, 1.00000000
0.383838383838, 0.474747474747, 0.81122492, 1.00000000, 1.00000000, 1.00000000
0.383838383838, 0.484848484848, 0.81455912, 1.00000000, 1.00000000, 1.00000000
0.383838383838, 0.494949494949, 0.81863899, 1.00000000, 1.00000000, 1.00000000
0.383838383838, 0.505050505051, 0.82344832, 1.00000000, 1.00000000, 1.00000000
0.383838383838, 0.515151515152, 0.82896801, 1.00000000, 1.00000000, 1.00000000
0.383838383838, 0.525252525253, 0.83517608, 1.00000000, 1.00000000, 1.00000000
0.383838383838, 0.535353535354, 0.84204783, 1.00000000, 1.00000000, 1.00000000
0.383838383838, 0.545454545455, 0.84955589, 1.00000000, 1.00000000, 1.00000000
0.383838383838, 0.555555555556, 0.85767033, 1.00000000, 1.00000000, 1.00000000
0.383838383838, 0.565656565657, 0.86635875, 1.00000000, 1.00000000, 1.00000000
0.383838383838, 0.575757575758, 0.87558646, 1.00000000, 1.00000000, 1.00000000
0.383838383838, 0.585858585859, 0.88531657, 1.00000000, 1.00000000, 1.00000000
0.383838383838, 0.595959595960, 0.89551014, 1.00000000, 1.00000000, 1.00000000
0.383838383838, 0.606060606061, 0.90612634, 1.00000000, 1.00000000, 1.00000000
0.383838383838, 0.616161616162, 0.91712263, 1.00000000, 1.00000000, 1.00000000
0.383838383838, 0.626262626263, 0.92845488, 1.00000000, 1.00000000, 1.00000000
0.383838383838, 0.636363636364, 0.94007760, 1.00000000, 1.00000000, 1.00000000
0.383838383838, 0.646464646465, 0.95194408, 1.00000000, 1.00000000, 1.00000000
0.383838383838, 0.656565656566, 0.96400661, 1.00000000, 1.00000000, 1.00000000
0.383838383838, 0.666666666667, 0.97621664, 1.00000000, 1.00000000, 1.00000000
0.383838383838, 0.676767676768, 0.98852501, 1.00000000, 1.00000000, 1.00000000
0.383838383838, 0.686868686869, 1.00088213, 1.00000000, 1.00000000, 1.00000000
0.383838383838, 0.696969696970, 1.01323817, 1.00000000, 1.00000000, 1.00000000
0.383838383838, 0.707070707071, 1.02554330, 1.00000000, 1.00000000, 1.00000000
0.383838383838, 0.717171717172, 1.03774786, 1.00000000, 1.00000000, 1.00000000
0.383838383838, 0.727272727273, 1.04980257, 1.00000000, 1.00000000, 1.00000000
0.383838383838, 0.737373737374, 1.06165874, 1.00000000, 1.00000000, 1.00000000
0.383838383838, 0.747474747475, 1.07326846, 1.00000000, 1.00000000, 1.00000000
0.383838383838, 0.757575757576, 1.08458480, 1.00000000, 1.00000000, 1.00000000
0.383838383838, 0.767676767677, 1.09556202, 1.00000000, 1.00000000, 1.00000000
0.383838383838, 0.777777777778, 1.10615570, 1.00000000, 1.00000000, 1.00000000
0.383838383838, 0.787878787879, 1.11632298, 1.00000000, 1.00000000, 1.00000000
0.383838383838, 0.797979797980, 1.12602274, 1.00000000, 1.00000000, 1.00000000
0.383838383838, 0.808080808081, 1.13521571, 1.00000000, 1.00000000, 1.00000000
0.383838383838, 0.818181818182, 1.14386467, 1.00000000, 1.00000000, 1.00000000
0.383838383838, 0.828282828283, 1.15193460, 1.00000000, 1.00000000, 1.00000000
0.383838383838, 0.838383838384, 1.15939284, 1.00000000, 1.00000000, 1.00000000
0.383838383838, 0.848484848485, 1.16620916, 1.00000000, 1.00000000, 1.00000000
0.383838383838, 0.858585858586, 1.17235598, 1.00000000, 1.00000000, 1.00000000
0.383838383838, 0.868686868687, 1.17780837, 1.00000000, 1.00000000, 1.00000000
0.383838383838, 0.878787878788, 1.18254426, 1.00000000, 1.00000000, 1.00000000
0.383838383838, 0.888888888889, 1.18654445, 1.00000000, 1.00000000, 1.00000000
0.383838383838, 0.898989898990, 1.18979272, 1.00000000, 1.00000000, 1.00000000
0.383838383838, 0.909090909091, 1.19227589, 1.00000000, 1.00000000, 1.00000000
0.383838383838, 0.919191919192, 1.19398387, 1.00000000, 1.00000000, 1.00000000
0.383838383838, 0.929292929293, 1.19490974, 1.00000000, 1.00000000, 1.00000000
0.383838383838, 0.939393939394, 1.19504991, 1.00000000, 1.00000000, 1.00000000
0.383838383838, 0.949494949495, 1.19440474, 1.00000000, 1.00000000, 1.00000000
0.383838383838, 0.959595959596, 1.19297990, 1.00000000, 1.00000000, 1.00000000
0.393939393939, -0.000000000000, 1.16954872, 1.00000000, 1.00000000, 1.00000000
0.393939393939, 0.010101010101, 1.16383781, 1.00000000, 1.00000000, 1.00000000
0.393939393939, 0.020202020202, 1.15779968, 1.00000000, 1.00000000, 1.00000000
0.393939393939, 0.030303030303, 1.15137266, 1.00000000, 1.00000000, 1.00000000
0.393939393939, 0.040404040404, 1.14442471, 1.00000000, 1.00000000, 1.00000000
0.393939393939, 0.050505050505, 1.13681690, 1.00000000, 1.00000000, 1.00000000
0.393939393939, 0.060606060606, 1.12846811, 1.00000000, 1.00000000, 1.00000000
0.393939393939, 0.070707070707, 1.11938179, 1.00000000, 1.00000000, 1.00000000
0.393939393939, 0.080808080808, 1.10962861, 1.00000000, 1.00000000, 1.00000000
0.393939393939, 0.090909090909, 1.09930840, 1.00000000, 1.00000000, 1.00000000
0.393939393939, 0.101010101010, 1.08851850, 1.00000000, 1.00000000, 1.00000000
0.393939393939, 0.111111111111, 1.07734003, 1.00000000, 1.00000000, 1.00000000
0.393939393939, 0.121212121212, 1.06583834, 1.00000000, 1.00000000, 1.00000000
0.393939393939, 0.131313131313, 1.05406884, 1.00000000, 1.00000000, 1.00000000
0.393939393939, 0.141414141414, 1.04208237, 1.00000000, 1.00000000, 1.00000000
0.393939393939, 0.151515151515, 1.02992836, 1.00000000, 1.00000000, 1.00000000
0.393939393939, 0.161616161616, 1.01765613, 1.00000000, 1.00000000, 1.00000000
0.393939393939, 0.171717171717, 1.00531527, 1.00000000, 1.00000000, 1.00000000
0.393939393939, 0.181818181818, 0.99295553, 1.00000000, 1.00000000, 1.00000000
0.393939393939, 0.191919191919, 0.98062674, 1.00000000, 1.00000000, 1.00000000
0.393939393939, 0.202020202020, 0.96837853, 1.00000000, 1.00000000, 1.00000000
0.393939393939, 0.212121212121, 0.95626021, 1.00000000, 1.00000000, 1.00000000
0.393939393939, 0.222222222222, 0.94432052, 1.00000000, 1.00000000, 1.00000000
0.393939393939, 0.232323232323, 0.93260745, 1.00000000, 1.00000000, 1.00000000
0.393939393939, 0.242424242424, 0.92116803, 1.00000000, 1.00000000, 1.00000000
0.393939393939, 0.252525252525, 0.91004817, 1.00000000, 1.00000000, 1.00000000
0.393939393939, 0.262626262626, 0.89929246, 1.00000000, 1.00000000, 1.00000000
0.393939393939, 0.272727272727, 0.88894399, 1.00000000, 1.00000000, 1.00000000
0.393939393939, 0.282828282828, 0.87904420, 1.00000000, 1.00000000, 1.00000000
0.393939393939, 0.292929292929, 0.86963268, 1.00000000, 1.00000000, 1.00000000
0.393939393939, 0.303030303030, 0.86074705, 1.00000000, 1.00000000, 1.00000000
0.393939393939, 0.313131313131, 0.85242280, 1.00000000, 1.00000000, 1.00000000
0.393939393939, 0.323232323232, 0.84469315, 1.00000000, 1.00000000, 1.00000000
0.393939393939, 0.333333333333, 0.83758892, 1.00000000, 1.00000000, 1.00000000
0.393939393939, 0.343434343434, 0.83113844, 1.00000000, 1.00000000, 1.00000000
0.393939393939, 0.353535353535, 0.82536739, 1.00000000, 1.00000000, 1.00000000
0.393939393939, 0.363636363636, 0.82029878, 1.00000000, 1.00000000, 1.00000000
0.393939393939, 0.373737373737, 0.81595279, 1.00000000, 1.00000000, 1.00000000
0.393939393939, 0.383838383838, 0.81234673, 1.00000000, 1.00000000, 1.00000000
0.393939393939, 0.393939393939, 0.80949500, 1.00000000, 1.00000000, 1.00000000
0.393939393939, 0.404040404040, 0.80740900, 1.00000000, 1.00000000, 1.00000000
0.393939393939, 0.414141414141, 0.80609712, 1.00000000, 1.00000000, 1.00000000
0.393939393939, 0.424242424242, 0.80556470, 1.00000000, 1.00000000, 1.00000000
0.393939393939, 0.434343434343, 0.80581387, 1.00000000, 1.00000000, 1.00000000
0.393939393939, 0.444444444444, 0.80684357, 1.00000000, 1.00000000, 1.00000000
0.393939393939, 0.454545454545, 0.80864966, 1.00000000, 1.00000000, 1.00000000
0.393939393939, 0.464646464646, 0.81122492, 1.00000000, 1.00000000, 1.00000000
0.393939393939, 0.474747474747, 0.81455912, 1.00000000, 1.00000000, 1.00000000
0.393939393939, 0.484848484848, 0.81863899, 1.00000000, 1.00000000, 1.00000000
0.393939393939, 0.494949494949, 0.82344832, 1.00000000, 1.00000000, 1.00000000
0.393939393939, 0.505050505051, 0.82896801, 1.00000000, 1.00000000, 1.00000000
0.393939393939, 0.515151515152, 0.83517608, 1.00000000, 1.00000000, 1.00000000
0.393939393939, 0.525252525253, 0.84204783, 1.00000000, 1.00000000, 1.00000000
0.393939393939, 0.535353535354, 0.84955589, 1.00000000, 1.00000000, 1.00000000
0.393939393939, 0.545454545455, 0.85767033, 1.00000000, 1.00000000, 1.00000000
0.393939393939, 0.555555555556, 0.86635875, 1.00000000, 1.00000000, 1.00000000
0.393939393939, 0.565656565657, 0.87558646, 1.00000000, 1.00000000, 1.00000000
0.393939393939, 0.575757575758, 0.88531657, 1.00000000, 1.00000000, 1.00000000
0.393939393939, 0.585858585859, 0.89551014, 1.00000000, 1.00000000, 1.00000000
0.393939393939, 0.595959595960, 0.90612634, 1.00000000, 1.00000000, 1.00000000
0.393939393939, 0.606060606061, 0.91712263, 1.00000000, 1.00000000, 1.00000000
0.393939393939, 0.616161616162, 0.92845488, 1.00000000, 1.00000000, 1.00000000
0.393939393939, 0.626262626263, 0.94007760, 1.00000000, 1.00000000, 1.00000000
0.393939393939, 0.636363636364, 0.95194408, 1.00000000, 1.00000000, 1.00000000
0.393939393939, 0.646464646465, 0.96400661, 1.00000000, 1.00000000, 1.00000000
0.393939393939, 0.656565656566, 0.97621664, 1.00000000, 1.00000000, 1.00000000
0.393939393939, 0.666666666667, 0.98852501, 1.00000000, 1.00000000, 1.00000000
0.393939393939, 0.676767676768, 1.00088213, 1.00000000, 1.00000000, 1.00000000
0.393939393939, 0.686868686869, 1.01323817, 1.00000000, 1.00000000, 1.00000000
0.393939393939, 0.696969696970, 1.02554330, 1.00000000, 1.00000000, 1.00000000
0.393939393939, 0.707070707071, 1.03774786, 1.00000000, 1.00000000, 1.00000000
0.393939393939, 0.717171717172, 1.04980257, 1.00000000, 1.00000000, 1.00000000
0.393939393939, 0.727272727273, 1.06165874, 1.00000000, 1.00000000, 1.00000000
0.393939393939, 0.737373737374, 1.07326846, 1.00000000, 1.00000000, 1.00000000
0.393939393939, 0.747474747475, 1.08458480, 1.00000000, 1.00000000, 1.00000000
0.393939393939, 0.757575757576, 1.09556202, 1.00000000, 1.00000000, 1.00000000
0.393939393939, 0.767676767677, 1.10615570, 1.00000000, 1.00000000, 1.00000000
0.393939393939, 0.777777777778, 1.11632298, 1.00000000, 1.00000000, 1.00000000
0.393939393939, 0.787878787879, 1.12602274, 1.00000000, 1.00000000, 1.00000000
0.393939393939, 0.797979797980, 1.13521571, 1.00000000, 1.00000000, 1.00000000
0.393939393939, 0.808080808081, 1.14386467, 1.00000000, 1.00000000, 1.00000000
0.393939393939, 0.818181818182, 1.15193460, 1.00000000, 1.00000000, 1.00000000
0.393939393939, 0.828282828283, 1.15939284, 1.00000000, 1.00000000, 1.00000000
0.393939393939, 0.838383838384, 1.16620916, 1.00000000, 1.00000000, 1.00000000
0.393939393939, 0.848484848485, 1.17235598, 1.00000000, 1.00000000, 1.00000000
0.393939393939, 0.858585858586, 1.17780837, 1.00000000, 1.00000000, 1.00000000
0.393939393939, 0.868686868687, 1.18254426, 1.00000000, 1.00000000, 1.00000000
0.393939393939, 0.878787878788, 1.18654445, 1.00000000, 1.00000000, 1.00000000
0.393939393939, 0.888888888889, 1.18979272, 1.00000000, 1.00000000, 1.00000000
0.393939393939, 0.898989898990, 1.19227589, 1.00000000, 1.00000000, 1.00000000
0.393939393939, 0.909090909091, 1.19398386, 1.00000000, 1.00000000, 1.00000000
0.393939393939, 0.919191919192, 1.19490967, 1.00000000, 1.00000000, 1.00000000
0.393939393939, 0.929292929293, 1.19504959, 1.00000000, 1.00000000, 1.00000000
0.393939393939, 0.939393939394, 1.19440332, 1.00000000, 1.00000000, 1.00000000
0.393939393939, 0.949494949495, 1.19297451, 1.00000000, 1.00000000, 1.00000000
0.393939393939, 0.959595959596, 1.19077221, 1.00000000, 1.00000000, 1.00000000
0.404040404040, -0.000000000000, 1.16304047, 1.00000000, 1.00000000, 1.00000000
0.404040404040, 0.010101010101, 1.15673111, 1.00000000, 1.00000000, 1.00000000
0.404040404040, 0.020202020202, 1.15013863, 1.00000000, 1.00000000, 1.00000000
0.404040404040, 0.030303030303, 1.14319455, 1.00000000, 1.00000000, 1.00000000
0.404040404040, 0.040404040404, 1.13575629, 1.00000000, 1.00000000, 1.00000000
0.404040404040, 0.050505050505, 1.12767569, 1.00000000, 1.00000000, 1.00000000
0.404040404040, 0.060606060606, 1.11886788, 1.00000000, 1.00000000, 1.00000000
0.404040404040, 0.070707070707, 1.10933894, 1.00000000, 1.00000000, 1.00000000
0.404040404040, 0.080808080808, 1.09916641, 1.00000000, 1.00000000, 1.00000000
0.404040404040, 0.090909090909, 1.08845797, 1.00000000, 1.00000000, 1.00000000
0.404040404040, 0.101010101010, 1.07731762, 1.00000000, 1.00000000, 1.00000000
0.404040404040, 0.111111111111, 1.06583115, 1.00000000, 1.00000000, 1.00000000
0.404040404040, 0.121212121212, 1.05406685, 1.00000000, 1.00000000, 1.00000000
0.404040404040, 0.131313131313, 1.04208189, 1.00000000, 1.00000000, 1.00000000
0.404040404040, 0.141414141414, 1.02992826, 1.00000000, 1.00000000, 1.00000000
0.404040404040, 0.151515151515, 1.01765612, 1.00000000, 1.00000000, 1.00000000
0.404040404040, 0.161616161616, 1.00531527, 1.00000000, 1.00000000, 1.00000000
0.404040404040, 0.171717171717, 0.99295553, 1.00000000, 1.00000000, 1.00000000
0.404040404040, 0.181818181818, 0.98062674, 1.00000000, 1.00000000, 1.00000000
0.404040404040, 0.191919191919, 0.96837853, 1.00000000, 1.00000000, 1.00000000
0.404040404040, 0.202020202020, 0.95626021, 1.00000000, 1.00000000, 1.00000000
0.404040404040, 0.212121212121, 0.94432052, 1.00000000, 1.00000000, 1.00000000
0.404040404040, 0.222222222222, 0.93260745, 1.00000000, 1.00000000, 1.00000000
0.404040404040, 0.232323232323, 0.92116803, 1.00000000, 1.00000000, 1.00000000
0.404040404040, 0.242424242424, 0.91004817, 1.00000000, 1.00000000, 1.00000000
0.404040404040, 0.252525252525, 0.89929246, 1.00000000, 1.00000000, 1.00000000
0.404040404040, 0.262626262626, 0.88894399, 1.00000000, 1.00000000, 1.00000000
0.404040404040, 0.272727272727, 0.87904420, 1.00000000, 1.00000000, 1.00000000
0.404040404040, 0.282828282828, 0.86963268, 1.00000000, 1.00000000, 1.00000000
0.404040404040, 0.292929292929, 0.86074705, 1.00000000, 1.00000000, 1.00000000
0.404040404040, 0.303030303030, 0.85242280, 1.00000000, 1.00000000, 1.00000000
0.404040404040, 0.313131313131, 0.84469315, 1.00000000, 1.00000000, 1.00000000
0.404040404040, 0.323232323232, 0.83758892, 1.00000000, 1.00000000, 1.00000000
0.404040404040, 0.333333333333, 0.83113844, 1.00000000, 1.00000000, 1.00000000
0.404040404040, 0.343434343434, 0.82536739, 1.00000000, 1.00000000, 1.00000000
0.404040404040, 0.353535353535, 0.82029878, 1.00000000, 1.00000000, 1.00000000
0.404040404040, 0.363636363636, 0.81595279, 1.00000000, 1.00000000, 1.00000000
0.404040404040, 0.373737373737, 0.81234673, 1.00000000, 1.00000000, 1.00000000
0.404040404040, 0.383838383838, 0.80949500, 1.00000000, 1.00000000, 1.00000000
0.404040404040, 0.393939393939, 0.80740900, 1.00000000, 1.00000000, 1.00000000
0.404040404040, 0.404040404040, 0.80609712, 1.00000000, 1.00000000, 1.00000000
0.404040404040, 0.414141414141, 0.80556470, 1.00000000, 1.00000000, 1.00000000
0.404040404040, 0.424242424242, 0.80581387, 1.00000000, 1.00000000, 1.00000000
0.404040404040, 0.434343434343, 0.80684357, 1.00000000, 1.00000000, 1.00000000
0.404040404040, 0.444444444444, 0.80864966, 1.00000000, 1.00000000, 1.00000000
0.404040404040, 0.454545454545, 0.81122492, 1.00000000, 1.00000000, 1.00000000
0.404040404040, 0.464646464646, 0.81455912, 1.00000000, 1.00000000, 1.00000000
0.404040404040, 0.474747474747, 0.81863899, 1.00000000, 1.00000000, 1.00000000
0.404040404040, 0.484848484848, 0.82344832, 1.00000000, 1.00000000, 1.00000000
0.404040404040, 0.494949494949, 0.82896801, 1.00000000, 1.00000000, 1.00000000
0.404040404040, 0.505050505051, 0.83517608, 1.00000000, 1.00000000, 1.00000000
0.404040404040, 0.515151515152, 0.84204783, 1.00000000, 1.00000000, 1.00000000
0.404040404040, 0.525252525253, 0.84955589, 1.00000000, 1.00000000, 1.00000000
0.404040404040, 0.535353535354, 0.85767033, 1.00000000, 1.00000000, 1.00000000
0.404040404040, 0.545454545455, 0.86635875, 1.00000000, 1.00000000, 1.00000000
0.404040404040, 0.555555555556, 0.87558646, 1.00000000, 1.00000000, 1.00000000
0.404040404040, 0.565656565657, 0.88531657, 1.00000000, 1.00000000, 1.00000000
0.404040404040, 0.575757575758, 0.89551014, 1.00000000, 1.00000000, 1.00000000
0.404040404040, 0.585858585859, 0.90612634, 1.00000000, 1.00000000, 1.00000000
0.404040404040, 0.595959595960, 0.91712263, 1.00000000, 1.00000000, 1.00000000
0.404040404040, 0.606060606061, 0.92845488, 1.00000000, 1.00000000, 1.00000000
0.404040404040, 0.616161616162, 0.94007760, 1.00000000, 1.00000000, 1.00000000
0.404040404040, 0.626262626263, 0.95194408, 1.00000000, 1.00000000, 1.00000000
0.404040404040, 0.636363636364, 0.96400661, 1.00000000, 1.00000000, 1.00000000
0.404040404040, 0.646464646465, 0.97621664, 1.00000000, 1.00000000, 1.00000000
0.404040404040, 0.656565656566, 0.98852501, 1.00000000, 1.00000000, 1.00000000
0.404040404040, 0.666666666667, 1.00088213, 1.00000000, 1.00000000, 1.00000000
0.404040404040, 0.676767676768, 1.01323817, 1.00000000, 1.00000000, 1.00000000
0.404040404040, 0.686868686869, 1.02554330, 1.00000000, 1.00000000, 1.00000000
0.404040404040, 0.696969696970, 1.03774786, 1.00000000, 1.00000000, 1.00000000
0.404040404040, 0.707070707071, 1.04980257, 1.00000000, 1.00000000, 1.00000000
0.404040404040, 0.717171717172, 1.06165874, 1.00000000, 1.00000000, 1.00000000
0.404040404040, 0.727272727273, 1.07326846, 1.00000000, 1.00000000, 1.00000000
0.404040404040, 0.737373737374, 1.08458480, 1.00000000, 1.00000000, 1.00000000
0.404040404040, 0.747474747475, 1.09556202, 1.00000000, 1.00000000, 1.00000000
0.404040404040, 0.757575757576, 1.10615570, 1.00000000, 1.00000000, 1.00000000
0.404040404040, 0.767676767677, 1.11632298, 1.00000000, 1.00000000, 1.00000000
0.404040404040, 0.777777777778, 1.12602274, 1.00000000, 1.00000000, 1.00000000
0.404040404040, 0.787878787879, 1.13521571, 1.00000000, 1.00000000, 1.00000000
0.404040404040, 0.797979797980, 1.14386467, 1.00000000, 1.00000000, 1.00000000
0.404040404040, 0.808080808081, 1.15193460, 1.00000000, 1.00000000, 1.00000000
0.404040404040, 0.818181818182, 1.15939284, 1.00000000, 1.00000000, 1.00000000
0.404040404040, 0.828282828283, 1.16620916, 1.00000000, 1.00000000, 1.00000000
0.404040404040, 0.838383838384, 1.17235598, 1.00000000, 1.00000000, 1.00000000
0.404040404040, 0.848484848485, 1.17780837, 1.00000000, 1.00000000, 1.00000000
0.404040404040, 0.858585858586, 1.18254426, 1.00000000, 1.00000000, 1.00000000
0.404040404040, 0.868686868687, 1.18654445, 1.00000000, 1.00000000, 1.00000000
0.404040404040, 0.878787878788, 1.18979272, 1.00000000, 1.00000000, 1.00000000
0.404040404040, 0.888888888889, 1.19227589, 1.00000000, 1.00000000, 1.00000000
0.404040404040, 0.898989898990, 1.19398386, 1.00000000, 1.00000000, 1.00000000
0.404040404040, 0.909090909091, 1.19490966, 1.00000000, 1.00000000, 1.00000000
0.404040404040, 0.919191919192, 1.19504952, 1.00000000, 1.00000000, 1.00000000
0.404040404040, 0.929292929293, 1.19440297, 1.00000000, 1.00000000, 1.00000000
0.404040404040, 0.939393939394, 1.19297296, 1.00000000, 1.00000000, 1.00000000
0.404040404040, 0.949494949495, 1.19076634, 1.00000000, 1.00000000, 1.00000000
0.404040404040, 0.959595959596, 1.18779557, 1.00000000, 1.00000000, 1.00000000
0.414141414141, -0.000000000000, 1.15587615, 1.00000000, 1.00000000, 1.00000000
0.414141414141, 0.010101010101, 1.14899385, 1.00000000, 1.00000000, 1.00000000
0.414141414141, 0.020202020202, 1.14187351, 1.00000000, 1.00000000, 1.00000000
0.414141414141, 0.030303030303, 1.13444020, 1.00000000, 1.00000000, 1.00000000
0.414141414141, 0.040404040404, 1.12654148, 1.00000000, 1.00000000, 1.00000000
0.414141414141, 0.050505050505, 1.11802067, 1.00000000, 1.00000000, 1.00000000
0.414141414141, 0.060606060606, 1.10878951, 1.00000000, 1.00000000, 1.00000000
0.414141414141, 0.070707070707, 1.09885665, 1.00000000, 1.00000000, 1.00000000
0.414141414141, 0.080808080808, 1.08830606, 1.00000000, 1.00000000, 1.00000000
0.414141414141, 0.090909090909, 1.07725282, 1.00000000, 1.00000000, 1.00000000
0.414141414141, 0.101010101010, 1.06580714, 1.00000000, 1.00000000, 1.00000000
0.414141414141, 0.111111111111, 1.05405913, 1.00000000, 1.00000000, 1.00000000
0.414141414141, 0.121212121212, 1.04207975, 1.00000000, 1.00000000, 1.00000000
0.414141414141, 0.131313131313, 1.02992775, 1.00000000, 1.00000000, 1.00000000
0.414141414141, 0.141414141414, 1.01765601, 1.00000000, 1.00000000, 1.00000000
0.414141414141, 0.151515151515, 1.00531525, 1.00000000, 1.00000000, 1.00000000
0.414141414141, 0.161616161616, 0.99295553, 1.00000000, 1.00000000, 1.00000000
0.414141414141, 0.171717171717, 0.98062674, 1.00000000, 1.00000000, 1.00000000
0.414141414141, 0.181818181818, 0.96837853, 1.00000000, 1.00000000, 1.00000000
0.414141414141, 0.191919191919, 0.95626021, 1.00000000, 1.00000000, 1.00000000
0.414141414141, 0.202020202020, 0.94432052, 1.00000000, 1.00000000, 1.00000000
0.414141414141, 0.212121212121, 0.93260745, 1.00000000, 1.00000000, 1.00000000
0.414141414141, 0.222222222222, 0.92116803, 1.00000000, 1.00000000, 1.00000000
0.414141414141, 0.232323232323, 0.91004817, 1.00000000, 1.00000000, 1.00000000
0.414141414141, 0.242424242424, 0.89929246, 1.00000000, 1.00000000, 1.00000000
0.414141414141, 0.252525252525, 0.88894399, 1.00000000, 1.00000000, 1.00000000
0.414141414141, 0.262626262626, 0.87904420, 1.00000000, 1.00000000, 1.00000000
0.414141414141, 0.272727272727, 0.86963268, 1.00000000, 1.00000000, 1.00000000
0.414141414141, 0.282828282828, 0.86074705, 1.00000000, 1.00000000, 1.00000000
0.414141414141, 0.292929292929, 0.85242280, 1.00000000, 1.00000000, 1.00000000
0.414141414141, 0.303030303030, 0.84469315, 1.00000000, 1.00000000, 1.00000000
0.414141414141, 0.313131313131, 0.83758892, 1.00000000, 1.00000000, 1.00000000
0.414141414141, 0.323232323232, 0.83113844, 1.00000000, 1.00000000, 1.00000000
0.414141414141, 0.333333333333, 0.82536739, 1.00000000, 1.00000000, 1.00000000
0.414141414141, 0.343434343434, 0.82029878, 1.00000000, 1.00000000, 1.00000000
0.414141414141, 0.353535353535, 0.81595279, 1.00000000, 1.00000000, 1.00000000
0.414141414141, 0.363636363636, 0.81234673, 1.00000000, 1.00000000, 1.00000000
0.414141414141, 0.373737373737, 0.80949500, 1.00000000, 1.00000000, 1.00000000
0.414141414141, 0.383838383838, 0.80740900, 1.00000000, 1.00000000, 1.00000000
0.414141414141, 0.393939393939, 0.80609712, 1.00000000, 1.00000000, 1.00000000
0.414141414141, 0.404040404040, 0.80556470, 1.00000000, 1.00000000, 1.00000000
0.414141414141, 0.414141414141, 0.80581387, 1.00000000, 1.00000000, 1.00000000
0.414141414141, 0.424242424242, 0.80684357, 1.00000000, 1.00000000, 1.00000000
0.414141414141, 0.434343434343, 0.80864966, 1.00000000, 1.00000000, 1.00000000
0.414141414141, 0.444444444444, 0.81122492, 1.00000000, 1.00000000, 1.00000000
0.414141414141, 0.454545454545, 0.81455912, 1.00000000, 1.00000000, 1.00000000
0.414141414141, 0.464646464646, 0.81863899, 1.00000000, 1.00000000, 1.00000000
0.414141414141, 0.474747474747, 0.82344832, 1.00000000, 1.00000000, 1.00000000
0.414141414141, 0.484848484848, 0.82896801, 1.00000000, 1.00000000, 1.00000000
0.414141414141, 0.494949494949, 0.83517608, 1.00000000, 1.00000000, 1.00000000
0.414141414141, 0.505050505051, 0.84204783, 1.00000000, 1.00000000, 1.00000000
0.414141414141, 0.515151515152, 0.84955589, 1.00000000, 1.00000000, 1.00000000
0.414141414141, 0.525252525253, 0.85767033, 1.00000000, 1.00000000, 1.00000000
0.414141414141, 0.535353535354, 0.86635875, 1.00000000, 1.00000000, 1.00000000
0.414141414141, 0.545454545455, 0.87558646, 1.00000000, 1.00000000, 1.00000000
0.414141414141, 0.555555555556, 0.88531657, 1.00000000, 1.00000000, 1.00000000
0.414141414141, 0.565656565657, 0.89551014, 1.00000000, 1.00000000, 1.00000000
0.414141414141, 0.575757575758, 0.90612634, 1.00000000, 1.00000000, 1.00000000
0.414141414141, 0.585858585859, 0.91712263, 1.00000000, 1.00000000, 1.00000000
0.414141414141, 0.595959595960, 0.92845488, 1.00000000, 1.00000000, 1.00000000
0.414141414141, 0.606060606061, 0.94007760, 1.00000000, 1.00000000, 1.00000000
0.414141414141, 0.616161616162, 0.95194408, 1.00000000, 1.00000000, 1.00000000
0.414141414141, 0.626262626263, 0.96400661, 1.00000000, 1.00000000, 1.00000000
0.414141414141, 0.636363636364, 0.97621664, 1.00000000, 1.00000000, 1.00000000
0.414141414141, 0.646464646465, 0.98852501, 1.00000000, 1.00000000, 1.00000000
0.414141414141, 0.656565656566, 1.00088213, 1.00000000, 1.00000000, 1.00000000
0.414141414141, 0.666666666667, 1.01323817, 1.00000000, 1.00000000, 1.00000000
0.414141414141, 0.676767676768, 1.02554330, 1.00000000, 1.00000000, 1.00000000
0.414141414141, 0.686868686869, 1.03774786, 1.00000000, 1.00000000, 1.00000000
0.414141414141, 0.696969696970, 1.04980257, 1.00000000, 1.00000000, 1.00000000
0.414141414141, 0.707070707071, 1.06165874, 1.00000000, 1.00000000, 1.00000000
0.414141414141, 0.717171717172, 1.07326846, 1.00000000, 1.00000000, 1.00000000
0.414141414141, 0.727272727273, 1.08458480, 1.00000000, 1.00000000, 1.00000000
0.414141414141, 0.737373737374, 1.09556202, 1.00000000, 1.00000000, 1.00000000
0.414141414141, 0.747474747475, 1.10615570, 1.00000000, 1.00000000, 1.00000000
0.414141414141, 0.757575757576, 1.11632298, 1.00000000, 1.00000000, 1.00000000
0.414141414141, 0.767676767677, 1.12602274, 1.00000000, 1.00000000, 1.00000000
0.414141414141, 0.777777777778, 1.13521571, 1.00000000, 1.00000000, 1.00000000
0.414141414141, 0.787878787879, 1.14386467, 1.00000000, 1.00000000, 1.00000000
0.414141414141, 0.797979797980, 1.15193460, 1.00000000, 1.00000000, 1.00000000
0.414141414141, 0.808080808081, 1.15939284, 1.00000000, 1.00000000, 1.00000000
0.414141414141, 0.818181818182, 1.16620916, 1.00000000, 1.00000000, 1.00000000
0.414141414141, 0.828282828283, 1.17235598, 1.00000000, 1.00000000, 1.00000000
0.414141414141, 0.838383838384, 1.17780837, 1.00000000, 1.00000000, 1.00000000
0.414141414141, 0.848484848485, 1.18254426, 1.00000000, 1.00000000, 1.00000000
0.414141414141, 0.858585858586, 1.18654445, 1.00000000, 1.00000000, 1.00000000
0.414141414141, 0.868686868687, 1.18979272, 1.00000000, 1.00000000, 1.00000000
0.414141414141, 0.878787878788, 1.19227589, 1.00000000, 1.00000000, 1.00000000
0.414141414141, 0.888888888889, 1.19398386, 1.00000000, 1.00000000, 1.00000000
0.414141414141, 0.898989898990, 1.19490966, 1.00000000, 1.00000000, 1.00000000
0.414141414141, 0.909090909091, 1.19504950, 1.00000000, 1.00000000, 1.00000000
0.414141414141, 0.919191919192, 1.19440290, 1.00000000, 1.00000000, 1.00000000
0.414141414141, 0.929292929293, 1.19297259, 1.00000000, 1.00000000, 1.00000000
0.414141414141, 0.939393939394, 1.19076468, 1.00000000, 1.00000000, 1.00000000
0.414141414141, 0.949494949495, 1.18778924, 1.00000000, 1.00000000, 1.00000000
0.414141414141, 0.959595959596, 1.18406208, 1.00000000, 1.00000000, 1.00000000
0.424242424242, -0.000000000000, 1.14808479, 1.00000000, 1.00000000, 1.00000000
0.424242424242, 0.010101010101, 1.14065737, 1.00000000, 1.00000000, 1.00000000
0.424242424242, 0.020202020202, 1.13303781, 1.00000000, 1.00000000, 1.00000000
0.424242424242, 0.030303030303, 1.12514505, 1.00000000, 1.00000000, 1.00000000
0.424242424242, 0.040404040404, 1.11681757, 1.00000000, 1.00000000, 1.00000000
0.424242424242, 0.050505050505, 1.10789091, 1.00000000, 1.00000000, 1.00000000
0.424242424242, 0.060606060606, 1.09827379, 1.00000000, 1.00000000, 1.00000000
0.424242424242, 0.070707070707, 1.08797732, 1.00000000, 1.00000000, 1.00000000
0.424242424242, 0.080808080808, 1.07709150, 1.00000000, 1.00000000, 1.00000000
0.424242424242, 0.090909090909, 1.06573826, 1.00000000, 1.00000000, 1.00000000
0.424242424242, 0.101010101010, 1.05403358, 1.00000000, 1.00000000, 1.00000000
0.424242424242, 0.111111111111, 1.04207153, 1.00000000, 1.00000000, 1.00000000
0.424242424242, 0.121212121212, 1.02992546, 1.00000000, 1.00000000, 1.00000000
0.424242424242, 0.131313131313, 1.01765547, 1.00000000, 1.00000000, 1.00000000
0.424242424242, 0.141414141414, 1.00531514, 1.00000000, 1.00000000, 1.00000000
0.424242424242, 0.151515151515, 0.99295551, 1.00000000, 1.00000000, 1.00000000
0.424242424242, 0.161616161616, 0.98062673, 1.00000000, 1.00000000, 1.00000000
0.424242424242, 0.171717171717, 0.96837853, 1.00000000, 1.00000000, 1.00000000
0.424242424242, 0.181818181818, 0.95626021, 1.00000000, 1.00000000, 1.00000000
0.424242424242, 0.191919191919, 0.94432052, 1.00000000, 1.00000000, 1.00000000
0.424242424242, 0.202020202020, 0.93260745, 1.00000000, 1.00000000, 1.00000000
0.424242424242, 0.212121212121, 0.92116803, 1.00000000, 1.00000000, 1.00000000
0.424242424242, 0.222222222222, 0.91004817, 1.00000000, 1.00000000, 1.00000000
0.424242424242, 0.232323232323, 0.89929246, 1.00000000, 1.00000000, 1.00000000
0.424242424242, 0.242424242424, 0.88894399, 1.00000000, 1.00000000, 1.00000000
0.424242424242, 0.252525252525, 0.87904420, 1.00000000, 1.00000000, 1.00000000
0.424242424242, 0.262626262626, 0.86963268, 1.00000000, 1.00000000, 1.00000000
0.424242424242, 0.272727272727, 0.86074705, 1.00000000, 1.00000000, 1.00000000
0.424242424242, 0.282828282828, 0.85242280, 1.00000000, 1.00000000, 1.00000000
0.424242424242, 0.292929292929, 0.84469315, 1.00000000, 1.00000000, 1.00000000
0.424242424242, 0.303030303030, 0.83758892, 1.00000000, 1.00000000, 1.00000000
0.424242424242, 0.313131313131, 0.83113844, 1.00000000, 1.00000000, 1.00000000
0.424242424242, 0.323232323232, 0.82536739, 1.00000000, 1.00000000, 1.00000000
0.424242424242, 0.333333333333, 0.82029878, 1.00000000, 1.00000000, 1.00000000
0.424242424242, 0.343434343434, 0.81595279, 1.00000000, 1.00000000, 1.00000000
0.424242424242, 0.353535353535, 0.81234673, 1.00000000, 1.00000000, 1.00000000
0.424242424242, 0.363636363636, 0.80949500, 1.00000000, 1.00000000, 1.00000000
0.424242424242, 0.373737373737, 0.80740900, 1.00000000, 1.00000000, 1.00000000
0.424242424242, 0.383838383838, 0.80609712, 1.00000000, 1.00000000, 1.00000000
0.424242424242, 0.393939393939, 0.80556470, 1.00000000, 1.00000000, 1.00000000
0.424242424242, 0.404040404040, 0.80581387, 1.00000000, 1.00000000, 1.00000000
0.424242424242, 0.414141414141, 0.80684357, 1.00000000, 1.00000000, 1.00000000
0.424242424242, 0.424242424242, 0.80864966, 1.00000000, 1.00000000, 1.00000000
0.424242424242, 0.434343434343, 0.81122492, 1.00000000, 1.00000000, 1.00000000
0.424242424242, 0.444444444444, 0.81455912, 1.00000000, 1.00000000, 1.00000000
0.424242424242, 0.454545454545, 0.81863899, 1.00000000, 1.00000000, 1.00000000
0.424242424242, 0.464646464646, 0.82344832, 1.00000000, 1.00000000, 1.00000000
0.424242424242, 0.474747474747, 0.82896801, 1.00000000, 1.00000000, 1.00000000
0.424242424242, 0.484848484848, 0.83517608, 1.00000000, 1.00000000, 1.00000000
0.424242424242, 0.494949494949, 0.84204783, 1.00000000, 1.00000000, 1.00000000
0.424242424242, 0.505050505051, 0.84955589, 1.00000000, 1.00000000, 1.00000000
0.424242424242, 0.515151515152, 0.85767033, 1.00000000, 1.00000000, 1.00000000
0.424242424242, 0.525252525253, 0.86635875, 1.00000000, 1.00000000, 1.00000000
0.424242424242, 0.535353535354, 0.87558646, 1.00000000, 1.00000000, 1.00000000
0.424242424242, 0.545454545455, 0.88531657, 1.00000000, 1.00000000, 1.00000000
0.424242424242, 0.555555555556, 0.89551014, 1.00000000, 1.00000000, 1.00000000
0.424242424242, 0.565656565657, 0.90612634, 1.00000000, 1.00000000, 1.00000000
0.424242424242, 0.575757575758, 0.91712263, 1.00000000, 1.00000000, 1.00000000
0.424242424242, 0.585858585859, 0.92845488, 1.00000000, 1.00000000, 1.00000000
0.424242424242, 0.595959595960, 0.94007760, 1.00000000, 1.00000000, 1.00000000
0.424242424242, 0.606060606061, 0.95194408, 1.00000000, 1.00000000, 1.00000000
0.424242424242, 0.616161616162, 0.96400661, 1.00000000, 1.00000000, 1.00000000
0.424242424242, 0.626262626263, 0.97621664, 1.00000000, 1.00000000, 1.00000000
0.424242424242, 0.636363636364, 0.98852501, 1.00000000, 1.00000000, 1.00000000
0.424242424242, 0.646464646465, 1.00088213, 1.00000000, 1.00000000, 1.00000000
0.424242424242, 0.656565656566, 1.01323817, 1.00000000, 1.00000000, 1.00000000
0.424242424242, 0.666666666667, 1.02554330, 1.00000000, 1.00000000, 1.00000000
0.424242424242, 0.676767676768, 1.03774786, 1.00000000, 1.00000000, 1.00000000
0.424242424242, 0.686868686869, 1.04980257, 1.00000000, 1.00000000, 1.00000000
0.424242424242, 0.696969696970, 1.06165874, 1.00000000, 1.00000000, 1.00000000
0.424242424242, 0.707070707071, 1.07326846, 1.00000000, 1.00000000, 1.00000000
0.424242424242, 0.717171717172, 1.08458480, 1.00000000, 1.00000000, 1.00000000
0.424242424242, 0.727272727273, 1.09556202, 1.00000000, 1.00000000, 1.00000000
0.424242424242, 0.737373737374, 1.10615570, 1.00000000, 1.00000000, 1.00000000
0.424242424242, 0.747474747475, 1.11632298, 1.00000000, 1.00000000, 1.00000000
0.424242424242, 0.757575757576, 1.12602274, 1.00000000, 1.00000000, 1.00000000
0.424242424242, 0.767676767677, 1.13521571, 1.00000000, 1.00000000, 1.00000000
0.424242424242, 0.777777777778, 1.14386467, 1.00000000, 1.00000000, 1.00000000
0.424242424242, 0.787878787879, 1.15193460, 1.00000000, 1.00000000, 1.00000000
0.424242424242, 0.797979797980, 1.15939284, 1.00000000, 1.00000000, 1.00000000
0.424242424242, 0.808080808081, 1.16620916, 1.00000000, 1.00000000, 1.00000000
0.424242424242, 0.818181818182, 1.17235598, 1.00000000, 1.00000000, 1.00000000
0.424242424242, 0.828282828283, 1.17780837, 1.00000000, 1.00000000, 1.00000000
0.424242424242, 0.838383838384, 1.18254426, 1.00000000, 1.00000000, 1.00000000
0.424242424242, 0.848484848485, 1.18654445, 1.00000000, 1.00000000, 1.00000000
0.424242424242, 0.858585858586, 1.18979272, 1.00000000, 1.00000000, 1.00000000
0.424242424242, 0.868686868687, 1.19227589, 1.00000000, 1.00000000, 1.00000000
0.424242424242, 0.878787878788, 1.19398386, 1.00000000, 1.00000000, 1.00000000
0.424242424242, 0.888888888889, 1.19490966, 1.00000000, 1.00000000, 1.00000000
0.424242424242, 0.898989898990, 1.19504950, 1.00000000, 1.00000000, 1.00000000
0.424242424242, 0.909090909091, 1.19440289, 1.00000000, 1.00000000, 1.00000000
0.424242424242, 0.919191919192, 1.19297251, 1.00000000, 1.00000000, 1.00000000
0.424242424242, 0.929292929293, 1.19076427, 1.00000000, 1.00000000, 1.00000000
0.424242424242, 0.939393939394, 1.18778746, 1.00000000, 1.00000000, 1.00000000
0.424242424242, 0.949494949495, 1.18405530, 1.00000000, 1.00000000, 1.00000000
0.424242424242, 0.959595959596, 1.17958688, 1.00000000, 1.00000000, 1.00000000
0.434343434343, -0.000000000000, 1.13969796, 1.00000000, 1.00000000, 1.00000000
0.434343434343, 0.010101010101, 1.13175544, 1.00000000, 1.00000000, 1.00000000
0.434343434343, 0.020202020202, 1.12366728, 1.00000000, 1.00000000, 1.00000000
0.434343434343, 0.030303030303, 1.11534672, 1.00000000, 1.00000000, 1.00000000
0.434343434343, 0.040404040404, 1.10662392, 1.00000000, 1.00000000, 1.00000000
0.434343434343, 0.050505050505, 1.09732740, 1.00000000, 1.00000000, 1.00000000
0.434343434343, 0.060606060606, 1.08736326, 1.00000000, 1.00000000, 1.00000000
0.434343434343, 0.070707070707, 1.07674496, 1.00000000, 1.00000000, 1.00000000
0.434343434343, 0.080808080808, 1.06556806, 1.00000000, 1.00000000, 1.00000000
0.434343434343, 0.090909090909, 1.05396083, 1.00000000, 1.00000000, 1.00000000
0.434343434343, 0.101010101010, 1.04204450, 1.00000000, 1.00000000, 1.00000000
0.434343434343, 0.111111111111, 1.02991675, 1.00000000, 1.00000000, 1.00000000
0.434343434343, 0.121212121212, 1.01765304, 1.00000000, 1.00000000, 1.00000000
0.434343434343, 0.131313131313, 1.00531455, 1.00000000, 1.00000000, 1.00000000
0.434343434343, 0.141414141414, 0.99295539, 1.00000000, 1.00000000, 1.00000000
0.434343434343, 0.151515151515, 0.98062671, 1.00000000, 1.00000000, 1.00000000
0.434343434343, 0.161616161616, 0.96837853, 1.00000000, 1.00000000, 1.00000000
0.434343434343, 0.171717171717, 0.95626021, 1.00000000, 1.00000000, 1.00000000
0.434343434343, 0.181818181818, 0.94432052, 1.00000000, 1.00000000, 1.00000000
0.434343434343, 0.191919191919, 0.93260745, 1.00000000, 1.00000000, 1.00000000
0.434343434343, 0.202020202020, 0.92116803, 1.00000000, 1.00000000, 1.00000000
0.434343434343, 0.212121212121, 0.91004817, 1.00000000, 1.00000000, 1.00000000
0.434343434343, 0.222222222222, 0.89929246, 1.00000000, 1.00000000, 1.00000000
0.434343434343, 0.232323232323, 0.88894399, 1.00000000, 1.00000000, 1.00000000
0.434343434343, 0.242424242424, 0.87904420, 1.00000000, 1.00000000, 1.00000000
0.434343434343, 0.252525252525, 0.86963268, 1.00000000, 1.00000000, 1.00000000
0.434343434343, 0.262626262626, 0.86074705, 1.00000000, 1.00000000, 1.00000000
0.434343434343, 0.272727272727, 0.85242280, 1.00000000, 1.00000000, 1.00000000
0.434343434343, 0.282828282828, 0.84469315, 1.00000000, 1.00000000, 1.00000000
0.434343434343, 0.292929292929, 0.83758892, 1.00000000, 1.00000000, 1.00000000
0.434343434343, 0.303030303030, 0.83113844, 1.00000000, 1.00000000, 1.00000000
0.434343434343, 0.313131313131, 0.82536739, 1.00000000, 1.00000000, 1.00000000
0.434343434343, 0.323232323232, 0.82029878, 1.00000000, 1.00000000, 1.00000000
0.434343434343, 0.333333333333, 0.81595279, 1.00000000, 1.00000000, 1.00000000
0.434343434343, 0.343434343434, 0.81234673, 1.00000000, 1.00000000, 1.00000000
0.434343434343, 0.353535353535, 0.80949500, 1.00000000, 1.00000000, 1.00000000
0.434343434343, 0.363636363636, 0.80740900, 1.00000000, 1.00000000, 1.00000000
0.434343434343, 0.373737373737, 0.80609712, 1.00000000, 1.00000000, 1.00000000
0.434343434343, 0.383838383838, 0.80556470, 1.00000000, 1.00000000, 1.00000000
0.434343434343, 0.393939393939, 0.80581387, 1.00000000, 1.00000000, 1.00000000
0.434343434343, 0.404040404040, 0.80684357, 1.00000000, 1.00000000, 1.00000000
0.434343434343, 0.414141414141, 0.80864966, 1.00000000, 1.00000000, 1.00000000
0.434343434343, 0.424242424242, 0.81122492, 1.00000000, 1.00000000, 1.00000000
0.434343434343, 0.434343434343, 0.81455912, 1.00000000, 1.00000000, 1.00000000
0.434343434343, 0.444444444444, 0.81863899, 1.00000000, 1.00000000, 1.00000000
0.434343434343, 0.454545454545, 0.82344832, 1.00000000, 1.00000000, 1.00000000
0.434343434343, 0.464646464646, 0.82896801, 1.00000000, 1.00000000, 1.00000000
0.434343434343, 0.474747474747, 0.83517608, 1.00000000, 1.00000000, 1.00000000
0.434343434343, 0.484848484848, 0.84204783, 1.00000000, 1.00000000, 1.00000000
0.434343434343, 0.494949494949, 0.84955589, 1.00000000, 1.00000000, 1.00000000
0.434343434343, 0.505050505051, 0.85767033, 1.00000000, 1.00000000, 1.00000000
0.434343434343, 0.515151515152, 0.86635875, 1.00000000, 1.00000000, 1.00000000
0.434343434343, 0.525252525253, 0.87558646, 1.00000000, 1.00000000, 1.00000000
0.434343434343, 0.535353535354, 0.88531657, 1.00000000, 1.00000000, 1.00000000
0.434343434343, 0.545454545455, 0.89551014, 1.00000000, 1.00000000, 1.00000000
0.434343434343, 0.555555555556, 0.90612634, 1.00000000, 1.00000000, 1.00000000
0.434343434343, 0.565656565657, 0.91712263, 1.00000000, 1.00000000, 1.00000000
0.434343434343, 0.575757575758, 0.92845488, 1.00000000, 1.00000000, 1.00000000
0.434343434343, 0.585858585859, 0.94007760, 1.00000000, 1.00000000, 1.00000000
0.434343434343, 0.595959595960, 0.95194408, 1.00000000, 1.00000000, 1.00000000
0.434343434343, 0.606060606061, 0.96400661, 1.00000000, 1.00000000, 1.00000000
0.434343434343, 0.616161616162, 0.97621664, 1.00000000, 1.00000000, 1.00000000
0.434343434343, 0.626262626263, 0.98852501, 1.00000000, 1.00000000, 1.00000000
0.434343434343, 0.636363636364, 1.00088213, 1.00000000, 1.00000000, 1.00000000
0.434343434343, 0.646464646465, 1.01323817, 1.00000000, 1.00000000, 1.00000000
0.434343434343, 0.656565656566, 1.02554330, 1.00000000, 1.00000000, 1.00000000
0.434343434343, 0.666666666667, 1.03774786, 1.00000000, 1.00000000, 1.00000000
0.434343434343, 0.676767676768, 1.04980257, 1.00000000, 1.00000000, 1.00000000
0.434343434343, 0.686868686869, 1.06165874, 1.00000000, 1.00000000, 1.00000000
0.434343434343, 0.696969696970, 1.07326846, 1.00000000, 1.00000000, 1.00000000
0.434343434343, 0.707070707071, 1.08458480, 1.00000000, 1.00000000, 1.00000000
0.434343434343, 0.717171717172, 1.09556202, 1.00000000, 1.00000000, 1.00000000
0.434343434343, 0.727272727273, 1.10615570, 1.00000000, 1.00000000, 1.00000000
0.434343434343, 0.737373737374, 1.11632298, 1.00000000, 1.00000000, 1.00000000
0.434343434343, 0.747474747475, 1.12602274, 1.00000000, 1.00000000, 1.00000000
0.434343434343, 0.757575757576, 1.13521571, 1.00000000, 1.00000000, 1.00000000
0.434343434343, 0.767676767677, 1.14386467, 1.00000000, 1.00000000, 1.00000000
0.434343434343, 0.777777777778, 1.15193460, 1.00000000, 1.00000000, 1.00000000
0.434343434343, 0.787878787879, 1.15939284, 1.00000000, 1.00000000, 1.00000000
0.434343434343, 0.797979797980, 1.16620916, 1.00000000, 1.00000000, 1.00000000
0.434343434343, 0.808080808081, 1.17235598, 1.00000000, 1.00000000, 1.00000000
0.434343434343, 0.818181818182, 1.17780837, 1.00000000, 1.00000000, 1.00000000
0.434343434343, 0.828282828283, 1.18254426, 1.00000000, 1.00000000, 1.00000000
0.434343434343, 0.838383838384, 1.18654445, 1.00000000, 1.00000000, 1.00000000
0.434343434343, 0.848484848485, 1.18979272, 1.00000000, 1.00000000, 1.00000000
0.434343434343, 0.858585858586, 1.19227589, 1.00000000, 1.00000000, 1.00000000
0.434343434343, 0.868686868687, 1.19398386, 1.00000000, 1.00000000, 1.00000000
0.434343434343, 0.878787878788, 1.19490966, 1.00000000, 1.00000000, 1.00000000
0.434343434343, 0.888888888889, 1.19504950, 1.00000000, 1.00000000, 1.00000000
0.434343434343, 0.898989898990, 1.19440288, 1.00000000, 1.00000000, 1.00000000
0.434343434343, 0.909090909091, 1.19297249, 1.00000000, 1.00000000, 1.00000000
0.434343434343, 0.919191919192, 1.19076419, 1.00000000, 1.00000000, 1.00000000
0.434343434343, 0.929292929293, 1.18778703, 1.00000000, 1.00000000, 1.00000000
0.434343434343, 0.939393939394, 1.18405340, 1.00000000, 1.00000000, 1.00000000
0.434343434343, 0.949494949495, 1.17957967, 1.00000000, 1.00000000, 1.00000000
0.434343434343, 0.959595959596, 1.17438813, 1.00000000, 1.00000000, 1.00000000
0.444444444444, -0.000000000000, 1.13074960, 1.00000000, 1.00000000, 1.00000000
0.444444444444, 0.010101010101, 1.12232409, 1.00000000, 1.00000000, 1.00000000
0.444444444444, 0.020202020202, 1.11379985, 1.00000000, 1.00000000, 1.00000000
0.444444444444, 0.030303030303, 1.10508485, 1.00000000, 1.00000000, 1.00000000
0.444444444444, 0.040404040404, 1.09600177, 1.00000000, 1.00000000, 1.00000000
0.444444444444, 0.050505050505, 1.08637287, 1.00000000, 1.00000000, 1.00000000
0.444444444444, 0.060606060606, 1.07610205, 1.00000000, 1.00000000, 1.00000000
0.444444444444, 0.070707070707, 1.06520497, 1.00000000, 1.00000000, 1.00000000
0.444444444444, 0.080808080808, 1.05378232, 1.00000000, 1.00000000, 1.00000000
0.444444444444, 0.090909090909, 1.04196811, 1.00000000, 1.00000000, 1.00000000
0.444444444444, 0.101010101010, 1.02988833, 1.00000000, 1.00000000, 1.00000000
0.444444444444, 0.111111111111, 1.01764386, 1.00000000, 1.00000000, 1.00000000
0.444444444444, 0.121212121212, 1.00531199, 1.00000000, 1.00000000, 1.00000000
0.444444444444, 0.131313131313, 0.99295478, 1.00000000, 1.00000000, 1.00000000
0.444444444444, 0.141414141414, 0.98062659, 1.00000000, 1.00000000, 1.00000000
0.444444444444, 0.151515151515, 0.96837851, 1.00000000, 1.00000000, 1.00000000
0.444444444444, 0.161616161616, 0.95626021, 1.00000000, 1.00000000, 1.00000000
0.444444444444, 0.171717171717, 0.94432052, 1.00000000, 1.00000000, 1.00000000
0.444444444444, 0.181818181818, 0.93260745, 1.00000000, 1.00000000, 1.00000000
0.444444444444, 0.191919191919, 0.92116803, 1.00000000, 1.00000000, 1.00000000
0.444444444444, 0.202020202020, 0.91004817, 1.00000000, 1.00000000, 1.00000000
0.444444444444, 0.212121212121, 0.89929246, 1.00000000, 1.00000000, 1.00000000
0.444444444444, 0.222222222222, 0.88894399, 1.00000000, 1.00000000, 1.00000000
0.444444444444, 0.232323232323, 0.87904420, 1.00000000, 1.00000000, 1.00000000
0.444444444444, 0.242424242424, 0.86963268, 1.00000000, 1.00000000, 1.00000000
0.444444444444, 0.252525252525, 0.86074705, 1.00000000, 1.00000000, 1.00000000
0.444444444444, 0.262626262626, 0.85242280, 1.00000000, 1.00000000, 1.00000000
0.444444444444, 0.272727272727, 0.84469315, 1.00000000, 1.00000000, 1.00000000
0.444444444444, 0.282828282828, 0.83758892, 1.00000000, 1.00000000, 1.00000000
0.444444444444, 0.292929292929, 0.83113844, 1.00000000, 1.00000000, 1.00000000
0.444444444444, 0.303030303030, 0.82536739, 1.00000000, 1.00000000, 1.00000000
0.444444444444, 0.313131313131, 0.82029878, 1.00000000, 1.00000000, 1.00000000
0.444444444444, 0.323232323232, 0.81595279, 1.00000000, 1.00000000, 1.00000000
0.444444444444, 0.333333333333, 0.81234673, 1.00000000, 1.00000000, 1.00000000
0.444444444444, 0.343434343434, 0.80949500, 1.00000000, 1.00000000, 1.00000000
0.444444444444, 0.353535353535, 0.80740900, 1.00000000, 1.00000000, 1.00000000
0.444444444444, 0.363636363636, 0.80609712, 1.00000000, 1.00000000, 1.00000000
0.444444444444, 0.373737373737, 0.80556470, 1.00000000, 1.00000000, 1.00000000
0.444444444444, 0.383838383838, 0.80581387, 1.00000000, 1.00000000, 1.00000000
0.444444444444, 0.393939393939, 0.80684357, 1.00000000, 1.00000000, 1.00000000
0.444444444444, 0.404040404040, 0.80864966, 1.00000000, 1.00000000, 1.00000000
0.444444444444, 0.414141414141, 0.81122492, 1.00000000, 1.00000000, 1.00000000
0.444444444444, 0.424242424242, 0.81455912, 1.00000000, 1.00000000, 1.00000000
0.444444444444, 0.434343434343, 0.81863899, 1.00000000, 1.00000000, 1.00000000
0.444444444444, 0.444444444444, 0.82344832, 1.00000000, 1.00000000, 1.00000000
0.444444444444, 0.454545454545, 0.82896801, 1.00000000, 1.00000000, 1.00000000
0.444444444444, 0.464646464646, 0.83517608, 1.00000000, 1.00000000, 1.00000000
0.444444444444, 0.474747474747, 0.84204783, 1.00000000, 1.00000000, 1.00000000
0.444444444444, 0.484848484848, 0.84955589, 1.00000000, 1.00000000, 1.00000000
0.444444444444, 0.494949494949, 0.85767033, 1.00000000, 1.00000000, 1.00000000
0.444444444444, 0.505050505051, 0.86635875, 1.00000000, 1.00000000, 1.00000000
0.444444444444, 0.515151515152, 0.87558646, 1.00000000, 1.00000000, 1.00000000
0.444444444444, 0.525252525253, 0.88531657, 1.00000000, 1.00000000, 1.00000000
0.444444444444, 0.535353535354, 0.89551014, 1.00000000, 1.00000000, 1.00000000
0.444444444444, 0.545454545455, 0.90612634, 1.00000000, 1.00000000, 1.00000000
0.444444444444, 0.555555555556, 0.91712263, 1.00000000, 1.00000000, 1.00000000
0.444444444444, 0.565656565657, 0.92845488, 1.00000000, 1.00000000, 1.00000000
0.444444444444, 0.575757575758, 0.94007760, 1.00000000, 1.00000000, 1.00000000
0.444444444444, 0.585858585859, 0.95194408, 1.00000000, 1.00000000, 1.00000000
0.444444444444, 0.595959595960, 0.96400661, 1.00000000, 1.00000000, 1.00000000
0.444444444444, 0.606060606061, 0.97621664, 1.00000000, 1.00000000, 1.00000000
0.444444444444, 0.616161616162, 0.98852501, 1.00000000, 1.00000000, 1.00000000
0.444444444444, 0.626262626263, 1.00088213, 1.00000000, 1.00000000, 1.00000000
0.444444444444, 0.636363636364, 1.01323817, 1.00000000, 1.00000000, 1.00000000
0.444444444444, 0.646464646465, 1.02554330, 1.00000000, 1.00000000, 1.00000000
0.444444444444, 0.656565656566, 1.03774786, 1.00000000, 1.00000000, 1.00000000
0.444444444444, 0.666666666667, 1.04980257, 1.00000000, 1.00000000, 1.00000000
0.444444444444, 0.676767676768, 1.06165874, 1.00000000, 1.00000000, 1.00000000
0.444444444444, 0.686868686869, 1.07326846, 1.00000000, 1.00000000, 1.00000000
0.444444444444, 0.696969696970, 1.08458480, 1.00000000, 1.00000000, 1.00000000
0.444444444444, 0.707070707071, 1.09556202, 1.00000000, 1.00000000, 1.00000000
0.444444444444, 0.717171717172, 1.10615570, 1.00000000, 1.00000000, 1.00000000
0.444444444444, 0.727272727273, 1.11632298, 1.00000000, 1.00000000, 1.00000000
0.444444444444, 0.737373737374, 1.12602274, 1.00000000, 1.00000000, 1.00000000
0.444444444444, 0.747474747475, 1.13521571, 1.00000000, 1.00000000, 1.00000000
0.444444444444, 0.757575757576, 1.14386467, 1.00000000, 1.00000000, 1.00000000
0.444444444444, 0.767676767677, 1.15193460, 1.00000000, 1.00000000, 1.00000000
0.444444444444, 0.777777777778, 1.15939284, 1.00000000, 1.00000000, 1.00000000
0.444444444444, 0.787878787879, 1.16620916, 1.00000000, 1.00000000, 1.00000000
0.444444444444, 0.797979797980, 1.17235598, 1.00000000, 1.00000000, 1.00000000
0.444444444444, 0.808080808081, 1.17780837, 1.00000000, 1.00000000, 1.00000000
0.444444444444, 0.818181818182, 1.18254426, 1.00000000, 1.00000000, 1.00000000
0.444444444444, 0.828282828283, 1.18654445, 1.00000000, 1.00000000, 1.00000000
0.444444444444, 0.838383838384, 1.18979272, 1.00000000, 1.00000000, 1.00000000
0.444444444444, 0.848484848485, 1.19227589, 1.00000000, 1.00000000, 1.00000000
0.444444444444, 0.858585858586, 1.19398386, 1.00000000, 1.00000000, 1.00000000
0.444444444444, 0.868686868687, 1.19490966, 1.00000000, 1.00000000, 1.00000000
0.444444444444, 0.878787878788, 1.19504950, 1.00000000, 1.00000000, 1.00000000
0.444444444444, 0.888888888889, 1.19440288, 1.00000000, 1.00000000, 1.00000000
0.444444444444, 0.898989898990, 1.19297249, 1.00000000, 1.00000000, 1.00000000
0.444444444444, 0.909090909091, 1.19076417, 1.00000000, 1.00000000, 1.00000000
0.444444444444, 0.919191919192, 1.18778694, 1.00000000, 1.00000000, 1.00000000
0.444444444444, 0.929292929293, 1.18405294, 1.00000000, 1.00000000, 1.00000000
0.444444444444, 0.939393939394, 1.17957765, 1.00000000, 1.00000000, 1.00000000
0.444444444444, 0.949494949495, 1.17438049, 1.00000000, 1.00000000, 1.00000000
0.444444444444, 0.959595959596, 1.16848690, 1.00000000, 1.00000000, 1.00000000
0.454545454545, -0.000000000000, 1.12127594, 1.00000000, 1.00000000, 1.00000000
0.454545454545, 0.010101010101, 1.11240147, 1.00000000, 1.00000000, 1.00000000
0.454545454545, 0.020202020202, 1.10347544, 1.00000000, 1.00000000, 1.00000000
0.454545454545, 0.030303030303, 1.09440097, 1.00000000, 1.00000000, 1.00000000
0.454545454545, 0.040404040404, 1.08499409, 1.00000000, 1.00000000, 1.00000000
0.454545454545, 0.050505050505, 1.07507165, 1.00000000, 1.00000000, 1.00000000
0.454545454545, 0.060606060606, 1.06453570, 1.00000000, 1.00000000, 1.00000000
0.454545454545, 0.070707070707, 1.05340402, 1.00000000, 1.00000000, 1.00000000
0.454545454545, 0.080808080808, 1.04178191, 1.00000000, 1.00000000, 1.00000000
0.454545454545, 0.090909090909, 1.02980853, 1.00000000, 1.00000000, 1.00000000
0.454545454545, 0.101010101010, 1.01761412, 1.00000000, 1.00000000, 1.00000000
0.454545454545, 0.111111111111, 1.00530238, 1.00000000, 1.00000000, 1.00000000
0.454545454545, 0.121212121212, 0.99295209, 1.00000000, 1.00000000, 1.00000000
0.454545454545, 0.131313131313, 0.98062594, 1.00000000, 1.00000000, 1.00000000
0.454545454545, 0.141414141414, 0.96837837, 1.00000000, 1.00000000, 1.00000000
0.454545454545, 0.151515151515, 0.95626019, 1.00000000, 1.00000000, 1.00000000
0.454545454545, 0.161616161616, 0.94432052, 1.00000000, 1.00000000, 1.00000000
0.454545454545, 0.171717171717, 0.93260745, 1.00000000, 1.00000000, 1.00000000
0.454545454545, 0.181818181818, 0.92116803, 1.00000000, 1.00000000, 1.00000000
0.454545454545, 0.191919191919, 0.91004817, 1.00000000, 1.00000000, 1.00000000
0.454545454545, 0.202020202020, 0.89929246, 1.00000000, 1.00000000, 1.00000000
0.454545454545, 0.212121212121, 0.88894399, 1.00000000, 1.00000000, 1.00000000
0.454545454545, 0.222222222222, 0.87904420, 1.00000000, 1.00000000, 1.00000000
0.454545454545, 0.232323232323, 0.86963268, 1.00000000, 1.00000000, 1.00000000
0.454545454545, 0.242424242424, 0.86074705, 1.00000000, 1.00000000, 1.00000000
0.454545454545, 0.252525252525, 0.85242280, 1.00000000, 1.00000000, 1.00000000
0.454545454545, 0.262626262626, 0.84469315, 1.00000000, 1.00000000, 1.00000000
0.454545454545, 0.272727272727, 0.83758892, 1.00000000, 1.00000000, 1.00000000
0.454545454545, 0.282828282828, 0.83113844, 1.00000000, 1.00000000, 1.00000000
0.454545454545, 0.292929292929, 0.82536739, 1.00000000, 1.00000000, 1.00000000
0.454545454545, 0.303030303030, 0.82029878, 1.00000000, 1.00000000, 1.00000000
0.454545454545, 0.313131313131, 0.81595279, 1.00000000, 1.00000000, 1.00000000
0.454545454545, 0.323232323232, 0.81234673, 1.00000000, 1.00000000, 1.00000000
0.454545454545, 0.333333333333, 0.80949500, 1.00000000, 1.00000000, 1.00000000
0.454545454545, 0.343434343434, 0.80740900, 1.00000000, 1.00000000, 1.00000000
0.454545454545, 0.353535353535, 0.80609712, 1.00000000, 1.00000000, 1.00000000
0.454545454545, 0.363636363636, 0.80556470, 1.00000000, 1.00000000, 1.00000000
0.454545454545, 0.373737373737, 0.80581387, 1.00000000, 1.00000000, 1.00000000
0.454545454545, 0.383838383838, 0.80684357, 1.00000000, 1.00000000, 1.00000000
0.454545454545, 0.393939393939, 0.80864966, 1.00000000, 1.00000000, 1.00000000
0.454545454545, 0.404040404040, 0.81122492, 1.00000000, 1.00000000, 1.00000000
0.454545454545, 0.414141414141, 0.81455912, 1.00000000, 1.00000000, 1.00000000
0.454545454545, 0.424242424242, 0.81863899, 1.00000000, 1.00000000, 1.00000000
0.454545454545, 0.434343434343, 0.82344832, 1.00000000, 1.00000000, 1.00000000
0.454545454545, 0.444444444444, 0.82896801, 1.00000000, 1.00000000, 1.00000000
0.454545454545, 0.454545454545, 0.83517608, 1.00000000, 1.00000000, 1.00000000
0.454545454545, 0.464646464646, 0.84204783, 1.00000000, 1.00000000, 1.00000000
0.454545454545, 0.474747474747, 0.84955589, 1.00000000, 1.00000000, 1.00000000
0.454545454545, 0.484848484848, 0.85767033, 1.00000000, 1.00000000, 1.00000000
0.454545454545, 0.494949494949, 0.86635875, 1.00000000, 1.00000000, 1.00000000
0.454545454545, 0.505050505051, 0.87558646, 1.00000000, 1.00000000, 1.00000000
0.454545454545, 0.515151515152, 0.88531657, 1.00000000, 1.00000000, 1.00000000
0.454545454545, 0.525252525253, 0.89551014, 1.00000000, 1.00000000, 1.00000000
0.454545454545, 0.535353535354, 0.90612634, 1.00000000, 1.00000000, 1.00000000
0.454545454545, 0.545454545455, 0.91712263, 1.00000000, 1.00000000, 1.00000000
0.454545454545, 0.555555555556, 0.92845488, 1.00000000, 1.00000000, 1.00000000
0.454545454545, 0.565656565657, 0.94007760, 1.00000000, 1.00000000, 1.00000000
0.454545454545, 0.575757575758, 0.95194408, 1.00000000, 1.00000000, 1.00000000
0.454545454545, 0.585858585859, 0.96400661, 1.00000000, 1.00000000, 1.00000000
0.454545454545, 0.595959595960, 0.97621664, 1.00000000, 1.00000000, 1.00000000
0.454545454545, 0.606060606061, 0.98852501, 1.00000000, 1.00000000, 1.00000000
0.454545454545, 0.616161616162, 1.00088213, 1.00000000, 1.00000000, 1.00000000
0.454545454545, 0.626262626263, 1.01323817, 1.00000000, 1.00000000, 1.00000000
0.454545454545, 0.636363636364, 1.02554330, 1.00000000, 1.00000000, 1.00000000
0.454545454545, 0.646464646465, 1.03774786, 1.00000000, 1.00000000, 1.00000000
0.454545454545, 0.656565656566, 1.04980257, 1.00000000, 1.00000000, 1.00000000
0.454545454545, 0.666666666667, 1.06165874, 1.00000000, 1.00000000, 1.00000000
0.454545454545, 0.676767676768, 1.07326846, 1.00000000, 1.00000000, 1.00000000
0.454545454545, 0.686868686869, 1.08458480, 1.00000000, 1.00000000, 1.00000000
0.454545454545, 0.696969696970, 1.09556202, 1.00000000, 1.00000000, 1.00000000
0.454545454545, 0.707070707071, 1.10615570, 1.00000000, 1.00000000, 1.00000000
0.454545454545, 0.717171717172, 1.11632298, 1.00000000, 1.00000000, 1.00000000
0.454545454545, 0.727272727273, 1.12602274, 1.00000000, 1.00000000, 1.00000000
0.454545454545, 0.737373737374, 1.13521571, 1.00000000, 1.00000000, 1.00000000
0.454545454545, 0.747474747475, 1.14386467, 1.00000000, 1.00000000, 1.00000000
0.454545454545, 0.757575757576, 1.15193460, 1.00000000, 1.00000000, 1.00000000
0.454545454545, 0.767676767677, 1.15939284, 1.00000000, 1.00000000, 1.00000000
0.454545454545, 0.777777777778, 1.16620916, 1.00000000, 1.00000000, 1.00000000
0.454545454545, 0.787878787879, 1.17235598, 1.00000000, 1.00000000, 1.00000000
0.454545454545, 0.797979797980, 1.17780837, 1.00000000, 1.00000000, 1.00000000
0.454545454545, 0.808080808081, 1.18254426, 1.00000000, 1.00000000, 1.00000000
0.454545454545, 0.818181818182, 1.18654445, 1.00000000, 1.00000000, 1.00000000
0.454545454545, 0.828282828283, 1.18979272, 1.00000000, 1.00000000, 1.00000000
0.454545454545, 0.838383838384, 1.19227589, 1.00000000, 1.00000000, 1.00000000
0.454545454545, 0.848484848485, 1.19398386, 1.00000000, 1.00000000, 1.00000000
0.454545454545, 0.858585858586, 1.19490966, 1.00000000, 1.00000000, 1.00000000
0.454545454545, 0.868686868687, 1.19504950, 1.00000000, 1.00000000, 1.00000000
0.454545454545, 0.878787878788, 1.19440288, 1.00000000, 1.00000000, 1.00000000
0.454545454545, 0.888888888889, 1.19297249, 1.00000000, 1.00000000, 1.00000000
0.454545454545, 0.898989898990, 1.19076417, 1.00000000, 1.00000000, 1.00000000
0.454545454545, 0.909090909091, 1.18778692, 1.00000000, 1.00000000, 1.00000000
0.454545454545, 0.919191919192, 1.18405284, 1.00000000, 1.00000000, 1.00000000
0.454545454545, 0.929292929293, 1.17957717, 1.00000000, 1.00000000, 1.00000000
0.454545454545, 0.939393939394, 1.17437837, 1.00000000, 1.00000000, 1.00000000
0.454545454545, 0.949494949495, 1.16847887, 1.00000000, 1.00000000, 1.00000000
0.454545454545, 0.959595959596, 1.16190712, 1.00000000, 1.00000000, 1.00000000
0.464646464646, -0.000000000000, 1.11131531, 1.00000000, 1.00000000, 1.00000000
0.464646464646, 0.010101010101, 1.10202772, 1.00000000, 1.00000000, 1.00000000
0.464646464646, 0.020202020202, 1.09273580, 1.00000000, 1.00000000, 1.00000000
0.464646464646, 0.030303030303, 1.08333829, 1.00000000, 1.00000000, 1.00000000
0.464646464646, 0.040404040404, 1.07364541, 1.00000000, 1.00000000, 1.00000000
0.464646464646, 0.050505050505, 1.06346944, 1.00000000, 1.00000000, 1.00000000
0.464646464646, 0.060606060606, 1.05271098, 1.00000000, 1.00000000, 1.00000000
0.464646464646, 0.070707070707, 1.04138979, 1.00000000, 1.00000000, 1.00000000
0.464646464646, 0.080808080808, 1.02961529, 1.00000000, 1.00000000, 1.00000000
0.464646464646, 0.090909090909, 1.01753119, 1.00000000, 1.00000000, 1.00000000
0.464646464646, 0.101010101010, 1.00527141, 1.00000000, 1.00000000, 1.00000000
0.464646464646, 0.111111111111, 0.99294205, 1.00000000, 1.00000000, 1.00000000
0.464646464646, 0.121212121212, 0.98062313, 1.00000000, 1.00000000, 1.00000000
0.464646464646, 0.131313131313, 0.96837769, 1.00000000, 1.00000000, 1.00000000
0.464646464646, 0.141414141414, 0.95626005, 1.00000000, 1.00000000, 1.00000000
0.464646464646, 0.151515151515, 0.94432050, 1.00000000, 1.00000000, 1.00000000
0.464646464646, 0.161616161616, 0.93260744, 1.00000000, 1.00000000, 1.00000000
0.464646464646, 0.171717171717, 0.92116803, 1.00000000, 1.00000000, 1.00000000
0.464646464646, 0.181818181818, 0.91004817, 1.00000000, 1.00000000, 1.00000000
0.464646464646, 0.191919191919, 0.89929246, 1.00000000, 1.00000000, 1.00000000
0.464646464646, 0.202020202020, 0.88894399, 1.00000000, 1.00000000, 1.00000000
0.464646464646, 0.212121212121, 0.87904420, 1.00000000, 1.00000000, 1.00000000
0.464646464646, 0.222222222222, 0.86963268, 1.00000000, 1.00000000, 1.00000000
0.464646464646, 0.232323232323, 0.86074705, 1.00000000, 1.00000000, 1.00000000
0.464646464646, 0.242424242424, 0.85242280, 1.00000000, 1.00000000, 1.00000000
0.464646464646, 0.252525252525, 0.84469315, 1.00000000, 1.00000000, 1.00000000
0.464646464646, 0.262626262626, 0.83758892, 1.00000000, 1.00000000, 1.00000000
0.464646464646, 0.272727272727, 0.83113844, 1.00000000, 1.00000000, 1.00000000
0.464646464646, 0.282828282828, 0.82536739, 1.00000000, 1.00000000, 1.00000000
0.464646464646, 0.292929292929, 0.82029878, 1.00000000, 1.00000000, 1.00000000
0.464646464646, 0.303030303030, 0.81595279, 1.00000000, 1.00000000, 1.00000000
0.464646464646, 0.313131313131, 0.81234673, 1.00000000, 1.00000000, 1.00000000
0.464646464646, 0.323232323232, 0.80949500, 1.00000000, 1.00000000, 1.00000000
0.464646464646, 0.333333333333, 0.80740900, 1.00000000, 1.00000000, 1.00000000
0.464646464646, 0.343434343434, 0.80609712, 1.00000000, 1.00000000, 1.00000000
0.464646464646, 0.353535353535, 0.80556470, 1.00000000, 1.00000000, 1.00000000
0.464646464646, 0.363636363636, 0.80581387, 1.00000000, 1.00000000, 1.00000000
0.464646464646, 0.373737373737, 0.80684357, 1.00000000, 1.00000000, 1.00000000
0.464646464646, 0.383838383838, 0.80864966, 1.00000000, 1.00000000, 1.00000000
0.464646464646, 0.393939393939, 0.81122492, 1.00000000, 1.00000000, 1.00000000
0.464646464646, 0.404040404040, 0.81455912, 1.00000000, 1.00000000, 1.00000000
0.464646464646, 0.414141414141, 0.81863899, 1.00000000, 1.00000000, 1.00000000
0.464646464646, 0.424242424242, 0.82344832, 1.00000000, 1.00000000, 1.00000000
0.464646464646, 0.434343434343, 0.82896801, 1.00000000, 1.00000000, 1.00000000
0.464646464646, 0.444444444444, 0.83517608, 1.00000000, 1.00000000, 1.00000000
0.464646464646, 0.454545454545, 0.84204783, 1.00000000, 1.00000000, 1.00000000
0.464646464646, 0.464646464646, 0.84955589, 1.00000000, 1.00000000, 1.00000000
0.464646464646, 0.474747474747, 0.85767033, 1.00000000, 1.00000000, 1.00000000
0.464646464646, 0.484848484848, 0.86635875, 1.00000000, 1.00000000, 1.00000000
0.464646464646, 0.494949494949, 0.87558646, 1.00000000, 1.00000000, 1.00000000
0.464646464646, 0.505050505051, 0.88531657, 1.00000000, 1.00000000, 1.00000000
0.464646464646, 0.515151515152, 0.89551014, 1.00000000, 1.00000000, 1.00000000
0.464646464646, 0.525252525253, 0.90612634, 1.00000000, 1.00000000, 1.00000000
0.464646464646, 0.535353535354, 0.91712263, 1.00000000, 1.00000000, 1.00000000
0.464646464646, 0.545454545455, 0.92845488, 1.00000000, 1.00000000, 1.00000000
0.464646464646, 0.555555555556, 0.94007760, 1.00000000, 1.00000000, 1.00000000
0.464646464646, 0.565656565657, 0.95194408, 1.00000000, 1.00000000, 1.00000000
0.464646464646, 0.575757575758, 0.96400661, 1.00000000, 1.00000000, 1.00000000
0.464646464646, 0.585858585859, 0.97621664, 1.00000000, 1.00000000, 1.00000000
0.464646464646, 0.595959595960, 0.98852501, 1.00000000, 1.00000000, 1.00000000
0.464646464646, 0.606060606061, 1.00088213, 1.00000000, 1.00000000, 1.00000000
0.464646464646, 0.616161616162, 1.01323817, 1.00000000, 1.00000000, 1.00000000
0.464646464646, 0.626262626263, 1.02554330, 1.00000000, 1.00000000, 1.00000000
0.464646464646, 0.636363636364, 1.03774786, 1.00000000, 1.00000000, 1.00000000
0.464646464646, 0.646464646465, 1.04980257, 1.00000000, 1.00000000, 1.00000000
0.464646464646, 0.656565656566, 1.06165874, 1.00000000, 1.00000000, 1.00000000
0.464646464646, 0.666666666667, 1.07326846, 1.00000000, 1.00000000, 1.00000000
0.464646464646, 0.676767676768, 1.08458480, 1.00000000, 1.00000000, 1.00000000
0.464646464646, 0.686868686869, 1.09556202, 1.00000000, 1.00000000, 1.00000000
0.464646464646, 0.696969696970, 1.10615570, 1.00000000, 1.00000000, 1.00000000
0.464646464646, 0.707070707071, 1.11632298, 1.00000000, 1.00000000, 1.00000000
0.464646464646, 0.717171717172, 1.12602274, 1.00000000, 1.00000000, 1.00000000
0.464646464646, 0.727272727273, 1.13521571, 1.00000000, 1.00000000, 1.00000000
0.464646464646, 0.737373737374, 1.14386467, 1.00000000, 1.00000000, 1.00000000
0.464646464646, 0.747474747475, 1.15193460, 1.00000000, 1.00000000, 1.00000000
0.464646464646, 0.757575757576, 1.15939284, 1.00000000, 1.00000000, 1.00000000
0.464646464646, 0.767676767677, 1.16620916, 1.00000000, 1.00000000, 1.00000000
0.464646464646, 0.777777777778, 1.17235598, 1.00000000, 1.00000000, 1.00000000
0.464646464646, 0.787878787879, 1.17780837, 1.00000000, 1.00000000, 1.00000000
0.464646464646, 0.797979797980, 1.18254426, 1.00000000, 1.00000000, 1.00000000
0.464646464646, 0.808080808081, 1.18654445, 1.00000000, 1.00000000, 1.00000000
0.464646464646, 0.818181818182, 1.18979272, 1.00000000, 1.00000000, 1.00000000
0.464646464646, 0.828282828283, 1.19227589, 1.00000000, 1.00000000, 1.00000000
0.464646464646, 0.838383838384, 1.19398386, 1.00000000, 1.00000000, 1.00000000
0.464646464646, 0.848484848485, 1.19490966, 1.00000000, 1.00000000, 1.00000000
0.464646464646, 0.858585858586, 1.19504950, 1.00000000, 1.00000000, 1.00000000
0.464646464646, 0.868686868687, 1.19440288, 1.00000000, 1.00000000, 1.00000000
0.464646464646, 0.878787878788, 1.19297249, 1.00000000, 1.00000000, 1.00000000
0.464646464646, 0.888888888889, 1.19076417, 1.00000000, 1.00000000, 1.00000000
0.464646464646, 0.898989898990, 1.18778692, 1.00000000, 1.00000000, 1.00000000
0.464646464646, 0.909090909091, 1.18405283, 1.00000000, 1.00000000, 1.00000000
0.464646464646, 0.919191919192, 1.17957707, 1.00000000, 1.00000000, 1.00000000
0.464646464646, 0.929292929293, 1.17437786, 1.00000000, 1.00000000, 1.00000000
0.464646464646, 0.939393939394, 1.16847663, 1.00000000, 1.00000000, 1.00000000
0.464646464646, 0.949494949495, 1.16189870, 1.00000000, 1.00000000, 1.00000000
0.464646464646, 0.959595959596, 1.15467545, 1.00000000, 1.00000000, 1.00000000
0.474747474747, -0.000000000000, 1.10090799, 1.00000000, 1.00000000, 1.00000000
0.474747474747, 0.010101010101, 1.09124478, 1.00000000, 1.00000000, 1.00000000
0.474747474747, 0.020202020202, 1.08162435, 1.00000000, 1.00000000, 1.00000000
0.474747474747, 0.030303030303, 1.07194154, 1.00000000, 1.00000000, 1.00000000
0.474747474747, 0.040404040404, 1.06200163, 1.00000000, 1.00000000, 1.00000000
0.474747474747, 0.050505050505, 1.05161315, 1.00000000, 1.00000000, 1.00000000
0.474747474747, 0.060606060606, 1.04067569, 1.00000000, 1.00000000, 1.00000000
0.474747474747, 0.070707070707, 1.02921083, 1.00000000, 1.00000000, 1.00000000
0.474747474747, 0.080808080808, 1.01733159, 1.00000000, 1.00000000, 1.00000000
0.474747474747, 0.090909090909, 1.00518561, 1.00000000, 1.00000000, 1.00000000
0.474747474747, 0.101010101010, 0.99290996, 1.00000000, 1.00000000, 1.00000000
0.474747474747, 0.111111111111, 0.98061271, 1.00000000, 1.00000000, 1.00000000
0.474747474747, 0.121212121212, 0.96837477, 1.00000000, 1.00000000, 1.00000000
0.474747474747, 0.131313131313, 0.95625934, 1.00000000, 1.00000000, 1.00000000
0.474747474747, 0.141414141414, 0.94432035, 1.00000000, 1.00000000, 1.00000000
0.474747474747, 0.151515151515, 0.93260742, 1.00000000, 1.00000000, 1.00000000
0.474747474747, 0.161616161616, 0.92116802, 1.00000000, 1.00000000, 1.00000000
0.474747474747, 0.171717171717, 0.91004817, 1.00000000, 1.00000000, 1.00000000
0.474747474747, 0.181818181818, 0.89929246, 1.00000000, 1.00000000, 1.00000000
0.474747474747, 0.191919191919, 0.88894399, 1.00000000, 1.00000000, 1.00000000
0.474747474747, 0.202020202020, 0.87904420, 1.00000000, 1.00000000, 1.00000000
0.474747474747, 0.212121212121, 0.86963268, 1.00000000, 1.00000000, 1.00000000
0.474747474747, 0.222222222222, 0.86074705, 1.00000000, 1.00000000, 1.00000000
0.474747474747, 0.232323232323, 0.85242280, 1.00000000, 1.00000000, 1.00000000
0.474747474747, 0.242424242424, 0.84469315, 1.00000000, 1.00000000, 1.00000000
0.474747474747, 0.252525252525, 0.83758892, 1.00000000, 1.00000000, 1.00000000
0.474747474747, 0.262626262626, 0.83113844, 1.00000000, 1.00000000, 1.00000000
0.474747474747, 0.272727272727, 0.82536739, 1.00000000, 1.00000000, 1.00000000
0.474747474747, 0.282828282828, 0.82029878, 1.00000000, 1.00000000, 1.00000000
0.474747474747, 0.292929292929, 0.81595279, 1.00000000, 1.00000000, 1.00000000
0.474747474747, 0.303030303030, 0.81234673, 1.00000000, 1.00000000, 1.00000000
0.474747474747, 0.313131313131, 0.80949500, 1.00000000, 1.00000000, 1.00000000
0.474747474747, 0.323232323232, 0.80740900, 1.00000000, 1.00000000, 1.00000000
0.474747474747, 0.333333333333, 0.80609712, 1.00000000, 1.00000000, 1.00000000
0.474747474747, 0.343434343434, 0.80556470, 1.00000000, 1.00000000, 1.00000000
0.474747474747, 0.353535353535, 0.80581387, 1.00000000, 1.00000000, 1.00000000
0.474747474747, 0.363636363636, 0.80684357, 1.00000000, 1.00000000, 1.00000000
0.474747474747, 0.373737373737, 0.80864966, 1.00000000, 1.00000000, 1.00000000
0.474747474747, 0.383838383838, 0.81122492, 1.00000000, 1.00000000, 1.00000000
0.474747474747, 0.393939393939, 0.81455912, 1.00000000, 1.00000000, 1.00000000
0.474747474747, 0.404040404040, 0.81863899, 1.00000000, 1.00000000, 1.00000000
0.474747474747, 0.414141414141, 0.82344832, 1.00000000, 1.00000000, 1.00000000
0.474747474747, 0.424242424242, 0.82896801, 1.00000000, 1.00000000, 1.00000000
0.474747474747, 0.434343434343, 0.83517608, 1.00000000, 1.00000000, 1.00000000
0.474747474747, 0.444444444444, 0.84204783, 1.00000000, 1.00000000, 1.00000000
0.474747474747, 0.454545454545, 0.84955589, 1.00000000, 1.00000000, 1.00000000
0.474747474747, 0.464646464646, 0.85767033, 1.00000000, 1.00000000, 1.00000000
0.474747474747, 0.474747474747, 0.86635875, 1.00000000, 1.00000000, 1.00000000
0.474747474747, 0.484848484848, 0.87558646, 1.00000000, 1.00000000, 1.00000000
0.474747474747, 0.494949494949, 0.88531657, 1.00000000, 1.00000000, 1.00000000
0.474747474747, 0.505050505051, 0.89551014, 1.00000000, 1.00000000, 1.00000000
0.474747474747, 0.515151515152, 0.90612634, 1.00000000, 1.00000000, 1.00000000
0.474747474747, 0.525252525253, 0.91712263, 1.00000000, 1.00000000, 1.00000000
0.474747474747, 0.535353535354, 0.92845488, 1.00000000, 1.00000000, 1.00000000
0.474747474747, 0.545454545455, 0.94007760, 1.00000000, 1.00000000, 1.00000000
0.474747474747, 0.555555555556, 0.95194408, 1.00000000, 1.00000000, 1.00000000
0.474747474747, 0.565656565657, 0.96400661, 1.00000000, 1.00000000, 1.00000000
0.474747474747, 0.575757575758, 0.97621664, 1.00000000, 1.00000000, 1.00000000
0.474747474747, 0.585858585859, 0.98852501, 1.00000000, 1.00000000, 1.00000000
0.474747474747, 0.595959595960, 1.00088213, 1.00000000, 1.00000000, 1.00000000
0.474747474747, 0.606060606061, 1.01323817, 1.00000000, 1.00000000, 1.00000000
0.474747474747, 0.616161616162, 1.02554330, 1.00000000, 1.00000000, 1.00000000
0.474747474747, 0.626262626263, 1.03774786, 1.00000000, 1.00000000, 1.00000000
0.474747474747, 0.636363636364, 1.04980257, 1.00000000, 1.00000000, 1.00000000
0.474747474747, 0.646464646465, 1.06165874, 1.00000000, 1.00000000, 1.00000000
0.474747474747, 0.656565656566, 1.07326846, 1.00000000, 1.00000000, 1.00000000
0.474747474747, 0.666666666667, 1.08458480, 1.00000000, 1.00000000, 1.00000000
0.474747474747, 0.676767676768, 1.09556202, 1.00000000, 1.00000000, 1.00000000
0.474747474747, 0.686868686869, 1.10615570, 1.00000000, 1.00000000, 1.00000000
0.474747474747, 0.696969696970, 1.11632298, 1.00000000, 1.00000000, 1.00000000
0.474747474747, 0.707070707071, 1.12602274, 1.00000000, 1.00000000, 1.00000000
0.474747474747, 0.717171717172, 1.13521571, 1.00000000, 1.00000000, 1.00000000
0.474747474747, 0.727272727273, 1.14386467, 1.00000000, 1.00000000, 1.00000000
0.474747474747, 0.737373737374, 1.15193460, 1.00000000, 1.00000000, 1.00000000
0.474747474747, 0.747474747475, 1.15939284, 1.00000000, 1.00000000, 1.00000000
0.474747474747, 0.757575757576, 1.16620916, 1.00000000, 1.00000000, 1.00000000
0.474747474747, 0.767676767677, 1.17235598, 1.00000000, 1.00000000, 1.00000000
0.474747474747, 0.777777777778, 1.17780837, 1.00000000, 1.00000000, 1.00000000
0.474747474747, 0.787878787879, 1.18254426, 1.00000000, 1.00000000, 1.00000000
0.474747474747, 0.797979797980, 1.18654445, 1.00000000, 1.00000000, 1.00000000
0.474747474747, 0.808080808081, 1.18979272, 1.00000000, 1.00000000, 1.00000000
0.474747474747, 0.818181818182, 1.19227589, 1.00000000, 1.00000000, 1.00000000
0.474747474747, 0.828282828283, 1.19398386, 1.00000000, 1.00000000, 1.00000000
0.474747474747, 0.838383838384, 1.19490966, 1.00000000, 1.00000000, 1.00000000
0.474747474747, 0.848484848485, 1.19504950, 1.00000000, 1.00000000, 1.00000000
0.474747474747, 0.858585858586, 1.19440288, 1.00000000, 1.00000000, 1.00000000
0.474747474747, 0.868686868687, 1.19297249, 1.00000000, 1.00000000, 1.00000000
0.474747474747, 0.878787878788, 1.19076417, 1.00000000, 1.00000000, 1.00000000
0.474747474747, 0.888888888889, 1.18778692, 1.00000000, 1.00000000, 1.00000000
0.474747474747, 0.898989898990, 1.18405282, 1.00000000, 1.00000000, 1.00000000
0.474747474747, 0.909090909091, 1.17957705, 1.00000000, 1.00000000, 1.00000000
0.474747474747, 0.919191919192, 1.17437775, 1.00000000, 1.00000000, 1.00000000
0.474747474747, 0.929292929293, 1.16847610, 1.00000000, 1.00000000, 1.00000000
0.474747474747, 0.939393939394, 1.16189636, 1.00000000, 1.00000000, 1.00000000
0.474747474747, 0.949494949495, 1.15466666, 1.00000000, 1.00000000, 1.00000000
0.474747474747, 0.959595959596, 1.14682119, 1.00000000, 1.00000000, 1.00000000
0.484848484848, -0.000000000000, 1.09009605, 1.00000000, 1.00000000, 1.00000000
0.484848484848, 0.010101010101, 1.08009623, 1.00000000, 1.00000000, 1.00000000
0.484848484848, 0.020202020202, 1.07018600, 1.00000000, 1.00000000, 1.00000000
0.484848484848, 0.030303030303, 1.06025678, 1.00000000, 1.00000000, 1.00000000
0.484848484848, 0.040404040404, 1.05010981, 1.00000000, 1.00000000, 1.00000000
0.484848484848, 0.050505050505, 1.03955072, 1.00000000, 1.00000000, 1.00000000
0.484848484848, 0.060606060606, 1.02847846, 1.00000000, 1.00000000, 1.00000000
0.484848484848, 0.070707070707, 1.01691631, 1.00000000, 1.00000000, 1.00000000
0.484848484848, 0.080808080808, 1.00498039, 1.00000000, 1.00000000, 1.00000000
0.484848484848, 0.090909090909, 0.99282160, 1.00000000, 1.00000000, 1.00000000
0.484848484848, 0.101010101010, 0.98057959, 1.00000000, 1.00000000, 1.00000000
0.484848484848, 0.111111111111, 0.96836399, 1.00000000, 1.00000000, 1.00000000
0.484848484848, 0.121212121212, 0.95625631, 1.00000000, 1.00000000, 1.00000000
0.484848484848, 0.131313131313, 0.94431961, 1.00000000, 1.00000000, 1.00000000
0.484848484848, 0.141414141414, 0.93260727, 1.00000000, 1.00000000, 1.00000000
0.484848484848, 0.151515151515, 0.92116800, 1.00000000, 1.00000000, 1.00000000
0.484848484848, 0.161616161616, 0.91004816, 1.00000000, 1.00000000, 1.00000000
0.484848484848, 0.171717171717, 0.89929246, 1.00000000, 1.00000000, 1.00000000
0.484848484848, 0.181818181818, 0.88894399, 1.00000000, 1.00000000, 1.00000000
0.484848484848, 0.191919191919, 0.87904420, 1.00000000, 1.00000000, 1.00000000
0.484848484848, 0.202020202020, 0.86963268, 1.00000000, 1.00000000, 1.00000000
0.484848484848, 0.212121212121, 0.86074705, 1.00000000, 1.00000000, 1.00000000
0.484848484848, 0.222222222222, 0.85242280, 1.00000000, 1.00000000, 1.00000000
0.484848484848, 0.232323232323, 0.84469315, 1.00000000, 1.00000000, 1.00000000
0.484848484848, 0.242424242424, 0.83758892, 1.00000000, 1.00000000, 1.00000000
0.484848484848, 0.252525252525, 0.83113844, 1.00000000, 1.00000000, 1.00000000
0.484848484848, 0.262626262626, 0.82536739, 1.00000000, 1.00000000, 1.00000000
0.484848484848, 0.272727272727, 0.82029878, 1.00000000, 1.00000000, 1.00000000
0.484848484848, 0.282828282828, 0.81595279, 1.00000000, 1.00000000, 1.00000000
0.484848484848, 0.292929292929, 0.81234673, 1.00000000, 1.00000000, 1.00000000
0.484848484848, 0.303030303030, 0.80949500, 1.00000000, 1.00000000, 1.00000000
0.484848484848, 0.313131313131, 0.80740900, 1.00000000, 1.00000000, 1.00000000
0.484848484848, 0.323232323232, 0.80609712, 1.00000000, 1.00000000, 1.00000000
0.484848484848, 0.333333333333, 0.80556470, 1.00000000, 1.00000000, 1.00000000
0.484848484848, 0.343434343434, 0.80581387, 1.00000000, 1.00000000, 1.00000000
0.484848484848, 0.353535353535, 0.80684357, 1.00000000, 1.00000000, 1.00000000
0.484848484848, 0.363636363636, 0.80864966, 1.00000000, 1.00000000, 1.00000000
0.484848484848, 0.373737373737, 0.81122492, 1.00000000, 1.00000000, 1.00000000
0.484848484848, 0.383838383838, 0.81455912, 1.00000000, 1.00000000, 1.00000000
0.484848484848, 0.393939393939, 0.81863899, 1.00000000, 1.00000000, 1.00000000
0.484848484848, 0.404040404040, 0.82344832, 1.00000000, 1.00000000, 1.00000000
0.484848484848, 0.414141414141, 0.82896801, 1.00000000, 1.00000000, 1.00000000
0.484848484848, 0.424242424242, 0.83517608, 1.00000000, 1.00000000, 1.00000000
0.484848484848, 0.434343434343, 0.84204783, 1.00000000, 1.00000000, 1.00000000
0.484848484848, 0.444444444444, 0.84955589, 1.00000000, 1.00000000, 1.00000000
0.484848484848, 0.454545454545, 0.85767033, 1.00000000, 1.00000000, 1.00000000
0.484848484848, 0.464646464646, 0.86635875, 1.00000000, 1.00000000, 1.00000000
0.484848484848, 0.474747474747, 0.87558646, 1.00000000, 1.00000000, 1.00000000
0.484848484848, 0.484848484848, 0.88531657, 1.00000000, 1.00000000, 1.00000000
0.484848484848, 0.494949494949, 0.89551014, 1.00000000, 1.00000000, 1.00000000
0.484848484848, 0.505050505051, 0.90612634, 1.00000000, 1.00000000, 1.00000000
0.484848484848, 0.515151515152, 0.91712263, 1.00000000, 1.00000000, 1.00000000
0.484848484848, 0.525252525253, 0.92845488, 1.00000000, 1.00000000, 1.00000000
0.484848484848, 0.535353535354, 0.94007760, 1.00000000, 1.00000000, 1.00000000
0.484848484848, 0.545454545455, 0.95194408, 1.00000000, 1.00000000, 1.00000000
0.484848484848, 0.555555555556, 0.96400661, 1.00000000, 1.00000000, 1.00000000
0.484848484848, 0.565656565657, 0.97621664, 1.00000000, 1.00000000, 1.00000000
0.484848484848, 0.575757575758, 0.98852501, 1.00000000, 1.00000000, 1.00000000
0.484848484848, 0.585858585859, 1.00088213, 1.00000000, 1.00000000, 1.00000000
0.484848484848, 0.595959595960, 1.01323817, 1.00000000, 1.00000000, 1.00000000
0.484848484848, 0.606060606061, 1.02554330, 1.00000000, 1.00000000, 1.00000000
0.484848484848, 0.616161616162, 1.03774786, 1.00000000, 1.00000000, 1.00000000
0.484848484848, 0.626262626263, 1.04980257, 1.00000000, 1.00000000, 1.00000000
0.484848484848, 0.636363636364, 1.06165874, 1.00000000, 1.00000000, 1.00000000
0.484848484848, 0.646464646465, 1.07326846, 1.00000000, 1.00000000, 1.00000000
0.484848484848, 0.656565656566, 1.08458480, 1.00000000, 1.00000000, 1.00000000
0.484848484848, 0.666666666667, 1.09556202, 1.00000000, 1.00000000, 1.00000000
0.484848484848, 0.676767676768, 1.10615570, 1.00000000, 1.00000000, 1.00000000
0.484848484848, 0.686868686869, 1.11632298, 1.00000000, 1.00000000, 1.00000000
0.484848484848, 0.696969696970, 1.12602274, 1.00000000, 1.00000000, 1.00000000
0.484848484848, 0.707070707071, 1.13521571, 1.00000000, 1.00000000, 1.00000000
0.484848484848, 0.717171717172, 1.14386467, 1.00000000, 1.00000000, 1.00000000
0.484848484848, 0.727272727273, 1.15193460, 1.00000000, 1.00000000, 1.00000000
0.484848484848, 0.737373737374, 1.15939284, 1.00000000, 1.00000000, 1.00000000
0.484848484848, 0.747474747475, 1.16620916, 1.00000000, 1.00000000, 1.00000000
0.484848484848, 0.757575757576, 1.17235598, 1.00000000, 1.00000000, 1.00000000
0.484848484848, 0.767676767677, 1.17780837, 1.00000000, 1.00000000, 1.00000000
0.484848484848, 0.777777777778, 1.18254426, 1.00000000, 1.00000000, 1.00000000
0.484848484848, 0.787878787879, 1.18654445, 1.00000000, 1.00000000, 1.00000000
0.484848484848, 0.797979797980, 1.18979272, 1.00000000, 1.00000000, 1.00000000
0.484848484848, 0.808080808081, 1.19227589, 1.00000000, 1.00000000, 1.00000000
0.484848484848, 0.818181818182, 1.19398386, 1.00000000, 1.00000000, 1.00000000
0.484848484848, 0.828282828283, 1.19490966, 1.00000000, 1.00000000, 1.00000000
0.484848484848, 0.838383838384, 1.19504950, 1.00000000, 1.00000000, 1.00000000
0.484848484848, 0.848484848485, 1.19440288, 1.00000000, 1.00000000, 1.00000000
0.484848484848, 0.858585858586, 1.19297249, 1.00000000, 1.00000000, 1.00000000
0.484848484848, 0.868686868687, 1.19076417, 1.00000000, 1.00000000, 1.00000000
0.484848484848, 0.878787878788, 1.18778692, 1.00000000, 1.00000000, 1.00000000
0.484848484848, 0.888888888889, 1.18405282, 1.00000000, 1.00000000, 1.00000000
0.484848484848, 0.898989898990, 1.17957704, 1.00000000, 1.00000000, 1.00000000
0.484848484848, 0.909090909091, 1.17437773, 1.00000000, 1.00000000, 1.00000000
0.484848484848, 0.919191919192, 1.16847598, 1.00000000, 1.00000000, 1.00000000
0.484848484848, 0.929292929293, 1.16189580, 1.00000000, 1.00000000, 1.00000000
0.484848484848, 0.939393939394, 1.15466423, 1.00000000, 1.00000000, 1.00000000
0.484848484848, 0.949494949495, 1.14681205, 1.00000000, 1.00000000, 1.00000000
0.484848484848, 0.959595959596, 1.13837615, 1.00000000, 1.00000000, 1.00000000
0.494949494949, -0.000000000000, 1.07892317, 1.00000000, 1.00000000, 1.00000000
0.494949494949, 0.010101010101, 1.06862711, 1.00000000, 1.00000000, 1.00000000
0.494949494949, 0.020202020202, 1.05846696, 1.00000000, 1.00000000, 1.00000000
0.494949494949, 0.030303030303, 1.04833123, 1.00000000, 1.00000000, 1.00000000
0.494949494949, 0.040404040404, 1.03801802, 1.00000000, 1.00000000, 1.00000000
0.494949494949, 0.050505050505, 1.02733088, 1.00000000, 1.00000000, 1.00000000
0.494949494949, 0.060606060606, 1.01616856, 1.00000000, 1.00000000, 1.00000000
0.494949494949, 0.070707070707, 1.00455588, 1.00000000, 1.00000000, 1.00000000
0.494949494949, 0.080808080808, 0.99261150, 1.00000000, 1.00000000, 1.00000000
0.494949494949, 0.090909090909, 0.98048897, 1.00000000, 1.00000000, 1.00000000
0.494949494949, 0.101010101010, 0.96832997, 1.00000000, 1.00000000, 1.00000000
0.494949494949, 0.111111111111, 0.95624521, 1.00000000, 1.00000000, 1.00000000
0.494949494949, 0.121212121212, 0.94431648, 1.00000000, 1.00000000, 1.00000000
0.494949494949, 0.131313131313, 0.93260651, 1.00000000, 1.00000000, 1.00000000
0.494949494949, 0.141414141414, 0.92116784, 1.00000000, 1.00000000, 1.00000000
0.494949494949, 0.151515151515, 0.91004814, 1.00000000, 1.00000000, 1.00000000
0.494949494949, 0.161616161616, 0.89929245, 1.00000000, 1.00000000, 1.00000000
0.494949494949, 0.171717171717, 0.88894399, 1.00000000, 1.00000000, 1.00000000
0.494949494949, 0.181818181818, 0.87904420, 1.00000000, 1.00000000, 1.00000000
0.494949494949, 0.191919191919, 0.86963268, 1.00000000, 1.00000000, 1.00000000
0.494949494949, 0.202020202020, 0.86074705, 1.00000000, 1.00000000, 1.00000000
0.494949494949, 0.212121212121, 0.85242280, 1.00000000, 1.00000000, 1.00000000
0.494949494949, 0.222222222222, 0.84469315, 1.00000000, 1.00000000, 1.00000000
0.494949494949, 0.232323232323, 0.83758892, 1.00000000, 1.00000000, 1.00000000
0.494949494949, 0.242424242424, 0.83113844, 1.00000000, 1.00000000, 1.00000000
0.494949494949, 0.252525252525, 0.82536739, 1.00000000, 1.00000000, 1.00000000
0.494949494949, 0.262626262626, 0.82029878, 1.00000000, 1.00000000, 1.00000000
0.494949494949, 0.272727272727, 0.81595279, 1.00000000, 1.00000000, 1.00000000
0.494949494949, 0.282828282828, 0.81234673, 1.00000000, 1.00000000, 1.00000000
0.494949494949, 0.292929292929, 0.80949500, 1.00000000, 1.00000000, 1.00000000
0.494949494949, 0.303030303030, 0.80740900, 1.00000000, 1.00000000, 1.00000000
0.494949494949, 0.313131313131, 0.80609712, 1.00000000, 1.00000000, 1.00000000
0.494949494949, 0.323232323232, 0.80556470, 1.00000000, 1.00000000, 1.00000000
0.494949494949, 0.333333333333, 0.80581387, 1.00000000, 1.00000000, 1.00000000
0.494949494949, 0.343434343434, 0.80684357, 1.00000000, 1.00000000, 1.00000000
0.494949494949, 0.353535353535, 0.80864966, 1.00000000, 1.00000000, 1.00000000
0.494949494949, 0.363636363636, 0.81122492, 1.00000000, 1.00000000, 1.00000000
0.494949494949, 0.373737373737, 0.81455912, 1.00000000, 1.00000000, 1.00000000
0.494949494949, 0.383838383838, 0.81863899, 1.00000000, 1.00000000, 1.00000000
0.494949494949, 0.393939393939, 0.82344832, 1.00000000, 1.00000000, 1.00000000
0.494949494949, 0.404040404040, 0.82896801, 1.00000000, 1.00000000, 1.00000000
0.494949494949, 0.414141414141, 0.83517608, 1.00000000, 1.00000000, 1.00000000
0.494949494949, 0.424242424242, 0.84204783, 1.00000000, 1.00000000, 1.00000000
0.494949494949, 0.434343434343, 0.84955589, 1.00000000, 1.00000000, 1.00000000
0.494949494949, 0.444444444444, 0.85767033, 1.00000000, 1.00000000, 1.00000000
0.494949494949, 0.454545454545, 0.86635875, 1.00000000, 1.00000000, 1.00000000
0.494949494949, 0.464646464646, 0.87558646, 1.00000000, 1.00000000, 1.00000000
0.494949494949, 0.474747474747, 0.88531657, 1.00000000, 1.00000000, 1.00000000
0.494949494949, 0.484848484848, 0.89551014, 1.00000000, 1.00000000, 1.00000000
0.494949494949, 0.494949494949, 0.90612634, 1.00000000, 1.00000000, 1.00000000
0.494949494949, 0.505050505051, 0.91712263, 1.00000000, 1.00000000, 1.00000000
0.494949494949, 0.515151515152, 0.92845488, 1.00000000, 1.00000000, 1.00000000
0.494949494949, 0.525252525253, 0.94007760, 1.00000000, 1.00000000, 1.00000000
0.494949494949, 0.535353535354, 0.95194408, 1.00000000, 1.00000000, 1.00000000
0.494949494949, 0.545454545455, 0.96400661, 1.00000000, 1.00000000, 1.00000000
0.494949494949, 0.555555555556, 0.97621664, 1.00000000, 1.00000000, 1.00000000
0.494949494949, 0.565656565657, 0.98852501, 1.00000000, 1.00000000, 1.00000000
0.494949494949, 0.575757575758, 1.00088213, 1.00000000, 1.00000000, 1.00000000
0.494949494949, 0.585858585859, 1.01323817, 1.00000000, 1.00000000, 1.00000000
0.494949494949, 0.595959595960, 1.02554330, 1.00000000, 1.00000000, 1.00000000
0.494949494949, 0.606060606061, 1.03774786, 1.00000000, 1.00000000, 1.00000000
0.494949494949, 0.616161616162, 1.04980257, 1.00000000, 1.00000000, 1.00000000
0.494949494949, 0.626262626263, 1.06165874, 1.00000000, 1.00000000, 1.00000000
0.494949494949, 0.636363636364, 1.07326846, 1.00000000, 1.00000000, 1.00000000
0.494949494949, 0.646464646465, 1.08458480, 1.00000000, 1.00000000, 1.00000000
0.494949494949, 0.656565656566, 1.09556202, 1.00000000, 1.00000000, 1.00000000
0.494949494949, 0.666666666667, 1.10615570, 1.00000000, 1.00000000, 1.00000000
0.494949494949, 0.676767676768, 1.11632298, 1.00000000, 1.00000000, 1.00000000
0.494949494949, 0.686868686869, 1.12602274, 1.00000000, 1.00000000, 1.00000000
0.494949494949, 0.696969696970, 1.13521571, 1.00000000, 1.00000000, 1.00000000
0.494949494949, 0.707070707071, 1.14386467, 1.00000000, 1.00000000, 1.00000000
0.494949494949, 0.717171717172, 1.15193460, 1.00000000, 1.00000000, 1.00000000
0.494949494949, 0.727272727273, 1.15939284, 1.00000000, 1.00000000, 1.00000000
0.494949494949, 0.737373737374, 1.16620916, 1.00000000, 1.00000000, 1.00000000
0.494949494949, 0.747474747475, 1.17235598, 1.00000000, 1.00000000, 1.00000000
0.494949494949, 0.757575757576, 1.17780837, 1.00000000, 1.00000000, 1.00000000
0.494949494949, 0.767676767677, 1.18254426, 1.00000000, 1.00000000, 1.00000000
0.494949494949, 0.777777777778, 1.18654445, 1.00000000, 1.00000000, 1.00000000
0.494949494949, 0.787878787879, 1.18979272, 1.00000000, 1.00000000, 1.00000000
0.494949494949, 0.797979797980, 1.19227589, 1.00000000, 1.00000000, 1.00000000
0.494949494949, 0.808080808081, 1.19398386, 1.00000000, 1.00000000, 1.00000000
0.494949494949, 0.818181818182, 1.19490966, 1.00000000, 1.00000000, 1.00000000
0.494949494949, 0.828282828283, 1.19504950, 1.00000000, 1.00000000, 1.00000000
0.494949494949, 0.838383838384, 1.19440288, 1.00000000, 1.00000000, 1.00000000
0.494949494949, 0.848484848485, 1.19297249, 1.00000000, 1.00000000, 1.00000000
0.494949494949, 0.858585858586, 1.19076417, 1.00000000, 1.00000000, 1.00000000
0.494949494949, 0.868686868687, 1.18778692, 1.00000000, 1.00000000, 1.00000000
0.494949494949, 0.878787878788, 1.18405282, 1.00000000, 1.00000000, 1.00000000
0.494949494949, 0.888888888889, 1.17957704, 1.00000000, 1.00000000, 1.00000000
0.494949494949, 0.898989898990, 1.17437773, 1.00000000, 1.00000000, 1.00000000
0.494949494949, 0.909090909091, 1.16847596, 1.00000000, 1.00000000, 1.00000000
0.494949494949, 0.919191919192, 1.16189569, 1.00000000, 1.00000000, 1.00000000
0.494949494949, 0.929292929293, 1.15466364, 1.00000000, 1.00000000, 1.00000000
0.494949494949, 0.939393939394, 1.14680953, 1.00000000, 1.00000000, 1.00000000
0.494949494949, 0.949494949495, 1.13836669, 1.00000000, 1.00000000, 1.00000000
0.494949494949, 0.959595959596, 1.12937454, 1.00000000, 1.00000000, 1.00000000
0.505050505051, -0.000000000000, 1.06743450, 1.00000000, 1.00000000, 1.00000000
0.505050505051, 0.010101010101, 1.05688373, 1.00000000, 1.00000000, 1.00000000
0.505050505051, 0.020202020202, 1.04651455, 1.00000000, 1.00000000, 1.00000000
0.505050505051, 0.030303030303, 1.03621306, 1.00000000, 1.00000000, 1.00000000
0.505050505051, 0.040404040404, 1.02577510, 1.00000000, 1.00000000, 1.00000000
0.505050505051, 0.050505050505, 1.01500301, 1.00000000, 1.00000000, 1.00000000
0.505050505051, 0.060606060606, 1.00379570, 1.00000000, 1.00000000, 1.00000000
0.505050505051, 0.070707070707, 0.99217940, 1.00000000, 1.00000000, 1.00000000
0.505050505051, 0.080808080808, 0.98027479, 1.00000000, 1.00000000, 1.00000000
0.505050505051, 0.090909090909, 0.96823742, 1.00000000, 1.00000000, 1.00000000
0.505050505051, 0.101010101010, 0.95621039, 1.00000000, 1.00000000, 1.00000000
0.505050505051, 0.111111111111, 0.94430510, 1.00000000, 1.00000000, 1.00000000
0.505050505051, 0.121212121212, 0.93260329, 1.00000000, 1.00000000, 1.00000000
0.505050505051, 0.131313131313, 0.92116705, 1.00000000, 1.00000000, 1.00000000
0.505050505051, 0.141414141414, 0.91004797, 1.00000000, 1.00000000, 1.00000000
0.505050505051, 0.151515151515, 0.89929243, 1.00000000, 1.00000000, 1.00000000
0.505050505051, 0.161616161616, 0.88894399, 1.00000000, 1.00000000, 1.00000000
0.505050505051, 0.171717171717, 0.87904420, 1.00000000, 1.00000000, 1.00000000
0.505050505051, 0.181818181818, 0.86963268, 1.00000000, 1.00000000, 1.00000000
0.505050505051, 0.191919191919, 0.86074705, 1.00000000, 1.00000000, 1.00000000
0.505050505051, 0.202020202020, 0.85242280, 1.00000000, 1.00000000, 1.00000000
0.505050505051, 0.212121212121, 0.84469315, 1.00000000, 1.00000000, 1.00000000
0.505050505051, 0.222222222222, 0.83758892, 1.00000000, 1.00000000, 1.00000000
0.505050505051, 0.232323232323, 0.83113844, 1.00000000, 1.00000000, 1.00000000
0.505050505051, 0.242424242424, 0.82536739, 1.00000000, 1.00000000, 1.00000000
0.505050505051, 0.252525252525, 0.82029878, 1.00000000, 1.00000000, 1.00000000
0.505050505051, 0.262626262626, 0.81595279, 1.00000000, 1.00000000, 1.00000000
0.505050505051, 0.272727272727, 0.81234673, 1.00000000, 1.00000000, 1.00000000
0.505050505051, 0.282828282828, 0.80949500, 1.00000000, 1.00000000, 1.00000000
0.505050505051, 0.292929292929, 0.80740900, 1.00000000, 1.00000000, 1.00000000
0.505050505051, 0.303030303030, 0.80609712, 1.00000000, 1.00000000, 1.00000000
0.505050505051, 0.313131313131, 0.80556470, 1.00000000, 1.00000000, 1.00000000
0.505050505051, 0.323232323232, 0.80581387, 1.00000000, 1.00000000, 1.00000000
0.505050505051, 0.333333333333, 0.80684357, 1.00000000, 1.00000000, 1.00000000
0.505050505051, 0.343434343434, 0.80864966, 1.00000000, 1.00000000, 1.00000000
0.505050505051, 0.353535353535, 0.81122492, 1.00000000, 1.00000000, 1.00000000
0.505050505051, 0.363636363636, 0.81455912, 1.00000000, 1.00000000, 1.00000000
0.505050505051, 0.373737373737, 0.81863899, 1.00000000, 1.00000000, 1.00000000
0.505050505051, 0.383838383838, 0.82344832, 1.00000000, 1.00000000, 1.00000000
0.505050505051, 0.393939393939, 0.82896801, 1.00000000, 1.00000000, 1.00000000
0.505050505051, 0.404040404040, 0.83517608, 1.00000000, 1.00000000, 1.00000000
0.505050505051, 0.414141414141, 0.84204783, 1.00000000, 1.00000000, 1.00000000
0.505050505051, 0.424242424242, 0.84955589, 1.00000000, 1.00000000, 1.00000000
0.505050505051, 0.434343434343, 0.85767033, 1.00000000, 1.00000000, 1.00000000
0.505050505051, 0.444444444444, 0.86635875, 1.00000000, 1.00000000, 1.00000000
0.505050505051, 0.454545454545, 0.87558646, 1.00000000, 1.00000000, 1.00000000
0.505050505051, 0.464646464646, 0.88531657, 1.00000000, 1.00000000, 1.00000000
0.505050505051, 0.474747474747, 0.89551014, 1.00000000, 1.00000000, 1.00000000
0.505050505051, 0.484848484848, 0.90612634, 1.00000000, 1.00000000, 1.00000000
0.505050505051, 0.494949494949, 0.91712263, 1.00000000, 1.00000000, 1.00000000
0.505050505051, 0.505050505051, 0.92845488, 1.00000000, 1.00000000, 1.00000000
0.505050505051, 0.515151515152, 0.94007760, 1.00000000, 1.00000000, 1.00000000
0.505050505051, 0.525252525253, 0.95194408, 1.00000000, 1.00000000, 1.00000000
0.505050505051, 0.535353535354, 0.96400661, 1.00000000, 1.00000000, 1.00000000
0.505050505051, 0.545454545455, 0.97621664, 1.00000000, 1.00000000, 1.00000000
0.505050505051, 0.555555555556, 0.98852501, 1.00000000, 1.00000000, 1.00000000
0.505050505051, 0.565656565657, 1.00088213, 1.00000000, 1.00000000, 1.00000000
0.505050505051, 0.575757575758, 1.01323817, 1.00000000, 1.00000000, 1.00000000
0.505050505051, 0.585858585859, 1.02554330, 1.00000000, 1.00000000, 1.00000000
0.505050505051, 0.595959595960, 1.03774786, 1.00000000, 1.00000000, 1.00000000
0.505050505051, 0.606060606061, 1.04980257, 1.00000000, 1.00000000, 1.00000000
0.505050505051, 0.616161616162, 1.06165874, 1.00000000, 1.00000000, 1.00000000
0.505050505051, 0.626262626263, 1.07326846, 1.00000000, 1.00000000, 1.00000000
0.505050505051, 0.636363636364, 1.08458480, 1.00000000, 1.00000000, 1.00000000
0.505050505051, 0.646464646465, 1.09556202, 1.00000000, 1.00000000, 1.00000000
0.505050505051, 0.656565656566, 1.10615570, 1.00000000, 1.00000000, 1.00000000
0.505050505051, 0.666666666667, 1.11632298, 1.00000000, 1.00000000, 1.00000000
0.505050505051, 0.676767676768, 1.12602274, 1.00000000, 1.00000000, 1.00000000
0.505050505051, 0.686868686869, 1.13521571, 1.00000000, 1.00000000, 1.00000000
0.505050505051, 0.696969696970, 1.14386467, 1.00000000, 1.00000000, 1.00000000
0.505050505051, 0.707070707071, 1.15193460, 1.00000000, 1.00000000, 1.00000000
0.505050505051, 0.717171717172, 1.15939284, 1.00000000, 1.00000000, 1.00000000
0.505050505051, 0.727272727273, 1.16620916, 1.00000000, 1.00000000, 1.00000000
0.505050505051, 0.737373737374, 1.17235598, 1.00000000, 1.00000000, 1.00000000
0.505050505051, 0.747474747475, 1.17780837, 1.00000000, 1.00000000, 1.00000000
0.505050505051, 0.757575757576, 1.18254426, 1.00000000, 1.00000000, 1.00000000
0.505050505051, 0.767676767677, 1.18654445, 1.00000000, 1.00000000, 1.00000000
0.505050505051, 0.777777777778, 1.18979272, 1.00000000, 1.00000000, 1.00000000
0.505050505051, 0.787878787879, 1.19227589, 1.00000000, 1.00000000, 1.00000000
0.505050505051, 0.797979797980, 1.19398386, 1.00000000, 1.00000000, 1.00000000
0.505050505051, 0.808080808081, 1.19490966, 1.00000000, 1.00000000, 1.00000000
0.505050505051, 0.818181818182, 1.19504950, 1.00000000, 1.00000000, 1.00000000
0.505050505051, 0.828282828283, 1.19440288, 1.00000000, 1.00000000, 1.00000000
0.505050505051, 0.838383838384, 1.19297249, 1.00000000, 1.00000000, 1.00000000
0.505050505051, 0.848484848485, 1.19076417, 1.00000000, 1.00000000, 1.00000000
0.505050505051, 0.858585858586, 1.18778692, 1.00000000, 1.00000000, 1.00000000
0.505050505051, 0.868686868687, 1.18405282, 1.00000000, 1.00000000, 1.00000000
0.505050505051, 0.878787878788, 1.17957704, 1.00000000, 1.00000000, 1.00000000
0.505050505051, 0.888888888889, 1.17437773, 1.00000000, 1.00000000, 1.00000000
0.505050505051, 0.898989898990, 1.16847596, 1.00000000, 1.00000000, 1.00000000
0.505050505051, 0.909090909091, 1.16189566, 1.00000000, 1.00000000, 1.00000000
0.505050505051, 0.919191919192, 1.15466352, 1.00000000, 1.00000000, 1.00000000
0.505050505051, 0.929292929293, 1.14680892, 1.00000000, 1.00000000, 1.00000000
0.505050505051, 0.939393939394, 1.13836408, 1.00000000, 1.00000000, 1.00000000
0.505050505051, 0.949494949495, 1.12936479, 1.00000000, 1.00000000, 1.00000000
0.505050505051, 0.959595959596, 1.11985279, 1.00000000, 1.00000000, 1.00000000
0.515151515152, -0.000000000000, 1.05567640, 1.00000000, 1.00000000, 1.00000000
0.515151515152, 0.010101010101, 1.04491348, 1.00000000, 1.00000000, 1.00000000
0.515151515152, 0.020202020202, 1.03437702, 1.00000000, 1.00000000, 1.00000000
0.515151515152, 0.030303030303, 1.02395121, 1.00000000, 1.00000000, 1.00000000
0.515151515152, 0.040404040404, 1.01343052, 1.00000000, 1.00000000, 1.00000000
0.515151515152, 0.050505050505, 1.00261689, 1.00000000, 1.00000000, 1.00000000
0.515151515152, 0.060606060606, 0.99140982, 1.00000000, 1.00000000, 1.00000000
0.515151515152, 0.070707070707, 0.97983679, 1.00000000, 1.00000000, 1.00000000
0.515151515152, 0.080808080808, 0.96801998, 1.00000000, 1.00000000, 1.00000000
0.515151515152, 0.090909090909, 0.95611627, 1.00000000, 1.00000000, 1.00000000
0.515151515152, 0.101010101010, 0.94426962, 1.00000000, 1.00000000, 1.00000000
0.515151515152, 0.111111111111, 0.93259167, 1.00000000, 1.00000000, 1.00000000
0.515151515152, 0.121212121212, 0.92116376, 1.00000000, 1.00000000, 1.00000000
0.515151515152, 0.131313131313, 0.91004717, 1.00000000, 1.00000000, 1.00000000
0.515151515152, 0.141414141414, 0.89929226, 1.00000000, 1.00000000, 1.00000000
0.515151515152, 0.151515151515, 0.88894396, 1.00000000, 1.00000000, 1.00000000
0.515151515152, 0.161616161616, 0.87904420, 1.00000000, 1.00000000, 1.00000000
0.515151515152, 0.171717171717, 0.86963268, 1.00000000, 1.00000000, 1.00000000
0.515151515152, 0.181818181818, 0.86074705, 1.00000000, 1.00000000, 1.00000000
0.515151515152, 0.191919191919, 0.85242280, 1.00000000, 1.00000000, 1.00000000
0.515151515152, 0.202020202020, 0.84469315, 1.00000000, 1.00000000, 1.00000000
0.515151515152, 0.212121212121, 0.83758892, 1.00000000, 1.00000000, 1.00000000
0.515151515152, 0.222222222222, 0.83113844, 1.00000000, 1.00000000, 1.00000000
0.515151515152, 0.232323232323, 0.82536739, 1.00000000, 1.00000000, 1.00000000
0.515151515152, 0.242424242424, 0.82029878, 1.00000000, 1.00000000, 1.00000000
0.515151515152, 0.252525252525, 0.81595279, 1.00000000, 1.00000000, 1.00000000
0.515151515152, 0.262626262626, 0.81234673, 1.00000000, 1.00000000, 1.00000000
0.515151515152, 0.272727272727, 0.80949500, 1.00000000, 1.00000000, 1.00000000
0.515151515152, 0.282828282828, 0.80740900, 1.00000000, 1.00000000, 1.00000000
0.515151515152, 0.292929292929, 0.80609712, 1.00000000, 1.00000000, 1.00000000
0.515151515152, 0.303030303030, 0.80556470, 1.00000000, 1.00000000, 1.00000000
0.515151515152, 0.313131313131, 0.80581387, 1.00000000, 1.00000000, 1.00000000
0.515151515152, 0.323232323232, 0.80684357, 1.00000000, 1.00000000, 1.00000000
0.515151515152, 0.333333333333, 0.80864966, 1.00000000, 1.00000000, 1.00000000
0.515151515152, 0.343434343434, 0.81122492, 1.00000000, 1.00000000, 1.00000000
0.515151515152, 0.353535353535, 0.81455912, 1.00000000, 1.00000000, 1.00000000
0.515151515152, 0.363636363636, 0.81863899, 1.00000000, 1.00000000, 1.00000000
0.515151515152, 0.373737373737, 0.82344832, 1.00000000, 1.00000000, 1.00000000
0.515151515152, 0.383838383838, 0.82896801, 1.00000000, 1.00000000, 1.00000000
0.515151515152, 0.393939393939, 0.83517608, 1.00000000, 1.00000000, 1.00000000
0.515151515152, 0.404040404040, 0.84204783, 1.00000000, 1.00000000, 1.00000000
0.515151515152, 0.414141414141, 0.84955589, 1.00000000, 1.00000000, 1.00000000
0.515151515152, 0.424242424242, 0.85767033, 1.00000000, 1.00000000, 1.00000000
0.515151515152, 0.434343434343, 0.86635875, 1.00000000, 1.00000000, 1.00000000
0.515151515152, 0.444444444444, 0.87558646, 1.00000000, 1.00000000, 1.00000000
0.515151515152, 0.454545454545, 0.88531657, 1.00000000, 1.00000000, 1.00000000
0.515151515152, 0.464646464646, 0.89551014, 1.00000000, 1.00000000, 1.00000000
0.515151515152, 0.474747474747, 0.90612634, 1.00000000, 1.00000000, 1.00000000
0.515151515152, 0.484848484848, 0.91712263, 1.00000000, 1.00000000, 1.00000000
0.515151515152, 0.494949494949, 0.92845488, 1.00000000, 1.00000000, 1.00000000
0.515151515152, 0.505050505051, 0.94007760, 1.00000000, 1.00000000, 1.00000000
0.515151515152, 0.515151515152, 0.95194408, 1.00000000, 1.00000000, 1.00000000
0.515151515152, 0.525252525253, 0.96400661, 1.00000000, 1.00000000, 1.00000000
0.515151515152, 0.535353535354, 0.97621664, 1.00000000, 1.00000000, 1.00000000
0.515151515152, 0.545454545455, 0.98852501, 1.00000000, 1.00000000, 1.00000000
0.515151515152, 0.555555555556, 1.00088213, 1.00000000, 1.00000000, 1.00000000
0.515151515152, 0.565656565657, 1.01323817, 1.00000000, 1.00000000, 1.00000000
0.515151515152, 0.575757575758, 1.02554330, 1.00000000, 1.00000000, 1.00000000
0.515151515152, 0.585858585859, 1.03774786, 1.00000000, 1.00000000, 1.00000000
0.515151515152, 0.595959595960, 1.04980257, 1.00000000, 1.00000000, 1.00000000
0.515151515152, 0.606060606061, 1.06165874, 1.00000000, 1.00000000, 1.00000000
0.515151515152, 0.616161616162, 1.07326846, 1.00000000, 1.00000000, 1.00000000
0.515151515152, 0.626262626263, 1.08458480, 1.00000000, 1.00000000, 1.00000000
0.515151515152, 0.636363636364, 1.09556202, 1.00000000, 1.00000000, 1.00000000
0.515151515152, 0.646464646465, 1.10615570, 1.00000000, 1.00000000, 1.00000000
0.515151515152, 0.656565656566, 1.11632298, 1.00000000, 1.00000000, 1.00000000
0.515151515152, 0.666666666667, 1.12602274, 1.00000000, 1.00000000, 1.00000000
0.515151515152, 0.676767676768, 1.13521571, 1.00000000, 1.00000000, 1.00000000
0.515151515152, 0.686868686869, 1.14386467, 1.00000000, 1.00000000, 1.00000000
0.515151515152, 0.696969696970, 1.15193460, 1.00000000, 1.00000000, 1.00000000
0.515151515152, 0.707070707071, 1.15939284, 1.00000000, 1.00000000, 1.00000000
0.515151515152, 0.717171717172, 1.16620916, 1.00000000, 1.00000000, 1.00000000
0.515151515152, 0.727272727273, 1.17235598, 1.00000000, 1.00000000, 1.00000000
0.515151515152, 0.737373737374, 1.17780837, 1.00000000, 1.00000000, 1.00000000
0.515151515152, 0.747474747475, 1.18254426, 1.00000000, 1.00000000, 1.00000000
0.515151515152, 0.757575757576, 1.18654445, 1.00000000, 1.00000000, 1.00000000
0.515151515152, 0.767676767677, 1.18979272, 1.00000000, 1.00000000, 1.00000000
0.515151515152, 0.777777777778, 1.19227589, 1.00000000, 1.00000000, 1.00000000
0.515151515152, 0.787878787879, 1.19398386, 1.00000000, 1.00000000, 1.00000000
0.515151515152, 0.797979797980, 1.19490966, 1.00000000, 1.00000000, 1.00000000
0.515151515152, 0.808080808081, 1.19504950, 1.00000000, 1.00000000, 1.00000000
0.515151515152, 0.818181818182, 1.19440288, 1.00000000, 1.00000000, 1.00000000
0.515151515152, 0.828282828283, 1.19297249, 1.00000000, 1.00000000, 1.00000000
0.515151515152, 0.838383838384, 1.19076417, 1.00000000, 1.00000000, 1.00000000
0.515151515152, 0.848484848485, 1.18778692, 1.00000000, 1.00000000, 1.00000000
0.515151515152, 0.858585858586, 1.18405282, 1.00000000, 1.00000000, 1.00000000
0.515151515152, 0.868686868687, 1.17957704, 1.00000000, 1.00000000, 1.00000000
0.515151515152, 0.878787878788, 1.17437773, 1.00000000, 1.00000000, 1.00000000
0.515151515152, 0.888888888889, 1.16847596, 1.00000000, 1.00000000, 1.00000000
0.515151515152, 0.898989898990, 1.16189566, 1.00000000, 1.00000000, 1.00000000
0.515151515152, 0.909090909091, 1.15466350, 1.00000000, 1.00000000, 1.00000000
0.515151515152, 0.919191919192, 1.14680879, 1.00000000, 1.00000000, 1.00000000
0.515151515152, 0.929292929293, 1.13836345, 1.00000000, 1.00000000, 1.00000000
0.515151515152, 0.939393939394, 1.12936209, 1.00000000, 1.00000000, 1.00000000
0.515151515152, 0.949494949495, 1.11984278, 1.00000000, 1.00000000, 1.00000000
0.515151515152, 0.959595959596, 1.10984947, 1.00000000, 1.00000000, 1.00000000
0.525252525253, -0.000000000000, 1.04369634, 1.00000000, 1.00000000, 1.00000000
0.525252525253, 0.010101010101, 1.03276466, 1.00000000, 1.00000000, 1.00000000
0.525252525253, 0.020202020202, 1.02210334, 1.00000000, 1.00000000, 1.00000000
0.525252525253, 0.030303030303, 1.01159515, 1.00000000, 1.00000000, 1.00000000
0.525252525253, 0.040404040404, 1.00103409, 1.00000000, 1.00000000, 1.00000000
0.525252525253, 0.050505050505, 0.99022251, 1.00000000, 1.00000000, 1.00000000
0.525252525253, 0.060606060606, 0.97906089, 1.00000000, 1.00000000, 1.00000000
0.525252525253, 0.070707070707, 0.96757780, 1.00000000, 1.00000000, 1.00000000
0.525252525253, 0.080808080808, 0.95589641, 1.00000000, 1.00000000, 1.00000000
0.525252525253, 0.090909090909, 0.94417428, 1.00000000, 1.00000000, 1.00000000
0.525252525253, 0.101010101010, 0.93255565, 1.00000000, 1.00000000, 1.00000000
0.525252525253, 0.111111111111, 0.92115194, 1.00000000, 1.00000000, 1.00000000
0.525252525253, 0.121212121212, 0.91004381, 1.00000000, 1.00000000, 1.00000000
0.525252525253, 0.131313131313, 0.89929144, 1.00000000, 1.00000000, 1.00000000
0.525252525253, 0.141414141414, 0.88894379, 1.00000000, 1.00000000, 1.00000000
0.525252525253, 0.151515151515, 0.87904417, 1.00000000, 1.00000000, 1.00000000
0.525252525253, 0.161616161616, 0.86963268, 1.00000000, 1.00000000, 1.00000000
0.525252525253, 0.171717171717, 0.86074705, 1.00000000, 1.00000000, 1.00000000
0.525252525253, 0.181818181818, 0.85242280, 1.00000000, 1.00000000, 1.00000000
0.525252525253, 0.191919191919, 0.84469315, 1.00000000, 1.00000000, 1.00000000
0.525252525253, 0.202020202020, 0.83758892, 1.00000000, 1.00000000, 1.00000000
0.525252525253, 0.212121212121, 0.83113844, 1.00000000, 1.00000000, 1.00000000
0.525252525253, 0.222222222222, 0.82536739, 1.00000000, 1.00000000, 1.00000000
0.525252525253, 0.232323232323, 0.82029878, 1.00000000, 1.00000000, 1.00000000
0.525252525253, 0.242424242424, 0.81595279, 1.00000000, 1.00000000, 1.00000000
0.525252525253, 0.252525252525, 0.81234673, 1.00000000, 1.00000000, 1.00000000
0.525252525253, 0.262626262626, 0.80949500, 1.00000000, 1.00000000, 1.00000000
0.525252525253, 0.272727272727, 0.80740900, 1.00000000, 1.00000000, 1.00000000
0.525252525253, 0.282828282828, 0.80609712, 1.00000000, 1.00000000, 1.00000000
0.525252525253, 0.292929292929, 0.80556470, 1.00000000, 1.00000000, 1.00000000
0.525252525253, 0.303030303030, 0.80581387, 1.00000000, 1.00000000, 1.00000000
0.525252525253, 0.313131313131, 0.80684357, 1.00000000, 1.00000000, 1.00000000
0.525252525253, 0.323232323232, 0.80864966, 1.00000000, 1.00000000, 1.00000000
0.525252525253, 0.333333333333, 0.81122492, 1.00000000, 1.00000000, 1.00000000
0.525252525253, 0.343434343434, 0.81455912, 1.00000000, 1.00000000, 1.00000000
0.525252525253, 0.353535353535, 0.81863899, 1.00000000, 1.00000000, 1.00000000
0.525252525253, 0.363636363636, 0.82344832, 1.00000000, 1.00000000, 1.00000000
0.525252525253, 0.373737373737, 0.82896801, 1.00000000, 1.00000000, 1.00000000
0.525252525253, 0.383838383838, 0.83517608, 1.00000000, 1.00000000, 1.00000000
0.525252525253, 0.393939393939, 0.84204783, 1.00000000, 1.00000000, 1.00000000
0.525252525253, 0.404040404040, 0.84955589, 1.00000000, 1.00000000, 1.00000000
0.525252525253, 0.414141414141, 0.85767033, 1.00000000, 1.00000000, 1.00000000
0.525252525253, 0.424242424242, 0.86635875, 1.00000000, 1.00000000, 1.00000000
0.525252525253, 0.434343434343, 0.87558646, 1.00000000, 1.00000000, 1.00000000
0.525252525253, 0.444444444444, 0.88531657, 1.00000000, 1.00000000, 1.00000000
0.525252525253, 0.454545454545, 0.89551014, 1.00000000, 1.00000000, 1.00000000
0.525252525253, 0.464646464646, 0.90612634, 1.00000000, 1.00000000, 1.00000000
0.525252525253, 0.474747474747, 0.91712263, 1.00000000, 1.00000000, 1.00000000
0.525252525253, 0.484848484848, 0.92845488, 1.00000000, 1.00000000, 1.00000000
0.525252525253, 0.494949494949, 0.94007760, 1.00000000, 1.00000000, 1.00000000
0.525252525253, 0.505050505051, 0.95194408, 1.00000000, 1.00000000, 1.00000000
0.525252525253, 0.515151515152, 0.96400661, 1.00000000, 1.00000000, 1.00000000
0.525252525253, 0.525252525253, 0.97621664, 1.00000000, 1.00000000, 1.00000000
0.525252525253, 0.535353535354, 0.98852501, 1.00000000, 1.00000000, 1.00000000
0.525252525253, 0.545454545455, 1.00088213, 1.00000000, 1.00000000, 1.00000000
0.525252525253, 0.555555555556, 1.01323817, 1.00000000, 1.00000000, 1.00000000
0.525252525253, 0.565656565657, 1.02554330, 1.00000000, 1.00000000, 1.00000000
0.525252525253, 0.575757575758, 1.03774786, 1.00000000, 1.00000000, 1.00000000
0.525252525253, 0.585858585859, 1.04980257, 1.00000000, 1.00000000, 1.00000000
0.525252525253, 0.595959595960, 1.06165874, 1.00000000, 1.00000000, 1.00000000
0.525252525253, 0.606060606061, 1.07326846, 1.00000000, 1.00000000, 1.00000000
0.525252525253, 0.616161616162, 1.08458480, 1.00000000, 1.00000000, 1.00000000
0.525252525253, 0.626262626263, 1.09556202, 1.00000000, 1.00000000, 1.00000000
0.525252525253, 0.636363636364, 1.10615570, 1.00000000, 1.00000000, 1.00000000
0.525252525253, 0.646464646465, 1.11632298, 1.00000000, 1.00000000, 1.00000000
0.525252525253, 0.656565656566, 1.12602274, 1.00000000, 1.00000000, 1.00000000
0.525252525253, 0.666666666667, 1.13521571, 1.00000000, 1.00000000, 1.00000000
0.525252525253, 0.676767676768, 1.14386467, 1.00000000, 1.00000000, 1.00000000
0.525252525253, 0.686868686869, 1.15193460, 1.00000000, 1.00000000, 1.00000000
0.525252525253, 0.696969696970, 1.15939284, 1.00000000, 1.00000000, 1.00000000
0.525252525253, 0.707070707071, 1.16620916, 1.00000000, 1.00000000, 1.00000000
0.525252525253, 0.717171717172, 1.17235598, 1.00000000, 1.00000000, 1.00000000
0.525252525253, 0.727272727273, 1.17780837, 1.00000000, 1.00000000, 1.00000000
0.525252525253, 0.737373737374, 1.18254426, 1.00000000, 1.00000000, 1.00000000
0.525252525253, 0.747474747475, 1.18654445, 1.00000000, 1.00000000, 1.00000000
0.525252525253, 0.757575757576, 1.18979272, 1.00000000, 1.00000000, 1.00000000
0.525252525253, 0.767676767677, 1.19227589, 1.00000000, 1.00000000, 1.00000000
0.525252525253, 0.777777777778, 1.19398386, 1.00000000, 1.00000000, 1.00000000
0.525252525253, 0.787878787879, 1.19490966, 1.00000000, 1.00000000, 1.00000000
0.525252525253, 0.797979797980, 1.19504950, 1.00000000, 1.00000000, 1.00000000
0.525252525253, 0.808080808081, 1.19440288, 1.00000000, 1.00000000, 1.00000000
0.525252525253, 0.818181818182, 1.19297249, 1.00000000, 1.00000000, 1.00000000
0.525252525253, 0.828282828283, 1.19076417, 1.00000000, 1.00000000, 1.00000000
0.525252525253, 0.838383838384, 1.18778692, 1.00000000, 1.00000000, 1.00000000
0.525252525253, 0.848484848485, 1.18405282, 1.00000000, 1.00000000, 1.00000000
0.525252525253, 0.858585858586, 1.17957704, 1.00000000, 1.00000000, 1.00000000
0.525252525253, 0.868686868687, 1.17437773, 1.00000000, 1.00000000, 1.00000000
0.525252525253, 0.878787878788, 1.16847596, 1.00000000, 1.00000000, 1.00000000
0.525252525253, 0.888888888889, 1.16189566, 1.00000000, 1.00000000, 1.00000000
0.525252525253, 0.898989898990, 1.15466350, 1.00000000, 1.00000000, 1.00000000
0.525252525253, 0.909090909091, 1.14680877, 1.00000000, 1.00000000, 1.00000000
0.525252525253, 0.919191919192, 1.13836332, 1.00000000, 1.00000000, 1.00000000
0.525252525253, 0.929292929293, 1.12936144, 1.00000000, 1.00000000, 1.00000000
0.525252525253, 0.939393939394, 1.11984001, 1.00000000, 1.00000000, 1.00000000
0.525252525253, 0.949494949495, 1.10983921, 1.00000000, 1.00000000, 1.00000000
0.525252525253, 0.959595959596, 1.09940504, 1.00000000, 1.00000000, 1.00000000
0.535353535354, -0.000000000000, 1.03154262, 1.00000000, 1.00000000, 1.00000000
0.535353535354, 0.010101010101, 1.02048626, 1.00000000, 1.00000000, 1.00000000
0.535353535354, 0.020202020202, 1.00974300, 1.00000000, 1.00000000, 1.00000000
0.535353535354, 0.030303030303, 0.99919474, 1.00000000, 1.00000000, 1.00000000
0.535353535354, 0.040404040404, 0.98863583, 1.00000000, 1.00000000, 1.00000000
0.535353535354, 0.050505050505, 0.97786988, 1.00000000, 1.00000000, 1.00000000
0.535353535354, 0.060606060606, 0.96679870, 1.00000000, 1.00000000, 1.00000000
0.535353535354, 0.070707070707, 0.95545182, 1.00000000, 1.00000000, 1.00000000
0.535353535354, 0.080808080808, 0.94395287, 1.00000000, 1.00000000, 1.00000000
0.535353535354, 0.090909090909, 0.93245947, 1.00000000, 1.00000000, 1.00000000
0.535353535354, 0.101010101010, 0.92111554, 1.00000000, 1.00000000, 1.00000000
0.535353535354, 0.111111111111, 0.91003184, 1.00000000, 1.00000000, 1.00000000
0.535353535354, 0.121212121212, 0.89928803, 1.00000000, 1.00000000, 1.00000000
0.535353535354, 0.131313131313, 0.88894295, 1.00000000, 1.00000000, 1.00000000
0.535353535354, 0.141414141414, 0.87904399, 1.00000000, 1.00000000, 1.00000000
0.535353535354, 0.151515151515, 0.86963265, 1.00000000, 1.00000000, 1.00000000
0.535353535354, 0.161616161616, 0.86074705, 1.00000000, 1.00000000, 1.00000000
0.535353535354, 0.171717171717, 0.85242280, 1.00000000, 1.00000000, 1.00000000
0.535353535354, 0.181818181818, 0.84469315, 1.00000000, 1.00000000, 1.00000000
0.535353535354, 0.191919191919, 0.83758892, 1.00000000, 1.00000000, 1.00000000
0.535353535354, 0.202020202020, 0.83113844, 1.00000000, 1.00000000, 1.00000000
0.535353535354, 0.212121212121, 0.82536739, 1.00000000, 1.00000000, 1.00000000
0.535353535354, 0.222222222222, 0.82029878, 1.00000000, 1.00000000, 1.00000000
0.535353535354, 0.232323232323, 0.81595279, 1.00000000, 1.00000000, 1.00000000
0.535353535354, 0.242424242424, 0.81234673, 1.00000000, 1.00000000, 1.00000000
0.535353535354, 0.252525252525, 0.80949500, 1.00000000, 1.00000000, 1.00000000
0.535353535354, 0.262626262626, 0.80740900, 1.00000000, 1.00000000, 1.00000000
0.535353535354, 0.272727272727, 0.80609712, 1.00000000, 1.00000000, 1.00000000
0.535353535354, 0.282828282828, 0.80556470, 1.00000000, 1.00000000, 1.00000000
0.535353535354, 0.292929292929, 0.80581387, 1.00000000, 1.00000000, 1.00000000
0.535353535354, 0.303030303030, 0.80684357, 1.00000000, 1.00000000, 1.00000000
0.535353535354, 0.313131313131, 0.80864966, 1.00000000, 1.00000000, 1.00000000
0.535353535354, 0.323232323232, 0.81122492, 1.00000000, 1.00000000, 1.00000000
0.535353535354, 0.333333333333, 0.81455912, 1.00000000, 1.00000000, 1.00000000
0.535353535354, 0.343434343434, 0.81863899, 1.00000000, 1.00000000, 1.00000000
0.535353535354, 0.353535353535, 0.82344832, 1.00000000, 1.00000000, 1.00000000
0.535353535354, 0.363636363636, 0.82896801, 1.00000000, 1.00000000, 1.00000000
0.535353535354, 0.373737373737, 0.83517608, 1.00000000, 1.00000000, 1.00000000
0.535353535354, 0.383838383838, 0.84204783, 1.00000000, 1.00000000, 1.00000000
0.535353535354, 0.393939393939, 0.84955589, 1.00000000, 1.00000000, 1.00000000
0.535353535354, 0.404040404040, 0.85767033, 1.00000000, 1.00000000, 1.00000000
0.535353535354, 0.414141414141, 0.86635875, 1.00000000, 1.00000000, 1.00000000
0.535353535354, 0.424242424242, 0.87558646, 1.00000000, 1.00000000, 1.00000000
0.535353535354, 0.434343434343, 0.88531657, 1.00000000, 1.00000000, 1.00000000
0.535353535354, 0.444444444444, 0.89551014, 1.00000000, 1.00000000, 1.00000000
0.535353535354, 0.454545454545, 0.90612634, 1.00000000, 1.00000000, 1.00000000
0.535353535354, 0.464646464646, 0.91712263, 1.00000000, 1.00000000, 1.00000000
0.535353535354, 0.474747474747, 0.92845488, 1.00000000, 1.00000000, 1.00000000
0.535353535354, 0.484848484848, 0.94007760, 1.00000000, 1.00000000, 1.00000000
0.535353535354, 0.494949494949, 0.95194408, 1.00000000, 1.00000000, 1.00000000
0.535353535354, 0.505050505051, 0.96400661, 1.00000000, 1.00000000, 1.00000000
0.535353535354, 0.515151515152, 0.97621664, 1.00000000, 1.00000000, 1.00000000
0.535353535354, 0.525252525253, 0.98852501, 1.00000000, 1.00000000, 1.00000000
0.535353535354, 0.535353535354, 1.00088213, 1.00000000, 1.00000000, 1.00000000
0.535353535354, 0.545454545455, 1.01323817, 1.00000000, 1.00000000, 1.00000000
0.535353535354, 0.555555555556, 1.02554330, 1.00000000, 1.00000000, 1.00000000
0.535353535354, 0.565656565657, 1.03774786, 1.00000000, 1.00000000, 1.00000000
0.535353535354, 0.575757575758, 1.04980257, 1.00000000, 1.00000000, 1.00000000
0.535353535354, 0.585858585859, 1.06165874, 1.00000000, 1.00000000, 1.00000000
0.535353535354, 0.595959595960, 1.07326846, 1.00000000, 1.00000000, 1.00000000
0.535353535354, 0.606060606061, 1.08458480, 1.00000000, 1.00000000, 1.00000000
0.535353535354, 0.616161616162, 1.09556202, 1.00000000, 1.00000000, 1.00000000
0.535353535354, 0.626262626263, 1.10615570, 1.00000000, 1.00000000, 1.00000000
0.535353535354, 0.636363636364, 1.11632298, 1.00000000, 1.00000000, 1.00000000
0.535353535354, 0.646464646465, 1.12602274, 1.00000000, 1.00000000, 1.00000000
0.535353535354, 0.656565656566, 1.13521571, 1.00000000, 1.00000000, 1.00000000
0.535353535354, 0.666666666667, 1.14386467, 1.00000000, 1.00000000, 1.00000000
0.535353535354, 0.676767676768, 1.15193460, 1.00000000, 1.00000000, 1.00000000
0.535353535354, 0.686868686869, 1.15939284, 1.00000000, 1.00000000, 1.00000000
0.535353535354, 0.696969696970, 1.16620916, 1.00000000, 1.00000000, 1.00000000
0.535353535354, 0.707070707071, 1.17235598, 1.00000000, 1.00000000, 1.00000000
0.535353535354, 0.717171717172, 1.17780837, 1.00000000, 1.00000000, 1.00000000
0.535353535354, 0.727272727273, 1.18254426, 1.00000000, 1.00000000, 1.00000000
0.535353535354, 0.737373737374, 1.18654445, 1.00000000, 1.00000000, 1.00000000
0.535353535354, 0.747474747475, 1.18979272, 1.00000000, 1.00000000, 1.00000000
0.535353535354, 0.757575757576, 1.19227589, 1.00000000, 1.00000000, 1.00000000
0.535353535354, 0.767676767677, 1.19398386, 1.00000000, 1.00000000, 1.00000000
0.535353535354, 0.777777777778, 1.19490966, 1.00000000, 1.00000000, 1.00000000
0.535353535354, 0.787878787879, 1.19504950, 1.00000000, 1.00000000, 1.00000000
0.535353535354, 0.797979797980, 1.19440288, 1.00000000, 1.00000000, 1.00000000
0.535353535354, 0.808080808081, 1.19297249, 1.00000000, 1.00000000, 1.00000000
0.535353535354, 0.818181818182, 1.19076417, 1.00000000, 1.00000000, 1.00000000
0.535353535354, 0.828282828283, 1.18778692, 1.00000000, 1.00000000, 1.00000000
0.535353535354, 0.838383838384, 1.18405282, 1.00000000, 1.00000000, 1.00000000
0.535353535354, 0.848484848485, 1.17957704, 1.00000000, 1.00000000, 1.00000000
0.535353535354, 0.858585858586, 1.17437773, 1.00000000, 1.00000000, 1.00000000
0.535353535354, 0.868686868687, 1.16847596, 1.00000000, 1.00000000, 1.00000000
0.535353535354, 0.878787878788, 1.16189566, 1.00000000, 1.00000000, 1.00000000
0.535353535354, 0.888888888889, 1.15466350, 1.00000000, 1.00000000, 1.00000000
0.535353535354, 0.898989898990, 1.14680877, 1.00000000, 1.00000000, 1.00000000
0.535353535354, 0.909090909091, 1.13836330, 1.00000000, 1.00000000, 1.00000000
0.535353535354, 0.919191919192, 1.12936131, 1.00000000, 1.00000000, 1.00000000
0.535353535354, 0.929292929293, 1.11983934, 1.00000000, 1.00000000, 1.00000000
0.535353535354, 0.939393939394, 1.10983637, 1.00000000, 1.00000000, 1.00000000
0.535353535354, 0.949494949495, 1.09939457, 1.00000000, 1.00000000, 1.00000000
0.535353535354, 0.959595959596, 1.08856175, 1.00000000, 1.00000000, 1.00000000
0.545454545455, -0.000000000000, 1.01926426, 1.00000000, 1.00000000, 1.00000000
0.545454545455, 0.010101010101, 1.00812775, 1.00000000, 1.00000000, 1.00000000
0.545454545455, 0.020202020202, 0.99734582, 1.00000000, 1.00000000, 1.00000000
0.545454545455, 0.030303030303, 0.98679996, 1.00000000, 1.00000000, 1.00000000
0.545454545455, 0.040404040404, 0.97628575, 1.00000000, 1.00000000, 1.00000000
0.545454545455, 0.050505050505, 0.96560881, 1.00000000, 1.00000000, 1.00000000
0.545454545455, 0.060606060606, 0.95467266, 1.00000000, 1.00000000, 1.00000000
0.545454545455, 0.070707070707, 0.94350767, 1.00000000, 1.00000000, 1.00000000
0.545454545455, 0.080808080808, 0.93223741, 1.00000000, 1.00000000, 1.00000000
0.545454545455, 0.090909090909, 0.92101890, 1.00000000, 1.00000000, 1.00000000
0.545454545455, 0.101010101010, 0.90999519, 1.00000000, 1.00000000, 1.00000000
0.545454545455, 0.111111111111, 0.89927595, 1.00000000, 1.00000000, 1.00000000
0.545454545455, 0.121212121212, 0.88893950, 1.00000000, 1.00000000, 1.00000000
0.545454545455, 0.131313131313, 0.87904314, 1.00000000, 1.00000000, 1.00000000
0.545454545455, 0.141414141414, 0.86963247, 1.00000000, 1.00000000, 1.00000000
0.545454545455, 0.151515151515, 0.86074702, 1.00000000, 1.00000000, 1.00000000
0.545454545455, 0.161616161616, 0.85242280, 1.00000000, 1.00000000, 1.00000000
0.545454545455, 0.171717171717, 0.84469315, 1.00000000, 1.00000000, 1.00000000
0.545454545455, 0.181818181818, 0.83758892, 1.00000000, 1.00000000, 1.00000000
0.545454545455, 0.191919191919, 0.83113844, 1.00000000, 1.00000000, 1.00000000
0.545454545455, 0.202020202020, 0.82536739, 1.00000000, 1.00000000, 1.00000000
0.545454545455, 0.212121212121, 0.82029878, 1.00000000, 1.00000000, 1.00000000
0.545454545455, 0.222222222222, 0.81595279, 1.00000000, 1.00000000, 1.00000000
0.545454545455, 0.232323232323, 0.81234673, 1.00000000, 1.00000000, 1.00000000
0.545454545455, 0.242424242424, 0.80949500, 1.00000000, 1.00000000, 1.00000000
0.545454545455, 0.252525252525, 0.80740900, 1.00000000, 1.00000000, 1.00000000
0.545454545455, 0.262626262626, 0.80609712, 1.00000000, 1.00000000, 1.00000000
0.545454545455, 0.272727272727, 0.80556470, 1.00000000, 1.00000000, 1.00000000
0.545454545455, 0.282828282828, 0.80581387, 1.00000000, 1.00000000, 1.00000000
0.545454545455, 0.292929292929, 0.80684357, 1.00000000, 1.00000000, 1.00000000
0.545454545455, 0.303030303030, 0.80864966, 1.00000000, 1.00000000, 1.00000000
0.545454545455, 0.313131313131, 0.81122492, 1.00000000, 1.00000000, 1.00000000
0.545454545455, 0.323232323232, 0.81455912, 1.00000000, 1.00000000, 1.00000000
0.545454545455, 0.333333333333, 0.81863899, 1.00000000, 1.00000000, 1.00000000
0.545454545455, 0.343434343434, 0.82344832, 1.00000000, 1.00000000, 1.00000000
0.545454545455, 0.353535353535, 0.82896801, 1.00000000, 1.00000000, 1.00000000
0.545454545455, 0.363636363636, 0.83517608, 1.00000000, 1.00000000, 1.00000000
0.545454545455, 0.373737373737, 0.84204783, 1.00000000, 1.00000000, 1.00000000
0.545454545455, 0.383838383838, 0.84955589, 1.00000000, 1.00000000, 1.00000000
0.545454545455, 0.393939393939, 0.85767033, 1.00000000, 1.00000000, 1.00000000
0.545454545455, 0.404040404040, 0.86635875, 1.00000000, 1.00000000, 1.00000000
0.545454545455, 0.414141414141, 0.87558646, 1.00000000, 1.00000000, 1.00000000
0.545454545455, 0.424242424242, 0.88531657, 1.00000000, 1.00000000, 1.00000000
0.545454545455, 0.434343434343, 0.89551014, 1.00000000, 1.00000000, 1.00000000
0.545454545455, 0.444444444444, 0.90612634, 1.00000000, 1.00000000, 1.00000000
0.545454545455, 0.454545454545, 0.91712263, 1.00000000, 1.00000000, 1.00000000
0.545454545455, 0.464646464646, 0.92845488, 1.00000000, 1.00000000, 1.00000000
0.545454545455, 0.474747474747, 0.94007760, 1.00000000, 1.00000000, 1.00000000
0.545454545455, 0.484848484848, 0.95194408, 1.00000000, 1.00000000, 1.00000000
0.545454545455, 0.494949494949, 0.96400661, 1.00000000, 1.00000000, 1.00000000
0.545454545455, 0.505050505051, 0.97621664, 1.00000000, 1.00000000, 1.00000000
0.545454545455, 0.515151515152, 0.98852501, 1.00000000, 1.00000000, 1.00000000
0.545454545455, 0.525252525253, 1.00088213, 1.00000000, 1.00000000, 1.00000000
0.545454545455, 0.535353535354, 1.01323817, 1.00000000, 1.00000000, 1.00000000
0.545454545455, 0.545454545455, 1.02554330, 1.00000000, 1.00000000, 1.00000000
0.545454545455, 0.555555555556, 1.03774786, 1.00000000, 1.00000000, 1.00000000
0.545454545455, 0.565656565657, 1.04980257, 1.00000000, 1.00000000, 1.00000000
0.545454545455, 0.575757575758, 1.06165874, 1.00000000, 1.00000000, 1.00000000
0.545454545455, 0.585858585859, 1.07326846, 1.00000000, 1.00000000, 1.00000000
0.545454545455, 0.595959595960, 1.08458480, 1.00000000, 1.00000000, 1.00000000
0.545454545455, 0.606060606061, 1.09556202, 1.00000000, 1.00000000, 1.00000000
0.545454545455, 0.616161616162, 1.10615570, 1.00000000, 1.00000000, 1.00000000
0.545454545455, 0.626262626263, 1.11632298, 1.00000000, 1.00000000, 1.00000000
0.545454545455, 0.636363636364, 1.12602274, 1.00000000, 1.00000000, 1.00000000
0.545454545455, 0.646464646465, 1.13521571, 1.00000000, 1.00000000, 1.00000000
0.545454545455, 0.656565656566, 1.14386467, 1.00000000, 1.00000000, 1.00000000
0.545454545455, 0.666666666667, 1.15193460, 1.00000000, 1.00000000, 1.00000000
0.545454545455, 0.676767676768, 1.15939284, 1.00000000, 1.00000000, 1.00000000
0.545454545455, 0.686868686869, 1.16620916, 1.00000000, 1.00000000, 1.00000000
0.545454545455, 0.696969696970, 1.17235598, 1.00000000, 1.00000000, 1.00000000
0.545454545455, 0.707070707071, 1.17780837, 1.00000000, 1.00000000, 1.00000000
0.545454545455, 0.717171717172, 1.18254426, 1.00000000, 1.00000000, 1.00000000
0.545454545455, 0.727272727273, 1.18654445, 1.00000000, 1.00000000, 1.00000000
0.545454545455, 0.737373737374, 1.18979272, 1.00000000, 1.00000000, 1.00000000
0.545454545455, 0.747474747475, 1.19227589, 1.00000000, 1.00000000, 1.00000000
0.545454545455, 0.757575757576, 1.19398386, 1.00000000, 1.00000000, 1.00000000
0.545454545455, 0.767676767677, 1.19490966, 1.00000000, 1.00000000, 1.00000000
0.545454545455, 0.777777777778, 1.19504950, 1.00000000, 1.00000000, 1.00000000
0.545454545455, 0.787878787879, 1.19440288, 1.00000000, 1.00000000, 1.00000000
0.545454545455, 0.797979797980, 1.19297249, 1.00000000, 1.00000000, 1.00000000
0.545454545455, 0.808080808081, 1.19076417, 1.00000000, 1.00000000, 1.00000000
0.545454545455, 0.818181818182, 1.18778692, 1.00000000, 1.00000000, 1.00000000
0.545454545455, 0.828282828283, 1.18405282, 1.00000000, 1.00000000, 1.00000000
0.545454545455, 0.838383838384, 1.17957704, 1.00000000, 1.00000000, 1.00000000
0.545454545455, 0.848484848485, 1.17437773, 1.00000000, 1.00000000, 1.00000000
0.545454545455, 0.858585858586, 1.16847596, 1.00000000, 1.00000000, 1.00000000
0.545454545455, 0.868686868687, 1.16189566, 1.00000000, 1.00000000, 1.00000000
0.545454545455, 0.878787878788, 1.15466350, 1.00000000, 1.00000000, 1.00000000
0.545454545455, 0.888888888889, 1.14680877, 1.00000000, 1.00000000, 1.00000000
0.545454545455, 0.898989898990, 1.13836329, 1.00000000, 1.00000000, 1.00000000
0.545454545455, 0.909090909091, 1.12936128, 1.00000000, 1.00000000, 1.00000000
0.545454545455, 0.919191919192, 1.11983920, 1.00000000, 1.00000000, 1.00000000
0.545454545455, 0.929292929293, 1.10983569, 1.00000000, 1.00000000, 1.00000000
0.545454545455, 0.939393939394, 1.09939168, 1.00000000, 1.00000000, 1.00000000
0.545454545455, 0.949494949495, 1.08855112, 1.00000000, 1.00000000, 1.00000000
0.545454545455, 0.959595959596, 1.07736347, 1.00000000, 1.00000000, 1.00000000
0.555555555556, -0.000000000000, 1.00691071, 1.00000000, 1.00000000, 1.00000000
0.555555555556, 0.010101010101, 0.99573892, 1.00000000, 1.00000000, 1.00000000
0.555555555556, 0.020202020202, 0.98496174, 1.00000000, 1.00000000, 1.00000000
0.555555555556, 0.030303030303, 0.97446077, 1.00000000, 1.00000000, 1.00000000
0.555555555556, 0.040404040404, 0.96403363, 1.00000000, 1.00000000, 1.00000000
0.555555555556, 0.050505050505, 0.95348870, 1.00000000, 1.00000000, 1.00000000
0.555555555556, 0.060606060606, 0.94273162, 1.00000000, 1.00000000, 1.00000000
0.555555555556, 0.070707070707, 0.93179340, 1.00000000, 1.00000000, 1.00000000
0.555555555556, 0.080808080808, 0.92079710, 1.00000000, 1.00000000, 1.00000000
0.555555555556, 0.090909090909, 0.90989850, 1.00000000, 1.00000000, 1.00000000
0.555555555556, 0.101010101010, 0.89923921, 1.00000000, 1.00000000, 1.00000000
0.555555555556, 0.111111111111, 0.88892737, 1.00000000, 1.00000000, 1.00000000
0.555555555556, 0.121212121212, 0.87903967, 1.00000000, 1.00000000, 1.00000000
0.555555555556, 0.131313131313, 0.86963161, 1.00000000, 1.00000000, 1.00000000
0.555555555556, 0.141414141414, 0.86074684, 1.00000000, 1.00000000, 1.00000000
0.555555555556, 0.151515151515, 0.85242276, 1.00000000, 1.00000000, 1.00000000
0.555555555556, 0.161616161616, 0.84469314, 1.00000000, 1.00000000, 1.00000000
0.555555555556, 0.171717171717, 0.83758892, 1.00000000, 1.00000000, 1.00000000
0.555555555556, 0.181818181818, 0.83113844, 1.00000000, 1.00000000, 1.00000000
0.555555555556, 0.191919191919, 0.82536739, 1.00000000, 1.00000000, 1.00000000
0.555555555556, 0.202020202020, 0.82029878, 1.00000000, 1.00000000, 1.00000000
0.555555555556, 0.212121212121, 0.81595279, 1.00000000, 1.00000000, 1.00000000
0.555555555556, 0.222222222222, 0.81234673, 1.00000000, 1.00000000, 1.00000000
0.555555555556, 0.232323232323, 0.80949500, 1.00000000, 1.00000000, 1.00000000
0.555555555556, 0.242424242424, 0.80740900, 1.00000000, 1.00000000, 1.00000000
0.555555555556, 0.252525252525, 0.80609712, 1.00000000, 1.00000000, 1.00000000
0.555555555556, 0.262626262626, 0.80556470, 1.00000000, 1.00000000, 1.00000000
0.555555555556, 0.272727272727, 0.80581387, 1.00000000, 1.00000000, 1.00000000
0.555555555556, 0.282828282828, 0.80684357, 1.00000000, 1.00000000, 1.00000000
0.555555555556, 0.292929292929, 0.80864966, 1.00000000, 1.00000000, 1.00000000
0.555555555556, 0.303030303030, 0.81122492, 1.00000000, 1.00000000, 1.00000000
0.555555555556, 0.313131313131, 0.81455912, 1.00000000, 1.00000000, 1.00000000
0.555555555556, 0.323232323232, 0.81863899, 1.00000000, 1.00000000, 1.00000000
0.555555555556, 0.333333333333, 0.82344832, 1.00000000, 1.00000000, 1.00000000
0.555555555556, 0.343434343434, 0.82896801, 1.00000000, 1.00000000, 1.00000000
0.555555555556, 0.353535353535, 0.83517608, 1.00000000, 1.00000000, 1.00000000
0.555555555556, 0.363636363636, 0.84204783, 1.00000000, 1.00000000, 1.00000000
0.555555555556, 0.373737373737, 0.84955589, 1.00000000, 1.00000000, 1.00000000
0.555555555556, 0.383838383838, 0.85767033, 1.00000000, 1.00000000, 1.00000000
0.555555555556, 0.393939393939, 0.86635875, 1.00000000, 1.00000000, 1.00000000
0.555555555556, 0.404040404040, 0.87558646, 1.00000000, 1.00000000, 1.00000000
0.555555555556, 0.414141414141, 0.88531657, 1.00000000, 1.00000000, 1.00000000
0.555555555556, 0.424242424242, 0.89551014, 1.00000000, 1.00000000, 1.00000000
0.555555555556, 0.434343434343, 0.90612634, 1.00000000, 1.00000000, 1.00000000
0.555555555556, 0.444444444444, 0.91712263, 1.00000000, 1.00000000, 1.00000000
0.555555555556, 0.454545454545, 0.92845488, 1.00000000, 1.00000000, 1.00000000
0.555555555556, 0.464646464646, 0.94007760, 1.00000000, 1.00000000, 1.00000000
0.555555555556, 0.474747474747, 0.95194408, 1.00000000, 1.00000000, 1.00000000
0.555555555556, 0.484848484848, 0.96400661, 1.00000000, 1.00000000, 1.00000000
0.555555555556, 0.494949494949, 0.97621664, 1.00000000, 1.00000000, 1.00000000
0.555555555556, 0.505050505051, 0.98852501, 1.00000000, 1.00000000, 1.00000000
0.555555555556, 0.515151515152, 1.00088213, 1.00000000, 1.00000000, 1.00000000
0.555555555556, 0.525252525253, 1.01323817, 1.00000000, 1.00000000, 1.00000000
0.555555555556, 0.535353535354, 1.02554330, 1.00000000, 1.00000000, 1.00000000
0.555555555556, 0.545454545455, 1.03774786, 1.00000000, 1.00000000, 1.00000000
0.555555555556, 0.555555555556, 1.04980257, 1.00000000, 1.00000000, 1.00000000
0.555555555556, 0.565656565657, 1.06165874, 1.00000000, 1.00000000, 1.00000000
0.555555555556, 0.575757575758, 1.07326846, 1.00000000, 1.00000000, 1.00000000
0.555555555556, 0.585858585859, 1.08458480, 1.00000000, 1.00000000, 1.00000000
0.555555555556, 0.595959595960, 1.09556202, 1.00000000, 1.00000000, 1.00000000
0.555555555556, 0.606060606061, 1.10615570, 1.00000000, 1.00000000, 1.00000000
0.555555555556, 0.616161616162, 1.11632298, 1.00000000, 1.00000000, 1.00000000
0.555555555556, 0.626262626263, 1.12602274, 1.00000000, 1.00000000, 1.00000000
0.555555555556, 0.636363636364, 1.13521571, 1.00000000, 1.00000000, 1.00000000
0.555555555556, 0.646464646465, 1.14386467, 1.00000000, 1.00000000, 1.00000000
0.555555555556, 0.656565656566, 1.15193460, 1.00000000, 1.00000000, 1.00000000
0.555555555556, 0.666666666667, 1.15939284, 1.00000000, 1.00000000, 1.00000000
0.555555555556, 0.676767676768, 1.16620916, 1.00000000, 1.00000000, 1.00000000
0.555555555556, 0.686868686869, 1.17235598, 1.00000000, 1.00000000, 1.00000000
0.555555555556, 0.696969696970, 1.17780837, 1.00000000, 1.00000000, 1.00000000
0.555555555556, 0.707070707071, 1.18254426, 1.00000000, 1.00000000, 1.00000000
0.555555555556, 0.717171717172, 1.18654445, 1.00000000, 1.00000000, 1.00000000
0.555555555556, 0.727272727273, 1.18979272, 1.00000000, 1.00000000, 1.00000000
0.555555555556, 0.737373737374, 1.19227589, 1.00000000, 1.00000000, 1.00000000
0.555555555556, 0.747474747475, 1.19398386, 1.00000000, 1.00000000, 1.00000000
0.555555555556, 0.757575757576, 1.19490966, 1.00000000, 1.00000000, 1.00000000
0.555555555556, 0.767676767677, 1.19504950, 1.00000000, 1.00000000, 1.00000000
0.555555555556, 0.777777777778, 1.19440288, 1.00000000, 1.00000000, 1.00000000
0.555555555556, 0.787878787879, 1.19297249, 1.00000000, 1.00000000, 1.00000000
0.555555555556, 0.797979797980, 1.19076417, 1.00000000, 1.00000000, 1.00000000
0.555555555556, 0.808080808081, 1.18778692, 1.00000000, 1.00000000, 1.00000000
0.555555555556, 0.818181818182, 1.18405282, 1.00000000, 1.00000000, 1.00000000
0.555555555556, 0.828282828283, 1.17957704, 1.00000000, 1.00000000, 1.00000000
0.555555555556, 0.838383838384, 1.17437773, 1.00000000, 1.00000000, 1.00000000
0.555555555556, 0.848484848485, 1.16847596, 1.00000000, 1.00000000, 1.00000000
0.555555555556, 0.858585858586, 1.16189566, 1.00000000, 1.00000000, 1.00000000
0.555555555556, 0.868686868687, 1.15466350, 1.00000000, 1.00000000, 1.00000000
0.555555555556, 0.878787878788, 1.14680877, 1.00000000, 1.00000000, 1.00000000
0.555555555556, 0.888888888889, 1.13836329, 1.00000000, 1.00000000, 1.00000000
0.555555555556, 0.898989898990, 1.12936128, 1.00000000, 1.00000000, 1.00000000
0.555555555556, 0.909090909091, 1.11983918, 1.00000000, 1.00000000, 1.00000000
0.555555555556, 0.919191919192, 1.10983555, 1.00000000, 1.00000000, 1.00000000
0.555555555556, 0.929292929293, 1.09939098, 1.00000000, 1.00000000, 1.00000000
0.555555555556, 0.939393939394, 1.08854817, 1.00000000, 1.00000000, 1.00000000
0.555555555556, 0.949494949495, 1.07735270, 1.00000000, 1.00000000, 1.00000000
0.555555555556, 0.959595959596, 1.06585547, 1.00000000, 1.00000000, 1.00000000
0.565656565657, -0.000000000000, 0.99453173, 1.00000000, 1.00000000, 1.00000000
0.565656565657, 0.010101010101, 0.98336964, 1.00000000, 1.00000000, 1.00000000
0.565656565657, 0.020202020202, 0.97264061, 1.00000000, 1.00000000, 1.00000000
0.565656565657, 0.030303030303, 0.96222686, 1.00000000, 1.00000000, 1.00000000
0.565656565657, 0.040404040404, 0.95192881, 1.00000000, 1.00000000, 1.00000000
0.565656565657, 0.050505050505, 0.94155837, 1.00000000, 1.00000000, 1.00000000
0.565656565657, 0.060606060606, 0.93102362, 1.00000000, 1.00000000, 1.00000000
0.565656565657, 0.070707070707, 0.92035612, 1.00000000, 1.00000000, 1.00000000
0.565656565657, 0.080808080808, 0.90967788, 1.00000000, 1.00000000, 1.00000000
0.565656565657, 0.090909090909, 0.89914287, 1.00000000, 1.00000000, 1.00000000
0.565656565657, 0.101010101010, 0.88889071, 1.00000000, 1.00000000, 1.00000000
0.565656565657, 0.111111111111, 0.87902754, 1.00000000, 1.00000000, 1.00000000
0.565656565657, 0.121212121212, 0.86962814, 1.00000000, 1.00000000, 1.00000000
0.565656565657, 0.131313131313, 0.86074598, 1.00000000, 1.00000000, 1.00000000
0.565656565657, 0.141414141414, 0.85242258, 1.00000000, 1.00000000, 1.00000000
0.565656565657, 0.151515151515, 0.84469311, 1.00000000, 1.00000000, 1.00000000
0.565656565657, 0.161616161616, 0.83758891, 1.00000000, 1.00000000, 1.00000000
0.565656565657, 0.171717171717, 0.83113844, 1.00000000, 1.00000000, 1.00000000
0.565656565657, 0.181818181818, 0.82536739, 1.00000000, 1.00000000, 1.00000000
0.565656565657, 0.191919191919, 0.82029878, 1.00000000, 1.00000000, 1.00000000
0.565656565657, 0.202020202020, 0.81595279, 1.00000000, 1.00000000, 1.00000000
0.565656565657, 0.212121212121, 0.81234673, 1.00000000, 1.00000000, 1.00000000
0.565656565657, 0.222222222222, 0.80949500, 1.00000000, 1.00000000, 1.00000000
0.565656565657, 0.232323232323, 0.80740900, 1.00000000, 1.00000000, 1.00000000
0.565656565657, 0.242424242424, 0.80609712, 1.00000000, 1.00000000, 1.00000000
0.565656565657, 0.252525252525, 0.80556470, 1.00000000, 1.00000000, 1.00000000
0.565656565657, 0.262626262626, 0.80581387, 1.00000000, 1.00000000, 1.00000000
0.565656565657, 0.272727272727, 0.80684357, 1.00000000, 1.00000000, 1.00000000
0.565656565657, 0.282828282828, 0.80864966, 1.00000000, 1.00000000, 1.00000000
0.565656565657, 0.292929292929, 0.81122492, 1.00000000, 1.00000000, 1.00000000
0.565656565657, 0.303030303030, 0.81455912, 1.00000000, 1.00000000, 1.00000000
0.565656565657, 0.313131313131, 0.81863899, 1.00000000, 1.00000000, 1.00000000
0.565656565657, 0.323232323232, 0.82344832, 1.00000000, 1.00000000, 1.00000000
0.565656565657, 0.333333333333, 0.82896801, 1.00000000, 1.00000000, 1.00000000
0.565656565657, 0.343434343434, 0.83517608, 1.00000000, 1.00000000, 1.00000000
0.565656565657, 0.353535353535, 0.84204783, 1.00000000, 1.00000000, 1.00000000
0.565656565657, 0.363636363636, 0.84955589, 1.00000000, 1.00000000, 1.00000000
0.565656565657, 0.373737373737, 0.85767033, 1.00000000, 1.00000000, 1.00000000
0.565656565657, 0.383838383838, 0.86635875, 1.00000000, 1.00000000, 1.00000000
0.565656565657, 0.393939393939, 0.87558646, 1.00000000, 1.00000000, 1.00000000
0.565656565657, 0.404040404040, 0.88531657, 1.00000000, 1.00000000, 1.00000000
0.565656565657, 0.414141414141, 0.89551014, 1.00000000, 1.00000000, 1.00000000
0.565656565657, 0.424242424242, 0.90612634, 1.00000000, 1.00000000, 1.00000000
0.565656565657, 0.434343434343, 0.91712263, 1.00000000, 1.00000000, 1.00000000
0.565656565657, 0.444444444444, 0.92845488, 1.00000000, 1.00000000, 1.00000000
0.565656565657, 0.454545454545, 0.94007760, 1.00000000, 1.00000000, 1.00000000
0.565656565657, 0.464646464646, 0.95194408, 1.00000000, 1.00000000, 1.00000000
0.565656565657, 0.474747474747, 0.96400661, 1.00000000, 1.00000000, 1.00000000
0.565656565657, 0.484848484848, 0.97621664, 1.00000000, 1.00000000, 1.00000000
0.565656565657, 0.494949494949, 0.98852501, 1.00000000, 1.00000000, 1.00000000
0.565656565657, 0.505050505051, 1.00088213, 1.00000000, 1.00000000, 1.00000000
0.565656565657, 0.515151515152, 1.01323817, 1.00000000, 1.00000000, 1.00000000
0.565656565657, 0.525252525253, 1.02554330, 1.00000000, 1.00000000, 1.00000000
0.565656565657, 0.535353535354, 1.03774786, 1.00000000, 1.00000000, 1.00000000
0.565656565657, 0.545454545455, 1.04980257, 1.00000000, 1.00000000, 1.00000000
0.565656565657, 0.555555555556, 1.06165874, 1.00000000, 1.00000000, 1.00000000
0.565656565657, 0.565656565657, 1.07326846, 1.00000000, 1.00000000, 1.00000000
0.565656565657, 0.575757575758, 1.08458480, 1.00000000, 1.00000000, 1.00000000
0.565656565657, 0.585858585859, 1.09556202, 1.00000000, 1.00000000, 1.00000000
0.565656565657, 0.595959595960, 1.10615570, 1.00000000, 1.00000000, 1.00000000
0.565656565657, 0.606060606061, 1.11632298, 1.00000000, 1.00000000, 1.00000000
0.565656565657, 0.616161616162, 1.12602274, 1.00000000, 1.00000000, 1.00000000
0.565656565657, 0.626262626263, 1.13521571, 1.00000000, 1.00000000, 1.00000000
0.565656565657, 0.636363636364, 1.14386467, 1.00000000, 1.00000000, 1.00000000
0.565656565657, 0.646464646465, 1.15193460, 1.00000000, 1.00000000, 1.00000000
0.565656565657, 0.656565656566, 1.15939284, 1.00000000, 1.00000000, 1.00000000
0.565656565657, 0.666666666667, 1.16620916, 1.00000000, 1.00000000, 1.00000000
0.565656565657, 0.676767676768, 1.17235598, 1.00000000, 1.00000000, 1.00000000
0.565656565657, 0.686868686869, 1.17780837, 1.00000000, 1.00000000, 1.00000000
0.565656565657, 0.696969696970, 1.18254426, 1.00000000, 1.00000000, 1.00000000
0.565656565657, 0.707070707071, 1.18654445, 1.00000000, 1.00000000, 1.00000000
0.565656565657, 0.717171717172, 1.18979272, 1.00000000, 1.00000000, 1.00000000
0.565656565657, 0.727272727273, 1.19227589, 1.00000000, 1.00000000, 1.00000000
0.565656565657, 0.737373737374, 1.19398386, 1.00000000, 1.00000000, 1.00000000
0.565656565657, 0.747474747475, 1.19490966, 1.00000000, 1.00000000, 1.00000000
0.565656565657, 0.757575757576, 1.19504950, 1.00000000, 1.00000000, 1.00000000
0.565656565657, 0.767676767677, 1.19440288, 1.00000000, 1.00000000, 1.00000000
0.565656565657, 0.777777777778, 1.19297249, 1.00000000, 1.00000000, 1.00000000
0.565656565657, 0.787878787879, 1.19076417, 1.00000000, 1.00000000, 1.00000000
0.565656565657, 0.797979797980, 1.18778692, 1.00000000, 1.00000000, 1.00000000
0.565656565657, 0.808080808081, 1.18405282, 1.00000000, 1.00000000, 1.00000000
0.565656565657, 0.818181818182, 1.17957704, 1.00000000, 1.00000000, 1.00000000
0.565656565657, 0.828282828283, 1.17437773, 1.00000000, 1.00000000, 1.00000000
0.565656565657, 0.838383838384, 1.16847596, 1.00000000, 1.00000000, 1.00000000
0.565656565657, 0.848484848485, 1.16189566, 1.00000000, 1.00000000, 1.00000000
0.565656565657, 0.858585858586, 1.15466350, 1.00000000, 1.00000000, 1.00000000
0.565656565657, 0.868686868687, 1.14680877, 1.00000000, 1.00000000, 1.00000000
0.565656565657, 0.878787878788, 1.13836329, 1.00000000, 1.00000000, 1.00000000
0.565656565657, 0.888888888889, 1.12936128, 1.00000000, 1.00000000, 1.00000000
0.565656565657, 0.898989898990, 1.11983917, 1.00000000, 1.00000000, 1.00000000
0.565656565657, 0.909090909091, 1.10983552, 1.00000000, 1.00000000, 1.00000000
0.565656565657, 0.919191919192, 1.09939083, 1.00000000, 1.00000000, 1.00000000
0.565656565657, 0.929292929293, 1.08854746, 1.00000000, 1.00000000, 1.00000000
0.565656565657, 0.939393939394, 1.07734972, 1.00000000, 1.00000000, 1.00000000
0.565656565657, 0.949494949495, 1.06584460, 1.00000000, 1.00000000, 1.00000000
0.565656565657, 0.959595959596, 1.05408424, 1.00000000, 1.00000000, 1.00000000
0.575757575758, -0.000000000000, 0.98217714, 1.00000000, 1.00000000, 1.00000000
0.575757575758, 0.010101010101, 0.97106968, 1.00000000, 1.00000000, 1.00000000
0.575757575758, 0.020202020202, 0.96043202, 1.00000000, 1.00000000, 1.00000000
0.575757575758, 0.030303030303, 0.95014745, 1.00000000, 1.00000000, 1.00000000
0.575757575758, 0.040404040404, 0.94002002, 1.00000000, 1.00000000, 1.00000000
0.575757575758, 0.050505050505, 0.92986584, 1.00000000, 1.00000000, 1.00000000
0.575757575758, 0.060606060606, 0.91959575, 1.00000000, 1.00000000, 1.00000000
0.575757575758, 0.070707070707, 0.90924177, 1.00000000, 1.00000000, 1.00000000
0.575757575758, 0.080808080808, 0.89892438, 1.00000000, 1.00000000, 1.00000000
0.575757575758, 0.090909090909, 0.88879514, 1.00000000, 1.00000000, 1.00000000
0.575757575758, 0.101010101010, 0.87899111, 1.00000000, 1.00000000, 1.00000000
0.575757575758, 0.111111111111, 0.86961606, 1.00000000, 1.00000000, 1.00000000
0.575757575758, 0.121212121212, 0.86074251, 1.00000000, 1.00000000, 1.00000000
0.575757575758, 0.131313131313, 0.85242173, 1.00000000, 1.00000000, 1.00000000
0.575757575758, 0.141414141414, 0.84469293, 1.00000000, 1.00000000, 1.00000000
0.575757575758, 0.151515151515, 0.83758888, 1.00000000, 1.00000000, 1.00000000
0.575757575758, 0.161616161616, 0.83113843, 1.00000000, 1.00000000, 1.00000000
0.575757575758, 0.171717171717, 0.82536739, 1.00000000, 1.00000000, 1.00000000
0.575757575758, 0.181818181818, 0.82029878, 1.00000000, 1.00000000, 1.00000000
0.575757575758, 0.191919191919, 0.81595279, 1.00000000, 1.00000000, 1.00000000
0.575757575758, 0.202020202020, 0.81234673, 1.00000000, 1.00000000, 1.00000000
0.575757575758, 0.212121212121, 0.80949500, 1.00000000, 1.00000000, 1.00000000
0.575757575758, 0.222222222222, 0.80740900, 1.00000000, 1.00000000, 1.00000000
0.575757575758, 0.232323232323, 0.80609712, 1.00000000, 1.00000000, 1.00000000
0.575757575758, 0.242424242424, 0.80556470, 1.00000000, 1.00000000, 1.00000000
0.575757575758, 0.252525252525, 0.80581387, 1.00000000, 1.00000000, 1.00000000
0.575757575758, 0.262626262626, 0.80684357, 1.00000000, 1.00000000, 1.00000000
0.575757575758, 0.272727272727, 0.80864966, 1.00000000, 1.00000000, 1.00000000
0.575757575758, 0.282828282828, 0.81122492, 1.00000000, 1.00000000, 1.00000000
0.575757575758, 0.292929292929, 0.81455912, 1.00000000, 1.00000000, 1.00000000
0.575757575758, 0.303030303030, 0.81863899, 1.00000000, 1.00000000, 1.00000000
0.575757575758, 0.313131313131, 0.82344832, 1.00000000, 1.00000000, 1.00000000
0.575757575758, 0.323232323232, 0.82896801, 1.00000000, 1.00000000, 1.00000000
0.575757575758, 0.333333333333, 0.83517608, 1.00000000, 1.00000000, 1.00000000
0.575757575758, 0.343434343434, 0.84204783, 1.00000000, 1.00000000, 1.00000000
0.575757575758, 0.353535353535, 0.84955589, 1.00000000, 1.00000000, 1.00000000
0.575757575758, 0.363636363636, 0.85767033, 1.00000000, 1.00000000, 1.00000000
0.575757575758, 0.373737373737, 0.86635875, 1.00000000, 1.00000000, 1.00000000
0.575757575758, 0.383838383838, 0.87558646, 1.00000000, 1.00000000, 1.00000000
0.575757575758, 0.393939393939, 0.88531657, 1.00000000, 1.00000000, 1.00000000
0.575757575758, 0.404040404040, 0.89551014, 1.00000000, 1.00000000, 1.00000000
0.575757575758, 0.414141414141, 0.90612634, 1.00000000, 1.00000000, 1.00000000
0.575757575758, 0.424242424242, 0.91712263, 1.00000000, 1.00000000, 1.00000000
0.575757575758, 0.434343434343, 0.92845488, 1.00000000, 1.00000000, 1.00000000
0.575757575758, 0.444444444444, 0.94007760, 1.00000000, 1.00000000, 1.00000000
0.575757575758, 0.454545454545, 0.95194408, 1.00000000, 1.00000000, 1.00000000
0.575757575758, 0.464646464646, 0.96400661, 1.00000000, 1.00000000, 1.00000000
0.575757575758, 0.474747474747, 0.97621664, 1.00000000, 1.00000000, 1.00000000
0.575757575758, 0.484848484848, 0.98852501, 1.00000000, 1.00000000, 1.00000000
0.575757575758, 0.494949494949, 1.00088213, 1.00000000, 1.00000000, 1.00000000
0.575757575758, 0.505050505051, 1.01323817, 1.00000000, 1.00000000, 1.00000000
0.575757575758, 0.515151515152, 1.02554330, 1.00000000, 1.00000000, 1.00000000
0.575757575758, 0.525252525253, 1.03774786, 1.00000000, 1.00000000, 1.00000000
0.575757575758, 0.535353535354, 1.04980257, 1.00000000, 1.00000000, 1.00000000
0.575757575758, 0.545454545455, 1.06165874, 1.00000000, 1.00000000, 1.00000000
0.575757575758, 0.555555555556, 1.07326846, 1.00000000, 1.00000000, 1.00000000
0.575757575758, 0.565656565657, 1.08458480, 1.00000000, 1.00000000, 1.00000000
0.575757575758, 0.575757575758, 1.09556202, 1.00000000, 1.00000000, 1.00000000
0.575757575758, 0.585858585859, 1.10615570, 1.00000000, 1.00000000, 1.00000000
0.575757575758, 0.595959595960, 1.11632298, 1.00000000, 1.00000000, 1.00000000
0.575757575758, 0.606060606061, 1.12602274, 1.00000000, 1.00000000, 1.00000000
0.575757575758, 0.616161616162, 1.13521571, 1.00000000, 1.00000000, 1.00000000
0.575757575758, 0.626262626263, 1.14386467, 1.00000000, 1.00000000, 1.00000000
0.575757575758, 0.636363636364, 1.15193460, 1.00000000, 1.00000000, 1.00000000
0.575757575758, 0.646464646465, 1.15939284, 1.00000000, 1.00000000, 1.00000000
0.575757575758, 0.656565656566, 1.16620916, 1.00000000, 1.00000000, 1.00000000
0.575757575758, 0.666666666667, 1.17235598, 1.00000000, 1.00000000, 1.00000000
0.575757575758, 0.676767676768, 1.17780837, 1.00000000, 1.00000000, 1.00000000
0.575757575758, 0.686868686869, 1.18254426, 1.00000000, 1.00000000, 1.00000000
0.575757575758, 0.696969696970, 1.18654445, 1.00000000, 1.00000000, 1.00000000
0.575757575758, 0.707070707071, 1.18979272, 1.00000000, 1.00000000, 1.00000000
0.575757575758, 0.717171717172, 1.19227589, 1.00000000, 1.00000000, 1.00000000
0.575757575758, 0.727272727273, 1.19398386, 1.00000000, 1.00000000, 1.00000000
0.575757575758, 0.737373737374, 1.19490966, 1.00000000, 1.00000000, 1.00000000
0.575757575758, 0.747474747475, 1.19504950, 1.00000000, 1.00000000, 1.00000000
0.575757575758, 0.757575757576, 1.19440288, 1.00000000, 1.00000000, 1.00000000
0.575757575758, 0.767676767677, 1.19297249, 1.00000000, 1.00000000, 1.00000000
0.575757575758, 0.777777777778, 1.19076417, 1.00000000, 1.00000000, 1.00000000
0.575757575758, 0.787878787879, 1.18778692, 1.00000000, 1.00000000, 1.00000000
0.575757575758, 0.797979797980, 1.18405282, 1.00000000, 1.00000000, 1.00000000
0.575757575758, 0.808080808081, 1.17957704, 1.00000000, 1.00000000, 1.00000000
0.575757575758, 0.818181818182, 1.17437773, 1.00000000, 1.00000000, 1.00000000
0.575757575758, 0.828282828283, 1.16847596, 1.00000000, 1.00000000, 1.00000000
0.575757575758, 0.838383838384, 1.16189566, 1.00000000, 1.00000000, 1.00000000
0.575757575758, 0.848484848485, 1.15466350, 1.00000000, 1.00000000, 1.00000000
0.575757575758, 0.858585858586, 1.14680877, 1.00000000, 1.00000000, 1.00000000
0.575757575758, 0.868686868687, 1.13836329, 1.00000000, 1.00000000, 1.00000000
0.575757575758, 0.878787878788, 1.12936128, 1.00000000, 1.00000000, 1.00000000
0.575757575758, 0.888888888889, 1.11983917, 1.00000000, 1.00000000, 1.00000000
0.575757575758, 0.898989898990, 1.10983552, 1.00000000, 1.00000000, 1.00000000
0.575757575758, 0.909090909091, 1.09939081, 1.00000000, 1.00000000, 1.00000000
0.575757575758, 0.919191919192, 1.08854732, 1.00000000, 1.00000000, 1.00000000
0.575757575758, 0.929292929293, 1.07734900, 1.00000000, 1.00000000, 1.00000000
0.575757575758, 0.939393939394, 1.06584159, 1.00000000, 1.00000000, 1.00000000
0.575757575758, 0.949494949495, 1.05407332, 1.00000000, 1.00000000, 1.00000000
0.575757575758, 0.959595959596, 1.04209736, 1.00000000, 1.00000000, 1.00000000
0.585858585859, -0.000000000000, 0.96989664, 1.00000000, 1.00000000, 1.00000000
0.585858585859, 0.010101010101, 0.95888848, 1.00000000, 1.00000000, 1.00000000
0.585858585859, 0.020202020202, 0.94838504, 1.00000000, 1.00000000, 1.00000000
0.585858585859, 0.030303030303, 0.93827115, 1.00000000, 1.00000000, 1.00000000
0.585858585859, 0.040404040404, 0.92835517, 1.00000000, 1.00000000, 1.00000000
0.585858585859, 0.050505050505, 0.91845812, 1.00000000, 1.00000000, 1.00000000
0.585858585859, 0.060606060606, 0.90849395, 1.00000000, 1.00000000, 1.00000000
0.585858585859, 0.070707070707, 0.89849496, 1.00000000, 1.00000000, 1.00000000
0.585858585859, 0.080808080808, 0.88857971, 1.00000000, 1.00000000, 1.00000000
0.585858585859, 0.090909090909, 0.87889675, 1.00000000, 1.00000000, 1.00000000
0.585858585859, 0.101010101010, 0.86958003, 1.00000000, 1.00000000, 1.00000000
0.585858585859, 0.111111111111, 0.86073055, 1.00000000, 1.00000000, 1.00000000
0.585858585859, 0.121212121212, 0.85241829, 1.00000000, 1.00000000, 1.00000000
0.585858585859, 0.131313131313, 0.84469208, 1.00000000, 1.00000000, 1.00000000
0.585858585859, 0.141414141414, 0.83758870, 1.00000000, 1.00000000, 1.00000000
0.585858585859, 0.151515151515, 0.83113840, 1.00000000, 1.00000000, 1.00000000
0.585858585859, 0.161616161616, 0.82536739, 1.00000000, 1.00000000, 1.00000000
0.585858585859, 0.171717171717, 0.82029878, 1.00000000, 1.00000000, 1.00000000
0.585858585859, 0.181818181818, 0.81595279, 1.00000000, 1.00000000, 1.00000000
0.585858585859, 0.191919191919, 0.81234673, 1.00000000, 1.00000000, 1.00000000
0.585858585859, 0.202020202020, 0.80949500, 1.00000000, 1.00000000, 1.00000000
0.585858585859, 0.212121212121, 0.80740900, 1.00000000, 1.00000000, 1.00000000
0.585858585859, 0.222222222222, 0.80609712, 1.00000000, 1.00000000, 1.00000000
0.585858585859, 0.232323232323, 0.80556470, 1.00000000, 1.00000000, 1.00000000
0.585858585859, 0.242424242424, 0.80581387, 1.00000000, 1.00000000, 1.00000000
0.585858585859, 0.252525252525, 0.80684357, 1.00000000, 1.00000000, 1.00000000
0.585858585859, 0.262626262626, 0.80864966, 1.00000000, 1.00000000, 1.00000000
0.585858585859, 0.272727272727, 0.81122492, 1.00000000, 1.00000000, 1.00000000
0.585858585859, 0.282828282828, 0.81455912, 1.00000000, 1.00000000, 1.00000000
0.585858585859, 0.292929292929, 0.81863899, 1.00000000, 1.00000000, 1.00000000
0.585858585859, 0.303030303030, 0.82344832, 1.00000000, 1.00000000, 1.00000000
0.585858585859, 0.313131313131, 0.82896801, 1.00000000, 1.00000000, 1.00000000
0.585858585859, 0.323232323232, 0.83517608, 1.00000000, 1.00000000, 1.00000000
0.585858585859, 0.333333333333, 0.84204783, 1.00000000, 1.00000000, 1.00000000
0.585858585859, 0.343434343434, 0.84955589, 1.00000000, 1.00000000, 1.00000000
0.585858585859, 0.353535353535, 0.85767033, 1.00000000, 1.00000000, 1.00000000
0.585858585859, 0.363636363636, 0.86635875, 1.00000000, 1.00000000, 1.00000000
0.585858585859, 0.373737373737, 0.87558646, 1.00000000, 1.00000000, 1.00000000
0.585858585859, 0.383838383838, 0.88531657, 1.00000000, 1.00000000, 1.00000000
0.585858585859, 0.393939393939, 0.89551014, 1.00000000, 1.00000000, 1.00000000
0.585858585859, 0.404040404040, 0.90612634, 1.00000000, 1.00000000, 1.00000000
0.585858585859, 0.414141414141, 0.91712263, 1.00000000, 1.00000000, 1.00000000
0.585858585859, 0.424242424242, 0.92845488, 1.00000000, 1.00000000, 1.00000000
0.585858585859, 0.434343434343, 0.94007760, 1.00000000, 1.00000000, 1.00000000
0.585858585859, 0.444444444444, 0.95194408, 1.00000000, 1.00000000, 1.00000000
0.585858585859, 0.454545454545, 0.96400661, 1.00000000, 1.00000000, 1.00000000
0.585858585859, 0.464646464646, 0.97621664, 1.00000000, 1.00000000, 1.00000000
0.585858585859, 0.474747474747, 0.98852501, 1.00000000, 1.00000000, 1.00000000
0.585858585859, 0.484848484848, 1.00088213, 1.00000000, 1.00000000, 1.00000000
0.585858585859, 0.494949494949, 1.01323817, 1.00000000, 1.00000000, 1.00000000
0.585858585859, 0.505050505051, 1.02554330, 1.00000000, 1.00000000, 1.00000000
0.585858585859, 0.515151515152, 1.03774786, 1.00000000, 1.00000000, 1.00000000
0.585858585859, 0.525252525253, 1.04980257, 1.00000000, 1.00000000, 1.00000000
0.585858585859, 0.535353535354, 1.06165874, 1.00000000, 1.00000000, 1.00000000
0.585858585859, 0.545454545455, 1.07326846, 1.00000000, 1.00000000, 1.00000000
0.585858585859, 0.555555555556, 1.08458480, 1.00000000, 1.00000000, 1.00000000
0.585858585859, 0.565656565657, 1.09556202, 1.00000000, 1.00000000, 1.00000000
0.585858585859, 0.575757575758, 1.10615570, 1.00000000, 1.00000000, 1.00000000
0.585858585859, 0.585858585859, 1.11632298, 1.00000000, 1.00000000, 1.00000000
0.585858585859, 0.595959595960, 1.12602274, 1.00000000, 1.00000000, 1.00000000
0.585858585859, 0.606060606061, 1.13521571, 1.00000000, 1.00000000, 1.00000000
0.585858585859, 0.616161616162, 1.14386467, 1.00000000, 1.00000000, 1.00000000
0.585858585859, 0.626262626263, 1.15193460, 1.00000000, 1.00000000, 1.00000000
0.585858585859, 0.636363636364, 1.15939284, 1.00000000, 1.00000000, 1.00000000
0.585858585859, 0.646464646465, 1.16620916, 1.00000000, 1.00000000, 1.00000000
0.585858585859, 0.656565656566, 1.17235598, 1.00000000, 1.00000000, 1.00000000
0.585858585859, 0.666666666667, 1.17780837, 1.00000000, 1.00000000, 1.00000000
0.585858585859, 0.676767676768, 1.18254426, 1.00000000, 1.00000000, 1.00000000
0.585858585859, 0.686868686869, 1.18654445, 1.00000000, 1.00000000, 1.00000000
0.585858585859, 0.696969696970, 1.18979272, 1.00000000, 1.00000000, 1.00000000
0.585858585859, 0.707070707071, 1.19227589, 1.00000000, 1.00000000, 1.00000000
0.585858585859, 0.717171717172, 1.19398386, 1.00000000, 1.00000000, 1.00000000
0.585858585859, 0.727272727273, 1.19490966, 1.00000000, 1.00000000, 1.00000000
0.585858585859, 0.737373737374, 1.19504950, 1.00000000, 1.00000000, 1.00000000
0.585858585859, 0.747474747475, 1.19440288, 1.00000000, 1.00000000, 1.00000000
0.585858585859, 0.757575757576, 1.19297249, 1.00000000, 1.00000000, 1.00000000
0.585858585859, 0.767676767677, 1.19076417, 1.00000000, 1.00000000, 1.00000000
0.585858585859, 0.777777777778, 1.18778692, 1.00000000, 1.00000000, 1.00000000
0.585858585859, 0.787878787879, 1.18405282, 1.00000000, 1.00000000, 1.00000000
0.585858585859, 0.797979797980, 1.17957704, 1.00000000, 1.00000000, 1.00000000
0.585858585859, 0.808080808081, 1.17437773, 1.00000000, 1.00000000, 1.00000000
0.585858585859, 0.818181818182, 1.16847596, 1.00000000, 1.00000000, 1.00000000
0.585858585859, 0.828282828283, 1.16189566, 1.00000000, 1.00000000, 1.00000000
0.585858585859, 0.838383838384, 1.15466350, 1.00000000, 1.00000000, 1.00000000
0.585858585859, 0.848484848485, 1.14680877, 1.00000000, 1.00000000, 1.00000000
0.585858585859, 0.858585858586, 1.13836329, 1.00000000, 1.00000000, 1.00000000
0.585858585859, 0.868686868687, 1.12936128, 1.00000000, 1.00000000, 1.00000000
0.585858585859, 0.878787878788, 1.11983917, 1.00000000, 1.00000000, 1.00000000
0.585858585859, 0.888888888889, 1.10983552, 1.00000000, 1.00000000, 1.00000000
0.585858585859, 0.898989898990, 1.09939080, 1.00000000, 1.00000000, 1.00000000
0.585858585859, 0.909090909091, 1.08854729, 1.00000000, 1.00000000, 1.00000000
0.585858585859, 0.919191919192, 1.07734885, 1.00000000, 1.00000000, 1.00000000
0.585858585859, 0.929292929293, 1.06584086, 1.00000000, 1.00000000, 1.00000000
0.585858585859, 0.939393939394, 1.05407029, 1.00000000, 1.00000000, 1.00000000
0.585858585859, 0.949494949495, 1.04208642, 1.00000000, 1.00000000, 1.00000000
0.585858585859, 0.959595959596, 1.02994320, 1.00000000, 1.00000000, 1.00000000
0.595959595960, -0.000000000000, 0.95773959, 1.00000000, 1.00000000, 1.00000000
0.595959595960, 0.010101010101, 0.94687500, 1.00000000, 1.00000000, 1.00000000
0.595959595960, 0.020202020202, 0.93654809, 1.00000000, 1.00000000, 1.00000000
0.595959595960, 0.030303030303, 0.92664567, 1.00000000, 1.00000000, 1.00000000
0.595959595960, 0.040404040404, 0.91698113, 1.00000000, 1.00000000, 1.00000000
0.595959595960, 0.050505050505, 0.90738105, 1.00000000, 1.00000000, 1.00000000
0.595959595960, 0.060606060606, 0.89776278, 1.00000000, 1.00000000, 1.00000000
0.595959595960, 0.070707070707, 0.88815882, 1.00000000, 1.00000000, 1.00000000
0.595959595960, 0.080808080808, 0.87868532, 1.00000000, 1.00000000, 1.00000000
0.595959595960, 0.090909090909, 0.86948729, 1.00000000, 1.00000000, 1.00000000
0.595959595960, 0.101010101010, 0.86069509, 1.00000000, 1.00000000, 1.00000000
0.595959595960, 0.111111111111, 0.85240650, 1.00000000, 1.00000000, 1.00000000
0.595959595960, 0.121212121212, 0.84468868, 1.00000000, 1.00000000, 1.00000000
0.595959595960, 0.131313131313, 0.83758786, 1.00000000, 1.00000000, 1.00000000
0.595959595960, 0.141414141414, 0.83113822, 1.00000000, 1.00000000, 1.00000000
0.595959595960, 0.151515151515, 0.82536736, 1.00000000, 1.00000000, 1.00000000
0.595959595960, 0.161616161616, 0.82029878, 1.00000000, 1.00000000, 1.00000000
0.595959595960, 0.171717171717, 0.81595279, 1.00000000, 1.00000000, 1.00000000
0.595959595960, 0.181818181818, 0.81234673, 1.00000000, 1.00000000, 1.00000000
0.595959595960, 0.191919191919, 0.80949500, 1.00000000, 1.00000000, 1.00000000
0.595959595960, 0.202020202020, 0.80740900, 1.00000000, 1.00000000, 1.00000000
0.595959595960, 0.212121212121, 0.80609712, 1.00000000, 1.00000000, 1.00000000
0.595959595960, 0.222222222222, 0.80556470, 1.00000000, 1.00000000, 1.00000000
0.595959595960, 0.232323232323, 0.80581387, 1.00000000, 1.00000000, 1.00000000
0.595959595960, 0.242424242424, 0.80684357, 1.00000000, 1.00000000, 1.00000000
0.595959595960, 0.252525252525, 0.80864966, 1.00000000, 1.00000000, 1.00000000
0.595959595960, 0.262626262626, 0.81122492, 1.00000000, 1.00000000, 1.00000000
0.595959595960, 0.272727272727, 0.81455912, 1.00000000, 1.00000000, 1.00000000
0.595959595960, 0.282828282828, 0.81863899, 1.00000000, 1.00000000, 1.00000000
0.595959595960, 0.292929292929, 0.82344832, 1.00000000, 1.00000000, 1.00000000
0.595959595960, 0.303030303030, 0.82896801, 1.00000000, 1.00000000, 1.00000000
0.595959595960, 0.313131313131, 0.83517608, 1.00000000, 1.00000000, 1.00000000
0.595959595960, 0.323232323232, 0.84204783, 1.00000000, 1.00000000, 1.00000000
0.595959595960, 0.333333333333, 0.84955589, 1.00000000, 1.00000000, 1.00000000
0.595959595960, 0.343434343434, 0.85767033, 1.00000000, 1.00000000, 1.00000000
0.595959595960, 0.353535353535, 0.86635875, 1.00000000, 1.00000000, 1.00000000
0.595959595960, 0.363636363636, 0.87558646, 1.00000000, 1.00000000, 1.00000000
0.595959595960, 0.373737373737, 0.88531657, 1.00000000, 1.00000000, 1.00000000
0.595959595960, 0.383838383838, 0.89551014, 1.00000000, 1.00000000, 1.00000000
0.595959595960, 0.393939393939, 0.90612634, 1.00000000, 1.00000000, 1.00000000
0.595959595960, 0.404040404040, 0.91712263, 1.00000000, 1.00000000, 1.00000000
0.595959595960, 0.414141414141, 0.92845488, 1.00000000, 1.00000000, 1.00000000
0.595959595960, 0.424242424242, 0.94007760, 1.00000000, 1.00000000, 1.00000000
0.595959595960, 0.434343434343, 0.95194408, 1.00000000, 1.00000000, 1.00000000
0.595959595960, 0.444444444444, 0.96400661, 1.00000000, 1.00000000, 1.00000000
0.595959595960, 0.454545454545, 0.97621664, 1.00000000, 1.00000000, 1.00000000
0.595959595960, 0.464646464646, 0.98852501, 1.00000000, 1.00000000, 1.00000000
0.595959595960, 0.474747474747, 1.00088213, 1.00000000, 1.00000000, 1.00000000
0.595959595960, 0.484848484848, 1.01323817, 1.00000000, 1.00000000, 1.00000000
0.595959595960, 0.494949494949, 1.02554330, 1.00000000, 1.00000000, 1.00000000
0.595959595960, 0.505050505051, 1.03774786, 1.00000000, 1.00000000, 1.00000000
0.595959595960, 0.515151515152, 1.04980257, 1.00000000, 1.00000000, 1.00000000
0.595959595960, 0.525252525253, 1.06165874, 1.00000000, 1.00000000, 1.00000000
0.595959595960, 0.535353535354, 1.07326846, 1.00000000, 1.00000000, 1.00000000
0.595959595960, 0.545454545455, 1.08458480, 1.00000000, 1.00000000, 1.00000000
0.595959595960, 0.555555555556, 1.09556202, 1.00000000, 1.00000000, 1.00000000
0.595959595960, 0.565656565657, 1.10615570, 1.00000000, 1.00000000, 1.00000000
0.595959595960, 0.575757575758, 1.11632298, 1.00000000, 1.00000000, 1.00000000
0.595959595960, 0.585858585859, 1.12602274, 1.00000000, 1.00000000, 1.00000000
0.595959595960, 0.595959595960, 1.13521571, 1.00000000, 1.00000000, 1.00000000
0.595959595960, 0.606060606061, 1.14386467, 1.00000000, 1.00000000, 1.00000000
0.595959595960, 0.616161616162, 1.15193460, 1.00000000, 1.00000000, 1.00000000
0.595959595960, 0.626262626263, 1.15939284, 1.00000000, 1.00000000, 1.00000000
0.595959595960, 0.636363636364, 1.16620916, 1.00000000, 1.00000000, 1.00000000
0.595959595960, 0.646464646465, 1.17235598, 1.00000000, 1.00000000, 1.00000000
0.595959595960, 0.656565656566, 1.17780837, 1.00000000, 1.00000000, 1.00000000
0.595959595960, 0.666666666667, 1.18254426, 1.00000000, 1.00000000, 1.00000000
0.595959595960, 0.676767676768, 1.18654445, 1.00000000, 1.00000000, 1.00000000
0.595959595960, 0.686868686869, 1.18979272, 1.00000000, 1.00000000, 1.00000000
0.595959595960, 0.696969696970, 1.19227589, 1.00000000, 1.00000000, 1.00000000
0.595959595960, 0.707070707071, 1.19398386, 1.00000000, 1.00000000, 1.00000000
0.595959595960, 0.717171717172, 1.19490966, 1.00000000, 1.00000000, 1.00000000
0.595959595960, 0.727272727273, 1.19504950, 1.00000000, 1.00000000, 1.00000000
0.595959595960, 0.737373737374, 1.19440288, 1.00000000, 1.00000000, 1.00000000
0.595959595960, 0.747474747475, 1.19297249, 1.00000000, 1.00000000, 1.00000000
0.595959595960, 0.757575757576, 1.19076417, 1.00000000, 1.00000000, 1.00000000
0.595959595960, 0.767676767677, 1.18778692, 1.00000000, 1.00000000, 1.00000000
0.595959595960, 0.777777777778, 1.18405282, 1.00000000, 1.00000000, 1.00000000
0.595959595960, 0.787878787879, 1.17957704, 1.00000000, 1.00000000, 1.00000000
0.595959595960, 0.797979797980, 1.17437773, 1.00000000, 1.00000000, 1.00000000
0.595959595960, 0.808080808081, 1.16847596, 1.00000000, 1.00000000, 1.00000000
0.595959595960, 0.818181818182, 1.16189566, 1.00000000, 1.00000000, 1.00000000
0.595959595960, 0.828282828283, 1.15466350, 1.00000000, 1.00000000, 1.00000000
0.595959595960, 0.838383838384, 1.14680877, 1.00000000, 1.00000000, 1.00000000
0.595959595960, 0.848484848485, 1.13836329, 1.00000000, 1.00000000, 1.00000000
0.595959595960, 0.858585858586, 1.12936128, 1.00000000, 1.00000000, 1.00000000
0.595959595960, 0.868686868687, 1.11983917, 1.00000000, 1.00000000, 1.00000000
0.595959595960, 0.878787878788, 1.10983552, 1.00000000, 1.00000000, 1.00000000
0.595959595960, 0.888888888889, 1.09939080, 1.00000000, 1.00000000, 1.00000000
0.595959595960, 0.898989898990, 1.08854728, 1.00000000, 1.00000000, 1.00000000
0.595959595960, 0.909090909091, 1.07734882, 1.00000000, 1.00000000, 1.00000000
0.595959595960, 0.919191919192, 1.06584071, 1.00000000, 1.00000000, 1.00000000
0.595959595960, 0.929292929293, 1.05406956, 1.00000000, 1.00000000, 1.00000000
0.595959595960, 0.939393939394, 1.04208339, 1.00000000, 1.00000000, 1.00000000
0.595959595960, 0.949494949495, 1.02993231, 1.00000000, 1.00000000, 1.00000000
0.595959595960, 0.959595959596, 1.01767085, 1.00000000, 1.00000000, 1.00000000
0.606060606061, -0.000000000000, 0.94575484, 1.00000000, 1.00000000, 1.00000000
0.606060606061, 0.010101010101, 0.93507748, 1.00000000, 1.00000000, 1.00000000
0.606060606061, 0.020202020202, 0.92496870, 1.00000000, 1.00000000, 1.00000000
0.606060606061, 0.030303030303, 0.91531771, 1.00000000, 1.00000000, 1.00000000
0.606060606061, 0.040404040404, 0.90594361, 1.00000000, 1.00000000, 1.00000000
0.606060606061, 0.050505050505, 0.89667911, 1.00000000, 1.00000000, 1.00000000
0.606060606061, 0.060606060606, 0.88744530, 1.00000000, 1.00000000, 1.00000000
0.606060606061, 0.070707070707, 0.87827475, 1.00000000, 1.00000000, 1.00000000
0.606060606061, 0.080808080808, 0.86928082, 1.00000000, 1.00000000, 1.00000000
0.606060606061, 0.090909090909, 0.86060441, 1.00000000, 1.00000000, 1.00000000
0.606060606061, 0.101010101010, 0.85237178, 1.00000000, 1.00000000, 1.00000000
0.606060606061, 0.111111111111, 0.84467713, 1.00000000, 1.00000000, 1.00000000
0.606060606061, 0.121212121212, 0.83758453, 1.00000000, 1.00000000, 1.00000000
0.606060606061, 0.131313131313, 0.83113739, 1.00000000, 1.00000000, 1.00000000
0.606060606061, 0.141414141414, 0.82536718, 1.00000000, 1.00000000, 1.00000000
0.606060606061, 0.151515151515, 0.82029874, 1.00000000, 1.00000000, 1.00000000
0.606060606061, 0.161616161616, 0.81595278, 1.00000000, 1.00000000, 1.00000000
0.606060606061, 0.171717171717, 0.81234673, 1.00000000, 1.00000000, 1.00000000
0.606060606061, 0.181818181818, 0.80949500, 1.00000000, 1.00000000, 1.00000000
0.606060606061, 0.191919191919, 0.80740900, 1.00000000, 1.00000000, 1.00000000
0.606060606061, 0.202020202020, 0.80609712, 1.00000000, 1.00000000, 1.00000000
0.606060606061, 0.212121212121, 0.80556470, 1.00000000, 1.00000000, 1.00000000
0.606060606061, 0.222222222222, 0.80581387, 1.00000000, 1.00000000, 1.00000000
0.606060606061, 0.232323232323, 0.80684357, 1.00000000, 1.00000000, 1.00000000
0.606060606061, 0.242424242424, 0.80864966, 1.00000000, 1.00000000, 1.00000000
0.606060606061, 0.252525252525, 0.81122492, 1.00000000, 1.00000000, 1.00000000
0.606060606061, 0.262626262626, 0.81455912, 1.00000000, 1.00000000, 1.00000000
0.606060606061, 0.272727272727, 0.81863899, 1.00000000, 1.00000000, 1.00000000
0.606060606061, 0.282828282828, 0.82344832, 1.00000000, 1.00000000, 1.00000000
0.606060606061, 0.292929292929, 0.82896801, 1.00000000, 1.00000000, 1.00000000
0.606060606061, 0.303030303030, 0.83517608, 1.00000000, 1.00000000, 1.00000000
0.606060606061, 0.313131313131, 0.84204783, 1.00000000, 1.00000000, 1.00000000
0.606060606061, 0.323232323232, 0.84955589, 1.00000000, 1.00000000, 1.00000000
0.606060606061, 0.333333333333, 0.85767033, 1.00000000, 1.00000000, 1.00000000
0.606060606061, 0.343434343434, 0.86635875, 1.00000000, 1.00000000, 1.00000000
0.606060606061, 0.353535353535, 0.87558646, 1.00000000, 1.00000000, 1.00000000
0.606060606061, 0.363636363636, 0.88531657, 1.00000000, 1.00000000, 1.00000000
0.606060606061, 0.373737373737, 0.89551014, 1.00000000, 1.00000000, 1.00000000
0.606060606061, 0.383838383838, 0.90612634, 1.00000000, 1.00000000, 1.00000000
0.606060606061, 0.393939393939, 0.91712263, 1.00000000, 1.00000000, 1.00000000
0.606060606061, 0.404040404040, 0.92845488, 1.00000000, 1.00000000, 1.00000000
0.606060606061, 0.414141414141, 0.94007760, 1.00000000, 1.00000000, 1.00000000
0.606060606061, 0.424242424242, 0.95194408, 1.00000000, 1.00000000, 1.00000000
0.606060606061, 0.434343434343, 0.96400661, 1.00000000, 1.00000000, 1.00000000
0.606060606061, 0.444444444444, 0.97621664, 1.00000000, 1.00000000, 1.00000000
0.606060606061, 0.454545454545, 0.98852501, 1.00000000, 1.00000000, 1.00000000
0.606060606061, 0.464646464646, 1.00088213, 1.00000000, 1.00000000, 1.00000000
0.606060606061, 0.474747474747, 1.01323817, 1.00000000, 1.00000000, 1.00000000
0.606060606061, 0.484848484848, 1.02554330, 1.00000000, 1.00000000, 1.00000000
0.606060606061, 0.494949494949, 1.03774786, 1.00000000, 1.00000000, 1.00000000
0.606060606061, 0.505050505051, 1.04980257, 1.00000000, 1.00000000, 1.00000000
0.606060606061, 0.515151515152, 1.06165874, 1.00000000, 1.00000000, 1.00000000
0.606060606061, 0.525252525253, 1.07326846, 1.00000000, 1.00000000, 1.00000000
0.606060606061, 0.535353535354, 1.08458480, 1.00000000, 1.00000000, 1.00000000
0.606060606061, 0.545454545455, 1.09556202, 1.00000000, 1.00000000, 1.00000000
0.606060606061, 0.555555555556, 1.10615570, 1.00000000, 1.00000000, 1.00000000
0.606060606061, 0.565656565657, 1.11632298, 1.00000000, 1.00000000, 1.00000000
0.606060606061, 0.575757575758, 1.12602274, 1.00000000, 1.00000000, 1.00000000
0.606060606061, 0.585858585859, 1.13521571, 1.00000000, 1.00000000, 1.00000000
0.606060606061, 0.595959595960, 1.14386467, 1.00000000, 1.00000000, 1.00000000
0.606060606061, 0.606060606061, 1.15193460, 1.00000000, 1.00000000, 1.00000000
0.606060606061, 0.616161616162, 1.15939284, 1.00000000, 1.00000000, 1.00000000
0.606060606061, 0.626262626263, 1.16620916, 1.00000000, 1.00000000, 1.00000000
0.606060606061, 0.636363636364, 1.17235598, 1.00000000, 1.00000000, 1.00000000
0.606060606061, 0.646464646465, 1.17780837, 1.00000000, 1.00000000, 1.00000000
0.606060606061, 0.656565656566, 1.18254426, 1.00000000, 1.00000000, 1.00000000
0.606060606061, 0.666666666667, 1.18654445, 1.00000000, 1.00000000, 1.00000000
0.606060606061, 0.676767676768, 1.18979272, 1.00000000, 1.00000000, 1.00000000
0.606060606061, 0.686868686869, 1.19227589, 1.00000000, 1.00000000, 1.00000000
0.606060606061, 0.696969696970, 1.19398386, 1.00000000, 1.00000000, 1.00000000
0.606060606061, 0.707070707071, 1.19490966, 1.00000000, 1.00000000, 1.00000000
0.606060606061, 0.717171717172, 1.19504950, 1.00000000, 1.00000000, 1.00000000
0.606060606061, 0.727272727273, 1.19440288, 1.00000000, 1.00000000, 1.00000000
0.606060606061, 0.737373737374, 1.19297249, 1.00000000, 1.00000000, 1.00000000
0.606060606061, 0.747474747475, 1.19076417, 1.00000000, 1.00000000, 1.00000000
0.606060606061, 0.757575757576, 1.18778692, 1.00000000, 1.00000000, 1.00000000
0.606060606061, 0.767676767677, 1.18405282, 1.00000000, 1.00000000, 1.00000000
0.606060606061, 0.777777777778, 1.17957704, 1.00000000, 1.00000000, 1.00000000
0.606060606061, 0.787878787879, 1.17437773, 1.00000000, 1.00000000, 1.00000000
0.606060606061, 0.797979797980, 1.16847596, 1.00000000, 1.00000000, 1.00000000
0.606060606061, 0.808080808081, 1.16189566, 1.00000000, 1.00000000, 1.00000000
0.606060606061, 0.818181818182, 1.15466350, 1.00000000, 1.00000000, 1.00000000
0.606060606061, 0.828282828283, 1.14680877, 1.00000000, 1.00000000, 1.00000000
0.606060606061, 0.838383838384, 1.13836329, 1.00000000, 1.00000000, 1.00000000
0.606060606061, 0.848484848485, 1.12936128, 1.00000000, 1.00000000, 1.00000000
0.606060606061, 0.858585858586, 1.11983917, 1.00000000, 1.00000000, 1.00000000
0.606060606061, 0.868686868687, 1.10983552, 1.00000000, 1.00000000, 1.00000000
0.606060606061, 0.878787878788, 1.09939080, 1.00000000, 1.00000000, 1.00000000
0.606060606061, 0.888888888889, 1.08854728, 1.00000000, 1.00000000, 1.00000000
0.606060606061, 0.898989898990, 1.07734882, 1.00000000, 1.00000000, 1.00000000
0.606060606061, 0.909090909091, 1.06584068, 1.00000000, 1.00000000, 1.00000000
0.606060606061, 0.919191919192, 1.05406941, 1.00000000, 1.00000000, 1.00000000
0.606060606061, 0.929292929293, 1.04208266, 1.00000000, 1.00000000, 1.00000000
0.606060606061, 0.939393939394, 1.02992929, 1.00000000, 1.00000000, 1.00000000
0.606060606061, 0.949494949495, 1.01766003, 1.00000000, 1.00000000, 1.00000000
0.606060606061, 0.959595959596, 1.00532979, 1.00000000, 1.00000000, 1.00000000
0.616161616162, -0.000000000000, 0.93399049, 1.00000000, 1.00000000, 1.00000000
0.616161616162, 0.010101010101, 0.92354326, 1.00000000, 1.00000000, 1.00000000
0.616161616162, 0.020202020202, 0.91369333, 1.00000000, 1.00000000, 1.00000000
0.616161616162, 0.030303030303, 0.90433272, 1.00000000, 1.00000000, 1.00000000
0.616161616162, 0.040404040404, 0.89528688, 1.00000000, 1.00000000, 1.00000000
0.616161616162, 0.050505050505, 0.88639524, 1.00000000, 1.00000000, 1.00000000
0.616161616162, 0.060606060606, 0.87758287, 1.00000000, 1.00000000, 1.00000000
0.616161616162, 0.070707070707, 0.86888234, 1.00000000, 1.00000000, 1.00000000
0.616161616162, 0.080808080808, 0.86040381, 1.00000000, 1.00000000, 1.00000000
0.616161616162, 0.090909090909, 0.85228358, 1.00000000, 1.00000000, 1.00000000
0.616161616162, 0.101010101010, 0.84464332, 1.00000000, 1.00000000, 1.00000000
0.616161616162, 0.111111111111, 0.83757326, 1.00000000, 1.00000000, 1.00000000
0.616161616162, 0.121212121212, 0.83113414, 1.00000000, 1.00000000, 1.00000000
0.616161616162, 0.131313131313, 0.82536637, 1.00000000, 1.00000000, 1.00000000
0.616161616162, 0.141414141414, 0.82029857, 1.00000000, 1.00000000, 1.00000000
0.616161616162, 0.151515151515, 0.81595275, 1.00000000, 1.00000000, 1.00000000
0.616161616162, 0.161616161616, 0.81234673, 1.00000000, 1.00000000, 1.00000000
0.616161616162, 0.171717171717, 0.80949500, 1.00000000, 1.00000000, 1.00000000
0.616161616162, 0.181818181818, 0.80740900, 1.00000000, 1.00000000, 1.00000000
0.616161616162, 0.191919191919, 0.80609712, 1.00000000, 1.00000000, 1.00000000
0.616161616162, 0.202020202020, 0.80556470, 1.00000000, 1.00000000, 1.00000000
0.616161616162, 0.212121212121, 0.80581387, 1.00000000, 1.00000000, 1.00000000
0.616161616162, 0.222222222222, 0.80684357, 1.00000000, 1.00000000, 1.00000000
0.616161616162, 0.232323232323, 0.80864966, 1.00000000, 1.00000000, 1.00000000
0.616161616162, 0.242424242424, 0.81122492, 1.00000000, 1.00000000, 1.00000000
0.616161616162, 0.252525252525, 0.81455912, 1.00000000, 1.00000000, 1.00000000
0.616161616162, 0.262626262626, 0.81863899, 1.00000000, 1.00000000, 1.00000000
0.616161616162, 0.272727272727, 0.82344832, 1.00000000, 1.00000000, 1.00000000
0.616161616162, 0.282828282828, 0.82896801, 1.00000000, 1.00000000, 1.00000000
0.616161616162, 0.292929292929, 0.83517608, 1.00000000, 1.00000000, 1.00000000
0.616161616162, 0.303030303030, 0.84204783, 1.00000000, 1.00000000, 1.00000000
0.616161616162, 0.313131313131, 0.84955589, 1.00000000, 1.00000000, 1.00000000
0.616161616162, 0.323232323232, 0.85767033, 1.00000000, 1.00000000, 1.00000000
0.616161616162, 0.333333333333, 0.86635875, 1.00000000, 1.00000000, 1.00000000
0.616161616162, 0.343434343434, 0.87558646, 1.00000000, 1.00000000, 1.00000000
0.616161616162, 0.353535353535, 0.88531657, 1.00000000, 1.00000000, 1.00000000
0.616161616162, 0.363636363636, 0.89551014, 1.00000000, 1.00000000, 1.00000000
0.616161616162, 0.373737373737, 0.90612634, 1.00000000, 1.00000000, 1.00000000
0.616161616162, 0.383838383838, 0.91712263, 1.00000000, 1.00000000, 1.00000000
0.616161616162, 0.393939393939, 0.92845488, 1.00000000, 1.00000000, 1.00000000
0.616161616162, 0.404040404040, 0.94007760, 1.00000000, 1.00000000, 1.00000000
0.616161616162, 0.414141414141, 0.95194408, 1.00000000, 1.00000000, 1.00000000
0.616161616162, 0.424242424242, 0.96400661, 1.00000000, 1.00000000, 1.00000000
0.616161616162, 0.434343434343, 0.97621664, 1.00000000, 1.00000000, 1.00000000
0.616161616162, 0.444444444444, 0.98852501, 1.00000000, 1.00000000, 1.00000000
0.616161616162, 0.454545454545, 1.00088213, 1.00000000, 1.00000000, 1.00000000
0.616161616162, 0.464646464646, 1.01323817, 1.00000000, 1.00000000, 1.00000000
0.616161616162, 0.474747474747, 1.02554330, 1.00000000, 1.00000000, 1.00000000
0.616161616162, 0.484848484848, 1.03774786, 1.00000000, 1.00000000, 1.00000000
0.616161616162, 0.494949494949, 1.04980257, 1.00000000, 1.00000000, 1.00000000
0.616161616162, 0.505050505051, 1.06165874, 1.00000000, 1.00000000, 1.00000000
0.616161616162, 0.515151515152, 1.07326846, 1.00000000, 1.00000000, 1.00000000
0.616161616162, 0.525252525253, 1.08458480, 1.00000000, 1.00000000, 1.00000000
0.616161616162, 0.535353535354, 1.09556202, 1.00000000, 1.00000000, 1.00000000
0.616161616162, 0.545454545455, 1.10615570, 1.00000000, 1.00000000, 1.00000000
0.616161616162, 0.555555555556, 1.11632298, 1.00000000, 1.00000000, 1.00000000
0.616161616162, 0.565656565657, 1.12602274, 1.00000000, 1.00000000, 1.00000000
0.616161616162, 0.575757575758, 1.13521571, 1.00000000, 1.00000000, 1.00000000
0.616161616162, 0.585858585859, 1.14386467, 1.00000000, 1.00000000, 1.00000000
0.616161616162, 0.595959595960, 1.15193460, 1.00000000, 1.00000000, 1.00000000
0.616161616162, 0.606060606061, 1.15939284, 1.00000000, 1.00000000, 1.00000000
0.616161616162, 0.616161616162, 1.16620916, 1.00000000, 1.00000000, 1.00000000
0.616161616162, 0.626262626263, 1.17235598, 1.00000000, 1.00000000, 1.00000000
0.616161616162, 0.636363636364, 1.17780837, 1.00000000, 1.00000000, 1.00000000
0.616161616162, 0.646464646465, 1.18254426, 1.00000000, 1.00000000, 1.00000000
0.616161616162, 0.656565656566, 1.18654445, 1.00000000, 1.00000000, 1.00000000
0.616161616162, 0.666666666667, 1.18979272, 1.00000000, 1.00000000, 1.00000000
0.616161616162, 0.676767676768, 1.19227589, 1.00000000, 1.00000000, 1.00000000
0.616161616162, 0.686868686869, 1.19398386, 1.00000000, 1.00000000, 1.00000000
0.616161616162, 0.696969696970, 1.19490966, 1.00000000, 1.00000000, 1.00000000
0.616161616162, 0.707070707071, 1.19504950, 1.00000000, 1.00000000, 1.00000000
0.616161616162, 0.717171717172, 1.19440288, 1.00000000, 1.00000000, 1.00000000
0.616161616162, 0.727272727273, 1.19297249, 1.00000000, 1.00000000, 1.00000000
0.616161616162, 0.737373737374, 1.19076417, 1.00000000, 1.00000000, 1.00000000
0.616161616162, 0.747474747475, 1.18778692, 1.00000000, 1.00000000, 1.00000000
0.616161616162, 0.757575757576, 1.18405282, 1.00000000, 1.00000000, 1.00000000
0.616161616162, 0.767676767677, 1.17957704, 1.00000000, 1.00000000, 1.00000000
0.616161616162, 0.777777777778, 1.17437773, 1.00000000, 1.00000000, 1.00000000
0.616161616162, 0.787878787879, 1.16847596, 1.00000000, 1.00000000, 1.00000000
0.616161616162, 0.797979797980, 1.16189566, 1.00000000, 1.00000000, 1.00000000
0.616161616162, 0.808080808081, 1.15466350, 1.00000000, 1.00000000, 1.00000000
0.616161616162, 0.818181818182, 1.14680877, 1.00000000, 1.00000000, 1.00000000
0.616161616162, 0.828282828283, 1.13836329, 1.00000000, 1.00000000, 1.00000000
0.616161616162, 0.838383838384, 1.12936128, 1.00000000, 1.00000000, 1.00000000
0.616161616162, 0.848484848485, 1.11983917, 1.00000000, 1.00000000, 1.00000000
0.616161616162, 0.858585858586, 1.10983552, 1.00000000, 1.00000000, 1.00000000
0.616161616162, 0.868686868687, 1.09939080, 1.00000000, 1.00000000, 1.00000000
0.616161616162, 0.878787878788, 1.08854728, 1.00000000, 1.00000000, 1.00000000
0.616161616162, 0.888888888889, 1.07734882, 1.00000000, 1.00000000, 1.00000000
0.616161616162, 0.898989898990, 1.06584068, 1.00000000, 1.00000000, 1.00000000
0.616161616162, 0.909090909091, 1.05406938, 1.00000000, 1.00000000, 1.00000000
0.616161616162, 0.919191919192, 1.04208251, 1.00000000, 1.00000000, 1.00000000
0.616161616162, 0.929292929293, 1.02992856, 1.00000000, 1.00000000, 1.00000000
0.616161616162, 0.939393939394, 1.01765704, 1.00000000, 1.00000000, 1.00000000
0.616161616162, 0.949494949495, 1.00531911, 1.00000000, 1.00000000, 1.00000000
0.616161616162, 0.959595959596, 0.99296978, 1.00000000, 1.00000000, 1.00000000
0.626262626263, -0.000000000000, 0.92249376, 1.00000000, 1.00000000, 1.00000000
0.626262626263, 0.010101010101, 0.91231860, 1.00000000, 1.00000000, 1.00000000
0.626262626263, 0.020202020202, 0.90276718, 1.00000000, 1.00000000, 1.00000000
0.626262626263, 0.030303030303, 0.89373476, 1.00000000, 1.00000000, 1.00000000
0.626262626263, 0.040404040404, 0.88505368, 1.00000000, 1.00000000, 1.00000000
0.626262626263, 0.050505050505, 0.87657064, 1.00000000, 1.00000000, 1.00000000
0.626262626263, 0.060606060606, 0.86821499, 1.00000000, 1.00000000, 1.00000000
0.626262626263, 0.070707070707, 0.86001916, 1.00000000, 1.00000000, 1.00000000
0.626262626263, 0.080808080808, 0.85208978, 1.00000000, 1.00000000, 1.00000000
0.626262626263, 0.090909090909, 0.84455804, 1.00000000, 1.00000000, 1.00000000
0.626262626263, 0.101010101010, 0.83754055, 1.00000000, 1.00000000, 1.00000000
0.626262626263, 0.111111111111, 0.83112323, 1.00000000, 1.00000000, 1.00000000
0.626262626263, 0.121212121212, 0.82536322, 1.00000000, 1.00000000, 1.00000000
0.626262626263, 0.131313131313, 0.82029779, 1.00000000, 1.00000000, 1.00000000
0.626262626263, 0.141414141414, 0.81595258, 1.00000000, 1.00000000, 1.00000000
0.626262626263, 0.151515151515, 0.81234670, 1.00000000, 1.00000000, 1.00000000
0.626262626263, 0.161616161616, 0.80949500, 1.00000000, 1.00000000, 1.00000000
0.626262626263, 0.171717171717, 0.80740900, 1.00000000, 1.00000000, 1.00000000
0.626262626263, 0.181818181818, 0.80609712, 1.00000000, 1.00000000, 1.00000000
0.626262626263, 0.191919191919, 0.80556470, 1.00000000, 1.00000000, 1.00000000
0.626262626263, 0.202020202020, 0.80581387, 1.00000000, 1.00000000, 1.00000000
0.626262626263, 0.212121212121, 0.80684357, 1.00000000, 1.00000000, 1.00000000
0.626262626263, 0.222222222222, 0.80864966, 1.00000000, 1.00000000, 1.00000000
0.626262626263, 0.232323232323, 0.81122492, 1.00000000, 1.00000000, 1.00000000
0.626262626263, 0.242424242424, 0.81455912, 1.00000000, 1.00000000, 1.00000000
0.626262626263, 0.252525252525, 0.81863899, 1.00000000, 1.00000000, 1.00000000
0.626262626263, 0.262626262626, 0.82344832, 1.00000000, 1.00000000, 1.00000000
0.626262626263, 0.272727272727, 0.82896801, 1.00000000, 1.00000000, 1.00000000
0.626262626263, 0.282828282828, 0.83517608, 1.00000000, 1.00000000, 1.00000000
0.626262626263, 0.292929292929, 0.84204783, 1.00000000, 1.00000000, 1.00000000
0.626262626263, 0.303030303030, 0.84955589, 1.00000000, 1.00000000, 1.00000000
0.626262626263, 0.313131313131, 0.85767033, 1.00000000, 1.00000000, 1.00000000
0.626262626263, 0.323232323232, 0.86635875, 1.00000000, 1.00000000, 1.00000000
0.626262626263, 0.333333333333, 0.87558646, 1.00000000, 1.00000000, 1.00000000
0.626262626263, 0.343434343434, 0.88531657, 1.00000000, 1.00000000, 1.00000000
0.626262626263, 0.353535353535, 0.89551014, 1.00000000, 1.00000000, 1.00000000
0.626262626263, 0.363636363636, 0.90612634, 1.00000000, 1.00000000, 1.00000000
0.626262626263, 0.373737373737, 0.91712263, 1.00000000, 1.00000000, 1.00000000
0.626262626263, 0.383838383838, 0.92845488, 1.00000000, 1.00000000, 1.00000000
0.626262626263, 0.393939393939, 0.94007760, 1.00000000, 1.00000000, 1.00000000
0.626262626263, 0.404040404040, 0.95194408, 1.00000000, 1.00000000, 1.00000000
0.626262626263, 0.414141414141, 0.96400661, 1.00000000, 1.00000000, 1.00000000
0.626262626263, 0.424242424242, 0.97621664, 1.00000000, 1.00000000, 1.00000000
0.626262626263, 0.434343434343, 0.98852501, 1.00000000, 1.00000000, 1.00000000
0.626262626263, 0.444444444444, 1.00088213, 1.00000000, 1.00000000, 1.00000000
0.626262626263, 0.454545454545, 1.01323817, 1.00000000, 1.00000000, 1.00000000
0.626262626263, 0.464646464646, 1.02554330, 1.00000000, 1.00000000, 1.00000000
0.626262626263, 0.474747474747, 1.03774786, 1.00000000, 1.00000000, 1.00000000
0.626262626263, 0.484848484848, 1.04980257, 1.00000000, 1.00000000, 1.00000000
0.626262626263, 0.494949494949, 1.06165874, 1.00000000, 1.00000000, 1.00000000
0.626262626263, 0.505050505051, 1.07326846, 1.00000000, 1.00000000, 1.00000000
0.626262626263, 0.515151515152, 1.08458480, 1.00000000, 1.00000000, 1.00000000
0.626262626263, 0.525252525253, 1.09556202, 1.00000000, 1.00000000, 1.00000000
0.626262626263, 0.535353535354, 1.10615570, 1.00000000, 1.00000000, 1.00000000
0.626262626263, 0.545454545455, 1.11632298, 1.00000000, 1.00000000, 1.00000000
0.626262626263, 0.555555555556, 1.12602274, 1.00000000, 1.00000000, 1.00000000
0.626262626263, 0.565656565657, 1.13521571, 1.00000000, 1.00000000, 1.00000000
0.626262626263, 0.575757575758, 1.14386467, 1.00000000, 1.00000000, 1.00000000
0.626262626263, 0.585858585859, 1.15193460, 1.00000000, 1.00000000, 1.00000000
0.626262626263, 0.595959595960, 1.15939284, 1.00000000, 1.00000000, 1.00000000
0.626262626263, 0.606060606061, 1.16620916, 1.00000000, 1.00000000, 1.00000000
0.626262626263, 0.616161616162, 1.17235598, 1.00000000, 1.00000000, 1.00000000
0.626262626263, 0.626262626263, 1.17780837, 1.00000000, 1.00000000, 1.00000000
0.626262626263, 0.636363636364, 1.18254426, 1.00000000, 1.00000000, 1.00000000
0.626262626263, 0.646464646465, 1.18654445, 1.00000000, 1.00000000, 1.00000000
0.626262626263, 0.656565656566, 1.18979272, 1.00000000, 1.00000000, 1.00000000
0.626262626263, 0.666666666667, 1.19227589, 1.00000000, 1.00000000, 1.00000000
0.626262626263, 0.676767676768, 1.19398386, 1.00000000, 1.00000000, 1.00000000
0.626262626263, 0.686868686869, 1.19490966, 1.00000000, 1.00000000, 1.00000000
0.626262626263, 0.696969696970, 1.19504950, 1.00000000, 1.00000000, 1.00000000
0.626262626263, 0.707070707071, 1.19440288, 1.00000000, 1.00000000, 1.00000000
0.626262626263, 0.717171717172, 1.19297249, 1.00000000, 1.00000000, 1.00000000
0.626262626263, 0.727272727273, 1.19076417, 1.00000000, 1.00000000, 1.00000000
0.626262626263, 0.737373737374, 1.18778692, 1.00000000, 1.00000000, 1.00000000
0.626262626263, 0.747474747475, 1.18405282, 1.00000000, 1.00000000, 1.00000000
0.626262626263, 0.757575757576, 1.17957704, 1.00000000, 1.00000000, 1.00000000
0.626262626263, 0.767676767677, 1.17437773, 1.00000000, 1.00000000, 1.00000000
0.626262626263, 0.777777777778, 1.16847596, 1.00000000, 1.00000000, 1.00000000
0.626262626263, 0.787878787879, 1.16189566, 1.00000000, 1.00000000, 1.00000000
0.626262626263, 0.797979797980, 1.15466350, 1.00000000, 1.00000000, 1.00000000
0.626262626263, 0.808080808081, 1.14680877, 1.00000000, 1.00000000, 1.00000000
0.626262626263, 0.818181818182, 1.13836329, 1.00000000, 1.00000000, 1.00000000
0.626262626263, 0.828282828283, 1.12936128, 1.00000000, 1.00000000, 1.00000000
0.626262626263, 0.838383838384, 1.11983917, 1.00000000, 1.00000000, 1.00000000
0.626262626263, 0.848484848485, 1.10983552, 1.00000000, 1.00000000, 1.00000000
0.626262626263, 0.858585858586, 1.09939080, 1.00000000, 1.00000000, 1.00000000
0.626262626263, 0.868686868687, 1.08854728, 1.00000000, 1.00000000, 1.00000000
0.626262626263, 0.878787878788, 1.07734882, 1.00000000, 1.00000000, 1.00000000
0.626262626263, 0.888888888889, 1.06584068, 1.00000000, 1.00000000, 1.00000000
0.626262626263, 0.898989898990, 1.05406938, 1.00000000, 1.00000000, 1.00000000
0.626262626263, 0.909090909091, 1.04208248, 1.00000000, 1.00000000, 1.00000000
0.626262626263, 0.919191919192, 1.02992841, 1.00000000, 1.00000000, 1.00000000
0.626262626263, 0.929292929293, 1.01765632, 1.00000000, 1.00000000, 1.00000000
0.626262626263, 0.939393939394, 1.00531616, 1.00000000, 1.00000000, 1.00000000
0.626262626263, 0.949494949495, 0.99295930, 1.00000000, 1.00000000, 1.00000000
0.626262626263, 0.959595959596, 0.98064064, 1.00000000, 1.00000000, 1.00000000
0.636363636364, -0.000000000000, 0.91131074, 1.00000000, 1.00000000, 1.00000000
0.636363636364, 0.010101010101, 0.90144849, 1.00000000, 1.00000000, 1.00000000
0.636363636364, 0.020202020202, 0.89223406, 1.00000000, 1.00000000, 1.00000000
0.636363636364, 0.030303030303, 0.88356628, 1.00000000, 1.00000000, 1.00000000
0.636363636364, 0.040404040404, 0.87528499, 1.00000000, 1.00000000, 1.00000000
0.636363636364, 0.050505050505, 0.86724467, 1.00000000, 1.00000000, 1.00000000
0.636363636364, 0.060606060606, 0.85937913, 1.00000000, 1.00000000, 1.00000000
0.636363636364, 0.070707070707, 0.85172065, 1.00000000, 1.00000000, 1.00000000
0.636363636364, 0.080808080808, 0.84437192, 1.00000000, 1.00000000, 1.00000000
0.636363636364, 0.090909090909, 0.83745859, 1.00000000, 1.00000000, 1.00000000
0.636363636364, 0.101010101010, 0.83109177, 1.00000000, 1.00000000, 1.00000000
0.636363636364, 0.111111111111, 0.82535273, 1.00000000, 1.00000000, 1.00000000
0.636363636364, 0.121212121212, 0.82029476, 1.00000000, 1.00000000, 1.00000000
0.636363636364, 0.131313131313, 0.81595183, 1.00000000, 1.00000000, 1.00000000
0.636363636364, 0.141414141414, 0.81234654, 1.00000000, 1.00000000, 1.00000000
0.636363636364, 0.151515151515, 0.80949497, 1.00000000, 1.00000000, 1.00000000
0.636363636364, 0.161616161616, 0.80740900, 1.00000000, 1.00000000, 1.00000000
0.636363636364, 0.171717171717, 0.80609712, 1.00000000, 1.00000000, 1.00000000
0.636363636364, 0.181818181818, 0.80556470, 1.00000000, 1.00000000, 1.00000000
0.636363636364, 0.191919191919, 0.80581387, 1.00000000, 1.00000000, 1.00000000
0.636363636364, 0.202020202020, 0.80684357, 1.00000000, 1.00000000, 1.00000000
0.636363636364, 0.212121212121, 0.80864966, 1.00000000, 1.00000000, 1.00000000
0.636363636364, 0.222222222222, 0.81122492, 1.00000000, 1.00000000, 1.00000000
0.636363636364, 0.232323232323, 0.81455912, 1.00000000, 1.00000000, 1.00000000
0.636363636364, 0.242424242424, 0.81863899, 1.00000000, 1.00000000, 1.00000000
0.636363636364, 0.252525252525, 0.82344832, 1.00000000, 1.00000000, 1.00000000
0.636363636364, 0.262626262626, 0.82896801, 1.00000000, 1.00000000, 1.00000000
0.636363636364, 0.272727272727, 0.83517608, 1.00000000, 1.00000000, 1.00000000
0.636363636364, 0.282828282828, 0.84204783, 1.00000000, 1.00000000, 1.00000000
0.636363636364, 0.292929292929, 0.84955589, 1.00000000, 1.00000000, 1.00000000
0.636363636364, 0.303030303030, 0.85767033, 1.00000000, 1.00000000, 1.00000000
0.636363636364, 0.313131313131, 0.86635875, 1.00000000, 1.00000000, 1.00000000
0.636363636364, 0.323232323232, 0.87558646, 1.00000000, 1.00000000, 1.00000000
0.636363636364, 0.333333333333, 0.88531657, 1.00000000, 1.00000000, 1.00000000
0.636363636364, 0.343434343434, 0.89551014, 1.00000000, 1.00000000, 1.00000000
0.636363636364, 0.353535353535, 0.90612634, 1.00000000, 1.00000000, 1.00000000
0.636363636364, 0.363636363636, 0.91712263, 1.00000000, 1.00000000, 1.00000000
0.636363636364, 0.373737373737, 0.92845488, 1.00000000, 1.00000000, 1.00000000
0.636363636364, 0.383838383838, 0.94007760, 1.00000000, 1.00000000, 1.00000000
0.636363636364, 0.393939393939, 0.95194408, 1.00000000, 1.00000000, 1.00000000
0.636363636364, 0.404040404040, 0.96400661, 1.00000000, 1.00000000, 1.00000000
0.636363636364, 0.414141414141, 0.97621664, 1.00000000, 1.00000000, 1.00000000
0.636363636364, 0.424242424242, 0.98852501, 1.00000000, 1.00000000, 1.00000000
0.636363636364, 0.434343434343, 1.00088213, 1.00000000, 1.00000000, 1.00000000
0.636363636364, 0.444444444444, 1.01323817, 1.00000000, 1.00000000, 1.00000000
0.636363636364, 0.454545454545, 1.02554330, 1.00000000, 1.00000000, 1.00000000
0.636363636364, 0.464646464646, 1.03774786, 1.00000000, 1.00000000, 1.00000000
0.636363636364, 0.474747474747, 1.04980257, 1.00000000, 1.00000000, 1.00000000
0.636363636364, 0.484848484848, 1.06165874, 1.00000000, 1.00000000, 1.00000000
0.636363636364, 0.494949494949, 1.07326846, 1.00000000, 1.00000000, 1.00000000
0.636363636364, 0.505050505051, 1.08458480, 1.00000000, 1.00000000, 1.00000000
0.636363636364, 0.515151515152, 1.09556202, 1.00000000, 1.00000000, 1.00000000
0.636363636364, 0.525252525253, 1.10615570, 1.00000000, 1.00000000, 1.00000000
0.636363636364, 0.535353535354, 1.11632298, 1.00000000, 1.00000000, 1.00000000
0.636363636364, 0.545454545455, 1.12602274, 1.00000000, 1.00000000, 1.00000000
0.636363636364, 0.555555555556, 1.13521571, 1.00000000, 1.00000000, 1.00000000
0.636363636364, 0.565656565657, 1.14386467, 1.00000000, 1.00000000, 1.00000000
0.636363636364, 0.575757575758, 1.15193460, 1.00000000, 1.00000000, 1.00000000
0.636363636364, 0.585858585859, 1.15939284, 1.00000000, 1.00000000, 1.00000000
0.636363636364, 0.595959595960, 1.16620916, 1.00000000, 1.00000000, 1.00000000
0.636363636364, 0.606060606061, 1.17235598, 1.00000000, 1.00000000, 1.00000000
0.636363636364, 0.616161616162, 1.17780837, 1.00000000, 1.00000000, 1.00000000
0.636363636364, 0.626262626263, 1.18254426, 1.00000000, 1.00000000, 1.00000000
0.636363636364, 0.636363636364, 1.18654445, 1.00000000, 1.00000000, 1.00000000
0.636363636364, 0.646464646465, 1.18979272, 1.00000000, 1.00000000, 1.00000000
0.636363636364, 0.656565656566, 1.19227589, 1.00000000, 1.00000000, 1.00000000
0.636363636364, 0.666666666667, 1.19398386, 1.00000000, 1.00000000, 1.00000000
0.636363636364, 0.676767676768, 1.19490966, 1.00000000, 1.00000000, 1.00000000
0.636363636364, 0.686868686869, 1.19504950, 1.00000000, 1.00000000, 1.00000000
0.636363636364, 0.696969696970, 1.19440288, 1.00000000, 1.00000000, 1.00000000
0.636363636364, 0.707070707071, 1.19297249, 1.00000000, 1.00000000, 1.00000000
0.636363636364, 0.717171717172, 1.19076417, 1.00000000, 1.00000000, 1.00000000
0.636363636364, 0.727272727273, 1.18778692, 1.00000000, 1.00000000, 1.00000000
0.636363636364, 0.737373737374, 1.18405282, 1.00000000, 1.00000000, 1.00000000
0.636363636364, 0.747474747475, 1.17957704, 1.00000000, 1.00000000, 1.00000000
0.636363636364, 0.757575757576, 1.17437773, 1.00000000, 1.00000000, 1.00000000
0.636363636364, 0.767676767677, 1.16847596, 1.00000000, 1.00000000, 1.00000000
0.636363636364, 0.777777777778, 1.16189566, 1.00000000, 1.00000000, 1.00000000
0.636363636364, 0.787878787879, 1.15466350, 1.00000000, 1.00000000, 1.00000000
0.636363636364, 0.797979797980, 1.14680877, 1.00000000, 1.00000000, 1.00000000
0.636363636364, 0.808080808081, 1.13836329, 1.00000000, 1.00000000, 1.00000000
0.636363636364, 0.818181818182, 1.12936128, 1.00000000, 1.00000000, 1.00000000
0.636363636364, 0.828282828283, 1.11983917, 1.00000000, 1.00000000, 1.00000000
0.636363636364, 0.838383838384, 1.10983552, 1.00000000, 1.00000000, 1.00000000
0.636363636364, 0.848484848485, 1.09939080, 1.00000000, 1.00000000, 1.00000000
0.636363636364, 0.858585858586, 1.08854728, 1.00000000, 1.00000000, 1.00000000
0.636363636364, 0.868686868687, 1.07734882, 1.00000000, 1.00000000, 1.00000000
0.636363636364, 0.878787878788, 1.06584068, 1.00000000, 1.00000000, 1.00000000
0.636363636364, 0.888888888889, 1.05406938, 1.00000000, 1.00000000, 1.00000000
0.636363636364, 0.898989898990, 1.04208247, 1.00000000, 1.00000000, 1.00000000
0.636363636364, 0.909090909091, 1.02992838, 1.00000000, 1.00000000, 1.00000000
0.636363636364, 0.919191919192, 1.01765617, 1.00000000, 1.00000000, 1.00000000
0.636363636364, 0.929292929293, 1.00531545, 1.00000000, 1.00000000, 1.00000000
0.636363636364, 0.939393939394, 0.99295640, 1.00000000, 1.00000000, 1.00000000
0.636363636364, 0.949494949495, 0.98063040, 1.00000000, 1.00000000, 1.00000000
0.636363636364, 0.959595959596, 0.96839201, 1.00000000, 1.00000000, 1.00000000
0.646464646465, -0.000000000000, 0.90048625, 1.00000000, 1.00000000, 1.00000000
0.646464646465, 0.010101010101, 0.89097645, 1.00000000, 1.00000000, 1.00000000
0.646464646465, 0.020202020202, 0.88213611, 1.00000000, 1.00000000, 1.00000000
0.646464646465, 0.030303030303, 0.87386800, 1.00000000, 1.00000000, 1.00000000
0.646464646465, 0.040404040404, 0.86601993, 1.00000000, 1.00000000, 1.00000000
0.646464646465, 0.050505050505, 0.85845461, 1.00000000, 1.00000000, 1.00000000
0.646464646465, 0.060606060606, 0.85111061, 1.00000000, 1.00000000, 1.00000000
0.646464646465, 0.070707070707, 0.84401994, 1.00000000, 1.00000000, 1.00000000
0.646464646465, 0.080808080808, 0.83728104, 1.00000000, 1.00000000, 1.00000000
0.646464646465, 0.090909090909, 0.83101355, 1.00000000, 1.00000000, 1.00000000
0.646464646465, 0.101010101010, 0.82532269, 1.00000000, 1.00000000, 1.00000000
0.646464646465, 0.111111111111, 0.82028473, 1.00000000, 1.00000000, 1.00000000
0.646464646465, 0.121212121212, 0.81594893, 1.00000000, 1.00000000, 1.00000000
0.646464646465, 0.131313131313, 0.81234582, 1.00000000, 1.00000000, 1.00000000
0.646464646465, 0.141414141414, 0.80949481, 1.00000000, 1.00000000, 1.00000000
0.646464646465, 0.151515151515, 0.80740897, 1.00000000, 1.00000000, 1.00000000
0.646464646465, 0.161616161616, 0.80609712, 1.00000000, 1.00000000, 1.00000000
0.646464646465, 0.171717171717, 0.80556470, 1.00000000, 1.00000000, 1.00000000
0.646464646465, 0.181818181818, 0.80581387, 1.00000000, 1.00000000, 1.00000000
0.646464646465, 0.191919191919, 0.80684357, 1.00000000, 1.00000000, 1.00000000
0.646464646465, 0.202020202020, 0.80864966, 1.00000000, 1.00000000, 1.00000000
0.646464646465, 0.212121212121, 0.81122492, 1.00000000, 1.00000000, 1.00000000
0.646464646465, 0.222222222222, 0.81455912, 1.00000000, 1.00000000, 1.00000000
0.646464646465, 0.232323232323, 0.81863899, 1.00000000, 1.00000000, 1.00000000
0.646464646465, 0.242424242424, 0.82344832, 1.00000000, 1.00000000, 1.00000000
0.646464646465, 0.252525252525, 0.82896801, 1.00000000, 1.00000000, 1.00000000
0.646464646465, 0.262626262626, 0.83517608, 1.00000000, 1.00000000, 1.00000000
0.646464646465, 0.272727272727, 0.84204783, 1.00000000, 1.00000000, 1.00000000
0.646464646465, 0.282828282828, 0.84955589, 1.00000000, 1.00000000, 1.00000000
0.646464646465, 0.292929292929, 0.85767033, 1.00000000, 1.00000000, 1.00000000
0.646464646465, 0.303030303030, 0.86635875, 1.00000000, 1.00000000, 1.00000000
0.646464646465, 0.313131313131, 0.87558646, 1.00000000, 1.00000000, 1.00000000
0.646464646465, 0.323232323232, 0.88531657, 1.00000000, 1.00000000, 1.00000000
0.646464646465, 0.333333333333, 0.89551014, 1.00000000, 1.00000000, 1.00000000
0.646464646465, 0.343434343434, 0.90612634, 1.00000000, 1.00000000, 1.00000000
0.646464646465, 0.353535353535, 0.91712263, 1.00000000, 1.00000000, 1.00000000
0.646464646465, 0.363636363636, 0.92845488, 1.00000000, 1.00000000, 1.00000000
0.646464646465, 0.373737373737, 0.94007760, 1.00000000, 1.00000000, 1.00000000
0.646464646465, 0.383838383838, 0.95194408, 1.00000000, 1.00000000, 1.00000000
0.646464646465, 0.393939393939, 0.96400661, 1.00000000, 1.00000000, 1.00000000
0.646464646465, 0.404040404040, 0.97621664, 1.00000000, 1.00000000, 1.00000000
0.646464646465, 0.414141414141, 0.98852501, 1.00000000, 1.00000000, 1.00000000
0.646464646465, 0.424242424242, 1.00088213, 1.00000000, 1.00000000, 1.00000000
0.646464646465, 0.434343434343, 1.01323817, 1.00000000, 1.00000000, 1.00000000
0.646464646465, 0.444444444444, 1.02554330, 1.00000000, 1.00000000, 1.00000000
0.646464646465, 0.454545454545, 1.03774786, 1.00000000, 1.00000000, 1.00000000
0.646464646465, 0.464646464646, 1.04980257, 1.00000000, 1.00000000, 1.00000000
0.646464646465, 0.474747474747, 1.06165874, 1.00000000, 1.00000000, 1.00000000
0.646464646465, 0.484848484848, 1.07326846, 1.00000000, 1.00000000, 1.00000000
0.646464646465, 0.494949494949, 1.08458480, 1.00000000, 1.00000000, 1.00000000
0.646464646465, 0.505050505051, 1.09556202, 1.00000000, 1.00000000, 1.00000000
0.646464646465, 0.515151515152, 1.10615570, 1.00000000, 1.00000000, 1.00000000
0.646464646465, 0.525252525253, 1.11632298, 1.00000000, 1.00000000, 1.00000000
0.646464646465, 0.535353535354, 1.12602274, 1.00000000, 1.00000000, 1.00000000
0.646464646465, 0.545454545455, 1.13521571, 1.00000000, 1.00000000, 1.00000000
0.646464646465, 0.555555555556, 1.14386467, 1.00000000, 1.00000000, 1.00000000
0.646464646465, 0.565656565657, 1.15193460, 1.00000000, 1.00000000, 1.00000000
0.646464646465, 0.575757575758, 1.15939284, 1.00000000, 1.00000000, 1.00000000
0.646464646465, 0.585858585859, 1.16620916, 1.00000000, 1.00000000, 1.00000000
0.646464646465, 0.595959595960, 1.17235598, 1.00000000, 1.00000000, 1.00000000
0.646464646465, 0.606060606061, 1.17780837, 1.00000000, 1.00000000, 1.00000000
0.646464646465, 0.616161616162, 1.18254426, 1.00000000, 1.00000000, 1.00000000
0.646464646465, 0.626262626263, 1.18654445, 1.00000000, 1.00000000, 1.00000000
0.646464646465, 0.636363636364, 1.18979272, 1.00000000, 1.00000000, 1.00000000
0.646464646465, 0.646464646465, 1.19227589, 1.00000000, 1.00000000, 1.00000000
0.646464646465, 0.656565656566, 1.19398386, 1.00000000, 1.00000000, 1.00000000
0.646464646465, 0.666666666667, 1.19490966, 1.00000000, 1.00000000, 1.00000000
0.646464646465, 0.676767676768, 1.19504950, 1.00000000, 1.00000000, 1.00000000
0.646464646465, 0.686868686869, 1.19440288, 1.00000000, 1.00000000, 1.00000000
0.646464646465, 0.696969696970, 1.19297249, 1.00000000, 1.00000000, 1.00000000
0.646464646465, 0.707070707071, 1.19076417, 1.00000000, 1.00000000, 1.00000000
0.646464646465, 0.717171717172, 1.18778692, 1.00000000, 1.00000000, 1.00000000
0.646464646465, 0.727272727273, 1.18405282, 1.00000000, 1.00000000, 1.00000000
0.646464646465, 0.737373737374, 1.17957704, 1.00000000, 1.00000000, 1.00000000
0.646464646465, 0.747474747475, 1.17437773, 1.00000000, 1.00000000, 1.00000000
0.646464646465, 0.757575757576, 1.16847596, 1.00000000, 1.00000000, 1.00000000
0.646464646465, 0.767676767677, 1.16189566, 1.00000000, 1.00000000, 1.00000000
0.646464646465, 0.777777777778, 1.15466350, 1.00000000, 1.00000000, 1.00000000
0.646464646465, 0.787878787879, 1.14680877, 1.00000000, 1.00000000, 1.00000000
0.646464646465, 0.797979797980, 1.13836329, 1.00000000, 1.00000000, 1.00000000
0.646464646465, 0.808080808081, 1.12936128, 1.00000000, 1.00000000, 1.00000000
0.646464646465, 0.818181818182, 1.11983917, 1.00000000, 1.00000000, 1.00000000
0.646464646465, 0.828282828283, 1.10983552, 1.00000000, 1.00000000, 1.00000000
0.646464646465, 0.838383838384, 1.09939080, 1.00000000, 1.00000000, 1.00000000
0.646464646465, 0.848484848485, 1.08854728, 1.00000000, 1.00000000, 1.00000000
0.646464646465, 0.858585858586, 1.07734882, 1.00000000, 1.00000000, 1.00000000
0.646464646465, 0.868686868687, 1.06584068, 1.00000000, 1.00000000, 1.00000000
0.646464646465, 0.878787878788, 1.05406938, 1.00000000, 1.00000000, 1.00000000
0.646464646465, 0.888888888889, 1.04208247, 1.00000000, 1.00000000, 1.00000000
0.646464646465, 0.898989898990, 1.02992838, 1.00000000, 1.00000000, 1.00000000
0.646464646465, 0.909090909091, 1.01765614, 1.00000000, 1.00000000, 1.00000000
0.646464646465, 0.919191919192, 1.00531530, 1.00000000, 1.00000000, 1.00000000
0.646464646465, 0.929292929293, 0.99295571, 1.00000000, 1.00000000, 1.00000000
0.646464646465, 0.939393939394, 0.98062758, 1.00000000, 1.00000000, 1.00000000
0.646464646465, 0.949494949495, 0.96838207, 1.00000000, 1.00000000, 1.00000000
0.646464646465, 0.959595959596, 0.95627318, 1.00000000, 1.00000000, 1.00000000
0.656565656566, -0.000000000000, 0.89006362, 1.00000000, 1.00000000, 1.00000000
0.656565656566, 0.010101010101, 0.88094440, 1.00000000, 1.00000000, 1.00000000
0.656565656566, 0.020202020202, 0.87251376, 1.00000000, 1.00000000, 1.00000000
0.656565656566, 0.030303030303, 0.86467871, 1.00000000, 1.00000000, 1.00000000
0.656565656566, 0.040404040404, 0.85729553, 1.00000000, 1.00000000, 1.00000000
0.656565656566, 0.050505050505, 0.85023561, 1.00000000, 1.00000000, 1.00000000
0.656565656566, 0.060606060606, 0.84344247, 1.00000000, 1.00000000, 1.00000000
0.656565656566, 0.070707070707, 0.83694776, 1.00000000, 1.00000000, 1.00000000
0.656565656566, 0.080808080808, 0.83084539, 1.00000000, 1.00000000, 1.00000000
0.656565656566, 0.090909090909, 0.82524859, 1.00000000, 1.00000000, 1.00000000
0.656565656566, 0.101010101010, 0.82025628, 1.00000000, 1.00000000, 1.00000000
0.656565656566, 0.111111111111, 0.81593944, 1.00000000, 1.00000000, 1.00000000
0.656565656566, 0.121212121212, 0.81234307, 1.00000000, 1.00000000, 1.00000000
0.656565656566, 0.131313131313, 0.80949413, 1.00000000, 1.00000000, 1.00000000
0.656565656566, 0.141414141414, 0.80740883, 1.00000000, 1.00000000, 1.00000000
0.656565656566, 0.151515151515, 0.80609709, 1.00000000, 1.00000000, 1.00000000
0.656565656566, 0.161616161616, 0.80556469, 1.00000000, 1.00000000, 1.00000000
0.656565656566, 0.171717171717, 0.80581387, 1.00000000, 1.00000000, 1.00000000
0.656565656566, 0.181818181818, 0.80684357, 1.00000000, 1.00000000, 1.00000000
0.656565656566, 0.191919191919, 0.80864966, 1.00000000, 1.00000000, 1.00000000
0.656565656566, 0.202020202020, 0.81122492, 1.00000000, 1.00000000, 1.00000000
0.656565656566, 0.212121212121, 0.81455912, 1.00000000, 1.00000000, 1.00000000
0.656565656566, 0.222222222222, 0.81863899, 1.00000000, 1.00000000, 1.00000000
0.656565656566, 0.232323232323, 0.82344832, 1.00000000, 1.00000000, 1.00000000
0.656565656566, 0.242424242424, 0.82896801, 1.00000000, 1.00000000, 1.00000000
0.656565656566, 0.252525252525, 0.83517608, 1.00000000, 1.00000000, 1.00000000
0.656565656566, 0.262626262626, 0.84204783, 1.00000000, 1.00000000, 1.00000000
0.656565656566, 0.272727272727, 0.84955589, 1.00000000, 1.00000000, 1.00000000
0.656565656566, 0.282828282828, 0.85767033, 1.00000000, 1.00000000, 1.00000000
0.656565656566, 0.292929292929, 0.86635875, 1.00000000, 1.00000000, 1.00000000
0.656565656566, 0.303030303030, 0.87558646, 1.00000000, 1.00000000, 1.00000000
0.656565656566, 0.313131313131, 0.88531657, 1.00000000, 1.00000000, 1.00000000
0.656565656566, 0.323232323232, 0.89551014, 1.00000000, 1.00000000, 1.00000000
0.656565656566, 0.333333333333, 0.90612634, 1.00000000, 1.00000000, 1.00000000
0.656565656566, 0.343434343434, 0.91712263, 1.00000000, 1.00000000, 1.00000000
0.656565656566, 0.353535353535, 0.92845488, 1.00000000, 1.00000000, 1.00000000
0.656565656566, 0.363636363636, 0.94007760, 1.00000000, 1.00000000, 1.00000000
0.656565656566, 0.373737373737, 0.95194408, 1.00000000, 1.00000000, 1.00000000
0.656565656566, 0.383838383838, 0.96400661, 1.00000000, 1.00000000, 1.00000000
0.656565656566, 0.393939393939, 0.97621664, 1.00000000, 1.00000000, 1.00000000
0.656565656566, 0.404040404040, 0.98852501, 1.00000000, 1.00000000, 1.00000000
0.656565656566, 0.414141414141, 1.00088213, 1.00000000, 1.00000000, 1.00000000
0.656565656566, 0.424242424242, 1.01323817, 1.00000000, 1.00000000, 1.00000000
0.656565656566, 0.434343434343, 1.02554330, 1.00000000, 1.00000000, 1.00000000
0.656565656566, 0.444444444444, 1.03774786, 1.00000000, 1.00000000, 1.00000000
0.656565656566, 0.454545454545, 1.04980257, 1.00000000, 1.00000000, 1.00000000
0.656565656566, 0.464646464646, 1.06165874, 1.00000000, 1.00000000, 1.00000000
0.656565656566, 0.474747474747, 1.07326846, 1.00000000, 1.00000000, 1.00000000
0.656565656566, 0.484848484848, 1.08458480, 1.00000000, 1.00000000, 1.00000000
0.656565656566, 0.494949494949, 1.09556202, 1.00000000, 1.00000000, 1.00000000
0.656565656566, 0.505050505051, 1.10615570, 1.00000000, 1.00000000, 1.00000000
0.656565656566, 0.515151515152, 1.11632298, 1.00000000, 1.00000000, 1.00000000
0.656565656566, 0.525252525253, 1.12602274, 1.00000000, 1.00000000, 1.00000000
0.656565656566, 0.535353535354, 1.13521571, 1.00000000, 1.00000000, 1.00000000
0.656565656566, 0.545454545455, 1.14386467, 1.00000000, 1.00000000, 1.00000000
0.656565656566, 0.555555555556, 1.15193460, 1.00000000, 1.00000000, 1.00000000
0.656565656566, 0.565656565657, 1.15939284, 1.00000000, 1.00000000, 1.00000000
0.656565656566, 0.575757575758, 1.16620916, 1.00000000, 1.00000000, 1.00000000
0.656565656566, 0.585858585859, 1.17235598, 1.00000000, 1.00000000, 1.00000000
0.656565656566, 0.595959595960, 1.17780837, 1.00000000, 1.00000000, 1.00000000
0.656565656566, 0.606060606061, 1.18254426, 1.00000000, 1.00000000, 1.00000000
0.656565656566, 0.616161616162, 1.18654445, 1.00000000, 1.00000000, 1.00000000
0.656565656566, 0.626262626263, 1.18979272, 1.00000000, 1.00000000, 1.00000000
0.656565656566, 0.636363636364, 1.19227589, 1.00000000, 1.00000000, 1.00000000
0.656565656566, 0.646464646465, 1.19398386, 1.00000000, 1.00000000, 1.00000000
0.656565656566, 0.656565656566, 1.19490966, 1.00000000, 1.00000000, 1.00000000
0.656565656566, 0.666666666667, 1.19504950, 1.00000000, 1.00000000, 1.00000000
0.656565656566, 0.676767676768, 1.19440288, 1.00000000, 1.00000000, 1.00000000
0.656565656566, 0.686868686869, 1.19297249, 1.00000000, 1.00000000, 1.00000000
0.656565656566, 0.696969696970, 1.19076417, 1.00000000, 1.00000000, 1.00000000
0.656565656566, 0.707070707071, 1.18778692, 1.00000000, 1.00000000, 1.00000000
0.656565656566, 0.717171717172, 1.18405282, 1.00000000, 1.00000000, 1.00000000
0.656565656566, 0.727272727273, 1.17957704, 1.00000000, 1.00000000, 1.00000000
0.656565656566, 0.737373737374, 1.17437773, 1.00000000, 1.00000000, 1.00000000
0.656565656566, 0.747474747475, 1.16847596, 1.00000000, 1.00000000, 1.00000000
0.656565656566, 0.757575757576, 1.16189566, 1.00000000, 1.00000000, 1.00000000
0.656565656566, 0.767676767677, 1.15466350, 1.00000000, 1.00000000, 1.00000000
0.656565656566, 0.777777777778, 1.14680877, 1.00000000, 1.00000000, 1.00000000
0.656565656566, 0.787878787879, 1.13836329, 1.00000000, 1.00000000, 1.00000000
0.656565656566, 0.797979797980, 1.12936128, 1.00000000, 1.00000000, 1.00000000
0.656565656566, 0.808080808081, 1.11983917, 1.00000000, 1.00000000, 1.00000000
0.656565656566, 0.818181818182, 1.10983552, 1.00000000, 1.00000000, 1.00000000
0.656565656566, 0.828282828283, 1.09939080, 1.00000000, 1.00000000, 1.00000000
0.656565656566, 0.838383838384, 1.08854728, 1.00000000, 1.00000000, 1.00000000
0.656565656566, 0.848484848485, 1.07734882, 1.00000000, 1.00000000, 1.00000000
0.656565656566, 0.858585858586, 1.06584068, 1.00000000, 1.00000000, 1.00000000
0.656565656566, 0.868686868687, 1.05406938, 1.00000000, 1.00000000, 1.00000000
0.656565656566, 0.878787878788, 1.04208247, 1.00000000, 1.00000000, 1.00000000
0.656565656566, 0.888888888889, 1.02992837, 1.00000000, 1.00000000, 1.00000000
0.656565656566, 0.898989898990, 1.01765614, 1.00000000, 1.00000000, 1.00000000
0.656565656566, 0.909090909091, 1.00531527, 1.00000000, 1.00000000, 1.00000000
0.656565656566, 0.919191919192, 0.99295556, 1.00000000, 1.00000000, 1.00000000
0.656565656566, 0.929292929293, 0.98062691, 1.00000000, 1.00000000, 1.00000000
0.656565656566, 0.939393939394, 0.96837935, 1.00000000, 1.00000000, 1.00000000
0.656565656566, 0.949494949495, 0.95626361, 1.00000000, 1.00000000, 1.00000000
0.656565656566, 0.959595959596, 0.94433290, 1.00000000, 1.00000000, 1.00000000
0.666666666667, -0.000000000000, 0.88008458, 1.00000000, 1.00000000, 1.00000000
0.666666666667, 0.010101010101, 0.87139247, 1.00000000, 1.00000000, 1.00000000
0.666666666667, 0.020202020202, 0.86340546, 1.00000000, 1.00000000, 1.00000000
0.666666666667, 0.030303030303, 0.85603513, 1.00000000, 1.00000000, 1.00000000
0.666666666667, 0.040404040404, 0.84914665, 1.00000000, 1.00000000, 1.00000000
0.666666666667, 0.050505050505, 0.84262048, 1.00000000, 1.00000000, 1.00000000
0.666666666667, 0.060606060606, 0.83640528, 1.00000000, 1.00000000, 1.00000000
0.666666666667, 0.070707070707, 0.83053230, 1.00000000, 1.00000000, 1.00000000
0.666666666667, 0.080808080808, 0.82509062, 1.00000000, 1.00000000, 1.00000000
0.666666666667, 0.090909090909, 0.82018668, 1.00000000, 1.00000000, 1.00000000
0.666666666667, 0.101010101010, 0.81591272, 1.00000000, 1.00000000, 1.00000000
0.666666666667, 0.111111111111, 0.81233416, 1.00000000, 1.00000000, 1.00000000
0.666666666667, 0.121212121212, 0.80949156, 1.00000000, 1.00000000, 1.00000000
0.666666666667, 0.131313131313, 0.80740819, 1.00000000, 1.00000000, 1.00000000
0.666666666667, 0.141414141414, 0.80609696, 1.00000000, 1.00000000, 1.00000000
0.666666666667, 0.151515151515, 0.80556467, 1.00000000, 1.00000000, 1.00000000
0.666666666667, 0.161616161616, 0.80581387, 1.00000000, 1.00000000, 1.00000000
0.666666666667, 0.171717171717, 0.80684357, 1.00000000, 1.00000000, 1.00000000
0.666666666667, 0.181818181818, 0.80864966, 1.00000000, 1.00000000, 1.00000000
0.666666666667, 0.191919191919, 0.81122492, 1.00000000, 1.00000000, 1.00000000
0.666666666667, 0.202020202020, 0.81455912, 1.00000000, 1.00000000, 1.00000000
0.666666666667, 0.212121212121, 0.81863899, 1.00000000, 1.00000000, 1.00000000
0.666666666667, 0.222222222222, 0.82344832, 1.00000000, 1.00000000, 1.00000000
0.666666666667, 0.232323232323, 0.82896801, 1.00000000, 1.00000000, 1.00000000
0.666666666667, 0.242424242424, 0.83517608, 1.00000000, 1.00000000, 1.00000000
0.666666666667, 0.252525252525, 0.84204783, 1.00000000, 1.00000000, 1.00000000
0.666666666667, 0.262626262626, 0.84955589, 1.00000000, 1.00000000, 1.00000000
0.666666666667, 0.272727272727, 0.85767033, 1.00000000, 1.00000000, 1.00000000
0.666666666667, 0.282828282828, 0.86635875, 1.00000000, 1.00000000, 1.00000000
0.666666666667, 0.292929292929, 0.87558646, 1.00000000, 1.00000000, 1.00000000
0.666666666667, 0.303030303030, 0.88531657, 1.00000000, 1.00000000, 1.00000000
0.666666666667, 0.313131313131, 0.89551014, 1.00000000, 1.00000000, 1.00000000
0.666666666667, 0.323232323232, 0.90612634, 1.00000000, 1.00000000, 1.00000000
0.666666666667, 0.333333333333, 0.91712263, 1.00000000, 1.00000000, 1.00000000
0.666666666667, 0.343434343434, 0.92845488, 1.00000000, 1.00000000, 1.00000000
0.666666666667, 0.353535353535, 0.94007760, 1.00000000, 1.00000000, 1.00000000
0.666666666667, 0.363636363636, 0.95194408, 1.00000000, 1.00000000, 1.00000000
0.666666666667, 0.373737373737, 0.96400661, 1.00000000, 1.00000000, 1.00000000
0.666666666667, 0.383838383838, 0.97621664, 1.00000000, 1.00000000, 1.00000000
0.666666666667, 0.393939393939, 0.98852501, 1.00000000, 1.00000000, 1.00000000
0.666666666667, 0.404040404040, 1.00088213, 1.00000000, 1.00000000, 1.00000000
0.666666666667, 0.414141414141, 1.01323817, 1.00000000, 1.00000000, 1.00000000
0.666666666667, 0.424242424242, 1.02554330, 1.00000000, 1.00000000, 1.00000000
0.666666666667, 0.434343434343, 1.03774786, 1.00000000, 1.00000000, 1.00000000
0.666666666667, 0.444444444444, 1.04980257, 1.00000000, 1.00000000, 1.00000000
0.666666666667, 0.454545454545, 1.06165874, 1.00000000, 1.00000000, 1.00000000
0.666666666667, 0.464646464646, 1.07326846, 1.00000000, 1.00000000, 1.00000000
0.666666666667, 0.474747474747, 1.08458480, 1.00000000, 1.00000000, 1.00000000
0.666666666667, 0.484848484848, 1.09556202, 1.00000000, 1.00000000, 1.00000000
0.666666666667, 0.494949494949, 1.10615570, 1.00000000, 1.00000000, 1.00000000
0.666666666667, 0.505050505051, 1.11632298, 1.00000000, 1.00000000, 1.00000000
0.666666666667, 0.515151515152, 1.12602274, 1.00000000, 1.00000000, 1.00000000
0.666666666667, 0.525252525253, 1.13521571, 1.00000000, 1.00000000, 1.00000000
0.666666666667, 0.535353535354, 1.14386467, 1.00000000, 1.00000000, 1.00000000
0.666666666667, 0.545454545455, 1.15193460, 1.00000000, 1.00000000, 1.00000000
0.666666666667, 0.555555555556, 1.15939284, 1.00000000, 1.00000000, 1.00000000
0.666666666667, 0.565656565657, 1.16620916, 1.00000000, 1.00000000, 1.00000000
0.666666666667, 0.575757575758, 1.17235598, 1.00000000, 1.00000000, 1.00000000
0.666666666667, 0.585858585859, 1.17780837, 1.00000000, 1.00000000, 1.00000000
0.666666666667, 0.595959595960, 1.18254426, 1.00000000, 1.00000000, 1.00000000
0.666666666667, 0.606060606061, 1.18654445, 1.00000000, 1.00000000, 1.00000000
0.666666666667, 0.616161616162, 1.18979272, 1.00000000, 1.00000000, 1.00000000
0.666666666667, 0.626262626263, 1.19227589, 1.00000000, 1.00000000, 1.00000000
0.666666666667, 0.636363636364, 1.19398386, 1.00000000, 1.00000000, 1.00000000
0.666666666667, 0.646464646465, 1.19490966, 1.00000000, 1.00000000, 1.00000000
0.666666666667, 0.656565656566, 1.19504950, 1.00000000, 1.00000000, 1.00000000
0.666666666667, 0.666666666667, 1.19440288, 1.00000000, 1.00000000, 1.00000000
0.666666666667, 0.676767676768, 1.19297249, 1.00000000, 1.00000000, 1.00000000
0.666666666667, 0.686868686869, 1.19076417, 1.00000000, 1.00000000, 1.00000000
0.666666666667, 0.696969696970, 1.18778692, 1.00000000, 1.00000000, 1.00000000
0.666666666667, 0.707070707071, 1.18405282, 1.00000000, 1.00000000, 1.00000000
0.666666666667, 0.717171717172, 1.17957704, 1.00000000, 1.00000000, 1.00000000
0.666666666667, 0.727272727273, 1.17437773, 1.00000000, 1.00000000, 1.00000000
0.666666666667, 0.737373737374, 1.16847596, 1.00000000, 1.00000000, 1.00000000
0.666666666667, 0.747474747475, 1.16189566, 1.00000000, 1.00000000, 1.00000000
0.666666666667, 0.757575757576, 1.15466350, 1.00000000, 1.00000000, 1.00000000
0.666666666667, 0.767676767677, 1.14680877, 1.00000000, 1.00000000, 1.00000000
0.666666666667, 0.777777777778, 1.13836329, 1.00000000, 1.00000000, 1.00000000
0.666666666667, 0.787878787879, 1.12936128, 1.00000000, 1.00000000, 1.00000000
0.666666666667, 0.797979797980, 1.11983917, 1.00000000, 1.00000000, 1.00000000
0.666666666667, 0.808080808081, 1.10983552, 1.00000000, 1.00000000, 1.00000000
0.666666666667, 0.818181818182, 1.09939080, 1.00000000, 1.00000000, 1.00000000
0.666666666667, 0.828282828283, 1.08854728, 1.00000000, 1.00000000, 1.00000000
0.666666666667, 0.838383838384, 1.07734882, 1.00000000, 1.00000000, 1.00000000
0.666666666667, 0.848484848485, 1.06584068, 1.00000000, 1.00000000, 1.00000000
0.666666666667, 0.858585858586, 1.05406938, 1.00000000, 1.00000000, 1.00000000
0.666666666667, 0.868686868687, 1.04208247, 1.00000000, 1.00000000, 1.00000000
0.666666666667, 0.878787878788, 1.02992837, 1.00000000, 1.00000000, 1.00000000
0.666666666667, 0.888888888889, 1.01765614, 1.00000000, 1.00000000, 1.00000000
0.666666666667, 0.898989898990, 1.00531527, 1.00000000, 1.00000000, 1.00000000
0.666666666667, 0.909090909091, 0.99295554, 1.00000000, 1.00000000, 1.00000000
0.666666666667, 0.919191919192, 0.98062677, 1.00000000, 1.00000000, 1.00000000
0.666666666667, 0.929292929293, 0.96837869, 1.00000000, 1.00000000, 1.00000000
0.666666666667, 0.939393939394, 0.95626099, 1.00000000, 1.00000000, 1.00000000
0.666666666667, 0.949494949495, 0.94432375, 1.00000000, 1.00000000, 1.00000000
0.666666666667, 0.959595959596, 0.93261914, 1.00000000, 1.00000000, 1.00000000
0.676767676768, -0.000000000000, 0.87058903, 1.00000000, 1.00000000, 1.00000000
0.676767676768, 0.010101010101, 0.86235885, 1.00000000, 1.00000000, 1.00000000
0.676767676768, 0.020202020202, 0.85484763, 1.00000000, 1.00000000, 1.00000000
0.676767676768, 0.030303030303, 0.84797179, 1.00000000, 1.00000000, 1.00000000
0.676767676768, 0.040404040404, 0.84160582, 1.00000000, 1.00000000, 1.00000000
0.676767676768, 0.050505050505, 0.83563959, 1.00000000, 1.00000000, 1.00000000
0.676767676768, 0.060606060606, 0.83002710, 1.00000000, 1.00000000, 1.00000000
0.676767676768, 0.070707070707, 0.82479913, 1.00000000, 1.00000000, 1.00000000
0.676767676768, 0.080808080808, 0.82003966, 1.00000000, 1.00000000, 1.00000000
0.676767676768, 0.090909090909, 0.81584798, 1.00000000, 1.00000000, 1.00000000
0.676767676768, 0.101010101010, 0.81230933, 1.00000000, 1.00000000, 1.00000000
0.676767676768, 0.111111111111, 0.80948329, 1.00000000, 1.00000000, 1.00000000
0.676767676768, 0.121212121212, 0.80740580, 1.00000000, 1.00000000, 1.00000000
0.676767676768, 0.131313131313, 0.80609637, 1.00000000, 1.00000000, 1.00000000
0.676767676768, 0.141414141414, 0.80556454, 1.00000000, 1.00000000, 1.00000000
0.676767676768, 0.151515151515, 0.80581385, 1.00000000, 1.00000000, 1.00000000
0.676767676768, 0.161616161616, 0.80684357, 1.00000000, 1.00000000, 1.00000000
0.676767676768, 0.171717171717, 0.80864966, 1.00000000, 1.00000000, 1.00000000
0.676767676768, 0.181818181818, 0.81122492, 1.00000000, 1.00000000, 1.00000000
0.676767676768, 0.191919191919, 0.81455912, 1.00000000, 1.00000000, 1.00000000
0.676767676768, 0.202020202020, 0.81863899, 1.00000000, 1.00000000, 1.00000000
0.676767676768, 0.212121212121, 0.82344832, 1.00000000, 1.00000000, 1.00000000
0.676767676768, 0.222222222222, 0.82896801, 1.00000000, 1.00000000, 1.00000000
0.676767676768, 0.232323232323, 0.83517608, 1.00000000, 1.00000000, 1.00000000
0.676767676768, 0.242424242424, 0.84204783, 1.00000000, 1.00000000, 1.00000000
0.676767676768, 0.252525252525, 0.84955589, 1.00000000, 1.00000000, 1.00000000
0.676767676768, 0.262626262626, 0.85767033, 1.00000000, 1.00000000, 1.00000000
0.676767676768, 0.272727272727, 0.86635875, 1.00000000, 1.00000000, 1.00000000
0.676767676768, 0.282828282828, 0.87558646, 1.00000000, 1.00000000, 1.00000000
0.676767676768, 0.292929292929, 0.88531657, 1.00000000, 1.00000000, 1.00000000
0.676767676768, 0.303030303030, 0.89551014, 1.00000000, 1.00000000, 1.00000000
0.676767676768, 0.313131313131, 0.90612634, 1.00000000, 1.00000000, 1.00000000
0.676767676768, 0.323232323232, 0.91712263, 1.00000000, 1.00000000, 1.00000000
0.676767676768, 0.333333333333, 0.92845488, 1.00000000, 1.00000000, 1.00000000
0.676767676768, 0.343434343434, 0.94007760, 1.00000000, 1.00000000, 1.00000000
0.676767676768, 0.353535353535, 0.95194408, 1.00000000, 1.00000000, 1.00000000
0.676767676768, 0.363636363636, 0.96400661, 1.00000000, 1.00000000, 1.00000000
0.676767676768, 0.373737373737, 0.97621664, 1.00000000, 1.00000000, 1.00000000
0.676767676768, 0.383838383838, 0.98852501, 1.00000000, 1.00000000, 1.00000000
0.676767676768, 0.393939393939, 1.00088213, 1.00000000, 1.00000000, 1.00000000
0.676767676768, 0.404040404040, 1.01323817, 1.00000000, 1.00000000, 1.00000000
0.676767676768, 0.414141414141, 1.02554330, 1.00000000, 1.00000000, 1.00000000
0.676767676768, 0.424242424242, 1.03774786, 1.00000000, 1.00000000, 1.00000000
0.676767676768, 0.434343434343, 1.04980257, 1.00000000, 1.00000000, 1.00000000
0.676767676768, 0.444444444444, 1.06165874, 1.00000000, 1.00000000, 1.00000000
0.676767676768, 0.454545454545, 1.07326846, 1.00000000, 1.00000000, 1.00000000
0.676767676768, 0.464646464646, 1.08458480, 1.00000000, 1.00000000, 1.00000000
0.676767676768, 0.474747474747, 1.09556202, 1.00000000, 1.00000000, 1.00000000
0.676767676768, 0.484848484848, 1.10615570, 1.00000000, 1.00000000, 1.00000000
0.676767676768, 0.494949494949, 1.11632298, 1.00000000, 1.00000000, 1.00000000
0.676767676768, 0.505050505051, 1.12602274, 1.00000000, 1.00000000, 1.00000000
0.676767676768, 0.515151515152, 1.13521571, 1.00000000, 1.00000000, 1.00000000
0.676767676768, 0.525252525253, 1.14386467, 1.00000000, 1.00000000, 1.00000000
0.676767676768, 0.535353535354, 1.15193460, 1.00000000, 1.00000000, 1.00000000
0.676767676768, 0.545454545455, 1.15939284, 1.00000000, 1.00000000, 1.00000000
0.676767676768, 0.555555555556, 1.16620916, 1.00000000, 1.00000000, 1.00000000
0.676767676768, 0.565656565657, 1.17235598, 1.00000000, 1.00000000, 1.00000000
0.676767676768, 0.575757575758, 1.17780837, 1.00000000, 1.00000000, 1.00000000
0.676767676768, 0.585858585859, 1.18254426, 1.00000000, 1.00000000, 1.00000000
0.676767676768, 0.595959595960, 1.18654445, 1.00000000, 1.00000000, 1.00000000
0.676767676768, 0.606060606061, 1.18979272, 1.00000000, 1.00000000, 1.00000000
0.676767676768, 0.616161616162, 1.19227589, 1.00000000, 1.00000000, 1.00000000
0.676767676768, 0.626262626263, 1.19398386, 1.00000000, 1.00000000, 1.00000000
0.676767676768, 0.636363636364, 1.19490966, 1.00000000, 1.00000000, 1.00000000
0.676767676768, 0.646464646465, 1.19504950, 1.00000000, 1.00000000, 1.00000000
0.676767676768, 0.656565656566, 1.19440288, 1.00000000, 1.00000000, 1.00000000
0.676767676768, 0.666666666667, 1.19297249, 1.00000000, 1.00000000, 1.00000000
0.676767676768, 0.676767676768, 1.19076417, 1.00000000, 1.00000000, 1.00000000
0.676767676768, 0.686868686869, 1.18778692, 1.00000000, 1.00000000, 1.00000000
0.676767676768, 0.696969696970, 1.18405282, 1.00000000, 1.00000000, 1.00000000
0.676767676768, 0.707070707071, 1.17957704, 1.00000000, 1.00000000, 1.00000000
0.676767676768, 0.717171717172, 1.17437773, 1.00000000, 1.00000000, 1.00000000
0.676767676768, 0.727272727273, 1.16847596, 1.00000000, 1.00000000, 1.00000000
0.676767676768, 0.737373737374, 1.16189566, 1.00000000, 1.00000000, 1.00000000
0.676767676768, 0.747474747475, 1.15466350, 1.00000000, 1.00000000, 1.00000000
0.676767676768, 0.757575757576, 1.14680877, 1.00000000, 1.00000000, 1.00000000
0.676767676768, 0.767676767677, 1.13836329, 1.00000000, 1.00000000, 1.00000000
0.676767676768, 0.777777777778, 1.12936128, 1.00000000, 1.00000000, 1.00000000
0.676767676768, 0.787878787879, 1.11983917, 1.00000000, 1.00000000, 1.00000000
0.676767676768, 0.797979797980, 1.10983552, 1.00000000, 1.00000000, 1.00000000
0.676767676768, 0.808080808081, 1.09939080, 1.00000000, 1.00000000, 1.00000000
0.676767676768, 0.818181818182, 1.08854728, 1.00000000, 1.00000000, 1.00000000
0.676767676768, 0.828282828283, 1.07734882, 1.00000000, 1.00000000, 1.00000000
0.676767676768, 0.838383838384, 1.06584068, 1.00000000, 1.00000000, 1.00000000
0.676767676768, 0.848484848485, 1.05406938, 1.00000000, 1.00000000, 1.00000000
0.676767676768, 0.858585858586, 1.04208247, 1.00000000, 1.00000000, 1.00000000
0.676767676768, 0.868686868687, 1.02992837, 1.00000000, 1.00000000, 1.00000000
0.676767676768, 0.878787878788, 1.01765614, 1.00000000, 1.00000000, 1.00000000
0.676767676768, 0.888888888889, 1.00531527, 1.00000000, 1.00000000, 1.00000000
0.676767676768, 0.898989898990, 0.99295553, 1.00000000, 1.00000000, 1.00000000
0.676767676768, 0.909090909091, 0.98062674, 1.00000000, 1.00000000, 1.00000000
0.676767676768, 0.919191919192, 0.96837856, 1.00000000, 1.00000000, 1.00000000
0.676767676768, 0.929292929293, 0.95626037, 1.00000000, 1.00000000, 1.00000000
0.676767676768, 0.939393939394, 0.94432125, 1.00000000, 1.00000000, 1.00000000
0.676767676768, 0.949494949495, 0.93261047, 1.00000000, 1.00000000, 1.00000000
0.676767676768, 0.959595959596, 0.92117896, 1.00000000, 1.00000000, 1.00000000
0.686868686869, -0.000000000000, 0.86161495, 1.00000000, 1.00000000, 1.00000000
0.686868686869, 0.010101010101, 0.85387962, 1.00000000, 1.00000000, 1.00000000
0.686868686869, 0.020202020202, 0.84687442, 1.00000000, 1.00000000, 1.00000000
0.686868686869, 0.030303030303, 0.84052087, 1.00000000, 1.00000000, 1.00000000
0.686868686869, 0.040404040404, 0.83470310, 1.00000000, 1.00000000, 1.00000000
0.686868686869, 0.050505050505, 0.82932076, 1.00000000, 1.00000000, 1.00000000
0.686868686869, 0.060606060606, 0.82433333, 1.00000000, 1.00000000, 1.00000000
0.686868686869, 0.070707070707, 0.81977106, 1.00000000, 1.00000000, 1.00000000
0.686868686869, 0.080808080808, 0.81571261, 1.00000000, 1.00000000, 1.00000000
0.686868686869, 0.090909090909, 0.81224978, 1.00000000, 1.00000000, 1.00000000
0.686868686869, 0.101010101010, 0.80946047, 1.00000000, 1.00000000, 1.00000000
0.686868686869, 0.111111111111, 0.80739821, 1.00000000, 1.00000000, 1.00000000
0.686868686869, 0.121212121212, 0.80609418, 1.00000000, 1.00000000, 1.00000000
0.686868686869, 0.131313131313, 0.80556401, 1.00000000, 1.00000000, 1.00000000
0.686868686869, 0.141414141414, 0.80581373, 1.00000000, 1.00000000, 1.00000000
0.686868686869, 0.151515151515, 0.80684355, 1.00000000, 1.00000000, 1.00000000
0.686868686869, 0.161616161616, 0.80864966, 1.00000000, 1.00000000, 1.00000000
0.686868686869, 0.171717171717, 0.81122492, 1.00000000, 1.00000000, 1.00000000
0.686868686869, 0.181818181818, 0.81455912, 1.00000000, 1.00000000, 1.00000000
0.686868686869, 0.191919191919, 0.81863899, 1.00000000, 1.00000000, 1.00000000
0.686868686869, 0.202020202020, 0.82344832, 1.00000000, 1.00000000, 1.00000000
0.686868686869, 0.212121212121, 0.82896801, 1.00000000, 1.00000000, 1.00000000
0.686868686869, 0.222222222222, 0.83517608, 1.00000000, 1.00000000, 1.00000000
0.686868686869, 0.232323232323, 0.84204783, 1.00000000, 1.00000000, 1.00000000
0.686868686869, 0.242424242424, 0.84955589, 1.00000000, 1.00000000, 1.00000000
0.686868686869, 0.252525252525, 0.85767033, 1.00000000, 1.00000000, 1.00000000
0.686868686869, 0.262626262626, 0.86635875, 1.00000000, 1.00000000, 1.00000000
0.686868686869, 0.272727272727, 0.87558646, 1.00000000, 1.00000000, 1.00000000
0.686868686869, 0.282828282828, 0.88531657, 1.00000000, 1.00000000, 1.00000000
0.686868686869, 0.292929292929, 0.89551014, 1.00000000, 1.00000000, 1.00000000
0.686868686869, 0.303030303030, 0.90612634, 1.00000000, 1.00000000, 1.00000000
0.686868686869, 0.313131313131, 0.91712263, 1.00000000, 1.00000000, 1.00000000
0.686868686869, 0.323232323232, 0.92845488, 1.00000000, 1.00000000, 1.00000000
0.686868686869, 0.333333333333, 0.94007760, 1.00000000, 1.00000000, 1.00000000
0.686868686869, 0.343434343434, 0.95194408, 1.00000000, 1.00000000, 1.00000000
0.686868686869, 0.353535353535, 0.96400661, 1.00000000, 1.00000000, 1.00000000
0.686868686869, 0.363636363636, 0.97621664, 1.00000000, 1.00000000, 1.00000000
0.686868686869, 0.373737373737, 0.98852501, 1.00000000, 1.00000000, 1.00000000
0.686868686869, 0.383838383838, 1.00088213, 1.00000000, 1.00000000, 1.00000000
0.686868686869, 0.393939393939, 1.01323817, 1.00000000, 1.00000000, 1.00000000
0.686868686869, 0.404040404040, 1.02554330, 1.00000000, 1.00000000, 1.00000000
0.686868686869, 0.414141414141, 1.03774786, 1.00000000, 1.00000000, 1.00000000
0.686868686869, 0.424242424242, 1.04980257, 1.00000000, 1.00000000, 1.00000000
0.686868686869, 0.434343434343, 1.06165874, 1.00000000, 1.00000000, 1.00000000
0.686868686869, 0.444444444444, 1.07326846, 1.00000000, 1.00000000, 1.00000000
0.686868686869, 0.454545454545, 1.08458480, 1.00000000, 1.00000000, 1.00000000
0.686868686869, 0.464646464646, 1.09556202, 1.00000000, 1.00000000, 1.00000000
0.686868686869, 0.474747474747, 1.10615570, 1.00000000, 1.00000000, 1.00000000
0.686868686869, 0.484848484848, 1.11632298, 1.00000000, 1.00000000, 1.00000000
0.686868686869, 0.494949494949, 1.12602274, 1.00000000, 1.00000000, 1.00000000
0.686868686869, 0.505050505051, 1.13521571, 1.00000000, 1.00000000, 1.00000000
0.686868686869, 0.515151515152, 1.14386467, 1.00000000, 1.00000000, 1.00000000
0.686868686869, 0.525252525253, 1.15193460, 1.00000000, 1.00000000, 1.00000000
0.686868686869, 0.535353535354, 1.15939284, 1.00000000, 1.00000000, 1.00000000
0.686868686869, 0.545454545455, 1.16620916, 1.00000000, 1.00000000, 1.00000000
0.686868686869, 0.555555555556, 1.17235598, 1.00000000, 1.00000000, 1.00000000
0.686868686869, 0.565656565657, 1.17780837, 1.00000000, 1.00000000, 1.00000000
0.686868686869, 0.575757575758, 1.18254426, 1.00000000, 1.00000000, 1.00000000
0.686868686869, 0.585858585859, 1.18654445, 1.00000000, 1.00000000, 1.00000000
0.686868686869, 0.595959595960, 1.18979272, 1.00000000, 1.00000000, 1.00000000
0.686868686869, 0.606060606061, 1.19227589, 1.00000000, 1.00000000, 1.00000000
0.686868686869, 0.616161616162, 1.19398386, 1.00000000, 1.00000000, 1.00000000
0.686868686869, 0.626262626263, 1.19490966, 1.00000000, 1.00000000, 1.00000000
0.686868686869, 0.636363636364, 1.19504950, 1.00000000, 1.00000000, 1.00000000
0.686868686869, 0.646464646465, 1.19440288, 1.00000000, 1.00000000, 1.00000000
0.686868686869, 0.656565656566, 1.19297249, 1.00000000, 1.00000000, 1.00000000
0.686868686869, 0.666666666667, 1.19076417, 1.00000000, 1.00000000, 1.00000000
0.686868686869, 0.676767676768, 1.18778692, 1.00000000, 1.00000000, 1.00000000
0.686868686869, 0.686868686869, 1.18405282, 1.00000000, 1.00000000, 1.00000000
0.686868686869, 0.696969696970, 1.17957704, 1.00000000, 1.00000000, 1.00000000
0.686868686869, 0.707070707071, 1.17437773, 1.00000000, 1.00000000, 1.00000000
0.686868686869, 0.717171717172, 1.16847596, 1.00000000, 1.00000000, 1.00000000
0.686868686869, 0.727272727273, 1.16189566, 1.00000000, 1.00000000, 1.00000000
0.686868686869, 0.737373737374, 1.15466350, 1.00000000, 1.00000000, 1.00000000
0.686868686869, 0.747474747475, 1.14680877, 1.00000000, 1.00000000, 1.00000000
0.686868686869, 0.757575757576, 1.13836329, 1.00000000, 1.00000000, 1.00000000
0.686868686869, 0.767676767677, 1.12936128, 1.00000000, 1.00000000, 1.00000000
0.686868686869, 0.777777777778, 1.11983917, 1.00000000, 1.00000000, 1.00000000
0.686868686869, 0.787878787879, 1.10983552, 1.00000000, 1.00000000, 1.00000000
0.686868686869, 0.797979797980, 1.09939080, 1.00000000, 1.00000000, 1.00000000
0.686868686869, 0.808080808081, 1.08854728, 1.00000000, 1.00000000, 1.00000000
0.686868686869, 0.818181818182, 1.07734882, 1.00000000, 1.00000000, 1.00000000
0.686868686869, 0.828282828283, 1.06584068, 1.00000000, 1.00000000, 1.00000000
0.686868686869, 0.838383838384, 1.05406938, 1.00000000, 1.00000000, 1.00000000
0.686868686869, 0.848484848485, 1.04208247, 1.00000000, 1.00000000, 1.00000000
0.686868686869, 0.858585858586, 1.02992837, 1.00000000, 1.00000000, 1.00000000
0.686868686869, 0.868686868687, 1.01765614, 1.00000000, 1.00000000, 1.00000000
0.686868686869, 0.878787878788, 1.00531527, 1.00000000, 1.00000000, 1.00000000
0.686868686869, 0.888888888889, 0.99295553, 1.00000000, 1.00000000, 1.00000000
0.686868686869, 0.898989898990, 0.98062674, 1.00000000, 1.00000000, 1.00000000
0.686868686869, 0.909090909091, 0.96837854, 1.00000000, 1.00000000, 1.00000000
0.686868686869, 0.919191919192, 0.95626024, 1.00000000, 1.00000000, 1.00000000
0.686868686869, 0.929292929293, 0.94432067, 1.00000000, 1.00000000, 1.00000000
0.686868686869, 0.939393939394, 0.93260813, 1.00000000, 1.00000000, 1.00000000
0.686868686869, 0.949494949495, 0.92117083, 1.00000000, 1.00000000, 1.00000000
0.686868686869, 0.959595959596, 0.91005826, 1.00000000, 1.00000000, 1.00000000
0.696969696970, -0.000000000000, 0.85319817, 1.00000000, 1.00000000, 1.00000000
0.696969696970, 0.010101010101, 0.84598866, 1.00000000, 1.00000000, 1.00000000
0.696969696970, 0.020202020202, 0.83951767, 1.00000000, 1.00000000, 1.00000000
0.696969696970, 0.030303030303, 0.83371207, 1.00000000, 1.00000000, 1.00000000
0.696969696970, 0.040404040404, 0.82846600, 1.00000000, 1.00000000, 1.00000000
0.696969696970, 0.050505050505, 0.82368914, 1.00000000, 1.00000000, 1.00000000
0.696969696970, 0.060606060606, 0.81934662, 1.00000000, 1.00000000, 1.00000000
0.696969696970, 0.070707070707, 0.81546811, 1.00000000, 1.00000000, 1.00000000
0.696969696970, 0.080808080808, 0.81212671, 1.00000000, 1.00000000, 1.00000000
0.696969696970, 0.090909090909, 0.80940641, 1.00000000, 1.00000000, 1.00000000
0.696969696970, 0.101010101010, 0.80737754, 1.00000000, 1.00000000, 1.00000000
0.696969696970, 0.111111111111, 0.80608732, 1.00000000, 1.00000000, 1.00000000
0.696969696970, 0.121212121212, 0.80556204, 1.00000000, 1.00000000, 1.00000000
0.696969696970, 0.131313131313, 0.80581325, 1.00000000, 1.00000000, 1.00000000
0.696969696970, 0.141414141414, 0.80684345, 1.00000000, 1.00000000, 1.00000000
0.696969696970, 0.151515151515, 0.80864964, 1.00000000, 1.00000000, 1.00000000
0.696969696970, 0.161616161616, 0.81122492, 1.00000000, 1.00000000, 1.00000000
0.696969696970, 0.171717171717, 0.81455912, 1.00000000, 1.00000000, 1.00000000
0.696969696970, 0.181818181818, 0.81863899, 1.00000000, 1.00000000, 1.00000000
0.696969696970, 0.191919191919, 0.82344832, 1.00000000, 1.00000000, 1.00000000
0.696969696970, 0.202020202020, 0.82896801, 1.00000000, 1.00000000, 1.00000000
0.696969696970, 0.212121212121, 0.83517608, 1.00000000, 1.00000000, 1.00000000
0.696969696970, 0.222222222222, 0.84204783, 1.00000000, 1.00000000, 1.00000000
0.696969696970, 0.232323232323, 0.84955589, 1.00000000, 1.00000000, 1.00000000
0.696969696970, 0.242424242424, 0.85767033, 1.00000000, 1.00000000, 1.00000000
0.696969696970, 0.252525252525, 0.86635875, 1.00000000, 1.00000000, 1.00000000
0.696969696970, 0.262626262626, 0.87558646, 1.00000000, 1.00000000, 1.00000000
0.696969696970, 0.272727272727, 0.88531657, 1.00000000, 1.00000000, 1.00000000
0.696969696970, 0.282828282828, 0.89551014, 1.00000000, 1.00000000, 1.00000000
0.696969696970, 0.292929292929, 0.90612634, 1.00000000, 1.00000000, 1.00000000
0.696969696970, 0.303030303030, 0.91712263, 1.00000000, 1.00000000, 1.00000000
0.696969696970, 0.313131313131, 0.92845488, 1.00000000, 1.00000000, 1.00000000
0.696969696970, 0.323232323232, 0.94007760, 1.00000000, 1.00000000, 1.00000000
0.696969696970, 0.333333333333, 0.95194408, 1.00000000, 1.00000000, 1.00000000
0.696969696970, 0.343434343434, 0.96400661, 1.00000000, 1.00000000, 1.00000000
0.696969696970, 0.353535353535, 0.97621664, 1.00000000, 1.00000000, 1.00000000
0.696969696970, 0.363636363636, 0.98852501, 1.00000000, 1.00000000, 1.00000000
0.696969696970, 0.373737373737, 1.00088213, 1.00000000, 1.00000000, 1.00000000
0.696969696970, 0.383838383838, 1.01323817, 1.00000000, 1.00000000, 1.00000000
0.696969696970, 0.393939393939, 1.02554330, 1.00000000, 1.00000000, 1.00000000
0.696969696970, 0.404040404040, 1.03774786, 1.00000000, 1.00000000, 1.00000000
0.696969696970, 0.414141414141, 1.04980257, 1.00000000, 1.00000000, 1.00000000
0.696969696970, 0.424242424242, 1.06165874, 1.00000000, 1.00000000, 1.00000000
0.696969696970, 0.434343434343, 1.07326846, 1.00000000, 1.00000000, 1.00000000
0.696969696970, 0.444444444444, 1.08458480, 1.00000000, 1.00000000, 1.00000000
0.696969696970, 0.454545454545, 1.09556202, 1.00000000, 1.00000000, 1.00000000
0.696969696970, 0.464646464646, 1.10615570, 1.00000000, 1.00000000, 1.00000000
0.696969696970, 0.474747474747, 1.11632298, 1.00000000, 1.00000000, 1.00000000
0.696969696970, 0.484848484848, 1.12602274, 1.00000000, 1.00000000, 1.00000000
0.696969696970, 0.494949494949, 1.13521571, 1.00000000, 1.00000000, 1.00000000
0.696969696970, 0.505050505051, 1.14386467, 1.00000000, 1.00000000, 1.00000000
0.696969696970, 0.515151515152, 1.15193460, 1.00000000, 1.00000000, 1.00000000
0.696969696970, 0.525252525253, 1.15939284, 1.00000000, 1.00000000, 1.00000000
0.696969696970, 0.535353535354, 1.16620916, 1.00000000, 1.00000000, 1.00000000
0.696969696970, 0.545454545455, 1.17235598, 1.00000000, 1.00000000, 1.00000000
0.696969696970, 0.555555555556, 1.17780837, 1.00000000, 1.00000000, 1.00000000
0.696969696970, 0.565656565657, 1.18254426, 1.00000000, 1.00000000, 1.00000000
0.696969696970, 0.575757575758, 1.18654445, 1.00000000, 1.00000000, 1.00000000
0.696969696970, 0.585858585859, 1.18979272, 1.00000000, 1.00000000, 1.00000000
0.696969696970, 0.595959595960, 1.19227589, 1.00000000, 1.00000000, 1.00000000
0.696969696970, 0.606060606061, 1.19398386, 1.00000000, 1.00000000, 1.00000000
0.696969696970, 0.616161616162, 1.19490966, 1.00000000, 1.00000000, 1.00000000
0.696969696970, 0.626262626263, 1.19504950, 1.00000000, 1.00000000, 1.00000000
0.696969696970, 0.636363636364, 1.19440288, 1.00000000, 1.00000000, 1.00000000
0.696969696970, 0.646464646465, 1.19297249, 1.00000000, 1.00000000, 1.00000000
0.696969696970, 0.656565656566, 1.19076417, 1.00000000, 1.00000000, 1.00000000
0.696969696970, 0.666666666667, 1.18778692, 1.00000000, 1.00000000, 1.00000000
0.696969696970, 0.676767676768, 1.18405282, 1.00000000, 1.00000000, 1.00000000
0.696969696970, 0.686868686869, 1.17957704, 1.00000000, 1.00000000, 1.00000000
0.696969696970, 0.696969696970, 1.17437773, 1.00000000, 1.00000000, 1.00000000
0.696969696970, 0.707070707071, 1.16847596, 1.00000000, 1.00000000, 1.00000000
0.696969696970, 0.717171717172, 1.16189566, 1.00000000, 1.00000000, 1.00000000
0.696969696970, 0.727272727273, 1.15466350, 1.00000000, 1.00000000, 1.00000000
0.696969696970, 0.737373737374, 1.14680877, 1.00000000, 1.00000000, 1.00000000
0.696969696970, 0.747474747475, 1.13836329, 1.00000000, 1.00000000, 1.00000000
0.696969696970, 0.757575757576, 1.12936128, 1.00000000, 1.00000000, 1.00000000
0.696969696970, 0.767676767677, 1.11983917, 1.00000000, 1.00000000, 1.00000000
0.696969696970, 0.777777777778, 1.10983552, 1.00000000, 1.00000000, 1.00000000
0.696969696970, 0.787878787879, 1.09939080, 1.00000000, 1.00000000, 1.00000000
0.696969696970, 0.797979797980, 1.08854728, 1.00000000, 1.00000000, 1.00000000
0.696969696970, 0.808080808081, 1.07734882, 1.00000000, 1.00000000, 1.00000000
0.696969696970, 0.818181818182, 1.06584068, 1.00000000, 1.00000000, 1.00000000
0.696969696970, 0.828282828283, 1.05406938, 1.00000000, 1.00000000, 1.00000000
0.696969696970, 0.838383838384, 1.04208247, 1.00000000, 1.00000000, 1.00000000
0.696969696970, 0.848484848485, 1.02992837, 1.00000000, 1.00000000, 1.00000000
0.696969696970, 0.858585858586, 1.01765614, 1.00000000, 1.00000000, 1.00000000
0.696969696970, 0.868686868687, 1.00531527, 1.00000000, 1.00000000, 1.00000000
0.696969696970, 0.878787878788, 0.99295553, 1.00000000, 1.00000000, 1.00000000
0.696969696970, 0.888888888889, 0.98062674, 1.00000000, 1.00000000, 1.00000000
0.696969696970, 0.898989898990, 0.96837853, 1.00000000, 1.00000000, 1.00000000
0.696969696970, 0.909090909091, 0.95626022, 1.00000000, 1.00000000, 1.00000000
0.696969696970, 0.919191919192, 0.94432055, 1.00000000, 1.00000000, 1.00000000
0.696969696970, 0.929292929293, 0.93260758, 1.00000000, 1.00000000, 1.00000000
0.696969696970, 0.939393939394, 0.92116865, 1.00000000, 1.00000000, 1.00000000
0.696969696970, 0.949494949495, 0.91005072, 1.00000000, 1.00000000, 1.00000000
0.696969696970, 0.959595959596, 0.89930163, 1.00000000, 1.00000000, 1.00000000
0.707070707071, -0.000000000000, 0.84537234, 1.00000000, 1.00000000, 1.00000000
0.707070707071, 0.010101010101, 0.83871746, 1.00000000, 1.00000000, 1.00000000
0.707070707071, 0.020202020202, 0.83280672, 1.00000000, 1.00000000, 1.00000000
0.707070707071, 0.030303030303, 0.82757254, 1.00000000, 1.00000000, 1.00000000
0.707070707071, 0.040404040404, 0.82291935, 1.00000000, 1.00000000, 1.00000000
0.707070707071, 0.050505050505, 0.81876714, 1.00000000, 1.00000000, 1.00000000
0.707070707071, 0.060606060606, 0.81508681, 1.00000000, 1.00000000, 1.00000000
0.707070707071, 0.070707070707, 0.81190740, 1.00000000, 1.00000000, 1.00000000
0.707070707071, 0.080808080808, 0.80929623, 1.00000000, 1.00000000, 1.00000000
0.707070707071, 0.090909090909, 0.80732925, 1.00000000, 1.00000000, 1.00000000
0.707070707071, 0.101010101010, 0.80606890, 1.00000000, 1.00000000, 1.00000000
0.707070707071, 0.111111111111, 0.80555594, 1.00000000, 1.00000000, 1.00000000
0.707070707071, 0.121212121212, 0.80581151, 1.00000000, 1.00000000, 1.00000000
0.707070707071, 0.131313131313, 0.80684302, 1.00000000, 1.00000000, 1.00000000
0.707070707071, 0.141414141414, 0.80864955, 1.00000000, 1.00000000, 1.00000000
0.707070707071, 0.151515151515, 0.81122491, 1.00000000, 1.00000000, 1.00000000
0.707070707071, 0.161616161616, 0.81455911, 1.00000000, 1.00000000, 1.00000000
0.707070707071, 0.171717171717, 0.81863899, 1.00000000, 1.00000000, 1.00000000
0.707070707071, 0.181818181818, 0.82344832, 1.00000000, 1.00000000, 1.00000000
0.707070707071, 0.191919191919, 0.82896801, 1.00000000, 1.00000000, 1.00000000
0.707070707071, 0.202020202020, 0.83517608, 1.00000000, 1.00000000, 1.00000000
0.707070707071, 0.212121212121, 0.84204783, 1.00000000, 1.00000000, 1.00000000
0.707070707071, 0.222222222222, 0.84955589, 1.00000000, 1.00000000, 1.00000000
0.707070707071, 0.232323232323, 0.85767033, 1.00000000, 1.00000000, 1.00000000
0.707070707071, 0.242424242424, 0.86635875, 1.00000000, 1.00000000, 1.00000000
0.707070707071, 0.252525252525, 0.87558646, 1.00000000, 1.00000000, 1.00000000
0.707070707071, 0.262626262626, 0.88531657, 1.00000000, 1.00000000, 1.00000000
0.707070707071, 0.272727272727, 0.89551014, 1.00000000, 1.00000000, 1.00000000
0.707070707071, 0.282828282828, 0.90612634, 1.00000000, 1.00000000, 1.00000000
0.707070707071, 0.292929292929, 0.91712263, 1.00000000, 1.00000000, 1.00000000
0.707070707071, 0.303030303030, 0.92845488, 1.00000000, 1.00000000, 1.00000000
0.707070707071, 0.313131313131, 0.94007760, 1.00000000, 1.00000000, 1.00000000
0.707070707071, 0.323232323232, 0.95194408, 1.00000000, 1.00000000, 1.00000000
0.707070707071, 0.333333333333, 0.96400661, 1.00000000, 1.00000000, 1.00000000
0.707070707071, 0.343434343434, 0.97621664, 1.00000000, 1.00000000, 1.00000000
0.707070707071, 0.353535353535, 0.98852501, 1.00000000, 1.00000000, 1.00000000
0.707070707071, 0.363636363636, 1.00088213, 1.00000000, 1.00000000, 1.00000000
0.707070707071, 0.373737373737, 1.01323817, 1.00000000, 1.00000000, 1.00000000
0.707070707071, 0.383838383838, 1.02554330, 1.00000000, 1.00000000, 1.00000000
0.707070707071, 0.393939393939, 1.03774786, 1.00000000, 1.00000000, 1.00000000
0.707070707071, 0.404040404040, 1.04980257, 1.00000000, 1.00000000, 1.00000000
0.707070707071, 0.414141414141, 1.06165874, 1.00000000, 1.00000000, 1.00000000
0.707070707071, 0.424242424242, 1.07326846, 1.00000000, 1.00000000, 1.00000000
0.707070707071, 0.434343434343, 1.08458480, 1.00000000, 1.00000000, 1.00000000
0.707070707071, 0.444444444444, 1.09556202, 1.00000000, 1.00000000, 1.00000000
0.707070707071, 0.454545454545, 1.10615570, 1.00000000, 1.00000000, 1.00000000
0.707070707071, 0.464646464646, 1.11632298, 1.00000000, 1.00000000, 1.00000000
0.707070707071, 0.474747474747, 1.12602274, 1.00000000, 1.00000000, 1.00000000
0.707070707071, 0.484848484848, 1.13521571, 1.00000000, 1.00000000, 1.00000000
0.707070707071, 0.494949494949, 1.14386467, 1.00000000, 1.00000000, 1.00000000
0.707070707071, 0.505050505051, 1.15193460, 1.00000000, 1.00000000, 1.00000000
0.707070707071, 0.515151515152, 1.15939284, 1.00000000, 1.00000000, 1.00000000
0.707070707071, 0.525252525253, 1.16620916, 1.00000000, 1.00000000, 1.00000000
0.707070707071, 0.535353535354, 1.17235598, 1.00000000, 1.00000000, 1.00000000
0.707070707071, 0.545454545455, 1.17780837, 1.00000000, 1.00000000, 1.00000000
0.707070707071, 0.555555555556, 1.18254426, 1.00000000, 1.00000000, 1.00000000
0.707070707071, 0.565656565657, 1.18654445, 1.00000000, 1.00000000, 1.00000000
0.707070707071, 0.575757575758, 1.18979272, 1.00000000, 1.00000000, 1.00000000
0.707070707071, 0.585858585859, 1.19227589, 1.00000000, 1.00000000, 1.00000000
0.707070707071, 0.595959595960, 1.19398386, 1.00000000, 1.00000000, 1.00000000
0.707070707071, 0.606060606061, 1.19490966, 1.00000000, 1.00000000, 1.00000000
0.707070707071, 0.616161616162, 1.19504950, 1.00000000, 1.00000000, 1.00000000
0.707070707071, 0.626262626263, 1.19440288, 1.00000000, 1.00000000, 1.00000000
0.707070707071, 0.636363636364, 1.19297249, 1.00000000, 1.00000000, 1.00000000
0.707070707071, 0.646464646465, 1.19076417, 1.00000000, 1.00000000, 1.00000000
0.707070707071, 0.656565656566, 1.18778692, 1.00000000, 1.00000000, 1.00000000
0.707070707071, 0.666666666667, 1.18405282, 1.00000000, 1.00000000, 1.00000000
0.707070707071, 0.676767676768, 1.17957704, 1.00000000, 1.00000000, 1.00000000
0.707070707071, 0.686868686869, 1.17437773, 1.00000000, 1.00000000, 1.00000000
0.707070707071, 0.696969696970, 1.16847596, 1.00000000, 1.00000000, 1.00000000
0.707070707071, 0.707070707071, 1.16189566, 1.00000000, 1.00000000, 1.00000000
0.707070707071, 0.717171717172, 1.15466350, 1.00000000, 1.00000000, 1.00000000
0.707070707071, 0.727272727273, 1.14680877, 1.00000000, 1.00000000, 1.00000000
0.707070707071, 0.737373737374, 1.13836329, 1.00000000, 1.00000000, 1.00000000
0.707070707071, 0.747474747475, 1.12936128, 1.00000000, 1.00000000, 1.00000000
0.707070707071, 0.757575757576, 1.11983917, 1.00000000, 1.00000000, 1.00000000
0.707070707071, 0.767676767677, 1.10983552, 1.00000000, 1.00000000, 1.00000000
0.707070707071, 0.777777777778, 1.09939080, 1.00000000, 1.00000000, 1.00000000
0.707070707071, 0.787878787879, 1.08854728, 1.00000000, 1.00000000, 1.00000000
0.707070707071, 0.797979797980, 1.07734882, 1.00000000, 1.00000000, 1.00000000
0.707070707071, 0.808080808081, 1.06584068, 1.00000000, 1.00000000, 1.00000000
0.707070707071, 0.818181818182, 1.05406938, 1.00000000, 1.00000000, 1.00000000
0.707070707071, 0.828282828283, 1.04208247, 1.00000000, 1.00000000, 1.00000000
0.707070707071, 0.838383838384, 1.02992837, 1.00000000, 1.00000000, 1.00000000
0.707070707071, 0.848484848485, 1.01765614, 1.00000000, 1.00000000, 1.00000000
0.707070707071, 0.858585858586, 1.00531527, 1.00000000, 1.00000000, 1.00000000
0.707070707071, 0.868686868687, 0.99295553, 1.00000000, 1.00000000, 1.00000000
0.707070707071, 0.878787878788, 0.98062674, 1.00000000, 1.00000000, 1.00000000
0.707070707071, 0.888888888889, 0.96837853, 1.00000000, 1.00000000, 1.00000000
0.707070707071, 0.898989898990, 0.95626021, 1.00000000, 1.00000000, 1.00000000
0.707070707071, 0.909090909091, 0.94432053, 1.00000000, 1.00000000, 1.00000000
0.707070707071, 0.919191919192, 0.93260747, 1.00000000, 1.00000000, 1.00000000
0.707070707071, 0.929292929293, 0.92116815, 1.00000000, 1.00000000, 1.00000000
0.707070707071, 0.939393939394, 0.91004872, 1.00000000, 1.00000000, 1.00000000
0.707070707071, 0.949494949495, 0.89929474, 1.00000000, 1.00000000, 1.00000000
0.707070707071, 0.959595959596, 0.88895217, 1.00000000, 1.00000000, 1.00000000
0.717171717172, -0.000000000000, 0.83816868, 1.00000000, 1.00000000, 1.00000000
0.717171717172, 0.010101010101, 0.83209505, 1.00000000, 1.00000000, 1.00000000
0.717171717172, 0.020202020202, 0.82676834, 1.00000000, 1.00000000, 1.00000000
0.717171717172, 0.030303030303, 0.82212674, 1.00000000, 1.00000000, 1.00000000
0.717171717172, 0.040404040404, 0.81808522, 1.00000000, 1.00000000, 1.00000000
0.717171717172, 0.050505050505, 0.81457432, 1.00000000, 1.00000000, 1.00000000
0.717171717172, 0.060606060606, 0.81157083, 1.00000000, 1.00000000, 1.00000000
0.717171717172, 0.070707070707, 0.80910309, 1.00000000, 1.00000000, 1.00000000
0.717171717172, 0.080808080808, 0.80723248, 1.00000000, 1.00000000, 1.00000000
0.717171717172, 0.090909090909, 0.80602662, 1.00000000, 1.00000000, 1.00000000
0.717171717172, 0.101010101010, 0.80553987, 1.00000000, 1.00000000, 1.00000000
0.717171717172, 0.111111111111, 0.80580621, 1.00000000, 1.00000000, 1.00000000
0.717171717172, 0.121212121212, 0.80684152, 1.00000000, 1.00000000, 1.00000000
0.717171717172, 0.131313131313, 0.80864918, 1.00000000, 1.00000000, 1.00000000
0.717171717172, 0.141414141414, 0.81122483, 1.00000000, 1.00000000, 1.00000000
0.717171717172, 0.151515151515, 0.81455910, 1.00000000, 1.00000000, 1.00000000
0.717171717172, 0.161616161616, 0.81863899, 1.00000000, 1.00000000, 1.00000000
0.717171717172, 0.171717171717, 0.82344832, 1.00000000, 1.00000000, 1.00000000
0.717171717172, 0.181818181818, 0.82896801, 1.00000000, 1.00000000, 1.00000000
0.717171717172, 0.191919191919, 0.83517608, 1.00000000, 1.00000000, 1.00000000
0.717171717172, 0.202020202020, 0.84204783, 1.00000000, 1.00000000, 1.00000000
0.717171717172, 0.212121212121, 0.84955589, 1.00000000, 1.00000000, 1.00000000
0.717171717172, 0.222222222222, 0.85767033, 1.00000000, 1.00000000, 1.00000000
0.717171717172, 0.232323232323, 0.86635875, 1.00000000, 1.00000000, 1.00000000
0.717171717172, 0.242424242424, 0.87558646, 1.00000000, 1.00000000, 1.00000000
0.717171717172, 0.252525252525, 0.88531657, 1.00000000, 1.00000000, 1.00000000
0.717171717172, 0.262626262626, 0.89551014, 1.00000000, 1.00000000, 1.00000000
0.717171717172, 0.272727272727, 0.90612634, 1.00000000, 1.00000000, 1.00000000
0.717171717172, 0.282828282828, 0.91712263, 1.00000000, 1.00000000, 1.00000000
0.717171717172, 0.292929292929, 0.92845488, 1.00000000, 1.00000000, 1.00000000
0.717171717172, 0.303030303030, 0.94007760, 1.00000000, 1.00000000, 1.00000000
0.717171717172, 0.313131313131, 0.95194408, 1.00000000, 1.00000000, 1.00000000
0.717171717172, 0.323232323232, 0.96400661, 1.00000000, 1.00000000, 1.00000000
0.717171717172, 0.333333333333, 0.97621664, 1.00000000, 1.00000000, 1.00000000
0.717171717172, 0.343434343434, 0.98852501, 1.00000000, 1.00000000, 1.00000000
0.717171717172, 0.353535353535, 1.00088213, 1.00000000, 1.00000000, 1.00000000
0.717171717172, 0.363636363636, 1.01323817, 1.00000000, 1.00000000, 1.00000000
0.717171717172, 0.373737373737, 1.02554330, 1.00000000, 1.00000000, 1.00000000
0.717171717172, 0.383838383838, 1.03774786, 1.00000000, 1.00000000, 1.00000000
0.717171717172, 0.393939393939, 1.04980257, 1.00000000, 1.00000000, 1.00000000
0.717171717172, 0.404040404040, 1.06165874, 1.00000000, 1.00000000, 1.00000000
0.717171717172, 0.414141414141, 1.07326846, 1.00000000, 1.00000000, 1.00000000
0.717171717172, 0.424242424242, 1.08458480, 1.00000000, 1.00000000, 1.00000000
0.717171717172, 0.434343434343, 1.09556202, 1.00000000, 1.00000000, 1.00000000
0.717171717172, 0.444444444444, 1.10615570, 1.00000000, 1.00000000, 1.00000000
0.717171717172, 0.454545454545, 1.11632298, 1.00000000, 1.00000000, 1.00000000
0.717171717172, 0.464646464646, 1.12602274, 1.00000000, 1.00000000, 1.00000000
0.717171717172, 0.474747474747, 1.13521571, 1.00000000, 1.00000000, 1.00000000
0.717171717172, 0.484848484848, 1.14386467, 1.00000000, 1.00000000, 1.00000000
0.717171717172, 0.494949494949, 1.15193460, 1.00000000, 1.00000000, 1.00000000
0.717171717172, 0.505050505051, 1.15939284, 1.00000000, 1.00000000, 1.00000000
0.717171717172, 0.515151515152, 1.16620916, 1.00000000, 1.00000000, 1.00000000
0.717171717172, 0.525252525253, 1.17235598, 1.00000000, 1.00000000, 1.00000000
0.717171717172, 0.535353535354, 1.17780837, 1.00000000, 1.00000000, 1.00000000
0.717171717172, 0.545454545455, 1.18254426, 1.00000000, 1.00000000, 1.00000000
0.717171717172, 0.555555555556, 1.18654445, 1.00000000, 1.00000000, 1.00000000
0.717171717172, 0.565656565657, 1.18979272, 1.00000000, 1.00000000, 1.00000000
0.717171717172, 0.575757575758, 1.19227589, 1.00000000, 1.00000000, 1.00000000
0.717171717172, 0.585858585859, 1.19398386, 1.00000000, 1.00000000, 1.00000000
0.717171717172, 0.595959595960, 1.19490966, 1.00000000, 1.00000000, 1.00000000
0.717171717172, 0.606060606061, 1.19504950, 1.00000000, 1.00000000, 1.00000000
0.717171717172, 0.616161616162, 1.19440288, 1.00000000, 1.00000000, 1.00000000
0.717171717172, 0.626262626263, 1.19297249, 1.00000000, 1.00000000, 1.00000000
0.717171717172, 0.636363636364, 1.19076417, 1.00000000, 1.00000000, 1.00000000
0.717171717172, 0.646464646465, 1.18778692, 1.00000000, 1.00000000, 1.00000000
0.717171717172, 0.656565656566, 1.18405282, 1.00000000, 1.00000000, 1.00000000
0.717171717172, 0.666666666667, 1.17957704, 1.00000000, 1.00000000, 1.00000000
0.717171717172, 0.676767676768, 1.17437773, 1.00000000, 1.00000000, 1.00000000
0.717171717172, 0.686868686869, 1.16847596, 1.00000000, 1.00000000, 1.00000000
0.717171717172, 0.696969696970, 1.16189566, 1.00000000, 1.00000000, 1.00000000
0.717171717172, 0.707070707071, 1.15466350, 1.00000000, 1.00000000, 1.00000000
0.717171717172, 0.717171717172, 1.14680877, 1.00000000, 1.00000000, 1.00000000
0.717171717172, 0.727272727273, 1.13836329, 1.00000000, 1.00000000, 1.00000000
0.717171717172, 0.737373737374, 1.12936128, 1.00000000, 1.00000000, 1.00000000
0.717171717172, 0.747474747475, 1.11983917, 1.00000000, 1.00000000, 1.00000000
0.717171717172, 0.757575757576, 1.10983552, 1.00000000, 1.00000000, 1.00000000
0.717171717172, 0.767676767677, 1.09939080, 1.00000000, 1.00000000, 1.00000000
0.717171717172, 0.777777777778, 1.08854728, 1.00000000, 1.00000000, 1.00000000
0.717171717172, 0.787878787879, 1.07734882, 1.00000000, 1.00000000, 1.00000000
0.717171717172, 0.797979797980, 1.06584068, 1.00000000, 1.00000000, 1.00000000
0.717171717172, 0.808080808081, 1.05406938, 1.00000000, 1.00000000, 1.00000000
0.717171717172, 0.818181818182, 1.04208247, 1.00000000, 1.00000000, 1.00000000
0.717171717172, 0.828282828283, 1.02992837, 1.00000000, 1.00000000, 1.00000000
0.717171717172, 0.838383838384, 1.01765614, 1.00000000, 1.00000000, 1.00000000
0.717171717172, 0.848484848485, 1.00531527, 1.00000000, 1.00000000, 1.00000000
0.717171717172, 0.858585858586, 0.99295553, 1.00000000, 1.00000000, 1.00000000
0.717171717172, 0.868686868687, 0.98062674, 1.00000000, 1.00000000, 1.00000000
0.717171717172, 0.878787878788, 0.96837853, 1.00000000, 1.00000000, 1.00000000
0.717171717172, 0.888888888889, 0.95626021, 1.00000000, 1.00000000, 1.00000000
0.717171717172, 0.898989898990, 0.94432052, 1.00000000, 1.00000000, 1.00000000
0.717171717172, 0.909090909091, 0.93260745, 1.00000000, 1.00000000, 1.00000000
0.717171717172, 0.919191919192, 0.92116805, 1.00000000, 1.00000000, 1.00000000
0.717171717172, 0.929292929293, 0.91004827, 1.00000000, 1.00000000, 1.00000000
0.717171717172, 0.939393939394, 0.89929294, 1.00000000, 1.00000000, 1.00000000
0.717171717172, 0.949494949495, 0.88894598, 1.00000000, 1.00000000, 1.00000000
0.717171717172, 0.959595959596, 0.87905131, 1.00000000, 1.00000000, 1.00000000
0.727272727273, -0.000000000000, 0.83161596, 1.00000000, 1.00000000, 1.00000000
0.727272727273, 0.010101010101, 0.82614786, 1.00000000, 1.00000000, 1.00000000
0.727272727273, 0.020202020202, 0.82142661, 1.00000000, 1.00000000, 1.00000000
0.727272727273, 0.030303030303, 0.81739635, 1.00000000, 1.00000000, 1.00000000
0.727272727273, 0.040404040404, 0.81398284, 1.00000000, 1.00000000, 1.00000000
0.727272727273, 0.050505050505, 0.81112735, 1.00000000, 1.00000000, 1.00000000
0.727272727273, 0.060606060606, 0.80881265, 1.00000000, 1.00000000, 1.00000000
0.727272727273, 0.070707070707, 0.80706636, 1.00000000, 1.00000000, 1.00000000
0.727272727273, 0.080808080808, 0.80594371, 1.00000000, 1.00000000, 1.00000000
0.727272727273, 0.090909090909, 0.80550382, 1.00000000, 1.00000000, 1.00000000
0.727272727273, 0.101010101010, 0.80579258, 1.00000000, 1.00000000, 1.00000000
0.727272727273, 0.111111111111, 0.80683705, 1.00000000, 1.00000000, 1.00000000
0.727272727273, 0.121212121212, 0.80864792, 1.00000000, 1.00000000, 1.00000000
0.727272727273, 0.131313131313, 0.81122452, 1.00000000, 1.00000000, 1.00000000
0.727272727273, 0.141414141414, 0.81455904, 1.00000000, 1.00000000, 1.00000000
0.727272727273, 0.151515151515, 0.81863898, 1.00000000, 1.00000000, 1.00000000
0.727272727273, 0.161616161616, 0.82344832, 1.00000000, 1.00000000, 1.00000000
0.727272727273, 0.171717171717, 0.82896801, 1.00000000, 1.00000000, 1.00000000
0.727272727273, 0.181818181818, 0.83517608, 1.00000000, 1.00000000, 1.00000000
0.727272727273, 0.191919191919, 0.84204783, 1.00000000, 1.00000000, 1.00000000
0.727272727273, 0.202020202020, 0.84955589, 1.00000000, 1.00000000, 1.00000000
0.727272727273, 0.212121212121, 0.85767033, 1.00000000, 1.00000000, 1.00000000
0.727272727273, 0.222222222222, 0.86635875, 1.00000000, 1.00000000, 1.00000000
0.727272727273, 0.232323232323, 0.87558646, 1.00000000, 1.00000000, 1.00000000
0.727272727273, 0.242424242424, 0.88531657, 1.00000000, 1.00000000, 1.00000000
0.727272727273, 0.252525252525, 0.89551014, 1.00000000, 1.00000000, 1.00000000
0.727272727273, 0.262626262626, 0.90612634, 1.00000000, 1.00000000, 1.00000000
0.727272727273, 0.272727272727, 0.91712263, 1.00000000, 1.00000000, 1.00000000
0.727272727273, 0.282828282828, 0.92845488, 1.00000000, 1.00000000, 1.00000000
0.727272727273, 0.292929292929, 0.94007760, 1.00000000, 1.00000000, 1.00000000
0.727272727273, 0.303030303030, 0.95194408, 1.00000000, 1.00000000, 1.00000000
0.727272727273, 0.313131313131, 0.96400661, 1.00000000, 1.00000000, 1.00000000
0.727272727273, 0.323232323232, 0.97621664, 1.00000000, 1.00000000, 1.00000000
0.727272727273, 0.333333333333, 0.98852501, 1.00000000, 1.00000000, 1.00000000
0.727272727273, 0.343434343434, 1.00088213, 1.00000000, 1.00000000, 1.00000000
0.727272727273, 0.353535353535, 1.01323817, 1.00000000, 1.00000000, 1.00000000
0.727272727273, 0.363636363636, 1.02554330, 1.00000000, 1.00000000, 1.00000000
0.727272727273, 0.373737373737, 1.03774786, 1.00000000, 1.00000000, 1.00000000
0.727272727273, 0.383838383838, 1.04980257, 1.00000000, 1.00000000, 1.00000000
0.727272727273, 0.393939393939, 1.06165874, 1.00000000, 1.00000000, 1.00000000
0.727272727273, 0.404040404040, 1.07326846, 1.00000000, 1.00000000, 1.00000000
0.727272727273, 0.414141414141, 1.08458480, 1.00000000, 1.00000000, 1.00000000
0.727272727273, 0.424242424242, 1.09556202, 1.00000000, 1.00000000, 1.00000000
0.727272727273, 0.434343434343, 1.10615570, 1.00000000, 1.00000000, 1.00000000
0.727272727273, 0.444444444444, 1.11632298, 1.00000000, 1.00000000, 1.00000000
0.727272727273, 0.454545454545, 1.12602274, 1.00000000, 1.00000000, 1.00000000
0.727272727273, 0.464646464646, 1.13521571, 1.00000000, 1.00000000, 1.00000000
0.727272727273, 0.474747474747, 1.14386467, 1.00000000, 1.00000000, 1.00000000
0.727272727273, 0.484848484848, 1.15193460, 1.00000000, 1.00000000, 1.00000000
0.727272727273, 0.494949494949, 1.15939284, 1.00000000, 1.00000000, 1.00000000
0.727272727273, 0.505050505051, 1.16620916, 1.00000000, 1.00000000, 1.00000000
0.727272727273, 0.515151515152, 1.17235598, 1.00000000, 1.00000000, 1.00000000
0.727272727273, 0.525252525253, 1.17780837, 1.00000000, 1.00000000, 1.00000000
0.727272727273, 0.535353535354, 1.18254426, 1.00000000, 1.00000000, 1.00000000
0.727272727273, 0.545454545455, 1.18654445, 1.00000000, 1.00000000, 1.00000000
0.727272727273, 0.555555555556, 1.18979272, 1.00000000, 1.00000000, 1.00000000
0.727272727273, 0.565656565657, 1.19227589, 1.00000000, 1.00000000, 1.00000000
0.727272727273, 0.575757575758, 1.19398386, 1.00000000, 1.00000000, 1.00000000
0.727272727273, 0.585858585859, 1.19490966, 1.00000000, 1.00000000, 1.00000000
0.727272727273, 0.595959595960, 1.19504950, 1.00000000, 1.00000000, 1.00000000
0.727272727273, 0.606060606061, 1.19440288, 1.00000000, 1.00000000, 1.00000000
0.727272727273, 0.616161616162, 1.19297249, 1.00000000, 1.00000000, 1.00000000
0.727272727273, 0.626262626263, 1.19076417, 1.00000000, 1.00000000, 1.00000000
0.727272727273, 0.636363636364, 1.18778692, 1.00000000, 1.00000000, 1.00000000
0.727272727273, 0.646464646465, 1.18405282, 1.00000000, 1.00000000, 1.00000000
0.727272727273, 0.656565656566, 1.17957704, 1.00000000, 1.00000000, 1.00000000
0.727272727273, 0.666666666667, 1.17437773, 1.00000000, 1.00000000, 1.00000000
0.727272727273, 0.676767676768, 1.16847596, 1.00000000, 1.00000000, 1.00000000
0.727272727273, 0.686868686869, 1.16189566, 1.00000000, 1.00000000, 1.00000000
0.727272727273, 0.696969696970, 1.15466350, 1.00000000, 1.00000000, 1.00000000
0.727272727273, 0.707070707071, 1.14680877, 1.00000000, 1.00000000, 1.00000000
0.727272727273, 0.717171717172, 1.13836329, 1.00000000, 1.00000000, 1.00000000
0.727272727273, 0.727272727273, 1.12936128, 1.00000000, 1.00000000, 1.00000000
0.727272727273, 0.737373737374, 1.11983917, 1.00000000, 1.00000000, 1.00000000
0.727272727273, 0.747474747475, 1.10983552, 1.00000000, 1.00000000, 1.00000000
0.727272727273, 0.757575757576, 1.09939080, 1.00000000, 1.00000000, 1.00000000
0.727272727273, 0.767676767677, 1.08854728, 1.00000000, 1.00000000, 1.00000000
0.727272727273, 0.777777777778, 1.07734882, 1.00000000, 1.00000000, 1.00000000
0.727272727273, 0.787878787879, 1.06584068, 1.00000000, 1.00000000, 1.00000000
0.727272727273, 0.797979797980, 1.05406938, 1.00000000, 1.00000000, 1.00000000
0.727272727273, 0.808080808081, 1.04208247, 1.00000000, 1.00000000, 1.00000000
0.727272727273, 0.818181818182, 1.02992837, 1.00000000, 1.00000000, 1.00000000
0.727272727273, 0.828282828283, 1.01765614, 1.00000000, 1.00000000, 1.00000000
0.727272727273, 0.838383838384, 1.00531527, 1.00000000, 1.00000000, 1.00000000
0.727272727273, 0.848484848485, 0.99295553, 1.00000000, 1.00000000, 1.00000000
0.727272727273, 0.858585858586, 0.98062674, 1.00000000, 1.00000000, 1.00000000
0.727272727273, 0.868686868687, 0.96837853, 1.00000000, 1.00000000, 1.00000000
0.727272727273, 0.878787878788, 0.95626021, 1.00000000, 1.00000000, 1.00000000
0.727272727273, 0.888888888889, 0.94432052, 1.00000000, 1.00000000, 1.00000000
0.727272727273, 0.898989898990, 0.93260745, 1.00000000, 1.00000000, 1.00000000
0.727272727273, 0.909090909091, 0.92116803, 1.00000000, 1.00000000, 1.00000000
0.727272727273, 0.919191919192, 0.91004818, 1.00000000, 1.00000000, 1.00000000
0.727272727273, 0.929292929293, 0.89929255, 1.00000000, 1.00000000, 1.00000000
0.727272727273, 0.939393939394, 0.88894440, 1.00000000, 1.00000000, 1.00000000
0.727272727273, 0.949494949495, 0.87904588, 1.00000000, 1.00000000, 1.00000000
0.727272727273, 0.959595959596, 0.86963866, 1.00000000, 1.00000000, 1.00000000
0.737373737374, -0.000000000000, 0.82574035, 1.00000000, 1.00000000, 1.00000000
0.737373737374, 0.010101010101, 0.82089962, 1.00000000, 1.00000000, 1.00000000
0.737373737374, 0.020202020202, 0.81680283, 1.00000000, 1.00000000, 1.00000000
0.737373737374, 0.030303030303, 0.81340022, 1.00000000, 1.00000000, 1.00000000
0.737373737374, 0.040404040404, 0.81062852, 1.00000000, 1.00000000, 1.00000000
0.737373737374, 0.050505050505, 0.80843993, 1.00000000, 1.00000000, 1.00000000
0.737373737374, 0.060606060606, 0.80682326, 1.00000000, 1.00000000, 1.00000000
0.737373737374, 0.070707070707, 0.80580535, 1.00000000, 1.00000000, 1.00000000
0.737373737374, 0.080808080808, 0.80543515, 1.00000000, 1.00000000, 1.00000000
0.737373737374, 0.090909090909, 0.80576292, 1.00000000, 1.00000000, 1.00000000
0.737373737374, 0.101010101010, 0.80682592, 1.00000000, 1.00000000, 1.00000000
0.737373737374, 0.111111111111, 0.80864431, 1.00000000, 1.00000000, 1.00000000
0.737373737374, 0.121212121212, 0.81122351, 1.00000000, 1.00000000, 1.00000000
0.737373737374, 0.131313131313, 0.81455880, 1.00000000, 1.00000000, 1.00000000
0.737373737374, 0.141414141414, 0.81863893, 1.00000000, 1.00000000, 1.00000000
0.737373737374, 0.151515151515, 0.82344831, 1.00000000, 1.00000000, 1.00000000
0.737373737374, 0.161616161616, 0.82896800, 1.00000000, 1.00000000, 1.00000000
0.737373737374, 0.171717171717, 0.83517608, 1.00000000, 1.00000000, 1.00000000
0.737373737374, 0.181818181818, 0.84204783, 1.00000000, 1.00000000, 1.00000000
0.737373737374, 0.191919191919, 0.84955589, 1.00000000, 1.00000000, 1.00000000
0.737373737374, 0.202020202020, 0.85767033, 1.00000000, 1.00000000, 1.00000000
0.737373737374, 0.212121212121, 0.86635875, 1.00000000, 1.00000000, 1.00000000
0.737373737374, 0.222222222222, 0.87558646, 1.00000000, 1.00000000, 1.00000000
0.737373737374, 0.232323232323, 0.88531657, 1.00000000, 1.00000000, 1.00000000
0.737373737374, 0.242424242424, 0.89551014, 1.00000000, 1.00000000, 1.00000000
0.737373737374, 0.252525252525, 0.90612634, 1.00000000, 1.00000000, 1.00000000
0.737373737374, 0.262626262626, 0.91712263, 1.00000000, 1.00000000, 1.00000000
0.737373737374, 0.272727272727, 0.92845488, 1.00000000, 1.00000000, 1.00000000
0.737373737374, 0.282828282828, 0.94007760, 1.00000000, 1.00000000, 1.00000000
0.737373737374, 0.292929292929, 0.95194408, 1.00000000, 1.00000000, 1.00000000
0.737373737374, 0.303030303030, 0.96400661, 1.00000000, 1.00000000, 1.00000000
0.737373737374, 0.313131313131, 0.97621664, 1.00000000, 1.00000000, 1.00000000
0.737373737374, 0.323232323232, 0.98852501, 1.00000000, 1.00000000, 1.00000000
0.737373737374, 0.333333333333, 1.00088213, 1.00000000, 1.00000000, 1.00000000
0.737373737374, 0.343434343434, 1.01323817, 1.00000000, 1.00000000, 1.00000000
0.737373737374, 0.353535353535, 1.02554330, 1.00000000, 1.00000000, 1.00000000
0.737373737374, 0.363636363636, 1.03774786, 1.00000000, 1.00000000, 1.00000000
0.737373737374, 0.373737373737, 1.04980257, 1.00000000, 1.00000000, 1.00000000
0.737373737374, 0.383838383838, 1.06165874, 1.00000000, 1.00000000, 1.00000000
0.737373737374, 0.393939393939, 1.07326846, 1.00000000, 1.00000000, 1.00000000
0.737373737374, 0.404040404040, 1.08458480, 1.00000000, 1.00000000, 1.00000000
0.737373737374, 0.414141414141, 1.09556202, 1.00000000, 1.00000000, 1.00000000
0.737373737374, 0.424242424242, 1.10615570, 1.00000000, 1.00000000, 1.00000000
0.737373737374, 0.434343434343, 1.11632298, 1.00000000, 1.00000000, 1.00000000
0.737373737374, 0.444444444444, 1.12602274, 1.00000000, 1.00000000, 1.00000000
0.737373737374, 0.454545454545, 1.13521571, 1.00000000, 1.00000000, 1.00000000
0.737373737374, 0.464646464646, 1.14386467, 1.00000000, 1.00000000, 1.00000000
0.737373737374, 0.474747474747, 1.15193460, 1.00000000, 1.00000000, 1.00000000
0.737373737374, 0.484848484848, 1.15939284, 1.00000000, 1.00000000, 1.00000000
0.737373737374, 0.494949494949, 1.16620916, 1.00000000, 1.00000000, 1.00000000
0.737373737374, 0.505050505051, 1.17235598, 1.00000000, 1.00000000, 1.00000000
0.737373737374, 0.515151515152, 1.17780837, 1.00000000, 1.00000000, 1.00000000
0.737373737374, 0.525252525253, 1.18254426, 1.00000000, 1.00000000, 1.00000000
0.737373737374, 0.535353535354, 1.18654445, 1.00000000, 1.00000000, 1.00000000
0.737373737374, 0.545454545455, 1.18979272, 1.00000000, 1.00000000, 1.00000000
0.737373737374, 0.555555555556, 1.19227589, 1.00000000, 1.00000000, 1.00000000
0.737373737374, 0.565656565657, 1.19398386, 1.00000000, 1.00000000, 1.00000000
0.737373737374, 0.575757575758, 1.19490966, 1.00000000, 1.00000000, 1.00000000
0.737373737374, 0.585858585859, 1.19504950, 1.00000000, 1.00000000, 1.00000000
0.737373737374, 0.595959595960, 1.19440288, 1.00000000, 1.00000000, 1.00000000
0.737373737374, 0.606060606061, 1.19297249, 1.00000000, 1.00000000, 1.00000000
0.737373737374, 0.616161616162, 1.19076417, 1.00000000, 1.00000000, 1.00000000
0.737373737374, 0.626262626263, 1.18778692, 1.00000000, 1.00000000, 1.00000000
0.737373737374, 0.636363636364, 1.18405282, 1.00000000, 1.00000000, 1.00000000
0.737373737374, 0.646464646465, 1.17957704, 1.00000000, 1.00000000, 1.00000000
0.737373737374, 0.656565656566, 1.17437773, 1.00000000, 1.00000000, 1.00000000
0.737373737374, 0.666666666667, 1.16847596, 1.00000000, 1.00000000, 1.00000000
0.737373737374, 0.676767676768, 1.16189566, 1.00000000, 1.00000000, 1.00000000
0.737373737374, 0.686868686869, 1.15466350, 1.00000000, 1.00000000, 1.00000000
0.737373737374, 0.696969696970, 1.14680877, 1.00000000, 1.00000000, 1.00000000
0.737373737374, 0.707070707071, 1.13836329, 1.00000000, 1.00000000, 1.00000000
0.737373737374, 0.717171717172, 1.12936128, 1.00000000, 1.00000000, 1.00000000
0.737373737374, 0.727272727273, 1.11983917, 1.00000000, 1.00000000, 1.00000000
0.737373737374, 0.737373737374, 1.10983552, 1.00000000, 1.00000000, 1.00000000
0.737373737374, 0.747474747475, 1.09939080, 1.00000000, 1.00000000, 1.00000000
0.737373737374, 0.757575757576, 1.08854728, 1.00000000, 1.00000000, 1.00000000
0.737373737374, 0.767676767677, 1.07734882, 1.00000000, 1.00000000, 1.00000000
0.737373737374, 0.777777777778, 1.06584068, 1.00000000, 1.00000000, 1.00000000
0.737373737374, 0.787878787879, 1.05406938, 1.00000000, 1.00000000, 1.00000000
0.737373737374, 0.797979797980, 1.04208247, 1.00000000, 1.00000000, 1.00000000
0.737373737374, 0.808080808081, 1.02992837, 1.00000000, 1.00000000, 1.00000000
0.737373737374, 0.818181818182, 1.01765614, 1.00000000, 1.00000000, 1.00000000
0.737373737374, 0.828282828283, 1.00531527, 1.00000000, 1.00000000, 1.00000000
0.737373737374, 0.838383838384, 0.99295553, 1.00000000, 1.00000000, 1.00000000
0.737373737374, 0.848484848485, 0.98062674, 1.00000000, 1.00000000, 1.00000000
0.737373737374, 0.858585858586, 0.96837853, 1.00000000, 1.00000000, 1.00000000
0.737373737374, 0.868686868687, 0.95626021, 1.00000000, 1.00000000, 1.00000000
0.737373737374, 0.878787878788, 0.94432052, 1.00000000, 1.00000000, 1.00000000
0.737373737374, 0.888888888889, 0.93260745, 1.00000000, 1.00000000, 1.00000000
0.737373737374, 0.898989898990, 0.92116803, 1.00000000, 1.00000000, 1.00000000
0.737373737374, 0.909090909091, 0.91004817, 1.00000000, 1.00000000, 1.00000000
0.737373737374, 0.919191919192, 0.89929247, 1.00000000, 1.00000000, 1.00000000
0.737373737374, 0.929292929293, 0.88894406, 1.00000000, 1.00000000, 1.00000000
0.737373737374, 0.939393939394, 0.87904453, 1.00000000, 1.00000000, 1.00000000
0.737373737374, 0.949494949495, 0.86963402, 1.00000000, 1.00000000, 1.00000000
0.737373737374, 0.959595959596, 0.86075184, 1.00000000, 1.00000000, 1.00000000
0.747474747475, -0.000000000000, 0.82056530, 1.00000000, 1.00000000, 1.00000000
0.747474747475, 0.010101010101, 0.81637129, 1.00000000, 1.00000000, 1.00000000
0.747474747475, 0.020202020202, 0.81291546, 1.00000000, 1.00000000, 1.00000000
0.747474747475, 0.030303030303, 0.81015427, 1.00000000, 1.00000000, 1.00000000
0.747474747475, 0.040404040404, 0.80803561, 1.00000000, 1.00000000, 1.00000000
0.747474747475, 0.050505050505, 0.80652274, 1.00000000, 1.00000000, 1.00000000
0.747474747475, 0.060606060606, 0.80561058, 1.00000000, 1.00000000, 1.00000000
0.747474747475, 0.070707070707, 0.80532514, 1.00000000, 1.00000000, 1.00000000
0.747474747475, 0.080808080808, 0.80570880, 1.00000000, 1.00000000, 1.00000000
0.747474747475, 0.090909090909, 0.80680278, 1.00000000, 1.00000000, 1.00000000
0.747474747475, 0.101010101010, 0.80863573, 1.00000000, 1.00000000, 1.00000000
0.747474747475, 0.111111111111, 0.81122077, 1.00000000, 1.00000000, 1.00000000
0.747474747475, 0.121212121212, 0.81455804, 1.00000000, 1.00000000, 1.00000000
0.747474747475, 0.131313131313, 0.81863875, 1.00000000, 1.00000000, 1.00000000
0.747474747475, 0.141414141414, 0.82344828, 1.00000000, 1.00000000, 1.00000000
0.747474747475, 0.151515151515, 0.82896800, 1.00000000, 1.00000000, 1.00000000
0.747474747475, 0.161616161616, 0.83517608, 1.00000000, 1.00000000, 1.00000000
0.747474747475, 0.171717171717, 0.84204783, 1.00000000, 1.00000000, 1.00000000
0.747474747475, 0.181818181818, 0.84955589, 1.00000000, 1.00000000, 1.00000000
0.747474747475, 0.191919191919, 0.85767033, 1.00000000, 1.00000000, 1.00000000
0.747474747475, 0.202020202020, 0.86635875, 1.00000000, 1.00000000, 1.00000000
0.747474747475, 0.212121212121, 0.87558646, 1.00000000, 1.00000000, 1.00000000
0.747474747475, 0.222222222222, 0.88531657, 1.00000000, 1.00000000, 1.00000000
0.747474747475, 0.232323232323, 0.89551014, 1.00000000, 1.00000000, 1.00000000
0.747474747475, 0.242424242424, 0.90612634, 1.00000000, 1.00000000, 1.00000000
0.747474747475, 0.252525252525, 0.91712263, 1.00000000, 1.00000000, 1.00000000
0.747474747475, 0.262626262626, 0.92845488, 1.00000000, 1.00000000, 1.00000000
0.747474747475, 0.272727272727, 0.94007760, 1.00000000, 1.00000000, 1.00000000
0.747474747475, 0.282828282828, 0.95194408, 1.00000000, 1.00000000, 1.00000000
0.747474747475, 0.292929292929, 0.96400661, 1.00000000, 1.00000000, 1.00000000
0.747474747475, 0.303030303030, 0.97621664, 1.00000000, 1.00000000, 1.00000000
0.747474747475, 0.313131313131, 0.98852501, 1.00000000, 1.00000000, 1.00000000
0.747474747475, 0.323232323232, 1.00088213, 1.00000000, 1.00000000, 1.00000000
0.747474747475, 0.333333333333, 1.01323817, 1.00000000, 1.00000000, 1.00000000
0.747474747475, 0.343434343434, 1.02554330, 1.00000000, 1.00000000, 1.00000000
0.747474747475, 0.353535353535, 1.03774786, 1.00000000, 1.00000000, 1.00000000
0.747474747475, 0.363636363636, 1.04980257, 1.00000000, 1.00000000, 1.00000000
0.747474747475, 0.373737373737, 1.06165874, 1.00000000, 1.00000000, 1.00000000
0.747474747475, 0.383838383838, 1.07326846, 1.00000000, 1.00000000, 1.00000000
0.747474747475, 0.393939393939, 1.08458480, 1.00000000, 1.00000000, 1.00000000
0.747474747475, 0.404040404040, 1.09556202, 1.00000000, 1.00000000, 1.00000000
0.747474747475, 0.414141414141, 1.10615570, 1.00000000, 1.00000000, 1.00000000
0.747474747475, 0.424242424242, 1.11632298, 1.00000000, 1.00000000, 1.00000000
0.747474747475, 0.434343434343, 1.12602274, 1.00000000, 1.00000000, 1.00000000
0.747474747475, 0.444444444444, 1.13521571, 1.00000000, 1.00000000, 1.00000000
0.747474747475, 0.454545454545, 1.14386467, 1.00000000, 1.00000000, 1.00000000
0.747474747475, 0.464646464646, 1.15193460, 1.00000000, 1.00000000, 1.00000000
0.747474747475, 0.474747474747, 1.15939284, 1.00000000, 1.00000000, 1.00000000
0.747474747475, 0.484848484848, 1.16620916, 1.00000000, 1.00000000, 1.00000000
0.747474747475, 0.494949494949, 1.17235598, 1.00000000, 1.00000000, 1.00000000
0.747474747475, 0.505050505051, 1.17780837, 1.00000000, 1.00000000, 1.00000000
0.747474747475, 0.515151515152, 1.18254426, 1.00000000, 1.00000000, 1.00000000
0.747474747475, 0.525252525253, 1.18654445, 1.00000000, 1.00000000, 1.00000000
0.747474747475, 0.535353535354, 1.18979272, 1.00000000, 1.00000000, 1.00000000
0.747474747475, 0.545454545455, 1.19227589, 1.00000000, 1.00000000, 1.00000000
0.747474747475, 0.555555555556, 1.19398386, 1.00000000, 1.00000000, 1.00000000
0.747474747475, 0.565656565657, 1.19490966, 1.00000000, 1.00000000, 1.00000000
0.747474747475, 0.575757575758, 1.19504950, 1.00000000, 1.00000000, 1.00000000
0.747474747475, 0.585858585859, 1.19440288, 1.00000000, 1.00000000, 1.00000000
0.747474747475, 0.595959595960, 1.19297249, 1.00000000, 1.00000000, 1.00000000
0.747474747475, 0.606060606061, 1.19076417, 1.00000000, 1.00000000, 1.00000000
0.747474747475, 0.616161616162, 1.18778692, 1.00000000, 1.00000000, 1.00000000
0.747474747475, 0.626262626263, 1.18405282, 1.00000000, 1.00000000, 1.00000000
0.747474747475, 0.636363636364, 1.17957704, 1.00000000, 1.00000000, 1.00000000
0.747474747475, 0.646464646465, 1.17437773, 1.00000000, 1.00000000, 1.00000000
0.747474747475, 0.656565656566, 1.16847596, 1.00000000, 1.00000000, 1.00000000
0.747474747475, 0.666666666667, 1.16189566, 1.00000000, 1.00000000, 1.00000000
0.747474747475, 0.676767676768, 1.15466350, 1.00000000, 1.00000000, 1.00000000
0.747474747475, 0.686868686869, 1.14680877, 1.00000000, 1.00000000, 1.00000000
0.747474747475, 0.696969696970, 1.13836329, 1.00000000, 1.00000000, 1.00000000
0.747474747475, 0.707070707071, 1.12936128, 1.00000000, 1.00000000, 1.00000000
0.747474747475, 0.717171717172, 1.11983917, 1.00000000, 1.00000000, 1.00000000
0.747474747475, 0.727272727273, 1.10983552, 1.00000000, 1.00000000, 1.00000000
0.747474747475, 0.737373737374, 1.09939080, 1.00000000, 1.00000000, 1.00000000
0.747474747475, 0.747474747475, 1.08854728, 1.00000000, 1.00000000, 1.00000000
0.747474747475, 0.757575757576, 1.07734882, 1.00000000, 1.00000000, 1.00000000
0.747474747475, 0.767676767677, 1.06584068, 1.00000000, 1.00000000, 1.00000000
0.747474747475, 0.777777777778, 1.05406938, 1.00000000, 1.00000000, 1.00000000
0.747474747475, 0.787878787879, 1.04208247, 1.00000000, 1.00000000, 1.00000000
0.747474747475, 0.797979797980, 1.02992837, 1.00000000, 1.00000000, 1.00000000
0.747474747475, 0.808080808081, 1.01765614, 1.00000000, 1.00000000, 1.00000000
0.747474747475, 0.818181818182, 1.00531527, 1.00000000, 1.00000000, 1.00000000
0.747474747475, 0.828282828283, 0.99295553, 1.00000000, 1.00000000, 1.00000000
0.747474747475, 0.838383838384, 0.98062674, 1.00000000, 1.00000000, 1.00000000
0.747474747475, 0.848484848485, 0.96837853, 1.00000000, 1.00000000, 1.00000000
0.747474747475, 0.858585858586, 0.95626021, 1.00000000, 1.00000000, 1.00000000
0.747474747475, 0.868686868687, 0.94432052, 1.00000000, 1.00000000, 1.00000000
0.747474747475, 0.878787878788, 0.93260745, 1.00000000, 1.00000000, 1.00000000
0.747474747475, 0.888888888889, 0.92116803, 1.00000000, 1.00000000, 1.00000000
0.747474747475, 0.898989898990, 0.91004817, 1.00000000, 1.00000000, 1.00000000
0.747474747475, 0.909090909091, 0.89929246, 1.00000000, 1.00000000, 1.00000000
0.747474747475, 0.919191919192, 0.88894400, 1.00000000, 1.00000000, 1.00000000
0.747474747475, 0.929292929293, 0.87904425, 1.00000000, 1.00000000, 1.00000000
0.747474747475, 0.939393939394, 0.86963292, 1.00000000, 1.00000000, 1.00000000
0.747474747475, 0.949494949495, 0.86074804, 1.00000000, 1.00000000, 1.00000000
0.747474747475, 0.959595959596, 0.85242635, 1.00000000, 1.00000000, 1.00000000
0.757575757576, -0.000000000000, 0.81611150, 1.00000000, 1.00000000, 1.00000000
0.757575757576, 0.010101010101, 0.81258099, 1.00000000, 1.00000000, 1.00000000
0.757575757576, 0.020202020202, 0.80978004, 1.00000000, 1.00000000, 1.00000000
0.757575757576, 0.030303030303, 0.80767146, 1.00000000, 1.00000000, 1.00000000
0.757575757576, 0.040404040404, 0.80621445, 1.00000000, 1.00000000, 1.00000000
0.757575757576, 0.050505050505, 0.80538343, 1.00000000, 1.00000000, 1.00000000
0.757575757576, 0.060606060606, 0.80517949, 1.00000000, 1.00000000, 1.00000000
0.757575757576, 0.070707070707, 0.80562759, 1.00000000, 1.00000000, 1.00000000
0.757575757576, 0.080808080808, 0.80676345, 1.00000000, 1.00000000, 1.00000000
0.757575757576, 0.090909090909, 0.80861922, 1.00000000, 1.00000000, 1.00000000
0.757575757576, 0.101010101010, 0.81121478, 1.00000000, 1.00000000, 1.00000000
0.757575757576, 0.111111111111, 0.81455618, 1.00000000, 1.00000000, 1.00000000
0.757575757576, 0.121212121212, 0.81863825, 1.00000000, 1.00000000, 1.00000000
0.757575757576, 0.131313131313, 0.82344817, 1.00000000, 1.00000000, 1.00000000
0.757575757576, 0.141414141414, 0.82896798, 1.00000000, 1.00000000, 1.00000000
0.757575757576, 0.151515151515, 0.83517607, 1.00000000, 1.00000000, 1.00000000
0.757575757576, 0.161616161616, 0.84204783, 1.00000000, 1.00000000, 1.00000000
0.757575757576, 0.171717171717, 0.84955589, 1.00000000, 1.00000000, 1.00000000
0.757575757576, 0.181818181818, 0.85767033, 1.00000000, 1.00000000, 1.00000000
0.757575757576, 0.191919191919, 0.86635875, 1.00000000, 1.00000000, 1.00000000
0.757575757576, 0.202020202020, 0.87558646, 1.00000000, 1.00000000, 1.00000000
0.757575757576, 0.212121212121, 0.88531657, 1.00000000, 1.00000000, 1.00000000
0.757575757576, 0.222222222222, 0.89551014, 1.00000000, 1.00000000, 1.00000000
0.757575757576, 0.232323232323, 0.90612634, 1.00000000, 1.00000000, 1.00000000
0.757575757576, 0.242424242424, 0.91712263, 1.00000000, 1.00000000, 1.00000000
0.757575757576, 0.252525252525, 0.92845488, 1.00000000, 1.00000000, 1.00000000
0.757575757576, 0.262626262626, 0.94007760, 1.00000000, 1.00000000, 1.00000000
0.757575757576, 0.272727272727, 0.95194408, 1.00000000, 1.00000000, 1.00000000
0.757575757576, 0.282828282828, 0.96400661, 1.00000000, 1.00000000, 1.00000000
0.757575757576, 0.292929292929, 0.97621664, 1.00000000, 1.00000000, 1.00000000
0.757575757576, 0.303030303030, 0.98852501, 1.00000000, 1.00000000, 1.00000000
0.757575757576, 0.313131313131, 1.00088213, 1.00000000, 1.00000000, 1.00000000
0.757575757576, 0.323232323232, 1.01323817, 1.00000000, 1.00000000, 1.00000000
0.757575757576, 0.333333333333, 1.02554330, 1.00000000, 1.00000000, 1.00000000
0.757575757576, 0.343434343434, 1.03774786, 1.00000000, 1.00000000, 1.00000000
0.757575757576, 0.353535353535, 1.04980257, 1.00000000, 1.00000000, 1.00000000
0.757575757576, 0.363636363636, 1.06165874, 1.00000000, 1.00000000, 1.00000000
0.757575757576, 0.373737373737, 1.07326846, 1.00000000, 1.00000000, 1.00000000
0.757575757576, 0.383838383838, 1.08458480, 1.00000000, 1.00000000, 1.00000000
0.757575757576, 0.393939393939, 1.09556202, 1.00000000, 1.00000000, 1.00000000
0.757575757576, 0.404040404040, 1.10615570, 1.00000000, 1.00000000, 1.00000000
0.757575757576, 0.414141414141, 1.11632298, 1.00000000, 1.00000000, 1.00000000
0.757575757576, 0.424242424242, 1.12602274, 1.00000000, 1.00000000, 1.00000000
0.757575757576, 0.434343434343, 1.13521571, 1.00000000, 1.00000000, 1.00000000
0.757575757576, 0.444444444444, 1.14386467, 1.00000000, 1.00000000, 1.00000000
0.757575757576, 0.454545454545, 1.15193460, 1.00000000, 1.00000000, 1.00000000
0.757575757576, 0.464646464646, 1.15939284, 1.00000000, 1.00000000, 1.00000000
0.757575757576, 0.474747474747, 1.16620916, 1.00000000, 1.00000000, 1.00000000
0.757575757576, 0.484848484848, 1.17235598, 1.00000000, 1.00000000, 1.00000000
0.757575757576, 0.494949494949, 1.17780837, 1.00000000, 1.00000000, 1.00000000
0.757575757576, 0.505050505051, 1.18254426, 1.00000000, 1.00000000, 1.00000000
0.757575757576, 0.515151515152, 1.18654445, 1.00000000, 1.00000000, 1.00000000
0.757575757576, 0.525252525253, 1.18979272, 1.00000000, 1.00000000, 1.00000000
0.757575757576, 0.535353535354, 1.19227589, 1.00000000, 1.00000000, 1.00000000
0.757575757576, 0.545454545455, 1.19398386, 1.00000000, 1.00000000, 1.00000000
0.757575757576, 0.555555555556, 1.19490966, 1.00000000, 1.00000000, 1.00000000
0.757575757576, 0.565656565657, 1.19504950, 1.00000000, 1.00000000, 1.00000000
0.757575757576, 0.575757575758, 1.19440288, 1.00000000, 1.00000000, 1.00000000
0.757575757576, 0.585858585859, 1.19297249, 1.00000000, 1.00000000, 1.00000000
0.757575757576, 0.595959595960, 1.19076417, 1.00000000, 1.00000000, 1.00000000
0.757575757576, 0.606060606061, 1.18778692, 1.00000000, 1.00000000, 1.00000000
0.757575757576, 0.616161616162, 1.18405282, 1.00000000, 1.00000000, 1.00000000
0.757575757576, 0.626262626263, 1.17957704, 1.00000000, 1.00000000, 1.00000000
0.757575757576, 0.636363636364, 1.17437773, 1.00000000, 1.00000000, 1.00000000
0.757575757576, 0.646464646465, 1.16847596, 1.00000000, 1.00000000, 1.00000000
0.757575757576, 0.656565656566, 1.16189566, 1.00000000, 1.00000000, 1.00000000
0.757575757576, 0.666666666667, 1.15466350, 1.00000000, 1.00000000, 1.00000000
0.757575757576, 0.676767676768, 1.14680877, 1.00000000, 1.00000000, 1.00000000
0.757575757576, 0.686868686869, 1.13836329, 1.00000000, 1.00000000, 1.00000000
0.757575757576, 0.696969696970, 1.12936128, 1.00000000, 1.00000000, 1.00000000
0.757575757576, 0.707070707071, 1.11983917, 1.00000000, 1.00000000, 1.00000000
0.757575757576, 0.717171717172, 1.10983552, 1.00000000, 1.00000000, 1.00000000
0.757575757576, 0.727272727273, 1.09939080, 1.00000000, 1.00000000, 1.00000000
0.757575757576, 0.737373737374, 1.08854728, 1.00000000, 1.00000000, 1.00000000
0.757575757576, 0.747474747475, 1.07734882, 1.00000000, 1.00000000, 1.00000000
0.757575757576, 0.757575757576, 1.06584068, 1.00000000, 1.00000000, 1.00000000
0.757575757576, 0.767676767677, 1.05406938, 1.00000000, 1.00000000, 1.00000000
0.757575757576, 0.777777777778, 1.04208247, 1.00000000, 1.00000000, 1.00000000
0.757575757576, 0.787878787879, 1.02992837, 1.00000000, 1.00000000, 1.00000000
0.757575757576, 0.797979797980, 1.01765614, 1.00000000, 1.00000000, 1.00000000
0.757575757576, 0.808080808081, 1.00531527, 1.00000000, 1.00000000, 1.00000000
0.757575757576, 0.818181818182, 0.99295553, 1.00000000, 1.00000000, 1.00000000
0.757575757576, 0.828282828283, 0.98062674, 1.00000000, 1.00000000, 1.00000000
0.757575757576, 0.838383838384, 0.96837853, 1.00000000, 1.00000000, 1.00000000
0.757575757576, 0.848484848485, 0.95626021, 1.00000000, 1.00000000, 1.00000000
0.757575757576, 0.858585858586, 0.94432052, 1.00000000, 1.00000000, 1.00000000
0.757575757576, 0.868686868687, 0.93260745, 1.00000000, 1.00000000, 1.00000000
0.757575757576, 0.878787878788, 0.92116803, 1.00000000, 1.00000000, 1.00000000
0.757575757576, 0.888888888889, 0.91004817, 1.00000000, 1.00000000, 1.00000000
0.757575757576, 0.898989898990, 0.89929246, 1.00000000, 1.00000000, 1.00000000
0.757575757576, 0.909090909091, 0.88894400, 1.00000000, 1.00000000, 1.00000000
0.757575757576, 0.919191919192, 0.87904421, 1.00000000, 1.00000000, 1.00000000
0.757575757576, 0.929292929293, 0.86963271, 1.00000000, 1.00000000, 1.00000000
0.757575757576, 0.939393939394, 0.86074720, 1.00000000, 1.00000000, 1.00000000
0.757575757576, 0.949494949495, 0.85242343, 1.00000000, 1.00000000, 1.00000000
0.757575757576, 0.959595959596, 0.84469541, 1.00000000, 1.00000000, 1.00000000
0.767676767677, -0.000000000000, 0.81239677, 1.00000000, 1.00000000, 1.00000000
0.767676767677, 0.010101010101, 0.80954390, 1.00000000, 1.00000000, 1.00000000
0.767676767677, 0.020202020202, 0.80740912, 1.00000000, 1.00000000, 1.00000000
0.767676767677, 0.030303030303, 0.80596173, 1.00000000, 1.00000000, 1.00000000
0.767676767677, 0.040404040404, 0.80517232, 1.00000000, 1.00000000, 1.00000000
0.767676767677, 0.050505050505, 0.80502659, 1.00000000, 1.00000000, 1.00000000
0.767676767677, 0.060606060606, 0.80553163, 1.00000000, 1.00000000, 1.00000000
0.767676767677, 0.070707070707, 0.80671136, 1.00000000, 1.00000000, 1.00000000
0.767676767677, 0.080808080808, 0.80859483, 1.00000000, 1.00000000, 1.00000000
0.767676767677, 0.090909090909, 0.81120497, 1.00000000, 1.00000000, 1.00000000
0.767676767677, 0.101010101010, 0.81455280, 1.00000000, 1.00000000, 1.00000000
0.767676767677, 0.111111111111, 0.81863727, 1.00000000, 1.00000000, 1.00000000
0.767676767677, 0.121212121212, 0.82344793, 1.00000000, 1.00000000, 1.00000000
0.767676767677, 0.131313131313, 0.82896793, 1.00000000, 1.00000000, 1.00000000
0.767676767677, 0.141414141414, 0.83517607, 1.00000000, 1.00000000, 1.00000000
0.767676767677, 0.151515151515, 0.84204783, 1.00000000, 1.00000000, 1.00000000
0.767676767677, 0.161616161616, 0.84955589, 1.00000000, 1.00000000, 1.00000000
0.767676767677, 0.171717171717, 0.85767033, 1.00000000, 1.00000000, 1.00000000
0.767676767677, 0.181818181818, 0.86635875, 1.00000000, 1.00000000, 1.00000000
0.767676767677, 0.191919191919, 0.87558646, 1.00000000, 1.00000000, 1.00000000
0.767676767677, 0.202020202020, 0.88531657, 1.00000000, 1.00000000, 1.00000000
0.767676767677, 0.212121212121, 0.89551014, 1.00000000, 1.00000000, 1.00000000
0.767676767677, 0.222222222222, 0.90612634, 1.00000000, 1.00000000, 1.00000000
0.767676767677, 0.232323232323, 0.91712263, 1.00000000, 1.00000000, 1.00000000
0.767676767677, 0.242424242424, 0.92845488, 1.00000000, 1.00000000, 1.00000000
0.767676767677, 0.252525252525, 0.94007760, 1.00000000, 1.00000000, 1.00000000
0.767676767677, 0.262626262626, 0.95194408, 1.00000000, 1.00000000, 1.00000000
0.767676767677, 0.272727272727, 0.96400661, 1.00000000, 1.00000000, 1.00000000
0.767676767677, 0.282828282828, 0.97621664, 1.00000000, 1.00000000, 1.00000000
0.767676767677, 0.292929292929, 0.98852501, 1.00000000, 1.00000000, 1.00000000
0.767676767677, 0.303030303030, 1.00088213, 1.00000000, 1.00000000, 1.00000000
0.767676767677, 0.313131313131, 1.01323817, 1.00000000, 1.00000000, 1.00000000
0.767676767677, 0.323232323232, 1.02554330, 1.00000000, 1.00000000, 1.00000000
0.767676767677, 0.333333333333, 1.03774786, 1.00000000, 1.00000000, 1.00000000
0.767676767677, 0.343434343434, 1.04980257, 1.00000000, 1.00000000, 1.00000000
0.767676767677, 0.353535353535, 1.06165874, 1.00000000, 1.00000000, 1.00000000
0.767676767677, 0.363636363636, 1.07326846, 1.00000000, 1.00000000, 1.00000000
0.767676767677, 0.373737373737, 1.08458480, 1.00000000, 1.00000000, 1.00000000
0.767676767677, 0.383838383838, 1.09556202, 1.00000000, 1.00000000, 1.00000000
0.767676767677, 0.393939393939, 1.10615570, 1.00000000, 1.00000000, 1.00000000
0.767676767677, 0.404040404040, 1.11632298, 1.00000000, 1.00000000, 1.00000000
0.767676767677, 0.414141414141, 1.12602274, 1.00000000, 1.00000000, 1.00000000
0.767676767677, 0.424242424242, 1.13521571, 1.00000000, 1.00000000, 1.00000000
0.767676767677, 0.434343434343, 1.14386467, 1.00000000, 1.00000000, 1.00000000
0.767676767677, 0.444444444444, 1.15193460, 1.00000000, 1.00000000, 1.00000000
0.767676767677, 0.454545454545, 1.15939284, 1.00000000, 1.00000000, 1.00000000
0.767676767677, 0.464646464646, 1.16620916, 1.00000000, 1.00000000, 1.00000000
0.767676767677, 0.474747474747, 1.17235598, 1.00000000, 1.00000000, 1.00000000
0.767676767677, 0.484848484848, 1.17780837, 1.00000000, 1.00000000, 1.00000000
0.767676767677, 0.494949494949, 1.18254426, 1.00000000, 1.00000000, 1.00000000
0.767676767677, 0.505050505051, 1.18654445, 1.00000000, 1.00000000, 1.00000000
0.767676767677, 0.515151515152, 1.18979272, 1.00000000, 1.00000000, 1.00000000
0.767676767677, 0.525252525253, 1.19227589, 1.00000000, 1.00000000, 1.00000000
0.767676767677, 0.535353535354, 1.19398386, 1.00000000, 1.00000000, 1.00000000
0.767676767677, 0.545454545455, 1.19490966, 1.00000000, 1.00000000, 1.00000000
0.767676767677, 0.555555555556, 1.19504950, 1.00000000, 1.00000000, 1.00000000
0.767676767677, 0.565656565657, 1.19440288, 1.00000000, 1.00000000, 1.00000000
0.767676767677, 0.575757575758, 1.19297249, 1.00000000, 1.00000000, 1.00000000
0.767676767677, 0.585858585859, 1.19076417, 1.00000000, 1.00000000, 1.00000000
0.767676767677, 0.595959595960, 1.18778692, 1.00000000, 1.00000000, 1.00000000
0.767676767677, 0.606060606061, 1.18405282, 1.00000000, 1.00000000, 1.00000000
0.767676767677, 0.616161616162, 1.17957704, 1.00000000, 1.00000000, 1.00000000
0.767676767677, 0.626262626263, 1.17437773, 1.00000000, 1.00000000, 1.00000000
0.767676767677, 0.636363636364, 1.16847596, 1.00000000, 1.00000000, 1.00000000
0.767676767677, 0.646464646465, 1.16189566, 1.00000000, 1.00000000, 1.00000000
0.767676767677, 0.656565656566, 1.15466350, 1.00000000, 1.00000000, 1.00000000
0.767676767677, 0.666666666667, 1.14680877, 1.00000000, 1.00000000, 1.00000000
0.767676767677, 0.676767676768, 1.13836329, 1.00000000, 1.00000000, 1.00000000
0.767676767677, 0.686868686869, 1.12936128, 1.00000000, 1.00000000, 1.00000000
0.767676767677, 0.696969696970, 1.11983917, 1.00000000, 1.00000000, 1.00000000
0.767676767677, 0.707070707071, 1.10983552, 1.00000000, 1.00000000, 1.00000000
0.767676767677, 0.717171717172, 1.09939080, 1.00000000, 1.00000000, 1.00000000
0.767676767677, 0.727272727273, 1.08854728, 1.00000000, 1.00000000, 1.00000000
0.767676767677, 0.737373737374, 1.07734882, 1.00000000, 1.00000000, 1.00000000
0.767676767677, 0.747474747475, 1.06584068, 1.00000000, 1.00000000, 1.00000000
0.767676767677, 0.757575757576, 1.05406938, 1.00000000, 1.00000000, 1.00000000
0.767676767677, 0.767676767677, 1.04208247, 1.00000000, 1.00000000, 1.00000000
0.767676767677, 0.777777777778, 1.02992837, 1.00000000, 1.00000000, 1.00000000
0.767676767677, 0.787878787879, 1.01765614, 1.00000000, 1.00000000, 1.00000000
0.767676767677, 0.797979797980, 1.00531527, 1.00000000, 1.00000000, 1.00000000
0.767676767677, 0.808080808081, 0.99295553, 1.00000000, 1.00000000, 1.00000000
0.767676767677, 0.818181818182, 0.98062674, 1.00000000, 1.00000000, 1.00000000
0.767676767677, 0.828282828283, 0.96837853, 1.00000000, 1.00000000, 1.00000000
0.767676767677, 0.838383838384, 0.95626021, 1.00000000, 1.00000000, 1.00000000
0.767676767677, 0.848484848485, 0.94432052, 1.00000000, 1.00000000, 1.00000000
0.767676767677, 0.858585858586, 0.93260745, 1.00000000, 1.00000000, 1.00000000
0.767676767677, 0.868686868687, 0.92116803, 1.00000000, 1.00000000, 1.00000000
0.767676767677, 0.878787878788, 0.91004817, 1.00000000, 1.00000000, 1.00000000
0.767676767677, 0.888888888889, 0.89929246, 1.00000000, 1.00000000, 1.00000000
0.767676767677, 0.898989898990, 0.88894399, 1.00000000, 1.00000000, 1.00000000
0.767676767677, 0.909090909091, 0.87904420, 1.00000000, 1.00000000, 1.00000000
0.767676767677, 0.919191919192, 0.86963268, 1.00000000, 1.00000000, 1.00000000
0.767676767677, 0.929292929293, 0.86074706, 1.00000000, 1.00000000, 1.00000000
0.767676767677, 0.939393939394, 0.85242286, 1.00000000, 1.00000000, 1.00000000
0.767676767677, 0.949494949495, 0.84469340, 1.00000000, 1.00000000, 1.00000000
0.767676767677, 0.959595959596, 0.83758987, 1.00000000, 1.00000000, 1.00000000
0.777777777778, -0.000000000000, 0.80943600, 1.00000000, 1.00000000, 1.00000000
0.777777777778, 0.010101010101, 0.80727221, 1.00000000, 1.00000000, 1.00000000
0.777777777778, 0.020202020202, 0.80581225, 1.00000000, 1.00000000, 1.00000000
0.777777777778, 0.030303030303, 0.80503198, 1.00000000, 1.00000000, 1.00000000
0.777777777778, 0.040404040404, 0.80491345, 1.00000000, 1.00000000, 1.00000000
0.777777777778, 0.050505050505, 0.80545354, 1.00000000, 1.00000000, 1.00000000
0.777777777778, 0.060606060606, 0.80666545, 1.00000000, 1.00000000, 1.00000000
0.777777777778, 0.070707070707, 0.80857204, 1.00000000, 1.00000000, 1.00000000
0.777777777778, 0.080808080808, 0.81119558, 1.00000000, 1.00000000, 1.00000000
0.777777777778, 0.090909090909, 0.81454970, 1.00000000, 1.00000000, 1.00000000
0.777777777778, 0.101010101010, 0.81863651, 1.00000000, 1.00000000, 1.00000000
0.777777777778, 0.111111111111, 0.82344783, 1.00000000, 1.00000000, 1.00000000
0.777777777778, 0.121212121212, 0.82896795, 1.00000000, 1.00000000, 1.00000000
0.777777777778, 0.131313131313, 0.83517608, 1.00000000, 1.00000000, 1.00000000
0.777777777778, 0.141414141414, 0.84204784, 1.00000000, 1.00000000, 1.00000000
0.777777777778, 0.151515151515, 0.84955590, 1.00000000, 1.00000000, 1.00000000
0.777777777778, 0.161616161616, 0.85767033, 1.00000000, 1.00000000, 1.00000000
0.777777777778, 0.171717171717, 0.86635875, 1.00000000, 1.00000000, 1.00000000
0.777777777778, 0.181818181818, 0.87558646, 1.00000000, 1.00000000, 1.00000000
0.777777777778, 0.191919191919, 0.88531657, 1.00000000, 1.00000000, 1.00000000
0.777777777778, 0.202020202020, 0.89551014, 1.00000000, 1.00000000, 1.00000000
0.777777777778, 0.212121212121, 0.90612634, 1.00000000, 1.00000000, 1.00000000
0.777777777778, 0.222222222222, 0.91712263, 1.00000000, 1.00000000, 1.00000000
0.777777777778, 0.232323232323, 0.92845488, 1.00000000, 1.00000000, 1.00000000
0.777777777778, 0.242424242424, 0.94007760, 1.00000000, 1.00000000, 1.00000000
0.777777777778, 0.252525252525, 0.95194408, 1.00000000, 1.00000000, 1.00000000
0.777777777778, 0.262626262626, 0.96400661, 1.00000000, 1.00000000, 1.00000000
0.777777777778, 0.272727272727, 0.97621664, 1.00000000, 1.00000000, 1.00000000
0.777777777778, 0.282828282828, 0.98852501, 1.00000000, 1.00000000, 1.00000000
0.777777777778, 0.292929292929, 1.00088213, 1.00000000, 1.00000000, 1.00000000
0.777777777778, 0.303030303030, 1.01323817, 1.00000000, 1.00000000, 1.00000000
0.777777777778, 0.313131313131, 1.02554330, 1.00000000, 1.00000000, 1.00000000
0.777777777778, 0.323232323232, 1.03774786, 1.00000000, 1.00000000, 1.00000000
0.777777777778, 0.333333333333, 1.04980257, 1.00000000, 1.00000000, 1.00000000
0.777777777778, 0.343434343434, 1.06165874, 1.00000000, 1.00000000, 1.00000000
0.777777777778, 0.353535353535, 1.07326846, 1.00000000, 1.00000000, 1.00000000
0.777777777778, 0.363636363636, 1.08458480, 1.00000000, 1.00000000, 1.00000000
0.777777777778, 0.373737373737, 1.09556202, 1.00000000, 1.00000000, 1.00000000
0.777777777778, 0.383838383838, 1.10615570, 1.00000000, 1.00000000, 1.00000000
0.777777777778, 0.393939393939, 1.11632298, 1.00000000, 1.00000000, 1.00000000
0.777777777778, 0.404040404040, 1.12602274, 1.00000000, 1.00000000, 1.00000000
0.777777777778, 0.414141414141, 1.13521571, 1.00000000, 1.00000000, 1.00000000
0.777777777778, 0.424242424242, 1.14386467, 1.00000000, 1.00000000, 1.00000000
0.777777777778, 0.434343434343, 1.15193460, 1.00000000, 1.00000000, 1.00000000
0.777777777778, 0.444444444444, 1.15939284, 1.00000000, 1.00000000, 1.00000000
0.777777777778, 0.454545454545, 1.16620916, 1.00000000, 1.00000000, 1.00000000
0.777777777778, 0.464646464646, 1.17235598, 1.00000000, 1.00000000, 1.00000000
0.777777777778, 0.474747474747, 1.17780837, 1.00000000, 1.00000000, 1.00000000
0.777777777778, 0.484848484848, 1.18254426, 1.00000000, 1.00000000, 1.00000000
0.777777777778, 0.494949494949, 1.18654445, 1.00000000, 1.00000000, 1.00000000
0.777777777778, 0.505050505051, 1.18979272, 1.00000000, 1.00000000, 1.00000000
0.777777777778, 0.515151515152, 1.19227589, 1.00000000, 1.00000000, 1.00000000
0.777777777778, 0.525252525253, 1.19398386, 1.00000000, 1.00000000, 1.00000000
0.777777777778, 0.535353535354, 1.19490966, 1.00000000, 1.00000000, 1.00000000
0.777777777778, 0.545454545455, 1.19504950, 1.00000000, 1.00000000, 1.00000000
0.777777777778, 0.555555555556, 1.19440288, 1.00000000, 1.00000000, 1.00000000
0.777777777778, 0.565656565657, 1.19297249, 1.00000000, 1.00000000, 1.00000000
0.777777777778, 0.575757575758, 1.19076417, 1.00000000, 1.00000000, 1.00000000
0.777777777778, 0.585858585859, 1.18778692, 1.00000000, 1.00000000, 1.00000000
0.777777777778, 0.595959595960, 1.18405282, 1.00000000, 1.00000000, 1.00000000
0.777777777778, 0.606060606061, 1.17957704, 1.00000000, 1.00000000, 1.00000000
0.777777777778, 0.616161616162, 1.17437773, 1.00000000, 1.00000000, 1.00000000
0.777777777778, 0.626262626263, 1.16847596, 1.00000000, 1.00000000, 1.00000000
0.777777777778, 0.636363636364, 1.16189566, 1.00000000, 1.00000000, 1.00000000
0.777777777778, 0.646464646465, 1.15466350, 1.00000000, 1.00000000, 1.00000000
0.777777777778, 0.656565656566, 1.14680877, 1.00000000, 1.00000000, 1.00000000
0.777777777778, 0.666666666667, 1.13836329, 1.00000000, 1.00000000, 1.00000000
0.777777777778, 0.676767676768, 1.12936128, 1.00000000, 1.00000000, 1.00000000
0.777777777778, 0.686868686869, 1.11983917, 1.00000000, 1.00000000, 1.00000000
0.777777777778, 0.696969696970, 1.10983552, 1.00000000, 1.00000000, 1.00000000
0.777777777778, 0.707070707071, 1.09939080, 1.00000000, 1.00000000, 1.00000000
0.777777777778, 0.717171717172, 1.08854728, 1.00000000, 1.00000000, 1.00000000
0.777777777778, 0.727272727273, 1.07734882, 1.00000000, 1.00000000, 1.00000000
0.777777777778, 0.737373737374, 1.06584068, 1.00000000, 1.00000000, 1.00000000
0.777777777778, 0.747474747475, 1.05406938, 1.00000000, 1.00000000, 1.00000000
0.777777777778, 0.757575757576, 1.04208247, 1.00000000, 1.00000000, 1.00000000
0.777777777778, 0.767676767677, 1.02992837, 1.00000000, 1.00000000, 1.00000000
0.777777777778, 0.777777777778, 1.01765614, 1.00000000, 1.00000000, 1.00000000
0.777777777778, 0.787878787879, 1.00531527, 1.00000000, 1.00000000, 1.00000000
0.777777777778, 0.797979797980, 0.99295553, 1.00000000, 1.00000000, 1.00000000
0.777777777778, 0.808080808081, 0.98062674, 1.00000000, 1.00000000, 1.00000000
0.777777777778, 0.818181818182, 0.96837853, 1.00000000, 1.00000000, 1.00000000
0.777777777778, 0.828282828283, 0.95626021, 1.00000000, 1.00000000, 1.00000000
0.777777777778, 0.838383838384, 0.94432052, 1.00000000, 1.00000000, 1.00000000
0.777777777778, 0.848484848485, 0.93260745, 1.00000000, 1.00000000, 1.00000000
0.777777777778, 0.858585858586, 0.92116803, 1.00000000, 1.00000000, 1.00000000
0.777777777778, 0.868686868687, 0.91004817, 1.00000000, 1.00000000, 1.00000000
0.777777777778, 0.878787878788, 0.89929246, 1.00000000, 1.00000000, 1.00000000
0.777777777778, 0.888888888889, 0.88894399, 1.00000000, 1.00000000, 1.00000000
0.777777777778, 0.898989898990, 0.87904420, 1.00000000, 1.00000000, 1.00000000
0.777777777778, 0.909090909091, 0.86963268, 1.00000000, 1.00000000, 1.00000000
0.777777777778, 0.919191919192, 0.86074705, 1.00000000, 1.00000000, 1.00000000
0.777777777778, 0.929292929293, 0.85242279, 1.00000000, 1.00000000, 1.00000000
0.777777777778, 0.939393939394, 0.84469311, 1.00000000, 1.00000000, 1.00000000
0.777777777778, 0.949494949495, 0.83758879, 1.00000000, 1.00000000, 1.00000000
0.777777777778, 0.959595959596, 0.83113804, 1.00000000, 1.00000000, 1.00000000
0.787878787879, -0.000000000000, 0.80724110, 1.00000000, 1.00000000, 1.00000000
0.787878787879, 0.010101010101, 0.80577512, 1.00000000, 1.00000000, 1.00000000
0.787878787879, 0.020202020202, 0.80499593, 1.00000000, 1.00000000, 1.00000000
0.787878787879, 0.030303030303, 0.80488599, 1.00000000, 1.00000000, 1.00000000
0.787878787879, 0.040404040404, 0.80543877, 1.00000000, 1.00000000, 1.00000000
0.787878787879, 0.050505050505, 0.80666244, 1.00000000, 1.00000000, 1.00000000
0.787878787879, 0.060606060606, 0.80857632, 1.00000000, 1.00000000, 1.00000000
0.787878787879, 0.070707070707, 0.81120216, 1.00000000, 1.00000000, 1.00000000
0.787878787879, 0.080808080808, 0.81455533, 1.00000000, 1.00000000, 1.00000000
0.787878787879, 0.090909090909, 0.81864011, 1.00000000, 1.00000000, 1.00000000
0.787878787879, 0.101010101010, 0.82344968, 1.00000000, 1.00000000, 1.00000000
0.787878787879, 0.111111111111, 0.82896873, 1.00000000, 1.00000000, 1.00000000
0.787878787879, 0.121212121212, 0.83517636, 1.00000000, 1.00000000, 1.00000000
0.787878787879, 0.131313131313, 0.84204792, 1.00000000, 1.00000000, 1.00000000
0.787878787879, 0.141414141414, 0.84955592, 1.00000000, 1.00000000, 1.00000000
0.787878787879, 0.151515151515, 0.85767033, 1.00000000, 1.00000000, 1.00000000
0.787878787879, 0.161616161616, 0.86635875, 1.00000000, 1.00000000, 1.00000000
0.787878787879, 0.171717171717, 0.87558646, 1.00000000, 1.00000000, 1.00000000
0.787878787879, 0.181818181818, 0.88531657, 1.00000000, 1.00000000, 1.00000000
0.787878787879, 0.191919191919, 0.89551014, 1.00000000, 1.00000000, 1.00000000
0.787878787879, 0.202020202020, 0.90612634, 1.00000000, 1.00000000, 1.00000000
0.787878787879, 0.212121212121, 0.91712263, 1.00000000, 1.00000000, 1.00000000
0.787878787879, 0.222222222222, 0.92845488, 1.00000000, 1.00000000, 1.00000000
0.787878787879, 0.232323232323, 0.94007760, 1.00000000, 1.00000000, 1.00000000
0.787878787879, 0.242424242424, 0.95194408, 1.00000000, 1.00000000, 1.00000000
0.787878787879, 0.252525252525, 0.96400661, 1.00000000, 1.00000000, 1.00000000
0.787878787879, 0.262626262626, 0.97621664, 1.00000000, 1.00000000, 1.00000000
0.787878787879, 0.272727272727, 0.98852501, 1.00000000, 1.00000000, 1.00000000
0.787878787879, 0.282828282828, 1.00088213, 1.00000000, 1.00000000, 1.00000000
0.787878787879, 0.292929292929, 1.01323817, 1.00000000, 1.00000000, 1.00000000
0.787878787879, 0.303030303030, 1.02554330, 1.00000000, 1.00000000, 1.00000000
0.787878787879, 0.313131313131, 1.03774786, 1.00000000, 1.00000000, 1.00000000
0.787878787879, 0.323232323232, 1.04980257, 1.00000000, 1.00000000, 1.00000000
0.787878787879, 0.333333333333, 1.06165874, 1.00000000, 1.00000000, 1.00000000
0.787878787879, 0.343434343434, 1.07326846, 1.00000000, 1.00000000, 1.00000000
0.787878787879, 0.353535353535, 1.08458480, 1.00000000, 1.00000000, 1.00000000
0.787878787879, 0.363636363636, 1.09556202, 1.00000000, 1.00000000, 1.00000000
0.787878787879, 0.373737373737, 1.10615570, 1.00000000, 1.00000000, 1.00000000
0.787878787879, 0.383838383838, 1.11632298, 1.00000000, 1.00000000, 1.00000000
0.787878787879, 0.393939393939, 1.12602274, 1.00000000, 1.00000000, 1.00000000
0.787878787879, 0.404040404040, 1.13521571, 1.00000000, 1.00000000, 1.00000000
0.787878787879, 0.414141414141, 1.14386467, 1.00000000, 1.00000000, 1.00000000
0.787878787879, 0.424242424242, 1.15193460, 1.00000000, 1.00000000, 1.00000000
0.787878787879, 0.434343434343, 1.15939284, 1.00000000, 1.00000000, 1.00000000
0.787878787879, 0.444444444444, 1.16620916, 1.00000000, 1.00000000, 1.00000000
0.787878787879, 0.454545454545, 1.17235598, 1.00000000, 1.00000000, 1.00000000
0.787878787879, 0.464646464646, 1.17780837, 1.00000000, 1.00000000, 1.00000000
0.787878787879, 0.474747474747, 1.18254426, 1.00000000, 1.00000000, 1.00000000
0.787878787879, 0.484848484848, 1.18654445, 1.00000000, 1.00000000, 1.00000000
0.787878787879, 0.494949494949, 1.18979272, 1.00000000, 1.00000000, 1.00000000
0.787878787879, 0.505050505051, 1.19227589, 1.00000000, 1.00000000, 1.00000000
0.787878787879, 0.515151515152, 1.19398386, 1.00000000, 1.00000000, 1.00000000
0.787878787879, 0.525252525253, 1.19490966, 1.00000000, 1.00000000, 1.00000000
0.787878787879, 0.535353535354, 1.19504950, 1.00000000, 1.00000000, 1.00000000
0.787878787879, 0.545454545455, 1.19440288, 1.00000000, 1.00000000, 1.00000000
0.787878787879, 0.555555555556, 1.19297249, 1.00000000, 1.00000000, 1.00000000
0.787878787879, 0.565656565657, 1.19076417, 1.00000000, 1.00000000, 1.00000000
0.787878787879, 0.575757575758, 1.18778692, 1.00000000, 1.00000000, 1.00000000
0.787878787879, 0.585858585859, 1.18405282, 1.00000000, 1.00000000, 1.00000000
0.787878787879, 0.595959595960, 1.17957704, 1.00000000, 1.00000000, 1.00000000
0.787878787879, 0.606060606061, 1.17437773, 1.00000000, 1.00000000, 1.00000000
0.787878787879, 0.616161616162, 1.16847596, 1.00000000, 1.00000000, 1.00000000
0.787878787879, 0.626262626263, 1.16189566, 1.00000000, 1.00000000, 1.00000000
0.787878787879, 0.636363636364, 1.15466350, 1.00000000, 1.00000000, 1.00000000
0.787878787879, 0.646464646465, 1.14680877, 1.00000000, 1.00000000, 1.00000000
0.787878787879, 0.656565656566, 1.13836329, 1.00000000, 1.00000000, 1.00000000
0.787878787879, 0.666666666667, 1.12936128, 1.00000000, 1.00000000, 1.00000000
0.787878787879, 0.676767676768, 1.11983917, 1.00000000, 1.00000000, 1.00000000
0.787878787879, 0.686868686869, 1.10983552, 1.00000000, 1.00000000, 1.00000000
0.787878787879, 0.696969696970, 1.09939080, 1.00000000, 1.00000000, 1.00000000
0.787878787879, 0.707070707071, 1.08854728, 1.00000000, 1.00000000, 1.00000000
0.787878787879, 0.717171717172, 1.07734882, 1.00000000, 1.00000000, 1.00000000
0.787878787879, 0.727272727273, 1.06584068, 1.00000000, 1.00000000, 1.00000000
0.787878787879, 0.737373737374, 1.05406938, 1.00000000, 1.00000000, 1.00000000
0.787878787879, 0.747474747475, 1.04208247, 1.00000000, 1.00000000, 1.00000000
0.787878787879, 0.757575757576, 1.02992837, 1.00000000, 1.00000000, 1.00000000
0.787878787879, 0.767676767677, 1.01765614, 1.00000000, 1.00000000, 1.00000000
0.787878787879, 0.777777777778, 1.00531527, 1.00000000, 1.00000000, 1.00000000
0.787878787879, 0.787878787879, 0.99295553, 1.00000000, 1.00000000, 1.00000000
0.787878787879, 0.797979797980, 0.98062674, 1.00000000, 1.00000000, 1.00000000
0.787878787879, 0.808080808081, 0.96837853, 1.00000000, 1.00000000, 1.00000000
0.787878787879, 0.818181818182, 0.95626021, 1.00000000, 1.00000000, 1.00000000
0.787878787879, 0.828282828283, 0.94432052, 1.00000000, 1.00000000, 1.00000000
0.787878787879, 0.838383838384, 0.93260745, 1.00000000, 1.00000000, 1.00000000
0.787878787879, 0.848484848485, 0.92116803, 1.00000000, 1.00000000, 1.00000000
0.787878787879, 0.858585858586, 0.91004817, 1.00000000, 1.00000000, 1.00000000
0.787878787879, 0.868686868687, 0.89929246, 1.00000000, 1.00000000, 1.00000000
0.787878787879, 0.878787878788, 0.88894399, 1.00000000, 1.00000000, 1.00000000
0.787878787879, 0.888888888889, 0.87904420, 1.00000000, 1.00000000, 1.00000000
0.787878787879, 0.898989898990, 0.86963268, 1.00000000, 1.00000000, 1.00000000
0.787878787879, 0.909090909091, 0.86074705, 1.00000000, 1.00000000, 1.00000000
0.787878787879, 0.919191919192, 0.85242279, 1.00000000, 1.00000000, 1.00000000
0.787878787879, 0.929292929293, 0.84469311, 1.00000000, 1.00000000, 1.00000000
0.787878787879, 0.939393939394, 0.83758878, 1.00000000, 1.00000000, 1.00000000
0.787878787879, 0.949494949495, 0.83113791, 1.00000000, 1.00000000, 1.00000000
0.787878787879, 0.959595959596, 0.82536565, 1.00000000, 1.00000000, 1.00000000
0.797979797980, -0.000000000000, 0.80582096, 1.00000000, 1.00000000, 1.00000000
0.797979797980, 0.010101010101, 0.80505875, 1.00000000, 1.00000000, 1.00000000
0.797979797980, 0.020202020202, 0.80496353, 1.00000000, 1.00000000, 1.00000000
0.797979797980, 0.030303030303, 0.80552429, 1.00000000, 1.00000000, 1.00000000
0.797979797980, 0.040404040404, 0.80674607, 1.00000000, 1.00000000, 1.00000000
0.797979797980, 0.050505050505, 0.80864836, 1.00000000, 1.00000000, 1.00000000
0.797979797980, 0.060606060606, 0.81125655, 1.00000000, 1.00000000, 1.00000000
0.797979797980, 0.070707070707, 0.81459118, 1.00000000, 1.00000000, 1.00000000
0.797979797980, 0.080808080808, 0.81866068, 1.00000000, 1.00000000, 1.00000000
0.797979797980, 0.090909090909, 0.82345992, 1.00000000, 1.00000000, 1.00000000
0.797979797980, 0.101010101010, 0.82897315, 1.00000000, 1.00000000, 1.00000000
0.797979797980, 0.111111111111, 0.83517800, 1.00000000, 1.00000000, 1.00000000
0.797979797980, 0.121212121212, 0.84204844, 1.00000000, 1.00000000, 1.00000000
0.797979797980, 0.131313131313, 0.84955606, 1.00000000, 1.00000000, 1.00000000
0.797979797980, 0.141414141414, 0.85767036, 1.00000000, 1.00000000, 1.00000000
0.797979797980, 0.151515151515, 0.86635876, 1.00000000, 1.00000000, 1.00000000
0.797979797980, 0.161616161616, 0.87558646, 1.00000000, 1.00000000, 1.00000000
0.797979797980, 0.171717171717, 0.88531657, 1.00000000, 1.00000000, 1.00000000
0.797979797980, 0.181818181818, 0.89551014, 1.00000000, 1.00000000, 1.00000000
0.797979797980, 0.191919191919, 0.90612634, 1.00000000, 1.00000000, 1.00000000
0.797979797980, 0.202020202020, 0.91712263, 1.00000000, 1.00000000, 1.00000000
0.797979797980, 0.212121212121, 0.92845488, 1.00000000, 1.00000000, 1.00000000
0.797979797980, 0.222222222222, 0.94007760, 1.00000000, 1.00000000, 1.00000000
0.797979797980, 0.232323232323, 0.95194408, 1.00000000, 1.00000000, 1.00000000
0.797979797980, 0.242424242424, 0.96400661, 1.00000000, 1.00000000, 1.00000000
0.797979797980, 0.252525252525, 0.97621664, 1.00000000, 1.00000000, 1.00000000
0.797979797980, 0.262626262626, 0.98852501, 1.00000000, 1.00000000, 1.00000000
0.797979797980, 0.272727272727, 1.00088213, 1.00000000, 1.00000000, 1.00000000
0.797979797980, 0.282828282828, 1.01323817, 1.00000000, 1.00000000, 1.00000000
0.797979797980, 0.292929292929, 1.02554330, 1.00000000, 1.00000000, 1.00000000
0.797979797980, 0.303030303030, 1.03774786, 1.00000000, 1.00000000, 1.00000000
0.797979797980, 0.313131313131, 1.04980257, 1.00000000, 1.00000000, 1.00000000
0.797979797980, 0.323232323232, 1.06165874, 1.00000000, 1.00000000, 1.00000000
0.797979797980, 0.333333333333, 1.07326846, 1.00000000, 1.00000000, 1.00000000
0.797979797980, 0.343434343434, 1.08458480, 1.00000000, 1.00000000, 1.00000000
0.797979797980, 0.353535353535, 1.09556202, 1.00000000, 1.00000000, 1.00000000
0.797979797980, 0.363636363636, 1.10615570, 1.00000000, 1.00000000, 1.00000000
0.797979797980, 0.373737373737, 1.11632298, 1.00000000, 1.00000000, 1.00000000
0.797979797980, 0.383838383838, 1.12602274, 1.00000000, 1.00000000, 1.00000000
0.797979797980, 0.393939393939, 1.13521571, 1.00000000, 1.00000000, 1.00000000
0.797979797980, 0.404040404040, 1.14386467, 1.00000000, 1.00000000, 1.00000000
0.797979797980, 0.414141414141, 1.15193460, 1.00000000, 1.00000000, 1.00000000
0.797979797980, 0.424242424242, 1.15939284, 1.00000000, 1.00000000, 1.00000000
0.797979797980, 0.434343434343, 1.16620916, 1.00000000, 1.00000000, 1.00000000
0.797979797980, 0.444444444444, 1.17235598, 1.00000000, 1.00000000, 1.00000000
0.797979797980, 0.454545454545, 1.17780837, 1.00000000, 1.00000000, 1.00000000
0.797979797980, 0.464646464646, 1.18254426, 1.00000000, 1.00000000, 1.00000000
0.797979797980, 0.474747474747, 1.18654445, 1.00000000, 1.00000000, 1.00000000
0.797979797980, 0.484848484848, 1.18979272, 1.00000000, 1.00000000, 1.00000000
0.797979797980, 0.494949494949, 1.19227589, 1.00000000, 1.00000000, 1.00000000
0.797979797980, 0.505050505051, 1.19398386, 1.00000000, 1.00000000, 1.00000000
0.797979797980, 0.515151515152, 1.19490966, 1.00000000, 1.00000000, 1.00000000
0.797979797980, 0.525252525253, 1.19504950, 1.00000000, 1.00000000, 1.00000000
0.797979797980, 0.535353535354, 1.19440288, 1.00000000, 1.00000000, 1.00000000
0.797979797980, 0.545454545455, 1.19297249, 1.00000000, 1.00000000, 1.00000000
0.797979797980, 0.555555555556, 1.19076417, 1.00000000, 1.00000000, 1.00000000
0.797979797980, 0.565656565657, 1.18778692, 1.00000000, 1.00000000, 1.00000000
0.797979797980, 0.575757575758, 1.18405282, 1.00000000, 1.00000000, 1.00000000
0.797979797980, 0.585858585859, 1.17957704, 1.00000000, 1.00000000, 1.00000000
0.797979797980, 0.595959595960, 1.17437773, 1.00000000, 1.00000000, 1.00000000
0.797979797980, 0.606060606061, 1.16847596, 1.00000000, 1.00000000, 1.00000000
0.797979797980, 0.616161616162, 1.16189566, 1.00000000, 1.00000000, 1.00000000
0.797979797980, 0.626262626263, 1.15466350, 1.00000000, 1.00000000, 1.00000000
0.797979797980, 0.636363636364, 1.14680877, 1.00000000, 1.00000000, 1.00000000
0.797979797980, 0.646464646465, 1.13836329, 1.00000000, 1.00000000, 1.00000000
0.797979797980, 0.656565656566, 1.12936128, 1.00000000, 1.00000000, 1.00000000
0.797979797980, 0.666666666667, 1.11983917, 1.00000000, 1.00000000, 1.00000000
0.797979797980, 0.676767676768, 1.10983552, 1.00000000, 1.00000000, 1.00000000
0.797979797980, 0.686868686869, 1.09939080, 1.00000000, 1.00000000, 1.00000000
0.797979797980, 0.696969696970, 1.08854728, 1.00000000, 1.00000000, 1.00000000
0.797979797980, 0.707070707071, 1.07734882, 1.00000000, 1.00000000, 1.00000000
0.797979797980, 0.717171717172, 1.06584068, 1.00000000, 1.00000000, 1.00000000
0.797979797980, 0.727272727273, 1.05406938, 1.00000000, 1.00000000, 1.00000000
0.797979797980, 0.737373737374, 1.04208247, 1.00000000, 1.00000000, 1.00000000
0.797979797980, 0.747474747475, 1.02992837, 1.00000000, 1.00000000, 1.00000000
0.797979797980, 0.757575757576, 1.01765614, 1.00000000, 1.00000000, 1.00000000
0.797979797980, 0.767676767677, 1.00531527, 1.00000000, 1.00000000, 1.00000000
0.797979797980, 0.777777777778, 0.99295553, 1.00000000, 1.00000000, 1.00000000
0.797979797980, 0.787878787879, 0.98062674, 1.00000000, 1.00000000, 1.00000000
0.797979797980, 0.797979797980, 0.96837853, 1.00000000, 1.00000000, 1.00000000
0.797979797980, 0.808080808081, 0.95626021, 1.00000000, 1.00000000, 1.00000000
0.797979797980, 0.818181818182, 0.94432052, 1.00000000, 1.00000000, 1.00000000
0.797979797980, 0.828282828283, 0.93260745, 1.00000000, 1.00000000, 1.00000000
0.797979797980, 0.838383838384, 0.92116803, 1.00000000, 1.00000000, 1.00000000
0.797979797980, 0.848484848485, 0.91004817, 1.00000000, 1.00000000, 1.00000000
0.797979797980, 0.858585858586, 0.89929246, 1.00000000, 1.00000000, 1.00000000
0.797979797980, 0.868686868687, 0.88894399, 1.00000000, 1.00000000, 1.00000000
0.797979797980, 0.878787878788, 0.87904420, 1.00000000, 1.00000000, 1.00000000
0.797979797980, 0.888888888889, 0.86963268, 1.00000000, 1.00000000, 1.00000000
0.797979797980, 0.898989898990, 0.86074705, 1.00000000, 1.00000000, 1.00000000
0.797979797980, 0.909090909091, 0.85242280, 1.00000000, 1.00000000, 1.00000000
0.797979797980, 0.919191919192, 0.84469314, 1.00000000, 1.00000000, 1.00000000
0.797979797980, 0.929292929293, 0.83758886, 1.00000000, 1.00000000, 1.00000000
0.797979797980, 0.939393939394, 0.83113820, 1.00000000, 1.00000000, 1.00000000
0.797979797980, 0.949494949495, 0.82536648, 1.00000000, 1.00000000, 1.00000000
0.797979797980, 0.959595959596, 0.82029568, 1.00000000, 1.00000000, 1.00000000
0.808080808081, -0.000000000000, 0.80518143, 1.00000000, 1.00000000, 1.00000000
0.808080808081, 0.010101010101, 0.80512610, 1.00000000, 1.00000000, 1.00000000
0.808080808081, 0.020202020202, 0.80571515, 1.00000000, 1.00000000, 1.00000000
0.808080808081, 0.030303030303, 0.80694427, 1.00000000, 1.00000000, 1.00000000
0.808080808081, 0.040404040404, 0.80883007, 1.00000000, 1.00000000, 1.00000000
0.808080808081, 0.050505050505, 0.81140332, 1.00000000, 1.00000000, 1.00000000
0.808080808081, 0.060606060606, 0.81469540, 1.00000000, 1.00000000, 1.00000000
0.808080808081, 0.070707070707, 0.81872559, 1.00000000, 1.00000000, 1.00000000
0.808080808081, 0.080808080808, 0.82349529, 1.00000000, 1.00000000, 1.00000000
0.808080808081, 0.090909090909, 0.82898995, 1.00000000, 1.00000000, 1.00000000
0.808080808081, 0.101010101010, 0.83518495, 1.00000000, 1.00000000, 1.00000000
0.808080808081, 0.111111111111, 0.84205093, 1.00000000, 1.00000000, 1.00000000
0.808080808081, 0.121212121212, 0.84955682, 1.00000000, 1.00000000, 1.00000000
0.808080808081, 0.131313131313, 0.85767057, 1.00000000, 1.00000000, 1.00000000
0.808080808081, 0.141414141414, 0.86635880, 1.00000000, 1.00000000, 1.00000000
0.808080808081, 0.151515151515, 0.87558647, 1.00000000, 1.00000000, 1.00000000
0.808080808081, 0.161616161616, 0.88531657, 1.00000000, 1.00000000, 1.00000000
0.808080808081, 0.171717171717, 0.89551014, 1.00000000, 1.00000000, 1.00000000
0.808080808081, 0.181818181818, 0.90612634, 1.00000000, 1.00000000, 1.00000000
0.808080808081, 0.191919191919, 0.91712263, 1.00000000, 1.00000000, 1.00000000
0.808080808081, 0.202020202020, 0.92845488, 1.00000000, 1.00000000, 1.00000000
0.808080808081, 0.212121212121, 0.94007760, 1.00000000, 1.00000000, 1.00000000
0.808080808081, 0.222222222222, 0.95194408, 1.00000000, 1.00000000, 1.00000000
0.808080808081, 0.232323232323, 0.96400661, 1.00000000, 1.00000000, 1.00000000
0.808080808081, 0.242424242424, 0.97621664, 1.00000000, 1.00000000, 1.00000000
0.808080808081, 0.252525252525, 0.98852501, 1.00000000, 1.00000000, 1.00000000
0.808080808081, 0.262626262626, 1.00088213, 1.00000000, 1.00000000, 1.00000000
0.808080808081, 0.272727272727, 1.01323817, 1.00000000, 1.00000000, 1.00000000
0.808080808081, 0.282828282828, 1.02554330, 1.00000000, 1.00000000, 1.00000000
0.808080808081, 0.292929292929, 1.03774786, 1.00000000, 1.00000000, 1.00000000
0.808080808081, 0.303030303030, 1.04980257, 1.00000000, 1.00000000, 1.00000000
0.808080808081, 0.313131313131, 1.06165874, 1.00000000, 1.00000000, 1.00000000
0.808080808081, 0.323232323232, 1.07326846, 1.00000000, 1.00000000, 1.00000000
0.808080808081, 0.333333333333, 1.08458480, 1.00000000, 1.00000000, 1.00000000
0.808080808081, 0.343434343434, 1.09556202, 1.00000000, 1.00000000, 1.00000000
0.808080808081, 0.353535353535, 1.10615570, 1.00000000, 1.00000000, 1.00000000
0.808080808081, 0.363636363636, 1.11632298, 1.00000000, 1.00000000, 1.00000000
0.808080808081, 0.373737373737, 1.12602274, 1.00000000, 1.00000000, 1.00000000
0.808080808081, 0.383838383838, 1.13521571, 1.00000000, 1.00000000, 1.00000000
0.808080808081, 0.393939393939, 1.14386467, 1.00000000, 1.00000000, 1.00000000
0.808080808081, 0.404040404040, 1.15193460, 1.00000000, 1.00000000, 1.00000000
0.808080808081, 0.414141414141, 1.15939284, 1.00000000, 1.00000000, 1.00000000
0.808080808081, 0.424242424242, 1.16620916, 1.00000000, 1.00000000, 1.00000000
0.808080808081, 0.434343434343, 1.17235598, 1.00000000, 1.00000000, 1.00000000
0.808080808081, 0.444444444444, 1.17780837, 1.00000000, 1.00000000, 1.00000000
0.808080808081, 0.454545454545, 1.18254426, 1.00000000, 1.00000000, 1.00000000
0.808080808081, 0.464646464646, 1.18654445, 1.00000000, 1.00000000, 1.00000000
0.808080808081, 0.474747474747, 1.18979272, 1.00000000, 1.00000000, 1.00000000
0.808080808081, 0.484848484848, 1.19227589, 1.00000000, 1.00000000, 1.00000000
0.808080808081, 0.494949494949, 1.19398386, 1.00000000, 1.00000000, 1.00000000
0.808080808081, 0.505050505051, 1.19490966, 1.00000000, 1.00000000, 1.00000000
0.808080808081, 0.515151515152, 1.19504950, 1.00000000, 1.00000000, 1.00000000
0.808080808081, 0.525252525253, 1.19440288, 1.00000000, 1.00000000, 1.00000000
0.808080808081, 0.535353535354, 1.19297249, 1.00000000, 1.00000000, 1.00000000
0.808080808081, 0.545454545455, 1.19076417, 1.00000000, 1.00000000, 1.00000000
0.808080808081, 0.555555555556, 1.18778692, 1.00000000, 1.00000000, 1.00000000
0.808080808081, 0.565656565657, 1.18405282, 1.00000000, 1.00000000, 1.00000000
0.808080808081, 0.575757575758, 1.17957704, 1.00000000, 1.00000000, 1.00000000
0.808080808081, 0.585858585859, 1.17437773, 1.00000000, 1.00000000, 1.00000000
0.808080808081, 0.595959595960, 1.16847596, 1.00000000, 1.00000000, 1.00000000
0.808080808081, 0.606060606061, 1.16189566, 1.00000000, 1.00000000, 1.00000000
0.808080808081, 0.616161616162, 1.15466350, 1.00000000, 1.00000000, 1.00000000
0.808080808081, 0.626262626263, 1.14680877, 1.00000000, 1.00000000, 1.00000000
0.808080808081, 0.636363636364, 1.13836329, 1.00000000, 1.00000000, 1.00000000
0.808080808081, 0.646464646465, 1.12936128, 1.00000000, 1.00000000, 1.00000000
0.808080808081, 0.656565656566, 1.11983917, 1.00000000, 1.00000000, 1.00000000
0.808080808081, 0.666666666667, 1.10983552, 1.00000000, 1.00000000, 1.00000000
0.808080808081, 0.676767676768, 1.09939080, 1.00000000, 1.00000000, 1.00000000
0.808080808081, 0.686868686869, 1.08854728, 1.00000000, 1.00000000, 1.00000000
0.808080808081, 0.696969696970, 1.07734882, 1.00000000, 1.00000000, 1.00000000
0.808080808081, 0.707070707071, 1.06584068, 1.00000000, 1.00000000, 1.00000000
0.808080808081, 0.717171717172, 1.05406938, 1.00000000, 1.00000000, 1.00000000
0.808080808081, 0.727272727273, 1.04208247, 1.00000000, 1.00000000, 1.00000000
0.808080808081, 0.737373737374, 1.02992837, 1.00000000, 1.00000000, 1.00000000
0.808080808081, 0.747474747475, 1.01765614, 1.00000000, 1.00000000, 1.00000000
0.808080808081, 0.757575757576, 1.00531527, 1.00000000, 1.00000000, 1.00000000
0.808080808081, 0.767676767677, 0.99295553, 1.00000000, 1.00000000, 1.00000000
0.808080808081, 0.777777777778, 0.98062674, 1.00000000, 1.00000000, 1.00000000
0.808080808081, 0.787878787879, 0.96837853, 1.00000000, 1.00000000, 1.00000000
0.808080808081, 0.797979797980, 0.95626021, 1.00000000, 1.00000000, 1.00000000
0.808080808081, 0.808080808081, 0.94432052, 1.00000000, 1.00000000, 1.00000000
0.808080808081, 0.818181818182, 0.93260745, 1.00000000, 1.00000000, 1.00000000
0.808080808081, 0.828282828283, 0.92116803, 1.00000000, 1.00000000, 1.00000000
0.808080808081, 0.838383838384, 0.91004817, 1.00000000, 1.00000000, 1.00000000
0.808080808081, 0.848484848485, 0.89929246, 1.00000000, 1.00000000, 1.00000000
0.808080808081, 0.858585858586, 0.88894399, 1.00000000, 1.00000000, 1.00000000
0.808080808081, 0.868686868687, 0.87904420, 1.00000000, 1.00000000, 1.00000000
0.808080808081, 0.878787878788, 0.86963268, 1.00000000, 1.00000000, 1.00000000
0.808080808081, 0.888888888889, 0.86074705, 1.00000000, 1.00000000, 1.00000000
0.808080808081, 0.898989898990, 0.85242280, 1.00000000, 1.00000000, 1.00000000
0.808080808081, 0.909090909091, 0.84469314, 1.00000000, 1.00000000, 1.00000000
0.808080808081, 0.919191919192, 0.83758890, 1.00000000, 1.00000000, 1.00000000
0.808080808081, 0.929292929293, 0.83113836, 1.00000000, 1.00000000, 1.00000000
0.808080808081, 0.939393939394, 0.82536705, 1.00000000, 1.00000000, 1.00000000
0.808080808081, 0.949494949495, 0.82029748, 1.00000000, 1.00000000, 1.00000000
0.808080808081, 0.959595959596, 0.81594834, 1.00000000, 1.00000000, 1.00000000
0.818181818182, -0.000000000000, 0.80532517, 1.00000000, 1.00000000, 1.00000000
0.818181818182, 0.010101010101, 0.80597690, 1.00000000, 1.00000000, 1.00000000
0.818181818182, 0.020202020202, 0.80724779, 1.00000000, 1.00000000, 1.00000000
0.818181818182, 0.030303030303, 0.80914024, 1.00000000, 1.00000000, 1.00000000
0.818181818182, 0.040404040404, 0.81168241, 1.00000000, 1.00000000, 1.00000000
0.818181818182, 0.050505050505, 0.81491628, 1.00000000, 1.00000000, 1.00000000
0.818181818182, 0.060606060606, 0.81887913, 1.00000000, 1.00000000, 1.00000000
0.818181818182, 0.070707070707, 0.82358888, 1.00000000, 1.00000000, 1.00000000
0.818181818182, 0.080808080808, 0.82903988, 1.00000000, 1.00000000, 1.00000000
0.818181818182, 0.090909090909, 0.83520819, 1.00000000, 1.00000000, 1.00000000
0.818181818182, 0.101010101010, 0.84206035, 1.00000000, 1.00000000, 1.00000000
0.818181818182, 0.111111111111, 0.84956013, 1.00000000, 1.00000000, 1.00000000
0.818181818182, 0.121212121212, 0.85767157, 1.00000000, 1.00000000, 1.00000000
0.818181818182, 0.131313131313, 0.86635906, 1.00000000, 1.00000000, 1.00000000
0.818181818182, 0.141414141414, 0.87558653, 1.00000000, 1.00000000, 1.00000000
0.818181818182, 0.151515151515, 0.88531658, 1.00000000, 1.00000000, 1.00000000
0.818181818182, 0.161616161616, 0.89551014, 1.00000000, 1.00000000, 1.00000000
0.818181818182, 0.171717171717, 0.90612634, 1.00000000, 1.00000000, 1.00000000
0.818181818182, 0.181818181818, 0.91712263, 1.00000000, 1.00000000, 1.00000000
0.818181818182, 0.191919191919, 0.92845488, 1.00000000, 1.00000000, 1.00000000
0.818181818182, 0.202020202020, 0.94007760, 1.00000000, 1.00000000, 1.00000000
0.818181818182, 0.212121212121, 0.95194408, 1.00000000, 1.00000000, 1.00000000
0.818181818182, 0.222222222222, 0.96400661, 1.00000000, 1.00000000, 1.00000000
0.818181818182, 0.232323232323, 0.97621664, 1.00000000, 1.00000000, 1.00000000
0.818181818182, 0.242424242424, 0.98852501, 1.00000000, 1.00000000, 1.00000000
0.818181818182, 0.252525252525, 1.00088213, 1.00000000, 1.00000000, 1.00000000
0.818181818182, 0.262626262626, 1.01323817, 1.00000000, 1.00000000, 1.00000000
0.818181818182, 0.272727272727, 1.02554330, 1.00000000, 1.00000000, 1.00000000
0.818181818182, 0.282828282828, 1.03774786, 1.00000000, 1.00000000, 1.00000000
0.818181818182, 0.292929292929, 1.04980257, 1.00000000, 1.00000000, 1.00000000
0.818181818182, 0.303030303030, 1.06165874, 1.00000000, 1.00000000, 1.00000000
0.818181818182, 0.313131313131, 1.07326846, 1.00000000, 1.00000000, 1.00000000
0.818181818182, 0.323232323232, 1.08458480, 1.00000000, 1.00000000, 1.00000000
0.818181818182, 0.333333333333, 1.09556202, 1.00000000, 1.00000000, 1.00000000
0.818181818182, 0.343434343434, 1.10615570, 1.00000000, 1.00000000, 1.00000000
0.818181818182, 0.353535353535, 1.11632298, 1.00000000, 1.00000000, 1.00000000
0.818181818182, 0.363636363636, 1.12602274, 1.00000000, 1.00000000, 1.00000000
0.818181818182, 0.373737373737, 1.13521571, 1.00000000, 1.00000000, 1.00000000
0.818181818182, 0.383838383838, 1.14386467, 1.00000000, 1.00000000, 1.00000000
0.818181818182, 0.393939393939, 1.15193460, 1.00000000, 1.00000000, 1.00000000
0.818181818182, 0.404040404040, 1.15939284, 1.00000000, 1.00000000, 1.00000000
0.818181818182, 0.414141414141, 1.16620916, 1.00000000, 1.00000000, 1.00000000
0.818181818182, 0.424242424242, 1.17235598, 1.00000000, 1.00000000, 1.00000000
0.818181818182, 0.434343434343, 1.17780837, 1.00000000, 1.00000000, 1.00000000
0.818181818182, 0.444444444444, 1.18254426, 1.00000000, 1.00000000, 1.00000000
0.818181818182, 0.454545454545, 1.18654445, 1.00000000, 1.00000000, 1.00000000
0.818181818182, 0.464646464646, 1.18979272, 1.00000000, 1.00000000, 1.00000000
0.818181818182, 0.474747474747, 1.19227589, 1.00000000, 1.00000000, 1.00000000
0.818181818182, 0.484848484848, 1.19398386, 1.00000000, 1.00000000, 1.00000000
0.818181818182, 0.494949494949, 1.19490966, 1.00000000, 1.00000000, 1.00000000
0.818181818182, 0.505050505051, 1.19504950, 1.00000000, 1.00000000, 1.00000000
0.818181818182, 0.515151515152, 1.19440288, 1.00000000, 1.00000000, 1.00000000
0.818181818182, 0.525252525253, 1.19297249, 1.00000000, 1.00000000, 1.00000000
0.818181818182, 0.535353535354, 1.19076417, 1.00000000, 1.00000000, 1.00000000
0.818181818182, 0.545454545455, 1.18778692, 1.00000000, 1.00000000, 1.00000000
0.818181818182, 0.555555555556, 1.18405282, 1.00000000, 1.00000000, 1.00000000
0.818181818182, 0.565656565657, 1.17957704, 1.00000000, 1.00000000, 1.00000000
0.818181818182, 0.575757575758, 1.17437773, 1.00000000, 1.00000000, 1.00000000
0.818181818182, 0.585858585859, 1.16847596, 1.00000000, 1.00000000, 1.00000000
0.818181818182, 0.595959595960, 1.16189566, 1.00000000, 1.00000000, 1.00000000
0.818181818182, 0.606060606061, 1.15466350, 1.00000000, 1.00000000, 1.00000000
0.818181818182, 0.616161616162, 1.14680877, 1.00000000, 1.00000000, 1.00000000
0.818181818182, 0.626262626263, 1.13836329, 1.00000000, 1.00000000, 1.00000000
0.818181818182, 0.636363636364, 1.12936128, 1.00000000, 1.00000000, 1.00000000
0.818181818182, 0.646464646465, 1.11983917, 1.00000000, 1.00000000, 1.00000000
0.818181818182, 0.656565656566, 1.10983552, 1.00000000, 1.00000000, 1.00000000
0.818181818182, 0.666666666667, 1.09939080, 1.00000000, 1.00000000, 1.00000000
0.818181818182, 0.676767676768, 1.08854728, 1.00000000, 1.00000000, 1.00000000
0.818181818182, 0.686868686869, 1.07734882, 1.00000000, 1.00000000, 1.00000000
0.818181818182, 0.696969696970, 1.06584068, 1.00000000, 1.00000000, 1.00000000
0.818181818182, 0.707070707071, 1.05406938, 1.00000000, 1.00000000, 1.00000000
0.818181818182, 0.717171717172, 1.04208247, 1.00000000, 1.00000000, 1.00000000
0.818181818182, 0.727272727273, 1.02992837, 1.00000000, 1.00000000, 1.00000000
0.818181818182, 0.737373737374, 1.01765614, 1.00000000, 1.00000000, 1.00000000
0.818181818182, 0.747474747475, 1.00531527, 1.00000000, 1.00000000, 1.00000000
0.818181818182, 0.757575757576, 0.99295553, 1.00000000, 1.00000000, 1.00000000
0.818181818182, 0.767676767677, 0.98062674, 1.00000000, 1.00000000, 1.00000000
0.818181818182, 0.777777777778, 0.96837853, 1.00000000, 1.00000000, 1.00000000
0.818181818182, 0.787878787879, 0.95626021, 1.00000000, 1.00000000, 1.00000000
0.818181818182, 0.797979797980, 0.94432052, 1.00000000, 1.00000000, 1.00000000
0.818181818182, 0.808080808081, 0.93260745, 1.00000000, 1.00000000, 1.00000000
0.818181818182, 0.818181818182, 0.92116803, 1.00000000, 1.00000000, 1.00000000
0.818181818182, 0.828282828283, 0.91004817, 1.00000000, 1.00000000, 1.00000000
0.818181818182, 0.838383838384, 0.89929246, 1.00000000, 1.00000000, 1.00000000
0.818181818182, 0.848484848485, 0.88894399, 1.00000000, 1.00000000, 1.00000000
0.818181818182, 0.858585858586, 0.87904420, 1.00000000, 1.00000000, 1.00000000
0.818181818182, 0.868686868687, 0.86963268, 1.00000000, 1.00000000, 1.00000000
0.818181818182, 0.878787878788, 0.86074705, 1.00000000, 1.00000000, 1.00000000
0.818181818182, 0.888888888889, 0.85242280, 1.00000000, 1.00000000, 1.00000000
0.818181818182, 0.898989898990, 0.84469315, 1.00000000, 1.00000000, 1.00000000
0.818181818182, 0.909090909091, 0.83758892, 1.00000000, 1.00000000, 1.00000000
0.818181818182, 0.919191919192, 0.83113842, 1.00000000, 1.00000000, 1.00000000
0.818181818182, 0.929292929293, 0.82536729, 1.00000000, 1.00000000, 1.00000000
0.818181818182, 0.939393939394, 0.82029834, 1.00000000, 1.00000000, 1.00000000
0.818181818182, 0.949494949495, 0.81595110, 1.00000000, 1.00000000, 1.00000000
0.818181818182, 0.959595959596, 0.81234096, 1.00000000, 1.00000000, 1.00000000
0.828282828283, -0.000000000000, 0.80625164, 1.00000000, 1.00000000, 1.00000000
0.828282828283, 0.010101010101, 0.80760778, 1.00000000, 1.00000000, 1.00000000
0.828282828283, 0.020202020202, 0.80955534, 1.00000000, 1.00000000, 1.00000000
0.828282828283, 0.030303030303, 0.81210343, 1.00000000, 1.00000000, 1.00000000
0.828282828283, 0.040404040404, 0.81529170, 1.00000000, 1.00000000, 1.00000000
0.828282828283, 0.050505050505, 0.81917322, 1.00000000, 1.00000000, 1.00000000
0.828282828283, 0.060606060606, 0.82379105, 1.00000000, 1.00000000, 1.00000000
0.828282828283, 0.070707070707, 0.82916168, 1.00000000, 1.00000000, 1.00000000
0.828282828283, 0.080808080808, 0.83527238, 1.00000000, 1.00000000, 1.00000000
0.828282828283, 0.090909090909, 0.84208987, 1.00000000, 1.00000000, 1.00000000
0.828282828283, 0.101010101010, 0.84957194, 1.00000000, 1.00000000, 1.00000000
0.828282828283, 0.111111111111, 0.85767566, 1.00000000, 1.00000000, 1.00000000
0.828282828283, 0.121212121212, 0.86636029, 1.00000000, 1.00000000, 1.00000000
0.828282828283, 0.131313131313, 0.87558684, 1.00000000, 1.00000000, 1.00000000
0.828282828283, 0.141414141414, 0.88531665, 1.00000000, 1.00000000, 1.00000000
0.828282828283, 0.151515151515, 0.89551015, 1.00000000, 1.00000000, 1.00000000
0.828282828283, 0.161616161616, 0.90612635, 1.00000000, 1.00000000, 1.00000000
0.828282828283, 0.171717171717, 0.91712263, 1.00000000, 1.00000000, 1.00000000
0.828282828283, 0.181818181818, 0.92845488, 1.00000000, 1.00000000, 1.00000000
0.828282828283, 0.191919191919, 0.94007760, 1.00000000, 1.00000000, 1.00000000
0.828282828283, 0.202020202020, 0.95194408, 1.00000000, 1.00000000, 1.00000000
0.828282828283, 0.212121212121, 0.96400661, 1.00000000, 1.00000000, 1.00000000
0.828282828283, 0.222222222222, 0.97621664, 1.00000000, 1.00000000, 1.00000000
0.828282828283, 0.232323232323, 0.98852501, 1.00000000, 1.00000000, 1.00000000
0.828282828283, 0.242424242424, 1.00088213, 1.00000000, 1.00000000, 1.00000000
0.828282828283, 0.252525252525, 1.01323817, 1.00000000, 1.00000000, 1.00000000
0.828282828283, 0.262626262626, 1.02554330, 1.00000000, 1.00000000, 1.00000000
0.828282828283, 0.272727272727, 1.03774786, 1.00000000, 1.00000000, 1.00000000
0.828282828283, 0.282828282828, 1.04980257, 1.00000000, 1.00000000, 1.00000000
0.828282828283, 0.292929292929, 1.06165874, 1.00000000, 1.00000000, 1.00000000
0.828282828283, 0.303030303030, 1.07326846, 1.00000000, 1.00000000, 1.00000000
0.828282828283, 0.313131313131, 1.08458480, 1.00000000, 1.00000000, 1.00000000
0.828282828283, 0.323232323232, 1.09556202, 1.00000000, 1.00000000, 1.00000000
0.828282828283, 0.333333333333, 1.10615570, 1.00000000, 1.00000000, 1.00000000
0.828282828283, 0.343434343434, 1.11632298, 1.00000000, 1.00000000, 1.00000000
0.828282828283, 0.353535353535, 1.12602274, 1.00000000, 1.00000000, 1.00000000
0.828282828283, 0.363636363636, 1.13521571, 1.00000000, 1.00000000, 1.00000000
0.828282828283, 0.373737373737, 1.14386467, 1.00000000, 1.00000000, 1.00000000
0.828282828283, 0.383838383838, 1.15193460, 1.00000000, 1.00000000, 1.00000000
0.828282828283, 0.393939393939, 1.15939284, 1.00000000, 1.00000000, 1.00000000
0.828282828283, 0.404040404040, 1.16620916, 1.00000000, 1.00000000, 1.00000000
0.828282828283, 0.414141414141, 1.17235598, 1.00000000, 1.00000000, 1.00000000
0.828282828283, 0.424242424242, 1.17780837, 1.00000000, 1.00000000, 1.00000000
0.828282828283, 0.434343434343, 1.18254426, 1.00000000, 1.00000000, 1.00000000
0.828282828283, 0.444444444444, 1.18654445, 1.00000000, 1.00000000, 1.00000000
0.828282828283, 0.454545454545, 1.18979272, 1.00000000, 1.00000000, 1.00000000
0.828282828283, 0.464646464646, 1.19227589, 1.00000000, 1.00000000, 1.00000000
0.828282828283, 0.474747474747, 1.19398386, 1.00000000, 1.00000000, 1.00000000
0.828282828283, 0.484848484848, 1.19490966, 1.00000000, 1.00000000, 1.00000000
0.828282828283, 0.494949494949, 1.19504950, 1.00000000, 1.00000000, 1.00000000
0.828282828283, 0.505050505051, 1.19440288, 1.00000000, 1.00000000, 1.00000000
0.828282828283, 0.515151515152, 1.19297249, 1.00000000, 1.00000000, 1.00000000
0.828282828283, 0.525252525253, 1.19076417, 1.00000000, 1.00000000, 1.00000000
0.828282828283, 0.535353535354, 1.18778692, 1.00000000, 1.00000000, 1.00000000
0.828282828283, 0.545454545455, 1.18405282, 1.00000000, 1.00000000, 1.00000000
0.828282828283, 0.555555555556, 1.17957704, 1.00000000, 1.00000000, 1.00000000
0.828282828283, 0.565656565657, 1.17437773, 1.00000000, 1.00000000, 1.00000000
0.828282828283, 0.575757575758, 1.16847596, 1.00000000, 1.00000000, 1.00000000
0.828282828283, 0.585858585859, 1.16189566, 1.00000000, 1.00000000, 1.00000000
0.828282828283, 0.595959595960, 1.15466350, 1.00000000, 1.00000000, 1.00000000
0.828282828283, 0.606060606061, 1.14680877, 1.00000000, 1.00000000, 1.00000000
0.828282828283, 0.616161616162, 1.13836329, 1.00000000, 1.00000000, 1.00000000
0.828282828283, 0.626262626263, 1.12936128, 1.00000000, 1.00000000, 1.00000000
0.828282828283, 0.636363636364, 1.11983917, 1.00000000, 1.00000000, 1.00000000
0.828282828283, 0.646464646465, 1.10983552, 1.00000000, 1.00000000, 1.00000000
0.828282828283, 0.656565656566, 1.09939080, 1.00000000, 1.00000000, 1.00000000
0.828282828283, 0.666666666667, 1.08854728, 1.00000000, 1.00000000, 1.00000000
0.828282828283, 0.676767676768, 1.07734882, 1.00000000, 1.00000000, 1.00000000
0.828282828283, 0.686868686869, 1.06584068, 1.00000000, 1.00000000, 1.00000000
0.828282828283, 0.696969696970, 1.05406938, 1.00000000, 1.00000000, 1.00000000
0.828282828283, 0.707070707071, 1.04208247, 1.00000000, 1.00000000, 1.00000000
0.828282828283, 0.717171717172, 1.02992837, 1.00000000, 1.00000000, 1.00000000
0.828282828283, 0.727272727273, 1.01765614, 1.00000000, 1.00000000, 1.00000000
0.828282828283, 0.737373737374, 1.00531527, 1.00000000, 1.00000000, 1.00000000
0.828282828283, 0.747474747475, 0.99295553, 1.00000000, 1.00000000, 1.00000000
0.828282828283, 0.757575757576, 0.98062674, 1.00000000, 1.00000000, 1.00000000
0.828282828283, 0.767676767677, 0.96837853, 1.00000000, 1.00000000, 1.00000000
0.828282828283, 0.777777777778, 0.95626021, 1.00000000, 1.00000000, 1.00000000
0.828282828283, 0.787878787879, 0.94432052, 1.00000000, 1.00000000, 1.00000000
0.828282828283, 0.797979797980, 0.93260745, 1.00000000, 1.00000000, 1.00000000
0.828282828283, 0.808080808081, 0.92116803, 1.00000000, 1.00000000, 1.00000000
0.828282828283, 0.818181818182, 0.91004817, 1.00000000, 1.00000000, 1.00000000
0.828282828283, 0.828282828283, 0.89929246, 1.00000000, 1.00000000, 1.00000000
0.828282828283, 0.838383838384, 0.88894399, 1.00000000, 1.00000000, 1.00000000
0.828282828283, 0.848484848485, 0.87904420, 1.00000000, 1.00000000, 1.00000000
0.828282828283, 0.858585858586, 0.86963268, 1.00000000, 1.00000000, 1.00000000
0.828282828283, 0.868686868687, 0.86074705, 1.00000000, 1.00000000, 1.00000000
0.828282828283, 0.878787878788, 0.85242280, 1.00000000, 1.00000000, 1.00000000
0.828282828283, 0.888888888889, 0.84469315, 1.00000000, 1.00000000, 1.00000000
0.828282828283, 0.898989898990, 0.83758892, 1.00000000, 1.00000000, 1.00000000
0.828282828283, 0.909090909091, 0.83113843, 1.00000000, 1.00000000, 1.00000000
0.828282828283, 0.919191919192, 0.82536737, 1.00000000, 1.00000000, 1.00000000
0.828282828283, 0.929292929293, 0.82029866, 1.00000000, 1.00000000, 1.00000000
0.828282828283, 0.939393939394, 0.81595225, 1.00000000, 1.00000000, 1.00000000
0.828282828283, 0.949494949495, 0.81234467, 1.00000000, 1.00000000, 1.00000000
0.828282828283, 0.959595959596, 0.80948793, 1.00000000, 1.00000000, 1.00000000
0.838383838384, -0.000000000000, 0.80795714, 1.00000000, 1.00000000, 1.00000000
0.838383838384, 0.010101010101, 0.81001229, 1.00000000, 1.00000000, 1.00000000
0.838383838384, 0.020202020202, 0.81262865, 1.00000000, 1.00000000, 1.00000000
0.838383838384, 0.030303030303, 0.81582206, 1.00000000, 1.00000000, 1.00000000
0.838383838384, 0.040404040404, 0.81964355, 1.00000000, 1.00000000, 1.00000000
0.838383838384, 0.050505050505, 0.82415713, 1.00000000, 1.00000000, 1.00000000
0.838383838384, 0.060606060606, 0.82941156, 1.00000000, 1.00000000, 1.00000000
0.838383838384, 0.070707070707, 0.83542177, 1.00000000, 1.00000000, 1.00000000
0.838383838384, 0.080808080808, 0.84216796, 1.00000000, 1.00000000, 1.00000000
0.838383838384, 0.090909090909, 0.84960755, 1.00000000, 1.00000000, 1.00000000
0.838383838384, 0.101010101010, 0.85768979, 1.00000000, 1.00000000, 1.00000000
0.838383838384, 0.111111111111, 0.86636514, 1.00000000, 1.00000000, 1.00000000
0.838383838384, 0.121212121212, 0.87558828, 1.00000000, 1.00000000, 1.00000000
0.838383838384, 0.131313131313, 0.88531701, 1.00000000, 1.00000000, 1.00000000
0.838383838384, 0.141414141414, 0.89551023, 1.00000000, 1.00000000, 1.00000000
0.838383838384, 0.151515151515, 0.90612636, 1.00000000, 1.00000000, 1.00000000
0.838383838384, 0.161616161616, 0.91712263, 1.00000000, 1.00000000, 1.00000000
0.838383838384, 0.171717171717, 0.92845488, 1.00000000, 1.00000000, 1.00000000
0.838383838384, 0.181818181818, 0.94007760, 1.00000000, 1.00000000, 1.00000000
0.838383838384, 0.191919191919, 0.95194408, 1.00000000, 1.00000000, 1.00000000
0.838383838384, 0.202020202020, 0.96400661, 1.00000000, 1.00000000, 1.00000000
0.838383838384, 0.212121212121, 0.97621664, 1.00000000, 1.00000000, 1.00000000
0.838383838384, 0.222222222222, 0.98852501, 1.00000000, 1.00000000, 1.00000000
0.838383838384, 0.232323232323, 1.00088213, 1.00000000, 1.00000000, 1.00000000
0.838383838384, 0.242424242424, 1.01323817, 1.00000000, 1.00000000, 1.00000000
0.838383838384, 0.252525252525, 1.02554330, 1.00000000, 1.00000000, 1.00000000
0.838383838384, 0.262626262626, 1.03774786, 1.00000000, 1.00000000, 1.00000000
0.838383838384, 0.272727272727, 1.04980257, 1.00000000, 1.00000000, 1.00000000
0.838383838384, 0.282828282828, 1.06165874, 1.00000000, 1.00000000, 1.00000000
0.838383838384, 0.292929292929, 1.07326846, 1.00000000, 1.00000000, 1.00000000
0.838383838384, 0.303030303030, 1.08458480, 1.00000000, 1.00000000, 1.00000000
0.838383838384, 0.313131313131, 1.09556202, 1.00000000, 1.00000000, 1.00000000
0.838383838384, 0.323232323232, 1.10615570, 1.00000000, 1.00000000, 1.00000000
0.838383838384, 0.333333333333, 1.11632298, 1.00000000, 1.00000000, 1.00000000
0.838383838384, 0.343434343434, 1.12602274, 1.00000000, 1.00000000, 1.00000000
0.838383838384, 0.353535353535, 1.13521571, 1.00000000, 1.00000000, 1.00000000
0.838383838384, 0.363636363636, 1.14386467, 1.00000000, 1.00000000, 1.00000000
0.838383838384, 0.373737373737, 1.15193460, 1.00000000, 1.00000000, 1.00000000
0.838383838384, 0.383838383838, 1.15939284, 1.00000000, 1.00000000, 1.00000000
0.838383838384, 0.393939393939, 1.16620916, 1.00000000, 1.00000000, 1.00000000
0.838383838384, 0.404040404040, 1.17235598, 1.00000000, 1.00000000, 1.00000000
0.838383838384, 0.414141414141, 1.17780837, 1.00000000, 1.00000000, 1.00000000
0.838383838384, 0.424242424242, 1.18254426, 1.00000000, 1.00000000, 1.00000000
0.838383838384, 0.434343434343, 1.18654445, 1.00000000, 1.00000000, 1.00000000
0.838383838384, 0.444444444444, 1.18979272, 1.00000000, 1.00000000, 1.00000000
0.838383838384, 0.454545454545, 1.19227589, 1.00000000, 1.00000000, 1.00000000
0.838383838384, 0.464646464646, 1.19398386, 1.00000000, 1.00000000, 1.00000000
0.838383838384, 0.474747474747, 1.19490966, 1.00000000, 1.00000000, 1.00000000
0.838383838384, 0.484848484848, 1.19504950, 1.00000000, 1.00000000, 1.00000000
0.838383838384, 0.494949494949, 1.19440288, 1.00000000, 1.00000000, 1.00000000
0.838383838384, 0.505050505051, 1.19297249, 1.00000000, 1.00000000, 1.00000000
0.838383838384, 0.515151515152, 1.19076417, 1.00000000, 1.00000000, 1.00000000
0.838383838384, 0.525252525253, 1.18778692, 1.00000000, 1.00000000, 1.00000000
0.838383838384, 0.535353535354, 1.18405282, 1.00000000, 1.00000000, 1.00000000
0.838383838384, 0.545454545455, 1.17957704, 1.00000000, 1.00000000, 1.00000000
0.838383838384, 0.555555555556, 1.17437773, 1.00000000, 1.00000000, 1.00000000
0.838383838384, 0.565656565657, 1.16847596, 1.00000000, 1.00000000, 1.00000000
0.838383838384, 0.575757575758, 1.16189566, 1.00000000, 1.00000000, 1.00000000
0.838383838384, 0.585858585859, 1.15466350, 1.00000000, 1.00000000, 1.00000000
0.838383838384, 0.595959595960, 1.14680877, 1.00000000, 1.00000000, 1.00000000
0.838383838384, 0.606060606061, 1.13836329, 1.00000000, 1.00000000, 1.00000000
0.838383838384, 0.616161616162, 1.12936128, 1.00000000, 1.00000000, 1.00000000
0.838383838384, 0.626262626263, 1.11983917, 1.00000000, 1.00000000, 1.00000000
0.838383838384, 0.636363636364, 1.10983552, 1.00000000, 1.00000000, 1.00000000
0.838383838384, 0.646464646465, 1.09939080, 1.00000000, 1.00000000, 1.00000000
0.838383838384, 0.656565656566, 1.08854728, 1.00000000, 1.00000000, 1.00000000
0.838383838384, 0.666666666667, 1.07734882, 1.00000000, 1.00000000, 1.00000000
0.838383838384, 0.676767676768, 1.06584068, 1.00000000, 1.00000000, 1.00000000
0.838383838384, 0.686868686869, 1.05406938, 1.00000000, 1.00000000, 1.00000000
0.838383838384, 0.696969696970, 1.04208247, 1.00000000, 1.00000000, 1.00000000
0.838383838384, 0.707070707071, 1.02992837, 1.00000000, 1.00000000, 1.00000000
0.838383838384, 0.717171717172, 1.01765614, 1.00000000, 1.00000000, 1.00000000
0.838383838384, 0.727272727273, 1.00531527, 1.00000000, 1.00000000, 1.00000000
0.838383838384, 0.737373737374, 0.99295553, 1.00000000, 1.00000000, 1.00000000
0.838383838384, 0.747474747475, 0.98062674, 1.00000000, 1.00000000, 1.00000000
0.838383838384, 0.757575757576, 0.96837853, 1.00000000, 1.00000000, 1.00000000
0.838383838384, 0.767676767677, 0.95626021, 1.00000000, 1.00000000, 1.00000000
0.838383838384, 0.777777777778, 0.94432052, 1.00000000, 1.00000000, 1.00000000
0.838383838384, 0.787878787879, 0.93260745, 1.00000000, 1.00000000, 1.00000000
0.838383838384, 0.797979797980, 0.92116803, 1.00000000, 1.00000000, 1.00000000
0.838383838384, 0.808080808081, 0.91004817, 1.00000000, 1.00000000, 1.00000000
0.838383838384, 0.818181818182, 0.89929246, 1.00000000, 1.00000000, 1.00000000
0.838383838384, 0.828282828283, 0.88894399, 1.00000000, 1.00000000, 1.00000000
0.838383838384, 0.838383838384, 0.87904420, 1.00000000, 1.00000000, 1.00000000
0.838383838384, 0.848484848485, 0.86963268, 1.00000000, 1.00000000, 1.00000000
0.838383838384, 0.858585858586, 0.86074705, 1.00000000, 1.00000000, 1.00000000
0.838383838384, 0.868686868687, 0.85242280, 1.00000000, 1.00000000, 1.00000000
0.838383838384, 0.878787878788, 0.84469315, 1.00000000, 1.00000000, 1.00000000
0.838383838384, 0.888888888889, 0.83758892, 1.00000000, 1.00000000, 1.00000000
0.838383838384, 0.898989898990, 0.83113844, 1.00000000, 1.00000000, 1.00000000
0.838383838384, 0.909090909091, 0.82536739, 1.00000000, 1.00000000, 1.00000000
0.838383838384, 0.919191919192, 0.82029875, 1.00000000, 1.00000000, 1.00000000
0.838383838384, 0.929292929293, 0.81595264, 1.00000000, 1.00000000, 1.00000000
0.838383838384, 0.939393939394, 0.81234611, 1.00000000, 1.00000000, 1.00000000
0.838383838384, 0.949494949495, 0.80949258, 1.00000000, 1.00000000, 1.00000000
0.838383838384, 0.959595959596, 0.80740068, 1.00000000, 1.00000000, 1.00000000
0.848484848485, -0.000000000000, 0.81043496, 1.00000000, 1.00000000, 1.00000000
0.848484848485, 0.010101010101, 0.81318090, 1.00000000, 1.00000000, 1.00000000
0.848484848485, 0.020202020202, 0.81645553, 1.00000000, 1.00000000, 1.00000000
0.848484848485, 0.030303030303, 0.82028134, 1.00000000, 1.00000000, 1.00000000
0.848484848485, 0.040404040404, 0.82472060, 1.00000000, 1.00000000, 1.00000000
0.848484848485, 0.050505050505, 0.82984816, 1.00000000, 1.00000000, 1.00000000
0.848484848485, 0.060606060606, 0.83571824, 1.00000000, 1.00000000, 1.00000000
0.848484848485, 0.070707070707, 0.84234418, 1.00000000, 1.00000000, 1.00000000
0.848484848485, 0.080808080808, 0.84969910, 1.00000000, 1.00000000, 1.00000000
0.848484848485, 0.090909090909, 0.85773126, 1.00000000, 1.00000000, 1.00000000
0.848484848485, 0.101010101010, 0.86638148, 1.00000000, 1.00000000, 1.00000000
0.848484848485, 0.111111111111, 0.87559385, 1.00000000, 1.00000000, 1.00000000
0.848484848485, 0.121212121212, 0.88531865, 1.00000000, 1.00000000, 1.00000000
0.848484848485, 0.131313131313, 0.89551064, 1.00000000, 1.00000000, 1.00000000
0.848484848485, 0.141414141414, 0.90612645, 1.00000000, 1.00000000, 1.00000000
0.848484848485, 0.151515151515, 0.91712265, 1.00000000, 1.00000000, 1.00000000
0.848484848485, 0.161616161616, 0.92845489, 1.00000000, 1.00000000, 1.00000000
0.848484848485, 0.171717171717, 0.94007760, 1.00000000, 1.00000000, 1.00000000
0.848484848485, 0.181818181818, 0.95194408, 1.00000000, 1.00000000, 1.00000000
0.848484848485, 0.191919191919, 0.96400661, 1.00000000, 1.00000000, 1.00000000
0.848484848485, 0.202020202020, 0.97621664, 1.00000000, 1.00000000, 1.00000000
0.848484848485, 0.212121212121, 0.98852501, 1.00000000, 1.00000000, 1.00000000
0.848484848485, 0.222222222222, 1.00088213, 1.00000000, 1.00000000, 1.00000000
0.848484848485, 0.232323232323, 1.01323817, 1.00000000, 1.00000000, 1.00000000
0.848484848485, 0.242424242424, 1.02554330, 1.00000000, 1.00000000, 1.00000000
0.848484848485, 0.252525252525, 1.03774786, 1.00000000, 1.00000000, 1.00000000
0.848484848485, 0.262626262626, 1.04980257, 1.00000000, 1.00000000, 1.00000000
0.848484848485, 0.272727272727, 1.06165874, 1.00000000, 1.00000000, 1.00000000
0.848484848485, 0.282828282828, 1.07326846, 1.00000000, 1.00000000, 1.00000000
0.848484848485, 0.292929292929, 1.08458480, 1.00000000, 1.00000000, 1.00000000
0.848484848485, 0.303030303030, 1.09556202, 1.00000000, 1.00000000, 1.00000000
0.848484848485, 0.313131313131, 1.10615570, 1.00000000, 1.00000000, 1.00000000
0.848484848485, 0.323232323232, 1.11632298, 1.00000000, 1.00000000, 1.00000000
0.848484848485, 0.333333333333, 1.12602274, 1.00000000, 1.00000000, 1.00000000
0.848484848485, 0.343434343434, 1.13521571, 1.00000000, 1.00000000, 1.00000000
0.848484848485, 0.353535353535, 1.14386467, 1.00000000, 1.00000000, 1.00000000
0.848484848485, 0.363636363636, 1.15193460, 1.00000000, 1.00000000, 1.00000000
0.848484848485, 0.373737373737, 1.15939284, 1.00000000, 1.00000000, 1.00000000
0.848484848485, 0.383838383838, 1.16620916, 1.00000000, 1.00000000, 1.00000000
0.848484848485, 0.393939393939, 1.17235598, 1.00000000, 1.00000000, 1.00000000
0.848484848485, 0.404040404040, 1.17780837, 1.00000000, 1.00000000, 1.00000000
0.848484848485, 0.414141414141, 1.18254426, 1.00000000, 1.00000000, 1.00000000
0.848484848485, 0.424242424242, 1.18654445, 1.00000000, 1.00000000, 1.00000000
0.848484848485, 0.434343434343, 1.18979272, 1.00000000, 1.00000000, 1.00000000
0.848484848485, 0.444444444444, 1.19227589, 1.00000000, 1.00000000, 1.00000000
0.848484848485, 0.454545454545, 1.19398386, 1.00000000, 1.00000000, 1.00000000
0.848484848485, 0.464646464646, 1.19490966, 1.00000000, 1.00000000, 1.00000000
0.848484848485, 0.474747474747, 1.19504950, 1.00000000, 1.00000000, 1.00000000
0.848484848485, 0.484848484848, 1.19440288, 1.00000000, 1.00000000, 1.00000000
0.848484848485, 0.494949494949, 1.19297249, 1.00000000, 1.00000000, 1.00000000
0.848484848485, 0.505050505051, 1.19076417, 1.00000000, 1.00000000, 1.00000000
0.848484848485, 0.515151515152, 1.18778692, 1.00000000, 1.00000000, 1.00000000
0.848484848485, 0.525252525253, 1.18405282, 1.00000000, 1.00000000, 1.00000000
0.848484848485, 0.535353535354, 1.17957704, 1.00000000, 1.00000000, 1.00000000
0.848484848485, 0.545454545455, 1.17437773, 1.00000000, 1.00000000, 1.00000000
0.848484848485, 0.555555555556, 1.16847596, 1.00000000, 1.00000000, 1.00000000
0.848484848485, 0.565656565657, 1.16189566, 1.00000000, 1.00000000, 1.00000000
0.848484848485, 0.575757575758, 1.15466350, 1.00000000, 1.00000000, 1.00000000
0.848484848485, 0.585858585859, 1.14680877, 1.00000000, 1.00000000, 1.00000000
0.848484848485, 0.595959595960, 1.13836329, 1.00000000, 1.00000000, 1.00000000
0.848484848485, 0.606060606061, 1.12936128, 1.00000000, 1.00000000, 1.00000000
0.848484848485, 0.616161616162, 1.11983917, 1.00000000, 1.00000000, 1.00000000
0.848484848485, 0.626262626263, 1.10983552, 1.00000000, 1.00000000, 1.00000000
0.848484848485, 0.636363636364, 1.09939080, 1.00000000, 1.00000000, 1.00000000
0.848484848485, 0.646464646465, 1.08854728, 1.00000000, 1.00000000, 1.00000000
0.848484848485, 0.656565656566, 1.07734882, 1.00000000, 1.00000000, 1.00000000
0.848484848485, 0.666666666667, 1.06584068, 1.00000000, 1.00000000, 1.00000000
0.848484848485, 0.676767676768, 1.05406938, 1.00000000, 1.00000000, 1.00000000
0.848484848485, 0.686868686869, 1.04208247, 1.00000000, 1.00000000, 1.00000000
0.848484848485, 0.696969696970, 1.02992837, 1.00000000, 1.00000000, 1.00000000
0.848484848485, 0.707070707071, 1.01765614, 1.00000000, 1.00000000, 1.00000000
0.848484848485, 0.717171717172, 1.00531527, 1.00000000, 1.00000000, 1.00000000
0.848484848485, 0.727272727273, 0.99295553, 1.00000000, 1.00000000, 1.00000000
0.848484848485, 0.737373737374, 0.98062674, 1.00000000, 1.00000000, 1.00000000
0.848484848485, 0.747474747475, 0.96837853, 1.00000000, 1.00000000, 1.00000000
0.848484848485, 0.757575757576, 0.95626021, 1.00000000, 1.00000000, 1.00000000
0.848484848485, 0.767676767677, 0.94432052, 1.00000000, 1.00000000, 1.00000000
0.848484848485, 0.777777777778, 0.93260745, 1.00000000, 1.00000000, 1.00000000
0.848484848485, 0.787878787879, 0.92116803, 1.00000000, 1.00000000, 1.00000000
0.848484848485, 0.797979797980, 0.91004817, 1.00000000, 1.00000000, 1.00000000
0.848484848485, 0.808080808081, 0.89929246, 1.00000000, 1.00000000, 1.00000000
0.848484848485, 0.818181818182, 0.88894399, 1.00000000, 1.00000000, 1.00000000
0.848484848485, 0.828282828283, 0.87904420, 1.00000000, 1.00000000, 1.00000000
0.848484848485, 0.838383838384, 0.86963268, 1.00000000, 1.00000000, 1.00000000
0.848484848485, 0.848484848485, 0.86074705, 1.00000000, 1.00000000, 1.00000000
0.848484848485, 0.858585858586, 0.85242280, 1.00000000, 1.00000000, 1.00000000
0.848484848485, 0.868686868687, 0.84469315, 1.00000000, 1.00000000, 1.00000000
0.848484848485, 0.878787878788, 0.83758892, 1.00000000, 1.00000000, 1.00000000
0.848484848485, 0.888888888889, 0.83113844, 1.00000000, 1.00000000, 1.00000000
0.848484848485, 0.898989898990, 0.82536739, 1.00000000, 1.00000000, 1.00000000
0.848484848485, 0.909090909091, 0.82029878, 1.00000000, 1.00000000, 1.00000000
0.848484848485, 0.919191919192, 0.81595275, 1.00000000, 1.00000000, 1.00000000
0.848484848485, 0.929292929293, 0.81234657, 1.00000000, 1.00000000, 1.00000000
0.848484848485, 0.939393939394, 0.80949429, 1.00000000, 1.00000000, 1.00000000
0.848484848485, 0.949494949495, 0.80740623, 1.00000000, 1.00000000, 1.00000000
0.848484848485, 0.959595959596, 0.80608759, 1.00000000, 1.00000000, 1.00000000
0.858585858586, -0.000000000000, 0.81367527, 1.00000000, 1.00000000, 1.00000000
0.858585858586, 0.010101010101, 0.81710108, 1.00000000, 1.00000000, 1.00000000
0.858585858586, 0.020202020202, 0.82102080, 1.00000000, 1.00000000, 1.00000000
0.858585858586, 0.030303030303, 0.82546352, 1.00000000, 1.00000000, 1.00000000
0.858585858586, 0.040404040404, 0.83050264, 1.00000000, 1.00000000, 1.00000000
0.858585858586, 0.050505050505, 0.83622359, 1.00000000, 1.00000000, 1.00000000
0.858585858586, 0.060606060606, 0.84268594, 1.00000000, 1.00000000, 1.00000000
0.858585858586, 0.070707070707, 0.84990131, 1.00000000, 1.00000000, 1.00000000
0.858585858586, 0.080808080808, 0.85783577, 1.00000000, 1.00000000, 1.00000000
0.858585858586, 0.090909090909, 0.86642856, 1.00000000, 1.00000000, 1.00000000
0.858585858586, 0.101010101010, 0.87561229, 1.00000000, 1.00000000, 1.00000000
0.858585858586, 0.111111111111, 0.88532491, 1.00000000, 1.00000000, 1.00000000
0.858585858586, 0.121212121212, 0.89551247, 1.00000000, 1.00000000, 1.00000000
0.858585858586, 0.131313131313, 0.90612690, 1.00000000, 1.00000000, 1.00000000
0.858585858586, 0.141414141414, 0.91712275, 1.00000000, 1.00000000, 1.00000000
0.858585858586, 0.151515151515, 0.92845490, 1.00000000, 1.00000000, 1.00000000
0.858585858586, 0.161616161616, 0.94007760, 1.00000000, 1.00000000, 1.00000000
0.858585858586, 0.171717171717, 0.95194408, 1.00000000, 1.00000000, 1.00000000
0.858585858586, 0.181818181818, 0.96400661, 1.00000000, 1.00000000, 1.00000000
0.858585858586, 0.191919191919, 0.97621664, 1.00000000, 1.00000000, 1.00000000
0.858585858586, 0.202020202020, 0.98852501, 1.00000000, 1.00000000, 1.00000000
0.858585858586, 0.212121212121, 1.00088213, 1.00000000, 1.00000000, 1.00000000
0.858585858586, 0.222222222222, 1.01323817, 1.00000000, 1.00000000, 1.00000000
0.858585858586, 0.232323232323, 1.02554330, 1.00000000, 1.00000000, 1.00000000
0.858585858586, 0.242424242424, 1.03774786, 1.00000000, 1.00000000, 1.00000000
0.858585858586, 0.252525252525, 1.04980257, 1.00000000, 1.00000000, 1.00000000
0.858585858586, 0.262626262626, 1.06165874, 1.00000000, 1.00000000, 1.00000000
0.858585858586, 0.272727272727, 1.07326846, 1.00000000, 1.00000000, 1.00000000
0.858585858586, 0.282828282828, 1.08458480, 1.00000000, 1.00000000, 1.00000000
0.858585858586, 0.292929292929, 1.09556202, 1.00000000, 1.00000000, 1.00000000
0.858585858586, 0.303030303030, 1.10615570, 1.00000000, 1.00000000, 1.00000000
0.858585858586, 0.313131313131, 1.11632298, 1.00000000, 1.00000000, 1.00000000
0.858585858586, 0.323232323232, 1.12602274, 1.00000000, 1.00000000, 1.00000000
0.858585858586, 0.333333333333, 1.13521571, 1.00000000, 1.00000000, 1.00000000
0.858585858586, 0.343434343434, 1.14386467, 1.00000000, 1.00000000, 1.00000000
0.858585858586, 0.353535353535, 1.15193460, 1.00000000, 1.00000000, 1.00000000
0.858585858586, 0.363636363636, 1.15939284, 1.00000000, 1.00000000, 1.00000000
0.858585858586, 0.373737373737, 1.16620916, 1.00000000, 1.00000000, 1.00000000
0.858585858586, 0.383838383838, 1.17235598, 1.00000000, 1.00000000, 1.00000000
0.858585858586, 0.393939393939, 1.17780837, 1.00000000, 1.00000000, 1.00000000
0.858585858586, 0.404040404040, 1.18254426, 1.00000000, 1.00000000, 1.00000000
0.858585858586, 0.414141414141, 1.18654445, 1.00000000, 1.00000000, 1.00000000
0.858585858586, 0.424242424242, 1.18979272, 1.00000000, 1.00000000, 1.00000000
0.858585858586, 0.434343434343, 1.19227589, 1.00000000, 1.00000000, 1.00000000
0.858585858586, 0.444444444444, 1.19398386, 1.00000000, 1.00000000, 1.00000000
0.858585858586, 0.454545454545, 1.19490966, 1.00000000, 1.00000000, 1.00000000
0.858585858586, 0.464646464646, 1.19504950, 1.00000000, 1.00000000, 1.00000000
0.858585858586, 0.474747474747, 1.19440288, 1.00000000, 1.00000000, 1.00000000
0.858585858586, 0.484848484848, 1.19297249, 1.00000000, 1.00000000, 1.00000000
0.858585858586, 0.494949494949, 1.19076417, 1.00000000, 1.00000000, 1.00000000
0.858585858586, 0.505050505051, 1.18778692, 1.00000000, 1.00000000, 1.00000000
0.858585858586, 0.515151515152, 1.18405282, 1.00000000, 1.00000000, 1.00000000
0.858585858586, 0.525252525253, 1.17957704, 1.00000000, 1.00000000, 1.00000000
0.858585858586, 0.535353535354, 1.17437773, 1.00000000, 1.00000000, 1.00000000
0.858585858586, 0.545454545455, 1.16847596, 1.00000000, 1.00000000, 1.00000000
0.858585858586, 0.555555555556, 1.16189566, 1.00000000, 1.00000000, 1.00000000
0.858585858586, 0.565656565657, 1.15466350, 1.00000000, 1.00000000, 1.00000000
0.858585858586, 0.575757575758, 1.14680877, 1.00000000, 1.00000000, 1.00000000
0.858585858586, 0.585858585859, 1.13836329, 1.00000000, 1.00000000, 1.00000000
0.858585858586, 0.595959595960, 1.12936128, 1.00000000, 1.00000000, 1.00000000
0.858585858586, 0.606060606061, 1.11983917, 1.00000000, 1.00000000, 1.00000000
0.858585858586, 0.616161616162, 1.10983552, 1.00000000, 1.00000000, 1.00000000
0.858585858586, 0.626262626263, 1.09939080, 1.00000000, 1.00000000, 1.00000000
0.858585858586, 0.636363636364, 1.08854728, 1.00000000, 1.00000000, 1.00000000
0.858585858586, 0.646464646465, 1.07734882, 1.00000000, 1.00000000, 1.00000000
0.858585858586, 0.656565656566, 1.06584068, 1.00000000, 1.00000000, 1.00000000
0.858585858586, 0.666666666667, 1.05406938, 1.00000000, 1.00000000, 1.00000000
0.858585858586, 0.676767676768, 1.04208247, 1.00000000, 1.00000000, 1.00000000
0.858585858586, 0.686868686869, 1.02992837, 1.00000000, 1.00000000, 1.00000000
0.858585858586, 0.696969696970, 1.01765614, 1.00000000, 1.00000000, 1.00000000
0.858585858586, 0.707070707071, 1.00531527, 1.00000000, 1.00000000, 1.00000000
0.858585858586, 0.717171717172, 0.99295553, 1.00000000, 1.00000000, 1.00000000
0.858585858586, 0.727272727273, 0.98062674, 1.00000000, 1.00000000, 1.00000000
0.858585858586, 0.737373737374, 0.96837853, 1.00000000, 1.00000000, 1.00000000
0.858585858586, 0.747474747475, 0.95626021, 1.00000000, 1.00000000, 1.00000000
0.858585858586, 0.757575757576, 0.94432052, 1.00000000, 1.00000000, 1.00000000
0.858585858586, 0.767676767677, 0.93260745, 1.00000000, 1.00000000, 1.00000000
0.858585858586, 0.777777777778, 0.92116803, 1.00000000, 1.00000000, 1.00000000
0.858585858586, 0.787878787879, 0.91004817, 1.00000000, 1.00000000, 1.00000000
0.858585858586, 0.797979797980, 0.89929246, 1.00000000, 1.00000000, 1.00000000
0.858585858586, 0.808080808081, 0.88894399, 1.00000000, 1.00000000, 1.00000000
0.858585858586, 0.818181818182, 0.87904420, 1.00000000, 1.00000000, 1.00000000
0.858585858586, 0.828282828283, 0.86963268, 1.00000000, 1.00000000, 1.00000000
0.858585858586, 0.838383838384, 0.86074705, 1.00000000, 1.00000000, 1.00000000
0.858585858586, 0.848484848485, 0.85242280, 1.00000000, 1.00000000, 1.00000000
0.858585858586, 0.858585858586, 0.84469315, 1.00000000, 1.00000000, 1.00000000
0.858585858586, 0.868686868687, 0.83758892, 1.00000000, 1.00000000, 1.00000000
0.858585858586, 0.878787878788, 0.83113844, 1.00000000, 1.00000000, 1.00000000
0.858585858586, 0.888888888889, 0.82536739, 1.00000000, 1.00000000, 1.00000000
0.858585858586, 0.898989898990, 0.82029878, 1.00000000, 1.00000000, 1.00000000
0.858585858586, 0.909090909091, 0.81595278, 1.00000000, 1.00000000, 1.00000000
0.858585858586, 0.919191919192, 0.81234669, 1.00000000, 1.00000000, 1.00000000
0.858585858586, 0.929292929293, 0.80949482, 1.00000000, 1.00000000, 1.00000000
0.858585858586, 0.939393939394, 0.80740821, 1.00000000, 1.00000000, 1.00000000
0.858585858586, 0.949494949495, 0.80609402, 1.00000000, 1.00000000, 1.00000000
0.858585858586, 0.959595959596, 0.80555402, 1.00000000, 1.00000000, 1.00000000
0.868686868687, -0.000000000000, 0.81766527, 1.00000000, 1.00000000, 1.00000000
0.868686868687, 0.010101010101, 0.82175728, 1.00000000, 1.00000000, 1.00000000
0.868686868687, 0.020202020202, 0.82630633, 1.00000000, 1.00000000, 1.00000000
0.868686868687, 0.030303030303, 0.83134800, 1.00000000, 1.00000000, 1.00000000
0.868686868687, 0.040404040404, 0.83696662, 1.00000000, 1.00000000, 1.00000000
0.868686868687, 0.050505050505, 0.84325801, 1.00000000, 1.00000000, 1.00000000
0.868686868687, 0.060606060606, 0.85028686, 1.00000000, 1.00000000, 1.00000000
0.868686868687, 0.070707070707, 0.85806300, 1.00000000, 1.00000000, 1.00000000
0.868686868687, 0.080808080808, 0.86654549, 1.00000000, 1.00000000, 1.00000000
0.868686868687, 0.090909090909, 0.87566472, 1.00000000, 1.00000000, 1.00000000
0.868686868687, 0.101010101010, 0.88534533, 1.00000000, 1.00000000, 1.00000000
0.868686868687, 0.111111111111, 0.89551936, 1.00000000, 1.00000000, 1.00000000
0.868686868687, 0.121212121212, 0.90612891, 1.00000000, 1.00000000, 1.00000000
0.868686868687, 0.131313131313, 0.91712324, 1.00000000, 1.00000000, 1.00000000
0.868686868687, 0.141414141414, 0.92845501, 1.00000000, 1.00000000, 1.00000000
0.868686868687, 0.151515151515, 0.94007762, 1.00000000, 1.00000000, 1.00000000
0.868686868687, 0.161616161616, 0.95194409, 1.00000000, 1.00000000, 1.00000000
0.868686868687, 0.171717171717, 0.96400661, 1.00000000, 1.00000000, 1.00000000
0.868686868687, 0.181818181818, 0.97621664, 1.00000000, 1.00000000, 1.00000000
0.868686868687, 0.191919191919, 0.98852501, 1.00000000, 1.00000000, 1.00000000
0.868686868687, 0.202020202020, 1.00088213, 1.00000000, 1.00000000, 1.00000000
0.868686868687, 0.212121212121, 1.01323817, 1.00000000, 1.00000000, 1.00000000
0.868686868687, 0.222222222222, 1.02554330, 1.00000000, 1.00000000, 1.00000000
0.868686868687, 0.232323232323, 1.03774786, 1.00000000, 1.00000000, 1.00000000
0.868686868687, 0.242424242424, 1.04980257, 1.00000000, 1.00000000, 1.00000000
0.868686868687, 0.252525252525, 1.06165874, 1.00000000, 1.00000000, 1.00000000
0.868686868687, 0.262626262626, 1.07326846, 1.00000000, 1.00000000, 1.00000000
0.868686868687, 0.272727272727, 1.08458480, 1.00000000, 1.00000000, 1.00000000
0.868686868687, 0.282828282828, 1.09556202, 1.00000000, 1.00000000, 1.00000000
0.868686868687, 0.292929292929, 1.10615570, 1.00000000, 1.00000000, 1.00000000
0.868686868687, 0.303030303030, 1.11632298, 1.00000000, 1.00000000, 1.00000000
0.868686868687, 0.313131313131, 1.12602274, 1.00000000, 1.00000000, 1.00000000
0.868686868687, 0.323232323232, 1.13521571, 1.00000000, 1.00000000, 1.00000000
0.868686868687, 0.333333333333, 1.14386467, 1.00000000, 1.00000000, 1.00000000
0.868686868687, 0.343434343434, 1.15193460, 1.00000000, 1.00000000, 1.00000000
0.868686868687, 0.353535353535, 1.15939284, 1.00000000, 1.00000000, 1.00000000
0.868686868687, 0.363636363636, 1.16620916, 1.00000000, 1.00000000, 1.00000000
0.868686868687, 0.373737373737, 1.17235598, 1.00000000, 1.00000000, 1.00000000
0.868686868687, 0.383838383838, 1.17780837, 1.00000000, 1.00000000, 1.00000000
0.868686868687, 0.393939393939, 1.18254426, 1.00000000, 1.00000000, 1.00000000
0.868686868687, 0.404040404040, 1.18654445, 1.00000000, 1.00000000, 1.00000000
0.868686868687, 0.414141414141, 1.18979272, 1.00000000, 1.00000000, 1.00000000
0.868686868687, 0.424242424242, 1.19227589, 1.00000000, 1.00000000, 1.00000000
0.868686868687, 0.434343434343, 1.19398386, 1.00000000, 1.00000000, 1.00000000
0.868686868687, 0.444444444444, 1.19490966, 1.00000000, 1.00000000, 1.00000000
0.868686868687, 0.454545454545, 1.19504950, 1.00000000, 1.00000000, 1.00000000
0.868686868687, 0.464646464646, 1.19440288, 1.00000000, 1.00000000, 1.00000000
0.868686868687, 0.474747474747, 1.19297249, 1.00000000, 1.00000000, 1.00000000
0.868686868687, 0.484848484848, 1.19076417, 1.00000000, 1.00000000, 1.00000000
0.868686868687, 0.494949494949, 1.18778692, 1.00000000, 1.00000000, 1.00000000
0.868686868687, 0.505050505051, 1.18405282, 1.00000000, 1.00000000, 1.00000000
0.868686868687, 0.515151515152, 1.17957704, 1.00000000, 1.00000000, 1.00000000
0.868686868687, 0.525252525253, 1.17437773, 1.00000000, 1.00000000, 1.00000000
0.868686868687, 0.535353535354, 1.16847596, 1.00000000, 1.00000000, 1.00000000
0.868686868687, 0.545454545455, 1.16189566, 1.00000000, 1.00000000, 1.00000000
0.868686868687, 0.555555555556, 1.15466350, 1.00000000, 1.00000000, 1.00000000
0.868686868687, 0.565656565657, 1.14680877, 1.00000000, 1.00000000, 1.00000000
0.868686868687, 0.575757575758, 1.13836329, 1.00000000, 1.00000000, 1.00000000
0.868686868687, 0.585858585859, 1.12936128, 1.00000000, 1.00000000, 1.00000000
0.868686868687, 0.595959595960, 1.11983917, 1.00000000, 1.00000000, 1.00000000
0.868686868687, 0.606060606061, 1.10983552, 1.00000000, 1.00000000, 1.00000000
0.868686868687, 0.616161616162, 1.09939080, 1.00000000, 1.00000000, 1.00000000
0.868686868687, 0.626262626263, 1.08854728, 1.00000000, 1.00000000, 1.00000000
0.868686868687, 0.636363636364, 1.07734882, 1.00000000, 1.00000000, 1.00000000
0.868686868687, 0.646464646465, 1.06584068, 1.00000000, 1.00000000, 1.00000000
0.868686868687, 0.656565656566, 1.05406938, 1.00000000, 1.00000000, 1.00000000
0.868686868687, 0.666666666667, 1.04208247, 1.00000000, 1.00000000, 1.00000000
0.868686868687, 0.676767676768, 1.02992837, 1.00000000, 1.00000000, 1.00000000
0.868686868687, 0.686868686869, 1.01765614, 1.00000000, 1.00000000, 1.00000000
0.868686868687, 0.696969696970, 1.00531527, 1.00000000, 1.00000000, 1.00000000
0.868686868687, 0.707070707071, 0.99295553, 1.00000000, 1.00000000, 1.00000000
0.868686868687, 0.717171717172, 0.98062674, 1.00000000, 1.00000000, 1.00000000
0.868686868687, 0.727272727273, 0.96837853, 1.00000000, 1.00000000, 1.00000000
0.868686868687, 0.737373737374, 0.95626021, 1.00000000, 1.00000000, 1.00000000
0.868686868687, 0.747474747475, 0.94432052, 1.00000000, 1.00000000, 1.00000000
0.868686868687, 0.757575757576, 0.93260745, 1.00000000, 1.00000000, 1.00000000
0.868686868687, 0.767676767677, 0.92116803, 1.00000000, 1.00000000, 1.00000000
0.868686868687, 0.777777777778, 0.91004817, 1.00000000, 1.00000000, 1.00000000
0.868686868687, 0.787878787879, 0.89929246, 1.00000000, 1.00000000, 1.00000000
0.868686868687, 0.797979797980, 0.88894399, 1.00000000, 1.00000000, 1.00000000
0.868686868687, 0.808080808081, 0.87904420, 1.00000000, 1.00000000, 1.00000000
0.868686868687, 0.818181818182, 0.86963268, 1.00000000, 1.00000000, 1.00000000
0.868686868687, 0.828282828283, 0.86074705, 1.00000000, 1.00000000, 1.00000000
0.868686868687, 0.838383838384, 0.85242280, 1.00000000, 1.00000000, 1.00000000
0.868686868687, 0.848484848485, 0.84469315, 1.00000000, 1.00000000, 1.00000000
0.868686868687, 0.858585858586, 0.83758892, 1.00000000, 1.00000000, 1.00000000
0.868686868687, 0.868686868687, 0.83113844, 1.00000000, 1.00000000, 1.00000000
0.868686868687, 0.878787878788, 0.82536739, 1.00000000, 1.00000000, 1.00000000
0.868686868687, 0.888888888889, 0.82029878, 1.00000000, 1.00000000, 1.00000000
0.868686868687, 0.898989898990, 0.81595279, 1.00000000, 1.00000000, 1.00000000
0.868686868687, 0.909090909091, 0.81234672, 1.00000000, 1.00000000, 1.00000000
0.868686868687, 0.919191919192, 0.80949496, 1.00000000, 1.00000000, 1.00000000
0.868686868687, 0.929292929293, 0.80740880, 1.00000000, 1.00000000, 1.00000000
0.868686868687, 0.939393939394, 0.80609625, 1.00000000, 1.00000000, 1.00000000
0.868686868687, 0.949494949495, 0.80556129, 1.00000000, 1.00000000, 1.00000000
0.868686868687, 0.959595959596, 0.80580212, 1.00000000, 1.00000000, 1.00000000
0.878787878788, -0.000000000000, 0.82238911, 1.00000000, 1.00000000, 1.00000000
0.878787878788, 0.010101010101, 0.82713104, 1.00000000, 1.00000000, 1.00000000
0.878787878788, 0.020202020202, 0.83229110, 1.00000000, 1.00000000, 1.00000000
0.878787878788, 0.030303030303, 0.83791132, 1.00000000, 1.00000000, 1.00000000
0.878787878788, 0.040404040404, 0.84408677, 1.00000000, 1.00000000, 1.00000000
0.878787878788, 0.050505050505, 0.85092335, 1.00000000, 1.00000000, 1.00000000
0.878787878788, 0.060606060606, 0.85849067, 1.00000000, 1.00000000, 1.00000000
0.878787878788, 0.070707070707, 0.86679665, 1.00000000, 1.00000000, 1.00000000
0.878787878788, 0.080808080808, 0.87579344, 1.00000000, 1.00000000, 1.00000000
0.878787878788, 0.090909090909, 0.88540279, 1.00000000, 1.00000000, 1.00000000
0.878787878788, 0.101010101010, 0.89554164, 1.00000000, 1.00000000, 1.00000000
0.878787878788, 0.111111111111, 0.90613638, 1.00000000, 1.00000000, 1.00000000
0.878787878788, 0.121212121212, 0.91712540, 1.00000000, 1.00000000, 1.00000000
0.878787878788, 0.131313131313, 0.92845554, 1.00000000, 1.00000000, 1.00000000
0.878787878788, 0.141414141414, 0.94007774, 1.00000000, 1.00000000, 1.00000000
0.878787878788, 0.151515151515, 0.95194411, 1.00000000, 1.00000000, 1.00000000
0.878787878788, 0.161616161616, 0.96400661, 1.00000000, 1.00000000, 1.00000000
0.878787878788, 0.171717171717, 0.97621664, 1.00000000, 1.00000000, 1.00000000
0.878787878788, 0.181818181818, 0.98852501, 1.00000000, 1.00000000, 1.00000000
0.878787878788, 0.191919191919, 1.00088213, 1.00000000, 1.00000000, 1.00000000
0.878787878788, 0.202020202020, 1.01323817, 1.00000000, 1.00000000, 1.00000000
0.878787878788, 0.212121212121, 1.02554330, 1.00000000, 1.00000000, 1.00000000
0.878787878788, 0.222222222222, 1.03774786, 1.00000000, 1.00000000, 1.00000000
0.878787878788, 0.232323232323, 1.04980257, 1.00000000, 1.00000000, 1.00000000
0.878787878788, 0.242424242424, 1.06165874, 1.00000000, 1.00000000, 1.00000000
0.878787878788, 0.252525252525, 1.07326846, 1.00000000, 1.00000000, 1.00000000
0.878787878788, 0.262626262626, 1.08458480, 1.00000000, 1.00000000, 1.00000000
0.878787878788, 0.272727272727, 1.09556202, 1.00000000, 1.00000000, 1.00000000
0.878787878788, 0.282828282828, 1.10615570, 1.00000000, 1.00000000, 1.00000000
0.878787878788, 0.292929292929, 1.11632298, 1.00000000, 1.00000000, 1.00000000
0.878787878788, 0.303030303030, 1.12602274, 1.00000000, 1.00000000, 1.00000000
0.878787878788, 0.313131313131, 1.13521571, 1.00000000, 1.00000000, 1.00000000
0.878787878788, 0.323232323232, 1.14386467, 1.00000000, 1.00000000, 1.00000000
0.878787878788, 0.333333333333, 1.15193460, 1.00000000, 1.00000000, 1.00000000
0.878787878788, 0.343434343434, 1.15939284, 1.00000000, 1.00000000, 1.00000000
0.878787878788, 0.353535353535, 1.16620916, 1.00000000, 1.00000000, 1.00000000
0.878787878788, 0.363636363636, 1.17235598, 1.00000000, 1.00000000, 1.00000000
0.878787878788, 0.373737373737, 1.17780837, 1.00000000, 1.00000000, 1.00000000
0.878787878788, 0.383838383838, 1.18254426, 1.00000000, 1.00000000, 1.00000000
0.878787878788, 0.393939393939, 1.18654445, 1.00000000, 1.00000000, 1.00000000
0.878787878788, 0.404040404040, 1.18979272, 1.00000000, 1.00000000, 1.00000000
0.878787878788, 0.414141414141, 1.19227589, 1.00000000, 1.00000000, 1.00000000
0.878787878788, 0.424242424242, 1.19398386, 1.00000000, 1.00000000, 1.00000000
0.878787878788, 0.434343434343, 1.19490966, 1.00000000, 1.00000000, 1.00000000
0.878787878788, 0.444444444444, 1.19504950, 1.00000000, 1.00000000, 1.00000000
0.878787878788, 0.454545454545, 1.19440288, 1.00000000, 1.00000000, 1.00000000
0.878787878788, 0.464646464646, 1.19297249, 1.00000000, 1.00000000, 1.00000000
0.878787878788, 0.474747474747, 1.19076417, 1.00000000, 1.00000000, 1.00000000
0.878787878788, 0.484848484848, 1.18778692, 1.00000000, 1.00000000, 1.00000000
0.878787878788, 0.494949494949, 1.18405282, 1.00000000, 1.00000000, 1.00000000
0.878787878788, 0.505050505051, 1.17957704, 1.00000000, 1.00000000, 1.00000000
0.878787878788, 0.515151515152, 1.17437773, 1.00000000, 1.00000000, 1.00000000
0.878787878788, 0.525252525253, 1.16847596, 1.00000000, 1.00000000, 1.00000000
0.878787878788, 0.535353535354, 1.16189566, 1.00000000, 1.00000000, 1.00000000
0.878787878788, 0.545454545455, 1.15466350, 1.00000000, 1.00000000, 1.00000000
0.878787878788, 0.555555555556, 1.14680877, 1.00000000, 1.00000000, 1.00000000
0.878787878788, 0.565656565657, 1.13836329, 1.00000000, 1.00000000, 1.00000000
0.878787878788, 0.575757575758, 1.12936128, 1.00000000, 1.00000000, 1.00000000
0.878787878788, 0.585858585859, 1.11983917, 1.00000000, 1.00000000, 1.00000000
0.878787878788, 0.595959595960, 1.10983552, 1.00000000, 1.00000000, 1.00000000
0.878787878788, 0.606060606061, 1.09939080, 1.00000000, 1.00000000, 1.00000000
0.878787878788, 0.616161616162, 1.08854728, 1.00000000, 1.00000000, 1.00000000
0.878787878788, 0.626262626263, 1.07734882, 1.00000000, 1.00000000, 1.00000000
0.878787878788, 0.636363636364, 1.06584068, 1.00000000, 1.00000000, 1.00000000
0.878787878788, 0.646464646465, 1.05406938, 1.00000000, 1.00000000, 1.00000000
0.878787878788, 0.656565656566, 1.04208247, 1.00000000, 1.00000000, 1.00000000
0.878787878788, 0.666666666667, 1.02992837, 1.00000000, 1.00000000, 1.00000000
0.878787878788, 0.676767676768, 1.01765614, 1.00000000, 1.00000000, 1.00000000
0.878787878788, 0.686868686869, 1.00531527, 1.00000000, 1.00000000, 1.00000000
0.878787878788, 0.696969696970, 0.99295553, 1.00000000, 1.00000000, 1.00000000
0.878787878788, 0.707070707071, 0.98062674, 1.00000000, 1.00000000, 1.00000000
0.878787878788, 0.717171717172, 0.96837853, 1.00000000, 1.00000000, 1.00000000
0.878787878788, 0.727272727273, 0.95626021, 1.00000000, 1.00000000, 1.00000000
0.878787878788, 0.737373737374, 0.94432052, 1.00000000, 1.00000000, 1.00000000
0.878787878788, 0.747474747475, 0.93260745, 1.00000000, 1.00000000, 1.00000000
0.878787878788, 0.757575757576, 0.92116803, 1.00000000, 1.00000000, 1.00000000
0.878787878788, 0.767676767677, 0.91004817, 1.00000000, 1.00000000, 1.00000000
0.878787878788, 0.777777777778, 0.89929246, 1.00000000, 1.00000000, 1.00000000
0.878787878788, 0.787878787879, 0.88894399, 1.00000000, 1.00000000, 1.00000000
0.878787878788, 0.797979797980, 0.87904420, 1.00000000, 1.00000000, 1.00000000
0.878787878788, 0.808080808081, 0.86963268, 1.00000000, 1.00000000, 1.00000000
0.878787878788, 0.818181818182, 0.86074705, 1.00000000, 1.00000000, 1.00000000
0.878787878788, 0.828282828283, 0.85242280, 1.00000000, 1.00000000, 1.00000000
0.878787878788, 0.838383838384, 0.84469315, 1.00000000, 1.00000000, 1.00000000
0.878787878788, 0.848484848485, 0.83758892, 1.00000000, 1.00000000, 1.00000000
0.878787878788, 0.858585858586, 0.83113844, 1.00000000, 1.00000000, 1.00000000
0.878787878788, 0.868686868687, 0.82536739, 1.00000000, 1.00000000, 1.00000000
0.878787878788, 0.878787878788, 0.82029878, 1.00000000, 1.00000000, 1.00000000
0.878787878788, 0.888888888889, 0.81595279, 1.00000000, 1.00000000, 1.00000000
0.878787878788, 0.898989898990, 0.81234673, 1.00000000, 1.00000000, 1.00000000
0.878787878788, 0.909090909091, 0.80949499, 1.00000000, 1.00000000, 1.00000000
0.878787878788, 0.919191919192, 0.80740896, 1.00000000, 1.00000000, 1.00000000
0.878787878788, 0.929292929293, 0.80609691, 1.00000000, 1.00000000, 1.00000000
0.878787878788, 0.939393939394, 0.80556375, 1.00000000, 1.00000000, 1.00000000
0.878787878788, 0.949494949495, 0.80581018, 1.00000000, 1.00000000, 1.00000000
0.878787878788, 0.959595959596, 0.80683082, 1.00000000, 1.00000000, 1.00000000
0.888888888889, -0.000000000000, 0.82782807, 1.00000000, 1.00000000, 1.00000000
0.888888888889, 0.010101010101, 0.83320099, 1.00000000, 1.00000000, 1.00000000
0.888888888889, 0.020202020202, 0.83895130, 1.00000000, 1.00000000, 1.00000000
0.888888888889, 0.030303030303, 0.84512736, 1.00000000, 1.00000000, 1.00000000
0.888888888889, 0.040404040404, 0.85183469, 1.00000000, 1.00000000, 1.00000000
0.888888888889, 0.050505050505, 0.85918901, 1.00000000, 1.00000000, 1.00000000
0.888888888889, 0.060606060606, 0.86726459, 1.00000000, 1.00000000, 1.00000000
0.888888888889, 0.070707070707, 0.87606736, 1.00000000, 1.00000000, 1.00000000
0.888888888889, 0.080808080808, 0.88554267, 1.00000000, 1.00000000, 1.00000000
0.888888888889, 0.090909090909, 0.89560382, 1.00000000, 1.00000000, 1.00000000
0.888888888889, 0.101010101010, 0.90616038, 1.00000000, 1.00000000, 1.00000000
0.888888888889, 0.111111111111, 0.91713342, 1.00000000, 1.00000000, 1.00000000
0.888888888889, 0.121212121212, 0.92845785, 1.00000000, 1.00000000, 1.00000000
0.888888888889, 0.131313131313, 0.94007830, 1.00000000, 1.00000000, 1.00000000
0.888888888889, 0.141414141414, 0.95194422, 1.00000000, 1.00000000, 1.00000000
0.888888888889, 0.151515151515, 0.96400663, 1.00000000, 1.00000000, 1.00000000
0.888888888889, 0.161616161616, 0.97621664, 1.00000000, 1.00000000, 1.00000000
0.888888888889, 0.171717171717, 0.98852501, 1.00000000, 1.00000000, 1.00000000
0.888888888889, 0.181818181818, 1.00088213, 1.00000000, 1.00000000, 1.00000000
0.888888888889, 0.191919191919, 1.01323817, 1.00000000, 1.00000000, 1.00000000
0.888888888889, 0.202020202020, 1.02554330, 1.00000000, 1.00000000, 1.00000000
0.888888888889, 0.212121212121, 1.03774786, 1.00000000, 1.00000000, 1.00000000
0.888888888889, 0.222222222222, 1.04980257, 1.00000000, 1.00000000, 1.00000000
0.888888888889, 0.232323232323, 1.06165874, 1.00000000, 1.00000000, 1.00000000
0.888888888889, 0.242424242424, 1.07326846, 1.00000000, 1.00000000, 1.00000000
0.888888888889, 0.252525252525, 1.08458480, 1.00000000, 1.00000000, 1.00000000
0.888888888889, 0.262626262626, 1.09556202, 1.00000000, 1.00000000, 1.00000000
0.888888888889, 0.272727272727, 1.10615570, 1.00000000, 1.00000000, 1.00000000
0.888888888889, 0.282828282828, 1.11632298, 1.00000000, 1.00000000, 1.00000000
0.888888888889, 0.292929292929, 1.12602274, 1.00000000, 1.00000000, 1.00000000
0.888888888889, 0.303030303030, 1.13521571, 1.00000000, 1.00000000, 1.00000000
0.888888888889, 0.313131313131, 1.14386467, 1.00000000, 1.00000000, 1.00000000
0.888888888889, 0.323232323232, 1.15193460, 1.00000000, 1.00000000, 1.00000000
0.888888888889, 0.333333333333, 1.15939284, 1.00000000, 1.00000000, 1.00000000
0.888888888889, 0.343434343434, 1.16620916, 1.00000000, 1.00000000, 1.00000000
0.888888888889, 0.353535353535, 1.17235598, 1.00000000, 1.00000000, 1.00000000
0.888888888889, 0.363636363636, 1.17780837, 1.00000000, 1.00000000, 1.00000000
0.888888888889, 0.373737373737, 1.18254426, 1.00000000, 1.00000000, 1.00000000
0.888888888889, 0.383838383838, 1.18654445, 1.00000000, 1.00000000, 1.00000000
0.888888888889, 0.393939393939, 1.18979272, 1.00000000, 1.00000000, 1.00000000
0.888888888889, 0.404040404040, 1.19227589, 1.00000000, 1.00000000, 1.00000000
0.888888888889, 0.414141414141, 1.19398386, 1.00000000, 1.00000000, 1.00000000
0.888888888889, 0.424242424242, 1.19490966, 1.00000000, 1.00000000, 1.00000000
0.888888888889, 0.434343434343, 1.19504950, 1.00000000, 1.00000000, 1.00000000
0.888888888889, 0.444444444444, 1.19440288, 1.00000000, 1.00000000, 1.00000000
0.888888888889, 0.454545454545, 1.19297249, 1.00000000, 1.00000000, 1.00000000
0.888888888889, 0.464646464646, 1.19076417, 1.00000000, 1.00000000, 1.00000000
0.888888888889, 0.474747474747, 1.18778692, 1.00000000, 1.00000000, 1.00000000
0.888888888889, 0.484848484848, 1.18405282, 1.00000000, 1.00000000, 1.00000000
0.888888888889, 0.494949494949, 1.17957704, 1.00000000, 1.00000000, 1.00000000
0.888888888889, 0.505050505051, 1.17437773, 1.00000000, 1.00000000, 1.00000000
0.888888888889, 0.515151515152, 1.16847596, 1.00000000, 1.00000000, 1.00000000
0.888888888889, 0.525252525253, 1.16189566, 1.00000000, 1.00000000, 1.00000000
0.888888888889, 0.535353535354, 1.15466350, 1.00000000, 1.00000000, 1.00000000
0.888888888889, 0.545454545455, 1.14680877, 1.00000000, 1.00000000, 1.00000000
0.888888888889, 0.555555555556, 1.13836329, 1.00000000, 1.00000000, 1.00000000
0.888888888889, 0.565656565657, 1.12936128, 1.00000000, 1.00000000, 1.00000000
0.888888888889, 0.575757575758, 1.11983917, 1.00000000, 1.00000000, 1.00000000
0.888888888889, 0.585858585859, 1.10983552, 1.00000000, 1.00000000, 1.00000000
0.888888888889, 0.595959595960, 1.09939080, 1.00000000, 1.00000000, 1.00000000
0.888888888889, 0.606060606061, 1.08854728, 1.00000000, 1.00000000, 1.00000000
0.888888888889, 0.616161616162, 1.07734882, 1.00000000, 1.00000000, 1.00000000
0.888888888889, 0.626262626263, 1.06584068, 1.00000000, 1.00000000, 1.00000000
0.888888888889, 0.636363636364, 1.05406938, 1.00000000, 1.00000000, 1.00000000
0.888888888889, 0.646464646465, 1.04208247, 1.00000000, 1.00000000, 1.00000000
0.888888888889, 0.656565656566, 1.02992837, 1.00000000, 1.00000000, 1.00000000
0.888888888889, 0.666666666667, 1.01765614, 1.00000000, 1.00000000, 1.00000000
0.888888888889, 0.676767676768, 1.00531527, 1.00000000, 1.00000000, 1.00000000
0.888888888889, 0.686868686869, 0.99295553, 1.00000000, 1.00000000, 1.00000000
0.888888888889, 0.696969696970, 0.98062674, 1.00000000, 1.00000000, 1.00000000
0.888888888889, 0.707070707071, 0.96837853, 1.00000000, 1.00000000, 1.00000000
0.888888888889, 0.717171717172, 0.95626021, 1.00000000, 1.00000000, 1.00000000
0.888888888889, 0.727272727273, 0.94432052, 1.00000000, 1.00000000, 1.00000000
0.888888888889, 0.737373737374, 0.93260745, 1.00000000, 1.00000000, 1.00000000
0.888888888889, 0.747474747475, 0.92116803, 1.00000000, 1.00000000, 1.00000000
0.888888888889, 0.757575757576, 0.91004817, 1.00000000, 1.00000000, 1.00000000
0.888888888889, 0.767676767677, 0.89929246, 1.00000000, 1.00000000, 1.00000000
0.888888888889, 0.777777777778, 0.88894399, 1.00000000, 1.00000000, 1.00000000
0.888888888889, 0.787878787879, 0.87904420, 1.00000000, 1.00000000, 1.00000000
0.888888888889, 0.797979797980, 0.86963268, 1.00000000, 1.00000000, 1.00000000
0.888888888889, 0.808080808081, 0.86074705, 1.00000000, 1.00000000, 1.00000000
0.888888888889, 0.818181818182, 0.85242280, 1.00000000, 1.00000000, 1.00000000
0.888888888889, 0.828282828283, 0.84469315, 1.00000000, 1.00000000, 1.00000000
0.888888888889, 0.838383838384, 0.83758892, 1.00000000, 1.00000000, 1.00000000
0.888888888889, 0.848484848485, 0.83113844, 1.00000000, 1.00000000, 1.00000000
0.888888888889, 0.858585858586, 0.82536739, 1.00000000, 1.00000000, 1.00000000
0.888888888889, 0.868686868687, 0.82029878, 1.00000000, 1.00000000, 1.00000000
0.888888888889, 0.878787878788, 0.81595279, 1.00000000, 1.00000000, 1.00000000
0.888888888889, 0.888888888889, 0.81234673, 1.00000000, 1.00000000, 1.00000000
0.888888888889, 0.898989898990, 0.80949500, 1.00000000, 1.00000000, 1.00000000
0.888888888889, 0.909090909091, 0.80740899, 1.00000000, 1.00000000, 1.00000000
0.888888888889, 0.919191919192, 0.80609708, 1.00000000, 1.00000000, 1.00000000
0.888888888889, 0.929292929293, 0.80556447, 1.00000000, 1.00000000, 1.00000000
0.888888888889, 0.939393939394, 0.80581286, 1.00000000, 1.00000000, 1.00000000
0.888888888889, 0.949494949495, 0.80683962, 1.00000000, 1.00000000, 1.00000000
0.888888888889, 0.959595959596, 0.80863599, 1.00000000, 1.00000000, 1.00000000
0.898989898990, -0.000000000000, 0.83396052, 1.00000000, 1.00000000, 1.00000000
0.898989898990, 0.010101010101, 0.83994300, 1.00000000, 1.00000000, 1.00000000
0.898989898990, 0.020202020202, 0.84626042, 1.00000000, 1.00000000, 1.00000000
0.898989898990, 0.030303030303, 0.85296733, 1.00000000, 1.00000000, 1.00000000
0.898989898990, 0.040404040404, 0.86017946, 1.00000000, 1.00000000, 1.00000000
0.898989898990, 0.050505050505, 0.86802198, 1.00000000, 1.00000000, 1.00000000
0.898989898990, 0.060606060606, 0.87657356, 1.00000000, 1.00000000, 1.00000000
0.898989898990, 0.070707070707, 0.88583808, 1.00000000, 1.00000000, 1.00000000
0.898989898990, 0.080808080808, 0.89575414, 1.00000000, 1.00000000, 1.00000000
0.898989898990, 0.090909090909, 0.90622695, 1.00000000, 1.00000000, 1.00000000
0.898989898990, 0.101010101010, 0.91715900, 1.00000000, 1.00000000, 1.00000000
0.898989898990, 0.111111111111, 0.92846635, 1.00000000, 1.00000000, 1.00000000
0.898989898990, 0.121212121212, 0.94008074, 1.00000000, 1.00000000, 1.00000000
0.898989898990, 0.131313131313, 0.95194482, 1.00000000, 1.00000000, 1.00000000
0.898989898990, 0.141414141414, 0.96400676, 1.00000000, 1.00000000, 1.00000000
0.898989898990, 0.151515151515, 0.97621667, 1.00000000, 1.00000000, 1.00000000
0.898989898990, 0.161616161616, 0.98852501, 1.00000000, 1.00000000, 1.00000000
0.898989898990, 0.171717171717, 1.00088213, 1.00000000, 1.00000000, 1.00000000
0.898989898990, 0.181818181818, 1.01323817, 1.00000000, 1.00000000, 1.00000000
0.898989898990, 0.191919191919, 1.02554330, 1.00000000, 1.00000000, 1.00000000
0.898989898990, 0.202020202020, 1.03774786, 1.00000000, 1.00000000, 1.00000000
0.898989898990, 0.212121212121, 1.04980257, 1.00000000, 1.00000000, 1.00000000
0.898989898990, 0.222222222222, 1.06165874, 1.00000000, 1.00000000, 1.00000000
0.898989898990, 0.232323232323, 1.07326846, 1.00000000, 1.00000000, 1.00000000
0.898989898990, 0.242424242424, 1.08458480, 1.00000000, 1.00000000, 1.00000000
0.898989898990, 0.252525252525, 1.09556202, 1.00000000, 1.00000000, 1.00000000
0.898989898990, 0.262626262626, 1.10615570, 1.00000000, 1.00000000, 1.00000000
0.898989898990, 0.272727272727, 1.11632298, 1.00000000, 1.00000000, 1.00000000
0.898989898990, 0.282828282828, 1.12602274, 1.00000000, 1.00000000, 1.00000000
0.898989898990, 0.292929292929, 1.13521571, 1.00000000, 1.00000000, 1.00000000
0.898989898990, 0.303030303030, 1.14386467, 1.00000000, 1.00000000, 1.00000000
0.898989898990, 0.313131313131, 1.15193460, 1.00000000, 1.00000000, 1.00000000
0.898989898990, 0.323232323232, 1.15939284, 1.00000000, 1.00000000, 1.00000000
0.898989898990, 0.333333333333, 1.16620916, 1.00000000, 1.00000000, 1.00000000
0.898989898990, 0.343434343434, 1.17235598, 1.00000000, 1.00000000, 1.00000000
0.898989898990, 0.353535353535, 1.17780837, 1.00000000, 1.00000000, 1.00000000
0.898989898990, 0.363636363636, 1.18254426, 1.00000000, 1.00000000, 1.00000000
0.898989898990, 0.373737373737, 1.18654445, 1.00000000, 1.00000000, 1.00000000
0.898989898990, 0.383838383838, 1.18979272, 1.00000000, 1.00000000, 1.00000000
0.898989898990, 0.393939393939, 1.19227589, 1.00000000, 1.00000000, 1.00000000
0.898989898990, 0.404040404040, 1.19398386, 1.00000000, 1.00000000, 1.00000000
0.898989898990, 0.414141414141, 1.19490966, 1.00000000, 1.00000000, 1.00000000
0.898989898990, 0.424242424242, 1.19504950, 1.00000000, 1.00000000, 1.00000000
0.898989898990, 0.434343434343, 1.19440288, 1.00000000, 1.00000000, 1.00000000
0.898989898990, 0.444444444444, 1.19297249, 1.00000000, 1.00000000, 1.00000000
0.898989898990, 0.454545454545, 1.19076417, 1.00000000, 1.00000000, 1.00000000
0.898989898990, 0.464646464646, 1.18778692, 1.00000000, 1.00000000, 1.00000000
0.898989898990, 0.474747474747, 1.18405282, 1.00000000, 1.00000000, 1.00000000
0.898989898990, 0.484848484848, 1.17957704, 1.00000000, 1.00000000, 1.00000000
0.898989898990, 0.494949494949, 1.17437773, 1.00000000, 1.00000000, 1.00000000
0.898989898990, 0.505050505051, 1.16847596, 1.00000000, 1.00000000, 1.00000000
0.898989898990, 0.515151515152, 1.16189566, 1.00000000, 1.00000000, 1.00000000
0.898989898990, 0.525252525253, 1.15466350, 1.00000000, 1.00000000, 1.00000000
0.898989898990, 0.535353535354, 1.14680877, 1.00000000, 1.00000000, 1.00000000
0.898989898990, 0.545454545455, 1.13836329, 1.00000000, 1.00000000, 1.00000000
0.898989898990, 0.555555555556, 1.12936128, 1.00000000, 1.00000000, 1.00000000
0.898989898990, 0.565656565657, 1.11983917, 1.00000000, 1.00000000, 1.00000000
0.898989898990, 0.575757575758, 1.10983552, 1.00000000, 1.00000000, 1.00000000
0.898989898990, 0.585858585859, 1.09939080, 1.00000000, 1.00000000, 1.00000000
0.898989898990, 0.595959595960, 1.08854728, 1.00000000, 1.00000000, 1.00000000
0.898989898990, 0.606060606061, 1.07734882, 1.00000000, 1.00000000, 1.00000000
0.898989898990, 0.616161616162, 1.06584068, 1.00000000, 1.00000000, 1.00000000
0.898989898990, 0.626262626263, 1.05406938, 1.00000000, 1.00000000, 1.00000000
0.898989898990, 0.636363636364, 1.04208247, 1.00000000, 1.00000000, 1.00000000
0.898989898990, 0.646464646465, 1.02992838, 1.00000000, 1.00000000, 1.00000000
0.898989898990, 0.656565656566, 1.01765614, 1.00000000, 1.00000000, 1.00000000
0.898989898990, 0.666666666667, 1.00531527, 1.00000000, 1.00000000, 1.00000000
0.898989898990, 0.676767676768, 0.99295553, 1.00000000, 1.00000000, 1.00000000
0.898989898990, 0.686868686869, 0.98062674, 1.00000000, 1.00000000, 1.00000000
0.898989898990, 0.696969696970, 0.96837853, 1.00000000, 1.00000000, 1.00000000
0.898989898990, 0.707070707071, 0.95626021, 1.00000000, 1.00000000, 1.00000000
0.898989898990, 0.717171717172, 0.94432052, 1.00000000, 1.00000000, 1.00000000
0.898989898990, 0.727272727273, 0.93260745, 1.00000000, 1.00000000, 1.00000000
0.898989898990, 0.737373737374, 0.92116803, 1.00000000, 1.00000000, 1.00000000
0.898989898990, 0.747474747475, 0.91004817, 1.00000000, 1.00000000, 1.00000000
0.898989898990, 0.757575757576, 0.89929246, 1.00000000, 1.00000000, 1.00000000
0.898989898990, 0.767676767677, 0.88894399, 1.00000000, 1.00000000, 1.00000000
0.898989898990, 0.777777777778, 0.87904420, 1.00000000, 1.00000000, 1.00000000
0.898989898990, 0.787878787879, 0.86963268, 1.00000000, 1.00000000, 1.00000000
0.898989898990, 0.797979797980, 0.86074705, 1.00000000, 1.00000000, 1.00000000
0.898989898990, 0.808080808081, 0.85242280, 1.00000000, 1.00000000, 1.00000000
0.898989898990, 0.818181818182, 0.84469315, 1.00000000, 1.00000000, 1.00000000
0.898989898990, 0.828282828283, 0.83758892, 1.00000000, 1.00000000, 1.00000000
0.898989898990, 0.838383838384, 0.83113844, 1.00000000, 1.00000000, 1.00000000
0.898989898990, 0.848484848485, 0.82536739, 1.00000000, 1.00000000, 1.00000000
0.898989898990, 0.858585858586, 0.82029878, 1.00000000, 1.00000000, 1.00000000
0.898989898990, 0.868686868687, 0.81595279, 1.00000000, 1.00000000, 1.00000000
0.898989898990, 0.878787878788, 0.81234673, 1.00000000, 1.00000000, 1.00000000
0.898989898990, 0.888888888889, 0.80949500, 1.00000000, 1.00000000, 1.00000000
0.898989898990, 0.898989898990, 0.80740900, 1.00000000, 1.00000000, 1.00000000
0.898989898990, 0.909090909091, 0.80609711, 1.00000000, 1.00000000, 1.00000000
0.898989898990, 0.919191919192, 0.80556465, 1.00000000, 1.00000000, 1.00000000
0.898989898990, 0.929292929293, 0.80581363, 1.00000000, 1.00000000, 1.00000000
0.898989898990, 0.939393939394, 0.80684251, 1.00000000, 1.00000000, 1.00000000
0.898989898990, 0.949494949495, 0.80864548, 1.00000000, 1.00000000, 1.00000000
0.898989898990, 0.959595959596, 0.81121043, 1.00000000, 1.00000000, 1.00000000
0.909090909091, -0.000000000000, 0.84076206, 1.00000000, 1.00000000, 1.00000000
0.909090909091, 0.010101010101, 0.84733019, 1.00000000, 1.00000000, 1.00000000
0.909090909091, 0.020202020202, 0.85418929, 1.00000000, 1.00000000, 1.00000000
0.909090909091, 0.030303030303, 0.86139995, 1.00000000, 1.00000000, 1.00000000
0.909090909091, 0.040404040404, 0.86908774, 1.00000000, 1.00000000, 1.00000000
0.909090909091, 0.050505050505, 0.87738697, 1.00000000, 1.00000000, 1.00000000
0.909090909091, 0.060606060606, 0.88638038, 1.00000000, 1.00000000, 1.00000000
0.909090909091, 0.070707070707, 0.89606970, 1.00000000, 1.00000000, 1.00000000
0.909090909091, 0.080808080808, 0.90638699, 1.00000000, 1.00000000, 1.00000000
0.909090909091, 0.090909090909, 0.91722960, 1.00000000, 1.00000000, 1.00000000
0.909090909091, 0.101010101010, 0.92849337, 1.00000000, 1.00000000, 1.00000000
0.909090909091, 0.111111111111, 0.94008968, 1.00000000, 1.00000000, 1.00000000
0.909090909091, 0.121212121212, 0.95194736, 1.00000000, 1.00000000, 1.00000000
0.909090909091, 0.131313131313, 0.96400737, 1.00000000, 1.00000000, 1.00000000
0.909090909091, 0.141414141414, 0.97621679, 1.00000000, 1.00000000, 1.00000000
0.909090909091, 0.151515151515, 0.98852503, 1.00000000, 1.00000000, 1.00000000
0.909090909091, 0.161616161616, 1.00088213, 1.00000000, 1.00000000, 1.00000000
0.909090909091, 0.171717171717, 1.01323817, 1.00000000, 1.00000000, 1.00000000
0.909090909091, 0.181818181818, 1.02554330, 1.00000000, 1.00000000, 1.00000000
0.909090909091, 0.191919191919, 1.03774786, 1.00000000, 1.00000000, 1.00000000
0.909090909091, 0.202020202020, 1.04980257, 1.00000000, 1.00000000, 1.00000000
0.909090909091, 0.212121212121, 1.06165874, 1.00000000, 1.00000000, 1.00000000
0.909090909091, 0.222222222222, 1.07326846, 1.00000000, 1.00000000, 1.00000000
0.909090909091, 0.232323232323, 1.08458480, 1.00000000, 1.00000000, 1.00000000
0.909090909091, 0.242424242424, 1.09556202, 1.00000000, 1.00000000, 1.00000000
0.909090909091, 0.252525252525, 1.10615569, 1.00000000, 1.00000000, 1.00000000
0.909090909091, 0.262626262626, 1.11632298, 1.00000000, 1.00000000, 1.00000000
0.909090909091, 0.272727272727, 1.12602274, 1.00000000, 1.00000000, 1.00000000
0.909090909091, 0.282828282828, 1.13521571, 1.00000000, 1.00000000, 1.00000000
0.909090909091, 0.292929292929, 1.14386467, 1.00000000, 1.00000000, 1.00000000
0.909090909091, 0.303030303030, 1.15193460, 1.00000000, 1.00000000, 1.00000000
0.909090909091, 0.313131313131, 1.15939284, 1.00000000, 1.00000000, 1.00000000
0.909090909091, 0.323232323232, 1.16620916, 1.00000000, 1.00000000, 1.00000000
0.909090909091, 0.333333333333, 1.17235598, 1.00000000, 1.00000000, 1.00000000
0.909090909091, 0.343434343434, 1.17780837, 1.00000000, 1.00000000, 1.00000000
0.909090909091, 0.353535353535, 1.18254427, 1.00000000, 1.00000000, 1.00000000
0.909090909091, 0.363636363636, 1.18654446, 1.00000000, 1.00000000, 1.00000000
0.909090909091, 0.373737373737, 1.18979272, 1.00000000, 1.00000000, 1.00000000
0.909090909091, 0.383838383838, 1.19227589, 1.00000000, 1.00000000, 1.00000000
0.909090909091, 0.393939393939, 1.19398386, 1.00000000, 1.00000000, 1.00000000
0.909090909091, 0.404040404040, 1.19490966, 1.00000000, 1.00000000, 1.00000000
0.909090909091, 0.414141414141, 1.19504950, 1.00000000, 1.00000000, 1.00000000
0.909090909091, 0.424242424242, 1.19440289, 1.00000000, 1.00000000, 1.00000000
0.909090909091, 0.434343434343, 1.19297249, 1.00000000, 1.00000000, 1.00000000
0.909090909091, 0.444444444444, 1.19076417, 1.00000000, 1.00000000, 1.00000000
0.909090909091, 0.454545454545, 1.18778692, 1.00000000, 1.00000000, 1.00000000
0.909090909091, 0.464646464646, 1.18405283, 1.00000000, 1.00000000, 1.00000000
0.909090909091, 0.474747474747, 1.17957705, 1.00000000, 1.00000000, 1.00000000
0.909090909091, 0.484848484848, 1.17437773, 1.00000000, 1.00000000, 1.00000000
0.909090909091, 0.494949494949, 1.16847596, 1.00000000, 1.00000000, 1.00000000
0.909090909091, 0.505050505051, 1.16189566, 1.00000000, 1.00000000, 1.00000000
0.909090909091, 0.515151515152, 1.15466350, 1.00000000, 1.00000000, 1.00000000
0.909090909091, 0.525252525253, 1.14680877, 1.00000000, 1.00000000, 1.00000000
0.909090909091, 0.535353535354, 1.13836330, 1.00000000, 1.00000000, 1.00000000
0.909090909091, 0.545454545455, 1.12936128, 1.00000000, 1.00000000, 1.00000000
0.909090909091, 0.555555555556, 1.11983918, 1.00000000, 1.00000000, 1.00000000
0.909090909091, 0.565656565657, 1.10983552, 1.00000000, 1.00000000, 1.00000000
0.909090909091, 0.575757575758, 1.09939081, 1.00000000, 1.00000000, 1.00000000
0.909090909091, 0.585858585859, 1.08854729, 1.00000000, 1.00000000, 1.00000000
0.909090909091, 0.595959595960, 1.07734882, 1.00000000, 1.00000000, 1.00000000
0.909090909091, 0.606060606061, 1.06584068, 1.00000000, 1.00000000, 1.00000000
0.909090909091, 0.616161616162, 1.05406938, 1.00000000, 1.00000000, 1.00000000
0.909090909091, 0.626262626263, 1.04208248, 1.00000000, 1.00000000, 1.00000000
0.909090909091, 0.636363636364, 1.02992838, 1.00000000, 1.00000000, 1.00000000
0.909090909091, 0.646464646465, 1.01765614, 1.00000000, 1.00000000, 1.00000000
0.909090909091, 0.656565656566, 1.00531527, 1.00000000, 1.00000000, 1.00000000
0.909090909091, 0.666666666667, 0.99295554, 1.00000000, 1.00000000, 1.00000000
0.909090909091, 0.676767676768, 0.98062674, 1.00000000, 1.00000000, 1.00000000
0.909090909091, 0.686868686869, 0.96837854, 1.00000000, 1.00000000, 1.00000000
0.909090909091, 0.696969696970, 0.95626022, 1.00000000, 1.00000000, 1.00000000
0.909090909091, 0.707070707071, 0.94432053, 1.00000000, 1.00000000, 1.00000000
0.909090909091, 0.717171717172, 0.93260745, 1.00000000, 1.00000000, 1.00000000
0.909090909091, 0.727272727273, 0.92116803, 1.00000000, 1.00000000, 1.00000000
0.909090909091, 0.737373737374, 0.91004817, 1.00000000, 1.00000000, 1.00000000
0.909090909091, 0.747474747475, 0.89929246, 1.00000000, 1.00000000, 1.00000000
0.909090909091, 0.757575757576, 0.88894400, 1.00000000, 1.00000000, 1.00000000
0.909090909091, 0.767676767677, 0.87904420, 1.00000000, 1.00000000, 1.00000000
0.909090909091, 0.777777777778, 0.86963268, 1.00000000, 1.00000000, 1.00000000
0.909090909091, 0.787878787879, 0.86074705, 1.00000000, 1.00000000, 1.00000000
0.909090909091, 0.797979797980, 0.85242280, 1.00000000, 1.00000000, 1.00000000
0.909090909091, 0.808080808081, 0.84469314, 1.00000000, 1.00000000, 1.00000000
0.909090909091, 0.818181818182, 0.83758892, 1.00000000, 1.00000000, 1.00000000
0.909090909091, 0.828282828283, 0.83113843, 1.00000000, 1.00000000, 1.00000000
0.909090909091, 0.838383838384, 0.82536739, 1.00000000, 1.00000000, 1.00000000
0.909090909091, 0.848484848485, 0.82029878, 1.00000000, 1.00000000, 1.00000000
0.909090909091, 0.858585858586, 0.81595278, 1.00000000, 1.00000000, 1.00000000
0.909090909091, 0.868686868687, 0.81234672, 1.00000000, 1.00000000, 1.00000000
0.909090909091, 0.878787878788, 0.80949499, 1.00000000, 1.00000000, 1.00000000
0.909090909091, 0.888888888889, 0.80740899, 1.00000000, 1.00000000, 1.00000000
0.909090909091, 0.898989898990, 0.80609711, 1.00000000, 1.00000000, 1.00000000
0.909090909091, 0.909090909091, 0.80556468, 1.00000000, 1.00000000, 1.00000000
0.909090909091, 0.919191919192, 0.80581381, 1.00000000, 1.00000000, 1.00000000
0.909090909091, 0.929292929293, 0.80684332, 1.00000000, 1.00000000, 1.00000000
0.909090909091, 0.939393939394, 0.80864854, 1.00000000, 1.00000000, 1.00000000
0.909090909091, 0.949494949495, 0.81122053, 1.00000000, 1.00000000, 1.00000000
0.909090909091, 0.959595959596, 0.81454388, 1.00000000, 1.00000000, 1.00000000
0.919191919192, -0.000000000000, 0.84820557, 1.00000000, 1.00000000, 1.00000000
0.919191919192, 0.010101010101, 0.85533310, 1.00000000, 1.00000000, 1.00000000
0.919191919192, 0.020202020202, 0.86270625, 1.00000000, 1.00000000, 1.00000000
0.919191919192, 0.030303030303, 0.87039150, 1.00000000, 1.00000000, 1.00000000
0.919191919192, 0.040404040404, 0.87852393, 1.00000000, 1.00000000, 1.00000000
0.919191919192, 0.050505050505, 0.88724650, 1.00000000, 1.00000000, 1.00000000
0.919191919192, 0.060606060606, 0.89664577, 1.00000000, 1.00000000, 1.00000000
0.919191919192, 0.070707070707, 0.90672123, 1.00000000, 1.00000000, 1.00000000
0.919191919192, 0.080808080808, 0.91739856, 1.00000000, 1.00000000, 1.00000000
0.919191919192, 0.090909090909, 0.92856763, 1.00000000, 1.00000000, 1.00000000
0.919191919192, 0.101010101010, 0.94011797, 1.00000000, 1.00000000, 1.00000000
0.919191919192, 0.111111111111, 0.95195667, 1.00000000, 1.00000000, 1.00000000
0.919191919192, 0.121212121212, 0.96401000, 1.00000000, 1.00000000, 1.00000000
0.919191919192, 0.131313131313, 0.97621741, 1.00000000, 1.00000000, 1.00000000
0.919191919192, 0.141414141414, 0.98852515, 1.00000000, 1.00000000, 1.00000000
0.919191919192, 0.151515151515, 1.00088213, 1.00000000, 1.00000000, 1.00000000
0.919191919192, 0.161616161616, 1.01323816, 1.00000000, 1.00000000, 1.00000000
0.919191919192, 0.171717171717, 1.02554328, 1.00000000, 1.00000000, 1.00000000
0.919191919192, 0.181818181818, 1.03774784, 1.00000000, 1.00000000, 1.00000000
0.919191919192, 0.191919191919, 1.04980256, 1.00000000, 1.00000000, 1.00000000
0.919191919192, 0.202020202020, 1.06165873, 1.00000000, 1.00000000, 1.00000000
0.919191919192, 0.212121212121, 1.07326845, 1.00000000, 1.00000000, 1.00000000
0.919191919192, 0.222222222222, 1.08458480, 1.00000000, 1.00000000, 1.00000000
0.919191919192, 0.232323232323, 1.09556201, 1.00000000, 1.00000000, 1.00000000
0.919191919192, 0.242424242424, 1.10615569, 1.00000000, 1.00000000, 1.00000000
0.919191919192, 0.252525252525, 1.11632298, 1.00000000, 1.00000000, 1.00000000
0.919191919192, 0.262626262626, 1.12602274, 1.00000000, 1.00000000, 1.00000000
0.919191919192, 0.272727272727, 1.13521571, 1.00000000, 1.00000000, 1.00000000
0.919191919192, 0.282828282828, 1.14386467, 1.00000000, 1.00000000, 1.00000000
0.919191919192, 0.292929292929, 1.15193460, 1.00000000, 1.00000000, 1.00000000
0.919191919192, 0.303030303030, 1.15939284, 1.00000000, 1.00000000, 1.00000000
0.919191919192, 0.313131313131, 1.16620917, 1.00000000, 1.00000000, 1.00000000
0.919191919192, 0.323232323232, 1.17235598, 1.00000000, 1.00000000, 1.00000000
0.919191919192, 0.333333333333, 1.17780838, 1.00000000, 1.00000000, 1.00000000
0.919191919192, 0.343434343434, 1.18254427, 1.00000000, 1.00000000, 1.00000000
0.919191919192, 0.353535353535, 1.18654446, 1.00000000, 1.00000000, 1.00000000
0.919191919192, 0.363636363636, 1.18979273, 1.00000000, 1.00000000, 1.00000000
0.919191919192, 0.373737373737, 1.19227590, 1.00000000, 1.00000000, 1.00000000
0.919191919192, 0.383838383838, 1.19398387, 1.00000000, 1.00000000, 1.00000000
0.919191919192, 0.393939393939, 1.19490967, 1.00000000, 1.00000000, 1.00000000
0.919191919192, 0.404040404040, 1.19504952, 1.00000000, 1.00000000, 1.00000000
0.919191919192, 0.414141414141, 1.19440290, 1.00000000, 1.00000000, 1.00000000
0.919191919192, 0.424242424242, 1.19297251, 1.00000000, 1.00000000, 1.00000000
0.919191919192, 0.434343434343, 1.19076419, 1.00000000, 1.00000000, 1.00000000
0.919191919192, 0.444444444444, 1.18778694, 1.00000000, 1.00000000, 1.00000000
0.919191919192, 0.454545454545, 1.18405284, 1.00000000, 1.00000000, 1.00000000
0.919191919192, 0.464646464646, 1.17957707, 1.00000000, 1.00000000, 1.00000000
0.919191919192, 0.474747474747, 1.17437775, 1.00000000, 1.00000000, 1.00000000
0.919191919192, 0.484848484848, 1.16847598, 1.00000000, 1.00000000, 1.00000000
0.919191919192, 0.494949494949, 1.16189569, 1.00000000, 1.00000000, 1.00000000
0.919191919192, 0.505050505051, 1.15466352, 1.00000000, 1.00000000, 1.00000000
0.919191919192, 0.515151515152, 1.14680879, 1.00000000, 1.00000000, 1.00000000
0.919191919192, 0.525252525253, 1.13836332, 1.00000000, 1.00000000, 1.00000000
0.919191919192, 0.535353535354, 1.12936131, 1.00000000, 1.00000000, 1.00000000
0.919191919192, 0.545454545455, 1.11983920, 1.00000000, 1.00000000, 1.00000000
0.919191919192, 0.555555555556, 1.10983555, 1.00000000, 1.00000000, 1.00000000
0.919191919192, 0.565656565657, 1.09939083, 1.00000000, 1.00000000, 1.00000000
0.919191919192, 0.575757575758, 1.08854732, 1.00000000, 1.00000000, 1.00000000
0.919191919192, 0.585858585859, 1.07734885, 1.00000000, 1.00000000, 1.00000000
0.919191919192, 0.595959595960, 1.06584071, 1.00000000, 1.00000000, 1.00000000
0.919191919192, 0.606060606061, 1.05406941, 1.00000000, 1.00000000, 1.00000000
0.919191919192, 0.616161616162, 1.04208251, 1.00000000, 1.00000000, 1.00000000
0.919191919192, 0.626262626263, 1.02992841, 1.00000000, 1.00000000, 1.00000000
0.919191919192, 0.636363636364, 1.01765617, 1.00000000, 1.00000000, 1.00000000
0.919191919192, 0.646464646465, 1.00531530, 1.00000000, 1.00000000, 1.00000000
0.919191919192, 0.656565656566, 0.99295556, 1.00000000, 1.00000000, 1.00000000
0.919191919192, 0.666666666667, 0.98062677, 1.00000000, 1.00000000, 1.00000000
0.919191919192, 0.676767676768, 0.96837856, 1.00000000, 1.00000000, 1.00000000
0.919191919192, 0.686868686869, 0.95626024, 1.00000000, 1.00000000, 1.00000000
0.919191919192, 0.696969696970, 0.94432055, 1.00000000, 1.00000000, 1.00000000
0.919191919192, 0.707070707071, 0.93260747, 1.00000000, 1.00000000, 1.00000000
0.919191919192, 0.717171717172, 0.92116805, 1.00000000, 1.00000000, 1.00000000
0.919191919192, 0.727272727273, 0.91004818, 1.00000000, 1.00000000, 1.00000000
0.919191919192, 0.737373737374, 0.89929247, 1.00000000, 1.00000000, 1.00000000
0.919191919192, 0.747474747475, 0.88894400, 1.00000000, 1.00000000, 1.00000000
0.919191919192, 0.757575757576, 0.87904421, 1.00000000, 1.00000000, 1.00000000
0.919191919192, 0.767676767677, 0.86963268, 1.00000000, 1.00000000, 1.00000000
0.919191919192, 0.777777777778, 0.86074705, 1.00000000, 1.00000000, 1.00000000
0.919191919192, 0.787878787879, 0.85242279, 1.00000000, 1.00000000, 1.00000000
0.919191919192, 0.797979797980, 0.84469314, 1.00000000, 1.00000000, 1.00000000
0.919191919192, 0.808080808081, 0.83758890, 1.00000000, 1.00000000, 1.00000000
0.919191919192, 0.818181818182, 0.83113842, 1.00000000, 1.00000000, 1.00000000
0.919191919192, 0.828282828283, 0.82536737, 1.00000000, 1.00000000, 1.00000000
0.919191919192, 0.838383838384, 0.82029875, 1.00000000, 1.00000000, 1.00000000
0.919191919192, 0.848484848485, 0.81595275, 1.00000000, 1.00000000, 1.00000000
0.919191919192, 0.858585858586, 0.81234669, 1.00000000, 1.00000000, 1.00000000
0.919191919192, 0.868686868687, 0.80949496, 1.00000000, 1.00000000, 1.00000000
0.919191919192, 0.878787878788, 0.80740896, 1.00000000, 1.00000000, 1.00000000
0.919191919192, 0.888888888889, 0.80609708, 1.00000000, 1.00000000, 1.00000000
0.919191919192, 0.898989898990, 0.80556465, 1.00000000, 1.00000000, 1.00000000
0.919191919192, 0.909090909091, 0.80581381, 1.00000000, 1.00000000, 1.00000000
0.919191919192, 0.919191919192, 0.80684347, 1.00000000, 1.00000000, 1.00000000
0.919191919192, 0.929292929293, 0.80864935, 1.00000000, 1.00000000, 1.00000000
0.919191919192, 0.939393939394, 0.81122372, 1.00000000, 1.00000000, 1.00000000
0.919191919192, 0.949494949495, 0.81455451, 1.00000000, 1.00000000, 1.00000000
0.919191919192, 0.959595959596, 0.81862308, 1.00000000, 1.00000000, 1.00000000
0.929292929293, -0.000000000000, 0.85626121, 1.00000000, 1.00000000, 1.00000000
0.929292929293, 0.010101010101, 0.86391963, 1.00000000, 1.00000000, 1.00000000
0.929292929293, 0.020202020202, 0.87177715, 1.00000000, 1.00000000, 1.00000000
0.929292929293, 0.030303030303, 0.87990593, 1.00000000, 1.00000000, 1.00000000
0.929292929293, 0.040404040404, 0.88845016, 1.00000000, 1.00000000, 1.00000000
0.929292929293, 0.050505050505, 0.89756102, 1.00000000, 1.00000000, 1.00000000
0.929292929293, 0.060606060606, 0.90732854, 1.00000000, 1.00000000, 1.00000000
0.929292929293, 0.070707070707, 0.91774990, 1.00000000, 1.00000000, 1.00000000
0.929292929293, 0.080808080808, 0.92874460, 1.00000000, 1.00000000, 1.00000000
0.929292929293, 0.090909090909, 0.94019541, 1.00000000, 1.00000000, 1.00000000
0.929292929293, 0.101010101010, 0.95198600, 1.00000000, 1.00000000, 1.00000000
0.929292929293, 0.111111111111, 0.96401954, 1.00000000, 1.00000000, 1.00000000
0.929292929293, 0.121212121212, 0.97622002, 1.00000000, 1.00000000, 1.00000000
0.929292929293, 0.131313131313, 0.98852570, 1.00000000, 1.00000000, 1.00000000
0.929292929293, 0.141414141414, 1.00088217, 1.00000000, 1.00000000, 1.00000000
0.929292929293, 0.151515151515, 1.01323809, 1.00000000, 1.00000000, 1.00000000
0.929292929293, 0.161616161616, 1.02554320, 1.00000000, 1.00000000, 1.00000000
0.929292929293, 0.171717171717, 1.03774777, 1.00000000, 1.00000000, 1.00000000
0.929292929293, 0.181818181818, 1.04980249, 1.00000000, 1.00000000, 1.00000000
0.929292929293, 0.191919191919, 1.06165867, 1.00000000, 1.00000000, 1.00000000
0.929292929293, 0.202020202020, 1.07326840, 1.00000000, 1.00000000, 1.00000000
0.929292929293, 0.212121212121, 1.08458475, 1.00000000, 1.00000000, 1.00000000
0.929292929293, 0.222222222222, 1.09556197, 1.00000000, 1.00000000, 1.00000000
0.929292929293, 0.232323232323, 1.10615566, 1.00000000, 1.00000000, 1.00000000
0.929292929293, 0.242424242424, 1.11632296, 1.00000000, 1.00000000, 1.00000000
0.929292929293, 0.252525252525, 1.12602273, 1.00000000, 1.00000000, 1.00000000
0.929292929293, 0.262626262626, 1.13521570, 1.00000000, 1.00000000, 1.00000000
0.929292929293, 0.272727272727, 1.14386467, 1.00000000, 1.00000000, 1.00000000
0.929292929293, 0.282828282828, 1.15193461, 1.00000000, 1.00000000, 1.00000000
0.929292929293, 0.292929292929, 1.15939285, 1.00000000, 1.00000000, 1.00000000
0.929292929293, 0.303030303030, 1.16620919, 1.00000000, 1.00000000, 1.00000000
0.929292929293, 0.313131313131, 1.17235601, 1.00000000, 1.00000000, 1.00000000
0.929292929293, 0.323232323232, 1.17780841, 1.00000000, 1.00000000, 1.00000000
0.929292929293, 0.333333333333, 1.18254431, 1.00000000, 1.00000000, 1.00000000
0.929292929293, 0.343434343434, 1.18654450, 1.00000000, 1.00000000, 1.00000000
0.929292929293, 0.353535353535, 1.18979278, 1.00000000, 1.00000000, 1.00000000
0.929292929293, 0.363636363636, 1.19227595, 1.00000000, 1.00000000, 1.00000000
0.929292929293, 0.373737373737, 1.19398393, 1.00000000, 1.00000000, 1.00000000
0.929292929293, 0.383838383838, 1.19490974, 1.00000000, 1.00000000, 1.00000000
0.929292929293, 0.393939393939, 1.19504959, 1.00000000, 1.00000000, 1.00000000
0.929292929293, 0.404040404040, 1.19440297, 1.00000000, 1.00000000, 1.00000000
0.929292929293, 0.414141414141, 1.19297259, 1.00000000, 1.00000000, 1.00000000
0.929292929293, 0.424242424242, 1.19076427, 1.00000000, 1.00000000, 1.00000000
0.929292929293, 0.434343434343, 1.18778703, 1.00000000, 1.00000000, 1.00000000
0.929292929293, 0.444444444444, 1.18405294, 1.00000000, 1.00000000, 1.00000000
0.929292929293, 0.454545454545, 1.17957717, 1.00000000, 1.00000000, 1.00000000
0.929292929293, 0.464646464646, 1.17437786, 1.00000000, 1.00000000, 1.00000000
0.929292929293, 0.474747474747, 1.16847610, 1.00000000, 1.00000000, 1.00000000
0.929292929293, 0.484848484848, 1.16189580, 1.00000000, 1.00000000, 1.00000000
0.929292929293, 0.494949494949, 1.15466364, 1.00000000, 1.00000000, 1.00000000
0.929292929293, 0.505050505051, 1.14680892, 1.00000000, 1.00000000, 1.00000000
0.929292929293, 0.515151515152, 1.13836345, 1.00000000, 1.00000000, 1.00000000
0.929292929293, 0.525252525253, 1.12936144, 1.00000000, 1.00000000, 1.00000000
0.929292929293, 0.535353535354, 1.11983934, 1.00000000, 1.00000000, 1.00000000
0.929292929293, 0.545454545455, 1.10983569, 1.00000000, 1.00000000, 1.00000000
0.929292929293, 0.555555555556, 1.09939098, 1.00000000, 1.00000000, 1.00000000
0.929292929293, 0.565656565657, 1.08854746, 1.00000000, 1.00000000, 1.00000000
0.929292929293, 0.575757575758, 1.07734900, 1.00000000, 1.00000000, 1.00000000
0.929292929293, 0.585858585859, 1.06584086, 1.00000000, 1.00000000, 1.00000000
0.929292929293, 0.595959595960, 1.05406956, 1.00000000, 1.00000000, 1.00000000
0.929292929293, 0.606060606061, 1.04208266, 1.00000000, 1.00000000, 1.00000000
0.929292929293, 0.616161616162, 1.02992856, 1.00000000, 1.00000000, 1.00000000
0.929292929293, 0.626262626263, 1.01765632, 1.00000000, 1.00000000, 1.00000000
0.929292929293, 0.636363636364, 1.00531545, 1.00000000, 1.00000000, 1.00000000
0.929292929293, 0.646464646465, 0.99295571, 1.00000000, 1.00000000, 1.00000000
0.929292929293, 0.656565656566, 0.98062691, 1.00000000, 1.00000000, 1.00000000
0.929292929293, 0.666666666667, 0.96837869, 1.00000000, 1.00000000, 1.00000000
0.929292929293, 0.676767676768, 0.95626037, 1.00000000, 1.00000000, 1.00000000
0.929292929293, 0.686868686869, 0.94432067, 1.00000000, 1.00000000, 1.00000000
0.929292929293, 0.696969696970, 0.93260758, 1.00000000, 1.00000000, 1.00000000
0.929292929293, 0.707070707071, 0.92116815, 1.00000000, 1.00000000, 1.00000000
0.929292929293, 0.717171717172, 0.91004827, 1.00000000, 1.00000000, 1.00000000
0.929292929293, 0.727272727273, 0.89929255, 1.00000000, 1.00000000, 1.00000000
0.929292929293, 0.737373737374, 0.88894406, 1.00000000, 1.00000000, 1.00000000
0.929292929293, 0.747474747475, 0.87904425, 1.00000000, 1.00000000, 1.00000000
0.929292929293, 0.757575757576, 0.86963271, 1.00000000, 1.00000000, 1.00000000
0.929292929293, 0.767676767677, 0.86074706, 1.00000000, 1.00000000, 1.00000000
0.929292929293, 0.777777777778, 0.85242279, 1.00000000, 1.00000000, 1.00000000
0.929292929293, 0.787878787879, 0.84469311, 1.00000000, 1.00000000, 1.00000000
0.929292929293, 0.797979797980, 0.83758886, 1.00000000, 1.00000000, 1.00000000
0.929292929293, 0.808080808081, 0.83113836, 1.00000000, 1.00000000, 1.00000000
0.929292929293, 0.818181818182, 0.82536729, 1.00000000, 1.00000000, 1.00000000
0.929292929293, 0.828282828283, 0.82029866, 1.00000000, 1.00000000, 1.00000000
0.929292929293, 0.838383838384, 0.81595264, 1.00000000, 1.00000000, 1.00000000
0.929292929293, 0.848484848485, 0.81234657, 1.00000000, 1.00000000, 1.00000000
0.929292929293, 0.858585858586, 0.80949482, 1.00000000, 1.00000000, 1.00000000
0.929292929293, 0.868686868687, 0.80740880, 1.00000000, 1.00000000, 1.00000000
0.929292929293, 0.878787878788, 0.80609691, 1.00000000, 1.00000000, 1.00000000
0.929292929293, 0.888888888889, 0.80556447, 1.00000000, 1.00000000, 1.00000000
0.929292929293, 0.898989898990, 0.80581363, 1.00000000, 1.00000000, 1.00000000
0.929292929293, 0.909090909091, 0.80684332, 1.00000000, 1.00000000, 1.00000000
0.929292929293, 0.919191919192, 0.80864935, 1.00000000, 1.00000000, 1.00000000
0.929292929293, 0.929292929293, 0.81122440, 1.00000000, 1.00000000, 1.00000000
0.929292929293, 0.939393939394, 0.81455766, 1.00000000, 1.00000000, 1.00000000
0.929292929293, 0.949494949495, 0.81863403, 1.00000000, 1.00000000, 1.00000000
0.929292929293, 0.959595959596, 0.82343166, 1.00000000, 1.00000000, 1.00000000
0.939393939394, -0.000000000000, 0.86489627, 1.00000000, 1.00000000, 1.00000000
0.939393939394, 0.010101010101, 0.87305493, 1.00000000, 1.00000000, 1.00000000
0.939393939394, 0.020202020202, 0.88136518, 1.00000000, 1.00000000, 1.00000000
0.939393939394, 0.030303030303, 0.88990464, 1.00000000, 1.00000000, 1.00000000
0.939393939394, 0.040404040404, 0.89882620, 1.00000000, 1.00000000, 1.00000000
0.939393939394, 0.050505050505, 0.90828874, 1.00000000, 1.00000000, 1.00000000
0.939393939394, 0.060606060606, 0.91838540, 1.00000000, 1.00000000, 1.00000000
0.939393939394, 0.070707070707, 0.92911103, 1.00000000, 1.00000000, 1.00000000
0.939393939394, 0.080808080808, 0.94037914, 1.00000000, 1.00000000, 1.00000000
0.939393939394, 0.090909090909, 0.95206584, 1.00000000, 1.00000000, 1.00000000
0.939393939394, 0.101010101010, 0.96404936, 1.00000000, 1.00000000, 1.00000000
0.939393939394, 0.111111111111, 0.97622937, 1.00000000, 1.00000000, 1.00000000
0.939393939394, 0.121212121212, 0.98852793, 1.00000000, 1.00000000, 1.00000000
0.939393939394, 0.131313131313, 1.00088231, 1.00000000, 1.00000000, 1.00000000
0.939393939394, 0.141414141414, 1.01323774, 1.00000000, 1.00000000, 1.00000000
0.939393939394, 0.151515151515, 1.02554278, 1.00000000, 1.00000000, 1.00000000
0.939393939394, 0.161616161616, 1.03774736, 1.00000000, 1.00000000, 1.00000000
0.939393939394, 0.171717171717, 1.04980212, 1.00000000, 1.00000000, 1.00000000
0.939393939394, 0.181818181818, 1.06165834, 1.00000000, 1.00000000, 1.00000000
0.939393939394, 0.191919191919, 1.07326810, 1.00000000, 1.00000000, 1.00000000
0.939393939394, 0.202020202020, 1.08458450, 1.00000000, 1.00000000, 1.00000000
0.939393939394, 0.212121212121, 1.09556175, 1.00000000, 1.00000000, 1.00000000
0.939393939394, 0.222222222222, 1.10615548, 1.00000000, 1.00000000, 1.00000000
0.939393939394, 0.232323232323, 1.11632281, 1.00000000, 1.00000000, 1.00000000
0.939393939394, 0.242424242424, 1.12602261, 1.00000000, 1.00000000, 1.00000000
0.939393939394, 0.252525252525, 1.13521562, 1.00000000, 1.00000000, 1.00000000
0.939393939394, 0.262626262626, 1.14386462, 1.00000000, 1.00000000, 1.00000000
0.939393939394, 0.272727272727, 1.15193460, 1.00000000, 1.00000000, 1.00000000
0.939393939394, 0.282828282828, 1.15939287, 1.00000000, 1.00000000, 1.00000000
0.939393939394, 0.292929292929, 1.16620924, 1.00000000, 1.00000000, 1.00000000
0.939393939394, 0.303030303030, 1.17235609, 1.00000000, 1.00000000, 1.00000000
0.939393939394, 0.313131313131, 1.17780852, 1.00000000, 1.00000000, 1.00000000
0.939393939394, 0.323232323232, 1.18254445, 1.00000000, 1.00000000, 1.00000000
0.939393939394, 0.333333333333, 1.18654468, 1.00000000, 1.00000000, 1.00000000
0.939393939394, 0.343434343434, 1.18979298, 1.00000000, 1.00000000, 1.00000000
0.939393939394, 0.353535353535, 1.19227619, 1.00000000, 1.00000000, 1.00000000
0.939393939394, 0.363636363636, 1.19398419, 1.00000000, 1.00000000, 1.00000000
0.939393939394, 0.373737373737, 1.19491003, 1.00000000, 1.00000000, 1.00000000
0.939393939394, 0.383838383838, 1.19504991, 1.00000000, 1.00000000, 1.00000000
0.939393939394, 0.393939393939, 1.19440332, 1.00000000, 1.00000000, 1.00000000
0.939393939394, 0.404040404040, 1.19297296, 1.00000000, 1.00000000, 1.00000000
0.939393939394, 0.414141414141, 1.19076468, 1.00000000, 1.00000000, 1.00000000
0.939393939394, 0.424242424242, 1.18778746, 1.00000000, 1.00000000, 1.00000000
0.939393939394, 0.434343434343, 1.18405340, 1.00000000, 1.00000000, 1.00000000
0.939393939394, 0.444444444444, 1.17957765, 1.00000000, 1.00000000, 1.00000000
0.939393939394, 0.454545454545, 1.17437837, 1.00000000, 1.00000000, 1.00000000
0.939393939394, 0.464646464646, 1.16847663, 1.00000000, 1.00000000, 1.00000000
0.939393939394, 0.474747474747, 1.16189636, 1.00000000, 1.00000000, 1.00000000
0.939393939394, 0.484848484848, 1.15466423, 1.00000000, 1.00000000, 1.00000000
0.939393939394, 0.494949494949, 1.14680953, 1.00000000, 1.00000000, 1.00000000
0.939393939394, 0.505050505051, 1.13836408, 1.00000000, 1.00000000, 1.00000000
0.939393939394, 0.515151515152, 1.12936209, 1.00000000, 1.00000000, 1.00000000
0.939393939394, 0.525252525253, 1.11984001, 1.00000000, 1.00000000, 1.00000000
0.939393939394, 0.535353535354, 1.10983637, 1.00000000, 1.00000000, 1.00000000
0.939393939394, 0.545454545455, 1.09939168, 1.00000000, 1.00000000, 1.00000000
0.939393939394, 0.555555555556, 1.08854817, 1.00000000, 1.00000000, 1.00000000
0.939393939394, 0.565656565657, 1.07734972, 1.00000000, 1.00000000, 1.00000000
0.939393939394, 0.575757575758, 1.06584159, 1.00000000, 1.00000000, 1.00000000
0.939393939394, 0.585858585859, 1.05407029, 1.00000000, 1.00000000, 1.00000000
0.939393939394, 0.595959595960, 1.04208339, 1.00000000, 1.00000000, 1.00000000
0.939393939394, 0.606060606061, 1.02992929, 1.00000000, 1.00000000, 1.00000000
0.939393939394, 0.616161616162, 1.01765704, 1.00000000, 1.00000000, 1.00000000
0.939393939394, 0.626262626263, 1.00531616, 1.00000000, 1.00000000, 1.00000000
0.939393939394, 0.636363636364, 0.99295640, 1.00000000, 1.00000000, 1.00000000
0.939393939394, 0.646464646465, 0.98062758, 1.00000000, 1.00000000, 1.00000000
0.939393939394, 0.656565656566, 0.96837935, 1.00000000, 1.00000000, 1.00000000
0.939393939394, 0.666666666667, 0.95626099, 1.00000000, 1.00000000, 1.00000000
0.939393939394, 0.676767676768, 0.94432125, 1.00000000, 1.00000000, 1.00000000
0.939393939394, 0.686868686869, 0.93260813, 1.00000000, 1.00000000, 1.00000000
0.939393939394, 0.696969696970, 0.92116865, 1.00000000, 1.00000000, 1.00000000
0.939393939394, 0.707070707071, 0.91004872, 1.00000000, 1.00000000, 1.00000000
0.939393939394, 0.717171717172, 0.89929294, 1.00000000, 1.00000000, 1.00000000
0.939393939394, 0.727272727273, 0.88894440, 1.00000000, 1.00000000, 1.00000000
0.939393939394, 0.737373737374, 0.87904453, 1.00000000, 1.00000000, 1.00000000
0.939393939394, 0.747474747475, 0.86963292, 1.00000000, 1.00000000, 1.00000000
0.939393939394, 0.757575757576, 0.86074720, 1.00000000, 1.00000000, 1.00000000
0.939393939394, 0.767676767677, 0.85242286, 1.00000000, 1.00000000, 1.00000000
0.939393939394, 0.777777777778, 0.84469311, 1.00000000, 1.00000000, 1.00000000
0.939393939394, 0.787878787879, 0.83758878, 1.00000000, 1.00000000, 1.00000000
0.939393939394, 0.797979797980, 0.83113820, 1.00000000, 1.00000000, 1.00000000
0.939393939394, 0.808080808081, 0.82536705, 1.00000000, 1.00000000, 1.00000000
0.939393939394, 0.818181818182, 0.82029834, 1.00000000, 1.00000000, 1.00000000
0.939393939394, 0.828282828283, 0.81595225, 1.00000000, 1.00000000, 1.00000000
0.939393939394, 0.838383838384, 0.81234611, 1.00000000, 1.00000000, 1.00000000
0.939393939394, 0.848484848485, 0.80949429, 1.00000000, 1.00000000, 1.00000000
0.939393939394, 0.858585858586, 0.80740821, 1.00000000, 1.00000000, 1.00000000
0.939393939394, 0.868686868687, 0.80609625, 1.00000000, 1.00000000, 1.00000000
0.939393939394, 0.878787878788, 0.80556375, 1.00000000, 1.00000000, 1.00000000
0.939393939394, 0.888888888889, 0.80581286, 1.00000000, 1.00000000, 1.00000000
0.939393939394, 0.898989898990, 0.80684251, 1.00000000, 1.00000000, 1.00000000
0.939393939394, 0.909090909091, 0.80864854, 1.00000000, 1.00000000, 1.00000000
0.939393939394, 0.919191919192, 0.81122372, 1.00000000, 1.00000000, 1.00000000
0.939393939394, 0.929292929293, 0.81455766, 1.00000000, 1.00000000, 1.00000000
0.939393939394, 0.939393939394, 0.81863657, 1.00000000, 1.00000000, 1.00000000
0.939393939394, 0.949494949495, 0.82344230, 1.00000000, 1.00000000, 1.00000000
0.939393939394, 0.959595959596, 0.82894994, 1.00000000, 1.00000000, 1.00000000
0.949494949495, -0.000000000000, 0.87407422, 1.00000000, 1.00000000, 1.00000000
0.949494949495, 0.010101010101, 0.88270047, 1.00000000, 1.00000000, 1.00000000
0.949494949495, 0.020202020202, 0.89143000, 1.00000000, 1.00000000, 1.00000000
0.949494949495, 0.030303030303, 0.90034569, 1.00000000, 1.00000000, 1.00000000
0.949494949495, 0.040404040404, 0.90960862, 1.00000000, 1.00000000, 1.00000000
0.949494949495, 0.050505050505, 0.91938485, 1.00000000, 1.00000000, 1.00000000
0.949494949495, 0.060606060606, 0.92977028, 1.00000000, 1.00000000, 1.00000000
0.949494949495, 0.070707070707, 0.94075732, 1.00000000, 1.00000000, 1.00000000
0.949494949495, 0.080808080808, 0.95225381, 1.00000000, 1.00000000, 1.00000000
0.949494949495, 0.090909090909, 0.96412960, 1.00000000, 1.00000000, 1.00000000
0.949494949495, 0.101010101010, 0.97625801, 1.00000000, 1.00000000, 1.00000000
0.949494949495, 0.111111111111, 0.98853559, 1.00000000, 1.00000000, 1.00000000
0.949494949495, 0.121212121212, 1.00088278, 1.00000000, 1.00000000, 1.00000000
0.949494949495, 0.131313131313, 1.01323619, 1.00000000, 1.00000000, 1.00000000
0.949494949495, 0.141414141414, 1.02554084, 1.00000000, 1.00000000, 1.00000000
0.949494949495, 0.151515151515, 1.03774547, 1.00000000, 1.00000000, 1.00000000
0.949494949495, 0.161616161616, 1.04980036, 1.00000000, 1.00000000, 1.00000000
0.949494949495, 0.171717171717, 1.06165673, 1.00000000, 1.00000000, 1.00000000
0.949494949495, 0.181818181818, 1.07326666, 1.00000000, 1.00000000, 1.00000000
0.949494949495, 0.191919191919, 1.08458321, 1.00000000, 1.00000000, 1.00000000
0.949494949495, 0.202020202020, 1.09556062, 1.00000000, 1.00000000, 1.00000000
0.949494949495, 0.212121212121, 1.10615450, 1.00000000, 1.00000000, 1.00000000
0.949494949495, 0.222222222222, 1.11632199, 1.00000000, 1.00000000, 1.00000000
0.949494949495, 0.232323232323, 1.12602194, 1.00000000, 1.00000000, 1.00000000
0.949494949495, 0.242424242424, 1.13521510, 1.00000000, 1.00000000, 1.00000000
0.949494949495, 0.252525252525, 1.14386425, 1.00000000, 1.00000000, 1.00000000
0.949494949495, 0.262626262626, 1.15193437, 1.00000000, 1.00000000, 1.00000000
0.949494949495, 0.272727272727, 1.15939279, 1.00000000, 1.00000000, 1.00000000
0.949494949495, 0.282828282828, 1.16620931, 1.00000000, 1.00000000, 1.00000000
0.949494949495, 0.292929292929, 1.17235630, 1.00000000, 1.00000000, 1.00000000
0.949494949495, 0.303030303030, 1.17780888, 1.00000000, 1.00000000, 1.00000000
0.949494949495, 0.313131313131, 1.18254494, 1.00000000, 1.00000000, 1.00000000
0.949494949495, 0.323232323232, 1.18654531, 1.00000000, 1.00000000, 1.00000000
0.949494949495, 0.333333333333, 1.18979375, 1.00000000, 1.00000000, 1.00000000
0.949494949495, 0.343434343434, 1.19227709, 1.00000000, 1.00000000, 1.00000000
0.949494949495, 0.353535353535, 1.19398522, 1.00000000, 1.00000000, 1.00000000
0.949494949495, 0.363636363636, 1.19491119, 1.00000000, 1.00000000, 1.00000000
0.949494949495, 0.373737373737, 1.19505120, 1.00000000, 1.00000000, 1.00000000
0.949494949495, 0.383838383838, 1.19440474, 1.00000000, 1.00000000, 1.00000000
0.949494949495, 0.393939393939, 1.19297451, 1.00000000, 1.00000000, 1.00000000
0.949494949495, 0.404040404040, 1.19076634, 1.00000000, 1.00000000, 1.00000000
0.949494949495, 0.414141414141, 1.18778924, 1.00000000, 1.00000000, 1.00000000
0.949494949495, 0.424242424242, 1.18405530, 1.00000000, 1.00000000, 1.00000000
0.949494949495, 0.434343434343, 1.17957967, 1.00000000, 1.00000000, 1.00000000
0.949494949495, 0.444444444444, 1.17438049, 1.00000000, 1.00000000, 1.00000000
0.949494949495, 0.454545454545, 1.16847887, 1.00000000, 1.00000000, 1.00000000
0.949494949495, 0.464646464646, 1.16189870, 1.00000000, 1.00000000, 1.00000000
0.949494949495, 0.474747474747, 1.15466666, 1.00000000, 1.00000000, 1.00000000
0.949494949495, 0.484848484848, 1.14681205, 1.00000000, 1.00000000, 1.00000000
0.949494949495, 0.494949494949, 1.13836669, 1.00000000, 1.00000000, 1.00000000
0.949494949495, 0.505050505051, 1.12936479, 1.00000000, 1.00000000, 1.00000000
0.949494949495, 0.515151515152, 1.11984278, 1.00000000, 1.00000000, 1.00000000
0.949494949495, 0.525252525253, 1.10983921, 1.00000000, 1.00000000, 1.00000000
0.949494949495, 0.535353535354, 1.09939457, 1.00000000, 1.00000000, 1.00000000
0.949494949495, 0.545454545455, 1.08855112, 1.00000000, 1.00000000, 1.00000000
0.949494949495, 0.555555555556, 1.07735270, 1.00000000, 1.00000000, 1.00000000
0.949494949495, 0.565656565657, 1.06584460, 1.00000000, 1.00000000, 1.00000000
0.949494949495, 0.575757575758, 1.05407332, 1.00000000, 1.00000000, 1.00000000
0.949494949495, 0.585858585859, 1.04208642, 1.00000000, 1.00000000, 1.00000000
0.949494949495, 0.595959595960, 1.02993231, 1.00000000, 1.00000000, 1.00000000
0.949494949495, 0.606060606061, 1.01766003, 1.00000000, 1.00000000, 1.00000000
0.949494949495, 0.616161616162, 1.00531911, 1.00000000, 1.00000000, 1.00000000
0.949494949495, 0.626262626263, 0.99295930, 1.00000000, 1.00000000, 1.00000000
0.949494949495, 0.636363636364, 0.98063040, 1.00000000, 1.00000000, 1.00000000
0.949494949495, 0.646464646465, 0.96838207, 1.00000000, 1.00000000, 1.00000000
0.949494949495, 0.656565656566, 0.95626361, 1.00000000, 1.00000000, 1.00000000
0.949494949495, 0.666666666667, 0.94432375, 1.00000000, 1.00000000, 1.00000000
0.949494949495, 0.676767676768, 0.93261047, 1.00000000, 1.00000000, 1.00000000
0.949494949495, 0.686868686869, 0.92117083, 1.00000000, 1.00000000, 1.00000000
0.949494949495, 0.696969696970, 0.91005072, 1.00000000, 1.00000000, 1.00000000
0.949494949495, 0.707070707071, 0.89929474, 1.00000000, 1.00000000, 1.00000000
0.949494949495, 0.717171717172, 0.88894598, 1.00000000, 1.00000000, 1.00000000
0.949494949495, 0.727272727273, 0.87904588, 1.00000000, 1.00000000, 1.00000000
0.949494949495, 0.737373737374, 0.86963402, 1.00000000, 1.00000000, 1.00000000
0.949494949495, 0.747474747475, 0.86074804, 1.00000000, 1.00000000, 1.00000000
0.949494949495, 0.757575757576, 0.85242343, 1.00000000, 1.00000000, 1.00000000
0.949494949495, 0.767676767677, 0.84469340, 1.00000000, 1.00000000, 1.00000000
0.949494949495, 0.777777777778, 0.83758879, 1.00000000, 1.00000000, 1.00000000
0.949494949495, 0.787878787879, 0.83113791, 1.00000000, 1.00000000, 1.00000000
0.949494949495, 0.797979797980, 0.82536648, 1.00000000, 1.00000000, 1.00000000
0.949494949495, 0.808080808081, 0.82029748, 1.00000000, 1.00000000, 1.00000000
0.949494949495, 0.818181818182, 0.81595110, 1.00000000, 1.00000000, 1.00000000
0.949494949495, 0.828282828283, 0.81234467, 1.00000000, 1.00000000, 1.00000000
0.949494949495, 0.838383838384, 0.80949258, 1.00000000, 1.00000000, 1.00000000
0.949494949495, 0.848484848485, 0.80740623, 1.00000000, 1.00000000, 1.00000000
0.949494949495, 0.858585858586, 0.80609402, 1.00000000, 1.00000000, 1.00000000
0.949494949495, 0.868686868687, 0.80556129, 1.00000000, 1.00000000, 1.00000000
0.949494949495, 0.878787878788, 0.80581018, 1.00000000, 1.00000000, 1.00000000
0.949494949495, 0.888888888889, 0.80683962, 1.00000000, 1.00000000, 1.00000000
0.949494949495, 0.898989898990, 0.80864548, 1.00000000, 1.00000000, 1.00000000
0.949494949495, 0.909090909091, 0.81122053, 1.00000000, 1.00000000, 1.00000000
0.949494949495, 0.919191919192, 0.81455451, 1.00000000, 1.00000000, 1.00000000
0.949494949495, 0.929292929293, 0.81863403, 1.00000000, 1.00000000, 1.00000000
0.949494949495, 0.939393939394, 0.82344230, 1.00000000, 1.00000000, 1.00000000
0.949494949495, 0.949494949495, 0.82895824, 1.00000000, 1.00000000, 1.00000000
0.949494949495, 0.959595959596, 0.83515397, 1.00000000, 1.00000000, 1.00000000
0.959595959596, -0.000000000000, 0.88375211, 1.00000000, 1.00000000, 1.00000000
0.959595959596, 0.010101010101, 0.89281144, 1.00000000, 1.00000000, 1.00000000
0.959595959596, 0.020202020202, 0.90192519, 1.00000000, 1.00000000, 1.00000000
0.959595959596, 0.030303030303, 0.91118123, 1.00000000, 1.00000000, 1.00000000
0.959595959596, 0.040404040404, 0.92074830, 1.00000000, 1.00000000, 1.00000000
0.959595959596, 0.050505050505, 0.93079908, 1.00000000, 1.00000000, 1.00000000
0.959595959596, 0.060606060606, 0.94143184, 1.00000000, 1.00000000, 1.00000000
0.959595959596, 0.070707070707, 0.95263653, 1.00000000, 1.00000000, 1.00000000
0.959595959596, 0.080808080808, 0.96431558, 1.00000000, 1.00000000, 1.00000000
0.959595959596, 0.090909090909, 0.97633307, 1.00000000, 1.00000000, 1.00000000
0.959595959596, 0.101010101010, 0.98855790, 1.00000000, 1.00000000, 1.00000000
0.959595959596, 0.111111111111, 1.00088394, 1.00000000, 1.00000000, 1.00000000
0.959595959596, 0.121212121212, 1.01323035, 1.00000000, 1.00000000, 1.00000000
0.959595959596, 0.131313131313, 1.02553332, 1.00000000, 1.00000000, 1.00000000
0.959595959596, 0.141414141414, 1.03773792, 1.00000000, 1.00000000, 1.00000000
0.959595959596, 0.151515151515, 1.04979324, 1.00000000, 1.00000000, 1.00000000
0.959595959596, 0.161616161616, 1.06165014, 1.00000000, 1.00000000, 1.00000000
0.959595959596, 0.171717171717, 1.07326063, 1.00000000, 1.00000000, 1.00000000
0.959595959596, 0.181818181818, 1.08457774, 1.00000000, 1.00000000, 1.00000000
0.959595959596, 0.191919191919, 1.09555572, 1.00000000, 1.00000000, 1.00000000
0.959595959596, 0.202020202020, 1.10615017, 1.00000000, 1.00000000, 1.00000000
0.959595959596, 0.212121212121, 1.11631823, 1.00000000, 1.00000000, 1.00000000
0.959595959596, 0.222222222222, 1.12601876, 1.00000000, 1.00000000, 1.00000000
0.959595959596, 0.232323232323, 1.13521249, 1.00000000, 1.00000000, 1.00000000
0.959595959596, 0.242424242424, 1.14386221, 1.00000000, 1.00000000, 1.00000000
0.959595959596, 0.252525252525, 1.15193290, 1.00000000, 1.00000000, 1.00000000
0.959595959596, 0.262626262626, 1.15939188, 1.00000000, 1.00000000, 1.00000000
0.959595959596, 0.272727272727, 1.16620895, 1.00000000, 1.00000000, 1.00000000
0.959595959596, 0.282828282828, 1.17235650, 1.00000000, 1.00000000, 1.00000000
0.959595959596, 0.292929292929, 1.17780963, 1.00000000, 1.00000000, 1.00000000
0.959595959596, 0.303030303030, 1.18254624, 1.00000000, 1.00000000, 1.00000000
0.959595959596, 0.313131313131, 1.18654714, 1.00000000, 1.00000000, 1.00000000
0.959595959596, 0.323232323232, 1.18979611, 1.00000000, 1.00000000, 1.00000000
0.959595959596, 0.333333333333, 1.19227997, 1.00000000, 1.00000000, 1.00000000
0.959595959596, 0.343434343434, 1.19398863, 1.00000000, 1.00000000, 1.00000000
0.959595959596, 0.353535353535, 1.19491511, 1.00000000, 1.00000000, 1.00000000
0.959595959596, 0.363636363636, 1.19505562, 1.00000000, 1.00000000, 1.00000000
0.959595959596, 0.373737373737, 1.19440965, 1.00000000, 1.00000000, 1.00000000
0.959595959596, 0.383838383838, 1.19297990, 1.00000000, 1.00000000, 1.00000000
0.959595959596, 0.393939393939, 1.19077221, 1.00000000, 1.00000000, 1.00000000
0.959595959596, 0.404040404040, 1.18779557, 1.00000000, 1.00000000, 1.00000000
0.959595959596, 0.414141414141, 1.18406208, 1.00000000, 1.00000000, 1.00000000
0.959595959596, 0.424242424242, 1.17958688, 1.00000000, 1.00000000, 1.00000000
0.959595959596, 0.434343434343, 1.17438813, 1.00000000, 1.00000000, 1.00000000
0.959595959596, 0.444444444444, 1.16848690, 1.00000000, 1.00000000, 1.00000000
0.959595959596, 0.454545454545, 1.16190712, 1.00000000, 1.00000000, 1.00000000
0.959595959596, 0.464646464646, 1.15467545, 1.00000000, 1.00000000, 1.00000000
0.959595959596, 0.474747474747, 1.14682119, 1.00000000, 1.00000000, 1.00000000
0.959595959596, 0.484848484848, 1.13837615, 1.00000000, 1.00000000, 1.00000000
0.959595959596, 0.494949494949, 1.12937454, 1.00000000, 1.00000000, 1.00000000
0.959595959596, 0.505050505051, 1.11985279, 1.00000000, 1.00000000, 1.00000000
0.959595959596, 0.515151515152, 1.10984947, 1.00000000, 1.00000000, 1.00000000
0.959595959596, 0.525252525253, 1.09940504, 1.00000000, 1.00000000, 1.00000000
0.959595959596, 0.535353535354, 1.08856175, 1.00000000, 1.00000000, 1.00000000
0.959595959596, 0.545454545455, 1.07736347, 1.00000000, 1.00000000, 1.00000000
0.959595959596, 0.555555555556, 1.06585547, 1.00000000, 1.00000000, 1.00000000
0.959595959596, 0.565656565657, 1.05408424, 1.00000000, 1.00000000, 1.00000000
0.959595959596, 0.575757575758, 1.04209736, 1.00000000, 1.00000000, 1.00000000
0.959595959596, 0.585858585859, 1.02994320, 1.00000000, 1.00000000, 1.00000000
0.959595959596, 0.595959595960, 1.01767085, 1.00000000, 1.00000000, 1.00000000
0.959595959596, 0.606060606061, 1.00532979, 1.00000000, 1.00000000, 1.00000000
0.959595959596, 0.616161616162, 0.99296978, 1.00000000, 1.00000000, 1.00000000
0.959595959596, 0.626262626263, 0.98064064, 1.00000000, 1.00000000, 1.00000000
0.959595959596, 0.636363636364, 0.96839201, 1.00000000, 1.00000000, 1.00000000
0.959595959596, 0.646464646465, 0.95627318, 1.00000000, 1.00000000, 1.00000000
0.959595959596, 0.656565656566, 0.94433290, 1.00000000, 1.00000000, 1.00000000
0.959595959596, 0.666666666667, 0.93261914, 1.00000000, 1.00000000, 1.00000000
0.959595959596, 0.676767676768, 0.92117896, 1.00000000, 1.00000000, 1.00000000
0.959595959596, 0.686868686869, 0.91005826, 1.00000000, 1.00000000, 1.00000000
0.959595959596, 0.696969696970, 0.89930163, 1.00000000, 1.00000000, 1.00000000
0.959595959596, 0.707070707071, 0.88895217, 1.00000000, 1.00000000, 1.00000000
0.959595959596, 0.717171717172, 0.87905131, 1.00000000, 1.00000000, 1.00000000
0.959595959596, 0.727272727273, 0.86963866, 1.00000000, 1.00000000, 1.00000000
0.959595959596, 0.737373737374, 0.86075184, 1.00000000, 1.00000000, 1.00000000
0.959595959596, 0.747474747475, 0.85242635, 1.00000000, 1.00000000, 1.00000000
0.959595959596, 0.757575757576, 0.84469541, 1.00000000, 1.00000000, 1.00000000
0.959595959596, 0.767676767677, 0.83758987, 1.00000000, 1.00000000, 1.00000000
0.959595959596, 0.777777777778, 0.83113804, 1.00000000, 1.00000000, 1.00000000
0.959595959596, 0.787878787879, 0.82536565, 1.00000000, 1.00000000, 1.00000000
0.959595959596, 0.797979797980, 0.82029568, 1.00000000, 1.00000000, 1.00000000
0.959595959596, 0.808080808081, 0.81594834, 1.00000000, 1.00000000, 1.00000000
0.959595959596, 0.818181818182, 0.81234096, 1.00000000, 1.00000000, 1.00000000
0.959595959596, 0.828282828283, 0.80948793, 1.00000000, 1.00000000, 1.00000000
0.959595959596, 0.838383838384, 0.80740068, 1.00000000, 1.00000000, 1.00000000
0.959595959596, 0.848484848485, 0.80608759, 1.00000000, 1.00000000, 1.00000000
0.959595959596, 0.858585858586, 0.80555402, 1.00000000, 1.00000000, 1.00000000
0.959595959596, 0.868686868687, 0.80580212, 1.00000000, 1.00000000, 1.00000000
0.959595959596, 0.878787878788, 0.80683082, 1.00000000, 1.00000000, 1.00000000
0.959595959596, 0.888888888889, 0.80863599, 1.00000000, 1.00000000, 1.00000000
0.959595959596, 0.898989898990, 0.81121043, 1.00000000, 1.00000000, 1.00000000
0.959595959596, 0.909090909091, 0.81454388, 1.00000000, 1.00000000, 1.00000000
0.959595959596, 0.919191919192, 0.81862308, 1.00000000, 1.00000000, 1.00000000
0.959595959596, 0.929292929293, 0.82343166, 1.00000000, 1.00000000, 1.00000000
0.959595959596, 0.939393939394, 0.82894994, 1.00000000, 1.00000000, 1.00000000
0.959595959596, 0.949494949495, 0.83515397, 1.00000000, 1.00000000, 1.00000000
0.959595959596, 0.959595959596, 0.84201300, 1.00000000, 1.00000000, 1.00000000
