# Time: 0.0411
# x, y, density, x-velocity, y-velocity, pressure
-0.000000000000, -0.000000000000, 0.92376493, 1.00000000, 1.00000000, 1.00000000
-0.000000000000, 0.010101010101, 0.93429787, 1.00000000, 1.00000000, 1.00000000
-0.000000000000, 0.020202020202, 0.94473706, 1.00000000, 1.00000000, 1.00000000
-0.000000000000, 0.030303030303, 0.95511208, 1.00000000, 1.00000000, 1.00000000
-0.000000000000, 0.040404040404, 0.96553734, 1.00000000, 1.00000000, 1.00000000
-0.000000000000, 0.050505050505, 0.97616677, 1.00000000, 1.00000000, 1.00000000
-0.000000000000, 0.060606060606, 0.98712758, 1.00000000, 1.00000000, 1.00000000
-0.000000000000, 0.070707070707, 0.99846870, 1.00000000, 1.00000000, 1.00000000
-0.000000000000, 0.080808080808, 1.01014846, 1.00000000, 1.00000000, 1.00000000
-0.000000000000, 0.090909090909, 1.02205965, 1.00000000, 1.00000000, 1.00000000
-0.000000000000, 0.101010101010, 1.03406982, 1.00000000, 1.00000000, 1.00000000
-0.000000000000, 0.111111111111, 1.04605412, 1.00000000, 1.00000000, 1.00000000
-0.000000000000, 0.121212121212, 1.05791047, 1.00000000, 1.00000000, 1.00000000
-0.000000000000, 0.131313131313, 1.06955992, 1.00000000, 1.00000000, 1.00000000
-0.000000000000, 0.141414141414, 1.08094024, 1.00000000, 1.00000000, 1.00000000
-0.000000000000, 0.151515151515, 1.09199908, 1.00000000, 1.00000000, 1.00000000
-0.000000000000, 0.161616161616, 1.10268943, 1.00000000, 1.00000000, 1.00000000
-0.000000000000, 0.171717171717, 1.11296732, 1.00000000, 1.00000000, 1.00000000
-0.000000000000, 0.181818181818, 1.12279096, 1.00000000, 1.00000000, 1.00000000
-0.000000000000, 0.191919191919, 1.13212052, 1.00000000, 1.00000000, 1.00000000
-0.000000000000, 0.202020202020, 1.14091822, 1.00000000, 1.00000000, 1.00000000
-0.000000000000, 0.212121212121, 1.14914844, 1.00000000, 1.00000000, 1.00000000
-0.000000000000, 0.222222222222, 1.15677785, 1.00000000, 1.00000000, 1.00000000
-0.000000000000, 0.232323232323, 1.16377557, 1.00000000, 1.00000000, 1.00000000
-0.000000000000, 0.242424242424, 1.17011326, 1.00000000, 1.00000000, 1.00000000
-0.000000000000, 0.252525252525, 1.17576526, 1.00000000, 1.00000000, 1.00000000
-0.000000000000, 0.262626262626, 1.18070872, 1.00000000, 1.00000000, 1.00000000
-0.000000000000, 0.272727272727, 1.18492361, 1.00000000, 1.00000000, 1.00000000
-0.000000000000, 0.282828282828, 1.18839290, 1.00000000, 1.00000000, 1.00000000
-0.000000000000, 0.292929292929, 1.19110253, 1.00000000, 1.00000000, 1.00000000
-0.000000000000, 0.303030303030, 1.19304156, 1.00000000, 1.00000000, 1.00000000
-0.000000000000, 0.313131313131, 1.19420212, 1.00000000, 1.00000000, 1.00000000
-0.000000000000, 0.323232323232, 1.19457952, 1.00000000, 1.00000000, 1.00000000
-0.000000000000, 0.333333333333, 1.19417230, 1.00000000, 1.00000000, 1.00000000
-0.000000000000, 0.343434343434, 1.19298223, 1.00000000, 1.00000000, 1.00000000
-0.000000000000, 0.353535353535, 1.19101425, 1.00000000, 1.00000000, 1.00000000
-0.000000000000, 0.363636363636, 1.18827644, 1.00000000, 1.00000000, 1.00000000
-0.000000000000, 0.373737373737, 1.18477997, 1.00000000, 1.00000000, 1.00000000
-0.000000000000, 0.383838383838, 1.18053909, 1.00000000, 1.00000000, 1.00000000
-0.000000000000, 0.393939393939, 1.17557104, 1.00000000, 1.00000000, 1.00000000
-0.000000000000, 0.404040404040, 1.16989603, 1.00000000, 1.00000000, 1.00000000
-0.000000000000, 0.414141414141, 1.16353708, 1.00000000, 1.00000000, 1.00000000
-0.000000000000, 0.424242424242, 1.15652002, 1.00000000, 1.00000000, 1.00000000
-0.000000000000, 0.434343434343, 1.14887330, 1.00000000, 1.00000000, 1.00000000
-0.000000000000, 0.444444444444, 1.14062793, 1.00000000, 1.00000000, 1.00000000
-0.000000000000, 0.454545454545, 1.13181734, 1.00000000, 1.00000000, 1.00000000
-0.000000000000, 0.464646464646, 1.12247721, 1.00000000, 1.00000000, 1.00000000
-0.000000000000, 0.474747474747, 1.11264536, 1.00000000, 1.00000000, 1.00000000
-0.000000000000, 0.484848484848, 1.10236160, 1.00000000, 1.00000000, 1.00000000
-0.000000000000, 0.494949494949, 1.09166753, 1.00000000, 1.00000000, 1.00000000
-0.000000000000, 0.505050505051, 1.08060640, 1.00000000, 1.00000000, 1.00000000
-0.000000000000, 0.515151515152, 1.06922293, 1.00000000, 1.00000000, 1.00000000
-0.000000000000, 0.525252525253, 1.05756309, 1.00000000, 1.00000000, 1.00000000
-0.000000000000, 0.535353535354, 1.04567398, 1.00000000, 1.00000000, 1.00000000
-0.000000000000, 0.545454545455, 1.03360358, 1.00000000, 1.00000000, 1.00000000
-0.000000000000, 0.555555555556, 1.02140058, 1.00000000, 1.00000000, 1.00000000
-0.000000000000, 0.565656565657, 1.00911416, 1.00000000, 1.00000000, 1.00000000
-0.000000000000, 0.575757575758, 0.99679383, 1.00000000, 1.00000000, 1.00000000
-0.000000000000, 0.585858585859, 0.98448918, 1.00000000, 1.00000000, 1.00000000
-0.000000000000, 0.595959595960, 0.97224972, 1.00000000, 1.00000000, 1.00000000
-0.000000000000, 0.606060606061, 0.96012466, 1.00000000, 1.00000000, 1.00000000
-0.000000000000, 0.616161616162, 0.94816271, 1.00000000, 1.00000000, 1.00000000
-0.000000000000, 0.626262626263, 0.93641190, 1.00000000, 1.00000000, 1.00000000
-0.000000000000, 0.636363636364, 0.92491935, 1.00000000, 1.00000000, 1.00000000
-0.000000000000, 0.646464646465, 0.91373113, 1.00000000, 1.00000000, 1.00000000
-0.000000000000, 0.656565656566, 0.90289207, 1.00000000, 1.00000000, 1.00000000
-0.000000000000, 0.666666666667, 0.89244553, 1.00000000, 1.00000000, 1.00000000
-0.000000000000, 0.676767676768, 0.88243330, 1.00000000, 1.00000000, 1.00000000
-0.000000000000, 0.686868686869, 0.87289539, 1.00000000, 1.00000000, 1.00000000
-0.000000000000, 0.696969696970, 0.86386989, 1.00000000, 1.00000000, 1.00000000
-0.000000000000, 0.707070707071, 0.85539283, 1.00000000, 1.00000000, 1.00000000
-0.000000000000, 0.717171717172, 0.84749803, 1.00000000, 1.00000000, 1.00000000
-0.000000000000, 0.727272727273, 0.84021696, 1.00000000, 1.00000000, 1.00000000
-0.000000000000, 0.737373737374, 0.83357865, 1.00000000, 1.00000000, 1.00000000
-0.000000000000, 0.747474747475, 0.82760956, 1.00000000, 1.00000000, 1.00000000
-0.000000000000, 0.757575757576, 0.82233348, 1.00000000, 1.00000000, 1.00000000
-0.000000000000, 0.767676767677, 0.81777148, 1.00000000, 1.00000000, 1.00000000
-0.000000000000, 0.777777777778, 0.81394175, 1.00000000, 1.00000000, 1.00000000
-0.000000000000, 0.787878787879, 0.81085962, 1.00000000, 1.00000000, 1.00000000
-0.000000000000, 0.797979797980, 0.80853747, 1.00000000, 1.00000000, 1.00000000
-0.000000000000, 0.808080808081, 0.80698467, 1.00000000, 1.00000000, 1.00000000
-0.000000000000, 0.818181818182, 0.80620756, 1.00000000, 1.00000000, 1.00000000
-0.000000000000, 0.828282828283, 0.80620941, 1.00000000, 1.00000000, 1.00000000
-0.000000000000, 0.838383838384, 0.80699020, 1.00000000, 1.00000000, 1.00000000
-0.000000000000, 0.848484848485, 0.80854685, 1.00000000, 1.00000000, 1.00000000
-0.000000000000, 0.858585858586, 0.81087322, 1.00000000, 1.00000000, 1.00000000
-0.000000000000, 0.868686868687, 0.81396011, 1.00000000, 1.00000000, 1.00000000
-0.000000000000, 0.878787878788, 0.81779533, 1.00000000, 1.00000000, 1.00000000
-0.000000000000, 0.888888888889, 0.82236370, 1.00000000, 1.00000000, 1.00000000
-0.000000000000, 0.898989898990, 0.82764712, 1.00000000, 1.00000000, 1.00000000
-0.000000000000, 0.909090909091, 0.83362463, 1.00000000, 1.00000000, 1.00000000
-0.000000000000, 0.919191919192, 0.84027243, 1.00000000, 1.00000000, 1.00000000
-0.000000000000, 0.929292929293, 0.84756390, 1.00000000, 1.00000000, 1.00000000
-0.000000000000, 0.939393939394, 0.85546934, 1.00000000, 1.00000000, 1.00000000
-0.000000000000, 0.949494949495, 0.86395511, 1.00000000, 1.00000000, 1.00000000
-0.000000000000, 0.959595959596, 0.87298154, 1.00000000, 1.00000000, 1.00000000
0.010101010101, -0.000000000000, 0.93429787, 1.00000000, 1.00000000, 1.00000000
0.010101010101, 0.010101010101, 0.94507484, 1.00000000, 1.00000000, 1.00000000
0.010101010101, 0.020202020202, 0.95571353, 1.00000000, 1.00000000, 1.00000000
0.010101010101, 0.030303030303, 0.96624509, 1.00000000, 1.00000000, 1.00000000
0.010101010101, 0.040404040404, 0.97678687, 1.00000000, 1.00000000, 1.00000000
0.010101010101, 0.050505050505, 0.98749577, 1.00000000, 1.00000000, 1.00000000
0.010101010101, 0.060606060606, 0.99850052, 1.00000000, 1.00000000, 1.00000000
0.010101010101, 0.070707070707, 1.00984955, 1.00000000, 1.00000000, 1.00000000
0.010101010101, 0.080808080808, 1.02149907, 1.00000000, 1.00000000, 1.00000000
0.010101010101, 0.090909090909, 1.03333926, 1.00000000, 1.00000000, 1.00000000
0.010101010101, 0.101010101010, 1.04523558, 1.00000000, 1.00000000, 1.00000000
0.010101010101, 0.111111111111, 1.05706208, 1.00000000, 1.00000000, 1.00000000
0.010101010101, 0.121212121212, 1.06871651, 1.00000000, 1.00000000, 1.00000000
0.010101010101, 0.131313131313, 1.08012041, 1.00000000, 1.00000000, 1.00000000
0.010101010101, 0.141414141414, 1.09121242, 1.00000000, 1.00000000, 1.00000000
0.010101010101, 0.151515151515, 1.10194135, 1.00000000, 1.00000000, 1.00000000
0.010101010101, 0.161616161616, 1.11226152, 1.00000000, 1.00000000, 1.00000000
0.010101010101, 0.171717171717, 1.12213044, 1.00000000, 1.00000000, 1.00000000
0.010101010101, 0.181818181818, 1.13150798, 1.00000000, 1.00000000, 1.00000000
0.010101010101, 0.191919191919, 1.14035611, 1.00000000, 1.00000000, 1.00000000
0.010101010101, 0.202020202020, 1.14863901, 1.00000000, 1.00000000, 1.00000000
0.010101010101, 0.212121212121, 1.15632314, 1.00000000, 1.00000000, 1.00000000
0.010101010101, 0.222222222222, 1.16337737, 1.00000000, 1.00000000, 1.00000000
0.010101010101, 0.232323232323, 1.16977316, 1.00000000, 1.00000000, 1.00000000
0.010101010101, 0.242424242424, 1.17548461, 1.00000000, 1.00000000, 1.00000000
0.010101010101, 0.252525252525, 1.18048861, 1.00000000, 1.00000000, 1.00000000
0.010101010101, 0.262626262626, 1.18476491, 1.00000000, 1.00000000, 1.00000000
0.010101010101, 0.272727272727, 1.18829622, 1.00000000, 1.00000000, 1.00000000
0.010101010101, 0.282828282828, 1.19106824, 1.00000000, 1.00000000, 1.00000000
0.010101010101, 0.292929292929, 1.19306975, 1.00000000, 1.00000000, 1.00000000
0.010101010101, 0.303030303030, 1.19429267, 1.00000000, 1.00000000, 1.00000000
0.010101010101, 0.313131313131, 1.19473203, 1.00000000, 1.00000000, 1.00000000
0.010101010101, 0.323232323232, 1.19438612, 1.00000000, 1.00000000, 1.00000000
0.010101010101, 0.333333333333, 1.19325648, 1.00000000, 1.00000000, 1.00000000
0.010101010101, 0.343434343434, 1.19134780, 1.00000000, 1.00000000, 1.00000000
0.010101010101, 0.353535353535, 1.18866790, 1.00000000, 1.00000000, 1.00000000
0.010101010101, 0.363636363636, 1.18522775, 1.00000000, 1.00000000, 1.00000000
0.010101010101, 0.373737373737, 1.18104135, 1.00000000, 1.00000000, 1.00000000
0.010101010101, 0.383838383838, 1.17612574, 1.00000000, 1.00000000, 1.00000000
0.010101010101, 0.393939393939, 1.17050090, 1.00000000, 1.00000000, 1.00000000
0.010101010101, 0.404040404040, 1.16418968, 1.00000000, 1.00000000, 1.00000000
0.010101010101, 0.414141414141, 1.15721768, 1.00000000, 1.00000000, 1.00000000
0.010101010101, 0.424242424242, 1.14961320, 1.00000000, 1.00000000, 1.00000000
0.010101010101, 0.434343434343, 1.14140708, 1.00000000, 1.00000000, 1.00000000
0.010101010101, 0.444444444444, 1.13263257, 1.00000000, 1.00000000, 1.00000000
0.010101010101, 0.454545454545, 1.12332522, 1.00000000, 1.00000000, 1.00000000
0.010101010101, 0.464646464646, 1.11352273, 1.00000000, 1.00000000, 1.00000000
0.010101010101, 0.474747474747, 1.10326478, 1.00000000, 1.00000000, 1.00000000
0.010101010101, 0.484848484848, 1.09259288, 1.00000000, 1.00000000, 1.00000000
0.010101010101, 0.494949494949, 1.08155017, 1.00000000, 1.00000000, 1.00000000
0.010101010101, 0.505050505051, 1.07018131, 1.00000000, 1.00000000, 1.00000000
0.010101010101, 0.515151515152, 1.05853223, 1.00000000, 1.00000000, 1.00000000
0.010101010101, 0.525252525253, 1.04664997, 1.00000000, 1.00000000, 1.00000000
0.010101010101, 0.535353535354, 1.03458248, 1.00000000, 1.00000000, 1.00000000
0.010101010101, 0.545454545455, 1.02237845, 1.00000000, 1.00000000, 1.00000000
0.010101010101, 0.555555555556, 1.01008708, 1.00000000, 1.00000000, 1.00000000
0.010101010101, 0.565656565657, 0.99775788, 1.00000000, 1.00000000, 1.00000000
0.010101010101, 0.575757575758, 0.98544049, 1.00000000, 1.00000000, 1.00000000
0.010101010101, 0.585858585859, 0.97318447, 1.00000000, 1.00000000, 1.00000000
0.010101010101, 0.595959595960, 0.96103910, 1.00000000, 1.00000000, 1.00000000
0.010101010101, 0.606060606061, 0.94905318, 1.00000000, 1.00000000, 1.00000000
0.010101010101, 0.616161616162, 0.93727482, 1.00000000, 1.00000000, 1.00000000
0.010101010101, 0.626262626263, 0.92575127, 1.00000000, 1.00000000, 1.00000000
0.010101010101, 0.636363636364, 0.91452873, 1.00000000, 1.00000000, 1.00000000
0.010101010101, 0.646464646465, 0.90365214, 1.00000000, 1.00000000, 1.00000000
0.010101010101, 0.656565656566, 0.89316505, 1.00000000, 1.00000000, 1.00000000
0.010101010101, 0.666666666667, 0.88310938, 1.00000000, 1.00000000, 1.00000000
0.010101010101, 0.676767676768, 0.87352533, 1.00000000, 1.00000000, 1.00000000
0.010101010101, 0.686868686869, 0.86445116, 1.00000000, 1.00000000, 1.00000000
0.010101010101, 0.696969696970, 0.85592310, 1.00000000, 1.00000000, 1.00000000
0.010101010101, 0.707070707071, 0.84797517, 1.00000000, 1.00000000, 1.00000000
0.010101010101, 0.717171717172, 0.84063905, 1.00000000, 1.00000000, 1.00000000
0.010101010101, 0.727272727273, 0.83394399, 1.00000000, 1.00000000, 1.00000000
0.010101010101, 0.737373737374, 0.82791666, 1.00000000, 1.00000000, 1.00000000
0.010101010101, 0.747474747475, 0.82258110, 1.00000000, 1.00000000, 1.00000000
0.010101010101, 0.757575757576, 0.81795858, 1.00000000, 1.00000000, 1.00000000
0.010101010101, 0.767676767677, 0.81406755, 1.00000000, 1.00000000, 1.00000000
0.010101010101, 0.777777777778, 0.81092359, 1.00000000, 1.00000000, 1.00000000
0.010101010101, 0.787878787879, 0.80853929, 1.00000000, 1.00000000, 1.00000000
0.010101010101, 0.797979797980, 0.80692429, 1.00000000, 1.00000000, 1.00000000
0.010101010101, 0.808080808081, 0.80608516, 1.00000000, 1.00000000, 1.00000000
0.010101010101, 0.818181818182, 0.80602543, 1.00000000, 1.00000000, 1.00000000
0.010101010101, 0.828282828283, 0.80674534, 1.00000000, 1.00000000, 1.00000000
0.010101010101, 0.838383838384, 0.80824205, 1.00000000, 1.00000000, 1.00000000
0.010101010101, 0.848484848485, 0.81050965, 1.00000000, 1.00000000, 1.00000000
0.010101010101, 0.858585858586, 0.81353919, 1.00000000, 1.00000000, 1.00000000
0.010101010101, 0.868686868687, 0.81731871, 1.00000000, 1.00000000, 1.00000000
0.010101010101, 0.878787878788, 0.82183324, 1.00000000, 1.00000000, 1.00000000
0.010101010101, 0.888888888889, 0.82706492, 1.00000000, 1.00000000, 1.00000000
0.010101010101, 0.898989898990, 0.83299300, 1.00000000, 1.00000000, 1.00000000
0.010101010101, 0.909090909091, 0.83959393, 1.00000000, 1.00000000, 1.00000000
0.010101010101, 0.919191919192, 0.84684143, 1.00000000, 1.00000000, 1.00000000
0.010101010101, 0.929292929293, 0.85470646, 1.00000000, 1.00000000, 1.00000000
0.010101010101, 0.939393939394, 0.86315700, 1.00000000, 1.00000000, 1.00000000
0.010101010101, 0.949494949495, 0.87215724, 1.00000000, 1.00000000, 1.00000000
0.010101010101, 0.959595959596, 0.88166543, 1.00000000, 1.00000000, 1.00000000
0.020202020202, -0.000000000000, 0.94473706, 1.00000000, 1.00000000, 1.00000000
0.020202020202, 0.010101010101, 0.95571353, 1.00000000, 1.00000000, 1.00000000
0.020202020202, 0.020202020202, 0.96650893, 1.00000000, 1.00000000, 1.00000000
0.020202020202, 0.030303030303, 0.97715591, 1.00000000, 1.00000000, 1.00000000
0.020202020202, 0.040404040404, 0.98777428, 1.00000000, 1.00000000, 1.00000000
0.020202020202, 0.050505050505, 0.99852330, 1.00000000, 1.00000000, 1.00000000
0.020202020202, 0.060606060606, 1.00953278, 1.00000000, 1.00000000, 1.00000000
0.020202020202, 0.070707070707, 1.02085046, 1.00000000, 1.00000000, 1.00000000
0.020202020202, 0.080808080808, 1.03243063, 1.00000000, 1.00000000, 1.00000000
0.020202020202, 0.090909090909, 1.04416133, 1.00000000, 1.00000000, 1.00000000
0.020202020202, 0.101010101010, 1.05590648, 1.00000000, 1.00000000, 1.00000000
0.020202020202, 0.111111111111, 1.06753953, 1.00000000, 1.00000000, 1.00000000
0.020202020202, 0.121212121212, 1.07895841, 1.00000000, 1.00000000, 1.00000000
0.020202020202, 0.131313131313, 1.09008542, 1.00000000, 1.00000000, 1.00000000
0.020202020202, 0.141414141414, 1.10086030, 1.00000000, 1.00000000, 1.00000000
0.020202020202, 0.151515151515, 1.11123312, 1.00000000, 1.00000000, 1.00000000
0.020202020202, 0.161616161616, 1.12115966, 1.00000000, 1.00000000, 1.00000000
0.020202020202, 0.171717171717, 1.13059903, 1.00000000, 1.00000000, 1.00000000
0.020202020202, 0.181818181818, 1.13951282, 1.00000000, 1.00000000, 1.00000000
0.020202020202, 0.191919191919, 1.14786491, 1.00000000, 1.00000000, 1.00000000
0.020202020202, 0.202020202020, 1.15562144, 1.00000000, 1.00000000, 1.00000000
0.020202020202, 0.212121212121, 1.16275102, 1.00000000, 1.00000000, 1.00000000
0.020202020202, 0.222222222222, 1.16922476, 1.00000000, 1.00000000, 1.00000000
0.020202020202, 0.232323232323, 1.17501645, 1.00000000, 1.00000000, 1.00000000
0.020202020202, 0.242424242424, 1.18010264, 1.00000000, 1.00000000, 1.00000000
0.020202020202, 0.252525252525, 1.18446274, 1.00000000, 1.00000000, 1.00000000
0.020202020202, 0.262626262626, 1.18807910, 1.00000000, 1.00000000, 1.00000000
0.020202020202, 0.272727272727, 1.19093706, 1.00000000, 1.00000000, 1.00000000
0.020202020202, 0.282828282828, 1.19302506, 1.00000000, 1.00000000, 1.00000000
0.020202020202, 0.292929292929, 1.19433464, 1.00000000, 1.00000000, 1.00000000
0.020202020202, 0.303030303030, 1.19486046, 1.00000000, 1.00000000, 1.00000000
0.020202020202, 0.313131313131, 1.19460044, 1.00000000, 1.00000000, 1.00000000
0.020202020202, 0.323232323232, 1.19355575, 1.00000000, 1.00000000, 1.00000000
0.020202020202, 0.333333333333, 1.19173074, 1.00000000, 1.00000000, 1.00000000
0.020202020202, 0.343434343434, 1.18913287, 1.00000000, 1.00000000, 1.00000000
0.020202020202, 0.353535353535, 1.18577277, 1.00000000, 1.00000000, 1.00000000
0.020202020202, 0.363636363636, 1.18166411, 1.00000000, 1.00000000, 1.00000000
0.020202020202, 0.373737373737, 1.17682360, 1.00000000, 1.00000000, 1.00000000
0.020202020202, 0.383838383838, 1.17127091, 1.00000000, 1.00000000, 1.00000000
0.020202020202, 0.393939393939, 1.16502859, 1.00000000, 1.00000000, 1.00000000
0.020202020202, 0.404040404040, 1.15812197, 1.00000000, 1.00000000, 1.00000000
0.020202020202, 0.414141414141, 1.15057908, 1.00000000, 1.00000000, 1.00000000
0.020202020202, 0.424242424242, 1.14243049, 1.00000000, 1.00000000, 1.00000000
0.020202020202, 0.434343434343, 1.13370924, 1.00000000, 1.00000000, 1.00000000
0.020202020202, 0.444444444444, 1.12445066, 1.00000000, 1.00000000, 1.00000000
0.020202020202, 0.454545454545, 1.11469227, 1.00000000, 1.00000000, 1.00000000
0.020202020202, 0.464646464646, 1.10447356, 1.00000000, 1.00000000, 1.00000000
0.020202020202, 0.474747474747, 1.09383589, 1.00000000, 1.00000000, 1.00000000
0.020202020202, 0.484848484848, 1.08282230, 1.00000000, 1.00000000, 1.00000000
0.020202020202, 0.494949494949, 1.07147733, 1.00000000, 1.00000000, 1.00000000
0.020202020202, 0.505050505051, 1.05984682, 1.00000000, 1.00000000, 1.00000000
0.020202020202, 0.515151515152, 1.04797775, 1.00000000, 1.00000000, 1.00000000
0.020202020202, 0.525252525253, 1.03591806, 1.00000000, 1.00000000, 1.00000000
0.020202020202, 0.535353535354, 1.02371641, 1.00000000, 1.00000000, 1.00000000
0.020202020202, 0.545454545455, 1.01142200, 1.00000000, 1.00000000, 1.00000000
0.020202020202, 0.555555555556, 0.99908439, 1.00000000, 1.00000000, 1.00000000
0.020202020202, 0.565656565657, 0.98675327, 1.00000000, 1.00000000, 1.00000000
0.020202020202, 0.575757575758, 0.97447828, 1.00000000, 1.00000000, 1.00000000
0.020202020202, 0.585858585859, 0.96230879, 1.00000000, 1.00000000, 1.00000000
0.020202020202, 0.595959595960, 0.95029372, 1.00000000, 1.00000000, 1.00000000
0.020202020202, 0.606060606061, 0.93848133, 1.00000000, 1.00000000, 1.00000000
0.020202020202, 0.616161616162, 0.92691901, 1.00000000, 1.00000000, 1.00000000
0.020202020202, 0.626262626263, 0.91565313, 1.00000000, 1.00000000, 1.00000000
0.020202020202, 0.636363636364, 0.90472883, 1.00000000, 1.00000000, 1.00000000
0.020202020202, 0.646464646465, 0.89418985, 1.00000000, 1.00000000, 1.00000000
0.020202020202, 0.656565656566, 0.88407834, 1.00000000, 1.00000000, 1.00000000
0.020202020202, 0.666666666667, 0.87443472, 1.00000000, 1.00000000, 1.00000000
0.020202020202, 0.676767676768, 0.86529750, 1.00000000, 1.00000000, 1.00000000
0.020202020202, 0.686868686869, 0.85670316, 1.00000000, 1.00000000, 1.00000000
0.020202020202, 0.696969696970, 0.84868597, 1.00000000, 1.00000000, 1.00000000
0.020202020202, 0.707070707071, 0.84127789, 1.00000000, 1.00000000, 1.00000000
0.020202020202, 0.717171717172, 0.83450844, 1.00000000, 1.00000000, 1.00000000
0.020202020202, 0.727272727273, 0.82840458, 1.00000000, 1.00000000, 1.00000000
0.020202020202, 0.737373737374, 0.82299063, 1.00000000, 1.00000000, 1.00000000
0.020202020202, 0.747474747475, 0.81828816, 1.00000000, 1.00000000, 1.00000000
0.020202020202, 0.757575757576, 0.81431592, 1.00000000, 1.00000000, 1.00000000
0.020202020202, 0.767676767677, 0.81108977, 1.00000000, 1.00000000, 1.00000000
0.020202020202, 0.777777777778, 0.80862263, 1.00000000, 1.00000000, 1.00000000
0.020202020202, 0.787878787879, 0.80692444, 1.00000000, 1.00000000, 1.00000000
0.020202020202, 0.797979797980, 0.80600207, 1.00000000, 1.00000000, 1.00000000
0.020202020202, 0.808080808081, 0.80585937, 1.00000000, 1.00000000, 1.00000000
0.020202020202, 0.818181818182, 0.80649691, 1.00000000, 1.00000000, 1.00000000
0.020202020202, 0.828282828283, 0.80791215, 1.00000000, 1.00000000, 1.00000000
0.020202020202, 0.838383838384, 0.81009949, 1.00000000, 1.00000000, 1.00000000
0.020202020202, 0.848484848485, 0.81305027, 1.00000000, 1.00000000, 1.00000000
0.020202020202, 0.858585858586, 0.81675284, 1.00000000, 1.00000000, 1.00000000
0.020202020202, 0.868686868687, 0.82119253, 1.00000000, 1.00000000, 1.00000000
0.020202020202, 0.878787878788, 0.82635177, 1.00000000, 1.00000000, 1.00000000
0.020202020202, 0.888888888889, 0.83221009, 1.00000000, 1.00000000, 1.00000000
0.020202020202, 0.898989898990, 0.83874424, 1.00000000, 1.00000000, 1.00000000
0.020202020202, 0.909090909091, 0.84592823, 1.00000000, 1.00000000, 1.00000000
0.020202020202, 0.919191919192, 0.85373343, 1.00000000, 1.00000000, 1.00000000
0.020202020202, 0.929292929293, 0.86212855, 1.00000000, 1.00000000, 1.00000000
0.020202020202, 0.939393939394, 0.87107945, 1.00000000, 1.00000000, 1.00000000
0.020202020202, 0.949494949495, 0.88054831, 1.00000000, 1.00000000, 1.00000000
0.020202020202, 0.959595959596, 0.89049152, 1.00000000, 1.00000000, 1.00000000
0.030303030303, -0.000000000000, 0.95511208, 1.00000000, 1.00000000, 1.00000000
0.030303030303, 0.010101010101, 0.96624509, 1.00000000, 1.00000000, 1.00000000
0.030303030303, 0.020202020202, 0.97715591, 1.00000000, 1.00000000, 1.00000000
0.030303030303, 0.030303030303, 0.98787851, 1.00000000, 1.00000000, 1.00000000
0.030303030303, 0.040404040404, 0.99853476, 1.00000000, 1.00000000, 1.00000000
0.030303030303, 0.050505050505, 1.00928568, 1.00000000, 1.00000000, 1.00000000
0.030303030303, 0.060606060606, 1.02026168, 1.00000000, 1.00000000, 1.00000000
0.030303030303, 0.070707070707, 1.03150964, 1.00000000, 1.00000000, 1.00000000
0.030303030303, 0.080808080808, 1.04298216, 1.00000000, 1.00000000, 1.00000000
0.030303030303, 0.090909090909, 1.05456559, 1.00000000, 1.00000000, 1.00000000
0.030303030303, 0.101010101010, 1.06612284, 1.00000000, 1.00000000, 1.00000000
0.030303030303, 0.111111111111, 1.07752720, 1.00000000, 1.00000000, 1.00000000
0.030303030303, 0.121212121212, 1.08867720, 1.00000000, 1.00000000, 1.00000000
0.030303030303, 0.131313131313, 1.09949612, 1.00000000, 1.00000000, 1.00000000
0.030303030303, 0.141414141414, 1.10992498, 1.00000000, 1.00000000, 1.00000000
0.030303030303, 0.151515151515, 1.11991527, 1.00000000, 1.00000000, 1.00000000
0.030303030303, 0.161616161616, 1.12942435, 1.00000000, 1.00000000, 1.00000000
0.030303030303, 0.171717171717, 1.13841300, 1.00000000, 1.00000000, 1.00000000
0.030303030303, 0.181818181818, 1.14684467, 1.00000000, 1.00000000, 1.00000000
0.030303030303, 0.191919191919, 1.15468513, 1.00000000, 1.00000000, 1.00000000
0.030303030303, 0.202020202020, 1.16190263, 1.00000000, 1.00000000, 1.00000000
0.030303030303, 0.212121212121, 1.16846792, 1.00000000, 1.00000000, 1.00000000
0.030303030303, 0.222222222222, 1.17435440, 1.00000000, 1.00000000, 1.00000000
0.030303030303, 0.232323232323, 1.17953821, 1.00000000, 1.00000000, 1.00000000
0.030303030303, 0.242424242424, 1.18399835, 1.00000000, 1.00000000, 1.00000000
0.030303030303, 0.252525252525, 1.18771673, 1.00000000, 1.00000000, 1.00000000
0.030303030303, 0.262626262626, 1.19067828, 1.00000000, 1.00000000, 1.00000000
0.030303030303, 0.272727272727, 1.19287097, 1.00000000, 1.00000000, 1.00000000
0.030303030303, 0.282828282828, 1.19428588, 1.00000000, 1.00000000, 1.00000000
0.030303030303, 0.292929292929, 1.19491724, 1.00000000, 1.00000000, 1.00000000
0.030303030303, 0.303030303030, 1.19476250, 1.00000000, 1.00000000, 1.00000000
0.030303030303, 0.313131313131, 1.19382236, 1.00000000, 1.00000000, 1.00000000
0.030303030303, 0.323232323232, 1.19210072, 1.00000000, 1.00000000, 1.00000000
0.030303030303, 0.333333333333, 1.18960461, 1.00000000, 1.00000000, 1.00000000
0.030303030303, 0.343434343434, 1.18634420, 1.00000000, 1.00000000, 1.00000000
0.030303030303, 0.353535353535, 1.18233276, 1.00000000, 1.00000000, 1.00000000
0.030303030303, 0.363636363636, 1.17758658, 1.00000000, 1.00000000, 1.00000000
0.030303030303, 0.373737373737, 1.17212492, 1.00000000, 1.00000000, 1.00000000
0.030303030303, 0.383838383838, 1.16596996, 1.00000000, 1.00000000, 1.00000000
0.030303030303, 0.393939393939, 1.15914666, 1.00000000, 1.00000000, 1.00000000
0.030303030303, 0.404040404040, 1.15168270, 1.00000000, 1.00000000, 1.00000000
0.030303030303, 0.414141414141, 1.14360833, 1.00000000, 1.00000000, 1.00000000
0.030303030303, 0.424242424242, 1.13495628, 1.00000000, 1.00000000, 1.00000000
0.030303030303, 0.434343434343, 1.12576162, 1.00000000, 1.00000000, 1.00000000
0.030303030303, 0.444444444444, 1.11606158, 1.00000000, 1.00000000, 1.00000000
0.030303030303, 0.454545454545, 1.10589546, 1.00000000, 1.00000000, 1.00000000
0.030303030303, 0.464646464646, 1.09530441, 1.00000000, 1.00000000, 1.00000000
0.030303030303, 0.474747474747, 1.08433129, 1.00000000, 1.00000000, 1.00000000
0.030303030303, 0.484848484848, 1.07302049, 1.00000000, 1.00000000, 1.00000000
0.030303030303, 0.494949494949, 1.06141775, 1.00000000, 1.00000000, 1.00000000
0.030303030303, 0.505050505051, 1.04956996, 1.00000000, 1.00000000, 1.00000000
0.030303030303, 0.515151515152, 1.03752500, 1.00000000, 1.00000000, 1.00000000
0.030303030303, 0.525252525253, 1.02533150, 1.00000000, 1.00000000, 1.00000000
0.030303030303, 0.535353535354, 1.01303867, 1.00000000, 1.00000000, 1.00000000
0.030303030303, 0.545454545455, 1.00069610, 1.00000000, 1.00000000, 1.00000000
0.030303030303, 0.555555555556, 0.98835352, 1.00000000, 1.00000000, 1.00000000
0.030303030303, 0.565656565657, 0.97606068, 1.00000000, 1.00000000, 1.00000000
0.030303030303, 0.575757575758, 0.96386704, 1.00000000, 1.00000000, 1.00000000
0.030303030303, 0.585858585859, 0.95182165, 1.00000000, 1.00000000, 1.00000000
0.030303030303, 0.595959595960, 0.93997293, 1.00000000, 1.00000000, 1.00000000
0.030303030303, 0.606060606061, 0.92836847, 1.00000000, 1.00000000, 1.00000000
0.030303030303, 0.616161616162, 0.91705483, 1.00000000, 1.00000000, 1.00000000
0.030303030303, 0.626262626263, 0.90607737, 1.00000000, 1.00000000, 1.00000000
0.030303030303, 0.636363636364, 0.89548006, 1.00000000, 1.00000000, 1.00000000
0.030303030303, 0.646464646465, 0.88530532, 1.00000000, 1.00000000, 1.00000000
0.030303030303, 0.656565656566, 0.87559383, 1.00000000, 1.00000000, 1.00000000
0.030303030303, 0.666666666667, 0.86638439, 1.00000000, 1.00000000, 1.00000000
0.030303030303, 0.676767676768, 0.85771376, 1.00000000, 1.00000000, 1.00000000
0.030303030303, 0.686868686869, 0.84961652, 1.00000000, 1.00000000, 1.00000000
0.030303030303, 0.696969696970, 0.84212496, 1.00000000, 1.00000000, 1.00000000
0.030303030303, 0.707070707071, 0.83526890, 1.00000000, 1.00000000, 1.00000000
0.030303030303, 0.717171717172, 0.82907565, 1.00000000, 1.00000000, 1.00000000
0.030303030303, 0.727272727273, 0.82356984, 1.00000000, 1.00000000, 1.00000000
0.030303030303, 0.737373737374, 0.81877340, 1.00000000, 1.00000000, 1.00000000
0.030303030303, 0.747474747475, 0.81470540, 1.00000000, 1.00000000, 1.00000000
0.030303030303, 0.757575757576, 0.81138206, 1.00000000, 1.00000000, 1.00000000
0.030303030303, 0.767676767677, 0.80881665, 1.00000000, 1.00000000, 1.00000000
0.030303030303, 0.777777777778, 0.80701945, 1.00000000, 1.00000000, 1.00000000
0.030303030303, 0.787878787879, 0.80599769, 1.00000000, 1.00000000, 1.00000000
0.030303030303, 0.797979797980, 0.80575559, 1.00000000, 1.00000000, 1.00000000
0.030303030303, 0.808080808081, 0.80629409, 1.00000000, 1.00000000, 1.00000000
0.030303030303, 0.818181818182, 0.80761099, 1.00000000, 1.00000000, 1.00000000
0.030303030303, 0.828282828283, 0.80970106, 1.00000000, 1.00000000, 1.00000000
0.030303030303, 0.838383838384, 0.81255599, 1.00000000, 1.00000000, 1.00000000
0.030303030303, 0.848484848485, 0.81616447, 1.00000000, 1.00000000, 1.00000000
0.030303030303, 0.858585858586, 0.82051220, 1.00000000, 1.00000000, 1.00000000
0.030303030303, 0.868686868687, 0.82558193, 1.00000000, 1.00000000, 1.00000000
0.030303030303, 0.878787878788, 0.83135354, 1.00000000, 1.00000000, 1.00000000
0.030303030303, 0.888888888889, 0.83780412, 1.00000000, 1.00000000, 1.00000000
0.030303030303, 0.898989898990, 0.84490801, 1.00000000, 1.00000000, 1.00000000
0.030303030303, 0.909090909091, 0.85263694, 1.00000000, 1.00000000, 1.00000000
0.030303030303, 0.919191919192, 0.86096007, 1.00000000, 1.00000000, 1.00000000
0.030303030303, 0.929292929293, 0.86984402, 1.00000000, 1.00000000, 1.00000000
0.030303030303, 0.939393939394, 0.87925270, 1.00000000, 1.00000000, 1.00000000
0.030303030303, 0.949494949495, 0.88914646, 1.00000000, 1.00000000, 1.00000000
0.030303030303, 0.959595959596, 0.89948004, 1.00000000, 1.00000000, 1.00000000
0.040404040404, -0.000000000000, 0.96553734, 1.00000000, 1.00000000, 1.00000000
0.040404040404, 0.010101010101, 0.97678687, 1.00000000, 1.00000000, 1.00000000
0.040404040404, 0.020202020202, 0.98777428, 1.00000000, 1.00000000, 1.00000000
0.040404040404, 0.030303030303, 0.99853476, 1.00000000, 1.00000000, 1.00000000
0.040404040404, 0.040404040404, 1.00919178, 1.00000000, 1.00000000, 1.00000000
0.040404040404, 0.050505050505, 1.01990755, 1.00000000, 1.00000000, 1.00000000
0.040404040404, 0.060606060606, 1.03081260, 1.00000000, 1.00000000, 1.00000000
0.040404040404, 0.070707070707, 1.04195282, 1.00000000, 1.00000000, 1.00000000
0.040404040404, 0.080808080808, 1.05327930, 1.00000000, 1.00000000, 1.00000000
0.040404040404, 0.090909090909, 1.06467710, 1.00000000, 1.00000000, 1.00000000
0.040404040404, 0.101010101010, 1.07600865, 1.00000000, 1.00000000, 1.00000000
0.040404040404, 0.111111111111, 1.08714753, 1.00000000, 1.00000000, 1.00000000
0.040404040404, 0.121212121212, 1.09799317, 1.00000000, 1.00000000, 1.00000000
0.040404040404, 0.131313131313, 1.10847013, 1.00000000, 1.00000000, 1.00000000
0.040404040404, 0.141414141414, 1.11852087, 1.00000000, 1.00000000, 1.00000000
0.040404040404, 0.151515151515, 1.12809847, 1.00000000, 1.00000000, 1.00000000
0.040404040404, 0.161616161616, 1.13716196, 1.00000000, 1.00000000, 1.00000000
0.040404040404, 0.171717171717, 1.14567397, 1.00000000, 1.00000000, 1.00000000
0.040404040404, 0.181818181818, 1.15359982, 1.00000000, 1.00000000, 1.00000000
0.040404040404, 0.191919191919, 1.16090735, 1.00000000, 1.00000000, 1.00000000
0.040404040404, 0.202020202020, 1.16756695, 1.00000000, 1.00000000, 1.00000000
0.040404040404, 0.212121212121, 1.17355161, 1.00000000, 1.00000000, 1.00000000
0.040404040404, 0.222222222222, 1.17883706, 1.00000000, 1.00000000, 1.00000000
0.040404040404, 0.232323232323, 1.18340186, 1.00000000, 1.00000000, 1.00000000
0.040404040404, 0.242424242424, 1.18722748, 1.00000000, 1.00000000, 1.00000000
0.040404040404, 0.252525252525, 1.19029837, 1.00000000, 1.00000000, 1.00000000
0.040404040404, 0.262626262626, 1.19260205, 1.00000000, 1.00000000, 1.00000000
0.040404040404, 0.272727272727, 1.19412912, 1.00000000, 1.00000000, 1.00000000
0.040404040404, 0.282828282828, 1.19487331, 1.00000000, 1.00000000, 1.00000000
0.040404040404, 0.292929292929, 1.19483157, 1.00000000, 1.00000000, 1.00000000
0.040404040404, 0.303030303030, 1.19400412, 1.00000000, 1.00000000, 1.00000000
0.040404040404, 0.313131313131, 1.19239435, 1.00000000, 1.00000000, 1.00000000
0.040404040404, 0.323232323232, 1.19000883, 1.00000000, 1.00000000, 1.00000000
0.040404040404, 0.333333333333, 1.18685724, 1.00000000, 1.00000000, 1.00000000
0.040404040404, 0.343434343434, 1.18295238, 1.00000000, 1.00000000, 1.00000000
0.040404040404, 0.353535353535, 1.17831009, 1.00000000, 1.00000000, 1.00000000
0.040404040404, 0.363636363636, 1.17294919, 1.00000000, 1.00000000, 1.00000000
0.040404040404, 0.373737373737, 1.16689142, 1.00000000, 1.00000000, 1.00000000
0.040404040404, 0.383838383838, 1.16016133, 1.00000000, 1.00000000, 1.00000000
0.040404040404, 0.393939393939, 1.15278621, 1.00000000, 1.00000000, 1.00000000
0.040404040404, 0.404040404040, 1.14479595, 1.00000000, 1.00000000, 1.00000000
0.040404040404, 0.414141414141, 1.13622293, 1.00000000, 1.00000000, 1.00000000
0.040404040404, 0.424242424242, 1.12710188, 1.00000000, 1.00000000, 1.00000000
0.040404040404, 0.434343434343, 1.11746976, 1.00000000, 1.00000000, 1.00000000
0.040404040404, 0.444444444444, 1.10736558, 1.00000000, 1.00000000, 1.00000000
0.040404040404, 0.454545454545, 1.09683026, 1.00000000, 1.00000000, 1.00000000
0.040404040404, 0.464646464646, 1.08590644, 1.00000000, 1.00000000, 1.00000000
0.040404040404, 0.474747474747, 1.07463833, 1.00000000, 1.00000000, 1.00000000
0.040404040404, 0.484848484848, 1.06307153, 1.00000000, 1.00000000, 1.00000000
0.040404040404, 0.494949494949, 1.05125281, 1.00000000, 1.00000000, 1.00000000
0.040404040404, 0.505050505051, 1.03922995, 1.00000000, 1.00000000, 1.00000000
0.040404040404, 0.515151515152, 1.02705153, 1.00000000, 1.00000000, 1.00000000
0.040404040404, 0.525252525253, 1.01476674, 1.00000000, 1.00000000, 1.00000000
0.040404040404, 0.535353535354, 1.00242516, 1.00000000, 1.00000000, 1.00000000
0.040404040404, 0.545454545455, 0.99007659, 1.00000000, 1.00000000, 1.00000000
0.040404040404, 0.555555555556, 0.97777080, 1.00000000, 1.00000000, 1.00000000
0.040404040404, 0.565656565657, 0.96555738, 1.00000000, 1.00000000, 1.00000000
0.040404040404, 0.575757575758, 0.95348549, 1.00000000, 1.00000000, 1.00000000
0.040404040404, 0.585858585859, 0.94160371, 1.00000000, 1.00000000, 1.00000000
0.040404040404, 0.595959595960, 0.92995978, 1.00000000, 1.00000000, 1.00000000
0.040404040404, 0.606060606061, 0.91860048, 1.00000000, 1.00000000, 1.00000000
0.040404040404, 0.616161616162, 0.90757138, 1.00000000, 1.00000000, 1.00000000
0.040404040404, 0.626262626263, 0.89691670, 1.00000000, 1.00000000, 1.00000000
0.040404040404, 0.636363636364, 0.88667911, 1.00000000, 1.00000000, 1.00000000
0.040404040404, 0.646464646465, 0.87689957, 1.00000000, 1.00000000, 1.00000000
0.040404040404, 0.656565656566, 0.86761716, 1.00000000, 1.00000000, 1.00000000
0.040404040404, 0.666666666667, 0.85886897, 1.00000000, 1.00000000, 1.00000000
0.040404040404, 0.676767676768, 0.85068989, 1.00000000, 1.00000000, 1.00000000
0.040404040404, 0.686868686869, 0.84311251, 1.00000000, 1.00000000, 1.00000000
0.040404040404, 0.696969696970, 0.83616702, 1.00000000, 1.00000000, 1.00000000
0.040404040404, 0.707070707071, 0.82988106, 1.00000000, 1.00000000, 1.00000000
0.040404040404, 0.717171717172, 0.82427961, 1.00000000, 1.00000000, 1.00000000
0.040404040404, 0.727272727273, 0.81938496, 1.00000000, 1.00000000, 1.00000000
0.040404040404, 0.737373737374, 0.81521653, 1.00000000, 1.00000000, 1.00000000
0.040404040404, 0.747474747475, 0.81179092, 1.00000000, 1.00000000, 1.00000000
0.040404040404, 0.757575757576, 0.80912175, 1.00000000, 1.00000000, 1.00000000
0.040404040404, 0.767676767677, 0.80721966, 1.00000000, 1.00000000, 1.00000000
0.040404040404, 0.777777777778, 0.80609229, 1.00000000, 1.00000000, 1.00000000
0.040404040404, 0.787878787879, 0.80574421, 1.00000000, 1.00000000, 1.00000000
0.040404040404, 0.797979797980, 0.80617675, 1.00000000, 1.00000000, 1.00000000
0.040404040404, 0.808080808081, 0.80738812, 1.00000000, 1.00000000, 1.00000000
0.040404040404, 0.818181818182, 0.80937343, 1.00000000, 1.00000000, 1.00000000
0.040404040404, 0.828282828283, 0.81212477, 1.00000000, 1.00000000, 1.00000000
0.040404040404, 0.838383838384, 0.81563118, 1.00000000, 1.00000000, 1.00000000
0.040404040404, 0.848484848485, 0.81987874, 1.00000000, 1.00000000, 1.00000000
0.040404040404, 0.858585858586, 0.82485056, 1.00000000, 1.00000000, 1.00000000
0.040404040404, 0.868686868687, 0.83052691, 1.00000000, 1.00000000, 1.00000000
0.040404040404, 0.878787878788, 0.83688520, 1.00000000, 1.00000000, 1.00000000
0.040404040404, 0.888888888889, 0.84390016, 1.00000000, 1.00000000, 1.00000000
0.040404040404, 0.898989898990, 0.85154385, 1.00000000, 1.00000000, 1.00000000
0.040404040404, 0.909090909091, 0.85978582, 1.00000000, 1.00000000, 1.00000000
0.040404040404, 0.919191919192, 0.86859316, 1.00000000, 1.00000000, 1.00000000
0.040404040404, 0.929292929293, 0.87793055, 1.00000000, 1.00000000, 1.00000000
0.040404040404, 0.939393939394, 0.88776006, 1.00000000, 1.00000000, 1.00000000
0.040404040404, 0.949494949495, 0.89804039, 1.00000000, 1.00000000, 1.00000000
0.040404040404, 0.959595959596, 0.90872480, 1.00000000, 1.00000000, 1.00000000
0.050505050505, -0.000000000000, 0.97616677, 1.00000000, 1.00000000, 1.00000000
0.050505050505, 0.010101010101, 0.98749577, 1.00000000, 1.00000000, 1.00000000
0.050505050505, 0.020202020202, 0.99852330, 1.00000000, 1.00000000, 1.00000000
0.050505050505, 0.030303030303, 1.00928568, 1.00000000, 1.00000000, 1.00000000
0.050505050505, 0.040404040404, 1.01990755, 1.00000000, 1.00000000, 1.00000000
0.050505050505, 0.050505050505, 1.03055174, 1.00000000, 1.00000000, 1.00000000
0.050505050505, 0.060606060606, 1.04134845, 1.00000000, 1.00000000, 1.00000000
0.050505050505, 0.070707070707, 1.05234240, 1.00000000, 1.00000000, 1.00000000
0.050505050505, 0.080808080808, 1.06348331, 1.00000000, 1.00000000, 1.00000000
0.050505050505, 0.090909090909, 1.07465539, 1.00000000, 1.00000000, 1.00000000
0.050505050505, 0.101010101010, 1.08572099, 1.00000000, 1.00000000, 1.00000000
0.050505050505, 0.111111111111, 1.09655444, 1.00000000, 1.00000000, 1.00000000
0.050505050505, 0.121212121212, 1.10705643, 1.00000000, 1.00000000, 1.00000000
0.050505050505, 0.131313131313, 1.11715302, 1.00000000, 1.00000000, 1.00000000
0.050505050505, 0.141414141414, 1.12678833, 1.00000000, 1.00000000, 1.00000000
0.050505050505, 0.151515151515, 1.13591719, 1.00000000, 1.00000000, 1.00000000
0.050505050505, 0.161616161616, 1.14450046, 1.00000000, 1.00000000, 1.00000000
0.050505050505, 0.171717171717, 1.15250272, 1.00000000, 1.00000000, 1.00000000
0.050505050505, 0.181818181818, 1.15989135, 1.00000000, 1.00000000, 1.00000000
0.050505050505, 0.191919191919, 1.16663636, 1.00000000, 1.00000000, 1.00000000
0.050505050505, 0.202020202020, 1.17271040, 1.00000000, 1.00000000, 1.00000000
0.050505050505, 0.212121212121, 1.17808881, 1.00000000, 1.00000000, 1.00000000
0.050505050505, 0.222222222222, 1.18274975, 1.00000000, 1.00000000, 1.00000000
0.050505050505, 0.232323232323, 1.18667430, 1.00000000, 1.00000000, 1.00000000
0.050505050505, 0.242424242424, 1.18984650, 1.00000000, 1.00000000, 1.00000000
0.050505050505, 0.252525252525, 1.19225342, 1.00000000, 1.00000000, 1.00000000
0.050505050505, 0.262626262626, 1.19388523, 1.00000000, 1.00000000, 1.00000000
0.050505050505, 0.272727272727, 1.19473522, 1.00000000, 1.00000000, 1.00000000
0.050505050505, 0.282828282828, 1.19479986, 1.00000000, 1.00000000, 1.00000000
0.050505050505, 0.292929292929, 1.19407892, 1.00000000, 1.00000000, 1.00000000
0.050505050505, 0.303030303030, 1.19257533, 1.00000000, 1.00000000, 1.00000000
0.050505050505, 0.313131313131, 1.19029521, 1.00000000, 1.00000000, 1.00000000
0.050505050505, 0.323232323232, 1.18724779, 1.00000000, 1.00000000, 1.00000000
0.050505050505, 0.333333333333, 1.18344541, 1.00000000, 1.00000000, 1.00000000
0.050505050505, 0.343434343434, 1.17890350, 1.00000000, 1.00000000, 1.00000000
0.050505050505, 0.353535353535, 1.17364043, 1.00000000, 1.00000000, 1.00000000
0.050505050505, 0.363636363636, 1.16767755, 1.00000000, 1.00000000, 1.00000000
0.050505050505, 0.373737373737, 1.16103899, 1.00000000, 1.00000000, 1.00000000
0.050505050505, 0.383838383838, 1.15375167, 1.00000000, 1.00000000, 1.00000000
0.050505050505, 0.393939393939, 1.14584510, 1.00000000, 1.00000000, 1.00000000
0.050505050505, 0.404040404040, 1.13735132, 1.00000000, 1.00000000, 1.00000000
0.050505050505, 0.414141414141, 1.12830474, 1.00000000, 1.00000000, 1.00000000
0.050505050505, 0.424242424242, 1.11874201, 1.00000000, 1.00000000, 1.00000000
0.050505050505, 0.434343434343, 1.10870186, 1.00000000, 1.00000000, 1.00000000
0.050505050505, 0.444444444444, 1.09822494, 1.00000000, 1.00000000, 1.00000000
0.050505050505, 0.454545454545, 1.08735369, 1.00000000, 1.00000000, 1.00000000
0.050505050505, 0.464646464646, 1.07613210, 1.00000000, 1.00000000, 1.00000000
0.050505050505, 0.474747474747, 1.06460560, 1.00000000, 1.00000000, 1.00000000
0.050505050505, 0.484848484848, 1.05282080, 1.00000000, 1.00000000, 1.00000000
0.050505050505, 0.494949494949, 1.04082538, 1.00000000, 1.00000000, 1.00000000
0.050505050505, 0.505050505051, 1.02866783, 1.00000000, 1.00000000, 1.00000000
0.050505050505, 0.515151515152, 1.01639727, 1.00000000, 1.00000000, 1.00000000
0.050505050505, 0.525252525253, 1.00406326, 1.00000000, 1.00000000, 1.00000000
0.050505050505, 0.535353535354, 0.99171559, 1.00000000, 1.00000000, 1.00000000
0.050505050505, 0.545454545455, 0.97940408, 1.00000000, 1.00000000, 1.00000000
0.050505050505, 0.555555555556, 0.96717835, 1.00000000, 1.00000000, 1.00000000
0.050505050505, 0.565656565657, 0.95508767, 1.00000000, 1.00000000, 1.00000000
0.050505050505, 0.575757575758, 0.94318070, 1.00000000, 1.00000000, 1.00000000
0.050505050505, 0.585858585859, 0.93150535, 1.00000000, 1.00000000, 1.00000000
0.050505050505, 0.595959595960, 0.92010853, 1.00000000, 1.00000000, 1.00000000
0.050505050505, 0.606060606061, 0.90903601, 1.00000000, 1.00000000, 1.00000000
0.050505050505, 0.616161616162, 0.89833220, 1.00000000, 1.00000000, 1.00000000
0.050505050505, 0.626262626263, 0.88804001, 1.00000000, 1.00000000, 1.00000000
0.050505050505, 0.636363636364, 0.87820064, 1.00000000, 1.00000000, 1.00000000
0.050505050505, 0.646464646465, 0.86885344, 1.00000000, 1.00000000, 1.00000000
0.050505050505, 0.656565656566, 0.86003575, 1.00000000, 1.00000000, 1.00000000
0.050505050505, 0.666666666667, 0.85178277, 1.00000000, 1.00000000, 1.00000000
0.050505050505, 0.676767676768, 0.84412739, 1.00000000, 1.00000000, 1.00000000
0.050505050505, 0.686868686869, 0.83710012, 1.00000000, 1.00000000, 1.00000000
0.050505050505, 0.696969696970, 0.83072890, 1.00000000, 1.00000000, 1.00000000
0.050505050505, 0.707070707071, 0.82503907, 1.00000000, 1.00000000, 1.00000000
0.050505050505, 0.717171717172, 0.82005323, 1.00000000, 1.00000000, 1.00000000
0.050505050505, 0.727272727273, 0.81579117, 1.00000000, 1.00000000, 1.00000000
0.050505050505, 0.737373737374, 0.81226982, 1.00000000, 1.00000000, 1.00000000
0.050505050505, 0.747474747475, 0.80950316, 1.00000000, 1.00000000, 1.00000000
0.050505050505, 0.757575757576, 0.80750219, 1.00000000, 1.00000000, 1.00000000
0.050505050505, 0.767676767677, 0.80627488, 1.00000000, 1.00000000, 1.00000000
0.050505050505, 0.777777777778, 0.80582620, 1.00000000, 1.00000000, 1.00000000
0.050505050505, 0.787878787879, 0.80615785, 1.00000000, 1.00000000, 1.00000000
0.050505050505, 0.797979797980, 0.80726839, 1.00000000, 1.00000000, 1.00000000
0.050505050505, 0.808080808081, 0.80915332, 1.00000000, 1.00000000, 1.00000000
0.050505050505, 0.818181818182, 0.81180508, 1.00000000, 1.00000000, 1.00000000
0.050505050505, 0.828282828283, 0.81521307, 1.00000000, 1.00000000, 1.00000000
0.050505050505, 0.838383838384, 0.81936372, 1.00000000, 1.00000000, 1.00000000
0.050505050505, 0.848484848485, 0.82424052, 1.00000000, 1.00000000, 1.00000000
0.050505050505, 0.858585858586, 0.82982406, 1.00000000, 1.00000000, 1.00000000
0.050505050505, 0.868686868687, 0.83609213, 1.00000000, 1.00000000, 1.00000000
0.050505050505, 0.878787878788, 0.84301979, 1.00000000, 1.00000000, 1.00000000
0.050505050505, 0.888888888889, 0.85057944, 1.00000000, 1.00000000, 1.00000000
0.050505050505, 0.898989898990, 0.85874097, 1.00000000, 1.00000000, 1.00000000
0.050505050505, 0.909090909091, 0.86747182, 1.00000000, 1.00000000, 1.00000000
0.050505050505, 0.919191919192, 0.87673711, 1.00000000, 1.00000000, 1.00000000
0.050505050505, 0.929292929293, 0.88649968, 1.00000000, 1.00000000, 1.00000000
0.050505050505, 0.939393939394, 0.89671989, 1.00000000, 1.00000000, 1.00000000
0.050505050505, 0.949494949495, 0.90735492, 1.00000000, 1.00000000, 1.00000000
0.050505050505, 0.959595959596, 0.91835667, 1.00000000, 1.00000000, 1.00000000
0.060606060606, -0.000000000000, 0.98712758, 1.00000000, 1.00000000, 1.00000000
0.060606060606, 0.010101010101, 0.99850052, 1.00000000, 1.00000000, 1.00000000
0.060606060606, 0.020202020202, 1.00953278, 1.00000000, 1.00000000, 1.00000000
0.060606060606, 0.030303030303, 1.02026168, 1.00000000, 1.00000000, 1.00000000
0.060606060606, 0.040404040404, 1.03081260, 1.00000000, 1.00000000, 1.00000000
0.060606060606, 0.050505050505, 1.04134845, 1.00000000, 1.00000000, 1.00000000
0.060606060606, 0.060606060606, 1.05199861, 1.00000000, 1.00000000, 1.00000000
0.060606060606, 0.070707070707, 1.06280645, 1.00000000, 1.00000000, 1.00000000
0.060606060606, 0.080808080808, 1.07372047, 1.00000000, 1.00000000, 1.00000000
0.060606060606, 0.090909090909, 1.08462435, 1.00000000, 1.00000000, 1.00000000
0.060606060606, 0.101010101010, 1.09538086, 1.00000000, 1.00000000, 1.00000000
0.060606060606, 0.111111111111, 1.10586550, 1.00000000, 1.00000000, 1.00000000
0.060606060606, 0.121212121212, 1.11598053, 1.00000000, 1.00000000, 1.00000000
0.060606060606, 0.131313131313, 1.12565383, 1.00000000, 1.00000000, 1.00000000
0.060606060606, 0.141414141414, 1.13483137, 1.00000000, 1.00000000, 1.00000000
0.060606060606, 0.151515151515, 1.14346992, 1.00000000, 1.00000000, 1.00000000
0.060606060606, 0.161616161616, 1.15153236, 1.00000000, 1.00000000, 1.00000000
0.060606060606, 0.171717171717, 1.15898536, 1.00000000, 1.00000000, 1.00000000
0.060606060606, 0.181818181818, 1.16579855, 1.00000000, 1.00000000, 1.00000000
0.060606060606, 0.191919191919, 1.17194425, 1.00000000, 1.00000000, 1.00000000
0.060606060606, 0.202020202020, 1.17739751, 1.00000000, 1.00000000, 1.00000000
0.060606060606, 0.212121212121, 1.18213619, 1.00000000, 1.00000000, 1.00000000
0.060606060606, 0.222222222222, 1.18614104, 1.00000000, 1.00000000, 1.00000000
0.060606060606, 0.232323232323, 1.18939576, 1.00000000, 1.00000000, 1.00000000
0.060606060606, 0.242424242424, 1.19188710, 1.00000000, 1.00000000, 1.00000000
0.060606060606, 0.252525252525, 1.19360487, 1.00000000, 1.00000000, 1.00000000
0.060606060606, 0.262626262626, 1.19454200, 1.00000000, 1.00000000, 1.00000000
0.060606060606, 0.272727272727, 1.19469461, 1.00000000, 1.00000000, 1.00000000
0.060606060606, 0.282828282828, 1.19406207, 1.00000000, 1.00000000, 1.00000000
0.060606060606, 0.292929292929, 1.19264697, 1.00000000, 1.00000000, 1.00000000
0.060606060606, 0.303030303030, 1.19045504, 1.00000000, 1.00000000, 1.00000000
0.060606060606, 0.313131313131, 1.18749516, 1.00000000, 1.00000000, 1.00000000
0.060606060606, 0.323232323232, 1.18377932, 1.00000000, 1.00000000, 1.00000000
0.060606060606, 0.333333333333, 1.17932255, 1.00000000, 1.00000000, 1.00000000
0.060606060606, 0.343434343434, 1.17414290, 1.00000000, 1.00000000, 1.00000000
0.060606060606, 0.353535353535, 1.16826135, 1.00000000, 1.00000000, 1.00000000
0.060606060606, 0.363636363636, 1.16170173, 1.00000000, 1.00000000, 1.00000000
0.060606060606, 0.373737373737, 1.15449059, 1.00000000, 1.00000000, 1.00000000
0.060606060606, 0.383838383838, 1.14665715, 1.00000000, 1.00000000, 1.00000000
0.060606060606, 0.393939393939, 1.13823315, 1.00000000, 1.00000000, 1.00000000
0.060606060606, 0.404040404040, 1.12925270, 1.00000000, 1.00000000, 1.00000000
0.060606060606, 0.414141414141, 1.11975218, 1.00000000, 1.00000000, 1.00000000
0.060606060606, 0.424242424242, 1.10977007, 1.00000000, 1.00000000, 1.00000000
0.060606060606, 0.434343434343, 1.09934680, 1.00000000, 1.00000000, 1.00000000
0.060606060606, 0.444444444444, 1.08852457, 1.00000000, 1.00000000, 1.00000000
0.060606060606, 0.454545454545, 1.07734718, 1.00000000, 1.00000000, 1.00000000
0.060606060606, 0.464646464646, 1.06585988, 1.00000000, 1.00000000, 1.00000000
0.060606060606, 0.474747474747, 1.05410914, 1.00000000, 1.00000000, 1.00000000
0.060606060606, 0.484848484848, 1.04214250, 1.00000000, 1.00000000, 1.00000000
0.060606060606, 0.494949494949, 1.03000834, 1.00000000, 1.00000000, 1.00000000
0.060606060606, 0.505050505051, 1.01775569, 1.00000000, 1.00000000, 1.00000000
0.060606060606, 0.515151515152, 1.00543406, 1.00000000, 1.00000000, 1.00000000
0.060606060606, 0.525252525253, 0.99309320, 1.00000000, 1.00000000, 1.00000000
0.060606060606, 0.535353535354, 0.98078290, 1.00000000, 1.00000000, 1.00000000
0.060606060606, 0.545454545455, 0.96855282, 1.00000000, 1.00000000, 1.00000000
0.060606060606, 0.555555555556, 0.95645223, 1.00000000, 1.00000000, 1.00000000
0.060606060606, 0.565656565657, 0.94452987, 1.00000000, 1.00000000, 1.00000000
0.060606060606, 0.575757575758, 0.93283371, 1.00000000, 1.00000000, 1.00000000
0.060606060606, 0.585858585859, 0.92141077, 1.00000000, 1.00000000, 1.00000000
0.060606060606, 0.595959595960, 0.91030695, 1.00000000, 1.00000000, 1.00000000
0.060606060606, 0.606060606061, 0.89956680, 1.00000000, 1.00000000, 1.00000000
0.060606060606, 0.616161616162, 0.88923339, 1.00000000, 1.00000000, 1.00000000
0.060606060606, 0.626262626263, 0.87934809, 1.00000000, 1.00000000, 1.00000000
0.060606060606, 0.636363636364, 0.86995047, 1.00000000, 1.00000000, 1.00000000
0.060606060606, 0.646464646465, 0.86107808, 1.00000000, 1.00000000, 1.00000000
0.060606060606, 0.656565656566, 0.85276634, 1.00000000, 1.00000000, 1.00000000
0.060606060606, 0.666666666667, 0.84504840, 1.00000000, 1.00000000, 1.00000000
0.060606060606, 0.676767676768, 0.83795500, 1.00000000, 1.00000000, 1.00000000
0.060606060606, 0.686868686869, 0.83151439, 1.00000000, 1.00000000, 1.00000000
0.060606060606, 0.696969696970, 0.82575215, 1.00000000, 1.00000000, 1.00000000
0.060606060606, 0.707070707071, 0.82069119, 1.00000000, 1.00000000, 1.00000000
0.060606060606, 0.717171717172, 0.81635160, 1.00000000, 1.00000000, 1.00000000
0.060606060606, 0.727272727273, 0.81275058, 1.00000000, 1.00000000, 1.00000000
0.060606060606, 0.737373737374, 0.80990245, 1.00000000, 1.00000000, 1.00000000
0.060606060606, 0.747474747475, 0.80781850, 1.00000000, 1.00000000, 1.00000000
0.060606060606, 0.757575757576, 0.80650703, 1.00000000, 1.00000000, 1.00000000
0.060606060606, 0.767676767677, 0.80597330, 1.00000000, 1.00000000, 1.00000000
0.060606060606, 0.777777777778, 0.80621938, 1.00000000, 1.00000000, 1.00000000
0.060606060606, 0.787878787879, 0.80724415, 1.00000000, 1.00000000, 1.00000000
0.060606060606, 0.797979797980, 0.80904342, 1.00000000, 1.00000000, 1.00000000
0.060606060606, 0.808080808081, 0.81160995, 1.00000000, 1.00000000, 1.00000000
0.060606060606, 0.818181818182, 0.81493347, 1.00000000, 1.00000000, 1.00000000
0.060606060606, 0.828282828283, 0.81900072, 1.00000000, 1.00000000, 1.00000000
0.060606060606, 0.838383838384, 0.82379551, 1.00000000, 1.00000000, 1.00000000
0.060606060606, 0.848484848485, 0.82929874, 1.00000000, 1.00000000, 1.00000000
0.060606060606, 0.858585858586, 0.83548851, 1.00000000, 1.00000000, 1.00000000
0.060606060606, 0.868686868687, 0.84234018, 1.00000000, 1.00000000, 1.00000000
0.060606060606, 0.878787878788, 0.84982644, 1.00000000, 1.00000000, 1.00000000
0.060606060606, 0.888888888889, 0.85791748, 1.00000000, 1.00000000, 1.00000000
0.060606060606, 0.898989898990, 0.86658102, 1.00000000, 1.00000000, 1.00000000
0.060606060606, 0.909090909091, 0.87578248, 1.00000000, 1.00000000, 1.00000000
0.060606060606, 0.919191919192, 0.88548509, 1.00000000, 1.00000000, 1.00000000
0.060606060606, 0.929292929293, 0.89564991, 1.00000000, 1.00000000, 1.00000000
0.060606060606, 0.939393939394, 0.90623570, 1.00000000, 1.00000000, 1.00000000
0.060606060606, 0.949494949495, 0.91719818, 1.00000000, 1.00000000, 1.00000000
0.060606060606, 0.959595959596, 0.92848805, 1.00000000, 1.00000000, 1.00000000
0.070707070707, -0.000000000000, 0.99846870, 1.00000000, 1.00000000, 1.00000000
0.070707070707, 0.010101010101, 1.00984955, 1.00000000, 1.00000000, 1.00000000
0.070707070707, 0.020202020202, 1.02085046, 1.00000000, 1.00000000, 1.00000000
0.070707070707, 0.030303030303, 1.03150964, 1.00000000, 1.00000000, 1.00000000
0.070707070707, 0.040404040404, 1.04195282, 1.00000000, 1.00000000, 1.00000000
0.070707070707, 0.050505050505, 1.05234240, 1.00000000, 1.00000000, 1.00000000
0.070707070707, 0.060606060606, 1.06280645, 1.00000000, 1.00000000, 1.00000000
0.070707070707, 0.070707070707, 1.07338679, 1.00000000, 1.00000000, 1.00000000
0.070707070707, 0.080808080808, 1.08403081, 1.00000000, 1.00000000, 1.00000000
0.070707070707, 0.090909090909, 1.09462203, 1.00000000, 1.00000000, 1.00000000
0.070707070707, 0.101010101010, 1.10502413, 1.00000000, 1.00000000, 1.00000000
0.070707070707, 0.111111111111, 1.11511420, 1.00000000, 1.00000000, 1.00000000
0.070707070707, 0.121212121212, 1.12479648, 1.00000000, 1.00000000, 1.00000000
0.070707070707, 0.131313131313, 1.13400093, 1.00000000, 1.00000000, 1.00000000
0.070707070707, 0.141414141414, 1.14267560, 1.00000000, 1.00000000, 1.00000000
0.070707070707, 0.151515151515, 1.15077941, 1.00000000, 1.00000000, 1.00000000
0.070707070707, 0.161616161616, 1.15827744, 1.00000000, 1.00000000, 1.00000000
0.070707070707, 0.171717171717, 1.16513866, 1.00000000, 1.00000000, 1.00000000
0.070707070707, 0.181818181818, 1.17133508, 1.00000000, 1.00000000, 1.00000000
0.070707070707, 0.191919191919, 1.17684153, 1.00000000, 1.00000000, 1.00000000
0.070707070707, 0.202020202020, 1.18163563, 1.00000000, 1.00000000, 1.00000000
0.070707070707, 0.212121212121, 1.18569792, 1.00000000, 1.00000000, 1.00000000
0.070707070707, 0.222222222222, 1.18901188, 1.00000000, 1.00000000, 1.00000000
0.070707070707, 0.232323232323, 1.19156400, 1.00000000, 1.00000000, 1.00000000
0.070707070707, 0.242424242424, 1.19334387, 1.00000000, 1.00000000, 1.00000000
0.070707070707, 0.252525252525, 1.19434417, 1.00000000, 1.00000000, 1.00000000
0.070707070707, 0.262626262626, 1.19456077, 1.00000000, 1.00000000, 1.00000000
0.070707070707, 0.272727272727, 1.19399277, 1.00000000, 1.00000000, 1.00000000
0.070707070707, 0.282828282828, 1.19264252, 1.00000000, 1.00000000, 1.00000000
0.070707070707, 0.292929292929, 1.19051548, 1.00000000, 1.00000000, 1.00000000
0.070707070707, 0.303030303030, 1.18762028, 1.00000000, 1.00000000, 1.00000000
0.070707070707, 0.313131313131, 1.18396864, 1.00000000, 1.00000000, 1.00000000
0.070707070707, 0.323232323232, 1.17957535, 1.00000000, 1.00000000, 1.00000000
0.070707070707, 0.333333333333, 1.17445821, 1.00000000, 1.00000000, 1.00000000
0.070707070707, 0.343434343434, 1.16863794, 1.00000000, 1.00000000, 1.00000000
0.070707070707, 0.353535353535, 1.16213811, 1.00000000, 1.00000000, 1.00000000
0.070707070707, 0.363636363636, 1.15498506, 1.00000000, 1.00000000, 1.00000000
0.070707070707, 0.373737373737, 1.14720776, 1.00000000, 1.00000000, 1.00000000
0.070707070707, 0.383838383838, 1.13883772, 1.00000000, 1.00000000, 1.00000000
0.070707070707, 0.393939393939, 1.12990884, 1.00000000, 1.00000000, 1.00000000
0.070707070707, 0.404040404040, 1.12045728, 1.00000000, 1.00000000, 1.00000000
0.070707070707, 0.414141414141, 1.11052134, 1.00000000, 1.00000000, 1.00000000
0.070707070707, 0.424242424242, 1.10014123, 1.00000000, 1.00000000, 1.00000000
0.070707070707, 0.434343434343, 1.08935900, 1.00000000, 1.00000000, 1.00000000
0.070707070707, 0.444444444444, 1.07821827, 1.00000000, 1.00000000, 1.00000000
0.070707070707, 0.454545454545, 1.06676415, 1.00000000, 1.00000000, 1.00000000
0.070707070707, 0.464646464646, 1.05504297, 1.00000000, 1.00000000, 1.00000000
0.070707070707, 0.474747474747, 1.04310213, 1.00000000, 1.00000000, 1.00000000
0.070707070707, 0.484848484848, 1.03098991, 1.00000000, 1.00000000, 1.00000000
0.070707070707, 0.494949494949, 1.01875526, 1.00000000, 1.00000000, 1.00000000
0.070707070707, 0.505050505051, 1.00644760, 1.00000000, 1.00000000, 1.00000000
0.070707070707, 0.515151515152, 0.99411661, 1.00000000, 1.00000000, 1.00000000
0.070707070707, 0.525252525253, 0.98181206, 1.00000000, 1.00000000, 1.00000000
0.070707070707, 0.535353535354, 0.96958355, 1.00000000, 1.00000000, 1.00000000
0.070707070707, 0.545454545455, 0.95748038, 1.00000000, 1.00000000, 1.00000000
0.070707070707, 0.555555555556, 0.94555126, 1.00000000, 1.00000000, 1.00000000
0.070707070707, 0.565656565657, 0.93384422, 1.00000000, 1.00000000, 1.00000000
0.070707070707, 0.575757575758, 0.92240630, 1.00000000, 1.00000000, 1.00000000
0.070707070707, 0.585858585859, 0.91128346, 1.00000000, 1.00000000, 1.00000000
0.070707070707, 0.595959595960, 0.90052034, 1.00000000, 1.00000000, 1.00000000
0.070707070707, 0.606060606061, 0.89016009, 1.00000000, 1.00000000, 1.00000000
0.070707070707, 0.616161616162, 0.88024421, 1.00000000, 1.00000000, 1.00000000
0.070707070707, 0.626262626263, 0.87081238, 1.00000000, 1.00000000, 1.00000000
0.070707070707, 0.636363636364, 0.86190229, 1.00000000, 1.00000000, 1.00000000
0.070707070707, 0.646464646465, 0.85354953, 1.00000000, 1.00000000, 1.00000000
0.070707070707, 0.656565656566, 0.84578742, 1.00000000, 1.00000000, 1.00000000
0.070707070707, 0.666666666667, 0.83864688, 1.00000000, 1.00000000, 1.00000000
0.070707070707, 0.676767676768, 0.83215634, 1.00000000, 1.00000000, 1.00000000
0.070707070707, 0.686868686869, 0.82634161, 1.00000000, 1.00000000, 1.00000000
0.070707070707, 0.696969696970, 0.82122580, 1.00000000, 1.00000000, 1.00000000
0.070707070707, 0.707070707071, 0.81682923, 1.00000000, 1.00000000, 1.00000000
0.070707070707, 0.717171717172, 0.81316935, 1.00000000, 1.00000000, 1.00000000
0.070707070707, 0.727272727273, 0.81026069, 1.00000000, 1.00000000, 1.00000000
0.070707070707, 0.737373737374, 0.80811481, 1.00000000, 1.00000000, 1.00000000
0.070707070707, 0.747474747475, 0.80674025, 1.00000000, 1.00000000, 1.00000000
0.070707070707, 0.757575757576, 0.80614253, 1.00000000, 1.00000000, 1.00000000
0.070707070707, 0.767676767677, 0.80632398, 1.00000000, 1.00000000, 1.00000000
0.070707070707, 0.777777777778, 0.80728374, 1.00000000, 1.00000000, 1.00000000
0.070707070707, 0.787878787879, 0.80901789, 1.00000000, 1.00000000, 1.00000000
0.070707070707, 0.797979797980, 0.81151943, 1.00000000, 1.00000000, 1.00000000
0.070707070707, 0.808080808081, 0.81477838, 1.00000000, 1.00000000, 1.00000000
0.070707070707, 0.818181818182, 0.81878172, 1.00000000, 1.00000000, 1.00000000
0.070707070707, 0.828282828283, 0.82351350, 1.00000000, 1.00000000, 1.00000000
0.070707070707, 0.838383838384, 0.82895489, 1.00000000, 1.00000000, 1.00000000
0.070707070707, 0.848484848485, 0.83508423, 1.00000000, 1.00000000, 1.00000000
0.070707070707, 0.858585858586, 0.84187711, 1.00000000, 1.00000000, 1.00000000
0.070707070707, 0.868686868687, 0.84930648, 1.00000000, 1.00000000, 1.00000000
0.070707070707, 0.878787878788, 0.85734273, 1.00000000, 1.00000000, 1.00000000
0.070707070707, 0.888888888889, 0.86595381, 1.00000000, 1.00000000, 1.00000000
0.070707070707, 0.898989898990, 0.87510537, 1.00000000, 1.00000000, 1.00000000
0.070707070707, 0.909090909091, 0.88476086, 1.00000000, 1.00000000, 1.00000000
0.070707070707, 0.919191919192, 0.89488164, 1.00000000, 1.00000000, 1.00000000
0.070707070707, 0.929292929293, 0.90542708, 1.00000000, 1.00000000, 1.00000000
0.070707070707, 0.939393939394, 0.91635442, 1.00000000, 1.00000000, 1.00000000
0.070707070707, 0.949494949495, 0.92761802, 1.00000000, 1.00000000, 1.00000000
0.070707070707, 0.959595959596, 0.93916750, 1.00000000, 1.00000000, 1.00000000
0.080808080808, -0.000000000000, 1.01014846, 1.00000000, 1.00000000, 1.00000000
0.080808080808, 0.010101010101, 1.02149907, 1.00000000, 1.00000000, 1.00000000
0.080808080808, 0.020202020202, 1.03243063, 1.00000000, 1.00000000, 1.00000000
0.080808080808, 0.030303030303, 1.04298216, 1.00000000, 1.00000000, 1.00000000
0.080808080808, 0.040404040404, 1.05327930, 1.00000000, 1.00000000, 1.00000000
0.080808080808, 0.050505050505, 1.06348331, 1.00000000, 1.00000000, 1.00000000
0.080808080808, 0.060606060606, 1.07372047, 1.00000000, 1.00000000, 1.00000000
0.080808080808, 0.070707070707, 1.08403081, 1.00000000, 1.00000000, 1.00000000
0.080808080808, 0.080808080808, 1.09436073, 1.00000000, 1.00000000, 1.00000000
0.080808080808, 0.090909090909, 1.10459407, 1.00000000, 1.00000000, 1.00000000
0.080808080808, 0.101010101010, 1.11459586, 1.00000000, 1.00000000, 1.00000000
0.080808080808, 0.111111111111, 1.12424528, 1.00000000, 1.00000000, 1.00000000
0.080808080808, 0.121212121212, 1.13344893, 1.00000000, 1.00000000, 1.00000000
0.080808080808, 0.131313131313, 1.14213912, 1.00000000, 1.00000000, 1.00000000
0.080808080808, 0.141414141414, 1.15026628, 1.00000000, 1.00000000, 1.00000000
0.080808080808, 0.151515151515, 1.15779164, 1.00000000, 1.00000000, 1.00000000
0.080808080808, 0.161616161616, 1.16468267, 1.00000000, 1.00000000, 1.00000000
0.080808080808, 0.171717171717, 1.17091081, 1.00000000, 1.00000000, 1.00000000
0.080808080808, 0.181818181818, 1.17645065, 1.00000000, 1.00000000, 1.00000000
0.080808080808, 0.191919191919, 1.18127967, 1.00000000, 1.00000000, 1.00000000
0.080808080808, 0.202020202020, 1.18537824, 1.00000000, 1.00000000, 1.00000000
0.080808080808, 0.212121212121, 1.18872972, 1.00000000, 1.00000000, 1.00000000
0.080808080808, 0.222222222222, 1.19132046, 1.00000000, 1.00000000, 1.00000000
0.080808080808, 0.232323232323, 1.19313989, 1.00000000, 1.00000000, 1.00000000
0.080808080808, 0.242424242424, 1.19418057, 1.00000000, 1.00000000, 1.00000000
0.080808080808, 0.252525252525, 1.19443817, 1.00000000, 1.00000000, 1.00000000
0.080808080808, 0.262626262626, 1.19391168, 1.00000000, 1.00000000, 1.00000000
0.080808080808, 0.272727272727, 1.19260327, 1.00000000, 1.00000000, 1.00000000
0.080808080808, 0.282828282828, 1.19051826, 1.00000000, 1.00000000, 1.00000000
0.080808080808, 0.292929292929, 1.18766511, 1.00000000, 1.00000000, 1.00000000
0.080808080808, 0.303030303030, 1.18405540, 1.00000000, 1.00000000, 1.00000000
0.080808080808, 0.313131313131, 1.17970375, 1.00000000, 1.00000000, 1.00000000
0.080808080808, 0.323232323232, 1.17462781, 1.00000000, 1.00000000, 1.00000000
0.080808080808, 0.333333333333, 1.16884814, 1.00000000, 1.00000000, 1.00000000
0.080808080808, 0.343434343434, 1.16238816, 1.00000000, 1.00000000, 1.00000000
0.080808080808, 0.353535353535, 1.15527405, 1.00000000, 1.00000000, 1.00000000
0.080808080808, 0.363636363636, 1.14753463, 1.00000000, 1.00000000, 1.00000000
0.080808080808, 0.373737373737, 1.13920126, 1.00000000, 1.00000000, 1.00000000
0.080808080808, 0.383838383838, 1.13030771, 1.00000000, 1.00000000, 1.00000000
0.080808080808, 0.393939393939, 1.12089000, 1.00000000, 1.00000000, 1.00000000
0.080808080808, 0.404040404040, 1.11098626, 1.00000000, 1.00000000, 1.00000000
0.080808080808, 0.414141414141, 1.10063662, 1.00000000, 1.00000000, 1.00000000
0.080808080808, 0.424242424242, 1.08988296, 1.00000000, 1.00000000, 1.00000000
0.080808080808, 0.434343434343, 1.07876882, 1.00000000, 1.00000000, 1.00000000
0.080808080808, 0.444444444444, 1.06733917, 1.00000000, 1.00000000, 1.00000000
0.080808080808, 0.454545454545, 1.05564024, 1.00000000, 1.00000000, 1.00000000
0.080808080808, 0.464646464646, 1.04371933, 1.00000000, 1.00000000, 1.00000000
0.080808080808, 0.474747474747, 1.03162464, 1.00000000, 1.00000000, 1.00000000
0.080808080808, 0.484848484848, 1.01940503, 1.00000000, 1.00000000, 1.00000000
0.080808080808, 0.494949494949, 1.00710985, 1.00000000, 1.00000000, 1.00000000
0.080808080808, 0.505050505051, 0.99478872, 1.00000000, 1.00000000, 1.00000000
0.080808080808, 0.515151515152, 0.98249134, 1.00000000, 1.00000000, 1.00000000
0.080808080808, 0.525252525253, 0.97026729, 1.00000000, 1.00000000, 1.00000000
0.080808080808, 0.535353535354, 0.95816581, 1.00000000, 1.00000000, 1.00000000
0.080808080808, 0.545454545455, 0.94623562, 1.00000000, 1.00000000, 1.00000000
0.080808080808, 0.555555555556, 0.93452470, 1.00000000, 1.00000000, 1.00000000
0.080808080808, 0.565656565657, 0.92308014, 1.00000000, 1.00000000, 1.00000000
0.080808080808, 0.575757575758, 0.91194789, 1.00000000, 1.00000000, 1.00000000
0.080808080808, 0.585858585859, 0.90117261, 1.00000000, 1.00000000, 1.00000000
0.080808080808, 0.595959595960, 0.89079750, 1.00000000, 1.00000000, 1.00000000
0.080808080808, 0.606060606061, 0.88086410, 1.00000000, 1.00000000, 1.00000000
0.080808080808, 0.616161616162, 0.87141216, 1.00000000, 1.00000000, 1.00000000
0.080808080808, 0.626262626263, 0.86247946, 1.00000000, 1.00000000, 1.00000000
0.080808080808, 0.636363636364, 0.85410166, 1.00000000, 1.00000000, 1.00000000
0.080808080808, 0.646464646465, 0.84631218, 1.00000000, 1.00000000, 1.00000000
0.080808080808, 0.656565656566, 0.83914207, 1.00000000, 1.00000000, 1.00000000
0.080808080808, 0.666666666667, 0.83261986, 1.00000000, 1.00000000, 1.00000000
0.080808080808, 0.676767676768, 0.82677152, 1.00000000, 1.00000000, 1.00000000
0.080808080808, 0.686868686869, 0.82162028, 1.00000000, 1.00000000, 1.00000000
0.080808080808, 0.696969696970, 0.81718662, 1.00000000, 1.00000000, 1.00000000
0.080808080808, 0.707070707071, 0.81348815, 1.00000000, 1.00000000, 1.00000000
0.080808080808, 0.717171717172, 0.81053957, 1.00000000, 1.00000000, 1.00000000
0.080808080808, 0.727272727273, 0.80835261, 1.00000000, 1.00000000, 1.00000000
0.080808080808, 0.737373737374, 0.80693599, 1.00000000, 1.00000000, 1.00000000
0.080808080808, 0.747474747475, 0.80629540, 1.00000000, 1.00000000, 1.00000000
0.080808080808, 0.757575757576, 0.80643339, 1.00000000, 1.00000000, 1.00000000
0.080808080808, 0.767676767677, 0.80734928, 1.00000000, 1.00000000, 1.00000000
0.080808080808, 0.777777777778, 0.80903932, 1.00000000, 1.00000000, 1.00000000
0.080808080808, 0.787878787879, 0.81149672, 1.00000000, 1.00000000, 1.00000000
0.080808080808, 0.797979797980, 0.81471167, 1.00000000, 1.00000000, 1.00000000
0.080808080808, 0.808080808081, 0.81867136, 1.00000000, 1.00000000, 1.00000000
0.080808080808, 0.818181818182, 0.82336002, 1.00000000, 1.00000000, 1.00000000
0.080808080808, 0.828282828283, 0.82875900, 1.00000000, 1.00000000, 1.00000000
0.080808080808, 0.838383838384, 0.83484681, 1.00000000, 1.00000000, 1.00000000
0.080808080808, 0.848484848485, 0.84159922, 1.00000000, 1.00000000, 1.00000000
0.080808080808, 0.858585858586, 0.84898936, 1.00000000, 1.00000000, 1.00000000
0.080808080808, 0.868686868687, 0.85698776, 1.00000000, 1.00000000, 1.00000000
0.080808080808, 0.878787878788, 0.86556255, 1.00000000, 1.00000000, 1.00000000
0.080808080808, 0.888888888889, 0.87467951, 1.00000000, 1.00000000, 1.00000000
0.080808080808, 0.898989898990, 0.88430223, 1.00000000, 1.00000000, 1.00000000
0.080808080808, 0.909090909091, 0.89439225, 1.00000000, 1.00000000, 1.00000000
0.080808080808, 0.919191919192, 0.90490917, 1.00000000, 1.00000000, 1.00000000
0.080808080808, 0.929292929293, 0.91581074, 1.00000000, 1.00000000, 1.00000000
0.080808080808, 0.939393939394, 0.92705275, 1.00000000, 1.00000000, 1.00000000
0.080808080808, 0.949494949495, 0.93858832, 1.00000000, 1.00000000, 1.00000000
0.080808080808, 0.959595959596, 0.95036609, 1.00000000, 1.00000000, 1.00000000
0.090909090909, -0.000000000000, 1.02205965, 1.00000000, 1.00000000, 1.00000000
0.090909090909, 0.010101010101, 1.03333926, 1.00000000, 1.00000000, 1.00000000
0.090909090909, 0.020202020202, 1.04416133, 1.00000000, 1.00000000, 1.00000000
0.090909090909, 0.030303030303, 1.05456559, 1.00000000, 1.00000000, 1.00000000
0.090909090909, 0.040404040404, 1.06467710, 1.00000000, 1.00000000, 1.00000000
0.090909090909, 0.050505050505, 1.07465539, 1.00000000, 1.00000000, 1.00000000
0.090909090909, 0.060606060606, 1.08462435, 1.00000000, 1.00000000, 1.00000000
0.090909090909, 0.070707070707, 1.09462203, 1.00000000, 1.00000000, 1.00000000
0.090909090909, 0.080808080808, 1.10459407, 1.00000000, 1.00000000, 1.00000000
0.090909090909, 0.090909090909, 1.11442499, 1.00000000, 1.00000000, 1.00000000
0.090909090909, 0.101010101010, 1.12398176, 1.00000000, 1.00000000, 1.00000000
0.090909090909, 0.111111111111, 1.13314614, 1.00000000, 1.00000000, 1.00000000
0.090909090909, 0.121212121212, 1.14182746, 1.00000000, 1.00000000, 1.00000000
0.090909090909, 0.131313131313, 1.14996072, 1.00000000, 1.00000000, 1.00000000
0.090909090909, 0.141414141414, 1.15749889, 1.00000000, 1.00000000, 1.00000000
0.090909090909, 0.151515151515, 1.16440576, 1.00000000, 1.00000000, 1.00000000
0.090909090909, 0.161616161616, 1.17065134, 1.00000000, 1.00000000, 1.00000000
0.090909090909, 0.171717171717, 1.17620972, 1.00000000, 1.00000000, 1.00000000
0.090909090909, 0.181818181818, 1.18105819, 1.00000000, 1.00000000, 1.00000000
0.090909090909, 0.191919191919, 1.18517704, 1.00000000, 1.00000000, 1.00000000
0.090909090909, 0.202020202020, 1.18854953, 1.00000000, 1.00000000, 1.00000000
0.090909090909, 0.212121212121, 1.19116194, 1.00000000, 1.00000000, 1.00000000
0.090909090909, 0.222222222222, 1.19300363, 1.00000000, 1.00000000, 1.00000000
0.090909090909, 0.232323232323, 1.19406706, 1.00000000, 1.00000000, 1.00000000
0.090909090909, 0.242424242424, 1.19434786, 1.00000000, 1.00000000, 1.00000000
0.090909090909, 0.252525252525, 1.19384491, 1.00000000, 1.00000000, 1.00000000
0.090909090909, 0.262626262626, 1.19256030, 1.00000000, 1.00000000, 1.00000000
0.090909090909, 0.272727272727, 1.19049928, 1.00000000, 1.00000000, 1.00000000
0.090909090909, 0.282828282828, 1.18767022, 1.00000000, 1.00000000, 1.00000000
0.090909090909, 0.292929292929, 1.18408463, 1.00000000, 1.00000000, 1.00000000
0.090909090909, 0.303030303030, 1.17975703, 1.00000000, 1.00000000, 1.00000000
0.090909090909, 0.313131313131, 1.17470500, 1.00000000, 1.00000000, 1.00000000
0.090909090909, 0.323232323232, 1.16894900, 1.00000000, 1.00000000, 1.00000000
0.090909090909, 0.333333333333, 1.16251239, 1.00000000, 1.00000000, 1.00000000
0.090909090909, 0.343434343434, 1.15542124, 1.00000000, 1.00000000, 1.00000000
0.090909090909, 0.353535353535, 1.14770431, 1.00000000, 1.00000000, 1.00000000
0.090909090909, 0.363636363636, 1.13939286, 1.00000000, 1.00000000, 1.00000000
0.090909090909, 0.373737373737, 1.13052059, 1.00000000, 1.00000000, 1.00000000
0.090909090909, 0.383838383838, 1.12112342, 1.00000000, 1.00000000, 1.00000000
0.090909090909, 0.393939393939, 1.11123943, 1.00000000, 1.00000000, 1.00000000
0.090909090909, 0.404040404040, 1.10090864, 1.00000000, 1.00000000, 1.00000000
0.090909090909, 0.414141414141, 1.09017288, 1.00000000, 1.00000000, 1.00000000
0.090909090909, 0.424242424242, 1.07907561, 1.00000000, 1.00000000, 1.00000000
0.090909090909, 0.434343434343, 1.06766171, 1.00000000, 1.00000000, 1.00000000
0.090909090909, 0.444444444444, 1.05597736, 1.00000000, 1.00000000, 1.00000000
0.090909090909, 0.454545454545, 1.04406980, 1.00000000, 1.00000000, 1.00000000
0.090909090909, 0.464646464646, 1.03198714, 1.00000000, 1.00000000, 1.00000000
0.090909090909, 0.474747474747, 1.01977820, 1.00000000, 1.00000000, 1.00000000
0.090909090909, 0.484848484848, 1.00749227, 1.00000000, 1.00000000, 1.00000000
0.090909090909, 0.494949494949, 0.99517892, 1.00000000, 1.00000000, 1.00000000
0.090909090909, 0.505050505051, 0.98288781, 1.00000000, 1.00000000, 1.00000000
0.090909090909, 0.515151515152, 0.97066847, 1.00000000, 1.00000000, 1.00000000
0.090909090909, 0.525252525253, 0.95857010, 1.00000000, 1.00000000, 1.00000000
0.090909090909, 0.535353535354, 0.94664140, 1.00000000, 1.00000000, 1.00000000
0.090909090909, 0.545454545455, 0.93493034, 1.00000000, 1.00000000, 1.00000000
0.090909090909, 0.555555555556, 0.92348396, 1.00000000, 1.00000000, 1.00000000
0.090909090909, 0.565656565657, 0.91234821, 1.00000000, 1.00000000, 1.00000000
0.090909090909, 0.575757575758, 0.90156777, 1.00000000, 1.00000000, 1.00000000
0.090909090909, 0.585858585859, 0.89118582, 1.00000000, 1.00000000, 1.00000000
0.090909090909, 0.595959595960, 0.88124393, 1.00000000, 1.00000000, 1.00000000
0.090909090909, 0.606060606061, 0.87178187, 1.00000000, 1.00000000, 1.00000000
0.090909090909, 0.616161616162, 0.86283744, 1.00000000, 1.00000000, 1.00000000
0.090909090909, 0.626262626263, 0.85444635, 1.00000000, 1.00000000, 1.00000000
0.090909090909, 0.636363636364, 0.84664207, 1.00000000, 1.00000000, 1.00000000
0.090909090909, 0.646464646465, 0.83945569, 1.00000000, 1.00000000, 1.00000000
0.090909090909, 0.656565656566, 0.83291583, 1.00000000, 1.00000000, 1.00000000
0.090909090909, 0.666666666667, 0.82704851, 1.00000000, 1.00000000, 1.00000000
0.090909090909, 0.676767676768, 0.82187706, 1.00000000, 1.00000000, 1.00000000
0.090909090909, 0.686868686869, 0.81742205, 1.00000000, 1.00000000, 1.00000000
0.090909090909, 0.696969696970, 0.81370117, 1.00000000, 1.00000000, 1.00000000
0.090909090909, 0.707070707071, 0.81072924, 1.00000000, 1.00000000, 1.00000000
0.090909090909, 0.717171717172, 0.80851809, 1.00000000, 1.00000000, 1.00000000
0.090909090909, 0.727272727273, 0.80707656, 1.00000000, 1.00000000, 1.00000000
0.090909090909, 0.737373737374, 0.80641045, 1.00000000, 1.00000000, 1.00000000
0.090909090909, 0.747474747475, 0.80652244, 1.00000000, 1.00000000, 1.00000000
0.090909090909, 0.757575757576, 0.80741196, 1.00000000, 1.00000000, 1.00000000
0.090909090909, 0.767676767677, 0.80907540, 1.00000000, 1.00000000, 1.00000000
0.090909090909, 0.777777777778, 0.81150610, 1.00000000, 1.00000000, 1.00000000
0.090909090909, 0.787878787879, 0.81469435, 1.00000000, 1.00000000, 1.00000000
0.090909090909, 0.797979797980, 0.81862747, 1.00000000, 1.00000000, 1.00000000
0.090909090909, 0.808080808081, 0.82328983, 1.00000000, 1.00000000, 1.00000000
0.090909090909, 0.818181818182, 0.82866288, 1.00000000, 1.00000000, 1.00000000
0.090909090909, 0.828282828283, 0.83472527, 1.00000000, 1.00000000, 1.00000000
0.090909090909, 0.838383838384, 0.84145287, 1.00000000, 1.00000000, 1.00000000
0.090909090909, 0.848484848485, 0.84881892, 1.00000000, 1.00000000, 1.00000000
0.090909090909, 0.858585858586, 0.85679406, 1.00000000, 1.00000000, 1.00000000
0.090909090909, 0.868686868687, 0.86534651, 1.00000000, 1.00000000, 1.00000000
0.090909090909, 0.878787878788, 0.87444215, 1.00000000, 1.00000000, 1.00000000
0.090909090909, 0.888888888889, 0.88404466, 1.00000000, 1.00000000, 1.00000000
0.090909090909, 0.898989898990, 0.89411566, 1.00000000, 1.00000000, 1.00000000
0.090909090909, 0.909090909091, 0.90461485, 1.00000000, 1.00000000, 1.00000000
0.090909090909, 0.919191919192, 0.91550017, 1.00000000, 1.00000000, 1.00000000
0.090909090909, 0.929292929293, 0.92672785, 1.00000000, 1.00000000, 1.00000000
0.090909090909, 0.939393939394, 0.93825234, 1.00000000, 1.00000000, 1.00000000
0.090909090909, 0.949494949495, 0.95002567, 1.00000000, 1.00000000, 1.00000000
0.090909090909, 0.959595959596, 0.96199563, 1.00000000, 1.00000000, 1.00000000
0.101010101010, -0.000000000000, 1.03406982, 1.00000000, 1.00000000, 1.00000000
0.101010101010, 0.010101010101, 1.04523558, 1.00000000, 1.00000000, 1.00000000
0.101010101010, 0.020202020202, 1.05590648, 1.00000000, 1.00000000, 1.00000000
0.101010101010, 0.030303030303, 1.06612284, 1.00000000, 1.00000000, 1.00000000
0.101010101010, 0.040404040404, 1.07600865, 1.00000000, 1.00000000, 1.00000000
0.101010101010, 0.050505050505, 1.08572099, 1.00000000, 1.00000000, 1.00000000
0.101010101010, 0.060606060606, 1.09538086, 1.00000000, 1.00000000, 1.00000000
0.101010101010, 0.070707070707, 1.10502413, 1.00000000, 1.00000000, 1.00000000
0.101010101010, 0.080808080808, 1.11459586, 1.00000000, 1.00000000, 1.00000000
0.101010101010, 0.090909090909, 1.12398176, 1.00000000, 1.00000000, 1.00000000
0.101010101010, 0.101010101010, 1.13305128, 1.00000000, 1.00000000, 1.00000000
0.101010101010, 0.111111111111, 1.14168928, 1.00000000, 1.00000000, 1.00000000
0.101010101010, 0.121212121212, 1.14980819, 1.00000000, 1.00000000, 1.00000000
0.101010101010, 0.131313131313, 1.15734598, 1.00000000, 1.00000000, 1.00000000
0.101010101010, 0.141414141414, 1.16425840, 1.00000000, 1.00000000, 1.00000000
0.101010101010, 0.151515151515, 1.17051191, 1.00000000, 1.00000000, 1.00000000
0.101010101010, 0.161616161616, 1.17607927, 1.00000000, 1.00000000, 1.00000000
0.101010101010, 0.171717171717, 1.18093731, 1.00000000, 1.00000000, 1.00000000
0.101010101010, 0.181818181818, 1.18506618, 1.00000000, 1.00000000, 1.00000000
0.101010101010, 0.191919191919, 1.18844908, 1.00000000, 1.00000000, 1.00000000
0.101010101010, 0.202020202020, 1.19107224, 1.00000000, 1.00000000, 1.00000000
0.101010101010, 0.212121212121, 1.19292500, 1.00000000, 1.00000000, 1.00000000
0.101010101010, 0.222222222222, 1.19399978, 1.00000000, 1.00000000, 1.00000000
0.101010101010, 0.232323232323, 1.19429216, 1.00000000, 1.00000000, 1.00000000
0.101010101010, 0.242424242424, 1.19380099, 1.00000000, 1.00000000, 1.00000000
0.101010101010, 0.252525252525, 1.19252833, 1.00000000, 1.00000000, 1.00000000
0.101010101010, 0.262626262626, 1.19047938, 1.00000000, 1.00000000, 1.00000000
0.101010101010, 0.272727272727, 1.18766250, 1.00000000, 1.00000000, 1.00000000
0.101010101010, 0.282828282828, 1.18408913, 1.00000000, 1.00000000, 1.00000000
0.101010101010, 0.292929292929, 1.17977378, 1.00000000, 1.00000000, 1.00000000
0.101010101010, 0.303030303030, 1.17473396, 1.00000000, 1.00000000, 1.00000000
0.101010101010, 0.313131313131, 1.16899013, 1.00000000, 1.00000000, 1.00000000
0.101010101010, 0.323232323232, 1.16256557, 1.00000000, 1.00000000, 1.00000000
0.101010101010, 0.333333333333, 1.15548635, 1.00000000, 1.00000000, 1.00000000
0.101010101010, 0.343434343434, 1.14778116, 1.00000000, 1.00000000, 1.00000000
0.101010101010, 0.353535353535, 1.13948124, 1.00000000, 1.00000000, 1.00000000
0.101010101010, 0.363636363636, 1.13062023, 1.00000000, 1.00000000, 1.00000000
0.101010101010, 0.373737373737, 1.12123403, 1.00000000, 1.00000000, 1.00000000
0.101010101010, 0.383838383838, 1.11136067, 1.00000000, 1.00000000, 1.00000000
0.101010101010, 0.393939393939, 1.10104013, 1.00000000, 1.00000000, 1.00000000
0.101010101010, 0.404040404040, 1.09031420, 1.00000000, 1.00000000, 1.00000000
0.101010101010, 0.414141414141, 1.07922629, 1.00000000, 1.00000000, 1.00000000
0.101010101010, 0.424242424242, 1.06782126, 1.00000000, 1.00000000, 1.00000000
0.101010101010, 0.434343434343, 1.05614524, 1.00000000, 1.00000000, 1.00000000
0.101010101010, 0.444444444444, 1.04424544, 1.00000000, 1.00000000, 1.00000000
0.101010101010, 0.454545454545, 1.03216994, 1.00000000, 1.00000000, 1.00000000
0.101010101010, 0.464646464646, 1.01996750, 1.00000000, 1.00000000, 1.00000000
0.101010101010, 0.474747474747, 1.00768739, 1.00000000, 1.00000000, 1.00000000
0.101010101010, 0.484848484848, 0.99537914, 1.00000000, 1.00000000, 1.00000000
0.101010101010, 0.494949494949, 0.98309238, 1.00000000, 1.00000000, 1.00000000
0.101010101010, 0.505050505051, 0.97087662, 1.00000000, 1.00000000, 1.00000000
0.101010101010, 0.515151515152, 0.95878102, 1.00000000, 1.00000000, 1.00000000
0.101010101010, 0.525252525253, 0.94685427, 1.00000000, 1.00000000, 1.00000000
0.101010101010, 0.535353535354, 0.93514430, 1.00000000, 1.00000000, 1.00000000
0.101010101010, 0.545454545455, 0.92369814, 1.00000000, 1.00000000, 1.00000000
0.101010101010, 0.555555555556, 0.91256172, 1.00000000, 1.00000000, 1.00000000
0.101010101010, 0.565656565657, 0.90177971, 1.00000000, 1.00000000, 1.00000000
0.101010101010, 0.575757575758, 0.89139529, 1.00000000, 1.00000000, 1.00000000
0.101010101010, 0.585858585859, 0.88145002, 1.00000000, 1.00000000, 1.00000000
0.101010101010, 0.595959595960, 0.87198367, 1.00000000, 1.00000000, 1.00000000
0.101010101010, 0.606060606061, 0.86303405, 1.00000000, 1.00000000, 1.00000000
0.101010101010, 0.616161616162, 0.85463688, 1.00000000, 1.00000000, 1.00000000
0.101010101010, 0.626262626263, 0.84682565, 1.00000000, 1.00000000, 1.00000000
0.101010101010, 0.636363636364, 0.83963147, 1.00000000, 1.00000000, 1.00000000
0.101010101010, 0.646464646465, 0.83308299, 1.00000000, 1.00000000, 1.00000000
0.101010101010, 0.656565656566, 0.82720627, 1.00000000, 1.00000000, 1.00000000
0.101010101010, 0.666666666667, 0.82202468, 1.00000000, 1.00000000, 1.00000000
0.101010101010, 0.676767676768, 0.81755881, 1.00000000, 1.00000000, 1.00000000
0.101010101010, 0.686868686869, 0.81382644, 1.00000000, 1.00000000, 1.00000000
0.101010101010, 0.696969696970, 0.81084242, 1.00000000, 1.00000000, 1.00000000
0.101010101010, 0.707070707071, 0.80861864, 1.00000000, 1.00000000, 1.00000000
0.101010101010, 0.717171717172, 0.80716401, 1.00000000, 1.00000000, 1.00000000
0.101010101010, 0.727272727273, 0.80648441, 1.00000000, 1.00000000, 1.00000000
0.101010101010, 0.737373737374, 0.80658257, 1.00000000, 1.00000000, 1.00000000
0.101010101010, 0.747474747475, 0.80745801, 1.00000000, 1.00000000, 1.00000000
0.101010101010, 0.757575757576, 0.80910718, 1.00000000, 1.00000000, 1.00000000
0.101010101010, 0.767676767677, 0.81152349, 1.00000000, 1.00000000, 1.00000000
0.101010101010, 0.777777777778, 0.81469732, 1.00000000, 1.00000000, 1.00000000
0.101010101010, 0.787878787879, 0.81861604, 1.00000000, 1.00000000, 1.00000000
0.101010101010, 0.797979797980, 0.82326411, 1.00000000, 1.00000000, 1.00000000
0.101010101010, 0.808080808081, 0.82862304, 1.00000000, 1.00000000, 1.00000000
0.101010101010, 0.818181818182, 0.83467156, 1.00000000, 1.00000000, 1.00000000
0.101010101010, 0.828282828283, 0.84138561, 1.00000000, 1.00000000, 1.00000000
0.101010101010, 0.838383838384, 0.84873848, 1.00000000, 1.00000000, 1.00000000
0.101010101010, 0.848484848485, 0.85670089, 1.00000000, 1.00000000, 1.00000000
0.101010101010, 0.858585858586, 0.86524111, 1.00000000, 1.00000000, 1.00000000
0.101010101010, 0.868686868687, 0.87432506, 1.00000000, 1.00000000, 1.00000000
0.101010101010, 0.878787878788, 0.88391649, 1.00000000, 1.00000000, 1.00000000
0.101010101010, 0.888888888889, 0.89397704, 1.00000000, 1.00000000, 1.00000000
0.101010101010, 0.898989898990, 0.90446648, 1.00000000, 1.00000000, 1.00000000
0.101010101010, 0.909090909091, 0.91534280, 1.00000000, 1.00000000, 1.00000000
0.101010101010, 0.919191919192, 0.92656237, 1.00000000, 1.00000000, 1.00000000
0.101010101010, 0.929292929293, 0.93808006, 1.00000000, 1.00000000, 1.00000000
0.101010101010, 0.939393939394, 0.94984912, 1.00000000, 1.00000000, 1.00000000
0.101010101010, 0.949494949495, 0.96182062, 1.00000000, 1.00000000, 1.00000000
0.101010101010, 0.959595959596, 0.97394170, 1.00000000, 1.00000000, 1.00000000
0.111111111111, -0.000000000000, 1.04605412, 1.00000000, 1.00000000, 1.00000000
0.111111111111, 0.010101010101, 1.05706208, 1.00000000, 1.00000000, 1.00000000
0.111111111111, 0.020202020202, 1.06753953, 1.00000000, 1.00000000, 1.00000000
0.111111111111, 0.030303030303, 1.07752720, 1.00000000, 1.00000000, 1.00000000
0.111111111111, 0.040404040404, 1.08714753, 1.00000000, 1.00000000, 1.00000000
0.111111111111, 0.050505050505, 1.09655444, 1.00000000, 1.00000000, 1.00000000
0.111111111111, 0.060606060606, 1.10586550, 1.00000000, 1.00000000, 1.00000000
0.111111111111, 0.070707070707, 1.11511420, 1.00000000, 1.00000000, 1.00000000
0.111111111111, 0.080808080808, 1.12424528, 1.00000000, 1.00000000, 1.00000000
0.111111111111, 0.090909090909, 1.13314614, 1.00000000, 1.00000000, 1.00000000
0.111111111111, 0.101010101010, 1.14168928, 1.00000000, 1.00000000, 1.00000000
0.111111111111, 0.111111111111, 1.14976311, 1.00000000, 1.00000000, 1.00000000
0.111111111111, 0.121212121212, 1.15728358, 1.00000000, 1.00000000, 1.00000000
0.111111111111, 0.131313131313, 1.16419185, 1.00000000, 1.00000000, 1.00000000
0.111111111111, 0.141414141414, 1.17044666, 1.00000000, 1.00000000, 1.00000000
0.111111111111, 0.151515151515, 1.17601731, 1.00000000, 1.00000000, 1.00000000
0.111111111111, 0.161616161616, 1.18087938, 1.00000000, 1.00000000, 1.00000000
0.111111111111, 0.171717171717, 1.18501261, 1.00000000, 1.00000000, 1.00000000
0.111111111111, 0.181818181818, 1.18840006, 1.00000000, 1.00000000, 1.00000000
0.111111111111, 0.191919191919, 1.19102795, 1.00000000, 1.00000000, 1.00000000
0.111111111111, 0.202020202020, 1.19288558, 1.00000000, 1.00000000, 1.00000000
0.111111111111, 0.212121212121, 1.19396536, 1.00000000, 1.00000000, 1.00000000
0.111111111111, 0.222222222222, 1.19426284, 1.00000000, 1.00000000, 1.00000000
0.111111111111, 0.232323232323, 1.19377688, 1.00000000, 1.00000000, 1.00000000
0.111111111111, 0.242424242424, 1.19250952, 1.00000000, 1.00000000, 1.00000000
0.111111111111, 0.252525252525, 1.19046593, 1.00000000, 1.00000000, 1.00000000
0.111111111111, 0.262626262626, 1.18765447, 1.00000000, 1.00000000, 1.00000000
0.111111111111, 0.272727272727, 1.18408656, 1.00000000, 1.00000000, 1.00000000
0.111111111111, 0.282828282828, 1.17977670, 1.00000000, 1.00000000, 1.00000000
0.111111111111, 0.292929292929, 1.17474239, 1.00000000, 1.00000000, 1.00000000
0.111111111111, 0.303030303030, 1.16900406, 1.00000000, 1.00000000, 1.00000000
0.111111111111, 0.313131313131, 1.16258499, 1.00000000, 1.00000000, 1.00000000
0.111111111111, 0.323232323232, 1.15551121, 1.00000000, 1.00000000, 1.00000000
0.111111111111, 0.333333333333, 1.14781142, 1.00000000, 1.00000000, 1.00000000
0.111111111111, 0.343434343434, 1.13951683, 1.00000000, 1.00000000, 1.00000000
0.111111111111, 0.353535353535, 1.13066106, 1.00000000, 1.00000000, 1.00000000
0.111111111111, 0.363636363636, 1.12128001, 1.00000000, 1.00000000, 1.00000000
0.111111111111, 0.373737373737, 1.11141167, 1.00000000, 1.00000000, 1.00000000
0.111111111111, 0.383838383838, 1.10109602, 1.00000000, 1.00000000, 1.00000000
0.111111111111, 0.393939393939, 1.09037482, 1.00000000, 1.00000000, 1.00000000
0.111111111111, 0.404040404040, 1.07929147, 1.00000000, 1.00000000, 1.00000000
0.111111111111, 0.414141414141, 1.06789082, 1.00000000, 1.00000000, 1.00000000
0.111111111111, 0.424242424242, 1.05621896, 1.00000000, 1.00000000, 1.00000000
0.111111111111, 0.434343434343, 1.04432309, 1.00000000, 1.00000000, 1.00000000
0.111111111111, 0.444444444444, 1.03225127, 1.00000000, 1.00000000, 1.00000000
0.111111111111, 0.454545454545, 1.02005226, 1.00000000, 1.00000000, 1.00000000
0.111111111111, 0.464646464646, 1.00777529, 1.00000000, 1.00000000, 1.00000000
0.111111111111, 0.474747474747, 0.99546988, 1.00000000, 1.00000000, 1.00000000
0.111111111111, 0.484848484848, 0.98318564, 1.00000000, 1.00000000, 1.00000000
0.111111111111, 0.494949494949, 0.97097205, 1.00000000, 1.00000000, 1.00000000
0.111111111111, 0.505050505051, 0.95887829, 1.00000000, 1.00000000, 1.00000000
0.111111111111, 0.515151515152, 0.94695299, 1.00000000, 1.00000000, 1.00000000
0.111111111111, 0.525252525253, 0.93524409, 1.00000000, 1.00000000, 1.00000000
0.111111111111, 0.535353535354, 0.92379860, 1.00000000, 1.00000000, 1.00000000
0.111111111111, 0.545454545455, 0.91266245, 1.00000000, 1.00000000, 1.00000000
0.111111111111, 0.555555555556, 0.90188028, 1.00000000, 1.00000000, 1.00000000
0.111111111111, 0.565656565657, 0.89149527, 1.00000000, 1.00000000, 1.00000000
0.111111111111, 0.575757575758, 0.88154898, 1.00000000, 1.00000000, 1.00000000
0.111111111111, 0.585858585859, 0.87208115, 1.00000000, 1.00000000, 1.00000000
0.111111111111, 0.595959595960, 0.86312962, 1.00000000, 1.00000000, 1.00000000
0.111111111111, 0.606060606061, 0.85473008, 1.00000000, 1.00000000, 1.00000000
0.111111111111, 0.616161616162, 0.84691605, 1.00000000, 1.00000000, 1.00000000
0.111111111111, 0.626262626263, 0.83971863, 1.00000000, 1.00000000, 1.00000000
0.111111111111, 0.636363636364, 0.83316649, 1.00000000, 1.00000000, 1.00000000
0.111111111111, 0.646464646465, 0.82728569, 1.00000000, 1.00000000, 1.00000000
0.111111111111, 0.656565656566, 0.82209962, 1.00000000, 1.00000000, 1.00000000
0.111111111111, 0.666666666667, 0.81762891, 1.00000000, 1.00000000, 1.00000000
0.111111111111, 0.676767676768, 0.81389134, 1.00000000, 1.00000000, 1.00000000
0.111111111111, 0.686868686869, 0.81090179, 1.00000000, 1.00000000, 1.00000000
0.111111111111, 0.696969696970, 0.80867219, 1.00000000, 1.00000000, 1.00000000
0.111111111111, 0.707070707071, 0.80721147, 1.00000000, 1.00000000, 1.00000000
0.111111111111, 0.717171717172, 0.80652554, 1.00000000, 1.00000000, 1.00000000
0.111111111111, 0.727272727273, 0.80661717, 1.00000000, 1.00000000, 1.00000000
0.111111111111, 0.737373737374, 0.80748593, 1.00000000, 1.00000000, 1.00000000
0.111111111111, 0.747474747475, 0.80912830, 1.00000000, 1.00000000, 1.00000000
0.111111111111, 0.757575757576, 0.81153772, 1.00000000, 1.00000000, 1.00000000
0.111111111111, 0.767676767677, 0.81470461, 1.00000000, 1.00000000, 1.00000000
0.111111111111, 0.777777777778, 0.81861639, 1.00000000, 1.00000000, 1.00000000
0.111111111111, 0.787878787879, 0.82325754, 1.00000000, 1.00000000, 1.00000000
0.111111111111, 0.797979797980, 0.82860964, 1.00000000, 1.00000000, 1.00000000
0.111111111111, 0.808080808081, 0.83465142, 1.00000000, 1.00000000, 1.00000000
0.111111111111, 0.818181818182, 0.84135888, 1.00000000, 1.00000000, 1.00000000
0.111111111111, 0.828282828283, 0.84870533, 1.00000000, 1.00000000, 1.00000000
0.111111111111, 0.838383838384, 0.85666153, 1.00000000, 1.00000000, 1.00000000
0.111111111111, 0.848484848485, 0.86519578, 1.00000000, 1.00000000, 1.00000000
0.111111111111, 0.858585858586, 0.87427404, 1.00000000, 1.00000000, 1.00000000
0.111111111111, 0.868686868687, 0.88386005, 1.00000000, 1.00000000, 1.00000000
0.111111111111, 0.878787878788, 0.89391551, 1.00000000, 1.00000000, 1.00000000
0.111111111111, 0.888888888889, 0.90440019, 1.00000000, 1.00000000, 1.00000000
0.111111111111, 0.898989898990, 0.91527211, 1.00000000, 1.00000000, 1.00000000
0.111111111111, 0.909090909091, 0.92648767, 1.00000000, 1.00000000, 1.00000000
0.111111111111, 0.919191919192, 0.93800186, 1.00000000, 1.00000000, 1.00000000
0.111111111111, 0.929292929293, 0.94976830, 1.00000000, 1.00000000, 1.00000000
0.111111111111, 0.939393939394, 0.96173926, 1.00000000, 1.00000000, 1.00000000
0.111111111111, 0.949494949495, 0.97386501, 1.00000000, 1.00000000, 1.00000000
0.111111111111, 0.959595959596, 0.98609222, 1.00000000, 1.00000000, 1.00000000
0.121212121212, -0.000000000000, 1.05791047, 1.00000000, 1.00000000, 1.00000000
0.121212121212, 0.010101010101, 1.06871651, 1.00000000, 1.00000000, 1.00000000
0.121212121212, 0.020202020202, 1.07895841, 1.00000000, 1.00000000, 1.00000000
0.121212121212, 0.030303030303, 1.08867720, 1.00000000, 1.00000000, 1.00000000
0.121212121212, 0.040404040404, 1.09799317, 1.00000000, 1.00000000, 1.00000000
0.121212121212, 0.050505050505, 1.10705643, 1.00000000, 1.00000000, 1.00000000
0.121212121212, 0.060606060606, 1.11598053, 1.00000000, 1.00000000, 1.00000000
0.121212121212, 0.070707070707, 1.12479648, 1.00000000, 1.00000000, 1.00000000
0.121212121212, 0.080808080808, 1.13344893, 1.00000000, 1.00000000, 1.00000000
0.121212121212, 0.090909090909, 1.14182746, 1.00000000, 1.00000000, 1.00000000
0.121212121212, 0.101010101010, 1.14980819, 1.00000000, 1.00000000, 1.00000000
0.121212121212, 0.111111111111, 1.15728358, 1.00000000, 1.00000000, 1.00000000
0.121212121212, 0.121212121212, 1.16417341, 1.00000000, 1.00000000, 1.00000000
0.121212121212, 0.131313131313, 1.17042230, 1.00000000, 1.00000000, 1.00000000
0.121212121212, 0.141414141414, 1.17599211, 1.00000000, 1.00000000, 1.00000000
0.121212121212, 0.151515151515, 1.18085514, 1.00000000, 1.00000000, 1.00000000
0.121212121212, 0.161616161616, 1.18498991, 1.00000000, 1.00000000, 1.00000000
0.121212121212, 0.171717171717, 1.18837910, 1.00000000, 1.00000000, 1.00000000
0.121212121212, 0.181818181818, 1.19100882, 1.00000000, 1.00000000, 1.00000000
0.121212121212, 0.191919191919, 1.19286834, 1.00000000, 1.00000000, 1.00000000
0.121212121212, 0.202020202020, 1.19395006, 1.00000000, 1.00000000, 1.00000000
0.121212121212, 0.212121212121, 1.19424954, 1.00000000, 1.00000000, 1.00000000
0.121212121212, 0.222222222222, 1.19376561, 1.00000000, 1.00000000, 1.00000000
0.121212121212, 0.232323232323, 1.19250032, 1.00000000, 1.00000000, 1.00000000
0.121212121212, 0.242424242424, 1.19045884, 1.00000000, 1.00000000, 1.00000000
0.121212121212, 0.252525252525, 1.18764950, 1.00000000, 1.00000000, 1.00000000
0.121212121212, 0.262626262626, 1.18408375, 1.00000000, 1.00000000, 1.00000000
0.121212121212, 0.272727272727, 1.17977606, 1.00000000, 1.00000000, 1.00000000
0.121212121212, 0.282828282828, 1.17474393, 1.00000000, 1.00000000, 1.00000000
0.121212121212, 0.292929292929, 1.16900779, 1.00000000, 1.00000000, 1.00000000
0.121212121212, 0.303030303030, 1.16259091, 1.00000000, 1.00000000, 1.00000000
0.121212121212, 0.313131313131, 1.15551933, 1.00000000, 1.00000000, 1.00000000
0.121212121212, 0.323232323232, 1.14782172, 1.00000000, 1.00000000, 1.00000000
0.121212121212, 0.333333333333, 1.13952930, 1.00000000, 1.00000000, 1.00000000
0.121212121212, 0.343434343434, 1.13067568, 1.00000000, 1.00000000, 1.00000000
0.121212121212, 0.353535353535, 1.12129674, 1.00000000, 1.00000000, 1.00000000
0.121212121212, 0.363636363636, 1.11143049, 1.00000000, 1.00000000, 1.00000000
0.121212121212, 0.373737373737, 1.10111688, 1.00000000, 1.00000000, 1.00000000
0.121212121212, 0.383838383838, 1.09039769, 1.00000000, 1.00000000, 1.00000000
0.121212121212, 0.393939393939, 1.07931628, 1.00000000, 1.00000000, 1.00000000
0.121212121212, 0.404040404040, 1.06791751, 1.00000000, 1.00000000, 1.00000000
0.121212121212, 0.414141414141, 1.05624747, 1.00000000, 1.00000000, 1.00000000
0.121212121212, 0.424242424242, 1.04435334, 1.00000000, 1.00000000, 1.00000000
0.121212121212, 0.434343434343, 1.03228318, 1.00000000, 1.00000000, 1.00000000
0.121212121212, 0.444444444444, 1.02008573, 1.00000000, 1.00000000, 1.00000000
0.121212121212, 0.454545454545, 1.00781021, 1.00000000, 1.00000000, 1.00000000
0.121212121212, 0.464646464646, 0.99550616, 1.00000000, 1.00000000, 1.00000000
0.121212121212, 0.474747474747, 0.98322315, 1.00000000, 1.00000000, 1.00000000
0.121212121212, 0.484848484848, 0.97101068, 1.00000000, 1.00000000, 1.00000000
0.121212121212, 0.494949494949, 0.95891789, 1.00000000, 1.00000000, 1.00000000
0.121212121212, 0.505050505051, 0.94699342, 1.00000000, 1.00000000, 1.00000000
0.121212121212, 0.515151515152, 0.93528520, 1.00000000, 1.00000000, 1.00000000
0.121212121212, 0.525252525253, 0.92384024, 1.00000000, 1.00000000, 1.00000000
0.121212121212, 0.535353535354, 0.91270444, 1.00000000, 1.00000000, 1.00000000
0.121212121212, 0.545454545455, 0.90192245, 1.00000000, 1.00000000, 1.00000000
0.121212121212, 0.555555555556, 0.89153745, 1.00000000, 1.00000000, 1.00000000
0.121212121212, 0.565656565657, 0.88159097, 1.00000000, 1.00000000, 1.00000000
0.121212121212, 0.575757575758, 0.87212277, 1.00000000, 1.00000000, 1.00000000
0.121212121212, 0.585858585859, 0.86317067, 1.00000000, 1.00000000, 1.00000000
0.121212121212, 0.595959595960, 0.85477038, 1.00000000, 1.00000000, 1.00000000
0.121212121212, 0.606060606061, 0.84695539, 1.00000000, 1.00000000, 1.00000000
0.121212121212, 0.616161616162, 0.83975682, 1.00000000, 1.00000000, 1.00000000
0.121212121212, 0.626262626263, 0.83320334, 1.00000000, 1.00000000, 1.00000000
0.121212121212, 0.636363636364, 0.82732101, 1.00000000, 1.00000000, 1.00000000
0.121212121212, 0.646464646465, 0.82213322, 1.00000000, 1.00000000, 1.00000000
0.121212121212, 0.656565656566, 0.81766061, 1.00000000, 1.00000000, 1.00000000
0.121212121212, 0.666666666667, 0.81392097, 1.00000000, 1.00000000, 1.00000000
0.121212121212, 0.676767676768, 0.81092920, 1.00000000, 1.00000000, 1.00000000
0.121212121212, 0.686868686869, 0.80869722, 1.00000000, 1.00000000, 1.00000000
0.121212121212, 0.696969696970, 0.80723400, 1.00000000, 1.00000000, 1.00000000
0.121212121212, 0.707070707071, 0.80654544, 1.00000000, 1.00000000, 1.00000000
0.121212121212, 0.717171717172, 0.80663436, 1.00000000, 1.00000000, 1.00000000
0.121212121212, 0.727272727273, 0.80750031, 1.00000000, 1.00000000, 1.00000000
0.121212121212, 0.737373737374, 0.80913980, 1.00000000, 1.00000000, 1.00000000
0.121212121212, 0.747474747475, 0.81154629, 1.00000000, 1.00000000, 1.00000000
0.121212121212, 0.757575757576, 0.81471022, 1.00000000, 1.00000000, 1.00000000
0.121212121212, 0.767676767677, 0.81861903, 1.00000000, 1.00000000, 1.00000000
0.121212121212, 0.777777777778, 0.82325721, 1.00000000, 1.00000000, 1.00000000
0.121212121212, 0.787878787879, 0.82860635, 1.00000000, 1.00000000, 1.00000000
0.121212121212, 0.797979797980, 0.83464522, 1.00000000, 1.00000000, 1.00000000
0.121212121212, 0.808080808081, 0.84134983, 1.00000000, 1.00000000, 1.00000000
0.121212121212, 0.818181818182, 0.84869350, 1.00000000, 1.00000000, 1.00000000
0.121212121212, 0.828282828283, 0.85664701, 1.00000000, 1.00000000, 1.00000000
0.121212121212, 0.838383838384, 0.86517867, 1.00000000, 1.00000000, 1.00000000
0.121212121212, 0.848484848485, 0.87425446, 1.00000000, 1.00000000, 1.00000000
0.121212121212, 0.858585858586, 0.88383812, 1.00000000, 1.00000000, 1.00000000
0.121212121212, 0.868686868687, 0.89389137, 1.00000000, 1.00000000, 1.00000000
0.121212121212, 0.878787878788, 0.90437399, 1.00000000, 1.00000000, 1.00000000
0.121212121212, 0.888888888889, 0.91524399, 1.00000000, 1.00000000, 1.00000000
0.121212121212, 0.898989898990, 0.92645781, 1.00000000, 1.00000000, 1.00000000
0.121212121212, 0.909090909091, 0.93797044, 1.00000000, 1.00000000, 1.00000000
0.121212121212, 0.919191919192, 0.94973562, 1.00000000, 1.00000000, 1.00000000
0.121212121212, 0.929292929293, 0.96170596, 1.00000000, 1.00000000, 1.00000000
0.121212121212, 0.939393939394, 0.97383286, 1.00000000, 1.00000000, 1.00000000
0.121212121212, 0.949494949495, 0.98606601, 1.00000000, 1.00000000, 1.00000000
0.121212121212, 0.959595959596, 0.99835184, 1.00000000, 1.00000000, 1.00000000
0.131313131313, -0.000000000000, 1.06955992, 1.00000000, 1.00000000, 1.00000000
0.131313131313, 0.010101010101, 1.08012041, 1.00000000, 1.00000000, 1.00000000
0.131313131313, 0.020202020202, 1.09008542, 1.00000000, 1.00000000, 1.00000000
0.131313131313, 0.030303030303, 1.09949612, 1.00000000, 1.00000000, 1.00000000
0.131313131313, 0.040404040404, 1.10847013, 1.00000000, 1.00000000, 1.00000000
0.131313131313, 0.050505050505, 1.11715302, 1.00000000, 1.00000000, 1.00000000
0.131313131313, 0.060606060606, 1.12565383, 1.00000000, 1.00000000, 1.00000000
0.131313131313, 0.070707070707, 1.13400093, 1.00000000, 1.00000000, 1.00000000
0.131313131313, 0.080808080808, 1.14213912, 1.00000000, 1.00000000, 1.00000000
0.131313131313, 0.090909090909, 1.14996072, 1.00000000, 1.00000000, 1.00000000
0.131313131313, 0.101010101010, 1.15734598, 1.00000000, 1.00000000, 1.00000000
0.131313131313, 0.111111111111, 1.16419185, 1.00000000, 1.00000000, 1.00000000
0.131313131313, 0.121212121212, 1.17042230, 1.00000000, 1.00000000, 1.00000000
0.131313131313, 0.131313131313, 1.17598561, 1.00000000, 1.00000000, 1.00000000
0.131313131313, 0.141414141414, 1.18084692, 1.00000000, 1.00000000, 1.00000000
0.131313131313, 0.151515151515, 1.18498163, 1.00000000, 1.00000000, 1.00000000
0.131313131313, 0.161616161616, 1.18837127, 1.00000000, 1.00000000, 1.00000000
0.131313131313, 0.171717171717, 1.19100159, 1.00000000, 1.00000000, 1.00000000
0.131313131313, 0.181818181818, 1.19286175, 1.00000000, 1.00000000, 1.00000000
0.131313131313, 0.191919191919, 1.19394414, 1.00000000, 1.00000000, 1.00000000
0.131313131313, 0.202020202020, 1.19424431, 1.00000000, 1.00000000, 1.00000000
0.131313131313, 0.212121212121, 1.19376108, 1.00000000, 1.00000000, 1.00000000
0.131313131313, 0.222222222222, 1.19249650, 1.00000000, 1.00000000, 1.00000000
0.131313131313, 0.232323232323, 1.19045575, 1.00000000, 1.00000000, 1.00000000
0.131313131313, 0.242424242424, 1.18764715, 1.00000000, 1.00000000, 1.00000000
0.131313131313, 0.252525252525, 1.18408214, 1.00000000, 1.00000000, 1.00000000
0.131313131313, 0.262626262626, 1.17977521, 1.00000000, 1.00000000, 1.00000000
0.131313131313, 0.272727272727, 1.17474384, 1.00000000, 1.00000000, 1.00000000
0.131313131313, 0.282828282828, 1.16900847, 1.00000000, 1.00000000, 1.00000000
0.131313131313, 0.292929292929, 1.16259236, 1.00000000, 1.00000000, 1.00000000
0.131313131313, 0.303030303030, 1.15552155, 1.00000000, 1.00000000, 1.00000000
0.131313131313, 0.313131313131, 1.14782472, 1.00000000, 1.00000000, 1.00000000
0.131313131313, 0.323232323232, 1.13953307, 1.00000000, 1.00000000, 1.00000000
0.131313131313, 0.333333333333, 1.13068022, 1.00000000, 1.00000000, 1.00000000
0.131313131313, 0.343434343434, 1.12130205, 1.00000000, 1.00000000, 1.00000000
0.131313131313, 0.353535353535, 1.11143656, 1.00000000, 1.00000000, 1.00000000
0.131313131313, 0.363636363636, 1.10112371, 1.00000000, 1.00000000, 1.00000000
0.131313131313, 0.373737373737, 1.09040525, 1.00000000, 1.00000000, 1.00000000
0.131313131313, 0.383838383838, 1.07932457, 1.00000000, 1.00000000, 1.00000000
0.131313131313, 0.393939393939, 1.06792651, 1.00000000, 1.00000000, 1.00000000
0.131313131313, 0.404040404040, 1.05625717, 1.00000000, 1.00000000, 1.00000000
0.131313131313, 0.414141414141, 1.04436371, 1.00000000, 1.00000000, 1.00000000
0.131313131313, 0.424242424242, 1.03229419, 1.00000000, 1.00000000, 1.00000000
0.131313131313, 0.434343434343, 1.02009736, 1.00000000, 1.00000000, 1.00000000
0.131313131313, 0.444444444444, 1.00782243, 1.00000000, 1.00000000, 1.00000000
0.131313131313, 0.454545454545, 0.99551893, 1.00000000, 1.00000000, 1.00000000
0.131313131313, 0.464646464646, 0.98323645, 1.00000000, 1.00000000, 1.00000000
0.131313131313, 0.474747474747, 0.97102445, 1.00000000, 1.00000000, 1.00000000
0.131313131313, 0.484848484848, 0.95893210, 1.00000000, 1.00000000, 1.00000000
0.131313131313, 0.494949494949, 0.94700802, 1.00000000, 1.00000000, 1.00000000
0.131313131313, 0.505050505051, 0.93530013, 1.00000000, 1.00000000, 1.00000000
0.131313131313, 0.515151515152, 0.92385545, 1.00000000, 1.00000000, 1.00000000
0.131313131313, 0.525252525253, 0.91271988, 1.00000000, 1.00000000, 1.00000000
0.131313131313, 0.535353535354, 0.90193805, 1.00000000, 1.00000000, 1.00000000
0.131313131313, 0.545454545455, 0.89155314, 1.00000000, 1.00000000, 1.00000000
0.131313131313, 0.555555555556, 0.88160669, 1.00000000, 1.00000000, 1.00000000
0.131313131313, 0.565656565657, 0.87213846, 1.00000000, 1.00000000, 1.00000000
0.131313131313, 0.575757575758, 0.86318624, 1.00000000, 1.00000000, 1.00000000
0.131313131313, 0.585858585859, 0.85478576, 1.00000000, 1.00000000, 1.00000000
0.131313131313, 0.595959595960, 0.84697050, 1.00000000, 1.00000000, 1.00000000
0.131313131313, 0.606060606061, 0.83977159, 1.00000000, 1.00000000, 1.00000000
0.131313131313, 0.616161616162, 0.83321769, 1.00000000, 1.00000000, 1.00000000
0.131313131313, 0.626262626263, 0.82733486, 1.00000000, 1.00000000, 1.00000000
0.131313131313, 0.636363636364, 0.82214650, 1.00000000, 1.00000000, 1.00000000
0.131313131313, 0.646464646465, 0.81767324, 1.00000000, 1.00000000, 1.00000000
0.131313131313, 0.656565656566, 0.81393289, 1.00000000, 1.00000000, 1.00000000
0.131313131313, 0.666666666667, 0.81094032, 1.00000000, 1.00000000, 1.00000000
0.131313131313, 0.676767676768, 0.80870750, 1.00000000, 1.00000000, 1.00000000
0.131313131313, 0.686868686869, 0.80724337, 1.00000000, 1.00000000, 1.00000000
0.131313131313, 0.696969696970, 0.80655386, 1.00000000, 1.00000000, 1.00000000
0.131313131313, 0.707070707071, 0.80664177, 1.00000000, 1.00000000, 1.00000000
0.131313131313, 0.717171717172, 0.80750667, 1.00000000, 1.00000000, 1.00000000
0.131313131313, 0.727272727273, 0.80914509, 1.00000000, 1.00000000, 1.00000000
0.131313131313, 0.737373737374, 0.81155048, 1.00000000, 1.00000000, 1.00000000
0.131313131313, 0.747474747475, 0.81471329, 1.00000000, 1.00000000, 1.00000000
0.131313131313, 0.757575757576, 0.81862097, 1.00000000, 1.00000000, 1.00000000
0.131313131313, 0.767676767677, 0.82325801, 1.00000000, 1.00000000, 1.00000000
0.131313131313, 0.777777777778, 0.82860603, 1.00000000, 1.00000000, 1.00000000
0.131313131313, 0.787878787879, 0.83464379, 1.00000000, 1.00000000, 1.00000000
0.131313131313, 0.797979797980, 0.84134730, 1.00000000, 1.00000000, 1.00000000
0.131313131313, 0.808080808081, 0.84868990, 1.00000000, 1.00000000, 1.00000000
0.131313131313, 0.818181818182, 0.85664237, 1.00000000, 1.00000000, 1.00000000
0.131313131313, 0.828282828283, 0.86517304, 1.00000000, 1.00000000, 1.00000000
0.131313131313, 0.838383838384, 0.87424786, 1.00000000, 1.00000000, 1.00000000
0.131313131313, 0.848484848485, 0.88383063, 1.00000000, 1.00000000, 1.00000000
0.131313131313, 0.858585858586, 0.89388302, 1.00000000, 1.00000000, 1.00000000
0.131313131313, 0.868686868687, 0.90436484, 1.00000000, 1.00000000, 1.00000000
0.131313131313, 0.878787878788, 0.91523411, 1.00000000, 1.00000000, 1.00000000
0.131313131313, 0.888888888889, 0.92644725, 1.00000000, 1.00000000, 1.00000000
0.131313131313, 0.898989898990, 0.93795928, 1.00000000, 1.00000000, 1.00000000
0.131313131313, 0.909090909091, 0.94972395, 1.00000000, 1.00000000, 1.00000000
0.131313131313, 0.919191919192, 0.96169396, 1.00000000, 1.00000000, 1.00000000
0.131313131313, 0.929292929293, 0.97382104, 1.00000000, 1.00000000, 1.00000000
0.131313131313, 0.939393939394, 0.98605596, 1.00000000, 1.00000000, 1.00000000
0.131313131313, 0.949494949495, 0.99834804, 1.00000000, 1.00000000, 1.00000000
0.131313131313, 0.959595959596, 1.01064363, 1.00000000, 1.00000000, 1.00000000
0.141414141414, -0.000000000000, 1.08094024, 1.00000000, 1.00000000, 1.00000000
0.141414141414, 0.010101010101, 1.09121242, 1.00000000, 1.00000000, 1.00000000
0.141414141414, 0.020202020202, 1.10086030, 1.00000000, 1.00000000, 1.00000000
0.141414141414, 0.030303030303, 1.10992498, 1.00000000, 1.00000000, 1.00000000
0.141414141414, 0.040404040404, 1.11852087, 1.00000000, 1.00000000, 1.00000000
0.141414141414, 0.050505050505, 1.12678833, 1.00000000, 1.00000000, 1.00000000
0.141414141414, 0.060606060606, 1.13483137, 1.00000000, 1.00000000, 1.00000000
0.141414141414, 0.070707070707, 1.14267560, 1.00000000, 1.00000000, 1.00000000
0.141414141414, 0.080808080808, 1.15026628, 1.00000000, 1.00000000, 1.00000000
0.141414141414, 0.090909090909, 1.15749889, 1.00000000, 1.00000000, 1.00000000
0.141414141414, 0.101010101010, 1.16425840, 1.00000000, 1.00000000, 1.00000000
0.141414141414, 0.111111111111, 1.17044666, 1.00000000, 1.00000000, 1.00000000
0.141414141414, 0.121212121212, 1.17599211, 1.00000000, 1.00000000, 1.00000000
0.141414141414, 0.131313131313, 1.18084692, 1.00000000, 1.00000000, 1.00000000
0.141414141414, 0.141414141414, 1.18497965, 1.00000000, 1.00000000, 1.00000000
0.141414141414, 0.151515151515, 1.18836887, 1.00000000, 1.00000000, 1.00000000
0.141414141414, 0.161616161616, 1.19099923, 1.00000000, 1.00000000, 1.00000000
0.141414141414, 0.171717171717, 1.19285956, 1.00000000, 1.00000000, 1.00000000
0.141414141414, 0.181818181818, 1.19394215, 1.00000000, 1.00000000, 1.00000000
0.141414141414, 0.191919191919, 1.19424252, 1.00000000, 1.00000000, 1.00000000
0.141414141414, 0.202020202020, 1.19375951, 1.00000000, 1.00000000, 1.00000000
0.141414141414, 0.212121212121, 1.19249514, 1.00000000, 1.00000000, 1.00000000
0.141414141414, 0.222222222222, 1.19045461, 1.00000000, 1.00000000, 1.00000000
0.141414141414, 0.232323232323, 1.18764624, 1.00000000, 1.00000000, 1.00000000
0.141414141414, 0.242424242424, 1.18408146, 1.00000000, 1.00000000, 1.00000000
0.141414141414, 0.252525252525, 1.17977475, 1.00000000, 1.00000000, 1.00000000
0.141414141414, 0.262626262626, 1.17474362, 1.00000000, 1.00000000, 1.00000000
0.141414141414, 0.272727272727, 1.16900849, 1.00000000, 1.00000000, 1.00000000
0.141414141414, 0.282828282828, 1.16259262, 1.00000000, 1.00000000, 1.00000000
0.141414141414, 0.292929292929, 1.15552205, 1.00000000, 1.00000000, 1.00000000
0.141414141414, 0.303030303030, 1.14782546, 1.00000000, 1.00000000, 1.00000000
0.141414141414, 0.313131313131, 1.13953405, 1.00000000, 1.00000000, 1.00000000
0.141414141414, 0.323232323232, 1.13068144, 1.00000000, 1.00000000, 1.00000000
0.141414141414, 0.333333333333, 1.12130352, 1.00000000, 1.00000000, 1.00000000
0.141414141414, 0.343434343434, 1.11143827, 1.00000000, 1.00000000, 1.00000000
0.141414141414, 0.353535353535, 1.10112566, 1.00000000, 1.00000000, 1.00000000
0.141414141414, 0.363636363636, 1.09040744, 1.00000000, 1.00000000, 1.00000000
0.141414141414, 0.373737373737, 1.07932700, 1.00000000, 1.00000000, 1.00000000
0.141414141414, 0.383838383838, 1.06792917, 1.00000000, 1.00000000, 1.00000000
0.141414141414, 0.393939393939, 1.05626006, 1.00000000, 1.00000000, 1.00000000
0.141414141414, 0.404040404040, 1.04436682, 1.00000000, 1.00000000, 1.00000000
0.141414141414, 0.414141414141, 1.03229753, 1.00000000, 1.00000000, 1.00000000
0.141414141414, 0.424242424242, 1.02010091, 1.00000000, 1.00000000, 1.00000000
0.141414141414, 0.434343434343, 1.00782619, 1.00000000, 1.00000000, 1.00000000
0.141414141414, 0.444444444444, 0.99552289, 1.00000000, 1.00000000, 1.00000000
0.141414141414, 0.454545454545, 0.98324059, 1.00000000, 1.00000000, 1.00000000
0.141414141414, 0.464646464646, 0.97102877, 1.00000000, 1.00000000, 1.00000000
0.141414141414, 0.474747474747, 0.95893658, 1.00000000, 1.00000000, 1.00000000
0.141414141414, 0.484848484848, 0.94701265, 1.00000000, 1.00000000, 1.00000000
0.141414141414, 0.494949494949, 0.93530490, 1.00000000, 1.00000000, 1.00000000
0.141414141414, 0.505050505051, 0.92386034, 1.00000000, 1.00000000, 1.00000000
0.141414141414, 0.515151515152, 0.91272487, 1.00000000, 1.00000000, 1.00000000
0.141414141414, 0.525252525253, 0.90194313, 1.00000000, 1.00000000, 1.00000000
0.141414141414, 0.535353535354, 0.89155828, 1.00000000, 1.00000000, 1.00000000
0.141414141414, 0.545454545455, 0.88161188, 1.00000000, 1.00000000, 1.00000000
0.141414141414, 0.555555555556, 0.87214366, 1.00000000, 1.00000000, 1.00000000
0.141414141414, 0.565656565657, 0.86319144, 1.00000000, 1.00000000, 1.00000000
0.141414141414, 0.575757575758, 0.85479093, 1.00000000, 1.00000000, 1.00000000
0.141414141414, 0.585858585859, 0.84697561, 1.00000000, 1.00000000, 1.00000000
0.141414141414, 0.595959595960, 0.83977662, 1.00000000, 1.00000000, 1.00000000
0.141414141414, 0.606060606061, 0.83322260, 1.00000000, 1.00000000, 1.00000000
0.141414141414, 0.616161616162, 0.82733964, 1.00000000, 1.00000000, 1.00000000
0.141414141414, 0.626262626263, 0.82215112, 1.00000000, 1.00000000, 1.00000000
0.141414141414, 0.636363636364, 0.81767767, 1.00000000, 1.00000000, 1.00000000
0.141414141414, 0.646464646465, 0.81393710, 1.00000000, 1.00000000, 1.00000000
0.141414141414, 0.656565656566, 0.81094429, 1.00000000, 1.00000000, 1.00000000
0.141414141414, 0.666666666667, 0.80871121, 1.00000000, 1.00000000, 1.00000000
0.141414141414, 0.676767676768, 0.80724679, 1.00000000, 1.00000000, 1.00000000
0.141414141414, 0.686868686869, 0.80655697, 1.00000000, 1.00000000, 1.00000000
0.141414141414, 0.696969696970, 0.80664455, 1.00000000, 1.00000000, 1.00000000
0.141414141414, 0.707070707071, 0.80750911, 1.00000000, 1.00000000, 1.00000000
0.141414141414, 0.717171717172, 0.80914717, 1.00000000, 1.00000000, 1.00000000
0.141414141414, 0.727272727273, 0.81155220, 1.00000000, 1.00000000, 1.00000000
0.141414141414, 0.737373737374, 0.81471463, 1.00000000, 1.00000000, 1.00000000
0.141414141414, 0.747474747475, 0.81862193, 1.00000000, 1.00000000, 1.00000000
0.141414141414, 0.757575757576, 0.82325860, 1.00000000, 1.00000000, 1.00000000
0.141414141414, 0.767676767677, 0.82860624, 1.00000000, 1.00000000, 1.00000000
0.141414141414, 0.777777777778, 0.83464361, 1.00000000, 1.00000000, 1.00000000
0.141414141414, 0.787878787879, 0.84134675, 1.00000000, 1.00000000, 1.00000000
0.141414141414, 0.797979797980, 0.84868899, 1.00000000, 1.00000000, 1.00000000
0.141414141414, 0.808080808081, 0.85664111, 1.00000000, 1.00000000, 1.00000000
0.141414141414, 0.818181818182, 0.86517143, 1.00000000, 1.00000000, 1.00000000
0.141414141414, 0.828282828283, 0.87424593, 1.00000000, 1.00000000, 1.00000000
0.141414141414, 0.838383838384, 0.88382838, 1.00000000, 1.00000000, 1.00000000
0.141414141414, 0.848484848485, 0.89388049, 1.00000000, 1.00000000, 1.00000000
0.141414141414, 0.858585858586, 0.90436204, 1.00000000, 1.00000000, 1.00000000
0.141414141414, 0.868686868687, 0.91523105, 1.00000000, 1.00000000, 1.00000000
0.141414141414, 0.878787878788, 0.92644396, 1.00000000, 1.00000000, 1.00000000
0.141414141414, 0.888888888889, 0.93795578, 1.00000000, 1.00000000, 1.00000000
0.141414141414, 0.898989898990, 0.94972027, 1.00000000, 1.00000000, 1.00000000
0.141414141414, 0.909090909091, 0.96169015, 1.00000000, 1.00000000, 1.00000000
0.141414141414, 0.919191919192, 0.97381723, 1.00000000, 1.00000000, 1.00000000
0.141414141414, 0.929292929293, 0.98605260, 1.00000000, 1.00000000, 1.00000000
0.141414141414, 0.939393939394, 0.99834657, 1.00000000, 1.00000000, 1.00000000
0.141414141414, 0.949494949495, 1.01064828, 1.00000000, 1.00000000, 1.00000000
0.141414141414, 0.959595959596, 1.02290425, 1.00000000, 1.00000000, 1.00000000
0.151515151515, -0.000000000000, 1.09199908, 1.00000000, 1.00000000, 1.00000000
0.151515151515, 0.010101010101, 1.10194135, 1.00000000, 1.00000000, 1.00000000
0.151515151515, 0.020202020202, 1.11123312, 1.00000000, 1.00000000, 1.00000000
0.151515151515, 0.030303030303, 1.11991527, 1.00000000, 1.00000000, 1.00000000
0.151515151515, 0.040404040404, 1.12809847, 1.00000000, 1.00000000, 1.00000000
0.151515151515, 0.050505050505, 1.13591719, 1.00000000, 1.00000000, 1.00000000
0.151515151515, 0.060606060606, 1.14346992, 1.00000000, 1.00000000, 1.00000000
0.151515151515, 0.070707070707, 1.15077941, 1.00000000, 1.00000000, 1.00000000
0.151515151515, 0.080808080808, 1.15779164, 1.00000000, 1.00000000, 1.00000000
0.151515151515, 0.090909090909, 1.16440576, 1.00000000, 1.00000000, 1.00000000
0.151515151515, 0.101010101010, 1.17051191, 1.00000000, 1.00000000, 1.00000000
0.151515151515, 0.111111111111, 1.17601731, 1.00000000, 1.00000000, 1.00000000
0.151515151515, 0.121212121212, 1.18085514, 1.00000000, 1.00000000, 1.00000000
0.151515151515, 0.131313131313, 1.18498163, 1.00000000, 1.00000000, 1.00000000
0.151515151515, 0.141414141414, 1.18836887, 1.00000000, 1.00000000, 1.00000000
0.151515151515, 0.151515151515, 1.19099871, 1.00000000, 1.00000000, 1.00000000
0.151515151515, 0.161616161616, 1.19285895, 1.00000000, 1.00000000, 1.00000000
0.151515151515, 0.171717171717, 1.19394157, 1.00000000, 1.00000000, 1.00000000
0.151515151515, 0.181818181818, 1.19424199, 1.00000000, 1.00000000, 1.00000000
0.151515151515, 0.191919191919, 1.19375903, 1.00000000, 1.00000000, 1.00000000
0.151515151515, 0.202020202020, 1.19249472, 1.00000000, 1.00000000, 1.00000000
0.151515151515, 0.212121212121, 1.19045425, 1.00000000, 1.00000000, 1.00000000
0.151515151515, 0.222222222222, 1.18764594, 1.00000000, 1.00000000, 1.00000000
0.151515151515, 0.232323232323, 1.18408122, 1.00000000, 1.00000000, 1.00000000
0.151515151515, 0.242424242424, 1.17977458, 1.00000000, 1.00000000, 1.00000000
0.151515151515, 0.252525252525, 1.17474351, 1.00000000, 1.00000000, 1.00000000
0.151515151515, 0.262626262626, 1.16900844, 1.00000000, 1.00000000, 1.00000000
0.151515151515, 0.272727272727, 1.16259264, 1.00000000, 1.00000000, 1.00000000
0.151515151515, 0.282828282828, 1.15552213, 1.00000000, 1.00000000, 1.00000000
0.151515151515, 0.292929292929, 1.14782560, 1.00000000, 1.00000000, 1.00000000
0.151515151515, 0.303030303030, 1.13953426, 1.00000000, 1.00000000, 1.00000000
0.151515151515, 0.313131313131, 1.13068173, 1.00000000, 1.00000000, 1.00000000
0.151515151515, 0.323232323232, 1.12130387, 1.00000000, 1.00000000, 1.00000000
0.151515151515, 0.333333333333, 1.11143868, 1.00000000, 1.00000000, 1.00000000
0.151515151515, 0.343434343434, 1.10112614, 1.00000000, 1.00000000, 1.00000000
0.151515151515, 0.353535353535, 1.09040799, 1.00000000, 1.00000000, 1.00000000
0.151515151515, 0.363636363636, 1.07932762, 1.00000000, 1.00000000, 1.00000000
0.151515151515, 0.373737373737, 1.06792986, 1.00000000, 1.00000000, 1.00000000
0.151515151515, 0.383838383838, 1.05626081, 1.00000000, 1.00000000, 1.00000000
0.151515151515, 0.393939393939, 1.04436764, 1.00000000, 1.00000000, 1.00000000
0.151515151515, 0.404040404040, 1.03229841, 1.00000000, 1.00000000, 1.00000000
0.151515151515, 0.414141414141, 1.02010186, 1.00000000, 1.00000000, 1.00000000
0.151515151515, 0.424242424242, 1.00782720, 1.00000000, 1.00000000, 1.00000000
0.151515151515, 0.434343434343, 0.99552396, 1.00000000, 1.00000000, 1.00000000
0.151515151515, 0.444444444444, 0.98324172, 1.00000000, 1.00000000, 1.00000000
0.151515151515, 0.454545454545, 0.97102996, 1.00000000, 1.00000000, 1.00000000
0.151515151515, 0.464646464646, 0.95893782, 1.00000000, 1.00000000, 1.00000000
0.151515151515, 0.474747474747, 0.94701394, 1.00000000, 1.00000000, 1.00000000
0.151515151515, 0.484848484848, 0.93530624, 1.00000000, 1.00000000, 1.00000000
0.151515151515, 0.494949494949, 0.92386172, 1.00000000, 1.00000000, 1.00000000
0.151515151515, 0.505050505051, 0.91272629, 1.00000000, 1.00000000, 1.00000000
0.151515151515, 0.515151515152, 0.90194458, 1.00000000, 1.00000000, 1.00000000
0.151515151515, 0.525252525253, 0.89155976, 1.00000000, 1.00000000, 1.00000000
0.151515151515, 0.535353535354, 0.88161337, 1.00000000, 1.00000000, 1.00000000
0.151515151515, 0.545454545455, 0.87214517, 1.00000000, 1.00000000, 1.00000000
0.151515151515, 0.555555555556, 0.86319296, 1.00000000, 1.00000000, 1.00000000
0.151515151515, 0.565656565657, 0.85479245, 1.00000000, 1.00000000, 1.00000000
0.151515151515, 0.575757575758, 0.84697713, 1.00000000, 1.00000000, 1.00000000
0.151515151515, 0.585858585859, 0.83977812, 1.00000000, 1.00000000, 1.00000000
0.151515151515, 0.595959595960, 0.83322408, 1.00000000, 1.00000000, 1.00000000
0.151515151515, 0.606060606061, 0.82734109, 1.00000000, 1.00000000, 1.00000000
0.151515151515, 0.616161616162, 0.82215252, 1.00000000, 1.00000000, 1.00000000
0.151515151515, 0.626262626263, 0.81767903, 1.00000000, 1.00000000, 1.00000000
0.151515151515, 0.636363636364, 0.81393840, 1.00000000, 1.00000000, 1.00000000
0.151515151515, 0.646464646465, 0.81094553, 1.00000000, 1.00000000, 1.00000000
0.151515151515, 0.656565656566, 0.80871238, 1.00000000, 1.00000000, 1.00000000
0.151515151515, 0.666666666667, 0.80724788, 1.00000000, 1.00000000, 1.00000000
0.151515151515, 0.676767676768, 0.80655797, 1.00000000, 1.00000000, 1.00000000
0.151515151515, 0.686868686869, 0.80664546, 1.00000000, 1.00000000, 1.00000000
0.151515151515, 0.696969696970, 0.80750993, 1.00000000, 1.00000000, 1.00000000
0.151515151515, 0.707070707071, 0.80914788, 1.00000000, 1.00000000, 1.00000000
0.151515151515, 0.717171717172, 0.81155280, 1.00000000, 1.00000000, 1.00000000
0.151515151515, 0.727272727273, 0.81471513, 1.00000000, 1.00000000, 1.00000000
0.151515151515, 0.737373737374, 0.81862231, 1.00000000, 1.00000000, 1.00000000
0.151515151515, 0.747474747475, 0.82325887, 1.00000000, 1.00000000, 1.00000000
0.151515151515, 0.757575757576, 0.82860639, 1.00000000, 1.00000000, 1.00000000
0.151515151515, 0.767676767677, 0.83464365, 1.00000000, 1.00000000, 1.00000000
0.151515151515, 0.777777777778, 0.84134667, 1.00000000, 1.00000000, 1.00000000
0.151515151515, 0.787878787879, 0.84868880, 1.00000000, 1.00000000, 1.00000000
0.151515151515, 0.797979797980, 0.85664082, 1.00000000, 1.00000000, 1.00000000
0.151515151515, 0.808080808081, 0.86517104, 1.00000000, 1.00000000, 1.00000000
0.151515151515, 0.818181818182, 0.87424544, 1.00000000, 1.00000000, 1.00000000
0.151515151515, 0.828282828283, 0.88382780, 1.00000000, 1.00000000, 1.00000000
0.151515151515, 0.838383838384, 0.89387982, 1.00000000, 1.00000000, 1.00000000
0.151515151515, 0.848484848485, 0.90436128, 1.00000000, 1.00000000, 1.00000000
0.151515151515, 0.858585858586, 0.91523022, 1.00000000, 1.00000000, 1.00000000
0.151515151515, 0.868686868687, 0.92644306, 1.00000000, 1.00000000, 1.00000000
0.151515151515, 0.878787878788, 0.93795482, 1.00000000, 1.00000000, 1.00000000
0.151515151515, 0.888888888889, 0.94971926, 1.00000000, 1.00000000, 1.00000000
0.151515151515, 0.898989898990, 0.96168909, 1.00000000, 1.00000000, 1.00000000
0.151515151515, 0.909090909091, 0.97381616, 1.00000000, 1.00000000, 1.00000000
0.151515151515, 0.919191919192, 0.98605162, 1.00000000, 1.00000000, 1.00000000
0.151515151515, 0.929292929293, 0.99834609, 1.00000000, 1.00000000, 1.00000000
0.151515151515, 0.939393939394, 1.01064964, 1.00000000, 1.00000000, 1.00000000
0.151515151515, 0.949494949495, 1.02291142, 1.00000000, 1.00000000, 1.00000000
0.151515151515, 0.959595959596, 1.03507834, 1.00000000, 1.00000000, 1.00000000
0.161616161616, -0.000000000000, 1.10268943, 1.00000000, 1.00000000, 1.00000000
0.161616161616, 0.010101010101, 1.11226152, 1.00000000, 1.00000000, 1.00000000
0.161616161616, 0.020202020202, 1.12115966, 1.00000000, 1.00000000, 1.00000000
0.161616161616, 0.030303030303, 1.12942435, 1.00000000, 1.00000000, 1.00000000
0.161616161616, 0.040404040404, 1.13716196, 1.00000000, 1.00000000, 1.00000000
0.161616161616, 0.050505050505, 1.14450046, 1.00000000, 1.00000000, 1.00000000
0.161616161616, 0.060606060606, 1.15153236, 1.00000000, 1.00000000, 1.00000000
0.161616161616, 0.070707070707, 1.15827744, 1.00000000, 1.00000000, 1.00000000
0.161616161616, 0.080808080808, 1.16468267, 1.00000000, 1.00000000, 1.00000000
0.161616161616, 0.090909090909, 1.17065134, 1.00000000, 1.00000000, 1.00000000
0.161616161616, 0.101010101010, 1.17607927, 1.00000000, 1.00000000, 1.00000000
0.161616161616, 0.111111111111, 1.18087938, 1.00000000, 1.00000000, 1.00000000
0.161616161616, 0.121212121212, 1.18498991, 1.00000000, 1.00000000, 1.00000000
0.161616161616, 0.131313131313, 1.18837127, 1.00000000, 1.00000000, 1.00000000
0.161616161616, 0.141414141414, 1.19099923, 1.00000000, 1.00000000, 1.00000000
0.161616161616, 0.151515151515, 1.19285895, 1.00000000, 1.00000000, 1.00000000
0.161616161616, 0.161616161616, 1.19394145, 1.00000000, 1.00000000, 1.00000000
0.161616161616, 0.171717171717, 1.19424186, 1.00000000, 1.00000000, 1.00000000
0.161616161616, 0.181818181818, 1.19375891, 1.00000000, 1.00000000, 1.00000000
0.161616161616, 0.191919191919, 1.19249461, 1.00000000, 1.00000000, 1.00000000
0.161616161616, 0.202020202020, 1.19045415, 1.00000000, 1.00000000, 1.00000000
0.161616161616, 0.212121212121, 1.18764586, 1.00000000, 1.00000000, 1.00000000
0.161616161616, 0.222222222222, 1.18408115, 1.00000000, 1.00000000, 1.00000000
0.161616161616, 0.232323232323, 1.17977453, 1.00000000, 1.00000000, 1.00000000
0.161616161616, 0.242424242424, 1.17474347, 1.00000000, 1.00000000, 1.00000000
0.161616161616, 0.252525252525, 1.16900841, 1.00000000, 1.00000000, 1.00000000
0.161616161616, 0.262626262626, 1.16259263, 1.00000000, 1.00000000, 1.00000000
0.161616161616, 0.272727272727, 1.15552214, 1.00000000, 1.00000000, 1.00000000
0.161616161616, 0.282828282828, 1.14782563, 1.00000000, 1.00000000, 1.00000000
0.161616161616, 0.292929292929, 1.13953430, 1.00000000, 1.00000000, 1.00000000
0.161616161616, 0.303030303030, 1.13068178, 1.00000000, 1.00000000, 1.00000000
0.161616161616, 0.313131313131, 1.12130394, 1.00000000, 1.00000000, 1.00000000
0.161616161616, 0.323232323232, 1.11143877, 1.00000000, 1.00000000, 1.00000000
0.161616161616, 0.333333333333, 1.10112624, 1.00000000, 1.00000000, 1.00000000
0.161616161616, 0.343434343434, 1.09040811, 1.00000000, 1.00000000, 1.00000000
0.161616161616, 0.353535353535, 1.07932776, 1.00000000, 1.00000000, 1.00000000
0.161616161616, 0.363636363636, 1.06793001, 1.00000000, 1.00000000, 1.00000000
0.161616161616, 0.373737373737, 1.05626098, 1.00000000, 1.00000000, 1.00000000
0.161616161616, 0.383838383838, 1.04436783, 1.00000000, 1.00000000, 1.00000000
0.161616161616, 0.393939393939, 1.03229862, 1.00000000, 1.00000000, 1.00000000
0.161616161616, 0.404040404040, 1.02010208, 1.00000000, 1.00000000, 1.00000000
0.161616161616, 0.414141414141, 1.00782744, 1.00000000, 1.00000000, 1.00000000
0.161616161616, 0.424242424242, 0.99552421, 1.00000000, 1.00000000, 1.00000000
0.161616161616, 0.434343434343, 0.98324199, 1.00000000, 1.00000000, 1.00000000
0.161616161616, 0.444444444444, 0.97103024, 1.00000000, 1.00000000, 1.00000000
0.161616161616, 0.454545454545, 0.95893812, 1.00000000, 1.00000000, 1.00000000
0.161616161616, 0.464646464646, 0.94701426, 1.00000000, 1.00000000, 1.00000000
0.161616161616, 0.474747474747, 0.93530657, 1.00000000, 1.00000000, 1.00000000
0.161616161616, 0.484848484848, 0.92386206, 1.00000000, 1.00000000, 1.00000000
0.161616161616, 0.494949494949, 0.91272664, 1.00000000, 1.00000000, 1.00000000
0.161616161616, 0.505050505051, 0.90194494, 1.00000000, 1.00000000, 1.00000000
0.161616161616, 0.515151515152, 0.89156013, 1.00000000, 1.00000000, 1.00000000
0.161616161616, 0.525252525253, 0.88161375, 1.00000000, 1.00000000, 1.00000000
0.161616161616, 0.535353535354, 0.87214556, 1.00000000, 1.00000000, 1.00000000
0.161616161616, 0.545454545455, 0.86319335, 1.00000000, 1.00000000, 1.00000000
0.161616161616, 0.555555555556, 0.85479284, 1.00000000, 1.00000000, 1.00000000
0.161616161616, 0.565656565657, 0.84697752, 1.00000000, 1.00000000, 1.00000000
0.161616161616, 0.575757575758, 0.83977851, 1.00000000, 1.00000000, 1.00000000
0.161616161616, 0.585858585859, 0.83322447, 1.00000000, 1.00000000, 1.00000000
0.161616161616, 0.595959595960, 0.82734147, 1.00000000, 1.00000000, 1.00000000
0.161616161616, 0.606060606061, 0.82215290, 1.00000000, 1.00000000, 1.00000000
0.161616161616, 0.616161616162, 0.81767940, 1.00000000, 1.00000000, 1.00000000
0.161616161616, 0.626262626263, 0.81393876, 1.00000000, 1.00000000, 1.00000000
0.161616161616, 0.636363636364, 0.81094587, 1.00000000, 1.00000000, 1.00000000
0.161616161616, 0.646464646465, 0.80871270, 1.00000000, 1.00000000, 1.00000000
0.161616161616, 0.656565656566, 0.80724818, 1.00000000, 1.00000000, 1.00000000
0.161616161616, 0.666666666667, 0.80655825, 1.00000000, 1.00000000, 1.00000000
0.161616161616, 0.676767676768, 0.80664572, 1.00000000, 1.00000000, 1.00000000
0.161616161616, 0.686868686869, 0.80751016, 1.00000000, 1.00000000, 1.00000000
0.161616161616, 0.696969696970, 0.80914809, 1.00000000, 1.00000000, 1.00000000
0.161616161616, 0.707070707071, 0.81155298, 1.00000000, 1.00000000, 1.00000000
0.161616161616, 0.717171717172, 0.81471528, 1.00000000, 1.00000000, 1.00000000
0.161616161616, 0.727272727273, 0.81862244, 1.00000000, 1.00000000, 1.00000000
0.161616161616, 0.737373737374, 0.82325896, 1.00000000, 1.00000000, 1.00000000
0.161616161616, 0.747474747475, 0.82860645, 1.00000000, 1.00000000, 1.00000000
0.161616161616, 0.757575757576, 0.83464369, 1.00000000, 1.00000000, 1.00000000
0.161616161616, 0.767676767677, 0.84134668, 1.00000000, 1.00000000, 1.00000000
0.161616161616, 0.777777777778, 0.84868878, 1.00000000, 1.00000000, 1.00000000
0.161616161616, 0.787878787879, 0.85664076, 1.00000000, 1.00000000, 1.00000000
0.161616161616, 0.797979797980, 0.86517096, 1.00000000, 1.00000000, 1.00000000
0.161616161616, 0.808080808081, 0.87424533, 1.00000000, 1.00000000, 1.00000000
0.161616161616, 0.818181818182, 0.88382766, 1.00000000, 1.00000000, 1.00000000
0.161616161616, 0.828282828283, 0.89387966, 1.00000000, 1.00000000, 1.00000000
0.161616161616, 0.838383838384, 0.90436110, 1.00000000, 1.00000000, 1.00000000
0.161616161616, 0.848484848485, 0.91523002, 1.00000000, 1.00000000, 1.00000000
0.161616161616, 0.858585858586, 0.92644285, 1.00000000, 1.00000000, 1.00000000
0.161616161616, 0.868686868687, 0.93795459, 1.00000000, 1.00000000, 1.00000000
0.161616161616, 0.878787878788, 0.94971901, 1.00000000, 1.00000000, 1.00000000
0.161616161616, 0.888888888889, 0.96168883, 1.00000000, 1.00000000, 1.00000000
0.161616161616, 0.898989898990, 0.97381590, 1.00000000, 1.00000000, 1.00000000
0.161616161616, 0.909090909091, 0.98605138, 1.00000000, 1.00000000, 1.00000000
0.161616161616, 0.919191919192, 0.99834596, 1.00000000, 1.00000000, 1.00000000
0.161616161616, 0.929292929293, 1.01064999, 1.00000000, 1.00000000, 1.00000000
0.161616161616, 0.939393939394, 1.02291351, 1.00000000, 1.00000000, 1.00000000
0.161616161616, 0.949494949495, 1.03508588, 1.00000000, 1.00000000, 1.00000000
0.161616161616, 0.959595959596, 1.04711461, 1.00000000, 1.00000000, 1.00000000
0.171717171717, -0.000000000000, 1.11296732, 1.00000000, 1.00000000, 1.00000000
0.171717171717, 0.010101010101, 1.12213044, 1.00000000, 1.00000000, 1.00000000
0.171717171717, 0.020202020202, 1.13059903, 1.00000000, 1.00000000, 1.00000000
0.171717171717, 0.030303030303, 1.13841300, 1.00000000, 1.00000000, 1.00000000
0.171717171717, 0.040404040404, 1.14567397, 1.00000000, 1.00000000, 1.00000000
0.171717171717, 0.050505050505, 1.15250272, 1.00000000, 1.00000000, 1.00000000
0.171717171717, 0.060606060606, 1.15898536, 1.00000000, 1.00000000, 1.00000000
0.171717171717, 0.070707070707, 1.16513866, 1.00000000, 1.00000000, 1.00000000
0.171717171717, 0.080808080808, 1.17091081, 1.00000000, 1.00000000, 1.00000000
0.171717171717, 0.090909090909, 1.17620972, 1.00000000, 1.00000000, 1.00000000
0.171717171717, 0.101010101010, 1.18093731, 1.00000000, 1.00000000, 1.00000000
0.171717171717, 0.111111111111, 1.18501261, 1.00000000, 1.00000000, 1.00000000
0.171717171717, 0.121212121212, 1.18837910, 1.00000000, 1.00000000, 1.00000000
0.171717171717, 0.131313131313, 1.19100159, 1.00000000, 1.00000000, 1.00000000
0.171717171717, 0.141414141414, 1.19285956, 1.00000000, 1.00000000, 1.00000000
0.171717171717, 0.151515151515, 1.19394157, 1.00000000, 1.00000000, 1.00000000
0.171717171717, 0.161616161616, 1.19424186, 1.00000000, 1.00000000, 1.00000000
0.171717171717, 0.171717171717, 1.19375889, 1.00000000, 1.00000000, 1.00000000
0.171717171717, 0.181818181818, 1.19249459, 1.00000000, 1.00000000, 1.00000000
0.171717171717, 0.191919191919, 1.19045413, 1.00000000, 1.00000000, 1.00000000
0.171717171717, 0.202020202020, 1.18764584, 1.00000000, 1.00000000, 1.00000000
0.171717171717, 0.212121212121, 1.18408113, 1.00000000, 1.00000000, 1.00000000
0.171717171717, 0.222222222222, 1.17977451, 1.00000000, 1.00000000, 1.00000000
0.171717171717, 0.232323232323, 1.17474346, 1.00000000, 1.00000000, 1.00000000
0.171717171717, 0.242424242424, 1.16900841, 1.00000000, 1.00000000, 1.00000000
0.171717171717, 0.252525252525, 1.16259262, 1.00000000, 1.00000000, 1.00000000
0.171717171717, 0.262626262626, 1.15552214, 1.00000000, 1.00000000, 1.00000000
0.171717171717, 0.272727272727, 1.14782563, 1.00000000, 1.00000000, 1.00000000
0.171717171717, 0.282828282828, 1.13953431, 1.00000000, 1.00000000, 1.00000000
0.171717171717, 0.292929292929, 1.13068179, 1.00000000, 1.00000000, 1.00000000
0.171717171717, 0.303030303030, 1.12130395, 1.00000000, 1.00000000, 1.00000000
0.171717171717, 0.313131313131, 1.11143879, 1.00000000, 1.00000000, 1.00000000
0.171717171717, 0.323232323232, 1.10112626, 1.00000000, 1.00000000, 1.00000000
0.171717171717, 0.333333333333, 1.09040813, 1.00000000, 1.00000000, 1.00000000
0.171717171717, 0.343434343434, 1.07932778, 1.00000000, 1.00000000, 1.00000000
0.171717171717, 0.353535353535, 1.06793004, 1.00000000, 1.00000000, 1.00000000
0.171717171717, 0.363636363636, 1.05626101, 1.00000000, 1.00000000, 1.00000000
0.171717171717, 0.373737373737, 1.04436787, 1.00000000, 1.00000000, 1.00000000
0.171717171717, 0.383838383838, 1.03229866, 1.00000000, 1.00000000, 1.00000000
0.171717171717, 0.393939393939, 1.02010212, 1.00000000, 1.00000000, 1.00000000
0.171717171717, 0.404040404040, 1.00782749, 1.00000000, 1.00000000, 1.00000000
0.171717171717, 0.414141414141, 0.99552427, 1.00000000, 1.00000000, 1.00000000
0.171717171717, 0.424242424242, 0.98324205, 1.00000000, 1.00000000, 1.00000000
0.171717171717, 0.434343434343, 0.97103030, 1.00000000, 1.00000000, 1.00000000
0.171717171717, 0.444444444444, 0.95893818, 1.00000000, 1.00000000, 1.00000000
0.171717171717, 0.454545454545, 0.94701432, 1.00000000, 1.00000000, 1.00000000
0.171717171717, 0.464646464646, 0.93530664, 1.00000000, 1.00000000, 1.00000000
0.171717171717, 0.474747474747, 0.92386213, 1.00000000, 1.00000000, 1.00000000
0.171717171717, 0.484848484848, 0.91272672, 1.00000000, 1.00000000, 1.00000000
0.171717171717, 0.494949494949, 0.90194502, 1.00000000, 1.00000000, 1.00000000
0.171717171717, 0.505050505051, 0.89156021, 1.00000000, 1.00000000, 1.00000000
0.171717171717, 0.515151515152, 0.88161384, 1.00000000, 1.00000000, 1.00000000
0.171717171717, 0.525252525253, 0.87214564, 1.00000000, 1.00000000, 1.00000000
0.171717171717, 0.535353535354, 0.86319344, 1.00000000, 1.00000000, 1.00000000
0.171717171717, 0.545454545455, 0.85479293, 1.00000000, 1.00000000, 1.00000000
0.171717171717, 0.555555555556, 0.84697761, 1.00000000, 1.00000000, 1.00000000
0.171717171717, 0.565656565657, 0.83977860, 1.00000000, 1.00000000, 1.00000000
0.171717171717, 0.575757575758, 0.83322456, 1.00000000, 1.00000000, 1.00000000
0.171717171717, 0.585858585859, 0.82734156, 1.00000000, 1.00000000, 1.00000000
0.171717171717, 0.595959595960, 0.82215299, 1.00000000, 1.00000000, 1.00000000
0.171717171717, 0.606060606061, 0.81767948, 1.00000000, 1.00000000, 1.00000000
0.171717171717, 0.616161616162, 0.81393884, 1.00000000, 1.00000000, 1.00000000
0.171717171717, 0.626262626263, 0.81094595, 1.00000000, 1.00000000, 1.00000000
0.171717171717, 0.636363636364, 0.80871277, 1.00000000, 1.00000000, 1.00000000
0.171717171717, 0.646464646465, 0.80724825, 1.00000000, 1.00000000, 1.00000000
0.171717171717, 0.656565656566, 0.80655832, 1.00000000, 1.00000000, 1.00000000
0.171717171717, 0.666666666667, 0.80664578, 1.00000000, 1.00000000, 1.00000000
0.171717171717, 0.676767676768, 0.80751022, 1.00000000, 1.00000000, 1.00000000
0.171717171717, 0.686868686869, 0.80914814, 1.00000000, 1.00000000, 1.00000000
0.171717171717, 0.696969696970, 0.81155303, 1.00000000, 1.00000000, 1.00000000
0.171717171717, 0.707070707071, 0.81471532, 1.00000000, 1.00000000, 1.00000000
0.171717171717, 0.717171717172, 0.81862247, 1.00000000, 1.00000000, 1.00000000
0.171717171717, 0.727272727273, 0.82325899, 1.00000000, 1.00000000, 1.00000000
0.171717171717, 0.737373737374, 0.82860647, 1.00000000, 1.00000000, 1.00000000
0.171717171717, 0.747474747475, 0.83464370, 1.00000000, 1.00000000, 1.00000000
0.171717171717, 0.757575757576, 0.84134669, 1.00000000, 1.00000000, 1.00000000
0.171717171717, 0.767676767677, 0.84868878, 1.00000000, 1.00000000, 1.00000000
0.171717171717, 0.777777777778, 0.85664076, 1.00000000, 1.00000000, 1.00000000
0.171717171717, 0.787878787879, 0.86517094, 1.00000000, 1.00000000, 1.00000000
0.171717171717, 0.797979797980, 0.87424531, 1.00000000, 1.00000000, 1.00000000
0.171717171717, 0.808080808081, 0.88382764, 1.00000000, 1.00000000, 1.00000000
0.171717171717, 0.818181818182, 0.89387963, 1.00000000, 1.00000000, 1.00000000
0.171717171717, 0.828282828283, 0.90436107, 1.00000000, 1.00000000, 1.00000000
0.171717171717, 0.838383838384, 0.91522998, 1.00000000, 1.00000000, 1.00000000
0.171717171717, 0.848484848485, 0.92644280, 1.00000000, 1.00000000, 1.00000000
0.171717171717, 0.858585858586, 0.93795454, 1.00000000, 1.00000000, 1.00000000
0.171717171717, 0.868686868687, 0.94971896, 1.00000000, 1.00000000, 1.00000000
0.171717171717, 0.878787878788, 0.96168878, 1.00000000, 1.00000000, 1.00000000
0.171717171717, 0.888888888889, 0.97381584, 1.00000000, 1.00000000, 1.00000000
0.171717171717, 0.898989898990, 0.98605132, 1.00000000, 1.00000000, 1.00000000
0.171717171717, 0.909090909091, 0.99834593, 1.00000000, 1.00000000, 1.00000000
0.171717171717, 0.919191919192, 1.01065007, 1.00000000, 1.00000000, 1.00000000
0.171717171717, 0.929292929293, 1.02291403, 1.00000000, 1.00000000, 1.00000000
0.171717171717, 0.939393939394, 1.03508801, 1.00000000, 1.00000000, 1.00000000
0.171717171717, 0.949494949495, 1.04712181, 1.00000000, 1.00000000, 1.00000000
0.171717171717, 0.959595959596, 1.05896373, 1.00000000, 1.00000000, 1.00000000
0.181818181818, -0.000000000000, 1.12279096, 1.00000000, 1.00000000, 1.00000000
0.181818181818, 0.010101010101, 1.13150798, 1.00000000, 1.00000000, 1.00000000
0.181818181818, 0.020202020202, 1.13951282, 1.00000000, 1.00000000, 1.00000000
0.181818181818, 0.030303030303, 1.14684467, 1.00000000, 1.00000000, 1.00000000
0.181818181818, 0.040404040404, 1.15359982, 1.00000000, 1.00000000, 1.00000000
0.181818181818, 0.050505050505, 1.15989135, 1.00000000, 1.00000000, 1.00000000
0.181818181818, 0.060606060606, 1.16579855, 1.00000000, 1.00000000, 1.00000000
0.181818181818, 0.070707070707, 1.17133508, 1.00000000, 1.00000000, 1.00000000
0.181818181818, 0.080808080808, 1.17645065, 1.00000000, 1.00000000, 1.00000000
0.181818181818, 0.090909090909, 1.18105819, 1.00000000, 1.00000000, 1.00000000
0.181818181818, 0.101010101010, 1.18506618, 1.00000000, 1.00000000, 1.00000000
0.181818181818, 0.111111111111, 1.18840006, 1.00000000, 1.00000000, 1.00000000
0.181818181818, 0.121212121212, 1.19100882, 1.00000000, 1.00000000, 1.00000000
0.181818181818, 0.131313131313, 1.19286175, 1.00000000, 1.00000000, 1.00000000
0.181818181818, 0.141414141414, 1.19394215, 1.00000000, 1.00000000, 1.00000000
0.181818181818, 0.151515151515, 1.19424199, 1.00000000, 1.00000000, 1.00000000
0.181818181818, 0.161616161616, 1.19375891, 1.00000000, 1.00000000, 1.00000000
0.181818181818, 0.171717171717, 1.19249459, 1.00000000, 1.00000000, 1.00000000
0.181818181818, 0.181818181818, 1.19045413, 1.00000000, 1.00000000, 1.00000000
0.181818181818, 0.191919191919, 1.18764583, 1.00000000, 1.00000000, 1.00000000
0.181818181818, 0.202020202020, 1.18408113, 1.00000000, 1.00000000, 1.00000000
0.181818181818, 0.212121212121, 1.17977451, 1.00000000, 1.00000000, 1.00000000
0.181818181818, 0.222222222222, 1.17474346, 1.00000000, 1.00000000, 1.00000000
0.181818181818, 0.232323232323, 1.16900841, 1.00000000, 1.00000000, 1.00000000
0.181818181818, 0.242424242424, 1.16259262, 1.00000000, 1.00000000, 1.00000000
0.181818181818, 0.252525252525, 1.15552214, 1.00000000, 1.00000000, 1.00000000
0.181818181818, 0.262626262626, 1.14782563, 1.00000000, 1.00000000, 1.00000000
0.181818181818, 0.272727272727, 1.13953431, 1.00000000, 1.00000000, 1.00000000
0.181818181818, 0.282828282828, 1.13068179, 1.00000000, 1.00000000, 1.00000000
0.181818181818, 0.292929292929, 1.12130395, 1.00000000, 1.00000000, 1.00000000
0.181818181818, 0.303030303030, 1.11143879, 1.00000000, 1.00000000, 1.00000000
0.181818181818, 0.313131313131, 1.10112627, 1.00000000, 1.00000000, 1.00000000
0.181818181818, 0.323232323232, 1.09040814, 1.00000000, 1.00000000, 1.00000000
0.181818181818, 0.333333333333, 1.07932779, 1.00000000, 1.00000000, 1.00000000
0.181818181818, 0.343434343434, 1.06793005, 1.00000000, 1.00000000, 1.00000000
0.181818181818, 0.353535353535, 1.05626102, 1.00000000, 1.00000000, 1.00000000
0.181818181818, 0.363636363636, 1.04436787, 1.00000000, 1.00000000, 1.00000000
0.181818181818, 0.373737373737, 1.03229866, 1.00000000, 1.00000000, 1.00000000
0.181818181818, 0.383838383838, 1.02010213, 1.00000000, 1.00000000, 1.00000000
0.181818181818, 0.393939393939, 1.00782750, 1.00000000, 1.00000000, 1.00000000
0.181818181818, 0.404040404040, 0.99552428, 1.00000000, 1.00000000, 1.00000000
0.181818181818, 0.414141414141, 0.98324206, 1.00000000, 1.00000000, 1.00000000
0.181818181818, 0.424242424242, 0.97103031, 1.00000000, 1.00000000, 1.00000000
0.181818181818, 0.434343434343, 0.95893819, 1.00000000, 1.00000000, 1.00000000
0.181818181818, 0.444444444444, 0.94701434, 1.00000000, 1.00000000, 1.00000000
0.181818181818, 0.454545454545, 0.93530665, 1.00000000, 1.00000000, 1.00000000
0.181818181818, 0.464646464646, 0.92386215, 1.00000000, 1.00000000, 1.00000000
0.181818181818, 0.474747474747, 0.91272673, 1.00000000, 1.00000000, 1.00000000
0.181818181818, 0.484848484848, 0.90194504, 1.00000000, 1.00000000, 1.00000000
0.181818181818, 0.494949494949, 0.89156023, 1.00000000, 1.00000000, 1.00000000
0.181818181818, 0.505050505051, 0.88161385, 1.00000000, 1.00000000, 1.00000000
0.181818181818, 0.515151515152, 0.87214566, 1.00000000, 1.00000000, 1.00000000
0.181818181818, 0.525252525253, 0.86319345, 1.00000000, 1.00000000, 1.00000000
0.181818181818, 0.535353535354, 0.85479295, 1.00000000, 1.00000000, 1.00000000
0.181818181818, 0.545454545455, 0.84697763, 1.00000000, 1.00000000, 1.00000000
0.181818181818, 0.555555555556, 0.83977862, 1.00000000, 1.00000000, 1.00000000
0.181818181818, 0.565656565657, 0.83322458, 1.00000000, 1.00000000, 1.00000000
0.181818181818, 0.575757575758, 0.82734158, 1.00000000, 1.00000000, 1.00000000
0.181818181818, 0.585858585859, 0.82215301, 1.00000000, 1.00000000, 1.00000000
0.181818181818, 0.595959595960, 0.81767950, 1.00000000, 1.00000000, 1.00000000
0.181818181818, 0.606060606061, 0.81393886, 1.00000000, 1.00000000, 1.00000000
0.181818181818, 0.616161616162, 0.81094597, 1.00000000, 1.00000000, 1.00000000
0.181818181818, 0.626262626263, 0.80871279, 1.00000000, 1.00000000, 1.00000000
0.181818181818, 0.636363636364, 0.80724827, 1.00000000, 1.00000000, 1.00000000
0.181818181818, 0.646464646465, 0.80655833, 1.00000000, 1.00000000, 1.00000000
0.181818181818, 0.656565656566, 0.80664579, 1.00000000, 1.00000000, 1.00000000
0.181818181818, 0.666666666667, 0.80751023, 1.00000000, 1.00000000, 1.00000000
0.181818181818, 0.676767676768, 0.80914815, 1.00000000, 1.00000000, 1.00000000
0.181818181818, 0.686868686869, 0.81155304, 1.00000000, 1.00000000, 1.00000000
0.181818181818, 0.696969696970, 0.81471533, 1.00000000, 1.00000000, 1.00000000
0.181818181818, 0.707070707071, 0.81862248, 1.00000000, 1.00000000, 1.00000000
0.181818181818, 0.717171717172, 0.82325899, 1.00000000, 1.00000000, 1.00000000
0.181818181818, 0.727272727273, 0.82860648, 1.00000000, 1.00000000, 1.00000000
0.181818181818, 0.737373737374, 0.83464370, 1.00000000, 1.00000000, 1.00000000
0.181818181818, 0.747474747475, 0.84134669, 1.00000000, 1.00000000, 1.00000000
0.181818181818, 0.757575757576, 0.84868878, 1.00000000, 1.00000000, 1.00000000
0.181818181818, 0.767676767677, 0.85664076, 1.00000000, 1.00000000, 1.00000000
0.181818181818, 0.777777777778, 0.86517094, 1.00000000, 1.00000000, 1.00000000
0.181818181818, 0.787878787879, 0.87424531, 1.00000000, 1.00000000, 1.00000000
0.181818181818, 0.797979797980, 0.88382764, 1.00000000, 1.00000000, 1.00000000
0.181818181818, 0.808080808081, 0.89387962, 1.00000000, 1.00000000, 1.00000000
0.181818181818, 0.818181818182, 0.90436106, 1.00000000, 1.00000000, 1.00000000
0.181818181818, 0.828282828283, 0.91522998, 1.00000000, 1.00000000, 1.00000000
0.181818181818, 0.838383838384, 0.92644279, 1.00000000, 1.00000000, 1.00000000
0.181818181818, 0.848484848485, 0.93795453, 1.00000000, 1.00000000, 1.00000000
0.181818181818, 0.858585858586, 0.94971895, 1.00000000, 1.00000000, 1.00000000
0.181818181818, 0.868686868687, 0.96168877, 1.00000000, 1.00000000, 1.00000000
0.181818181818, 0.878787878788, 0.97381583, 1.00000000, 1.00000000, 1.00000000
0.181818181818, 0.888888888889, 0.98605131, 1.00000000, 1.00000000, 1.00000000
0.181818181818, 0.898989898990, 0.99834592, 1.00000000, 1.00000000, 1.00000000
0.181818181818, 0.909090909091, 1.01065008, 1.00000000, 1.00000000, 1.00000000
0.181818181818, 0.919191919192, 1.02291415, 1.00000000, 1.00000000, 1.00000000
0.181818181818, 0.929292929293, 1.03508854, 1.00000000, 1.00000000, 1.00000000
0.181818181818, 0.939393939394, 1.04712382, 1.00000000, 1.00000000, 1.00000000
0.181818181818, 0.949494949495, 1.05897041, 1.00000000, 1.00000000, 1.00000000
0.181818181818, 0.959595959596, 1.07057762, 1.00000000, 1.00000000, 1.00000000
0.191919191919, -0.000000000000, 1.13212052, 1.00000000, 1.00000000, 1.00000000
0.191919191919, 0.010101010101, 1.14035611, 1.00000000, 1.00000000, 1.00000000
0.191919191919, 0.020202020202, 1.14786491, 1.00000000, 1.00000000, 1.00000000
0.191919191919, 0.030303030303, 1.15468513, 1.00000000, 1.00000000, 1.00000000
0.191919191919, 0.040404040404, 1.16090735, 1.00000000, 1.00000000, 1.00000000
0.191919191919, 0.050505050505, 1.16663636, 1.00000000, 1.00000000, 1.00000000
0.191919191919, 0.060606060606, 1.17194425, 1.00000000, 1.00000000, 1.00000000
0.191919191919, 0.070707070707, 1.17684153, 1.00000000, 1.00000000, 1.00000000
0.191919191919, 0.080808080808, 1.18127967, 1.00000000, 1.00000000, 1.00000000
0.191919191919, 0.090909090909, 1.18517704, 1.00000000, 1.00000000, 1.00000000
0.191919191919, 0.101010101010, 1.18844908, 1.00000000, 1.00000000, 1.00000000
0.191919191919, 0.111111111111, 1.19102795, 1.00000000, 1.00000000, 1.00000000
0.191919191919, 0.121212121212, 1.19286834, 1.00000000, 1.00000000, 1.00000000
0.191919191919, 0.131313131313, 1.19394414, 1.00000000, 1.00000000, 1.00000000
0.191919191919, 0.141414141414, 1.19424252, 1.00000000, 1.00000000, 1.00000000
0.191919191919, 0.151515151515, 1.19375903, 1.00000000, 1.00000000, 1.00000000
0.191919191919, 0.161616161616, 1.19249461, 1.00000000, 1.00000000, 1.00000000
0.191919191919, 0.171717171717, 1.19045413, 1.00000000, 1.00000000, 1.00000000
0.191919191919, 0.181818181818, 1.18764583, 1.00000000, 1.00000000, 1.00000000
0.191919191919, 0.191919191919, 1.18408113, 1.00000000, 1.00000000, 1.00000000
0.191919191919, 0.202020202020, 1.17977451, 1.00000000, 1.00000000, 1.00000000
0.191919191919, 0.212121212121, 1.17474346, 1.00000000, 1.00000000, 1.00000000
0.191919191919, 0.222222222222, 1.16900841, 1.00000000, 1.00000000, 1.00000000
0.191919191919, 0.232323232323, 1.16259262, 1.00000000, 1.00000000, 1.00000000
0.191919191919, 0.242424242424, 1.15552214, 1.00000000, 1.00000000, 1.00000000
0.191919191919, 0.252525252525, 1.14782563, 1.00000000, 1.00000000, 1.00000000
0.191919191919, 0.262626262626, 1.13953431, 1.00000000, 1.00000000, 1.00000000
0.191919191919, 0.272727272727, 1.13068179, 1.00000000, 1.00000000, 1.00000000
0.191919191919, 0.282828282828, 1.12130395, 1.00000000, 1.00000000, 1.00000000
0.191919191919, 0.292929292929, 1.11143879, 1.00000000, 1.00000000, 1.00000000
0.191919191919, 0.303030303030, 1.10112627, 1.00000000, 1.00000000, 1.00000000
0.191919191919, 0.313131313131, 1.09040814, 1.00000000, 1.00000000, 1.00000000
0.191919191919, 0.323232323232, 1.07932779, 1.00000000, 1.00000000, 1.00000000
0.191919191919, 0.333333333333, 1.06793005, 1.00000000, 1.00000000, 1.00000000
0.191919191919, 0.343434343434, 1.05626102, 1.00000000, 1.00000000, 1.00000000
0.191919191919, 0.353535353535, 1.04436787, 1.00000000, 1.00000000, 1.00000000
0.191919191919, 0.363636363636, 1.03229867, 1.00000000, 1.00000000, 1.00000000
0.191919191919, 0.373737373737, 1.02010213, 1.00000000, 1.00000000, 1.00000000
0.191919191919, 0.383838383838, 1.00782750, 1.00000000, 1.00000000, 1.00000000
0.191919191919, 0.393939393939, 0.99552428, 1.00000000, 1.00000000, 1.00000000
0.191919191919, 0.404040404040, 0.98324206, 1.00000000, 1.00000000, 1.00000000
0.191919191919, 0.414141414141, 0.97103031, 1.00000000, 1.00000000, 1.00000000
0.191919191919, 0.424242424242, 0.95893820, 1.00000000, 1.00000000, 1.00000000
0.191919191919, 0.434343434343, 0.94701434, 1.00000000, 1.00000000, 1.00000000
0.191919191919, 0.444444444444, 0.93530665, 1.00000000, 1.00000000, 1.00000000
0.191919191919, 0.454545454545, 0.92386215, 1.00000000, 1.00000000, 1.00000000
0.191919191919, 0.464646464646, 0.91272674, 1.00000000, 1.00000000, 1.00000000
0.191919191919, 0.474747474747, 0.90194504, 1.00000000, 1.00000000, 1.00000000
0.191919191919, 0.484848484848, 0.89156023, 1.00000000, 1.00000000, 1.00000000
0.191919191919, 0.494949494949, 0.88161385, 1.00000000, 1.00000000, 1.00000000
0.191919191919, 0.505050505051, 0.87214566, 1.00000000, 1.00000000, 1.00000000
0.191919191919, 0.515151515152, 0.86319346, 1.00000000, 1.00000000, 1.00000000
0.191919191919, 0.525252525253, 0.85479295, 1.00000000, 1.00000000, 1.00000000
0.191919191919, 0.535353535354, 0.84697763, 1.00000000, 1.00000000, 1.00000000
0.191919191919, 0.545454545455, 0.83977862, 1.00000000, 1.00000000, 1.00000000
0.191919191919, 0.555555555556, 0.83322458, 1.00000000, 1.00000000, 1.00000000
0.191919191919, 0.565656565657, 0.82734158, 1.00000000, 1.00000000, 1.00000000
0.191919191919, 0.575757575758, 0.82215301, 1.00000000, 1.00000000, 1.00000000
0.191919191919, 0.585858585859, 0.81767950, 1.00000000, 1.00000000, 1.00000000
0.191919191919, 0.595959595960, 0.81393886, 1.00000000, 1.00000000, 1.00000000
0.191919191919, 0.606060606061, 0.81094597, 1.00000000, 1.00000000, 1.00000000
0.191919191919, 0.616161616162, 0.80871279, 1.00000000, 1.00000000, 1.00000000
0.191919191919, 0.626262626263, 0.80724827, 1.00000000, 1.00000000, 1.00000000
0.191919191919, 0.636363636364, 0.80655834, 1.00000000, 1.00000000, 1.00000000
0.191919191919, 0.646464646465, 0.80664580, 1.00000000, 1.00000000, 1.00000000
0.191919191919, 0.656565656566, 0.80751023, 1.00000000, 1.00000000, 1.00000000
0.191919191919, 0.666666666667, 0.80914816, 1.00000000, 1.00000000, 1.00000000
0.191919191919, 0.676767676768, 0.81155304, 1.00000000, 1.00000000, 1.00000000
0.191919191919, 0.686868686869, 0.81471533, 1.00000000, 1.00000000, 1.00000000
0.191919191919, 0.696969696970, 0.81862248, 1.00000000, 1.00000000, 1.00000000
0.191919191919, 0.707070707071, 0.82325899, 1.00000000, 1.00000000, 1.00000000
0.191919191919, 0.717171717172, 0.82860648, 1.00000000, 1.00000000, 1.00000000
0.191919191919, 0.727272727273, 0.83464370, 1.00000000, 1.00000000, 1.00000000
0.191919191919, 0.737373737374, 0.84134669, 1.00000000, 1.00000000, 1.00000000
0.191919191919, 0.747474747475, 0.84868878, 1.00000000, 1.00000000, 1.00000000
0.191919191919, 0.757575757576, 0.85664076, 1.00000000, 1.00000000, 1.00000000
0.191919191919, 0.767676767677, 0.86517094, 1.00000000, 1.00000000, 1.00000000
0.191919191919, 0.777777777778, 0.87424531, 1.00000000, 1.00000000, 1.00000000
0.191919191919, 0.787878787879, 0.88382763, 1.00000000, 1.00000000, 1.00000000
0.191919191919, 0.797979797980, 0.89387962, 1.00000000, 1.00000000, 1.00000000
0.191919191919, 0.808080808081, 0.90436106, 1.00000000, 1.00000000, 1.00000000
0.191919191919, 0.818181818182, 0.91522997, 1.00000000, 1.00000000, 1.00000000
0.191919191919, 0.828282828283, 0.92644279, 1.00000000, 1.00000000, 1.00000000
0.191919191919, 0.838383838384, 0.93795453, 1.00000000, 1.00000000, 1.00000000
0.191919191919, 0.848484848485, 0.94971895, 1.00000000, 1.00000000, 1.00000000
0.191919191919, 0.858585858586, 0.96168876, 1.00000000, 1.00000000, 1.00000000
0.191919191919, 0.868686868687, 0.97381583, 1.00000000, 1.00000000, 1.00000000
0.191919191919, 0.878787878788, 0.98605131, 1.00000000, 1.00000000, 1.00000000
0.191919191919, 0.888888888889, 0.99834592, 1.00000000, 1.00000000, 1.00000000
0.191919191919, 0.898989898990, 1.01065009, 1.00000000, 1.00000000, 1.00000000
0.191919191919, 0.909090909091, 1.02291417, 1.00000000, 1.00000000, 1.00000000
0.191919191919, 0.919191919192, 1.03508865, 1.00000000, 1.00000000, 1.00000000
0.191919191919, 0.929292929293, 1.04712430, 1.00000000, 1.00000000, 1.00000000
0.191919191919, 0.939393939394, 1.05897224, 1.00000000, 1.00000000, 1.00000000
0.191919191919, 0.949494949495, 1.07058373, 1.00000000, 1.00000000, 1.00000000
0.191919191919, 0.959595959596, 1.08190927, 1.00000000, 1.00000000, 1.00000000
0.202020202020, -0.000000000000, 1.14091822, 1.00000000, 1.00000000, 1.00000000
0.202020202020, 0.010101010101, 1.14863901, 1.00000000, 1.00000000, 1.00000000
0.202020202020, 0.020202020202, 1.15562144, 1.00000000, 1.00000000, 1.00000000
0.202020202020, 0.030303030303, 1.16190263, 1.00000000, 1.00000000, 1.00000000
0.202020202020, 0.040404040404, 1.16756695, 1.00000000, 1.00000000, 1.00000000
0.202020202020, 0.050505050505, 1.17271040, 1.00000000, 1.00000000, 1.00000000
0.202020202020, 0.060606060606, 1.17739751, 1.00000000, 1.00000000, 1.00000000
0.202020202020, 0.070707070707, 1.18163563, 1.00000000, 1.00000000, 1.00000000
0.202020202020, 0.080808080808, 1.18537824, 1.00000000, 1.00000000, 1.00000000
0.202020202020, 0.090909090909, 1.18854953, 1.00000000, 1.00000000, 1.00000000
0.202020202020, 0.101010101010, 1.19107224, 1.00000000, 1.00000000, 1.00000000
0.202020202020, 0.111111111111, 1.19288558, 1.00000000, 1.00000000, 1.00000000
0.202020202020, 0.121212121212, 1.19395006, 1.00000000, 1.00000000, 1.00000000
0.202020202020, 0.131313131313, 1.19424431, 1.00000000, 1.00000000, 1.00000000
0.202020202020, 0.141414141414, 1.19375951, 1.00000000, 1.00000000, 1.00000000
0.202020202020, 0.151515151515, 1.19249472, 1.00000000, 1.00000000, 1.00000000
0.202020202020, 0.161616161616, 1.19045415, 1.00000000, 1.00000000, 1.00000000
0.202020202020, 0.171717171717, 1.18764584, 1.00000000, 1.00000000, 1.00000000
0.202020202020, 0.181818181818, 1.18408113, 1.00000000, 1.00000000, 1.00000000
0.202020202020, 0.191919191919, 1.17977451, 1.00000000, 1.00000000, 1.00000000
0.202020202020, 0.202020202020, 1.17474346, 1.00000000, 1.00000000, 1.00000000
0.202020202020, 0.212121212121, 1.16900841, 1.00000000, 1.00000000, 1.00000000
0.202020202020, 0.222222222222, 1.16259262, 1.00000000, 1.00000000, 1.00000000
0.202020202020, 0.232323232323, 1.15552214, 1.00000000, 1.00000000, 1.00000000
0.202020202020, 0.242424242424, 1.14782563, 1.00000000, 1.00000000, 1.00000000
0.202020202020, 0.252525252525, 1.13953431, 1.00000000, 1.00000000, 1.00000000
0.202020202020, 0.262626262626, 1.13068179, 1.00000000, 1.00000000, 1.00000000
0.202020202020, 0.272727272727, 1.12130395, 1.00000000, 1.00000000, 1.00000000
0.202020202020, 0.282828282828, 1.11143879, 1.00000000, 1.00000000, 1.00000000
0.202020202020, 0.292929292929, 1.10112627, 1.00000000, 1.00000000, 1.00000000
0.202020202020, 0.303030303030, 1.09040814, 1.00000000, 1.00000000, 1.00000000
0.202020202020, 0.313131313131, 1.07932779, 1.00000000, 1.00000000, 1.00000000
0.202020202020, 0.323232323232, 1.06793005, 1.00000000, 1.00000000, 1.00000000
0.202020202020, 0.333333333333, 1.05626102, 1.00000000, 1.00000000, 1.00000000
0.202020202020, 0.343434343434, 1.04436788, 1.00000000, 1.00000000, 1.00000000
0.202020202020, 0.353535353535, 1.03229867, 1.00000000, 1.00000000, 1.00000000
0.202020202020, 0.363636363636, 1.02010213, 1.00000000, 1.00000000, 1.00000000
0.202020202020, 0.373737373737, 1.00782750, 1.00000000, 1.00000000, 1.00000000
0.202020202020, 0.383838383838, 0.99552428, 1.00000000, 1.00000000, 1.00000000
0.202020202020, 0.393939393939, 0.98324206, 1.00000000, 1.00000000, 1.00000000
0.202020202020, 0.404040404040, 0.97103031, 1.00000000, 1.00000000, 1.00000000
0.202020202020, 0.414141414141, 0.95893820, 1.00000000, 1.00000000, 1.00000000
0.202020202020, 0.424242424242, 0.94701434, 1.00000000, 1.00000000, 1.00000000
0.202020202020, 0.434343434343, 0.93530665, 1.00000000, 1.00000000, 1.00000000
0.202020202020, 0.444444444444, 0.92386215, 1.00000000, 1.00000000, 1.00000000
0.202020202020, 0.454545454545, 0.91272674, 1.00000000, 1.00000000, 1.00000000
0.202020202020, 0.464646464646, 0.90194504, 1.00000000, 1.00000000, 1.00000000
0.202020202020, 0.474747474747, 0.89156023, 1.00000000, 1.00000000, 1.00000000
0.202020202020, 0.484848484848, 0.88161386, 1.00000000, 1.00000000, 1.00000000
0.202020202020, 0.494949494949, 0.87214566, 1.00000000, 1.00000000, 1.00000000
0.202020202020, 0.505050505051, 0.86319346, 1.00000000, 1.00000000, 1.00000000
0.202020202020, 0.515151515152, 0.85479295, 1.00000000, 1.00000000, 1.00000000
0.202020202020, 0.525252525253, 0.84697763, 1.00000000, 1.00000000, 1.00000000
0.202020202020, 0.535353535354, 0.83977862, 1.00000000, 1.00000000, 1.00000000
0.202020202020, 0.545454545455, 0.83322458, 1.00000000, 1.00000000, 1.00000000
0.202020202020, 0.555555555556, 0.82734158, 1.00000000, 1.00000000, 1.00000000
0.202020202020, 0.565656565657, 0.82215301, 1.00000000, 1.00000000, 1.00000000
0.202020202020, 0.575757575758, 0.81767950, 1.00000000, 1.00000000, 1.00000000
0.202020202020, 0.585858585859, 0.81393886, 1.00000000, 1.00000000, 1.00000000
0.202020202020, 0.595959595960, 0.81094597, 1.00000000, 1.00000000, 1.00000000
0.202020202020, 0.606060606061, 0.80871279, 1.00000000, 1.00000000, 1.00000000
0.202020202020, 0.616161616162, 0.80724827, 1.00000000, 1.00000000, 1.00000000
0.202020202020, 0.626262626263, 0.80655834, 1.00000000, 1.00000000, 1.00000000
0.202020202020, 0.636363636364, 0.80664580, 1.00000000, 1.00000000, 1.00000000
0.202020202020, 0.646464646465, 0.80751023, 1.00000000, 1.00000000, 1.00000000
0.202020202020, 0.656565656566, 0.80914816, 1.00000000, 1.00000000, 1.00000000
0.202020202020, 0.666666666667, 0.81155304, 1.00000000, 1.00000000, 1.00000000
0.202020202020, 0.676767676768, 0.81471533, 1.00000000, 1.00000000, 1.00000000
0.202020202020, 0.686868686869, 0.81862248, 1.00000000, 1.00000000, 1.00000000
0.202020202020, 0.696969696970, 0.82325900, 1.00000000, 1.00000000, 1.00000000
0.202020202020, 0.707070707071, 0.82860648, 1.00000000, 1.00000000, 1.00000000
0.202020202020, 0.717171717172, 0.83464370, 1.00000000, 1.00000000, 1.00000000
0.202020202020, 0.727272727273, 0.84134669, 1.00000000, 1.00000000, 1.00000000
0.202020202020, 0.737373737374, 0.84868878, 1.00000000, 1.00000000, 1.00000000
0.202020202020, 0.747474747475, 0.85664076, 1.00000000, 1.00000000, 1.00000000
0.202020202020, 0.757575757576, 0.86517094, 1.00000000, 1.00000000, 1.00000000
0.202020202020, 0.767676767677, 0.87424531, 1.00000000, 1.00000000, 1.00000000
0.202020202020, 0.777777777778, 0.88382763, 1.00000000, 1.00000000, 1.00000000
0.202020202020, 0.787878787879, 0.89387962, 1.00000000, 1.00000000, 1.00000000
0.202020202020, 0.797979797980, 0.90436106, 1.00000000, 1.00000000, 1.00000000
0.202020202020, 0.808080808081, 0.91522997, 1.00000000, 1.00000000, 1.00000000
0.202020202020, 0.818181818182, 0.92644279, 1.00000000, 1.00000000, 1.00000000
0.202020202020, 0.828282828283, 0.93795453, 1.00000000, 1.00000000, 1.00000000
0.202020202020, 0.838383838384, 0.94971895, 1.00000000, 1.00000000, 1.00000000
0.202020202020, 0.848484848485, 0.96168876, 1.00000000, 1.00000000, 1.00000000
0.202020202020, 0.858585858586, 0.97381583, 1.00000000, 1.00000000, 1.00000000
0.202020202020, 0.868686868687, 0.98605131, 1.00000000, 1.00000000, 1.00000000
0.202020202020, 0.878787878788, 0.99834592, 1.00000000, 1.00000000, 1.00000000
0.202020202020, 0.888888888889, 1.01065009, 1.00000000, 1.00000000, 1.00000000
0.202020202020, 0.898989898990, 1.02291418, 1.00000000, 1.00000000, 1.00000000
0.202020202020, 0.909090909091, 1.03508868, 1.00000000, 1.00000000, 1.00000000
0.202020202020, 0.919191919192, 1.04712441, 1.00000000, 1.00000000, 1.00000000
0.202020202020, 0.929292929293, 1.05897268, 1.00000000, 1.00000000, 1.00000000
0.202020202020, 0.939393939394, 1.07058538, 1.00000000, 1.00000000, 1.00000000
0.202020202020, 0.949494949495, 1.08191479, 1.00000000, 1.00000000, 1.00000000
0.202020202020, 0.959595959596, 1.09291283, 1.00000000, 1.00000000, 1.00000000
0.212121212121, -0.000000000000, 1.14914844, 1.00000000, 1.00000000, 1.00000000
0.212121212121, 0.010101010101, 1.15632314, 1.00000000, 1.00000000, 1.00000000
0.212121212121, 0.020202020202, 1.16275102, 1.00000000, 1.00000000, 1.00000000
0.212121212121, 0.030303030303, 1.16846792, 1.00000000, 1.00000000, 1.00000000
0.212121212121, 0.040404040404, 1.17355161, 1.00000000, 1.00000000, 1.00000000
0.212121212121, 0.050505050505, 1.17808881, 1.00000000, 1.00000000, 1.00000000
0.212121212121, 0.060606060606, 1.18213619, 1.00000000, 1.00000000, 1.00000000
0.212121212121, 0.070707070707, 1.18569792, 1.00000000, 1.00000000, 1.00000000
0.212121212121, 0.080808080808, 1.18872972, 1.00000000, 1.00000000, 1.00000000
0.212121212121, 0.090909090909, 1.19116194, 1.00000000, 1.00000000, 1.00000000
0.212121212121, 0.101010101010, 1.19292500, 1.00000000, 1.00000000, 1.00000000
0.212121212121, 0.111111111111, 1.19396536, 1.00000000, 1.00000000, 1.00000000
0.212121212121, 0.121212121212, 1.19424954, 1.00000000, 1.00000000, 1.00000000
0.212121212121, 0.131313131313, 1.19376108, 1.00000000, 1.00000000, 1.00000000
0.212121212121, 0.141414141414, 1.19249514, 1.00000000, 1.00000000, 1.00000000
0.212121212121, 0.151515151515, 1.19045425, 1.00000000, 1.00000000, 1.00000000
0.212121212121, 0.161616161616, 1.18764586, 1.00000000, 1.00000000, 1.00000000
0.212121212121, 0.171717171717, 1.18408113, 1.00000000, 1.00000000, 1.00000000
0.212121212121, 0.181818181818, 1.17977451, 1.00000000, 1.00000000, 1.00000000
0.212121212121, 0.191919191919, 1.17474346, 1.00000000, 1.00000000, 1.00000000
0.212121212121, 0.202020202020, 1.16900841, 1.00000000, 1.00000000, 1.00000000
0.212121212121, 0.212121212121, 1.16259262, 1.00000000, 1.00000000, 1.00000000
0.212121212121, 0.222222222222, 1.15552214, 1.00000000, 1.00000000, 1.00000000
0.212121212121, 0.232323232323, 1.14782563, 1.00000000, 1.00000000, 1.00000000
0.212121212121, 0.242424242424, 1.13953431, 1.00000000, 1.00000000, 1.00000000
0.212121212121, 0.252525252525, 1.13068179, 1.00000000, 1.00000000, 1.00000000
0.212121212121, 0.262626262626, 1.12130395, 1.00000000, 1.00000000, 1.00000000
0.212121212121, 0.272727272727, 1.11143879, 1.00000000, 1.00000000, 1.00000000
0.212121212121, 0.282828282828, 1.10112627, 1.00000000, 1.00000000, 1.00000000
0.212121212121, 0.292929292929, 1.09040814, 1.00000000, 1.00000000, 1.00000000
0.212121212121, 0.303030303030, 1.07932779, 1.00000000, 1.00000000, 1.00000000
0.212121212121, 0.313131313131, 1.06793005, 1.00000000, 1.00000000, 1.00000000
0.212121212121, 0.323232323232, 1.05626102, 1.00000000, 1.00000000, 1.00000000
0.212121212121, 0.333333333333, 1.04436788, 1.00000000, 1.00000000, 1.00000000
0.212121212121, 0.343434343434, 1.03229867, 1.00000000, 1.00000000, 1.00000000
0.212121212121, 0.353535353535, 1.02010213, 1.00000000, 1.00000000, 1.00000000
0.212121212121, 0.363636363636, 1.00782750, 1.00000000, 1.00000000, 1.00000000
0.212121212121, 0.373737373737, 0.99552428, 1.00000000, 1.00000000, 1.00000000
0.212121212121, 0.383838383838, 0.98324206, 1.00000000, 1.00000000, 1.00000000
0.212121212121, 0.393939393939, 0.97103031, 1.00000000, 1.00000000, 1.00000000
0.212121212121, 0.404040404040, 0.95893820, 1.00000000, 1.00000000, 1.00000000
0.212121212121, 0.414141414141, 0.94701434, 1.00000000, 1.00000000, 1.00000000
0.212121212121, 0.424242424242, 0.93530665, 1.00000000, 1.00000000, 1.00000000
0.212121212121, 0.434343434343, 0.92386215, 1.00000000, 1.00000000, 1.00000000
0.212121212121, 0.444444444444, 0.91272674, 1.00000000, 1.00000000, 1.00000000
0.212121212121, 0.454545454545, 0.90194504, 1.00000000, 1.00000000, 1.00000000
0.212121212121, 0.464646464646, 0.89156023, 1.00000000, 1.00000000, 1.00000000
0.212121212121, 0.474747474747, 0.88161386, 1.00000000, 1.00000000, 1.00000000
0.212121212121, 0.484848484848, 0.87214566, 1.00000000, 1.00000000, 1.00000000
0.212121212121, 0.494949494949, 0.86319346, 1.00000000, 1.00000000, 1.00000000
0.212121212121, 0.505050505051, 0.85479295, 1.00000000, 1.00000000, 1.00000000
0.212121212121, 0.515151515152, 0.84697763, 1.00000000, 1.00000000, 1.00000000
0.212121212121, 0.525252525253, 0.83977863, 1.00000000, 1.00000000, 1.00000000
0.212121212121, 0.535353535354, 0.83322458, 1.00000000, 1.00000000, 1.00000000
0.212121212121, 0.545454545455, 0.82734158, 1.00000000, 1.00000000, 1.00000000
0.212121212121, 0.555555555556, 0.82215301, 1.00000000, 1.00000000, 1.00000000
0.212121212121, 0.565656565657, 0.81767950, 1.00000000, 1.00000000, 1.00000000
0.212121212121, 0.575757575758, 0.81393886, 1.00000000, 1.00000000, 1.00000000
0.212121212121, 0.585858585859, 0.81094597, 1.00000000, 1.00000000, 1.00000000
0.212121212121, 0.595959595960, 0.80871279, 1.00000000, 1.00000000, 1.00000000
0.212121212121, 0.606060606061, 0.80724827, 1.00000000, 1.00000000, 1.00000000
0.212121212121, 0.616161616162, 0.80655834, 1.00000000, 1.00000000, 1.00000000
0.212121212121, 0.626262626263, 0.80664580, 1.00000000, 1.00000000, 1.00000000
0.212121212121, 0.636363636364, 0.80751023, 1.00000000, 1.00000000, 1.00000000
0.212121212121, 0.646464646465, 0.80914816, 1.00000000, 1.00000000, 1.00000000
0.212121212121, 0.656565656566, 0.81155304, 1.00000000, 1.00000000, 1.00000000
0.212121212121, 0.666666666667, 0.81471533, 1.00000000, 1.00000000, 1.00000000
0.212121212121, 0.676767676768, 0.81862248, 1.00000000, 1.00000000, 1.00000000
0.212121212121, 0.686868686869, 0.82325900, 1.00000000, 1.00000000, 1.00000000
0.212121212121, 0.696969696970, 0.82860648, 1.00000000, 1.00000000, 1.00000000
0.212121212121, 0.707070707071, 0.83464370, 1.00000000, 1.00000000, 1.00000000
0.212121212121, 0.717171717172, 0.84134669, 1.00000000, 1.00000000, 1.00000000
0.212121212121, 0.727272727273, 0.84868878, 1.00000000, 1.00000000, 1.00000000
0.212121212121, 0.737373737374, 0.85664076, 1.00000000, 1.00000000, 1.00000000
0.212121212121, 0.747474747475, 0.86517094, 1.00000000, 1.00000000, 1.00000000
0.212121212121, 0.757575757576, 0.87424531, 1.00000000, 1.00000000, 1.00000000
0.212121212121, 0.767676767677, 0.88382763, 1.00000000, 1.00000000, 1.00000000
0.212121212121, 0.777777777778, 0.89387962, 1.00000000, 1.00000000, 1.00000000
0.212121212121, 0.787878787879, 0.90436106, 1.00000000, 1.00000000, 1.00000000
0.212121212121, 0.797979797980, 0.91522997, 1.00000000, 1.00000000, 1.00000000
0.212121212121, 0.808080808081, 0.92644279, 1.00000000, 1.00000000, 1.00000000
0.212121212121, 0.818181818182, 0.93795453, 1.00000000, 1.00000000, 1.00000000
0.212121212121, 0.828282828283, 0.94971895, 1.00000000, 1.00000000, 1.00000000
0.212121212121, 0.838383838384, 0.96168876, 1.00000000, 1.00000000, 1.00000000
0.212121212121, 0.848484848485, 0.97381583, 1.00000000, 1.00000000, 1.00000000
0.212121212121, 0.858585858586, 0.98605131, 1.00000000, 1.00000000, 1.00000000
0.212121212121, 0.868686868687, 0.99834592, 1.00000000, 1.00000000, 1.00000000
0.212121212121, 0.878787878788, 1.01065009, 1.00000000, 1.00000000, 1.00000000
0.212121212121, 0.888888888889, 1.02291418, 1.00000000, 1.00000000, 1.00000000
0.212121212121, 0.898989898990, 1.03508868, 1.00000000, 1.00000000, 1.00000000
0.212121212121, 0.909090909091, 1.04712442, 1.00000000, 1.00000000, 1.00000000
0.212121212121, 0.919191919192, 1.05897277, 1.00000000, 1.00000000, 1.00000000
0.212121212121, 0.929292929293, 1.07058576, 1.00000000, 1.00000000, 1.00000000
0.212121212121, 0.939393939394, 1.08191626, 1.00000000, 1.00000000, 1.00000000
0.212121212121, 0.949494949495, 1.09291775, 1.00000000, 1.00000000, 1.00000000
0.212121212121, 0.959595959596, 1.10354375, 1.00000000, 1.00000000, 1.00000000
0.222222222222, -0.000000000000, 1.15677785, 1.00000000, 1.00000000, 1.00000000
0.222222222222, 0.010101010101, 1.16337737, 1.00000000, 1.00000000, 1.00000000
0.222222222222, 0.020202020202, 1.16922476, 1.00000000, 1.00000000, 1.00000000
0.222222222222, 0.030303030303, 1.17435440, 1.00000000, 1.00000000, 1.00000000
0.222222222222, 0.040404040404, 1.17883706, 1.00000000, 1.00000000, 1.00000000
0.222222222222, 0.050505050505, 1.18274975, 1.00000000, 1.00000000, 1.00000000
0.222222222222, 0.060606060606, 1.18614104, 1.00000000, 1.00000000, 1.00000000
0.222222222222, 0.070707070707, 1.18901188, 1.00000000, 1.00000000, 1.00000000
0.222222222222, 0.080808080808, 1.19132046, 1.00000000, 1.00000000, 1.00000000
0.222222222222, 0.090909090909, 1.19300363, 1.00000000, 1.00000000, 1.00000000
0.222222222222, 0.101010101010, 1.19399978, 1.00000000, 1.00000000, 1.00000000
0.222222222222, 0.111111111111, 1.19426284, 1.00000000, 1.00000000, 1.00000000
0.222222222222, 0.121212121212, 1.19376561, 1.00000000, 1.00000000, 1.00000000
0.222222222222, 0.131313131313, 1.19249650, 1.00000000, 1.00000000, 1.00000000
0.222222222222, 0.141414141414, 1.19045461, 1.00000000, 1.00000000, 1.00000000
0.222222222222, 0.151515151515, 1.18764594, 1.00000000, 1.00000000, 1.00000000
0.222222222222, 0.161616161616, 1.18408115, 1.00000000, 1.00000000, 1.00000000
0.222222222222, 0.171717171717, 1.17977451, 1.00000000, 1.00000000, 1.00000000
0.222222222222, 0.181818181818, 1.17474346, 1.00000000, 1.00000000, 1.00000000
0.222222222222, 0.191919191919, 1.16900841, 1.00000000, 1.00000000, 1.00000000
0.222222222222, 0.202020202020, 1.16259262, 1.00000000, 1.00000000, 1.00000000
0.222222222222, 0.212121212121, 1.15552214, 1.00000000, 1.00000000, 1.00000000
0.222222222222, 0.222222222222, 1.14782563, 1.00000000, 1.00000000, 1.00000000
0.222222222222, 0.232323232323, 1.13953431, 1.00000000, 1.00000000, 1.00000000
0.222222222222, 0.242424242424, 1.13068179, 1.00000000, 1.00000000, 1.00000000
0.222222222222, 0.252525252525, 1.12130395, 1.00000000, 1.00000000, 1.00000000
0.222222222222, 0.262626262626, 1.11143879, 1.00000000, 1.00000000, 1.00000000
0.222222222222, 0.272727272727, 1.10112627, 1.00000000, 1.00000000, 1.00000000
0.222222222222, 0.282828282828, 1.09040814, 1.00000000, 1.00000000, 1.00000000
0.222222222222, 0.292929292929, 1.07932779, 1.00000000, 1.00000000, 1.00000000
0.222222222222, 0.303030303030, 1.06793005, 1.00000000, 1.00000000, 1.00000000
0.222222222222, 0.313131313131, 1.05626102, 1.00000000, 1.00000000, 1.00000000
0.222222222222, 0.323232323232, 1.04436788, 1.00000000, 1.00000000, 1.00000000
0.222222222222, 0.333333333333, 1.03229867, 1.00000000, 1.00000000, 1.00000000
0.222222222222, 0.343434343434, 1.02010213, 1.00000000, 1.00000000, 1.00000000
0.222222222222, 0.353535353535, 1.00782750, 1.00000000, 1.00000000, 1.00000000
0.222222222222, 0.363636363636, 0.99552428, 1.00000000, 1.00000000, 1.00000000
0.222222222222, 0.373737373737, 0.98324206, 1.00000000, 1.00000000, 1.00000000
0.222222222222, 0.383838383838, 0.97103031, 1.00000000, 1.00000000, 1.00000000
0.222222222222, 0.393939393939, 0.95893820, 1.00000000, 1.00000000, 1.00000000
0.222222222222, 0.404040404040, 0.94701434, 1.00000000, 1.00000000, 1.00000000
0.222222222222, 0.414141414141, 0.93530665, 1.00000000, 1.00000000, 1.00000000
0.222222222222, 0.424242424242, 0.92386215, 1.00000000, 1.00000000, 1.00000000
0.222222222222, 0.434343434343, 0.91272674, 1.00000000, 1.00000000, 1.00000000
0.222222222222, 0.444444444444, 0.90194504, 1.00000000, 1.00000000, 1.00000000
0.222222222222, 0.454545454545, 0.89156023, 1.00000000, 1.00000000, 1.00000000
0.222222222222, 0.464646464646, 0.88161386, 1.00000000, 1.00000000, 1.00000000
0.222222222222, 0.474747474747, 0.87214566, 1.00000000, 1.00000000, 1.00000000
0.222222222222, 0.484848484848, 0.86319346, 1.00000000, 1.00000000, 1.00000000
0.222222222222, 0.494949494949, 0.85479295, 1.00000000, 1.00000000, 1.00000000
0.222222222222, 0.505050505051, 0.84697763, 1.00000000, 1.00000000, 1.00000000
0.222222222222, 0.515151515152, 0.83977863, 1.00000000, 1.00000000, 1.00000000
0.222222222222, 0.525252525253, 0.83322458, 1.00000000, 1.00000000, 1.00000000
0.222222222222, 0.535353535354, 0.82734158, 1.00000000, 1.00000000, 1.00000000
0.222222222222, 0.545454545455, 0.82215301, 1.00000000, 1.00000000, 1.00000000
0.222222222222, 0.555555555556, 0.81767950, 1.00000000, 1.00000000, 1.00000000
0.222222222222, 0.565656565657, 0.81393886, 1.00000000, 1.00000000, 1.00000000
0.222222222222, 0.575757575758, 0.81094597, 1.00000000, 1.00000000, 1.00000000
0.222222222222, 0.585858585859, 0.80871279, 1.00000000, 1.00000000, 1.00000000
0.222222222222, 0.595959595960, 0.80724827, 1.00000000, 1.00000000, 1.00000000
0.222222222222, 0.606060606061, 0.80655834, 1.00000000, 1.00000000, 1.00000000
0.222222222222, 0.616161616162, 0.80664580, 1.00000000, 1.00000000, 1.00000000
0.222222222222, 0.626262626263, 0.80751023, 1.00000000, 1.00000000, 1.00000000
0.222222222222, 0.636363636364, 0.80914816, 1.00000000, 1.00000000, 1.00000000
0.222222222222, 0.646464646465, 0.81155304, 1.00000000, 1.00000000, 1.00000000
0.222222222222, 0.656565656566, 0.81471533, 1.00000000, 1.00000000, 1.00000000
0.222222222222, 0.666666666667, 0.81862248, 1.00000000, 1.00000000, 1.00000000
0.222222222222, 0.676767676768, 0.82325900, 1.00000000, 1.00000000, 1.00000000
0.222222222222, 0.686868686869, 0.82860648, 1.00000000, 1.00000000, 1.00000000
0.222222222222, 0.696969696970, 0.83464370, 1.00000000, 1.00000000, 1.00000000
0.222222222222, 0.707070707071, 0.84134669, 1.00000000, 1.00000000, 1.00000000
0.222222222222, 0.717171717172, 0.84868878, 1.00000000, 1.00000000, 1.00000000
0.222222222222, 0.727272727273, 0.85664076, 1.00000000, 1.00000000, 1.00000000
0.222222222222, 0.737373737374, 0.86517094, 1.00000000, 1.00000000, 1.00000000
0.222222222222, 0.747474747475, 0.87424531, 1.00000000, 1.00000000, 1.00000000
0.222222222222, 0.757575757576, 0.88382763, 1.00000000, 1.00000000, 1.00000000
0.222222222222, 0.767676767677, 0.89387962, 1.00000000, 1.00000000, 1.00000000
0.222222222222, 0.777777777778, 0.90436106, 1.00000000, 1.00000000, 1.00000000
0.222222222222, 0.787878787879, 0.91522997, 1.00000000, 1.00000000, 1.00000000
0.222222222222, 0.797979797980, 0.92644279, 1.00000000, 1.00000000, 1.00000000
0.222222222222, 0.808080808081, 0.93795453, 1.00000000, 1.00000000, 1.00000000
0.222222222222, 0.818181818182, 0.94971895, 1.00000000, 1.00000000, 1.00000000
0.222222222222, 0.828282828283, 0.96168876, 1.00000000, 1.00000000, 1.00000000
0.222222222222, 0.838383838384, 0.97381583, 1.00000000, 1.00000000, 1.00000000
0.222222222222, 0.848484848485, 0.98605131, 1.00000000, 1.00000000, 1.00000000
0.222222222222, 0.858585858586, 0.99834592, 1.00000000, 1.00000000, 1.00000000
0.222222222222, 0.868686868687, 1.01065009, 1.00000000, 1.00000000, 1.00000000
0.222222222222, 0.878787878788, 1.02291418, 1.00000000, 1.00000000, 1.00000000
0.222222222222, 0.888888888889, 1.03508868, 1.00000000, 1.00000000, 1.00000000
0.222222222222, 0.898989898990, 1.04712443, 1.00000000, 1.00000000, 1.00000000
0.222222222222, 0.909090909091, 1.05897278, 1.00000000, 1.00000000, 1.00000000
0.222222222222, 0.919191919192, 1.07058584, 1.00000000, 1.00000000, 1.00000000
0.222222222222, 0.929292929293, 1.08191659, 1.00000000, 1.00000000, 1.00000000
0.222222222222, 0.939393939394, 1.09291903, 1.00000000, 1.00000000, 1.00000000
0.222222222222, 0.949494949495, 1.10354808, 1.00000000, 1.00000000, 1.00000000
0.222222222222, 0.959595959596, 1.11375900, 1.00000000, 1.00000000, 1.00000000
0.232323232323, -0.000000000000, 1.16377557, 1.00000000, 1.00000000, 1.00000000
0.232323232323, 0.010101010101, 1.16977316, 1.00000000, 1.00000000, 1.00000000
0.232323232323, 0.020202020202, 1.17501645, 1.00000000, 1.00000000, 1.00000000
0.232323232323, 0.030303030303, 1.17953821, 1.00000000, 1.00000000, 1.00000000
0.232323232323, 0.040404040404, 1.18340186, 1.00000000, 1.00000000, 1.00000000
0.232323232323, 0.050505050505, 1.18667430, 1.00000000, 1.00000000, 1.00000000
0.232323232323, 0.060606060606, 1.18939576, 1.00000000, 1.00000000, 1.00000000
0.232323232323, 0.070707070707, 1.19156400, 1.00000000, 1.00000000, 1.00000000
0.232323232323, 0.080808080808, 1.19313989, 1.00000000, 1.00000000, 1.00000000
0.232323232323, 0.090909090909, 1.19406706, 1.00000000, 1.00000000, 1.00000000
0.232323232323, 0.101010101010, 1.19429216, 1.00000000, 1.00000000, 1.00000000
0.232323232323, 0.111111111111, 1.19377688, 1.00000000, 1.00000000, 1.00000000
0.232323232323, 0.121212121212, 1.19250032, 1.00000000, 1.00000000, 1.00000000
0.232323232323, 0.131313131313, 1.19045575, 1.00000000, 1.00000000, 1.00000000
0.232323232323, 0.141414141414, 1.18764624, 1.00000000, 1.00000000, 1.00000000
0.232323232323, 0.151515151515, 1.18408122, 1.00000000, 1.00000000, 1.00000000
0.232323232323, 0.161616161616, 1.17977453, 1.00000000, 1.00000000, 1.00000000
0.232323232323, 0.171717171717, 1.17474346, 1.00000000, 1.00000000, 1.00000000
0.232323232323, 0.181818181818, 1.16900841, 1.00000000, 1.00000000, 1.00000000
0.232323232323, 0.191919191919, 1.16259262, 1.00000000, 1.00000000, 1.00000000
0.232323232323, 0.202020202020, 1.15552214, 1.00000000, 1.00000000, 1.00000000
0.232323232323, 0.212121212121, 1.14782563, 1.00000000, 1.00000000, 1.00000000
0.232323232323, 0.222222222222, 1.13953431, 1.00000000, 1.00000000, 1.00000000
0.232323232323, 0.232323232323, 1.13068179, 1.00000000, 1.00000000, 1.00000000
0.232323232323, 0.242424242424, 1.12130395, 1.00000000, 1.00000000, 1.00000000
0.232323232323, 0.252525252525, 1.11143879, 1.00000000, 1.00000000, 1.00000000
0.232323232323, 0.262626262626, 1.10112627, 1.00000000, 1.00000000, 1.00000000
0.232323232323, 0.272727272727, 1.09040814, 1.00000000, 1.00000000, 1.00000000
0.232323232323, 0.282828282828, 1.07932779, 1.00000000, 1.00000000, 1.00000000
0.232323232323, 0.292929292929, 1.06793005, 1.00000000, 1.00000000, 1.00000000
0.232323232323, 0.303030303030, 1.05626102, 1.00000000, 1.00000000, 1.00000000
0.232323232323, 0.313131313131, 1.04436788, 1.00000000, 1.00000000, 1.00000000
0.232323232323, 0.323232323232, 1.03229867, 1.00000000, 1.00000000, 1.00000000
0.232323232323, 0.333333333333, 1.02010213, 1.00000000, 1.00000000, 1.00000000
0.232323232323, 0.343434343434, 1.00782750, 1.00000000, 1.00000000, 1.00000000
0.232323232323, 0.353535353535, 0.99552428, 1.00000000, 1.00000000, 1.00000000
0.232323232323, 0.363636363636, 0.98324206, 1.00000000, 1.00000000, 1.00000000
0.232323232323, 0.373737373737, 0.97103031, 1.00000000, 1.00000000, 1.00000000
0.232323232323, 0.383838383838, 0.95893820, 1.00000000, 1.00000000, 1.00000000
0.232323232323, 0.393939393939, 0.94701434, 1.00000000, 1.00000000, 1.00000000
0.232323232323, 0.404040404040, 0.93530665, 1.00000000, 1.00000000, 1.00000000
0.232323232323, 0.414141414141, 0.92386215, 1.00000000, 1.00000000, 1.00000000
0.232323232323, 0.424242424242, 0.91272674, 1.00000000, 1.00000000, 1.00000000
0.232323232323, 0.434343434343, 0.90194504, 1.00000000, 1.00000000, 1.00000000
0.232323232323, 0.444444444444, 0.89156023, 1.00000000, 1.00000000, 1.00000000
0.232323232323, 0.454545454545, 0.88161386, 1.00000000, 1.00000000, 1.00000000
0.232323232323, 0.464646464646, 0.87214566, 1.00000000, 1.00000000, 1.00000000
0.232323232323, 0.474747474747, 0.86319346, 1.00000000, 1.00000000, 1.00000000
0.232323232323, 0.484848484848, 0.85479295, 1.00000000, 1.00000000, 1.00000000
0.232323232323, 0.494949494949, 0.84697763, 1.00000000, 1.00000000, 1.00000000
0.232323232323, 0.505050505051, 0.83977863, 1.00000000, 1.00000000, 1.00000000
0.232323232323, 0.515151515152, 0.83322458, 1.00000000, 1.00000000, 1.00000000
0.232323232323, 0.525252525253, 0.82734158, 1.00000000, 1.00000000, 1.00000000
0.232323232323, 0.535353535354, 0.82215301, 1.00000000, 1.00000000, 1.00000000
0.232323232323, 0.545454545455, 0.81767950, 1.00000000, 1.00000000, 1.00000000
0.232323232323, 0.555555555556, 0.81393886, 1.00000000, 1.00000000, 1.00000000
0.232323232323, 0.565656565657, 0.81094597, 1.00000000, 1.00000000, 1.00000000
0.232323232323, 0.575757575758, 0.80871279, 1.00000000, 1.00000000, 1.00000000
0.232323232323, 0.585858585859, 0.80724827, 1.00000000, 1.00000000, 1.00000000
0.232323232323, 0.595959595960, 0.80655834, 1.00000000, 1.00000000, 1.00000000
0.232323232323, 0.606060606061, 0.80664580, 1.00000000, 1.00000000, 1.00000000
0.232323232323, 0.616161616162, 0.80751023, 1.00000000, 1.00000000, 1.00000000
0.232323232323, 0.626262626263, 0.80914816, 1.00000000, 1.00000000, 1.00000000
0.232323232323, 0.636363636364, 0.81155304, 1.00000000, 1.00000000, 1.00000000
0.232323232323, 0.646464646465, 0.81471533, 1.00000000, 1.00000000, 1.00000000
0.232323232323, 0.656565656566, 0.81862248, 1.00000000, 1.00000000, 1.00000000
0.232323232323, 0.666666666667, 0.82325900, 1.00000000, 1.00000000, 1.00000000
0.232323232323, 0.676767676768, 0.82860648, 1.00000000, 1.00000000, 1.00000000
0.232323232323, 0.686868686869, 0.83464370, 1.00000000, 1.00000000, 1.00000000
0.232323232323, 0.696969696970, 0.84134669, 1.00000000, 1.00000000, 1.00000000
0.232323232323, 0.707070707071, 0.84868878, 1.00000000, 1.00000000, 1.00000000
0.232323232323, 0.717171717172, 0.85664076, 1.00000000, 1.00000000, 1.00000000
0.232323232323, 0.727272727273, 0.86517094, 1.00000000, 1.00000000, 1.00000000
0.232323232323, 0.737373737374, 0.87424531, 1.00000000, 1.00000000, 1.00000000
0.232323232323, 0.747474747475, 0.88382763, 1.00000000, 1.00000000, 1.00000000
0.232323232323, 0.757575757576, 0.89387962, 1.00000000, 1.00000000, 1.00000000
0.232323232323, 0.767676767677, 0.90436106, 1.00000000, 1.00000000, 1.00000000
0.232323232323, 0.777777777778, 0.91522997, 1.00000000, 1.00000000, 1.00000000
0.232323232323, 0.787878787879, 0.92644279, 1.00000000, 1.00000000, 1.00000000
0.232323232323, 0.797979797980, 0.93795453, 1.00000000, 1.00000000, 1.00000000
0.232323232323, 0.808080808081, 0.94971895, 1.00000000, 1.00000000, 1.00000000
0.232323232323, 0.818181818182, 0.96168876, 1.00000000, 1.00000000, 1.00000000
0.232323232323, 0.828282828283, 0.97381583, 1.00000000, 1.00000000, 1.00000000
0.232323232323, 0.838383838384, 0.98605131, 1.00000000, 1.00000000, 1.00000000
0.232323232323, 0.848484848485, 0.99834592, 1.00000000, 1.00000000, 1.00000000
0.232323232323, 0.858585858586, 1.01065009, 1.00000000, 1.00000000, 1.00000000
0.232323232323, 0.868686868687, 1.02291418, 1.00000000, 1.00000000, 1.00000000
0.232323232323, 0.878787878788, 1.03508868, 1.00000000, 1.00000000, 1.00000000
0.232323232323, 0.888888888889, 1.04712443, 1.00000000, 1.00000000, 1.00000000
0.232323232323, 0.898989898990, 1.05897279, 1.00000000, 1.00000000, 1.00000000
0.232323232323, 0.909090909091, 1.07058585, 1.00000000, 1.00000000, 1.00000000
0.232323232323, 0.919191919192, 1.08191665, 1.00000000, 1.00000000, 1.00000000
0.232323232323, 0.929292929293, 1.09291932, 1.00000000, 1.00000000, 1.00000000
0.232323232323, 0.939393939394, 1.10354918, 1.00000000, 1.00000000, 1.00000000
0.232323232323, 0.949494949495, 1.11376274, 1.00000000, 1.00000000, 1.00000000
0.232323232323, 0.959595959596, 1.12351722, 1.00000000, 1.00000000, 1.00000000
0.242424242424, -0.000000000000, 1.17011326, 1.00000000, 1.00000000, 1.00000000
0.242424242424, 0.010101010101, 1.17548461, 1.00000000, 1.00000000, 1.00000000
0.242424242424, 0.020202020202, 1.18010264, 1.00000000, 1.00000000, 1.00000000
0.242424242424, 0.030303030303, 1.18399835, 1.00000000, 1.00000000, 1.00000000
0.242424242424, 0.040404040404, 1.18722748, 1.00000000, 1.00000000, 1.00000000
0.242424242424, 0.050505050505, 1.18984650, 1.00000000, 1.00000000, 1.00000000
0.242424242424, 0.060606060606, 1.19188710, 1.00000000, 1.00000000, 1.00000000
0.242424242424, 0.070707070707, 1.19334387, 1.00000000, 1.00000000, 1.00000000
0.242424242424, 0.080808080808, 1.19418057, 1.00000000, 1.00000000, 1.00000000
0.242424242424, 0.090909090909, 1.19434786, 1.00000000, 1.00000000, 1.00000000
0.242424242424, 0.101010101010, 1.19380099, 1.00000000, 1.00000000, 1.00000000
0.242424242424, 0.111111111111, 1.19250952, 1.00000000, 1.00000000, 1.00000000
0.242424242424, 0.121212121212, 1.19045884, 1.00000000, 1.00000000, 1.00000000
0.242424242424, 0.131313131313, 1.18764715, 1.00000000, 1.00000000, 1.00000000
0.242424242424, 0.141414141414, 1.18408146, 1.00000000, 1.00000000, 1.00000000
0.242424242424, 0.151515151515, 1.17977458, 1.00000000, 1.00000000, 1.00000000
0.242424242424, 0.161616161616, 1.17474347, 1.00000000, 1.00000000, 1.00000000
0.242424242424, 0.171717171717, 1.16900841, 1.00000000, 1.00000000, 1.00000000
0.242424242424, 0.181818181818, 1.16259262, 1.00000000, 1.00000000, 1.00000000
0.242424242424, 0.191919191919, 1.15552214, 1.00000000, 1.00000000, 1.00000000
0.242424242424, 0.202020202020, 1.14782563, 1.00000000, 1.00000000, 1.00000000
0.242424242424, 0.212121212121, 1.13953431, 1.00000000, 1.00000000, 1.00000000
0.242424242424, 0.222222222222, 1.13068179, 1.00000000, 1.00000000, 1.00000000
0.242424242424, 0.232323232323, 1.12130395, 1.00000000, 1.00000000, 1.00000000
0.242424242424, 0.242424242424, 1.11143879, 1.00000000, 1.00000000, 1.00000000
0.242424242424, 0.252525252525, 1.10112627, 1.00000000, 1.00000000, 1.00000000
0.242424242424, 0.262626262626, 1.09040814, 1.00000000, 1.00000000, 1.00000000
0.242424242424, 0.272727272727, 1.07932779, 1.00000000, 1.00000000, 1.00000000
0.242424242424, 0.282828282828, 1.06793005, 1.00000000, 1.00000000, 1.00000000
0.242424242424, 0.292929292929, 1.05626102, 1.00000000, 1.00000000, 1.00000000
0.242424242424, 0.303030303030, 1.04436788, 1.00000000, 1.00000000, 1.00000000
0.242424242424, 0.313131313131, 1.03229867, 1.00000000, 1.00000000, 1.00000000
0.242424242424, 0.323232323232, 1.02010213, 1.00000000, 1.00000000, 1.00000000
0.242424242424, 0.333333333333, 1.00782750, 1.00000000, 1.00000000, 1.00000000
0.242424242424, 0.343434343434, 0.99552428, 1.00000000, 1.00000000, 1.00000000
0.242424242424, 0.353535353535, 0.98324206, 1.00000000, 1.00000000, 1.00000000
0.242424242424, 0.363636363636, 0.97103031, 1.00000000, 1.00000000, 1.00000000
0.242424242424, 0.373737373737, 0.95893820, 1.00000000, 1.00000000, 1.00000000
0.242424242424, 0.383838383838, 0.94701434, 1.00000000, 1.00000000, 1.00000000
0.242424242424, 0.393939393939, 0.93530665, 1.00000000, 1.00000000, 1.00000000
0.242424242424, 0.404040404040, 0.92386215, 1.00000000, 1.00000000, 1.00000000
0.242424242424, 0.414141414141, 0.91272674, 1.00000000, 1.00000000, 1.00000000
0.242424242424, 0.424242424242, 0.90194504, 1.00000000, 1.00000000, 1.00000000
0.242424242424, 0.434343434343, 0.89156023, 1.00000000, 1.00000000, 1.00000000
0.242424242424, 0.444444444444, 0.88161386, 1.00000000, 1.00000000, 1.00000000
0.242424242424, 0.454545454545, 0.87214566, 1.00000000, 1.00000000, 1.00000000
0.242424242424, 0.464646464646, 0.86319346, 1.00000000, 1.00000000, 1.00000000
0.242424242424, 0.474747474747, 0.85479295, 1.00000000, 1.00000000, 1.00000000
0.242424242424, 0.484848484848, 0.84697763, 1.00000000, 1.00000000, 1.00000000
0.242424242424, 0.494949494949, 0.83977863, 1.00000000, 1.00000000, 1.00000000
0.242424242424, 0.505050505051, 0.83322458, 1.00000000, 1.00000000, 1.00000000
0.242424242424, 0.515151515152, 0.82734158, 1.00000000, 1.00000000, 1.00000000
0.242424242424, 0.525252525253, 0.82215301, 1.00000000, 1.00000000, 1.00000000
0.242424242424, 0.535353535354, 0.81767950, 1.00000000, 1.00000000, 1.00000000
0.242424242424, 0.545454545455, 0.81393886, 1.00000000, 1.00000000, 1.00000000
0.242424242424, 0.555555555556, 0.81094597, 1.00000000, 1.00000000, 1.00000000
0.242424242424, 0.565656565657, 0.80871279, 1.00000000, 1.00000000, 1.00000000
0.242424242424, 0.575757575758, 0.80724827, 1.00000000, 1.00000000, 1.00000000
0.242424242424, 0.585858585859, 0.80655834, 1.00000000, 1.00000000, 1.00000000
0.242424242424, 0.595959595960, 0.80664580, 1.00000000, 1.00000000, 1.00000000
0.242424242424, 0.606060606061, 0.80751023, 1.00000000, 1.00000000, 1.00000000
0.242424242424, 0.616161616162, 0.80914816, 1.00000000, 1.00000000, 1.00000000
0.242424242424, 0.626262626263, 0.81155304, 1.00000000, 1.00000000, 1.00000000
0.242424242424, 0.636363636364, 0.81471533, 1.00000000, 1.00000000, 1.00000000
0.242424242424, 0.646464646465, 0.81862248, 1.00000000, 1.00000000, 1.00000000
0.242424242424, 0.656565656566, 0.82325900, 1.00000000, 1.00000000, 1.00000000
0.242424242424, 0.666666666667, 0.82860648, 1.00000000, 1.00000000, 1.00000000
0.242424242424, 0.676767676768, 0.83464370, 1.00000000, 1.00000000, 1.00000000
0.242424242424, 0.686868686869, 0.84134669, 1.00000000, 1.00000000, 1.00000000
0.242424242424, 0.696969696970, 0.84868878, 1.00000000, 1.00000000, 1.00000000
0.242424242424, 0.707070707071, 0.85664076, 1.00000000, 1.00000000, 1.00000000
0.242424242424, 0.717171717172, 0.86517094, 1.00000000, 1.00000000, 1.00000000
0.242424242424, 0.727272727273, 0.87424531, 1.00000000, 1.00000000, 1.00000000
0.242424242424, 0.737373737374, 0.88382763, 1.00000000, 1.00000000, 1.00000000
0.242424242424, 0.747474747475, 0.89387962, 1.00000000, 1.00000000, 1.00000000
0.242424242424, 0.757575757576, 0.90436106, 1.00000000, 1.00000000, 1.00000000
0.242424242424, 0.767676767677, 0.91522997, 1.00000000, 1.00000000, 1.00000000
0.242424242424, 0.777777777778, 0.92644279, 1.00000000, 1.00000000, 1.00000000
0.242424242424, 0.787878787879, 0.93795453, 1.00000000, 1.00000000, 1.00000000
0.242424242424, 0.797979797980, 0.94971895, 1.00000000, 1.00000000, 1.00000000
0.242424242424, 0.808080808081, 0.96168876, 1.00000000, 1.00000000, 1.00000000
0.242424242424, 0.818181818182, 0.97381583, 1.00000000, 1.00000000, 1.00000000
0.242424242424, 0.828282828283, 0.98605131, 1.00000000, 1.00000000, 1.00000000
0.242424242424, 0.838383838384, 0.99834592, 1.00000000, 1.00000000, 1.00000000
0.242424242424, 0.848484848485, 1.01065009, 1.00000000, 1.00000000, 1.00000000
0.242424242424, 0.858585858586, 1.02291418, 1.00000000, 1.00000000, 1.00000000
0.242424242424, 0.868686868687, 1.03508868, 1.00000000, 1.00000000, 1.00000000
0.242424242424, 0.878787878788, 1.04712443, 1.00000000, 1.00000000, 1.00000000
0.242424242424, 0.888888888889, 1.05897279, 1.00000000, 1.00000000, 1.00000000
0.242424242424, 0.898989898990, 1.07058585, 1.00000000, 1.00000000, 1.00000000
0.242424242424, 0.909090909091, 1.08191667, 1.00000000, 1.00000000, 1.00000000
0.242424242424, 0.919191919192, 1.09291937, 1.00000000, 1.00000000, 1.00000000
0.242424242424, 0.929292929293, 1.10354941, 1.00000000, 1.00000000, 1.00000000
0.242424242424, 0.939393939394, 1.11376365, 1.00000000, 1.00000000, 1.00000000
0.242424242424, 0.949494949495, 1.12352036, 1.00000000, 1.00000000, 1.00000000
0.242424242424, 0.959595959596, 1.13277888, 1.00000000, 1.00000000, 1.00000000
0.252525252525, -0.000000000000, 1.17576526, 1.00000000, 1.00000000, 1.00000000
0.252525252525, 0.010101010101, 1.18048861, 1.00000000, 1.00000000, 1.00000000
0.252525252525, 0.020202020202, 1.18446274, 1.00000000, 1.00000000, 1.00000000
0.252525252525, 0.030303030303, 1.18771673, 1.00000000, 1.00000000, 1.00000000
0.252525252525, 0.040404040404, 1.19029837, 1.00000000, 1.00000000, 1.00000000
0.252525252525, 0.050505050505, 1.19225342, 1.00000000, 1.00000000, 1.00000000
0.252525252525, 0.060606060606, 1.19360487, 1.00000000, 1.00000000, 1.00000000
0.252525252525, 0.070707070707, 1.19434417, 1.00000000, 1.00000000, 1.00000000
0.252525252525, 0.080808080808, 1.19443817, 1.00000000, 1.00000000, 1.00000000
0.252525252525, 0.090909090909, 1.19384491, 1.00000000, 1.00000000, 1.00000000
0.252525252525, 0.101010101010, 1.19252833, 1.00000000, 1.00000000, 1.00000000
0.252525252525, 0.111111111111, 1.19046593, 1.00000000, 1.00000000, 1.00000000
0.252525252525, 0.121212121212, 1.18764950, 1.00000000, 1.00000000, 1.00000000
0.252525252525, 0.131313131313, 1.18408214, 1.00000000, 1.00000000, 1.00000000
0.252525252525, 0.141414141414, 1.17977475, 1.00000000, 1.00000000, 1.00000000
0.252525252525, 0.151515151515, 1.17474351, 1.00000000, 1.00000000, 1.00000000
0.252525252525, 0.161616161616, 1.16900841, 1.00000000, 1.00000000, 1.00000000
0.252525252525, 0.171717171717, 1.16259262, 1.00000000, 1.00000000, 1.00000000
0.252525252525, 0.181818181818, 1.15552214, 1.00000000, 1.00000000, 1.00000000
0.252525252525, 0.191919191919, 1.14782563, 1.00000000, 1.00000000, 1.00000000
0.252525252525, 0.202020202020, 1.13953431, 1.00000000, 1.00000000, 1.00000000
0.252525252525, 0.212121212121, 1.13068179, 1.00000000, 1.00000000, 1.00000000
0.252525252525, 0.222222222222, 1.12130395, 1.00000000, 1.00000000, 1.00000000
0.252525252525, 0.232323232323, 1.11143879, 1.00000000, 1.00000000, 1.00000000
0.252525252525, 0.242424242424, 1.10112627, 1.00000000, 1.00000000, 1.00000000
0.252525252525, 0.252525252525, 1.09040814, 1.00000000, 1.00000000, 1.00000000
0.252525252525, 0.262626262626, 1.07932779, 1.00000000, 1.00000000, 1.00000000
0.252525252525, 0.272727272727, 1.06793005, 1.00000000, 1.00000000, 1.00000000
0.252525252525, 0.282828282828, 1.05626102, 1.00000000, 1.00000000, 1.00000000
0.252525252525, 0.292929292929, 1.04436788, 1.00000000, 1.00000000, 1.00000000
0.252525252525, 0.303030303030, 1.03229867, 1.00000000, 1.00000000, 1.00000000
0.252525252525, 0.313131313131, 1.02010213, 1.00000000, 1.00000000, 1.00000000
0.252525252525, 0.323232323232, 1.00782750, 1.00000000, 1.00000000, 1.00000000
0.252525252525, 0.333333333333, 0.99552428, 1.00000000, 1.00000000, 1.00000000
0.252525252525, 0.343434343434, 0.98324206, 1.00000000, 1.00000000, 1.00000000
0.252525252525, 0.353535353535, 0.97103031, 1.00000000, 1.00000000, 1.00000000
0.252525252525, 0.363636363636, 0.95893820, 1.00000000, 1.00000000, 1.00000000
0.252525252525, 0.373737373737, 0.94701434, 1.00000000, 1.00000000, 1.00000000
0.252525252525, 0.383838383838, 0.93530665, 1.00000000, 1.00000000, 1.00000000
0.252525252525, 0.393939393939, 0.92386215, 1.00000000, 1.00000000, 1.00000000
0.252525252525, 0.404040404040, 0.91272674, 1.00000000, 1.00000000, 1.00000000
0.252525252525, 0.414141414141, 0.90194504, 1.00000000, 1.00000000, 1.00000000
0.252525252525, 0.424242424242, 0.89156023, 1.00000000, 1.00000000, 1.00000000
0.252525252525, 0.434343434343, 0.88161386, 1.00000000, 1.00000000, 1.00000000
0.252525252525, 0.444444444444, 0.87214566, 1.00000000, 1.00000000, 1.00000000
0.252525252525, 0.454545454545, 0.86319346, 1.00000000, 1.00000000, 1.00000000
0.252525252525, 0.464646464646, 0.85479295, 1.00000000, 1.00000000, 1.00000000
0.252525252525, 0.474747474747, 0.84697763, 1.00000000, 1.00000000, 1.00000000
0.252525252525, 0.484848484848, 0.83977863, 1.00000000, 1.00000000, 1.00000000
0.252525252525, 0.494949494949, 0.83322458, 1.00000000, 1.00000000, 1.00000000
0.252525252525, 0.505050505051, 0.82734158, 1.00000000, 1.00000000, 1.00000000
0.252525252525, 0.515151515152, 0.82215301, 1.00000000, 1.00000000, 1.00000000
0.252525252525, 0.525252525253, 0.81767950, 1.00000000, 1.00000000, 1.00000000
0.252525252525, 0.535353535354, 0.81393886, 1.00000000, 1.00000000, 1.00000000
0.252525252525, 0.545454545455, 0.81094597, 1.00000000, 1.00000000, 1.00000000
0.252525252525, 0.555555555556, 0.80871279, 1.00000000, 1.00000000, 1.00000000
0.252525252525, 0.565656565657, 0.80724827, 1.00000000, 1.00000000, 1.00000000
0.252525252525, 0.575757575758, 0.80655834, 1.00000000, 1.00000000, 1.00000000
0.252525252525, 0.585858585859, 0.80664580, 1.00000000, 1.00000000, 1.00000000
0.252525252525, 0.595959595960, 0.80751023, 1.00000000, 1.00000000, 1.00000000
0.252525252525, 0.606060606061, 0.80914816, 1.00000000, 1.00000000, 1.00000000
0.252525252525, 0.616161616162, 0.81155304, 1.00000000, 1.00000000, 1.00000000
0.252525252525, 0.626262626263, 0.81471533, 1.00000000, 1.00000000, 1.00000000
0.252525252525, 0.636363636364, 0.81862248, 1.00000000, 1.00000000, 1.00000000
0.252525252525, 0.646464646465, 0.82325900, 1.00000000, 1.00000000, 1.00000000
0.252525252525, 0.656565656566, 0.82860648, 1.00000000, 1.00000000, 1.00000000
0.252525252525, 0.666666666667, 0.83464370, 1.00000000, 1.00000000, 1.00000000
0.252525252525, 0.676767676768, 0.84134669, 1.00000000, 1.00000000, 1.00000000
0.252525252525, 0.686868686869, 0.84868878, 1.00000000, 1.00000000, 1.00000000
0.252525252525, 0.696969696970, 0.85664076, 1.00000000, 1.00000000, 1.00000000
0.252525252525, 0.707070707071, 0.86517094, 1.00000000, 1.00000000, 1.00000000
0.252525252525, 0.717171717172, 0.87424531, 1.00000000, 1.00000000, 1.00000000
0.252525252525, 0.727272727273, 0.88382763, 1.00000000, 1.00000000, 1.00000000
0.252525252525, 0.737373737374, 0.89387962, 1.00000000, 1.00000000, 1.00000000
0.252525252525, 0.747474747475, 0.90436106, 1.00000000, 1.00000000, 1.00000000
0.252525252525, 0.757575757576, 0.91522997, 1.00000000, 1.00000000, 1.00000000
0.252525252525, 0.767676767677, 0.92644279, 1.00000000, 1.00000000, 1.00000000
0.252525252525, 0.777777777778, 0.93795453, 1.00000000, 1.00000000, 1.00000000
0.252525252525, 0.787878787879, 0.94971895, 1.00000000, 1.00000000, 1.00000000
0.252525252525, 0.797979797980, 0.96168876, 1.00000000, 1.00000000, 1.00000000
0.252525252525, 0.808080808081, 0.97381583, 1.00000000, 1.00000000, 1.00000000
0.252525252525, 0.818181818182, 0.98605131, 1.00000000, 1.00000000, 1.00000000
0.252525252525, 0.828282828283, 0.99834592, 1.00000000, 1.00000000, 1.00000000
0.252525252525, 0.838383838384, 1.01065009, 1.00000000, 1.00000000, 1.00000000
0.252525252525, 0.848484848485, 1.02291418, 1.00000000, 1.00000000, 1.00000000
0.252525252525, 0.858585858586, 1.03508868, 1.00000000, 1.00000000, 1.00000000
0.252525252525, 0.868686868687, 1.04712443, 1.00000000, 1.00000000, 1.00000000
0.252525252525, 0.878787878788, 1.05897279, 1.00000000, 1.00000000, 1.00000000
0.252525252525, 0.888888888889, 1.07058585, 1.00000000, 1.00000000, 1.00000000
0.252525252525, 0.898989898990, 1.08191667, 1.00000000, 1.00000000, 1.00000000
0.252525252525, 0.909090909091, 1.09291938, 1.00000000, 1.00000000, 1.00000000
0.252525252525, 0.919191919192, 1.10354946, 1.00000000, 1.00000000, 1.00000000
0.252525252525, 0.929292929293, 1.11376384, 1.00000000, 1.00000000, 1.00000000
0.252525252525, 0.939393939394, 1.12352110, 1.00000000, 1.00000000, 1.00000000
0.252525252525, 0.949494949495, 1.13278142, 1.00000000, 1.00000000, 1.00000000
0.252525252525, 0.959595959596, 1.14150646, 1.00000000, 1.00000000, 1.00000000
0.262626262626, -0.000000000000, 1.18070872, 1.00000000, 1.00000000, 1.00000000
0.262626262626, 0.010101010101, 1.18476491, 1.00000000, 1.00000000, 1.00000000
0.262626262626, 0.020202020202, 1.18807910, 1.00000000, 1.00000000, 1.00000000
0.262626262626, 0.030303030303, 1.19067828, 1.00000000, 1.00000000, 1.00000000
0.262626262626, 0.040404040404, 1.19260205, 1.00000000, 1.00000000, 1.00000000
0.262626262626, 0.050505050505, 1.19388523, 1.00000000, 1.00000000, 1.00000000
0.262626262626, 0.060606060606, 1.19454200, 1.00000000, 1.00000000, 1.00000000
0.262626262626, 0.070707070707, 1.19456077, 1.00000000, 1.00000000, 1.00000000
0.262626262626, 0.080808080808, 1.19391168, 1.00000000, 1.00000000, 1.00000000
0.262626262626, 0.090909090909, 1.19256030, 1.00000000, 1.00000000, 1.00000000
0.262626262626, 0.101010101010, 1.19047938, 1.00000000, 1.00000000, 1.00000000
0.262626262626, 0.111111111111, 1.18765447, 1.00000000, 1.00000000, 1.00000000
0.262626262626, 0.121212121212, 1.18408375, 1.00000000, 1.00000000, 1.00000000
0.262626262626, 0.131313131313, 1.17977521, 1.00000000, 1.00000000, 1.00000000
0.262626262626, 0.141414141414, 1.17474362, 1.00000000, 1.00000000, 1.00000000
0.262626262626, 0.151515151515, 1.16900844, 1.00000000, 1.00000000, 1.00000000
0.262626262626, 0.161616161616, 1.16259263, 1.00000000, 1.00000000, 1.00000000
0.262626262626, 0.171717171717, 1.15552214, 1.00000000, 1.00000000, 1.00000000
0.262626262626, 0.181818181818, 1.14782563, 1.00000000, 1.00000000, 1.00000000
0.262626262626, 0.191919191919, 1.13953431, 1.00000000, 1.00000000, 1.00000000
0.262626262626, 0.202020202020, 1.13068179, 1.00000000, 1.00000000, 1.00000000
0.262626262626, 0.212121212121, 1.12130395, 1.00000000, 1.00000000, 1.00000000
0.262626262626, 0.222222222222, 1.11143879, 1.00000000, 1.00000000, 1.00000000
0.262626262626, 0.232323232323, 1.10112627, 1.00000000, 1.00000000, 1.00000000
0.262626262626, 0.242424242424, 1.09040814, 1.00000000, 1.00000000, 1.00000000
0.262626262626, 0.252525252525, 1.07932779, 1.00000000, 1.00000000, 1.00000000
0.262626262626, 0.262626262626, 1.06793005, 1.00000000, 1.00000000, 1.00000000
0.262626262626, 0.272727272727, 1.05626102, 1.00000000, 1.00000000, 1.00000000
0.262626262626, 0.282828282828, 1.04436788, 1.00000000, 1.00000000, 1.00000000
0.262626262626, 0.292929292929, 1.03229867, 1.00000000, 1.00000000, 1.00000000
0.262626262626, 0.303030303030, 1.02010213, 1.00000000, 1.00000000, 1.00000000
0.262626262626, 0.313131313131, 1.00782750, 1.00000000, 1.00000000, 1.00000000
0.262626262626, 0.323232323232, 0.99552428, 1.00000000, 1.00000000, 1.00000000
0.262626262626, 0.333333333333, 0.98324206, 1.00000000, 1.00000000, 1.00000000
0.262626262626, 0.343434343434, 0.97103031, 1.00000000, 1.00000000, 1.00000000
0.262626262626, 0.353535353535, 0.95893820, 1.00000000, 1.00000000, 1.00000000
0.262626262626, 0.363636363636, 0.94701434, 1.00000000, 1.00000000, 1.00000000
0.262626262626, 0.373737373737, 0.93530665, 1.00000000, 1.00000000, 1.00000000
0.262626262626, 0.383838383838, 0.92386215, 1.00000000, 1.00000000, 1.00000000
0.262626262626, 0.393939393939, 0.91272674, 1.00000000, 1.00000000, 1.00000000
0.262626262626, 0.404040404040, 0.90194504, 1.00000000, 1.00000000, 1.00000000
0.262626262626, 0.414141414141, 0.89156023, 1.00000000, 1.00000000, 1.00000000
0.262626262626, 0.424242424242, 0.88161386, 1.00000000, 1.00000000, 1.00000000
0.262626262626, 0.434343434343, 0.87214566, 1.00000000, 1.00000000, 1.00000000
0.262626262626, 0.444444444444, 0.86319346, 1.00000000, 1.00000000, 1.00000000
0.262626262626, 0.454545454545, 0.85479295, 1.00000000, 1.00000000, 1.00000000
0.262626262626, 0.464646464646, 0.84697763, 1.00000000, 1.00000000, 1.00000000
0.262626262626, 0.474747474747, 0.83977863, 1.00000000, 1.00000000, 1.00000000
0.262626262626, 0.484848484848, 0.83322458, 1.00000000, 1.00000000, 1.00000000
0.262626262626, 0.494949494949, 0.82734158, 1.00000000, 1.00000000, 1.00000000
0.262626262626, 0.505050505051, 0.82215301, 1.00000000, 1.00000000, 1.00000000
0.262626262626, 0.515151515152, 0.81767950, 1.00000000, 1.00000000, 1.00000000
0.262626262626, 0.525252525253, 0.81393886, 1.00000000, 1.00000000, 1.00000000
0.262626262626, 0.535353535354, 0.81094597, 1.00000000, 1.00000000, 1.00000000
0.262626262626, 0.545454545455, 0.80871279, 1.00000000, 1.00000000, 1.00000000
0.262626262626, 0.555555555556, 0.80724827, 1.00000000, 1.00000000, 1.00000000
0.262626262626, 0.565656565657, 0.80655834, 1.00000000, 1.00000000, 1.00000000
0.262626262626, 0.575757575758, 0.80664580, 1.00000000, 1.00000000, 1.00000000
0.262626262626, 0.585858585859, 0.80751023, 1.00000000, 1.00000000, 1.00000000
0.262626262626, 0.595959595960, 0.80914816, 1.00000000, 1.00000000, 1.00000000
0.262626262626, 0.606060606061, 0.81155304, 1.00000000, 1.00000000, 1.00000000
0.262626262626, 0.616161616162, 0.81471533, 1.00000000, 1.00000000, 1.00000000
0.262626262626, 0.626262626263, 0.81862248, 1.00000000, 1.00000000, 1.00000000
0.262626262626, 0.636363636364, 0.82325900, 1.00000000, 1.00000000, 1.00000000
0.262626262626, 0.646464646465, 0.82860648, 1.00000000, 1.00000000, 1.00000000
0.262626262626, 0.656565656566, 0.83464370, 1.00000000, 1.00000000, 1.00000000
0.262626262626, 0.666666666667, 0.84134669, 1.00000000, 1.00000000, 1.00000000
0.262626262626, 0.676767676768, 0.84868878, 1.00000000, 1.00000000, 1.00000000
0.262626262626, 0.686868686869, 0.85664076, 1.00000000, 1.00000000, 1.00000000
0.262626262626, 0.696969696970, 0.86517094, 1.00000000, 1.00000000, 1.00000000
0.262626262626, 0.707070707071, 0.87424531, 1.00000000, 1.00000000, 1.00000000
0.262626262626, 0.717171717172, 0.88382763, 1.00000000, 1.00000000, 1.00000000
0.262626262626, 0.727272727273, 0.89387962, 1.00000000, 1.00000000, 1.00000000
0.262626262626, 0.737373737374, 0.90436106, 1.00000000, 1.00000000, 1.00000000
0.262626262626, 0.747474747475, 0.91522997, 1.00000000, 1.00000000, 1.00000000
0.262626262626, 0.757575757576, 0.92644279, 1.00000000, 1.00000000, 1.00000000
0.262626262626, 0.767676767677, 0.93795453, 1.00000000, 1.00000000, 1.00000000
0.262626262626, 0.777777777778, 0.94971895, 1.00000000, 1.00000000, 1.00000000
0.262626262626, 0.787878787879, 0.96168876, 1.00000000, 1.00000000, 1.00000000
0.262626262626, 0.797979797980, 0.97381583, 1.00000000, 1.00000000, 1.00000000
0.262626262626, 0.808080808081, 0.98605131, 1.00000000, 1.00000000, 1.00000000
0.262626262626, 0.818181818182, 0.99834592, 1.00000000, 1.00000000, 1.00000000
0.262626262626, 0.828282828283, 1.01065009, 1.00000000, 1.00000000, 1.00000000
0.262626262626, 0.838383838384, 1.02291418, 1.00000000, 1.00000000, 1.00000000
0.262626262626, 0.848484848485, 1.03508868, 1.00000000, 1.00000000, 1.00000000
0.262626262626, 0.858585858586, 1.04712443, 1.00000000, 1.00000000, 1.00000000
0.262626262626, 0.868686868687, 1.05897279, 1.00000000, 1.00000000, 1.00000000
0.262626262626, 0.878787878788, 1.07058585, 1.00000000, 1.00000000, 1.00000000
0.262626262626, 0.888888888889, 1.08191667, 1.00000000, 1.00000000, 1.00000000
0.262626262626, 0.898989898990, 1.09291938, 1.00000000, 1.00000000, 1.00000000
0.262626262626, 0.909090909091, 1.10354946, 1.00000000, 1.00000000, 1.00000000
0.262626262626, 0.919191919192, 1.11376387, 1.00000000, 1.00000000, 1.00000000
0.262626262626, 0.929292929293, 1.12352124, 1.00000000, 1.00000000, 1.00000000
0.262626262626, 0.939393939394, 1.13278198, 1.00000000, 1.00000000, 1.00000000
0.262626262626, 0.949494949495, 1.14150841, 1.00000000, 1.00000000, 1.00000000
0.262626262626, 0.959595959596, 1.14966459, 1.00000000, 1.00000000, 1.00000000
0.272727272727, -0.000000000000, 1.18492361, 1.00000000, 1.00000000, 1.00000000
0.272727272727, 0.010101010101, 1.18829622, 1.00000000, 1.00000000, 1.00000000
0.272727272727, 0.020202020202, 1.19093706, 1.00000000, 1.00000000, 1.00000000
0.272727272727, 0.030303030303, 1.19287097, 1.00000000, 1.00000000, 1.00000000
0.272727272727, 0.040404040404, 1.19412912, 1.00000000, 1.00000000, 1.00000000
0.272727272727, 0.050505050505, 1.19473522, 1.00000000, 1.00000000, 1.00000000
0.272727272727, 0.060606060606, 1.19469461, 1.00000000, 1.00000000, 1.00000000
0.272727272727, 0.070707070707, 1.19399277, 1.00000000, 1.00000000, 1.00000000
0.272727272727, 0.080808080808, 1.19260327, 1.00000000, 1.00000000, 1.00000000
0.272727272727, 0.090909090909, 1.19049928, 1.00000000, 1.00000000, 1.00000000
0.272727272727, 0.101010101010, 1.18766250, 1.00000000, 1.00000000, 1.00000000
0.272727272727, 0.111111111111, 1.18408656, 1.00000000, 1.00000000, 1.00000000
0.272727272727, 0.121212121212, 1.17977606, 1.00000000, 1.00000000, 1.00000000
0.272727272727, 0.131313131313, 1.17474384, 1.00000000, 1.00000000, 1.00000000
0.272727272727, 0.141414141414, 1.16900849, 1.00000000, 1.00000000, 1.00000000
0.272727272727, 0.151515151515, 1.16259264, 1.00000000, 1.00000000, 1.00000000
0.272727272727, 0.161616161616, 1.15552214, 1.00000000, 1.00000000, 1.00000000
0.272727272727, 0.171717171717, 1.14782563, 1.00000000, 1.00000000, 1.00000000
0.272727272727, 0.181818181818, 1.13953431, 1.00000000, 1.00000000, 1.00000000
0.272727272727, 0.191919191919, 1.13068179, 1.00000000, 1.00000000, 1.00000000
0.272727272727, 0.202020202020, 1.12130395, 1.00000000, 1.00000000, 1.00000000
0.272727272727, 0.212121212121, 1.11143879, 1.00000000, 1.00000000, 1.00000000
0.272727272727, 0.222222222222, 1.10112627, 1.00000000, 1.00000000, 1.00000000
0.272727272727, 0.232323232323, 1.09040814, 1.00000000, 1.00000000, 1.00000000
0.272727272727, 0.242424242424, 1.07932779, 1.00000000, 1.00000000, 1.00000000
0.272727272727, 0.252525252525, 1.06793005, 1.00000000, 1.00000000, 1.00000000
0.272727272727, 0.262626262626, 1.05626102, 1.00000000, 1.00000000, 1.00000000
0.272727272727, 0.272727272727, 1.04436788, 1.00000000, 1.00000000, 1.00000000
0.272727272727, 0.282828282828, 1.03229867, 1.00000000, 1.00000000, 1.00000000
0.272727272727, 0.292929292929, 1.02010213, 1.00000000, 1.00000000, 1.00000000
0.272727272727, 0.303030303030, 1.00782750, 1.00000000, 1.00000000, 1.00000000
0.272727272727, 0.313131313131, 0.99552428, 1.00000000, 1.00000000, 1.00000000
0.272727272727, 0.323232323232, 0.98324206, 1.00000000, 1.00000000, 1.00000000
0.272727272727, 0.333333333333, 0.97103031, 1.00000000, 1.00000000, 1.00000000
0.272727272727, 0.343434343434, 0.95893820, 1.00000000, 1.00000000, 1.00000000
0.272727272727, 0.353535353535, 0.94701434, 1.00000000, 1.00000000, 1.00000000
0.272727272727, 0.363636363636, 0.93530665, 1.00000000, 1.00000000, 1.00000000
0.272727272727, 0.373737373737, 0.92386215, 1.00000000, 1.00000000, 1.00000000
0.272727272727, 0.383838383838, 0.91272674, 1.00000000, 1.00000000, 1.00000000
0.272727272727, 0.393939393939, 0.90194504, 1.00000000, 1.00000000, 1.00000000
0.272727272727, 0.404040404040, 0.89156023, 1.00000000, 1.00000000, 1.00000000
0.272727272727, 0.414141414141, 0.88161386, 1.00000000, 1.00000000, 1.00000000
0.272727272727, 0.424242424242, 0.87214566, 1.00000000, 1.00000000, 1.00000000
0.272727272727, 0.434343434343, 0.86319346, 1.00000000, 1.00000000, 1.00000000
0.272727272727, 0.444444444444, 0.85479295, 1.00000000, 1.00000000, 1.00000000
0.272727272727, 0.454545454545, 0.84697763, 1.00000000, 1.00000000, 1.00000000
0.272727272727, 0.464646464646, 0.83977863, 1.00000000, 1.00000000, 1.00000000
0.272727272727, 0.474747474747, 0.83322458, 1.00000000, 1.00000000, 1.00000000
0.272727272727, 0.484848484848, 0.82734158, 1.00000000, 1.00000000, 1.00000000
0.272727272727, 0.494949494949, 0.82215301, 1.00000000, 1.00000000, 1.00000000
0.272727272727, 0.505050505051, 0.81767950, 1.00000000, 1.00000000, 1.00000000
0.272727272727, 0.515151515152, 0.81393886, 1.00000000, 1.00000000, 1.00000000
0.272727272727, 0.525252525253, 0.81094597, 1.00000000, 1.00000000, 1.00000000
0.272727272727, 0.535353535354, 0.80871279, 1.00000000, 1.00000000, 1.00000000
0.272727272727, 0.545454545455, 0.80724827, 1.00000000, 1.00000000, 1.00000000
0.272727272727, 0.555555555556, 0.80655834, 1.00000000, 1.00000000, 1.00000000
0.272727272727, 0.565656565657, 0.80664580, 1.00000000, 1.00000000, 1.00000000
0.272727272727, 0.575757575758, 0.80751023, 1.00000000, 1.00000000, 1.00000000
0.272727272727, 0.585858585859, 0.80914816, 1.00000000, 1.00000000, 1.00000000
0.272727272727, 0.595959595960, 0.81155304, 1.00000000, 1.00000000, 1.00000000
0.272727272727, 0.606060606061, 0.81471533, 1.00000000, 1.00000000, 1.00000000
0.272727272727, 0.616161616162, 0.81862248, 1.00000000, 1.00000000, 1.00000000
0.272727272727, 0.626262626263, 0.82325900, 1.00000000, 1.00000000, 1.00000000
0.272727272727, 0.636363636364, 0.82860648, 1.00000000, 1.00000000, 1.00000000
0.272727272727, 0.646464646465, 0.83464370, 1.00000000, 1.00000000, 1.00000000
0.272727272727, 0.656565656566, 0.84134669, 1.00000000, 1.00000000, 1.00000000
0.272727272727, 0.666666666667, 0.84868878, 1.00000000, 1.00000000, 1.00000000
0.272727272727, 0.676767676768, 0.85664076, 1.00000000, 1.00000000, 1.00000000
0.272727272727, 0.686868686869, 0.86517094, 1.00000000, 1.00000000, 1.00000000
0.272727272727, 0.696969696970, 0.87424531, 1.00000000, 1.00000000, 1.00000000
0.272727272727, 0.707070707071, 0.88382763, 1.00000000, 1.00000000, 1.00000000
0.272727272727, 0.717171717172, 0.89387962, 1.00000000, 1.00000000, 1.00000000
0.272727272727, 0.727272727273, 0.90436106, 1.00000000, 1.00000000, 1.00000000
0.272727272727, 0.737373737374, 0.91522997, 1.00000000, 1.00000000, 1.00000000
0.272727272727, 0.747474747475, 0.92644279, 1.00000000, 1.00000000, 1.00000000
0.272727272727, 0.757575757576, 0.93795453, 1.00000000, 1.00000000, 1.00000000
0.272727272727, 0.767676767677, 0.94971895, 1.00000000, 1.00000000, 1.00000000
0.272727272727, 0.777777777778, 0.96168876, 1.00000000, 1.00000000, 1.00000000
0.272727272727, 0.787878787879, 0.97381583, 1.00000000, 1.00000000, 1.00000000
0.272727272727, 0.797979797980, 0.98605131, 1.00000000, 1.00000000, 1.00000000
0.272727272727, 0.808080808081, 0.99834592, 1.00000000, 1.00000000, 1.00000000
0.272727272727, 0.818181818182, 1.01065009, 1.00000000, 1.00000000, 1.00000000
0.272727272727, 0.828282828283, 1.02291418, 1.00000000, 1.00000000, 1.00000000
0.272727272727, 0.838383838384, 1.03508868, 1.00000000, 1.00000000, 1.00000000
0.272727272727, 0.848484848485, 1.04712443, 1.00000000, 1.00000000, 1.00000000
0.272727272727, 0.858585858586, 1.05897279, 1.00000000, 1.00000000, 1.00000000
0.272727272727, 0.868686868687, 1.07058585, 1.00000000, 1.00000000, 1.00000000
0.272727272727, 0.878787878788, 1.08191667, 1.00000000, 1.00000000, 1.00000000
0.272727272727, 0.888888888889, 1.09291938, 1.00000000, 1.00000000, 1.00000000
0.272727272727, 0.898989898990, 1.10354946, 1.00000000, 1.00000000, 1.00000000
0.272727272727, 0.909090909091, 1.11376388, 1.00000000, 1.00000000, 1.00000000
0.272727272727, 0.919191919192, 1.12352126, 1.00000000, 1.00000000, 1.00000000
0.272727272727, 0.929292929293, 1.13278207, 1.00000000, 1.00000000, 1.00000000
0.272727272727, 0.939393939394, 1.14150879, 1.00000000, 1.00000000, 1.00000000
0.272727272727, 0.949494949495, 1.14966595, 1.00000000, 1.00000000, 1.00000000
0.272727272727, 0.959595959596, 1.15722021, 1.00000000, 1.00000000, 1.00000000
0.282828282828, -0.000000000000, 1.18839290, 1.00000000, 1.00000000, 1.00000000
0.282828282828, 0.010101010101, 1.19106824, 1.00000000, 1.00000000, 1.00000000
0.282828282828, 0.020202020202, 1.19302506, 1.00000000, 1.00000000, 1.00000000
0.282828282828, 0.030303030303, 1.19428588, 1.00000000, 1.00000000, 1.00000000
0.282828282828, 0.040404040404, 1.19487331, 1.00000000, 1.00000000, 1.00000000
0.282828282828, 0.050505050505, 1.19479986, 1.00000000, 1.00000000, 1.00000000
0.282828282828, 0.060606060606, 1.19406207, 1.00000000, 1.00000000, 1.00000000
0.282828282828, 0.070707070707, 1.19264252, 1.00000000, 1.00000000, 1.00000000
0.282828282828, 0.080808080808, 1.19051826, 1.00000000, 1.00000000, 1.00000000
0.282828282828, 0.090909090909, 1.18767022, 1.00000000, 1.00000000, 1.00000000
0.282828282828, 0.101010101010, 1.18408913, 1.00000000, 1.00000000, 1.00000000
0.282828282828, 0.111111111111, 1.17977670, 1.00000000, 1.00000000, 1.00000000
0.282828282828, 0.121212121212, 1.17474393, 1.00000000, 1.00000000, 1.00000000
0.282828282828, 0.131313131313, 1.16900847, 1.00000000, 1.00000000, 1.00000000
0.282828282828, 0.141414141414, 1.16259262, 1.00000000, 1.00000000, 1.00000000
0.282828282828, 0.151515151515, 1.15552213, 1.00000000, 1.00000000, 1.00000000
0.282828282828, 0.161616161616, 1.14782563, 1.00000000, 1.00000000, 1.00000000
0.282828282828, 0.171717171717, 1.13953431, 1.00000000, 1.00000000, 1.00000000
0.282828282828, 0.181818181818, 1.13068179, 1.00000000, 1.00000000, 1.00000000
0.282828282828, 0.191919191919, 1.12130395, 1.00000000, 1.00000000, 1.00000000
0.282828282828, 0.202020202020, 1.11143879, 1.00000000, 1.00000000, 1.00000000
0.282828282828, 0.212121212121, 1.10112627, 1.00000000, 1.00000000, 1.00000000
0.282828282828, 0.222222222222, 1.09040814, 1.00000000, 1.00000000, 1.00000000
0.282828282828, 0.232323232323, 1.07932779, 1.00000000, 1.00000000, 1.00000000
0.282828282828, 0.242424242424, 1.06793005, 1.00000000, 1.00000000, 1.00000000
0.282828282828, 0.252525252525, 1.05626102, 1.00000000, 1.00000000, 1.00000000
0.282828282828, 0.262626262626, 1.04436788, 1.00000000, 1.00000000, 1.00000000
0.282828282828, 0.272727272727, 1.03229867, 1.00000000, 1.00000000, 1.00000000
0.282828282828, 0.282828282828, 1.02010213, 1.00000000, 1.00000000, 1.00000000
0.282828282828, 0.292929292929, 1.00782750, 1.00000000, 1.00000000, 1.00000000
0.282828282828, 0.303030303030, 0.99552428, 1.00000000, 1.00000000, 1.00000000
0.282828282828, 0.313131313131, 0.98324206, 1.00000000, 1.00000000, 1.00000000
0.282828282828, 0.323232323232, 0.97103031, 1.00000000, 1.00000000, 1.00000000
0.282828282828, 0.333333333333, 0.95893820, 1.00000000, 1.00000000, 1.00000000
0.282828282828, 0.343434343434, 0.94701434, 1.00000000, 1.00000000, 1.00000000
0.282828282828, 0.353535353535, 0.93530665, 1.00000000, 1.00000000, 1.00000000
0.282828282828, 0.363636363636, 0.92386215, 1.00000000, 1.00000000, 1.00000000
0.282828282828, 0.373737373737, 0.91272674, 1.00000000, 1.00000000, 1.00000000
0.282828282828, 0.383838383838, 0.90194504, 1.00000000, 1.00000000, 1.00000000
0.282828282828, 0.393939393939, 0.89156023, 1.00000000, 1.00000000, 1.00000000
0.282828282828, 0.404040404040, 0.88161386, 1.00000000, 1.00000000, 1.00000000
0.282828282828, 0.414141414141, 0.87214566, 1.00000000, 1.00000000, 1.00000000
0.282828282828, 0.424242424242, 0.86319346, 1.00000000, 1.00000000, 1.00000000
0.282828282828, 0.434343434343, 0.85479295, 1.00000000, 1.00000000, 1.00000000
0.282828282828, 0.444444444444, 0.84697763, 1.00000000, 1.00000000, 1.00000000
0.282828282828, 0.454545454545, 0.83977863, 1.00000000, 1.00000000, 1.00000000
0.282828282828, 0.464646464646, 0.83322458, 1.00000000, 1.00000000, 1.00000000
0.282828282828, 0.474747474747, 0.82734158, 1.00000000, 1.00000000, 1.00000000
0.282828282828, 0.484848484848, 0.82215301, 1.00000000, 1.00000000, 1.00000000
0.282828282828, 0.494949494949, 0.81767950, 1.00000000, 1.00000000, 1.00000000
0.282828282828, 0.505050505051, 0.81393886, 1.00000000, 1.00000000, 1.00000000
0.282828282828, 0.515151515152, 0.81094597, 1.00000000, 1.00000000, 1.00000000
0.282828282828, 0.525252525253, 0.80871279, 1.00000000, 1.00000000, 1.00000000
0.282828282828, 0.535353535354, 0.80724827, 1.00000000, 1.00000000, 1.00000000
0.282828282828, 0.545454545455, 0.80655834, 1.00000000, 1.00000000, 1.00000000
0.282828282828, 0.555555555556, 0.80664580, 1.00000000, 1.00000000, 1.00000000
0.282828282828, 0.565656565657, 0.80751023, 1.00000000, 1.00000000, 1.00000000
0.282828282828, 0.575757575758, 0.80914816, 1.00000000, 1.00000000, 1.00000000
0.282828282828, 0.585858585859, 0.81155304, 1.00000000, 1.00000000, 1.00000000
0.282828282828, 0.595959595960, 0.81471533, 1.00000000, 1.00000000, 1.00000000
0.282828282828, 0.606060606061, 0.81862248, 1.00000000, 1.00000000, 1.00000000
0.282828282828, 0.616161616162, 0.82325900, 1.00000000, 1.00000000, 1.00000000
0.282828282828, 0.626262626263, 0.82860648, 1.00000000, 1.00000000, 1.00000000
0.282828282828, 0.636363636364, 0.83464370, 1.00000000, 1.00000000, 1.00000000
0.282828282828, 0.646464646465, 0.84134669, 1.00000000, 1.00000000, 1.00000000
0.282828282828, 0.656565656566, 0.84868878, 1.00000000, 1.00000000, 1.00000000
0.282828282828, 0.666666666667, 0.85664076, 1.00000000, 1.00000000, 1.00000000
0.282828282828, 0.676767676768, 0.86517094, 1.00000000, 1.00000000, 1.00000000
0.282828282828, 0.686868686869, 0.87424531, 1.00000000, 1.00000000, 1.00000000
0.282828282828, 0.696969696970, 0.88382763, 1.00000000, 1.00000000, 1.00000000
0.282828282828, 0.707070707071, 0.89387962, 1.00000000, 1.00000000, 1.00000000
0.282828282828, 0.717171717172, 0.90436106, 1.00000000, 1.00000000, 1.00000000
0.282828282828, 0.727272727273, 0.91522997, 1.00000000, 1.00000000, 1.00000000
0.282828282828, 0.737373737374, 0.92644279, 1.00000000, 1.00000000, 1.00000000
0.282828282828, 0.747474747475, 0.93795453, 1.00000000, 1.00000000, 1.00000000
0.282828282828, 0.757575757576, 0.94971895, 1.00000000, 1.00000000, 1.00000000
0.282828282828, 0.767676767677, 0.96168876, 1.00000000, 1.00000000, 1.00000000
0.282828282828, 0.777777777778, 0.97381583, 1.00000000, 1.00000000, 1.00000000
0.282828282828, 0.787878787879, 0.98605131, 1.00000000, 1.00000000, 1.00000000
0.282828282828, 0.797979797980, 0.99834592, 1.00000000, 1.00000000, 1.00000000
0.282828282828, 0.808080808081, 1.01065009, 1.00000000, 1.00000000, 1.00000000
0.282828282828, 0.818181818182, 1.02291418, 1.00000000, 1.00000000, 1.00000000
0.282828282828, 0.828282828283, 1.03508868, 1.00000000, 1.00000000, 1.00000000
0.282828282828, 0.838383838384, 1.04712443, 1.00000000, 1.00000000, 1.00000000
0.282828282828, 0.848484848485, 1.05897279, 1.00000000, 1.00000000, 1.00000000
0.282828282828, 0.858585858586, 1.07058585, 1.00000000, 1.00000000, 1.00000000
0.282828282828, 0.868686868687, 1.08191667, 1.00000000, 1.00000000, 1.00000000
0.282828282828, 0.878787878788, 1.09291938, 1.00000000, 1.00000000, 1.00000000
0.282828282828, 0.888888888889, 1.10354946, 1.00000000, 1.00000000, 1.00000000
0.282828282828, 0.898989898990, 1.11376388, 1.00000000, 1.00000000, 1.00000000
0.282828282828, 0.909090909091, 1.12352126, 1.00000000, 1.00000000, 1.00000000
0.282828282828, 0.919191919192, 1.13278208, 1.00000000, 1.00000000, 1.00000000
0.282828282828, 0.929292929293, 1.14150884, 1.00000000, 1.00000000, 1.00000000
0.282828282828, 0.939393939394, 1.14966615, 1.00000000, 1.00000000, 1.00000000
0.282828282828, 0.949494949495, 1.15722098, 1.00000000, 1.00000000, 1.00000000
0.282828282828, 0.959595959596, 1.16414270, 1.00000000, 1.00000000, 1.00000000
0.292929292929, -0.000000000000, 1.19110253, 1.00000000, 1.00000000, 1.00000000
0.292929292929, 0.010101010101, 1.19306975, 1.00000000, 1.00000000, 1.00000000
0.292929292929, 0.020202020202, 1.19433464, 1.00000000, 1.00000000, 1.00000000
0.292929292929, 0.030303030303, 1.19491724, 1.00000000, 1.00000000, 1.00000000
0.292929292929, 0.040404040404, 1.19483157, 1.00000000, 1.00000000, 1.00000000
0.292929292929, 0.050505050505, 1.19407892, 1.00000000, 1.00000000, 1.00000000
0.292929292929, 0.060606060606, 1.19264697, 1.00000000, 1.00000000, 1.00000000
0.292929292929, 0.070707070707, 1.19051548, 1.00000000, 1.00000000, 1.00000000
0.292929292929, 0.080808080808, 1.18766511, 1.00000000, 1.00000000, 1.00000000
0.292929292929, 0.090909090909, 1.18408463, 1.00000000, 1.00000000, 1.00000000
0.292929292929, 0.101010101010, 1.17977378, 1.00000000, 1.00000000, 1.00000000
0.292929292929, 0.111111111111, 1.17474239, 1.00000000, 1.00000000, 1.00000000
0.292929292929, 0.121212121212, 1.16900779, 1.00000000, 1.00000000, 1.00000000
0.292929292929, 0.131313131313, 1.16259236, 1.00000000, 1.00000000, 1.00000000
0.292929292929, 0.141414141414, 1.15552205, 1.00000000, 1.00000000, 1.00000000
0.292929292929, 0.151515151515, 1.14782560, 1.00000000, 1.00000000, 1.00000000
0.292929292929, 0.161616161616, 1.13953430, 1.00000000, 1.00000000, 1.00000000
0.292929292929, 0.171717171717, 1.13068179, 1.00000000, 1.00000000, 1.00000000
0.292929292929, 0.181818181818, 1.12130395, 1.00000000, 1.00000000, 1.00000000
0.292929292929, 0.191919191919, 1.11143879, 1.00000000, 1.00000000, 1.00000000
0.292929292929, 0.202020202020, 1.10112627, 1.00000000, 1.00000000, 1.00000000
0.292929292929, 0.212121212121, 1.09040814, 1.00000000, 1.00000000, 1.00000000
0.292929292929, 0.222222222222, 1.07932779, 1.00000000, 1.00000000, 1.00000000
0.292929292929, 0.232323232323, 1.06793005, 1.00000000, 1.00000000, 1.00000000
0.292929292929, 0.242424242424, 1.05626102, 1.00000000, 1.00000000, 1.00000000
0.292929292929, 0.252525252525, 1.04436788, 1.00000000, 1.00000000, 1.00000000
0.292929292929, 0.262626262626, 1.03229867, 1.00000000, 1.00000000, 1.00000000
0.292929292929, 0.272727272727, 1.02010213, 1.00000000, 1.00000000, 1.00000000
0.292929292929, 0.282828282828, 1.00782750, 1.00000000, 1.00000000, 1.00000000
0.292929292929, 0.292929292929, 0.99552428, 1.00000000, 1.00000000, 1.00000000
0.292929292929, 0.303030303030, 0.98324206, 1.00000000, 1.00000000, 1.00000000
0.292929292929, 0.313131313131, 0.97103031, 1.00000000, 1.00000000, 1.00000000
0.292929292929, 0.323232323232, 0.95893820, 1.00000000, 1.00000000, 1.00000000
0.292929292929, 0.333333333333, 0.94701434, 1.00000000, 1.00000000, 1.00000000
0.292929292929, 0.343434343434, 0.93530665, 1.00000000, 1.00000000, 1.00000000
0.292929292929, 0.353535353535, 0.92386215, 1.00000000, 1.00000000, 1.00000000
0.292929292929, 0.363636363636, 0.91272674, 1.00000000, 1.00000000, 1.00000000
0.292929292929, 0.373737373737, 0.90194504, 1.00000000, 1.00000000, 1.00000000
0.292929292929, 0.383838383838, 0.89156023, 1.00000000, 1.00000000, 1.00000000
0.292929292929, 0.393939393939, 0.88161386, 1.00000000, 1.00000000, 1.00000000
0.292929292929, 0.404040404040, 0.87214566, 1.00000000, 1.00000000, 1.00000000
0.292929292929, 0.414141414141, 0.86319346, 1.00000000, 1.00000000, 1.00000000
0.292929292929, 0.424242424242, 0.85479295, 1.00000000, 1.00000000, 1.00000000
0.292929292929, 0.434343434343, 0.84697763, 1.00000000, 1.00000000, 1.00000000
0.292929292929, 0.444444444444, 0.83977863, 1.00000000, 1.00000000, 1.00000000
0.292929292929, 0.454545454545, 0.83322458, 1.00000000, 1.00000000, 1.00000000
0.292929292929, 0.464646464646, 0.82734158, 1.00000000, 1.00000000, 1.00000000
0.292929292929, 0.474747474747, 0.82215301, 1.00000000, 1.00000000, 1.00000000
0.292929292929, 0.484848484848, 0.81767950, 1.00000000, 1.00000000, 1.00000000
0.292929292929, 0.494949494949, 0.81393886, 1.00000000, 1.00000000, 1.00000000
0.292929292929, 0.505050505051, 0.81094597, 1.00000000, 1.00000000, 1.00000000
0.292929292929, 0.515151515152, 0.80871279, 1.00000000, 1.00000000, 1.00000000
0.292929292929, 0.525252525253, 0.80724827, 1.00000000, 1.00000000, 1.00000000
0.292929292929, 0.535353535354, 0.80655834, 1.00000000, 1.00000000, 1.00000000
0.292929292929, 0.545454545455, 0.80664580, 1.00000000, 1.00000000, 1.00000000
0.292929292929, 0.555555555556, 0.80751023, 1.00000000, 1.00000000, 1.00000000
0.292929292929, 0.565656565657, 0.80914816, 1.00000000, 1.00000000, 1.00000000
0.292929292929, 0.575757575758, 0.81155304, 1.00000000, 1.00000000, 1.00000000
0.292929292929, 0.585858585859, 0.81471533, 1.00000000, 1.00000000, 1.00000000
0.292929292929, 0.595959595960, 0.81862248, 1.00000000, 1.00000000, 1.00000000
0.292929292929, 0.606060606061, 0.82325900, 1.00000000, 1.00000000, 1.00000000
0.292929292929, 0.616161616162, 0.82860648, 1.00000000, 1.00000000, 1.00000000
0.292929292929, 0.626262626263, 0.83464370, 1.00000000, 1.00000000, 1.00000000
0.292929292929, 0.636363636364, 0.84134669, 1.00000000, 1.00000000, 1.00000000
0.292929292929, 0.646464646465, 0.84868878, 1.00000000, 1.00000000, 1.00000000
0.292929292929, 0.656565656566, 0.85664076, 1.00000000, 1.00000000, 1.00000000
0.292929292929, 0.666666666667, 0.86517094, 1.00000000, 1.00000000, 1.00000000
0.292929292929, 0.676767676768, 0.87424531, 1.00000000, 1.00000000, 1.00000000
0.292929292929, 0.686868686869, 0.88382763, 1.00000000, 1.00000000, 1.00000000
0.292929292929, 0.696969696970, 0.89387962, 1.00000000, 1.00000000, 1.00000000
0.292929292929, 0.707070707071, 0.90436106, 1.00000000, 1.00000000, 1.00000000
0.292929292929, 0.717171717172, 0.91522997, 1.00000000, 1.00000000, 1.00000000
0.292929292929, 0.727272727273, 0.92644279, 1.00000000, 1.00000000, 1.00000000
0.292929292929, 0.737373737374, 0.93795453, 1.00000000, 1.00000000, 1.00000000
0.292929292929, 0.747474747475, 0.94971895, 1.00000000, 1.00000000, 1.00000000
0.292929292929, 0.757575757576, 0.96168876, 1.00000000, 1.00000000, 1.00000000
0.292929292929, 0.767676767677, 0.97381583, 1.00000000, 1.00000000, 1.00000000
0.292929292929, 0.777777777778, 0.98605131, 1.00000000, 1.00000000, 1.00000000
0.292929292929, 0.787878787879, 0.99834592, 1.00000000, 1.00000000, 1.00000000
0.292929292929, 0.797979797980, 1.01065009, 1.00000000, 1.00000000, 1.00000000
0.292929292929, 0.808080808081, 1.02291418, 1.00000000, 1.00000000, 1.00000000
0.292929292929, 0.818181818182, 1.03508868, 1.00000000, 1.00000000, 1.00000000
0.292929292929, 0.828282828283, 1.04712443, 1.00000000, 1.00000000, 1.00000000
0.292929292929, 0.838383838384, 1.05897279, 1.00000000, 1.00000000, 1.00000000
0.292929292929, 0.848484848485, 1.07058585, 1.00000000, 1.00000000, 1.00000000
0.292929292929, 0.858585858586, 1.08191667, 1.00000000, 1.00000000, 1.00000000
0.292929292929, 0.868686868687, 1.09291938, 1.00000000, 1.00000000, 1.00000000
0.292929292929, 0.878787878788, 1.10354946, 1.00000000, 1.00000000, 1.00000000
0.292929292929, 0.888888888889, 1.11376388, 1.00000000, 1.00000000, 1.00000000
0.292929292929, 0.898989898990, 1.12352126, 1.00000000, 1.00000000, 1.00000000
0.292929292929, 0.909090909091, 1.13278208, 1.00000000, 1.00000000, 1.00000000
0.292929292929, 0.919191919192, 1.14150884, 1.00000000, 1.00000000, 1.00000000
0.292929292929, 0.929292929293, 1.14966616, 1.00000000, 1.00000000, 1.00000000
0.292929292929, 0.939393939394, 1.15722101, 1.00000000, 1.00000000, 1.00000000
0.292929292929, 0.949494949495, 1.16414288, 1.00000000, 1.00000000, 1.00000000
0.292929292929, 0.959595959596, 1.17040399, 1.00000000, 1.00000000, 1.00000000
0.303030303030, -0.000000000000, 1.19304156, 1.00000000, 1.00000000, 1.00000000
0.303030303030, 0.010101010101, 1.19429267, 1.00000000, 1.00000000, 1.00000000
0.303030303030, 0.020202020202, 1.19486046, 1.00000000, 1.00000000, 1.00000000
0.303030303030, 0.030303030303, 1.19476250, 1.00000000, 1.00000000, 1.00000000
0.303030303030, 0.040404040404, 1.19400412, 1.00000000, 1.00000000, 1.00000000
0.303030303030, 0.050505050505, 1.19257533, 1.00000000, 1.00000000, 1.00000000
0.303030303030, 0.060606060606, 1.19045504, 1.00000000, 1.00000000, 1.00000000
0.303030303030, 0.070707070707, 1.18762028, 1.00000000, 1.00000000, 1.00000000
0.303030303030, 0.080808080808, 1.18405540, 1.00000000, 1.00000000, 1.00000000
0.303030303030, 0.090909090909, 1.17975703, 1.00000000, 1.00000000, 1.00000000
0.303030303030, 0.101010101010, 1.17473396, 1.00000000, 1.00000000, 1.00000000
0.303030303030, 0.111111111111, 1.16900406, 1.00000000, 1.00000000, 1.00000000
0.303030303030, 0.121212121212, 1.16259091, 1.00000000, 1.00000000, 1.00000000
0.303030303030, 0.131313131313, 1.15552155, 1.00000000, 1.00000000, 1.00000000
0.303030303030, 0.141414141414, 1.14782546, 1.00000000, 1.00000000, 1.00000000
0.303030303030, 0.151515151515, 1.13953426, 1.00000000, 1.00000000, 1.00000000
0.303030303030, 0.161616161616, 1.13068178, 1.00000000, 1.00000000, 1.00000000
0.303030303030, 0.171717171717, 1.12130395, 1.00000000, 1.00000000, 1.00000000
0.303030303030, 0.181818181818, 1.11143879, 1.00000000, 1.00000000, 1.00000000
0.303030303030, 0.191919191919, 1.10112627, 1.00000000, 1.00000000, 1.00000000
0.303030303030, 0.202020202020, 1.09040814, 1.00000000, 1.00000000, 1.00000000
0.303030303030, 0.212121212121, 1.07932779, 1.00000000, 1.00000000, 1.00000000
0.303030303030, 0.222222222222, 1.06793005, 1.00000000, 1.00000000, 1.00000000
0.303030303030, 0.232323232323, 1.05626102, 1.00000000, 1.00000000, 1.00000000
0.303030303030, 0.242424242424, 1.04436788, 1.00000000, 1.00000000, 1.00000000
0.303030303030, 0.252525252525, 1.03229867, 1.00000000, 1.00000000, 1.00000000
0.303030303030, 0.262626262626, 1.02010213, 1.00000000, 1.00000000, 1.00000000
0.303030303030, 0.272727272727, 1.00782750, 1.00000000, 1.00000000, 1.00000000
0.303030303030, 0.282828282828, 0.99552428, 1.00000000, 1.00000000, 1.00000000
0.303030303030, 0.292929292929, 0.98324206, 1.00000000, 1.00000000, 1.00000000
0.303030303030, 0.303030303030, 0.97103031, 1.00000000, 1.00000000, 1.00000000
0.303030303030, 0.313131313131, 0.95893820, 1.00000000, 1.00000000, 1.00000000
0.303030303030, 0.323232323232, 0.94701434, 1.00000000, 1.00000000, 1.00000000
0.303030303030, 0.333333333333, 0.93530665, 1.00000000, 1.00000000, 1.00000000
0.303030303030, 0.343434343434, 0.92386215, 1.00000000, 1.00000000, 1.00000000
0.303030303030, 0.353535353535, 0.91272674, 1.00000000, 1.00000000, 1.00000000
0.303030303030, 0.363636363636, 0.90194504, 1.00000000, 1.00000000, 1.00000000
0.303030303030, 0.373737373737, 0.89156023, 1.00000000, 1.00000000, 1.00000000
0.303030303030, 0.383838383838, 0.88161386, 1.00000000, 1.00000000, 1.00000000
0.303030303030, 0.393939393939, 0.87214566, 1.00000000, 1.00000000, 1.00000000
0.303030303030, 0.404040404040, 0.86319346, 1.00000000, 1.00000000, 1.00000000
0.303030303030, 0.414141414141, 0.85479295, 1.00000000, 1.00000000, 1.00000000
0.303030303030, 0.424242424242, 0.84697763, 1.00000000, 1.00000000, 1.00000000
0.303030303030, 0.434343434343, 0.83977863, 1.00000000, 1.00000000, 1.00000000
0.303030303030, 0.444444444444, 0.83322458, 1.00000000, 1.00000000, 1.00000000
0.303030303030, 0.454545454545, 0.82734158, 1.00000000, 1.00000000, 1.00000000
0.303030303030, 0.464646464646, 0.82215301, 1.00000000, 1.00000000, 1.00000000
0.303030303030, 0.474747474747, 0.81767950, 1.00000000, 1.00000000, 1.00000000
0.303030303030, 0.484848484848, 0.81393886, 1.00000000, 1.00000000, 1.00000000
0.303030303030, 0.494949494949, 0.81094597, 1.00000000, 1.00000000, 1.00000000
0.303030303030, 0.505050505051, 0.80871279, 1.00000000, 1.00000000, 1.00000000
0.303030303030, 0.515151515152, 0.80724827, 1.00000000, 1.00000000, 1.00000000
0.303030303030, 0.525252525253, 0.80655834, 1.00000000, 1.00000000, 1.00000000
0.303030303030, 0.535353535354, 0.80664580, 1.00000000, 1.00000000, 1.00000000
0.303030303030, 0.545454545455, 0.80751023, 1.00000000, 1.00000000, 1.00000000
0.303030303030, 0.555555555556, 0.80914816, 1.00000000, 1.00000000, 1.00000000
0.303030303030, 0.565656565657, 0.81155304, 1.00000000, 1.00000000, 1.00000000
0.303030303030, 0.575757575758, 0.81471533, 1.00000000, 1.00000000, 1.00000000
0.303030303030, 0.585858585859, 0.81862248, 1.00000000, 1.00000000, 1.00000000
0.303030303030, 0.595959595960, 0.82325900, 1.00000000, 1.00000000, 1.00000000
0.303030303030, 0.606060606061, 0.82860648, 1.00000000, 1.00000000, 1.00000000
0.303030303030, 0.616161616162, 0.83464370, 1.00000000, 1.00000000, 1.00000000
0.303030303030, 0.626262626263, 0.84134669, 1.00000000, 1.00000000, 1.00000000
0.303030303030, 0.636363636364, 0.84868878, 1.00000000, 1.00000000, 1.00000000
0.303030303030, 0.646464646465, 0.85664076, 1.00000000, 1.00000000, 1.00000000
0.303030303030, 0.656565656566, 0.86517094, 1.00000000, 1.00000000, 1.00000000
0.303030303030, 0.666666666667, 0.87424531, 1.00000000, 1.00000000, 1.00000000
0.303030303030, 0.676767676768, 0.88382763, 1.00000000, 1.00000000, 1.00000000
0.303030303030, 0.686868686869, 0.89387962, 1.00000000, 1.00000000, 1.00000000
0.303030303030, 0.696969696970, 0.90436106, 1.00000000, 1.00000000, 1.00000000
0.303030303030, 0.707070707071, 0.91522997, 1.00000000, 1.00000000, 1.00000000
0.303030303030, 0.717171717172, 0.92644279, 1.00000000, 1.00000000, 1.00000000
0.303030303030, 0.727272727273, 0.93795453, 1.00000000, 1.00000000, 1.00000000
0.303030303030, 0.737373737374, 0.94971895, 1.00000000, 1.00000000, 1.00000000
0.303030303030, 0.747474747475, 0.96168876, 1.00000000, 1.00000000, 1.00000000
0.303030303030, 0.757575757576, 0.97381583, 1.00000000, 1.00000000, 1.00000000
0.303030303030, 0.767676767677, 0.98605131, 1.00000000, 1.00000000, 1.00000000
0.303030303030, 0.777777777778, 0.99834592, 1.00000000, 1.00000000, 1.00000000
0.303030303030, 0.787878787879, 1.01065009, 1.00000000, 1.00000000, 1.00000000
0.303030303030, 0.797979797980, 1.02291418, 1.00000000, 1.00000000, 1.00000000
0.303030303030, 0.808080808081, 1.03508868, 1.00000000, 1.00000000, 1.00000000
0.303030303030, 0.818181818182, 1.04712443, 1.00000000, 1.00000000, 1.00000000
0.303030303030, 0.828282828283, 1.05897279, 1.00000000, 1.00000000, 1.00000000
0.303030303030, 0.838383838384, 1.07058585, 1.00000000, 1.00000000, 1.00000000
0.303030303030, 0.848484848485, 1.08191667, 1.00000000, 1.00000000, 1.00000000
0.303030303030, 0.858585858586, 1.09291938, 1.00000000, 1.00000000, 1.00000000
0.303030303030, 0.868686868687, 1.10354946, 1.00000000, 1.00000000, 1.00000000
0.303030303030, 0.878787878788, 1.11376388, 1.00000000, 1.00000000, 1.00000000
0.303030303030, 0.888888888889, 1.12352126, 1.00000000, 1.00000000, 1.00000000
0.303030303030, 0.898989898990, 1.13278208, 1.00000000, 1.00000000, 1.00000000
0.303030303030, 0.909090909091, 1.14150883, 1.00000000, 1.00000000, 1.00000000
0.303030303030, 0.919191919192, 1.14966615, 1.00000000, 1.00000000, 1.00000000
0.303030303030, 0.929292929293, 1.15722097, 1.00000000, 1.00000000, 1.00000000
0.303030303030, 0.939393939394, 1.16414275, 1.00000000, 1.00000000, 1.00000000
0.303030303030, 0.949494949495, 1.17040359, 1.00000000, 1.00000000, 1.00000000
0.303030303030, 0.959595959596, 1.17597869, 1.00000000, 1.00000000, 1.00000000
0.313131313131, -0.000000000000, 1.19420212, 1.00000000, 1.00000000, 1.00000000
0.313131313131, 0.010101010101, 1.19473203, 1.00000000, 1.00000000, 1.00000000
0.313131313131, 0.020202020202, 1.19460044, 1.00000000, 1.00000000, 1.00000000
0.313131313131, 0.030303030303, 1.19382236, 1.00000000, 1.00000000, 1.00000000
0.313131313131, 0.040404040404, 1.19239435, 1.00000000, 1.00000000, 1.00000000
0.313131313131, 0.050505050505, 1.19029521, 1.00000000, 1.00000000, 1.00000000
0.313131313131, 0.060606060606, 1.18749516, 1.00000000, 1.00000000, 1.00000000
0.313131313131, 0.070707070707, 1.18396864, 1.00000000, 1.00000000, 1.00000000
0.313131313131, 0.080808080808, 1.17970375, 1.00000000, 1.00000000, 1.00000000
0.313131313131, 0.090909090909, 1.17470500, 1.00000000, 1.00000000, 1.00000000
0.313131313131, 0.101010101010, 1.16899013, 1.00000000, 1.00000000, 1.00000000
0.313131313131, 0.111111111111, 1.16258499, 1.00000000, 1.00000000, 1.00000000
0.313131313131, 0.121212121212, 1.15551933, 1.00000000, 1.00000000, 1.00000000
0.313131313131, 0.131313131313, 1.14782472, 1.00000000, 1.00000000, 1.00000000
0.313131313131, 0.141414141414, 1.13953405, 1.00000000, 1.00000000, 1.00000000
0.313131313131, 0.151515151515, 1.13068173, 1.00000000, 1.00000000, 1.00000000
0.313131313131, 0.161616161616, 1.12130394, 1.00000000, 1.00000000, 1.00000000
0.313131313131, 0.171717171717, 1.11143879, 1.00000000, 1.00000000, 1.00000000
0.313131313131, 0.181818181818, 1.10112627, 1.00000000, 1.00000000, 1.00000000
0.313131313131, 0.191919191919, 1.09040814, 1.00000000, 1.00000000, 1.00000000
0.313131313131, 0.202020202020, 1.07932779, 1.00000000, 1.00000000, 1.00000000
0.313131313131, 0.212121212121, 1.06793005, 1.00000000, 1.00000000, 1.00000000
0.313131313131, 0.222222222222, 1.05626102, 1.00000000, 1.00000000, 1.00000000
0.313131313131, 0.232323232323, 1.04436788, 1.00000000, 1.00000000, 1.00000000
0.313131313131, 0.242424242424, 1.03229867, 1.00000000, 1.00000000, 1.00000000
0.313131313131, 0.252525252525, 1.02010213, 1.00000000, 1.00000000, 1.00000000
0.313131313131, 0.262626262626, 1.00782750, 1.00000000, 1.00000000, 1.00000000
0.313131313131, 0.272727272727, 0.99552428, 1.00000000, 1.00000000, 1.00000000
0.313131313131, 0.282828282828, 0.98324206, 1.00000000, 1.00000000, 1.00000000
0.313131313131, 0.292929292929, 0.97103031, 1.00000000, 1.00000000, 1.00000000
0.313131313131, 0.303030303030, 0.95893820, 1.00000000, 1.00000000, 1.00000000
0.313131313131, 0.313131313131, 0.94701434, 1.00000000, 1.00000000, 1.00000000
0.313131313131, 0.323232323232, 0.93530665, 1.00000000, 1.00000000, 1.00000000
0.313131313131, 0.333333333333, 0.92386215, 1.00000000, 1.00000000, 1.00000000
0.313131313131, 0.343434343434, 0.91272674, 1.00000000, 1.00000000, 1.00000000
0.313131313131, 0.353535353535, 0.90194504, 1.00000000, 1.00000000, 1.00000000
0.313131313131, 0.363636363636, 0.89156023, 1.00000000, 1.00000000, 1.00000000
0.313131313131, 0.373737373737, 0.88161386, 1.00000000, 1.00000000, 1.00000000
0.313131313131, 0.383838383838, 0.87214566, 1.00000000, 1.00000000, 1.00000000
0.313131313131, 0.393939393939, 0.86319346, 1.00000000, 1.00000000, 1.00000000
0.313131313131, 0.404040404040, 0.85479295, 1.00000000, 1.00000000, 1.00000000
0.313131313131, 0.414141414141, 0.84697763, 1.00000000, 1.00000000, 1.00000000
0.313131313131, 0.424242424242, 0.83977863, 1.00000000, 1.00000000, 1.00000000
0.313131313131, 0.434343434343, 0.83322458, 1.00000000, 1.00000000, 1.00000000
0.313131313131, 0.444444444444, 0.82734158, 1.00000000, 1.00000000, 1.00000000
0.313131313131, 0.454545454545, 0.82215301, 1.00000000, 1.00000000, 1.00000000
0.313131313131, 0.464646464646, 0.81767950, 1.00000000, 1.00000000, 1.00000000
0.313131313131, 0.474747474747, 0.81393886, 1.00000000, 1.00000000, 1.00000000
0.313131313131, 0.484848484848, 0.81094597, 1.00000000, 1.00000000, 1.00000000
0.313131313131, 0.494949494949, 0.80871279, 1.00000000, 1.00000000, 1.00000000
0.313131313131, 0.505050505051, 0.80724827, 1.00000000, 1.00000000, 1.00000000
0.313131313131, 0.515151515152, 0.80655834, 1.00000000, 1.00000000, 1.00000000
0.313131313131, 0.525252525253, 0.80664580, 1.00000000, 1.00000000, 1.00000000
0.313131313131, 0.535353535354, 0.80751023, 1.00000000, 1.00000000, 1.00000000
0.313131313131, 0.545454545455, 0.80914816, 1.00000000, 1.00000000, 1.00000000
0.313131313131, 0.555555555556, 0.81155304, 1.00000000, 1.00000000, 1.00000000
0.313131313131, 0.565656565657, 0.81471533, 1.00000000, 1.00000000, 1.00000000
0.313131313131, 0.575757575758, 0.81862248, 1.00000000, 1.00000000, 1.00000000
0.313131313131, 0.585858585859, 0.82325900, 1.00000000, 1.00000000, 1.00000000
0.313131313131, 0.595959595960, 0.82860648, 1.00000000, 1.00000000, 1.00000000
0.313131313131, 0.606060606061, 0.83464370, 1.00000000, 1.00000000, 1.00000000
0.313131313131, 0.616161616162, 0.84134669, 1.00000000, 1.00000000, 1.00000000
0.313131313131, 0.626262626263, 0.84868878, 1.00000000, 1.00000000, 1.00000000
0.313131313131, 0.636363636364, 0.85664076, 1.00000000, 1.00000000, 1.00000000
0.313131313131, 0.646464646465, 0.86517094, 1.00000000, 1.00000000, 1.00000000
0.313131313131, 0.656565656566, 0.87424531, 1.00000000, 1.00000000, 1.00000000
0.313131313131, 0.666666666667, 0.88382763, 1.00000000, 1.00000000, 1.00000000
0.313131313131, 0.676767676768, 0.89387962, 1.00000000, 1.00000000, 1.00000000
0.313131313131, 0.686868686869, 0.90436106, 1.00000000, 1.00000000, 1.00000000
0.313131313131, 0.696969696970, 0.91522997, 1.00000000, 1.00000000, 1.00000000
0.313131313131, 0.707070707071, 0.92644279, 1.00000000, 1.00000000, 1.00000000
0.313131313131, 0.717171717172, 0.93795453, 1.00000000, 1.00000000, 1.00000000
0.313131313131, 0.727272727273, 0.94971895, 1.00000000, 1.00000000, 1.00000000
0.313131313131, 0.737373737374, 0.96168876, 1.00000000, 1.00000000, 1.00000000
0.313131313131, 0.747474747475, 0.97381583, 1.00000000, 1.00000000, 1.00000000
0.313131313131, 0.757575757576, 0.98605131, 1.00000000, 1.00000000, 1.00000000
0.313131313131, 0.767676767677, 0.99834592, 1.00000000, 1.00000000, 1.00000000
0.313131313131, 0.777777777778, 1.01065009, 1.00000000, 1.00000000, 1.00000000
0.313131313131, 0.787878787879, 1.02291418, 1.00000000, 1.00000000, 1.00000000
0.313131313131, 0.797979797980, 1.03508868, 1.00000000, 1.00000000, 1.00000000
0.313131313131, 0.808080808081, 1.04712443, 1.00000000, 1.00000000, 1.00000000
0.313131313131, 0.818181818182, 1.05897279, 1.00000000, 1.00000000, 1.00000000
0.313131313131, 0.828282828283, 1.07058585, 1.00000000, 1.00000000, 1.00000000
0.313131313131, 0.838383838384, 1.08191667, 1.00000000, 1.00000000, 1.00000000
0.313131313131, 0.848484848485, 1.09291938, 1.00000000, 1.00000000, 1.00000000
0.313131313131, 0.858585858586, 1.10354946, 1.00000000, 1.00000000, 1.00000000
0.313131313131, 0.868686868687, 1.11376388, 1.00000000, 1.00000000, 1.00000000
0.313131313131, 0.878787878788, 1.12352126, 1.00000000, 1.00000000, 1.00000000
0.313131313131, 0.888888888889, 1.13278208, 1.00000000, 1.00000000, 1.00000000
0.313131313131, 0.898989898990, 1.14150883, 1.00000000, 1.00000000, 1.00000000
0.313131313131, 0.909090909091, 1.14966614, 1.00000000, 1.00000000, 1.00000000
0.313131313131, 0.919191919192, 1.15722095, 1.00000000, 1.00000000, 1.00000000
0.313131313131, 0.929292929293, 1.16414266, 1.00000000, 1.00000000, 1.00000000
0.313131313131, 0.939393939394, 1.17040329, 1.00000000, 1.00000000, 1.00000000
0.313131313131, 0.949494949495, 1.17597772, 1.00000000, 1.00000000, 1.00000000
0.313131313131, 0.959595959596, 1.18084420, 1.00000000, 1.00000000, 1.00000000
0.323232323232, -0.000000000000, 1.19457952, 1.00000000, 1.00000000, 1.00000000
0.323232323232, 0.010101010101, 1.19438612, 1.00000000, 1.00000000, 1.00000000
0.323232323232, 0.020202020202, 1.19355575, 1.00000000, 1.00000000, 1.00000000
0.323232323232, 0.030303030303, 1.19210072, 1.00000000, 1.00000000, 1.00000000
0.323232323232, 0.040404040404, 1.19000883, 1.00000000, 1.00000000, 1.00000000
0.323232323232, 0.050505050505, 1.18724779, 1.00000000, 1.00000000, 1.00000000
0.323232323232, 0.060606060606, 1.18377932, 1.00000000, 1.00000000, 1.00000000
0.323232323232, 0.070707070707, 1.17957535, 1.00000000, 1.00000000, 1.00000000
0.323232323232, 0.080808080808, 1.17462781, 1.00000000, 1.00000000, 1.00000000
0.323232323232, 0.090909090909, 1.16894900, 1.00000000, 1.00000000, 1.00000000
0.323232323232, 0.101010101010, 1.16256557, 1.00000000, 1.00000000, 1.00000000
0.323232323232, 0.111111111111, 1.15551121, 1.00000000, 1.00000000, 1.00000000
0.323232323232, 0.121212121212, 1.14782172, 1.00000000, 1.00000000, 1.00000000
0.323232323232, 0.131313131313, 1.13953307, 1.00000000, 1.00000000, 1.00000000
0.323232323232, 0.141414141414, 1.13068144, 1.00000000, 1.00000000, 1.00000000
0.323232323232, 0.151515151515, 1.12130387, 1.00000000, 1.00000000, 1.00000000
0.323232323232, 0.161616161616, 1.11143877, 1.00000000, 1.00000000, 1.00000000
0.323232323232, 0.171717171717, 1.10112626, 1.00000000, 1.00000000, 1.00000000
0.323232323232, 0.181818181818, 1.09040814, 1.00000000, 1.00000000, 1.00000000
0.323232323232, 0.191919191919, 1.07932779, 1.00000000, 1.00000000, 1.00000000
0.323232323232, 0.202020202020, 1.06793005, 1.00000000, 1.00000000, 1.00000000
0.323232323232, 0.212121212121, 1.05626102, 1.00000000, 1.00000000, 1.00000000
0.323232323232, 0.222222222222, 1.04436788, 1.00000000, 1.00000000, 1.00000000
0.323232323232, 0.232323232323, 1.03229867, 1.00000000, 1.00000000, 1.00000000
0.323232323232, 0.242424242424, 1.02010213, 1.00000000, 1.00000000, 1.00000000
0.323232323232, 0.252525252525, 1.00782750, 1.00000000, 1.00000000, 1.00000000
0.323232323232, 0.262626262626, 0.99552428, 1.00000000, 1.00000000, 1.00000000
0.323232323232, 0.272727272727, 0.98324206, 1.00000000, 1.00000000, 1.00000000
0.323232323232, 0.282828282828, 0.97103031, 1.00000000, 1.00000000, 1.00000000
0.323232323232, 0.292929292929, 0.95893820, 1.00000000, 1.00000000, 1.00000000
0.323232323232, 0.303030303030, 0.94701434, 1.00000000, 1.00000000, 1.00000000
0.323232323232, 0.313131313131, 0.93530665, 1.00000000, 1.00000000, 1.00000000
0.323232323232, 0.323232323232, 0.92386215, 1.00000000, 1.00000000, 1.00000000
0.323232323232, 0.333333333333, 0.91272674, 1.00000000, 1.00000000, 1.00000000
0.323232323232, 0.343434343434, 0.90194504, 1.00000000, 1.00000000, 1.00000000
0.323232323232, 0.353535353535, 0.89156023, 1.00000000, 1.00000000, 1.00000000
0.323232323232, 0.363636363636, 0.88161386, 1.00000000, 1.00000000, 1.00000000
0.323232323232, 0.373737373737, 0.87214566, 1.00000000, 1.00000000, 1.00000000
0.323232323232, 0.383838383838, 0.86319346, 1.00000000, 1.00000000, 1.00000000
0.323232323232, 0.393939393939, 0.85479295, 1.00000000, 1.00000000, 1.00000000
0.323232323232, 0.404040404040, 0.84697763, 1.00000000, 1.00000000, 1.00000000
0.323232323232, 0.414141414141, 0.83977863, 1.00000000, 1.00000000, 1.00000000
0.323232323232, 0.424242424242, 0.83322458, 1.00000000, 1.00000000, 1.00000000
0.323232323232, 0.434343434343, 0.82734158, 1.00000000, 1.00000000, 1.00000000
0.323232323232, 0.444444444444, 0.82215301, 1.00000000, 1.00000000, 1.00000000
0.323232323232, 0.454545454545, 0.81767950, 1.00000000, 1.00000000, 1.00000000
0.323232323232, 0.464646464646, 0.81393886, 1.00000000, 1.00000000, 1.00000000
0.323232323232, 0.474747474747, 0.81094597, 1.00000000, 1.00000000, 1.00000000
0.323232323232, 0.484848484848, 0.80871279, 1.00000000, 1.00000000, 1.00000000
0.323232323232, 0.494949494949, 0.80724827, 1.00000000, 1.00000000, 1.00000000
0.323232323232, 0.505050505051, 0.80655834, 1.00000000, 1.00000000, 1.00000000
0.323232323232, 0.515151515152, 0.80664580, 1.00000000, 1.00000000, 1.00000000
0.323232323232, 0.525252525253, 0.80751023, 1.00000000, 1.00000000, 1.00000000
0.323232323232, 0.535353535354, 0.80914816, 1.00000000, 1.00000000, 1.00000000
0.323232323232, 0.545454545455, 0.81155304, 1.00000000, 1.00000000, 1.00000000
0.323232323232, 0.555555555556, 0.81471533, 1.00000000, 1.00000000, 1.00000000
0.323232323232, 0.565656565657, 0.81862248, 1.00000000, 1.00000000, 1.00000000
0.323232323232, 0.575757575758, 0.82325900, 1.00000000, 1.00000000, 1.00000000
0.323232323232, 0.585858585859, 0.82860648, 1.00000000, 1.00000000, 1.00000000
0.323232323232, 0.595959595960, 0.83464370, 1.00000000, 1.00000000, 1.00000000
0.323232323232, 0.606060606061, 0.84134669, 1.00000000, 1.00000000, 1.00000000
0.323232323232, 0.616161616162, 0.84868878, 1.00000000, 1.00000000, 1.00000000
0.323232323232, 0.626262626263, 0.85664076, 1.00000000, 1.00000000, 1.00000000
0.323232323232, 0.636363636364, 0.86517094, 1.00000000, 1.00000000, 1.00000000
0.323232323232, 0.646464646465, 0.87424531, 1.00000000, 1.00000000, 1.00000000
0.323232323232, 0.656565656566, 0.88382763, 1.00000000, 1.00000000, 1.00000000
0.323232323232, 0.666666666667, 0.89387962, 1.00000000, 1.00000000, 1.00000000
0.323232323232, 0.676767676768, 0.90436106, 1.00000000, 1.00000000, 1.00000000
0.323232323232, 0.686868686869, 0.91522997, 1.00000000, 1.00000000, 1.00000000
0.323232323232, 0.696969696970, 0.92644279, 1.00000000, 1.00000000, 1.00000000
0.323232323232, 0.707070707071, 0.93795453, 1.00000000, 1.00000000, 1.00000000
0.323232323232, 0.717171717172, 0.94971895, 1.00000000, 1.00000000, 1.00000000
0.323232323232, 0.727272727273, 0.96168876, 1.00000000, 1.00000000, 1.00000000
0.323232323232, 0.737373737374, 0.97381583, 1.00000000, 1.00000000, 1.00000000
0.323232323232, 0.747474747475, 0.98605131, 1.00000000, 1.00000000, 1.00000000
0.323232323232, 0.757575757576, 0.99834592, 1.00000000, 1.00000000, 1.00000000
0.323232323232, 0.767676767677, 1.01065009, 1.00000000, 1.00000000, 1.00000000
0.323232323232, 0.777777777778, 1.02291418, 1.00000000, 1.00000000, 1.00000000
0.323232323232, 0.787878787879, 1.03508868, 1.00000000, 1.00000000, 1.00000000
0.323232323232, 0.797979797980, 1.04712443, 1.00000000, 1.00000000, 1.00000000
0.323232323232, 0.808080808081, 1.05897279, 1.00000000, 1.00000000, 1.00000000
0.323232323232, 0.818181818182, 1.07058585, 1.00000000, 1.00000000, 1.00000000
0.323232323232, 0.828282828283, 1.08191667, 1.00000000, 1.00000000, 1.00000000
0.323232323232, 0.838383838384, 1.09291938, 1.00000000, 1.00000000, 1.00000000
0.323232323232, 0.848484848485, 1.10354946, 1.00000000, 1.00000000, 1.00000000
0.323232323232, 0.858585858586, 1.11376388, 1.00000000, 1.00000000, 1.00000000
0.323232323232, 0.868686868687, 1.12352126, 1.00000000, 1.00000000, 1.00000000
0.323232323232, 0.878787878788, 1.13278208, 1.00000000, 1.00000000, 1.00000000
0.323232323232, 0.888888888889, 1.14150883, 1.00000000, 1.00000000, 1.00000000
0.323232323232, 0.898989898990, 1.14966614, 1.00000000, 1.00000000, 1.00000000
0.323232323232, 0.909090909091, 1.15722095, 1.00000000, 1.00000000, 1.00000000
0.323232323232, 0.919191919192, 1.16414263, 1.00000000, 1.00000000, 1.00000000
0.323232323232, 0.929292929293, 1.17040316, 1.00000000, 1.00000000, 1.00000000
0.323232323232, 0.939393939394, 1.17597725, 1.00000000, 1.00000000, 1.00000000
0.323232323232, 0.949494949495, 1.18084266, 1.00000000, 1.00000000, 1.00000000
0.323232323232, 0.959595959596, 1.18498077, 1.00000000, 1.00000000, 1.00000000
0.333333333333, -0.000000000000, 1.19417230, 1.00000000, 1.00000000, 1.00000000
0.333333333333, 0.010101010101, 1.19325648, 1.00000000, 1.00000000, 1.00000000
0.333333333333, 0.020202020202, 1.19173074, 1.00000000, 1.00000000, 1.00000000
0.333333333333, 0.030303030303, 1.18960461, 1.00000000, 1.00000000, 1.00000000
0.333333333333, 0.040404040404, 1.18685724, 1.00000000, 1.00000000, 1.00000000
0.333333333333, 0.050505050505, 1.18344541, 1.00000000, 1.00000000, 1.00000000
0.333333333333, 0.060606060606, 1.17932255, 1.00000000, 1.00000000, 1.00000000
0.333333333333, 0.070707070707, 1.17445821, 1.00000000, 1.00000000, 1.00000000
0.333333333333, 0.080808080808, 1.16884814, 1.00000000, 1.00000000, 1.00000000
0.333333333333, 0.090909090909, 1.16251239, 1.00000000, 1.00000000, 1.00000000
0.333333333333, 0.101010101010, 1.15548635, 1.00000000, 1.00000000, 1.00000000
0.333333333333, 0.111111111111, 1.14781142, 1.00000000, 1.00000000, 1.00000000
0.333333333333, 0.121212121212, 1.13952930, 1.00000000, 1.00000000, 1.00000000
0.333333333333, 0.131313131313, 1.13068022, 1.00000000, 1.00000000, 1.00000000
0.333333333333, 0.141414141414, 1.12130352, 1.00000000, 1.00000000, 1.00000000
0.333333333333, 0.151515151515, 1.11143868, 1.00000000, 1.00000000, 1.00000000
0.333333333333, 0.161616161616, 1.10112624, 1.00000000, 1.00000000, 1.00000000
0.333333333333, 0.171717171717, 1.09040813, 1.00000000, 1.00000000, 1.00000000
0.333333333333, 0.181818181818, 1.07932779, 1.00000000, 1.00000000, 1.00000000
0.333333333333, 0.191919191919, 1.06793005, 1.00000000, 1.00000000, 1.00000000
0.333333333333, 0.202020202020, 1.05626102, 1.00000000, 1.00000000, 1.00000000
0.333333333333, 0.212121212121, 1.04436788, 1.00000000, 1.00000000, 1.00000000
0.333333333333, 0.222222222222, 1.03229867, 1.00000000, 1.00000000, 1.00000000
0.333333333333, 0.232323232323, 1.02010213, 1.00000000, 1.00000000, 1.00000000
0.333333333333, 0.242424242424, 1.00782750, 1.00000000, 1.00000000, 1.00000000
0.333333333333, 0.252525252525, 0.99552428, 1.00000000, 1.00000000, 1.00000000
0.333333333333, 0.262626262626, 0.98324206, 1.00000000, 1.00000000, 1.00000000
0.333333333333, 0.272727272727, 0.97103031, 1.00000000, 1.00000000, 1.00000000
0.333333333333, 0.282828282828, 0.95893820, 1.00000000, 1.00000000, 1.00000000
0.333333333333, 0.292929292929, 0.94701434, 1.00000000, 1.00000000, 1.00000000
0.333333333333, 0.303030303030, 0.93530665, 1.00000000, 1.00000000, 1.00000000
0.333333333333, 0.313131313131, 0.92386215, 1.00000000, 1.00000000, 1.00000000
0.333333333333, 0.323232323232, 0.91272674, 1.00000000, 1.00000000, 1.00000000
0.333333333333, 0.333333333333, 0.90194504, 1.00000000, 1.00000000, 1.00000000
0.333333333333, 0.343434343434, 0.89156023, 1.00000000, 1.00000000, 1.00000000
0.333333333333, 0.353535353535, 0.88161386, 1.00000000, 1.00000000, 1.00000000
0.333333333333, 0.363636363636, 0.87214566, 1.00000000, 1.00000000, 1.00000000
0.333333333333, 0.373737373737, 0.86319346, 1.00000000, 1.00000000, 1.00000000
0.333333333333, 0.383838383838, 0.85479295, 1.00000000, 1.00000000, 1.00000000
0.333333333333, 0.393939393939, 0.84697763, 1.00000000, 1.00000000, 1.00000000
0.333333333333, 0.404040404040, 0.83977863, 1.00000000, 1.00000000, 1.00000000
0.333333333333, 0.414141414141, 0.83322458, 1.00000000, 1.00000000, 1.00000000
0.333333333333, 0.424242424242, 0.82734158, 1.00000000, 1.00000000, 1.00000000
0.333333333333, 0.434343434343, 0.82215301, 1.00000000, 1.00000000, 1.00000000
0.333333333333, 0.444444444444, 0.81767950, 1.00000000, 1.00000000, 1.00000000
0.333333333333, 0.454545454545, 0.81393886, 1.00000000, 1.00000000, 1.00000000
0.333333333333, 0.464646464646, 0.81094597, 1.00000000, 1.00000000, 1.00000000
0.333333333333, 0.474747474747, 0.80871279, 1.00000000, 1.00000000, 1.00000000
0.333333333333, 0.484848484848, 0.80724827, 1.00000000, 1.00000000, 1.00000000
0.333333333333, 0.494949494949, 0.80655834, 1.00000000, 1.00000000, 1.00000000
0.333333333333, 0.505050505051, 0.80664580, 1.00000000, 1.00000000, 1.00000000
0.333333333333, 0.515151515152, 0.80751023, 1.00000000, 1.00000000, 1.00000000
0.333333333333, 0.525252525253, 0.80914816, 1.00000000, 1.00000000, 1.00000000
0.333333333333, 0.535353535354, 0.81155304, 1.00000000, 1.00000000, 1.00000000
0.333333333333, 0.545454545455, 0.81471533, 1.00000000, 1.00000000, 1.00000000
0.333333333333, 0.555555555556, 0.81862248, 1.00000000, 1.00000000, 1.00000000
0.333333333333, 0.565656565657, 0.82325900, 1.00000000, 1.00000000, 1.00000000
0.333333333333, 0.575757575758, 0.82860648, 1.00000000, 1.00000000, 1.00000000
0.333333333333, 0.585858585859, 0.83464370, 1.00000000, 1.00000000, 1.00000000
0.333333333333, 0.595959595960, 0.84134669, 1.00000000, 1.00000000, 1.00000000
0.333333333333, 0.606060606061, 0.84868878, 1.00000000, 1.00000000, 1.00000000
0.333333333333, 0.616161616162, 0.85664076, 1.00000000, 1.00000000, 1.00000000
0.333333333333, 0.626262626263, 0.86517094, 1.00000000, 1.00000000, 1.00000000
0.333333333333, 0.636363636364, 0.87424531, 1.00000000, 1.00000000, 1.00000000
0.333333333333, 0.646464646465, 0.88382763, 1.00000000, 1.00000000, 1.00000000
0.333333333333, 0.656565656566, 0.89387962, 1.00000000, 1.00000000, 1.00000000
0.333333333333, 0.666666666667, 0.90436106, 1.00000000, 1.00000000, 1.00000000
0.333333333333, 0.676767676768, 0.91522997, 1.00000000, 1.00000000, 1.00000000
0.333333333333, 0.686868686869, 0.92644279, 1.00000000, 1.00000000, 1.00000000
0.333333333333, 0.696969696970, 0.93795453, 1.00000000, 1.00000000, 1.00000000
0.333333333333, 0.707070707071, 0.94971895, 1.00000000, 1.00000000, 1.00000000
0.333333333333, 0.717171717172, 0.96168876, 1.00000000, 1.00000000, 1.00000000
0.333333333333, 0.727272727273, 0.97381583, 1.00000000, 1.00000000, 1.00000000
0.333333333333, 0.737373737374, 0.98605131, 1.00000000, 1.00000000, 1.00000000
0.333333333333, 0.747474747475, 0.99834592, 1.00000000, 1.00000000, 1.00000000
0.333333333333, 0.757575757576, 1.01065009, 1.00000000, 1.00000000, 1.00000000
0.333333333333, 0.767676767677, 1.02291418, 1.00000000, 1.00000000, 1.00000000
0.333333333333, 0.777777777778, 1.03508868, 1.00000000, 1.00000000, 1.00000000
0.333333333333, 0.787878787879, 1.04712443, 1.00000000, 1.00000000, 1.00000000
0.333333333333, 0.797979797980, 1.05897279, 1.00000000, 1.00000000, 1.00000000
0.333333333333, 0.808080808081, 1.07058585, 1.00000000, 1.00000000, 1.00000000
0.333333333333, 0.818181818182, 1.08191667, 1.00000000, 1.00000000, 1.00000000
0.333333333333, 0.828282828283, 1.09291938, 1.00000000, 1.00000000, 1.00000000
0.333333333333, 0.838383838384, 1.10354946, 1.00000000, 1.00000000, 1.00000000
0.333333333333, 0.848484848485, 1.11376388, 1.00000000, 1.00000000, 1.00000000
0.333333333333, 0.858585858586, 1.12352126, 1.00000000, 1.00000000, 1.00000000
0.333333333333, 0.868686868687, 1.13278208, 1.00000000, 1.00000000, 1.00000000
0.333333333333, 0.878787878788, 1.14150883, 1.00000000, 1.00000000, 1.00000000
0.333333333333, 0.888888888889, 1.14966614, 1.00000000, 1.00000000, 1.00000000
0.333333333333, 0.898989898990, 1.15722095, 1.00000000, 1.00000000, 1.00000000
0.333333333333, 0.909090909091, 1.16414263, 1.00000000, 1.00000000, 1.00000000
0.333333333333, 0.919191919192, 1.17040312, 1.00000000, 1.00000000, 1.00000000
0.333333333333, 0.929292929293, 1.17597708, 1.00000000, 1.00000000, 1.00000000
0.333333333333, 0.939393939394, 1.18084203, 1.00000000, 1.00000000, 1.00000000
0.333333333333, 0.949494949495, 1.18497868, 1.00000000, 1.00000000, 1.00000000
0.333333333333, 0.959595959596, 1.18837163, 1.00000000, 1.00000000, 1.00000000
0.343434343434, -0.000000000000, 1.19298223, 1.00000000, 1.00000000, 1.00000000
0.343434343434, 0.010101010101, 1.19134780, 1.00000000, 1.00000000, 1.00000000
0.343434343434, 0.020202020202, 1.18913287, 1.00000000, 1.00000000, 1.00000000
0.343434343434, 0.030303030303, 1.18634420, 1.00000000, 1.00000000, 1.00000000
0.343434343434, 0.040404040404, 1.18295238, 1.00000000, 1.00000000, 1.00000000
0.343434343434, 0.050505050505, 1.17890350, 1.00000000, 1.00000000, 1.00000000
0.343434343434, 0.060606060606, 1.17414290, 1.00000000, 1.00000000, 1.00000000
0.343434343434, 0.070707070707, 1.16863794, 1.00000000, 1.00000000, 1.00000000
0.343434343434, 0.080808080808, 1.16238816, 1.00000000, 1.00000000, 1.00000000
0.343434343434, 0.090909090909, 1.15542124, 1.00000000, 1.00000000, 1.00000000
0.343434343434, 0.101010101010, 1.14778116, 1.00000000, 1.00000000, 1.00000000
0.343434343434, 0.111111111111, 1.13951683, 1.00000000, 1.00000000, 1.00000000
0.343434343434, 0.121212121212, 1.13067568, 1.00000000, 1.00000000, 1.00000000
0.343434343434, 0.131313131313, 1.12130205, 1.00000000, 1.00000000, 1.00000000
0.343434343434, 0.141414141414, 1.11143827, 1.00000000, 1.00000000, 1.00000000
0.343434343434, 0.151515151515, 1.10112614, 1.00000000, 1.00000000, 1.00000000
0.343434343434, 0.161616161616, 1.09040811, 1.00000000, 1.00000000, 1.00000000
0.343434343434, 0.171717171717, 1.07932778, 1.00000000, 1.00000000, 1.00000000
0.343434343434, 0.181818181818, 1.06793005, 1.00000000, 1.00000000, 1.00000000
0.343434343434, 0.191919191919, 1.05626102, 1.00000000, 1.00000000, 1.00000000
0.343434343434, 0.202020202020, 1.04436788, 1.00000000, 1.00000000, 1.00000000
0.343434343434, 0.212121212121, 1.03229867, 1.00000000, 1.00000000, 1.00000000
0.343434343434, 0.222222222222, 1.02010213, 1.00000000, 1.00000000, 1.00000000
0.343434343434, 0.232323232323, 1.00782750, 1.00000000, 1.00000000, 1.00000000
0.343434343434, 0.242424242424, 0.99552428, 1.00000000, 1.00000000, 1.00000000
0.343434343434, 0.252525252525, 0.98324206, 1.00000000, 1.00000000, 1.00000000
0.343434343434, 0.262626262626, 0.97103031, 1.00000000, 1.00000000, 1.00000000
0.343434343434, 0.272727272727, 0.95893820, 1.00000000, 1.00000000, 1.00000000
0.343434343434, 0.282828282828, 0.94701434, 1.00000000, 1.00000000, 1.00000000
0.343434343434, 0.292929292929, 0.93530665, 1.00000000, 1.00000000, 1.00000000
0.343434343434, 0.303030303030, 0.92386215, 1.00000000, 1.00000000, 1.00000000
0.343434343434, 0.313131313131, 0.91272674, 1.00000000, 1.00000000, 1.00000000
0.343434343434, 0.323232323232, 0.90194504, 1.00000000, 1.00000000, 1.00000000
0.343434343434, 0.333333333333, 0.89156023, 1.00000000, 1.00000000, 1.00000000
0.343434343434, 0.343434343434, 0.88161386, 1.00000000, 1.00000000, 1.00000000
0.343434343434, 0.353535353535, 0.87214566, 1.00000000, 1.00000000, 1.00000000
0.343434343434, 0.363636363636, 0.86319346, 1.00000000, 1.00000000, 1.00000000
0.343434343434, 0.373737373737, 0.85479295, 1.00000000, 1.00000000, 1.00000000
0.343434343434, 0.383838383838, 0.84697763, 1.00000000, 1.00000000, 1.00000000
0.343434343434, 0.393939393939, 0.83977863, 1.00000000, 1.00000000, 1.00000000
0.343434343434, 0.404040404040, 0.83322458, 1.00000000, 1.00000000, 1.00000000
0.343434343434, 0.414141414141, 0.82734158, 1.00000000, 1.00000000, 1.00000000
0.343434343434, 0.424242424242, 0.82215301, 1.00000000, 1.00000000, 1.00000000
0.343434343434, 0.434343434343, 0.81767950, 1.00000000, 1.00000000, 1.00000000
0.343434343434, 0.444444444444, 0.81393886, 1.00000000, 1.00000000, 1.00000000
0.343434343434, 0.454545454545, 0.81094597, 1.00000000, 1.00000000, 1.00000000
0.343434343434, 0.464646464646, 0.80871279, 1.00000000, 1.00000000, 1.00000000
0.343434343434, 0.474747474747, 0.80724827, 1.00000000, 1.00000000, 1.00000000
0.343434343434, 0.484848484848, 0.80655834, 1.00000000, 1.00000000, 1.00000000
0.343434343434, 0.494949494949, 0.80664580, 1.00000000, 1.00000000, 1.00000000
0.343434343434, 0.505050505051, 0.80751023, 1.00000000, 1.00000000, 1.00000000
0.343434343434, 0.515151515152, 0.80914816, 1.00000000, 1.00000000, 1.00000000
0.343434343434, 0.525252525253, 0.81155304, 1.00000000, 1.00000000, 1.00000000
0.343434343434, 0.535353535354, 0.81471533, 1.00000000, 1.00000000, 1.00000000
0.343434343434, 0.545454545455, 0.81862248, 1.00000000, 1.00000000, 1.00000000
0.343434343434, 0.555555555556, 0.82325900, 1.00000000, 1.00000000, 1.00000000
0.343434343434, 0.565656565657, 0.82860648, 1.00000000, 1.00000000, 1.00000000
0.343434343434, 0.575757575758, 0.83464370, 1.00000000, 1.00000000, 1.00000000
0.343434343434, 0.585858585859, 0.84134669, 1.00000000, 1.00000000, 1.00000000
0.343434343434, 0.595959595960, 0.84868878, 1.00000000, 1.00000000, 1.00000000
0.343434343434, 0.606060606061, 0.85664076, 1.00000000, 1.00000000, 1.00000000
0.343434343434, 0.616161616162, 0.86517094, 1.00000000, 1.00000000, 1.00000000
0.343434343434, 0.626262626263, 0.87424531, 1.00000000, 1.00000000, 1.00000000
0.343434343434, 0.636363636364, 0.88382763, 1.00000000, 1.00000000, 1.00000000
0.343434343434, 0.646464646465, 0.89387962, 1.00000000, 1.00000000, 1.00000000
0.343434343434, 0.656565656566, 0.90436106, 1.00000000, 1.00000000, 1.00000000
0.343434343434, 0.666666666667, 0.91522997, 1.00000000, 1.00000000, 1.00000000
0.343434343434, 0.676767676768, 0.92644279, 1.00000000, 1.00000000, 1.00000000
0.343434343434, 0.686868686869, 0.93795453, 1.00000000, 1.00000000, 1.00000000
0.343434343434, 0.696969696970, 0.94971895, 1.00000000, 1.00000000, 1.00000000
0.343434343434, 0.707070707071, 0.96168876, 1.00000000, 1.00000000, 1.00000000
0.343434343434, 0.717171717172, 0.97381583, 1.00000000, 1.00000000, 1.00000000
0.343434343434, 0.727272727273, 0.98605131, 1.00000000, 1.00000000, 1.00000000
0.343434343434, 0.737373737374, 0.99834592, 1.00000000, 1.00000000, 1.00000000
0.343434343434, 0.747474747475, 1.01065009, 1.00000000, 1.00000000, 1.00000000
0.343434343434, 0.757575757576, 1.02291418, 1.00000000, 1.00000000, 1.00000000
0.343434343434, 0.767676767677, 1.03508868, 1.00000000, 1.00000000, 1.00000000
0.343434343434, 0.777777777778, 1.04712443, 1.00000000, 1.00000000, 1.00000000
0.343434343434, 0.787878787879, 1.05897279, 1.00000000, 1.00000000, 1.00000000
0.343434343434, 0.797979797980, 1.07058585, 1.00000000, 1.00000000, 1.00000000
0.343434343434, 0.808080808081, 1.08191667, 1.00000000, 1.00000000, 1.00000000
0.343434343434, 0.818181818182, 1.09291938, 1.00000000, 1.00000000, 1.00000000
0.343434343434, 0.828282828283, 1.10354946, 1.00000000, 1.00000000, 1.00000000
0.343434343434, 0.838383838384, 1.11376388, 1.00000000, 1.00000000, 1.00000000
0.343434343434, 0.848484848485, 1.12352126, 1.00000000, 1.00000000, 1.00000000
0.343434343434, 0.858585858586, 1.13278208, 1.00000000, 1.00000000, 1.00000000
0.343434343434, 0.868686868687, 1.14150883, 1.00000000, 1.00000000, 1.00000000
0.343434343434, 0.878787878788, 1.14966614, 1.00000000, 1.00000000, 1.00000000
0.343434343434, 0.888888888889, 1.15722095, 1.00000000, 1.00000000, 1.00000000
0.343434343434, 0.898989898990, 1.16414262, 1.00000000, 1.00000000, 1.00000000
0.343434343434, 0.909090909091, 1.17040311, 1.00000000, 1.00000000, 1.00000000
0.343434343434, 0.919191919192, 1.17597704, 1.00000000, 1.00000000, 1.00000000
0.343434343434, 0.929292929293, 1.18084182, 1.00000000, 1.00000000, 1.00000000
0.343434343434, 0.939393939394, 1.18497789, 1.00000000, 1.00000000, 1.00000000
0.343434343434, 0.949494949495, 1.18836899, 1.00000000, 1.00000000, 1.00000000
0.343434343434, 0.959595959596, 1.19100300, 1.00000000, 1.00000000, 1.00000000
0.353535353535, -0.000000000000, 1.19101425, 1.00000000, 1.00000000, 1.00000000
0.353535353535, 0.010101010101, 1.18866790, 1.00000000, 1.00000000, 1.00000000
0.353535353535, 0.020202020202, 1.18577277, 1.00000000, 1.00000000, 1.00000000
0.353535353535, 0.030303030303, 1.18233276, 1.00000000, 1.00000000, 1.00000000
0.353535353535, 0.040404040404, 1.17831009, 1.00000000, 1.00000000, 1.00000000
0.353535353535, 0.050505050505, 1.17364043, 1.00000000, 1.00000000, 1.00000000
0.353535353535, 0.060606060606, 1.16826135, 1.00000000, 1.00000000, 1.00000000
0.353535353535, 0.070707070707, 1.16213811, 1.00000000, 1.00000000, 1.00000000
0.353535353535, 0.080808080808, 1.15527405, 1.00000000, 1.00000000, 1.00000000
0.353535353535, 0.090909090909, 1.14770431, 1.00000000, 1.00000000, 1.00000000
0.353535353535, 0.101010101010, 1.13948124, 1.00000000, 1.00000000, 1.00000000
0.353535353535, 0.111111111111, 1.13066106, 1.00000000, 1.00000000, 1.00000000
0.353535353535, 0.121212121212, 1.12129674, 1.00000000, 1.00000000, 1.00000000
0.353535353535, 0.131313131313, 1.11143656, 1.00000000, 1.00000000, 1.00000000
0.353535353535, 0.141414141414, 1.10112566, 1.00000000, 1.00000000, 1.00000000
0.353535353535, 0.151515151515, 1.09040799, 1.00000000, 1.00000000, 1.00000000
0.353535353535, 0.161616161616, 1.07932776, 1.00000000, 1.00000000, 1.00000000
0.353535353535, 0.171717171717, 1.06793004, 1.00000000, 1.00000000, 1.00000000
0.353535353535, 0.181818181818, 1.05626102, 1.00000000, 1.00000000, 1.00000000
0.353535353535, 0.191919191919, 1.04436787, 1.00000000, 1.00000000, 1.00000000
0.353535353535, 0.202020202020, 1.03229867, 1.00000000, 1.00000000, 1.00000000
0.353535353535, 0.212121212121, 1.02010213, 1.00000000, 1.00000000, 1.00000000
0.353535353535, 0.222222222222, 1.00782750, 1.00000000, 1.00000000, 1.00000000
0.353535353535, 0.232323232323, 0.99552428, 1.00000000, 1.00000000, 1.00000000
0.353535353535, 0.242424242424, 0.98324206, 1.00000000, 1.00000000, 1.00000000
0.353535353535, 0.252525252525, 0.97103031, 1.00000000, 1.00000000, 1.00000000
0.353535353535, 0.262626262626, 0.95893820, 1.00000000, 1.00000000, 1.00000000
0.353535353535, 0.272727272727, 0.94701434, 1.00000000, 1.00000000, 1.00000000
0.353535353535, 0.282828282828, 0.93530665, 1.00000000, 1.00000000, 1.00000000
0.353535353535, 0.292929292929, 0.92386215, 1.00000000, 1.00000000, 1.00000000
0.353535353535, 0.303030303030, 0.91272674, 1.00000000, 1.00000000, 1.00000000
0.353535353535, 0.313131313131, 0.90194504, 1.00000000, 1.00000000, 1.00000000
0.353535353535, 0.323232323232, 0.89156023, 1.00000000, 1.00000000, 1.00000000
0.353535353535, 0.333333333333, 0.88161386, 1.00000000, 1.00000000, 1.00000000
0.353535353535, 0.343434343434, 0.87214566, 1.00000000, 1.00000000, 1.00000000
0.353535353535, 0.353535353535, 0.86319346, 1.00000000, 1.00000000, 1.00000000
0.353535353535, 0.363636363636, 0.85479295, 1.00000000, 1.00000000, 1.00000000
0.353535353535, 0.373737373737, 0.84697763, 1.00000000, 1.00000000, 1.00000000
0.353535353535, 0.383838383838, 0.83977863, 1.00000000, 1.00000000, 1.00000000
0.353535353535, 0.393939393939, 0.83322458, 1.00000000, 1.00000000, 1.00000000
0.353535353535, 0.404040404040, 0.82734158, 1.00000000, 1.00000000, 1.00000000
0.353535353535, 0.414141414141, 0.82215301, 1.00000000, 1.00000000, 1.00000000
0.353535353535, 0.424242424242, 0.81767950, 1.00000000, 1.00000000, 1.00000000
0.353535353535, 0.434343434343, 0.81393886, 1.00000000, 1.00000000, 1.00000000
0.353535353535, 0.444444444444, 0.81094597, 1.00000000, 1.00000000, 1.00000000
0.353535353535, 0.454545454545, 0.80871279, 1.00000000, 1.00000000, 1.00000000
0.353535353535, 0.464646464646, 0.80724827, 1.00000000, 1.00000000, 1.00000000
0.353535353535, 0.474747474747, 0.80655834, 1.00000000, 1.00000000, 1.00000000
0.353535353535, 0.484848484848, 0.80664580, 1.00000000, 1.00000000, 1.00000000
0.353535353535, 0.494949494949, 0.80751023, 1.00000000, 1.00000000, 1.00000000
0.353535353535, 0.505050505051, 0.80914816, 1.00000000, 1.00000000, 1.00000000
0.353535353535, 0.515151515152, 0.81155304, 1.00000000, 1.00000000, 1.00000000
0.353535353535, 0.525252525253, 0.81471533, 1.00000000, 1.00000000, 1.00000000
0.353535353535, 0.535353535354, 0.81862248, 1.00000000, 1.00000000, 1.00000000
0.353535353535, 0.545454545455, 0.82325900, 1.00000000, 1.00000000, 1.00000000
0.353535353535, 0.555555555556, 0.82860648, 1.00000000, 1.00000000, 1.00000000
0.353535353535, 0.565656565657, 0.83464370, 1.00000000, 1.00000000, 1.00000000
0.353535353535, 0.575757575758, 0.84134669, 1.00000000, 1.00000000, 1.00000000
0.353535353535, 0.585858585859, 0.84868878, 1.00000000, 1.00000000, 1.00000000
0.353535353535, 0.595959595960, 0.85664076, 1.00000000, 1.00000000, 1.00000000
0.353535353535, 0.606060606061, 0.86517094, 1.00000000, 1.00000000, 1.00000000
0.353535353535, 0.616161616162, 0.87424531, 1.00000000, 1.00000000, 1.00000000
0.353535353535, 0.626262626263, 0.88382763, 1.00000000, 1.00000000, 1.00000000
0.353535353535, 0.636363636364, 0.89387962, 1.00000000, 1.00000000, 1.00000000
0.353535353535, 0.646464646465, 0.90436106, 1.00000000, 1.00000000, 1.00000000
0.353535353535, 0.656565656566, 0.91522997, 1.00000000, 1.00000000, 1.00000000
0.353535353535, 0.666666666667, 0.92644279, 1.00000000, 1.00000000, 1.00000000
0.353535353535, 0.676767676768, 0.93795453, 1.00000000, 1.00000000, 1.00000000
0.353535353535, 0.686868686869, 0.94971895, 1.00000000, 1.00000000, 1.00000000
0.353535353535, 0.696969696970, 0.96168876, 1.00000000, 1.00000000, 1.00000000
0.353535353535, 0.707070707071, 0.97381583, 1.00000000, 1.00000000, 1.00000000
0.353535353535, 0.717171717172, 0.98605131, 1.00000000, 1.00000000, 1.00000000
0.353535353535, 0.727272727273, 0.99834592, 1.00000000, 1.00000000, 1.00000000
0.353535353535, 0.737373737374, 1.01065009, 1.00000000, 1.00000000, 1.00000000
0.353535353535, 0.747474747475, 1.02291418, 1.00000000, 1.00000000, 1.00000000
0.353535353535, 0.757575757576, 1.03508868, 1.00000000, 1.00000000, 1.00000000
0.353535353535, 0.767676767677, 1.04712443, 1.00000000, 1.00000000, 1.00000000
0.353535353535, 0.777777777778, 1.05897279, 1.00000000, 1.00000000, 1.00000000
0.353535353535, 0.787878787879, 1.07058585, 1.00000000, 1.00000000, 1.00000000
0.353535353535, 0.797979797980, 1.08191667, 1.00000000, 1.00000000, 1.00000000
0.353535353535, 0.808080808081, 1.09291938, 1.00000000, 1.00000000, 1.00000000
0.353535353535, 0.818181818182, 1.10354946, 1.00000000, 1.00000000, 1.00000000
0.353535353535, 0.828282828283, 1.11376388, 1.00000000, 1.00000000, 1.00000000
0.353535353535, 0.838383838384, 1.12352126, 1.00000000, 1.00000000, 1.00000000
0.353535353535, 0.848484848485, 1.13278208, 1.00000000, 1.00000000, 1.00000000
0.353535353535, 0.858585858586, 1.14150883, 1.00000000, 1.00000000, 1.00000000
0.353535353535, 0.868686868687, 1.14966614, 1.00000000, 1.00000000, 1.00000000
0.353535353535, 0.878787878788, 1.15722095, 1.00000000, 1.00000000, 1.00000000
0.353535353535, 0.888888888889, 1.16414262, 1.00000000, 1.00000000, 1.00000000
0.353535353535, 0.898989898990, 1.17040311, 1.00000000, 1.00000000, 1.00000000
0.353535353535, 0.909090909091, 1.17597702, 1.00000000, 1.00000000, 1.00000000
0.353535353535, 0.919191919192, 1.18084176, 1.00000000, 1.00000000, 1.00000000
0.353535353535, 0.929292929293, 1.18497764, 1.00000000, 1.00000000, 1.00000000
0.353535353535, 0.939393939394, 1.18836804, 1.00000000, 1.00000000, 1.00000000
0.353535353535, 0.949494949495, 1.19099981, 1.00000000, 1.00000000, 1.00000000
0.353535353535, 0.959595959596, 1.19286418, 1.00000000, 1.00000000, 1.00000000
0.363636363636, -0.000000000000, 1.18827644, 1.00000000, 1.00000000, 1.00000000
0.363636363636, 0.010101010101, 1.18522775, 1.00000000, 1.00000000, 1.00000000
0.363636363636, 0.020202020202, 1.18166411, 1.00000000, 1.00000000, 1.00000000
0.363636363636, 0.030303030303, 1.17758658, 1.00000000, 1.00000000, 1.00000000
0.363636363636, 0.040404040404, 1.17294919, 1.00000000, 1.00000000, 1.00000000
0.363636363636, 0.050505050505, 1.16767755, 1.00000000, 1.00000000, 1.00000000
0.363636363636, 0.060606060606, 1.16170173, 1.00000000, 1.00000000, 1.00000000
0.363636363636, 0.070707070707, 1.15498506, 1.00000000, 1.00000000, 1.00000000
0.363636363636, 0.080808080808, 1.14753463, 1.00000000, 1.00000000, 1.00000000
0.363636363636, 0.090909090909, 1.13939286, 1.00000000, 1.00000000, 1.00000000
0.363636363636, 0.101010101010, 1.13062023, 1.00000000, 1.00000000, 1.00000000
0.363636363636, 0.111111111111, 1.12128001, 1.00000000, 1.00000000, 1.00000000
0.363636363636, 0.121212121212, 1.11143049, 1.00000000, 1.00000000, 1.00000000
0.363636363636, 0.131313131313, 1.10112371, 1.00000000, 1.00000000, 1.00000000
0.363636363636, 0.141414141414, 1.09040744, 1.00000000, 1.00000000, 1.00000000
0.363636363636, 0.151515151515, 1.07932762, 1.00000000, 1.00000000, 1.00000000
0.363636363636, 0.161616161616, 1.06793001, 1.00000000, 1.00000000, 1.00000000
0.363636363636, 0.171717171717, 1.05626101, 1.00000000, 1.00000000, 1.00000000
0.363636363636, 0.181818181818, 1.04436787, 1.00000000, 1.00000000, 1.00000000
0.363636363636, 0.191919191919, 1.03229867, 1.00000000, 1.00000000, 1.00000000
0.363636363636, 0.202020202020, 1.02010213, 1.00000000, 1.00000000, 1.00000000
0.363636363636, 0.212121212121, 1.00782750, 1.00000000, 1.00000000, 1.00000000
0.363636363636, 0.222222222222, 0.99552428, 1.00000000, 1.00000000, 1.00000000
0.363636363636, 0.232323232323, 0.98324206, 1.00000000, 1.00000000, 1.00000000
0.363636363636, 0.242424242424, 0.97103031, 1.00000000, 1.00000000, 1.00000000
0.363636363636, 0.252525252525, 0.95893820, 1.00000000, 1.00000000, 1.00000000
0.363636363636, 0.262626262626, 0.94701434, 1.00000000, 1.00000000, 1.00000000
0.363636363636, 0.272727272727, 0.93530665, 1.00000000, 1.00000000, 1.00000000
0.363636363636, 0.282828282828, 0.92386215, 1.00000000, 1.00000000, 1.00000000
0.363636363636, 0.292929292929, 0.91272674, 1.00000000, 1.00000000, 1.00000000
0.363636363636, 0.303030303030, 0.90194504, 1.00000000, 1.00000000, 1.00000000
0.363636363636, 0.313131313131, 0.89156023, 1.00000000, 1.00000000, 1.00000000
0.363636363636, 0.323232323232, 0.88161386, 1.00000000, 1.00000000, 1.00000000
0.363636363636, 0.333333333333, 0.87214566, 1.00000000, 1.00000000, 1.00000000
0.363636363636, 0.343434343434, 0.86319346, 1.00000000, 1.00000000, 1.00000000
0.363636363636, 0.353535353535, 0.85479295, 1.00000000, 1.00000000, 1.00000000
0.363636363636, 0.363636363636, 0.84697763, 1.00000000, 1.00000000, 1.00000000
0.363636363636, 0.373737373737, 0.83977863, 1.00000000, 1.00000000, 1.00000000
0.363636363636, 0.383838383838, 0.83322458, 1.00000000, 1.00000000, 1.00000000
0.363636363636, 0.393939393939, 0.82734158, 1.00000000, 1.00000000, 1.00000000
0.363636363636, 0.404040404040, 0.82215301, 1.00000000, 1.00000000, 1.00000000
0.363636363636, 0.414141414141, 0.81767950, 1.00000000, 1.00000000, 1.00000000
0.363636363636, 0.424242424242, 0.81393886, 1.00000000, 1.00000000, 1.00000000
0.363636363636, 0.434343434343, 0.81094597, 1.00000000, 1.00000000, 1.00000000
0.363636363636, 0.444444444444, 0.80871279, 1.00000000, 1.00000000, 1.00000000
0.363636363636, 0.454545454545, 0.80724827, 1.00000000, 1.00000000, 1.00000000
0.363636363636, 0.464646464646, 0.80655834, 1.00000000, 1.00000000, 1.00000000
0.363636363636, 0.474747474747, 0.80664580, 1.00000000, 1.00000000, 1.00000000
0.363636363636, 0.484848484848, 0.80751023, 1.00000000, 1.00000000, 1.00000000
0.363636363636, 0.494949494949, 0.80914816, 1.00000000, 1.00000000, 1.00000000
0.363636363636, 0.505050505051, 0.81155304, 1.00000000, 1.00000000, 1.00000000
0.363636363636, 0.515151515152, 0.81471533, 1.00000000, 1.00000000, 1.00000000
0.363636363636, 0.525252525253, 0.81862248, 1.00000000, 1.00000000, 1.00000000
0.363636363636, 0.535353535354, 0.82325900, 1.00000000, 1.00000000, 1.00000000
0.363636363636, 0.545454545455, 0.82860648, 1.00000000, 1.00000000, 1.00000000
0.363636363636, 0.555555555556, 0.83464370, 1.00000000, 1.00000000, 1.00000000
0.363636363636, 0.565656565657, 0.84134669, 1.00000000, 1.00000000, 1.00000000
0.363636363636, 0.575757575758, 0.84868878, 1.00000000, 1.00000000, 1.00000000
0.363636363636, 0.585858585859, 0.85664076, 1.00000000, 1.00000000, 1.00000000
0.363636363636, 0.595959595960, 0.86517094, 1.00000000, 1.00000000, 1.00000000
0.363636363636, 0.606060606061, 0.87424531, 1.00000000, 1.00000000, 1.00000000
0.363636363636, 0.616161616162, 0.88382763, 1.00000000, 1.00000000, 1.00000000
0.363636363636, 0.626262626263, 0.89387962, 1.00000000, 1.00000000, 1.00000000
0.363636363636, 0.636363636364, 0.90436106, 1.00000000, 1.00000000, 1.00000000
0.363636363636, 0.646464646465, 0.91522997, 1.00000000, 1.00000000, 1.00000000
0.363636363636, 0.656565656566, 0.92644279, 1.00000000, 1.00000000, 1.00000000
0.363636363636, 0.666666666667, 0.93795453, 1.00000000, 1.00000000, 1.00000000
0.363636363636, 0.676767676768, 0.94971895, 1.00000000, 1.00000000, 1.00000000
0.363636363636, 0.686868686869, 0.96168876, 1.00000000, 1.00000000, 1.00000000
0.363636363636, 0.696969696970, 0.97381583, 1.00000000, 1.00000000, 1.00000000
0.363636363636, 0.707070707071, 0.98605131, 1.00000000, 1.00000000, 1.00000000
0.363636363636, 0.717171717172, 0.99834592, 1.00000000, 1.00000000, 1.00000000
0.363636363636, 0.727272727273, 1.01065009, 1.00000000, 1.00000000, 1.00000000
0.363636363636, 0.737373737374, 1.02291418, 1.00000000, 1.00000000, 1.00000000
0.363636363636, 0.747474747475, 1.03508868, 1.00000000, 1.00000000, 1.00000000
0.363636363636, 0.757575757576, 1.04712443, 1.00000000, 1.00000000, 1.00000000
0.363636363636, 0.767676767677, 1.05897279, 1.00000000, 1.00000000, 1.00000000
0.363636363636, 0.777777777778, 1.07058585, 1.00000000, 1.00000000, 1.00000000
0.363636363636, 0.787878787879, 1.08191667, 1.00000000, 1.00000000, 1.00000000
0.363636363636, 0.797979797980, 1.09291938, 1.00000000, 1.00000000, 1.00000000
0.363636363636, 0.808080808081, 1.10354946, 1.00000000, 1.00000000, 1.00000000
0.363636363636, 0.818181818182, 1.11376388, 1.00000000, 1.00000000, 1.00000000
0.363636363636, 0.828282828283, 1.12352126, 1.00000000, 1.00000000, 1.00000000
0.363636363636, 0.838383838384, 1.13278208, 1.00000000, 1.00000000, 1.00000000
0.363636363636, 0.848484848485, 1.14150883, 1.00000000, 1.00000000, 1.00000000
0.363636363636, 0.858585858586, 1.14966614, 1.00000000, 1.00000000, 1.00000000
0.363636363636, 0.868686868687, 1.15722095, 1.00000000, 1.00000000, 1.00000000
0.363636363636, 0.878787878788, 1.16414262, 1.00000000, 1.00000000, 1.00000000
0.363636363636, 0.888888888889, 1.17040311, 1.00000000, 1.00000000, 1.00000000
0.363636363636, 0.898989898990, 1.17597702, 1.00000000, 1.00000000, 1.00000000
0.363636363636, 0.909090909091, 1.18084175, 1.00000000, 1.00000000, 1.00000000
0.363636363636, 0.919191919192, 1.18497757, 1.00000000, 1.00000000, 1.00000000
0.363636363636, 0.929292929293, 1.18836775, 1.00000000, 1.00000000, 1.00000000
0.363636363636, 0.939393939394, 1.19099871, 1.00000000, 1.00000000, 1.00000000
0.363636363636, 0.949494949495, 1.19286045, 1.00000000, 1.00000000, 1.00000000
0.363636363636, 0.959595959596, 1.19394758, 1.00000000, 1.00000000, 1.00000000
0.373737373737, -0.000000000000, 1.18477997, 1.00000000, 1.00000000, 1.00000000
0.373737373737, 0.010101010101, 1.18104135, 1.00000000, 1.00000000, 1.00000000
0.373737373737, 0.020202020202, 1.17682360, 1.00000000, 1.00000000, 1.00000000
0.373737373737, 0.030303030303, 1.17212492, 1.00000000, 1.00000000, 1.00000000
0.373737373737, 0.040404040404, 1.16689142, 1.00000000, 1.00000000, 1.00000000
0.373737373737, 0.050505050505, 1.16103899, 1.00000000, 1.00000000, 1.00000000
0.373737373737, 0.060606060606, 1.15449059, 1.00000000, 1.00000000, 1.00000000
0.373737373737, 0.070707070707, 1.14720776, 1.00000000, 1.00000000, 1.00000000
0.373737373737, 0.080808080808, 1.13920126, 1.00000000, 1.00000000, 1.00000000
0.373737373737, 0.090909090909, 1.13052059, 1.00000000, 1.00000000, 1.00000000
0.373737373737, 0.101010101010, 1.12123403, 1.00000000, 1.00000000, 1.00000000
0.373737373737, 0.111111111111, 1.11141167, 1.00000000, 1.00000000, 1.00000000
0.373737373737, 0.121212121212, 1.10111688, 1.00000000, 1.00000000, 1.00000000
0.373737373737, 0.131313131313, 1.09040525, 1.00000000, 1.00000000, 1.00000000
0.373737373737, 0.141414141414, 1.07932700, 1.00000000, 1.00000000, 1.00000000
0.373737373737, 0.151515151515, 1.06792986, 1.00000000, 1.00000000, 1.00000000
0.373737373737, 0.161616161616, 1.05626098, 1.00000000, 1.00000000, 1.00000000
0.373737373737, 0.171717171717, 1.04436787, 1.00000000, 1.00000000, 1.00000000
0.373737373737, 0.181818181818, 1.03229866, 1.00000000, 1.00000000, 1.00000000
0.373737373737, 0.191919191919, 1.02010213, 1.00000000, 1.00000000, 1.00000000
0.373737373737, 0.202020202020, 1.00782750, 1.00000000, 1.00000000, 1.00000000
0.373737373737, 0.212121212121, 0.99552428, 1.00000000, 1.00000000, 1.00000000
0.373737373737, 0.222222222222, 0.98324206, 1.00000000, 1.00000000, 1.00000000
0.373737373737, 0.232323232323, 0.97103031, 1.00000000, 1.00000000, 1.00000000
0.373737373737, 0.242424242424, 0.95893820, 1.00000000, 1.00000000, 1.00000000
0.373737373737, 0.252525252525, 0.94701434, 1.00000000, 1.00000000, 1.00000000
0.373737373737, 0.262626262626, 0.93530665, 1.00000000, 1.00000000, 1.00000000
0.373737373737, 0.272727272727, 0.92386215, 1.00000000, 1.00000000, 1.00000000
0.373737373737, 0.282828282828, 0.91272674, 1.00000000, 1.00000000, 1.00000000
0.373737373737, 0.292929292929, 0.90194504, 1.00000000, 1.00000000, 1.00000000
0.373737373737, 0.303030303030, 0.89156023, 1.00000000, 1.00000000, 1.00000000
0.373737373737, 0.313131313131, 0.88161386, 1.00000000, 1.00000000, 1.00000000
0.373737373737, 0.323232323232, 0.87214566, 1.00000000, 1.00000000, 1.00000000
0.373737373737, 0.333333333333, 0.86319346, 1.00000000, 1.00000000, 1.00000000
0.373737373737, 0.343434343434, 0.85479295, 1.00000000, 1.00000000, 1.00000000
0.373737373737, 0.353535353535, 0.84697763, 1.00000000, 1.00000000, 1.00000000
0.373737373737, 0.363636363636, 0.83977863, 1.00000000, 1.00000000, 1.00000000
0.373737373737, 0.373737373737, 0.83322458, 1.00000000, 1.00000000, 1.00000000
0.373737373737, 0.383838383838, 0.82734158, 1.00000000, 1.00000000, 1.00000000
0.373737373737, 0.393939393939, 0.82215301, 1.00000000, 1.00000000, 1.00000000
0.373737373737, 0.404040404040, 0.81767950, 1.00000000, 1.00000000, 1.00000000
0.373737373737, 0.414141414141, 0.81393886, 1.00000000, 1.00000000, 1.00000000
0.373737373737, 0.424242424242, 0.81094597, 1.00000000, 1.00000000, 1.00000000
0.373737373737, 0.434343434343, 0.80871279, 1.00000000, 1.00000000, 1.00000000
0.373737373737, 0.444444444444, 0.80724827, 1.00000000, 1.00000000, 1.00000000
0.373737373737, 0.454545454545, 0.80655834, 1.00000000, 1.00000000, 1.00000000
0.373737373737, 0.464646464646, 0.80664580, 1.00000000, 1.00000000, 1.00000000
0.373737373737, 0.474747474747, 0.80751023, 1.00000000, 1.00000000, 1.00000000
0.373737373737, 0.484848484848, 0.80914816, 1.00000000, 1.00000000, 1.00000000
0.373737373737, 0.494949494949, 0.81155304, 1.00000000, 1.00000000, 1.00000000
0.373737373737, 0.505050505051, 0.81471533, 1.00000000, 1.00000000, 1.00000000
0.373737373737, 0.515151515152, 0.81862248, 1.00000000, 1.00000000, 1.00000000
0.373737373737, 0.525252525253, 0.82325900, 1.00000000, 1.00000000, 1.00000000
0.373737373737, 0.535353535354, 0.82860648, 1.00000000, 1.00000000, 1.00000000
0.373737373737, 0.545454545455, 0.83464370, 1.00000000, 1.00000000, 1.00000000
0.373737373737, 0.555555555556, 0.84134669, 1.00000000, 1.00000000, 1.00000000
0.373737373737, 0.565656565657, 0.84868878, 1.00000000, 1.00000000, 1.00000000
0.373737373737, 0.575757575758, 0.85664076, 1.00000000, 1.00000000, 1.00000000
0.373737373737, 0.585858585859, 0.86517094, 1.00000000, 1.00000000, 1.00000000
0.373737373737, 0.595959595960, 0.87424531, 1.00000000, 1.00000000, 1.00000000
0.373737373737, 0.606060606061, 0.88382763, 1.00000000, 1.00000000, 1.00000000
0.373737373737, 0.616161616162, 0.89387962, 1.00000000, 1.00000000, 1.00000000
0.373737373737, 0.626262626263, 0.90436106, 1.00000000, 1.00000000, 1.00000000
0.373737373737, 0.636363636364, 0.91522997, 1.00000000, 1.00000000, 1.00000000
0.373737373737, 0.646464646465, 0.92644279, 1.00000000, 1.00000000, 1.00000000
0.373737373737, 0.656565656566, 0.93795453, 1.00000000, 1.00000000, 1.00000000
0.373737373737, 0.666666666667, 0.94971895, 1.00000000, 1.00000000, 1.00000000
0.373737373737, 0.676767676768, 0.96168876, 1.00000000, 1.00000000, 1.00000000
0.373737373737, 0.686868686869, 0.97381583, 1.00000000, 1.00000000, 1.00000000
0.373737373737, 0.696969696970, 0.98605131, 1.00000000, 1.00000000, 1.00000000
0.373737373737, 0.707070707071, 0.99834592, 1.00000000, 1.00000000, 1.00000000
0.373737373737, 0.717171717172, 1.01065009, 1.00000000, 1.00000000, 1.00000000
0.373737373737, 0.727272727273, 1.02291418, 1.00000000, 1.00000000, 1.00000000
0.373737373737, 0.737373737374, 1.03508868, 1.00000000, 1.00000000, 1.00000000
0.373737373737, 0.747474747475, 1.04712443, 1.00000000, 1.00000000, 1.00000000
0.373737373737, 0.757575757576, 1.05897279, 1.00000000, 1.00000000, 1.00000000
0.373737373737, 0.767676767677, 1.07058585, 1.00000000, 1.00000000, 1.00000000
0.373737373737, 0.777777777778, 1.08191667, 1.00000000, 1.00000000, 1.00000000
0.373737373737, 0.787878787879, 1.09291938, 1.00000000, 1.00000000, 1.00000000
0.373737373737, 0.797979797980, 1.10354946, 1.00000000, 1.00000000, 1.00000000
0.373737373737, 0.808080808081, 1.11376388, 1.00000000, 1.00000000, 1.00000000
0.373737373737, 0.818181818182, 1.12352126, 1.00000000, 1.00000000, 1.00000000
0.373737373737, 0.828282828283, 1.13278208, 1.00000000, 1.00000000, 1.00000000
0.373737373737, 0.838383838384, 1.14150883, 1.00000000, 1.00000000, 1.00000000
0.373737373737, 0.848484848485, 1.14966614, 1.00000000, 1.00000000, 1.00000000
0.373737373737, 0.858585858586, 1.15722095, 1.00000000, 1.00000000, 1.00000000
0.373737373737, 0.868686868687, 1.16414262, 1.00000000, 1.00000000, 1.00000000
0.373737373737, 0.878787878788, 1.17040311, 1.00000000, 1.00000000, 1.00000000
0.373737373737, 0.888888888889, 1.17597702, 1.00000000, 1.00000000, 1.00000000
0.373737373737, 0.898989898990, 1.18084175, 1.00000000, 1.00000000, 1.00000000
0.373737373737, 0.909090909091, 1.18497756, 1.00000000, 1.00000000, 1.00000000
0.373737373737, 0.919191919192, 1.18836767, 1.00000000, 1.00000000, 1.00000000
0.373737373737, 0.929292929293, 1.19099838, 1.00000000, 1.00000000, 1.00000000
0.373737373737, 0.939393939394, 1.19285919, 1.00000000, 1.00000000, 1.00000000
0.373737373737, 0.949494949495, 1.19394332, 1.00000000, 1.00000000, 1.00000000
0.373737373737, 0.959595959596, 1.19424874, 1.00000000, 1.00000000, 1.00000000
0.383838383838, -0.000000000000, 1.18053909, 1.00000000, 1.00000000, 1.00000000
0.383838383838, 0.010101010101, 1.17612574, 1.00000000, 1.00000000, 1.00000000
0.383838383838, 0.020202020202, 1.17127091, 1.00000000, 1.00000000, 1.00000000
0.383838383838, 0.030303030303, 1.16596996, 1.00000000, 1.00000000, 1.00000000
0.383838383838, 0.040404040404, 1.16016133, 1.00000000, 1.00000000, 1.00000000
0.383838383838, 0.050505050505, 1.15375167, 1.00000000, 1.00000000, 1.00000000
0.383838383838, 0.060606060606, 1.14665715, 1.00000000, 1.00000000, 1.00000000
0.383838383838, 0.070707070707, 1.13883772, 1.00000000, 1.00000000, 1.00000000
0.383838383838, 0.080808080808, 1.13030771, 1.00000000, 1.00000000, 1.00000000
0.383838383838, 0.090909090909, 1.12112342, 1.00000000, 1.00000000, 1.00000000
0.383838383838, 0.101010101010, 1.11136067, 1.00000000, 1.00000000, 1.00000000
0.383838383838, 0.111111111111, 1.10109602, 1.00000000, 1.00000000, 1.00000000
0.383838383838, 0.121212121212, 1.09039769, 1.00000000, 1.00000000, 1.00000000
0.383838383838, 0.131313131313, 1.07932457, 1.00000000, 1.00000000, 1.00000000
0.383838383838, 0.141414141414, 1.06792917, 1.00000000, 1.00000000, 1.00000000
0.383838383838, 0.151515151515, 1.05626081, 1.00000000, 1.00000000, 1.00000000
0.383838383838, 0.161616161616, 1.04436783, 1.00000000, 1.00000000, 1.00000000
0.383838383838, 0.171717171717, 1.03229866, 1.00000000, 1.00000000, 1.00000000
0.383838383838, 0.181818181818, 1.02010213, 1.00000000, 1.00000000, 1.00000000
0.383838383838, 0.191919191919, 1.00782750, 1.00000000, 1.00000000, 1.00000000
0.383838383838, 0.202020202020, 0.99552428, 1.00000000, 1.00000000, 1.00000000
0.383838383838, 0.212121212121, 0.98324206, 1.00000000, 1.00000000, 1.00000000
0.383838383838, 0.222222222222, 0.97103031, 1.00000000, 1.00000000, 1.00000000
0.383838383838, 0.232323232323, 0.95893820, 1.00000000, 1.00000000, 1.00000000
0.383838383838, 0.242424242424, 0.94701434, 1.00000000, 1.00000000, 1.00000000
0.383838383838, 0.252525252525, 0.93530665, 1.00000000, 1.00000000, 1.00000000
0.383838383838, 0.262626262626, 0.92386215, 1.00000000, 1.00000000, 1.00000000
0.383838383838, 0.272727272727, 0.91272674, 1.00000000, 1.00000000, 1.00000000
0.383838383838, 0.282828282828, 0.90194504, 1.00000000, 1.00000000, 1.00000000
0.383838383838, 0.292929292929, 0.89156023, 1.00000000, 1.00000000, 1.00000000
0.383838383838, 0.303030303030, 0.88161386, 1.00000000, 1.00000000, 1.00000000
0.383838383838, 0.313131313131, 0.87214566, 1.00000000, 1.00000000, 1.00000000
0.383838383838, 0.323232323232, 0.86319346, 1.00000000, 1.00000000, 1.00000000
0.383838383838, 0.333333333333, 0.85479295, 1.00000000, 1.00000000, 1.00000000
0.383838383838, 0.343434343434, 0.84697763, 1.00000000, 1.00000000, 1.00000000
0.383838383838, 0.353535353535, 0.83977863, 1.00000000, 1.00000000, 1.00000000
0.383838383838, 0.363636363636, 0.83322458, 1.00000000, 1.00000000, 1.00000000
0.383838383838, 0.373737373737, 0.82734158, 1.00000000, 1.00000000, 1.00000000
0.383838383838, 0.383838383838, 0.82215301, 1.00000000, 1.00000000, 1.00000000
0.383838383838, 0.393939393939, 0.81767950, 1.00000000, 1.00000000, 1.00000000
0.383838383838, 0.404040404040, 0.81393886, 1.00000000, 1.00000000, 1.00000000
0.383838383838, 0.414141414141, 0.81094597, 1.00000000, 1.00000000, 1.00000000
0.383838383838, 0.424242424242, 0.80871279, 1.00000000, 1.00000000, 1.00000000
0.383838383838, 0.434343434343, 0.80724827, 1.00000000, 1.00000000, 1.00000000
0.383838383838, 0.444444444444, 0.80655834, 1.00000000, 1.00000000, 1.00000000
0.383838383838, 0.454545454545, 0.80664580, 1.00000000, 1.00000000, 1.00000000
0.383838383838, 0.464646464646, 0.80751023, 1.00000000, 1.00000000, 1.00000000
0.383838383838, 0.474747474747, 0.80914816, 1.00000000, 1.00000000, 1.00000000
0.383838383838, 0.484848484848, 0.81155304, 1.00000000, 1.00000000, 1.00000000
0.383838383838, 0.494949494949, 0.81471533, 1.00000000, 1.00000000, 1.00000000
0.383838383838, 0.505050505051, 0.81862248, 1.00000000, 1.00000000, 1.00000000
0.383838383838, 0.515151515152, 0.82325900, 1.00000000, 1.00000000, 1.00000000
0.383838383838, 0.525252525253, 0.82860648, 1.00000000, 1.00000000, 1.00000000
0.383838383838, 0.535353535354, 0.83464370, 1.00000000, 1.00000000, 1.00000000
0.383838383838, 0.545454545455, 0.84134669, 1.00000000, 1.00000000, 1.00000000
0.383838383838, 0.555555555556, 0.84868878, 1.00000000, 1.00000000, 1.00000000
0.383838383838, 0.565656565657, 0.85664076, 1.00000000, 1.00000000, 1.00000000
0.383838383838, 0.575757575758, 0.86517094, 1.00000000, 1.00000000, 1.00000000
0.383838383838, 0.585858585859, 0.87424531, 1.00000000, 1.00000000, 1.00000000
0.383838383838, 0.595959595960, 0.88382763, 1.00000000, 1.00000000, 1.00000000
0.383838383838, 0.606060606061, 0.89387962, 1.00000000, 1.00000000, 1.00000000
0.383838383838, 0.616161616162, 0.90436106, 1.00000000, 1.00000000, 1.00000000
0.383838383838, 0.626262626263, 0.91522997, 1.00000000, 1.00000000, 1.00000000
0.383838383838, 0.636363636364, 0.92644279, 1.00000000, 1.00000000, 1.00000000
0.383838383838, 0.646464646465, 0.93795453, 1.00000000, 1.00000000, 1.00000000
0.383838383838, 0.656565656566, 0.94971895, 1.00000000, 1.00000000, 1.00000000
0.383838383838, 0.666666666667, 0.96168876, 1.00000000, 1.00000000, 1.00000000
0.383838383838, 0.676767676768, 0.97381583, 1.00000000, 1.00000000, 1.00000000
0.383838383838, 0.686868686869, 0.98605131, 1.00000000, 1.00000000, 1.00000000
0.383838383838, 0.696969696970, 0.99834592, 1.00000000, 1.00000000, 1.00000000
0.383838383838, 0.707070707071, 1.01065009, 1.00000000, 1.00000000, 1.00000000
0.383838383838, 0.717171717172, 1.02291418, 1.00000000, 1.00000000, 1.00000000
0.383838383838, 0.727272727273, 1.03508868, 1.00000000, 1.00000000, 1.00000000
0.383838383838, 0.737373737374, 1.04712443, 1.00000000, 1.00000000, 1.00000000
0.383838383838, 0.747474747475, 1.05897279, 1.00000000, 1.00000000, 1.00000000
0.383838383838, 0.757575757576, 1.07058585, 1.00000000, 1.00000000, 1.00000000
0.383838383838, 0.767676767677, 1.08191667, 1.00000000, 1.00000000, 1.00000000
0.383838383838, 0.777777777778, 1.09291938, 1.00000000, 1.00000000, 1.00000000
0.383838383838, 0.787878787879, 1.10354946, 1.00000000, 1.00000000, 1.00000000
0.383838383838, 0.797979797980, 1.11376388, 1.00000000, 1.00000000, 1.00000000
0.383838383838, 0.808080808081, 1.12352126, 1.00000000, 1.00000000, 1.00000000
0.383838383838, 0.818181818182, 1.13278208, 1.00000000, 1.00000000, 1.00000000
0.383838383838, 0.828282828283, 1.14150883, 1.00000000, 1.00000000, 1.00000000
0.383838383838, 0.838383838384, 1.14966614, 1.00000000, 1.00000000, 1.00000000
0.383838383838, 0.848484848485, 1.15722095, 1.00000000, 1.00000000, 1.00000000
0.383838383838, 0.858585858586, 1.16414262, 1.00000000, 1.00000000, 1.00000000
0.383838383838, 0.868686868687, 1.17040311, 1.00000000, 1.00000000, 1.00000000
0.383838383838, 0.878787878788, 1.17597702, 1.00000000, 1.00000000, 1.00000000
0.383838383838, 0.888888888889, 1.18084175, 1.00000000, 1.00000000, 1.00000000
0.383838383838, 0.898989898990, 1.18497755, 1.00000000, 1.00000000, 1.00000000
0.383838383838, 0.909090909091, 1.18836765, 1.00000000, 1.00000000, 1.00000000
0.383838383838, 0.919191919192, 1.19099829, 1.00000000, 1.00000000, 1.00000000
0.383838383838, 0.929292929293, 1.19285882, 1.00000000, 1.00000000, 1.00000000
0.383838383838, 0.939393939394, 1.19394191, 1.00000000, 1.00000000, 1.00000000
0.383838383838, 0.949494949495, 1.19424396, 1.00000000, 1.00000000, 1.00000000
0.383838383838, 0.959595959596, 1.19376650, 1.00000000, 1.00000000, 1.00000000
0.393939393939, -0.000000000000, 1.17557104, 1.00000000, 1.00000000, 1.00000000
0.393939393939, 0.010101010101, 1.17050090, 1.00000000, 1.00000000, 1.00000000
0.393939393939, 0.020202020202, 1.16502859, 1.00000000, 1.00000000, 1.00000000
0.393939393939, 0.030303030303, 1.15914666, 1.00000000, 1.00000000, 1.00000000
0.393939393939, 0.040404040404, 1.15278621, 1.00000000, 1.00000000, 1.00000000
0.393939393939, 0.050505050505, 1.14584510, 1.00000000, 1.00000000, 1.00000000
0.393939393939, 0.060606060606, 1.13823315, 1.00000000, 1.00000000, 1.00000000
0.393939393939, 0.070707070707, 1.12990884, 1.00000000, 1.00000000, 1.00000000
0.393939393939, 0.080808080808, 1.12089000, 1.00000000, 1.00000000, 1.00000000
0.393939393939, 0.090909090909, 1.11123943, 1.00000000, 1.00000000, 1.00000000
0.393939393939, 0.101010101010, 1.10104013, 1.00000000, 1.00000000, 1.00000000
0.393939393939, 0.111111111111, 1.09037482, 1.00000000, 1.00000000, 1.00000000
0.393939393939, 0.121212121212, 1.07931628, 1.00000000, 1.00000000, 1.00000000
0.393939393939, 0.131313131313, 1.06792651, 1.00000000, 1.00000000, 1.00000000
0.393939393939, 0.141414141414, 1.05626006, 1.00000000, 1.00000000, 1.00000000
0.393939393939, 0.151515151515, 1.04436764, 1.00000000, 1.00000000, 1.00000000
0.393939393939, 0.161616161616, 1.03229862, 1.00000000, 1.00000000, 1.00000000
0.393939393939, 0.171717171717, 1.02010212, 1.00000000, 1.00000000, 1.00000000
0.393939393939, 0.181818181818, 1.00782750, 1.00000000, 1.00000000, 1.00000000
0.393939393939, 0.191919191919, 0.99552428, 1.00000000, 1.00000000, 1.00000000
0.393939393939, 0.202020202020, 0.98324206, 1.00000000, 1.00000000, 1.00000000
0.393939393939, 0.212121212121, 0.97103031, 1.00000000, 1.00000000, 1.00000000
0.393939393939, 0.222222222222, 0.95893820, 1.00000000, 1.00000000, 1.00000000
0.393939393939, 0.232323232323, 0.94701434, 1.00000000, 1.00000000, 1.00000000
0.393939393939, 0.242424242424, 0.93530665, 1.00000000, 1.00000000, 1.00000000
0.393939393939, 0.252525252525, 0.92386215, 1.00000000, 1.00000000, 1.00000000
0.393939393939, 0.262626262626, 0.91272674, 1.00000000, 1.00000000, 1.00000000
0.393939393939, 0.272727272727, 0.90194504, 1.00000000, 1.00000000, 1.00000000
0.393939393939, 0.282828282828, 0.89156023, 1.00000000, 1.00000000, 1.00000000
0.393939393939, 0.292929292929, 0.88161386, 1.00000000, 1.00000000, 1.00000000
0.393939393939, 0.303030303030, 0.87214566, 1.00000000, 1.00000000, 1.00000000
0.393939393939, 0.313131313131, 0.86319346, 1.00000000, 1.00000000, 1.00000000
0.393939393939, 0.323232323232, 0.85479295, 1.00000000, 1.00000000, 1.00000000
0.393939393939, 0.333333333333, 0.84697763, 1.00000000, 1.00000000, 1.00000000
0.393939393939, 0.343434343434, 0.83977863, 1.00000000, 1.00000000, 1.00000000
0.393939393939, 0.353535353535, 0.83322458, 1.00000000, 1.00000000, 1.00000000
0.393939393939, 0.363636363636, 0.82734158, 1.00000000, 1.00000000, 1.00000000
0.393939393939, 0.373737373737, 0.82215301, 1.00000000, 1.00000000, 1.00000000
0.393939393939, 0.383838383838, 0.81767950, 1.00000000, 1.00000000, 1.00000000
0.393939393939, 0.393939393939, 0.81393886, 1.00000000, 1.00000000, 1.00000000
0.393939393939, 0.404040404040, 0.81094597, 1.00000000, 1.00000000, 1.00000000
0.393939393939, 0.414141414141, 0.80871279, 1.00000000, 1.00000000, 1.00000000
0.393939393939, 0.424242424242, 0.80724827, 1.00000000, 1.00000000, 1.00000000
0.393939393939, 0.434343434343, 0.80655834, 1.00000000, 1.00000000, 1.00000000
0.393939393939, 0.444444444444, 0.80664580, 1.00000000, 1.00000000, 1.00000000
0.393939393939, 0.454545454545, 0.80751023, 1.00000000, 1.00000000, 1.00000000
0.393939393939, 0.464646464646, 0.80914816, 1.00000000, 1.00000000, 1.00000000
0.393939393939, 0.474747474747, 0.81155304, 1.00000000, 1.00000000, 1.00000000
0.393939393939, 0.484848484848, 0.81471533, 1.00000000, 1.00000000, 1.00000000
0.393939393939, 0.494949494949, 0.81862248, 1.00000000, 1.00000000, 1.00000000
0.393939393939, 0.505050505051, 0.82325900, 1.00000000, 1.00000000, 1.00000000
0.393939393939, 0.515151515152, 0.82860648, 1.00000000, 1.00000000, 1.00000000
0.393939393939, 0.525252525253, 0.83464370, 1.00000000, 1.00000000, 1.00000000
0.393939393939, 0.535353535354, 0.84134669, 1.00000000, 1.00000000, 1.00000000
0.393939393939, 0.545454545455, 0.84868878, 1.00000000, 1.00000000, 1.00000000
0.393939393939, 0.555555555556, 0.85664076, 1.00000000, 1.00000000, 1.00000000
0.393939393939, 0.565656565657, 0.86517094, 1.00000000, 1.00000000, 1.00000000
0.393939393939, 0.575757575758, 0.87424531, 1.00000000, 1.00000000, 1.00000000
0.393939393939, 0.585858585859, 0.88382763, 1.00000000, 1.00000000, 1.00000000
0.393939393939, 0.595959595960, 0.89387962, 1.00000000, 1.00000000, 1.00000000
0.393939393939, 0.606060606061, 0.90436106, 1.00000000, 1.00000000, 1.00000000
0.393939393939, 0.616161616162, 0.91522997, 1.00000000, 1.00000000, 1.00000000
0.393939393939, 0.626262626263, 0.92644279, 1.00000000, 1.00000000, 1.00000000
0.393939393939, 0.636363636364, 0.93795453, 1.00000000, 1.00000000, 1.00000000
0.393939393939, 0.646464646465, 0.94971895, 1.00000000, 1.00000000, 1.00000000
0.393939393939, 0.656565656566, 0.96168876, 1.00000000, 1.00000000, 1.00000000
0.393939393939, 0.666666666667, 0.97381583, 1.00000000, 1.00000000, 1.00000000
0.393939393939, 0.676767676768, 0.98605131, 1.00000000, 1.00000000, 1.00000000
0.393939393939, 0.686868686869, 0.99834592, 1.00000000, 1.00000000, 1.00000000
0.393939393939, 0.696969696970, 1.01065009, 1.00000000, 1.00000000, 1.00000000
0.393939393939, 0.707070707071, 1.02291418, 1.00000000, 1.00000000, 1.00000000
0.393939393939, 0.717171717172, 1.03508868, 1.00000000, 1.00000000, 1.00000000
0.393939393939, 0.727272727273, 1.04712443, 1.00000000, 1.00000000, 1.00000000
0.393939393939, 0.737373737374, 1.05897279, 1.00000000, 1.00000000, 1.00000000
0.393939393939, 0.747474747475, 1.07058585, 1.00000000, 1.00000000, 1.00000000
0.393939393939, 0.757575757576, 1.08191667, 1.00000000, 1.00000000, 1.00000000
0.393939393939, 0.767676767677, 1.09291938, 1.00000000, 1.00000000, 1.00000000
0.393939393939, 0.777777777778, 1.10354946, 1.00000000, 1.00000000, 1.00000000
0.393939393939, 0.787878787879, 1.11376388, 1.00000000, 1.00000000, 1.00000000
0.393939393939, 0.797979797980, 1.12352126, 1.00000000, 1.00000000, 1.00000000
0.393939393939, 0.808080808081, 1.13278208, 1.00000000, 1.00000000, 1.00000000
0.393939393939, 0.818181818182, 1.14150883, 1.00000000, 1.00000000, 1.00000000
0.393939393939, 0.828282828283, 1.14966614, 1.00000000, 1.00000000, 1.00000000
0.393939393939, 0.838383838384, 1.15722095, 1.00000000, 1.00000000, 1.00000000
0.393939393939, 0.848484848485, 1.16414262, 1.00000000, 1.00000000, 1.00000000
0.393939393939, 0.858585858586, 1.17040311, 1.00000000, 1.00000000, 1.00000000
0.393939393939, 0.868686868687, 1.17597702, 1.00000000, 1.00000000, 1.00000000
0.393939393939, 0.878787878788, 1.18084175, 1.00000000, 1.00000000, 1.00000000
0.393939393939, 0.888888888889, 1.18497755, 1.00000000, 1.00000000, 1.00000000
0.393939393939, 0.898989898990, 1.18836765, 1.00000000, 1.00000000, 1.00000000
0.393939393939, 0.909090909091, 1.19099827, 1.00000000, 1.00000000, 1.00000000
0.393939393939, 0.919191919192, 1.19285873, 1.00000000, 1.00000000, 1.00000000
0.393939393939, 0.929292929293, 1.19394150, 1.00000000, 1.00000000, 1.00000000
0.393939393939, 0.939393939394, 1.19424240, 1.00000000, 1.00000000, 1.00000000
0.393939393939, 0.949494949495, 1.19376122, 1.00000000, 1.00000000, 1.00000000
0.393939393939, 0.959595959596, 1.19250290, 1.00000000, 1.00000000, 1.00000000
0.404040404040, -0.000000000000, 1.16989603, 1.00000000, 1.00000000, 1.00000000
0.404040404040, 0.010101010101, 1.16418968, 1.00000000, 1.00000000, 1.00000000
0.404040404040, 0.020202020202, 1.15812197, 1.00000000, 1.00000000, 1.00000000
0.404040404040, 0.030303030303, 1.15168270, 1.00000000, 1.00000000, 1.00000000
0.404040404040, 0.040404040404, 1.14479595, 1.00000000, 1.00000000, 1.00000000
0.404040404040, 0.050505050505, 1.13735132, 1.00000000, 1.00000000, 1.00000000
0.404040404040, 0.060606060606, 1.12925270, 1.00000000, 1.00000000, 1.00000000
0.404040404040, 0.070707070707, 1.12045728, 1.00000000, 1.00000000, 1.00000000
0.404040404040, 0.080808080808, 1.11098626, 1.00000000, 1.00000000, 1.00000000
0.404040404040, 0.090909090909, 1.10090864, 1.00000000, 1.00000000, 1.00000000
0.404040404040, 0.101010101010, 1.09031420, 1.00000000, 1.00000000, 1.00000000
0.404040404040, 0.111111111111, 1.07929147, 1.00000000, 1.00000000, 1.00000000
0.404040404040, 0.121212121212, 1.06791751, 1.00000000, 1.00000000, 1.00000000
0.404040404040, 0.131313131313, 1.05625717, 1.00000000, 1.00000000, 1.00000000
0.404040404040, 0.141414141414, 1.04436682, 1.00000000, 1.00000000, 1.00000000
0.404040404040, 0.151515151515, 1.03229841, 1.00000000, 1.00000000, 1.00000000
0.404040404040, 0.161616161616, 1.02010208, 1.00000000, 1.00000000, 1.00000000
0.404040404040, 0.171717171717, 1.00782749, 1.00000000, 1.00000000, 1.00000000
0.404040404040, 0.181818181818, 0.99552428, 1.00000000, 1.00000000, 1.00000000
0.404040404040, 0.191919191919, 0.98324206, 1.00000000, 1.00000000, 1.00000000
0.404040404040, 0.202020202020, 0.97103031, 1.00000000, 1.00000000, 1.00000000
0.404040404040, 0.212121212121, 0.95893820, 1.00000000, 1.00000000, 1.00000000
0.404040404040, 0.222222222222, 0.94701434, 1.00000000, 1.00000000, 1.00000000
0.404040404040, 0.232323232323, 0.93530665, 1.00000000, 1.00000000, 1.00000000
0.404040404040, 0.242424242424, 0.92386215, 1.00000000, 1.00000000, 1.00000000
0.404040404040, 0.252525252525, 0.91272674, 1.00000000, 1.00000000, 1.00000000
0.404040404040, 0.262626262626, 0.90194504, 1.00000000, 1.00000000, 1.00000000
0.404040404040, 0.272727272727, 0.89156023, 1.00000000, 1.00000000, 1.00000000
0.404040404040, 0.282828282828, 0.88161386, 1.00000000, 1.00000000, 1.00000000
0.404040404040, 0.292929292929, 0.87214566, 1.00000000, 1.00000000, 1.00000000
0.404040404040, 0.303030303030, 0.86319346, 1.00000000, 1.00000000, 1.00000000
0.404040404040, 0.313131313131, 0.85479295, 1.00000000, 1.00000000, 1.00000000
0.404040404040, 0.323232323232, 0.84697763, 1.00000000, 1.00000000, 1.00000000
0.404040404040, 0.333333333333, 0.83977863, 1.00000000, 1.00000000, 1.00000000
0.404040404040, 0.343434343434, 0.83322458, 1.00000000, 1.00000000, 1.00000000
0.404040404040, 0.353535353535, 0.82734158, 1.00000000, 1.00000000, 1.00000000
0.404040404040, 0.363636363636, 0.82215301, 1.00000000, 1.00000000, 1.00000000
0.404040404040, 0.373737373737, 0.81767950, 1.00000000, 1.00000000, 1.00000000
0.404040404040, 0.383838383838, 0.81393886, 1.00000000, 1.00000000, 1.00000000
0.404040404040, 0.393939393939, 0.81094597, 1.00000000, 1.00000000, 1.00000000
0.404040404040, 0.404040404040, 0.80871279, 1.00000000, 1.00000000, 1.00000000
0.404040404040, 0.414141414141, 0.80724827, 1.00000000, 1.00000000, 1.00000000
0.404040404040, 0.424242424242, 0.80655834, 1.00000000, 1.00000000, 1.00000000
0.404040404040, 0.434343434343, 0.80664580, 1.00000000, 1.00000000, 1.00000000
0.404040404040, 0.444444444444, 0.80751023, 1.00000000, 1.00000000, 1.00000000
0.404040404040, 0.454545454545, 0.80914816, 1.00000000, 1.00000000, 1.00000000
0.404040404040, 0.464646464646, 0.81155304, 1.00000000, 1.00000000, 1.00000000
0.404040404040, 0.474747474747, 0.81471533, 1.00000000, 1.00000000, 1.00000000
0.404040404040, 0.484848484848, 0.81862248, 1.00000000, 1.00000000, 1.00000000
0.404040404040, 0.494949494949, 0.82325900, 1.00000000, 1.00000000, 1.00000000
0.404040404040, 0.505050505051, 0.82860648, 1.00000000, 1.00000000, 1.00000000
0.404040404040, 0.515151515152, 0.83464370, 1.00000000, 1.00000000, 1.00000000
0.404040404040, 0.525252525253, 0.84134669, 1.00000000, 1.00000000, 1.00000000
0.404040404040, 0.535353535354, 0.84868878, 1.00000000, 1.00000000, 1.00000000
0.404040404040, 0.545454545455, 0.85664076, 1.00000000, 1.00000000, 1.00000000
0.404040404040, 0.555555555556, 0.86517094, 1.00000000, 1.00000000, 1.00000000
0.404040404040, 0.565656565657, 0.87424531, 1.00000000, 1.00000000, 1.00000000
0.404040404040, 0.575757575758, 0.88382763, 1.00000000, 1.00000000, 1.00000000
0.404040404040, 0.585858585859, 0.89387962, 1.00000000, 1.00000000, 1.00000000
0.404040404040, 0.595959595960, 0.90436106, 1.00000000, 1.00000000, 1.00000000
0.404040404040, 0.606060606061, 0.91522997, 1.00000000, 1.00000000, 1.00000000
0.404040404040, 0.616161616162, 0.92644279, 1.00000000, 1.00000000, 1.00000000
0.404040404040, 0.626262626263, 0.93795453, 1.00000000, 1.00000000, 1.00000000
0.404040404040, 0.636363636364, 0.94971895, 1.00000000, 1.00000000, 1.00000000
0.404040404040, 0.646464646465, 0.96168876, 1.00000000, 1.00000000, 1.00000000
0.404040404040, 0.656565656566, 0.97381583, 1.00000000, 1.00000000, 1.00000000
0.404040404040, 0.666666666667, 0.98605131, 1.00000000, 1.00000000, 1.00000000
0.404040404040, 0.676767676768, 0.99834592, 1.00000000, 1.00000000, 1.00000000
0.404040404040, 0.686868686869, 1.01065009, 1.00000000, 1.00000000, 1.00000000
0.404040404040, 0.696969696970, 1.02291418, 1.00000000, 1.00000000, 1.00000000
0.404040404040, 0.707070707071, 1.03508868, 1.00000000, 1.00000000, 1.00000000
0.404040404040, 0.717171717172, 1.04712443, 1.00000000, 1.00000000, 1.00000000
0.404040404040, 0.727272727273, 1.05897279, 1.00000000, 1.00000000, 1.00000000
0.404040404040, 0.737373737374, 1.07058585, 1.00000000, 1.00000000, 1.00000000
0.404040404040, 0.747474747475, 1.08191667, 1.00000000, 1.00000000, 1.00000000
0.404040404040, 0.757575757576, 1.09291938, 1.00000000, 1.00000000, 1.00000000
0.404040404040, 0.767676767677, 1.10354946, 1.00000000, 1.00000000, 1.00000000
0.404040404040, 0.777777777778, 1.11376388, 1.00000000, 1.00000000, 1.00000000
0.404040404040, 0.787878787879, 1.12352126, 1.00000000, 1.00000000, 1.00000000
0.404040404040, 0.797979797980, 1.13278208, 1.00000000, 1.00000000, 1.00000000
0.404040404040, 0.808080808081, 1.14150883, 1.00000000, 1.00000000, 1.00000000
0.404040404040, 0.818181818182, 1.14966614, 1.00000000, 1.00000000, 1.00000000
0.404040404040, 0.828282828283, 1.15722095, 1.00000000, 1.00000000, 1.00000000
0.404040404040, 0.838383838384, 1.16414262, 1.00000000, 1.00000000, 1.00000000
0.404040404040, 0.848484848485, 1.17040311, 1.00000000, 1.00000000, 1.00000000
0.404040404040, 0.858585858586, 1.17597702, 1.00000000, 1.00000000, 1.00000000
0.404040404040, 0.868686868687, 1.18084175, 1.00000000, 1.00000000, 1.00000000
0.404040404040, 0.878787878788, 1.18497755, 1.00000000, 1.00000000, 1.00000000
0.404040404040, 0.888888888889, 1.18836765, 1.00000000, 1.00000000, 1.00000000
0.404040404040, 0.898989898990, 1.19099827, 1.00000000, 1.00000000, 1.00000000
0.404040404040, 0.909090909091, 1.19285871, 1.00000000, 1.00000000, 1.00000000
0.404040404040, 0.919191919192, 1.19394140, 1.00000000, 1.00000000, 1.00000000
0.404040404040, 0.929292929293, 1.19424196, 1.00000000, 1.00000000, 1.00000000
0.404040404040, 0.939393939394, 1.19375951, 1.00000000, 1.00000000, 1.00000000
0.404040404040, 0.949494949495, 1.19249712, 1.00000000, 1.00000000, 1.00000000
0.404040404040, 0.959595959596, 1.19046312, 1.00000000, 1.00000000, 1.00000000
0.414141414141, -0.000000000000, 1.16353708, 1.00000000, 1.00000000, 1.00000000
0.414141414141, 0.010101010101, 1.15721768, 1.00000000, 1.00000000, 1.00000000
0.414141414141, 0.020202020202, 1.15057908, 1.00000000, 1.00000000, 1.00000000
0.414141414141, 0.030303030303, 1.14360833, 1.00000000, 1.00000000, 1.00000000
0.414141414141, 0.040404040404, 1.13622293, 1.00000000, 1.00000000, 1.00000000
0.414141414141, 0.050505050505, 1.12830474, 1.00000000, 1.00000000, 1.00000000
0.414141414141, 0.060606060606, 1.11975218, 1.00000000, 1.00000000, 1.00000000
0.414141414141, 0.070707070707, 1.11052134, 1.00000000, 1.00000000, 1.00000000
0.414141414141, 0.080808080808, 1.10063662, 1.00000000, 1.00000000, 1.00000000
0.414141414141, 0.090909090909, 1.09017288, 1.00000000, 1.00000000, 1.00000000
0.414141414141, 0.101010101010, 1.07922629, 1.00000000, 1.00000000, 1.00000000
0.414141414141, 0.111111111111, 1.06789082, 1.00000000, 1.00000000, 1.00000000
0.414141414141, 0.121212121212, 1.05624747, 1.00000000, 1.00000000, 1.00000000
0.414141414141, 0.131313131313, 1.04436371, 1.00000000, 1.00000000, 1.00000000
0.414141414141, 0.141414141414, 1.03229753, 1.00000000, 1.00000000, 1.00000000
0.414141414141, 0.151515151515, 1.02010186, 1.00000000, 1.00000000, 1.00000000
0.414141414141, 0.161616161616, 1.00782744, 1.00000000, 1.00000000, 1.00000000
0.414141414141, 0.171717171717, 0.99552427, 1.00000000, 1.00000000, 1.00000000
0.414141414141, 0.181818181818, 0.98324206, 1.00000000, 1.00000000, 1.00000000
0.414141414141, 0.191919191919, 0.97103031, 1.00000000, 1.00000000, 1.00000000
0.414141414141, 0.202020202020, 0.95893820, 1.00000000, 1.00000000, 1.00000000
0.414141414141, 0.212121212121, 0.94701434, 1.00000000, 1.00000000, 1.00000000
0.414141414141, 0.222222222222, 0.93530665, 1.00000000, 1.00000000, 1.00000000
0.414141414141, 0.232323232323, 0.92386215, 1.00000000, 1.00000000, 1.00000000
0.414141414141, 0.242424242424, 0.91272674, 1.00000000, 1.00000000, 1.00000000
0.414141414141, 0.252525252525, 0.90194504, 1.00000000, 1.00000000, 1.00000000
0.414141414141, 0.262626262626, 0.89156023, 1.00000000, 1.00000000, 1.00000000
0.414141414141, 0.272727272727, 0.88161386, 1.00000000, 1.00000000, 1.00000000
0.414141414141, 0.282828282828, 0.87214566, 1.00000000, 1.00000000, 1.00000000
0.414141414141, 0.292929292929, 0.86319346, 1.00000000, 1.00000000, 1.00000000
0.414141414141, 0.303030303030, 0.85479295, 1.00000000, 1.00000000, 1.00000000
0.414141414141, 0.313131313131, 0.84697763, 1.00000000, 1.00000000, 1.00000000
0.414141414141, 0.323232323232, 0.83977863, 1.00000000, 1.00000000, 1.00000000
0.414141414141, 0.333333333333, 0.83322458, 1.00000000, 1.00000000, 1.00000000
0.414141414141, 0.343434343434, 0.82734158, 1.00000000, 1.00000000, 1.00000000
0.414141414141, 0.353535353535, 0.82215301, 1.00000000, 1.00000000, 1.00000000
0.414141414141, 0.363636363636, 0.81767950, 1.00000000, 1.00000000, 1.00000000
0.414141414141, 0.373737373737, 0.81393886, 1.00000000, 1.00000000, 1.00000000
0.414141414141, 0.383838383838, 0.81094597, 1.00000000, 1.00000000, 1.00000000
0.414141414141, 0.393939393939, 0.80871279, 1.00000000, 1.00000000, 1.00000000
0.414141414141, 0.404040404040, 0.80724827, 1.00000000, 1.00000000, 1.00000000
0.414141414141, 0.414141414141, 0.80655834, 1.00000000, 1.00000000, 1.00000000
0.414141414141, 0.424242424242, 0.80664580, 1.00000000, 1.00000000, 1.00000000
0.414141414141, 0.434343434343, 0.80751023, 1.00000000, 1.00000000, 1.00000000
0.414141414141, 0.444444444444, 0.80914816, 1.00000000, 1.00000000, 1.00000000
0.414141414141, 0.454545454545, 0.81155304, 1.00000000, 1.00000000, 1.00000000
0.414141414141, 0.464646464646, 0.81471533, 1.00000000, 1.00000000, 1.00000000
0.414141414141, 0.474747474747, 0.81862248, 1.00000000, 1.00000000, 1.00000000
0.414141414141, 0.484848484848, 0.82325900, 1.00000000, 1.00000000, 1.00000000
0.414141414141, 0.494949494949, 0.82860648, 1.00000000, 1.00000000, 1.00000000
0.414141414141, 0.505050505051, 0.83464370, 1.00000000, 1.00000000, 1.00000000
0.414141414141, 0.515151515152, 0.84134669, 1.00000000, 1.00000000, 1.00000000
0.414141414141, 0.525252525253, 0.84868878, 1.00000000, 1.00000000, 1.00000000
0.414141414141, 0.535353535354, 0.85664076, 1.00000000, 1.00000000, 1.00000000
0.414141414141, 0.545454545455, 0.86517094, 1.00000000, 1.00000000, 1.00000000
0.414141414141, 0.555555555556, 0.87424531, 1.00000000, 1.00000000, 1.00000000
0.414141414141, 0.565656565657, 0.88382763, 1.00000000, 1.00000000, 1.00000000
0.414141414141, 0.575757575758, 0.89387962, 1.00000000, 1.00000000, 1.00000000
0.414141414141, 0.585858585859, 0.90436106, 1.00000000, 1.00000000, 1.00000000
0.414141414141, 0.595959595960, 0.91522997, 1.00000000, 1.00000000, 1.00000000
0.414141414141, 0.606060606061, 0.92644279, 1.00000000, 1.00000000, 1.00000000
0.414141414141, 0.616161616162, 0.93795453, 1.00000000, 1.00000000, 1.00000000
0.414141414141, 0.626262626263, 0.94971895, 1.00000000, 1.00000000, 1.00000000
0.414141414141, 0.636363636364, 0.96168876, 1.00000000, 1.00000000, 1.00000000
0.414141414141, 0.646464646465, 0.97381583, 1.00000000, 1.00000000, 1.00000000
0.414141414141, 0.656565656566, 0.98605131, 1.00000000, 1.00000000, 1.00000000
0.414141414141, 0.666666666667, 0.99834592, 1.00000000, 1.00000000, 1.00000000
0.414141414141, 0.676767676768, 1.01065009, 1.00000000, 1.00000000, 1.00000000
0.414141414141, 0.686868686869, 1.02291418, 1.00000000, 1.00000000, 1.00000000
0.414141414141, 0.696969696970, 1.03508868, 1.00000000, 1.00000000, 1.00000000
0.414141414141, 0.707070707071, 1.04712443, 1.00000000, 1.00000000, 1.00000000
0.414141414141, 0.717171717172, 1.05897279, 1.00000000, 1.00000000, 1.00000000
0.414141414141, 0.727272727273, 1.07058585, 1.00000000, 1.00000000, 1.00000000
0.414141414141, 0.737373737374, 1.08191667, 1.00000000, 1.00000000, 1.00000000
0.414141414141, 0.747474747475, 1.09291938, 1.00000000, 1.00000000, 1.00000000
0.414141414141, 0.757575757576, 1.10354946, 1.00000000, 1.00000000, 1.00000000
0.414141414141, 0.767676767677, 1.11376388, 1.00000000, 1.00000000, 1.00000000
0.414141414141, 0.777777777778, 1.12352126, 1.00000000, 1.00000000, 1.00000000
0.414141414141, 0.787878787879, 1.13278208, 1.00000000, 1.00000000, 1.00000000
0.414141414141, 0.797979797980, 1.14150883, 1.00000000, 1.00000000, 1.00000000
0.414141414141, 0.808080808081, 1.14966614, 1.00000000, 1.00000000, 1.00000000
0.414141414141, 0.818181818182, 1.15722095, 1.00000000, 1.00000000, 1.00000000
0.414141414141, 0.828282828283, 1.16414262, 1.00000000, 1.00000000, 1.00000000
0.414141414141, 0.838383838384, 1.17040311, 1.00000000, 1.00000000, 1.00000000
0.414141414141, 0.848484848485, 1.17597702, 1.00000000, 1.00000000, 1.00000000
0.414141414141, 0.858585858586, 1.18084175, 1.00000000, 1.00000000, 1.00000000
0.414141414141, 0.868686868687, 1.18497755, 1.00000000, 1.00000000, 1.00000000
0.414141414141, 0.878787878788, 1.18836765, 1.00000000, 1.00000000, 1.00000000
0.414141414141, 0.888888888889, 1.19099827, 1.00000000, 1.00000000, 1.00000000
0.414141414141, 0.898989898990, 1.19285870, 1.00000000, 1.00000000, 1.00000000
0.414141414141, 0.909090909091, 1.19394138, 1.00000000, 1.00000000, 1.00000000
0.414141414141, 0.919191919192, 1.19424184, 1.00000000, 1.00000000, 1.00000000
0.414141414141, 0.929292929293, 1.19375903, 1.00000000, 1.00000000, 1.00000000
0.414141414141, 0.939393939394, 1.19249527, 1.00000000, 1.00000000, 1.00000000
0.414141414141, 0.949494949495, 1.19045685, 1.00000000, 1.00000000, 1.00000000
0.414141414141, 0.959595959596, 1.18765548, 1.00000000, 1.00000000, 1.00000000
0.424242424242, -0.000000000000, 1.15652002, 1.00000000, 1.00000000, 1.00000000
0.424242424242, 0.010101010101, 1.14961320, 1.00000000, 1.00000000, 1.00000000
0.424242424242, 0.020202020202, 1.14243049, 1.00000000, 1.00000000, 1.00000000
0.424242424242, 0.030303030303, 1.13495628, 1.00000000, 1.00000000, 1.00000000
0.424242424242, 0.040404040404, 1.12710188, 1.00000000, 1.00000000, 1.00000000
0.424242424242, 0.050505050505, 1.11874201, 1.00000000, 1.00000000, 1.00000000
0.424242424242, 0.060606060606, 1.10977007, 1.00000000, 1.00000000, 1.00000000
0.424242424242, 0.070707070707, 1.10014123, 1.00000000, 1.00000000, 1.00000000
0.424242424242, 0.080808080808, 1.08988296, 1.00000000, 1.00000000, 1.00000000
0.424242424242, 0.090909090909, 1.07907561, 1.00000000, 1.00000000, 1.00000000
0.424242424242, 0.101010101010, 1.06782126, 1.00000000, 1.00000000, 1.00000000
0.424242424242, 0.111111111111, 1.05621896, 1.00000000, 1.00000000, 1.00000000
0.424242424242, 0.121212121212, 1.04435334, 1.00000000, 1.00000000, 1.00000000
0.424242424242, 0.131313131313, 1.03229419, 1.00000000, 1.00000000, 1.00000000
0.424242424242, 0.141414141414, 1.02010091, 1.00000000, 1.00000000, 1.00000000
0.424242424242, 0.151515151515, 1.00782720, 1.00000000, 1.00000000, 1.00000000
0.424242424242, 0.161616161616, 0.99552421, 1.00000000, 1.00000000, 1.00000000
0.424242424242, 0.171717171717, 0.98324205, 1.00000000, 1.00000000, 1.00000000
0.424242424242, 0.181818181818, 0.97103031, 1.00000000, 1.00000000, 1.00000000
0.424242424242, 0.191919191919, 0.95893820, 1.00000000, 1.00000000, 1.00000000
0.424242424242, 0.202020202020, 0.94701434, 1.00000000, 1.00000000, 1.00000000
0.424242424242, 0.212121212121, 0.93530665, 1.00000000, 1.00000000, 1.00000000
0.424242424242, 0.222222222222, 0.92386215, 1.00000000, 1.00000000, 1.00000000
0.424242424242, 0.232323232323, 0.91272674, 1.00000000, 1.00000000, 1.00000000
0.424242424242, 0.242424242424, 0.90194504, 1.00000000, 1.00000000, 1.00000000
0.424242424242, 0.252525252525, 0.89156023, 1.00000000, 1.00000000, 1.00000000
0.424242424242, 0.262626262626, 0.88161386, 1.00000000, 1.00000000, 1.00000000
0.424242424242, 0.272727272727, 0.87214566, 1.00000000, 1.00000000, 1.00000000
0.424242424242, 0.282828282828, 0.86319346, 1.00000000, 1.00000000, 1.00000000
0.424242424242, 0.292929292929, 0.85479295, 1.00000000, 1.00000000, 1.00000000
0.424242424242, 0.303030303030, 0.84697763, 1.00000000, 1.00000000, 1.00000000
0.424242424242, 0.313131313131, 0.83977863, 1.00000000, 1.00000000, 1.00000000
0.424242424242, 0.323232323232, 0.83322458, 1.00000000, 1.00000000, 1.00000000
0.424242424242, 0.333333333333, 0.82734158, 1.00000000, 1.00000000, 1.00000000
0.424242424242, 0.343434343434, 0.82215301, 1.00000000, 1.00000000, 1.00000000
0.424242424242, 0.353535353535, 0.81767950, 1.00000000, 1.00000000, 1.00000000
0.424242424242, 0.363636363636, 0.81393886, 1.00000000, 1.00000000, 1.00000000
0.424242424242, 0.373737373737, 0.81094597, 1.00000000, 1.00000000, 1.00000000
0.424242424242, 0.383838383838, 0.80871279, 1.00000000, 1.00000000, 1.00000000
0.424242424242, 0.393939393939, 0.80724827, 1.00000000, 1.00000000, 1.00000000
0.424242424242, 0.404040404040, 0.80655834, 1.00000000, 1.00000000, 1.00000000
0.424242424242, 0.414141414141, 0.80664580, 1.00000000, 1.00000000, 1.00000000
0.424242424242, 0.424242424242, 0.80751023, 1.00000000, 1.00000000, 1.00000000
0.424242424242, 0.434343434343, 0.80914816, 1.00000000, 1.00000000, 1.00000000
0.424242424242, 0.444444444444, 0.81155304, 1.00000000, 1.00000000, 1.00000000
0.424242424242, 0.454545454545, 0.81471533, 1.00000000, 1.00000000, 1.00000000
0.424242424242, 0.464646464646, 0.81862248, 1.00000000, 1.00000000, 1.00000000
0.424242424242, 0.474747474747, 0.82325900, 1.00000000, 1.00000000, 1.00000000
0.424242424242, 0.484848484848, 0.82860648, 1.00000000, 1.00000000, 1.00000000
0.424242424242, 0.494949494949, 0.83464370, 1.00000000, 1.00000000, 1.00000000
0.424242424242, 0.505050505051, 0.84134669, 1.00000000, 1.00000000, 1.00000000
0.424242424242, 0.515151515152, 0.84868878, 1.00000000, 1.00000000, 1.00000000
0.424242424242, 0.525252525253, 0.85664076, 1.00000000, 1.00000000, 1.00000000
0.424242424242, 0.535353535354, 0.86517094, 1.00000000, 1.00000000, 1.00000000
0.424242424242, 0.545454545455, 0.87424531, 1.00000000, 1.00000000, 1.00000000
0.424242424242, 0.555555555556, 0.88382763, 1.00000000, 1.00000000, 1.00000000
0.424242424242, 0.565656565657, 0.89387962, 1.00000000, 1.00000000, 1.00000000
0.424242424242, 0.575757575758, 0.90436106, 1.00000000, 1.00000000, 1.00000000
0.424242424242, 0.585858585859, 0.91522997, 1.00000000, 1.00000000, 1.00000000
0.424242424242, 0.595959595960, 0.92644279, 1.00000000, 1.00000000, 1.00000000
0.424242424242, 0.606060606061, 0.93795453, 1.00000000, 1.00000000, 1.00000000
0.424242424242, 0.616161616162, 0.94971895, 1.00000000, 1.00000000, 1.00000000
0.424242424242, 0.626262626263, 0.96168876, 1.00000000, 1.00000000, 1.00000000
0.424242424242, 0.636363636364, 0.97381583, 1.00000000, 1.00000000, 1.00000000
0.424242424242, 0.646464646465, 0.98605131, 1.00000000, 1.00000000, 1.00000000
0.424242424242, 0.656565656566, 0.99834592, 1.00000000, 1.00000000, 1.00000000
0.424242424242, 0.666666666667, 1.01065009, 1.00000000, 1.00000000, 1.00000000
0.424242424242, 0.676767676768, 1.02291418, 1.00000000, 1.00000000, 1.00000000
0.424242424242, 0.686868686869, 1.03508868, 1.00000000, 1.00000000, 1.00000000
0.424242424242, 0.696969696970, 1.04712443, 1.00000000, 1.00000000, 1.00000000
0.424242424242, 0.707070707071, 1.05897279, 1.00000000, 1.00000000, 1.00000000
0.424242424242, 0.717171717172, 1.07058585, 1.00000000, 1.00000000, 1.00000000
0.424242424242, 0.727272727273, 1.08191667, 1.00000000, 1.00000000, 1.00000000
0.424242424242, 0.737373737374, 1.09291938, 1.00000000, 1.00000000, 1.00000000
0.424242424242, 0.747474747475, 1.10354946, 1.00000000, 1.00000000, 1.00000000
0.424242424242, 0.757575757576, 1.11376388, 1.00000000, 1.00000000, 1.00000000
0.424242424242, 0.767676767677, 1.12352126, 1.00000000, 1.00000000, 1.00000000
0.424242424242, 0.777777777778, 1.13278208, 1.00000000, 1.00000000, 1.00000000
0.424242424242, 0.787878787879, 1.14150883, 1.00000000, 1.00000000, 1.00000000
0.424242424242, 0.797979797980, 1.14966614, 1.00000000, 1.00000000, 1.00000000
0.424242424242, 0.808080808081, 1.15722095, 1.00000000, 1.00000000, 1.00000000
0.424242424242, 0.818181818182, 1.16414262, 1.00000000, 1.00000000, 1.00000000
0.424242424242, 0.828282828283, 1.17040311, 1.00000000, 1.00000000, 1.00000000
0.424242424242, 0.838383838384, 1.17597702, 1.00000000, 1.00000000, 1.00000000
0.424242424242, 0.848484848485, 1.18084175, 1.00000000, 1.00000000, 1.00000000
0.424242424242, 0.858585858586, 1.18497755, 1.00000000, 1.00000000, 1.00000000
0.424242424242, 0.868686868687, 1.18836765, 1.00000000, 1.00000000, 1.00000000
0.424242424242, 0.878787878788, 1.19099827, 1.00000000, 1.00000000, 1.00000000
0.424242424242, 0.888888888889, 1.19285870, 1.00000000, 1.00000000, 1.00000000
0.424242424242, 0.898989898990, 1.19394137, 1.00000000, 1.00000000, 1.00000000
0.424242424242, 0.909090909091, 1.19424182, 1.00000000, 1.00000000, 1.00000000
0.424242424242, 0.919191919192, 1.19375891, 1.00000000, 1.00000000, 1.00000000
0.424242424242, 0.929292929293, 1.19249475, 1.00000000, 1.00000000, 1.00000000
0.424242424242, 0.939393939394, 1.19045486, 1.00000000, 1.00000000, 1.00000000
0.424242424242, 0.949494949495, 1.18764874, 1.00000000, 1.00000000, 1.00000000
0.424242424242, 0.959595959596, 1.18409141, 1.00000000, 1.00000000, 1.00000000
0.434343434343, -0.000000000000, 1.14887330, 1.00000000, 1.00000000, 1.00000000
0.434343434343, 0.010101010101, 1.14140708, 1.00000000, 1.00000000, 1.00000000
0.434343434343, 0.020202020202, 1.13370924, 1.00000000, 1.00000000, 1.00000000
0.434343434343, 0.030303030303, 1.12576162, 1.00000000, 1.00000000, 1.00000000
0.434343434343, 0.040404040404, 1.11746976, 1.00000000, 1.00000000, 1.00000000
0.434343434343, 0.050505050505, 1.10870186, 1.00000000, 1.00000000, 1.00000000
0.434343434343, 0.060606060606, 1.09934680, 1.00000000, 1.00000000, 1.00000000
0.434343434343, 0.070707070707, 1.08935900, 1.00000000, 1.00000000, 1.00000000
0.434343434343, 0.080808080808, 1.07876882, 1.00000000, 1.00000000, 1.00000000
0.434343434343, 0.090909090909, 1.06766171, 1.00000000, 1.00000000, 1.00000000
0.434343434343, 0.101010101010, 1.05614524, 1.00000000, 1.00000000, 1.00000000
0.434343434343, 0.111111111111, 1.04432309, 1.00000000, 1.00000000, 1.00000000
0.434343434343, 0.121212121212, 1.03228318, 1.00000000, 1.00000000, 1.00000000
0.434343434343, 0.131313131313, 1.02009736, 1.00000000, 1.00000000, 1.00000000
0.434343434343, 0.141414141414, 1.00782619, 1.00000000, 1.00000000, 1.00000000
0.434343434343, 0.151515151515, 0.99552396, 1.00000000, 1.00000000, 1.00000000
0.434343434343, 0.161616161616, 0.98324199, 1.00000000, 1.00000000, 1.00000000
0.434343434343, 0.171717171717, 0.97103030, 1.00000000, 1.00000000, 1.00000000
0.434343434343, 0.181818181818, 0.95893819, 1.00000000, 1.00000000, 1.00000000
0.434343434343, 0.191919191919, 0.94701434, 1.00000000, 1.00000000, 1.00000000
0.434343434343, 0.202020202020, 0.93530665, 1.00000000, 1.00000000, 1.00000000
0.434343434343, 0.212121212121, 0.92386215, 1.00000000, 1.00000000, 1.00000000
0.434343434343, 0.222222222222, 0.91272674, 1.00000000, 1.00000000, 1.00000000
0.434343434343, 0.232323232323, 0.90194504, 1.00000000, 1.00000000, 1.00000000
0.434343434343, 0.242424242424, 0.89156023, 1.00000000, 1.00000000, 1.00000000
0.434343434343, 0.252525252525, 0.88161386, 1.00000000, 1.00000000, 1.00000000
0.434343434343, 0.262626262626, 0.87214566, 1.00000000, 1.00000000, 1.00000000
0.434343434343, 0.272727272727, 0.86319346, 1.00000000, 1.00000000, 1.00000000
0.434343434343, 0.282828282828, 0.85479295, 1.00000000, 1.00000000, 1.00000000
0.434343434343, 0.292929292929, 0.84697763, 1.00000000, 1.00000000, 1.00000000
0.434343434343, 0.303030303030, 0.83977863, 1.00000000, 1.00000000, 1.00000000
0.434343434343, 0.313131313131, 0.83322458, 1.00000000, 1.00000000, 1.00000000
0.434343434343, 0.323232323232, 0.82734158, 1.00000000, 1.00000000, 1.00000000
0.434343434343, 0.333333333333, 0.82215301, 1.00000000, 1.00000000, 1.00000000
0.434343434343, 0.343434343434, 0.81767950, 1.00000000, 1.00000000, 1.00000000
0.434343434343, 0.353535353535, 0.81393886, 1.00000000, 1.00000000, 1.00000000
0.434343434343, 0.363636363636, 0.81094597, 1.00000000, 1.00000000, 1.00000000
0.434343434343, 0.373737373737, 0.80871279, 1.00000000, 1.00000000, 1.00000000
0.434343434343, 0.383838383838, 0.80724827, 1.00000000, 1.00000000, 1.00000000
0.434343434343, 0.393939393939, 0.80655834, 1.00000000, 1.00000000, 1.00000000
0.434343434343, 0.404040404040, 0.80664580, 1.00000000, 1.00000000, 1.00000000
0.434343434343, 0.414141414141, 0.80751023, 1.00000000, 1.00000000, 1.00000000
0.434343434343, 0.424242424242, 0.80914816, 1.00000000, 1.00000000, 1.00000000
0.434343434343, 0.434343434343, 0.81155304, 1.00000000, 1.00000000, 1.00000000
0.434343434343, 0.444444444444, 0.81471533, 1.00000000, 1.00000000, 1.00000000
0.434343434343, 0.454545454545, 0.81862248, 1.00000000, 1.00000000, 1.00000000
0.434343434343, 0.464646464646, 0.82325900, 1.00000000, 1.00000000, 1.00000000
0.434343434343, 0.474747474747, 0.82860648, 1.00000000, 1.00000000, 1.00000000
0.434343434343, 0.484848484848, 0.83464370, 1.00000000, 1.00000000, 1.00000000
0.434343434343, 0.494949494949, 0.84134669, 1.00000000, 1.00000000, 1.00000000
0.434343434343, 0.505050505051, 0.84868878, 1.00000000, 1.00000000, 1.00000000
0.434343434343, 0.515151515152, 0.85664076, 1.00000000, 1.00000000, 1.00000000
0.434343434343, 0.525252525253, 0.86517094, 1.00000000, 1.00000000, 1.00000000
0.434343434343, 0.535353535354, 0.87424531, 1.00000000, 1.00000000, 1.00000000
0.434343434343, 0.545454545455, 0.88382763, 1.00000000, 1.00000000, 1.00000000
0.434343434343, 0.555555555556, 0.89387962, 1.00000000, 1.00000000, 1.00000000
0.434343434343, 0.565656565657, 0.90436106, 1.00000000, 1.00000000, 1.00000000
0.434343434343, 0.575757575758, 0.91522997, 1.00000000, 1.00000000, 1.00000000
0.434343434343, 0.585858585859, 0.92644279, 1.00000000, 1.00000000, 1.00000000
0.434343434343, 0.595959595960, 0.93795453, 1.00000000, 1.00000000, 1.00000000
0.434343434343, 0.606060606061, 0.94971895, 1.00000000, 1.00000000, 1.00000000
0.434343434343, 0.616161616162, 0.96168876, 1.00000000, 1.00000000, 1.00000000
0.434343434343, 0.626262626263, 0.97381583, 1.00000000, 1.00000000, 1.00000000
0.434343434343, 0.636363636364, 0.98605131, 1.00000000, 1.00000000, 1.00000000
0.434343434343, 0.646464646465, 0.99834592, 1.00000000, 1.00000000, 1.00000000
0.434343434343, 0.656565656566, 1.01065009, 1.00000000, 1.00000000, 1.00000000
0.434343434343, 0.666666666667, 1.02291418, 1.00000000, 1.00000000, 1.00000000
0.434343434343, 0.676767676768, 1.03508868, 1.00000000, 1.00000000, 1.00000000
0.434343434343, 0.686868686869, 1.04712443, 1.00000000, 1.00000000, 1.00000000
0.434343434343, 0.696969696970, 1.05897279, 1.00000000, 1.00000000, 1.00000000
0.434343434343, 0.707070707071, 1.07058585, 1.00000000, 1.00000000, 1.00000000
0.434343434343, 0.717171717172, 1.08191667, 1.00000000, 1.00000000, 1.00000000
0.434343434343, 0.727272727273, 1.09291938, 1.00000000, 1.00000000, 1.00000000
0.434343434343, 0.737373737374, 1.10354946, 1.00000000, 1.00000000, 1.00000000
0.434343434343, 0.747474747475, 1.11376388, 1.00000000, 1.00000000, 1.00000000
0.434343434343, 0.757575757576, 1.12352126, 1.00000000, 1.00000000, 1.00000000
0.434343434343, 0.767676767677, 1.13278208, 1.00000000, 1.00000000, 1.00000000
0.434343434343, 0.777777777778, 1.14150883, 1.00000000, 1.00000000, 1.00000000
0.434343434343, 0.787878787879, 1.14966614, 1.00000000, 1.00000000, 1.00000000
0.434343434343, 0.797979797980, 1.15722095, 1.00000000, 1.00000000, 1.00000000
0.434343434343, 0.808080808081, 1.16414262, 1.00000000, 1.00000000, 1.00000000
0.434343434343, 0.818181818182, 1.17040311, 1.00000000, 1.00000000, 1.00000000
0.434343434343, 0.828282828283, 1.17597702, 1.00000000, 1.00000000, 1.00000000
0.434343434343, 0.838383838384, 1.18084175, 1.00000000, 1.00000000, 1.00000000
0.434343434343, 0.848484848485, 1.18497755, 1.00000000, 1.00000000, 1.00000000
0.434343434343, 0.858585858586, 1.18836765, 1.00000000, 1.00000000, 1.00000000
0.434343434343, 0.868686868687, 1.19099827, 1.00000000, 1.00000000, 1.00000000
0.434343434343, 0.878787878788, 1.19285870, 1.00000000, 1.00000000, 1.00000000
0.434343434343, 0.888888888889, 1.19394137, 1.00000000, 1.00000000, 1.00000000
0.434343434343, 0.898989898990, 1.19424182, 1.00000000, 1.00000000, 1.00000000
0.434343434343, 0.909090909091, 1.19375888, 1.00000000, 1.00000000, 1.00000000
0.434343434343, 0.919191919192, 1.19249462, 1.00000000, 1.00000000, 1.00000000
0.434343434343, 0.929292929293, 1.19045430, 1.00000000, 1.00000000, 1.00000000
0.434343434343, 0.939393939394, 1.18764661, 1.00000000, 1.00000000, 1.00000000
0.434343434343, 0.949494949495, 1.18408422, 1.00000000, 1.00000000, 1.00000000
0.434343434343, 0.959595959596, 1.17978541, 1.00000000, 1.00000000, 1.00000000
0.444444444444, -0.000000000000, 1.14062793, 1.00000000, 1.00000000, 1.00000000
0.444444444444, 0.010101010101, 1.13263257, 1.00000000, 1.00000000, 1.00000000
0.444444444444, 0.020202020202, 1.12445066, 1.00000000, 1.00000000, 1.00000000
0.444444444444, 0.030303030303, 1.11606158, 1.00000000, 1.00000000, 1.00000000
0.444444444444, 0.040404040404, 1.10736558, 1.00000000, 1.00000000, 1.00000000
0.444444444444, 0.050505050505, 1.09822494, 1.00000000, 1.00000000, 1.00000000
0.444444444444, 0.060606060606, 1.08852457, 1.00000000, 1.00000000, 1.00000000
0.444444444444, 0.070707070707, 1.07821827, 1.00000000, 1.00000000, 1.00000000
0.444444444444, 0.080808080808, 1.06733917, 1.00000000, 1.00000000, 1.00000000
0.444444444444, 0.090909090909, 1.05597736, 1.00000000, 1.00000000, 1.00000000
0.444444444444, 0.101010101010, 1.04424544, 1.00000000, 1.00000000, 1.00000000
0.444444444444, 0.111111111111, 1.03225127, 1.00000000, 1.00000000, 1.00000000
0.444444444444, 0.121212121212, 1.02008573, 1.00000000, 1.00000000, 1.00000000
0.444444444444, 0.131313131313, 1.00782243, 1.00000000, 1.00000000, 1.00000000
0.444444444444, 0.141414141414, 0.99552289, 1.00000000, 1.00000000, 1.00000000
0.444444444444, 0.151515151515, 0.98324172, 1.00000000, 1.00000000, 1.00000000
0.444444444444, 0.161616161616, 0.97103024, 1.00000000, 1.00000000, 1.00000000
0.444444444444, 0.171717171717, 0.95893818, 1.00000000, 1.00000000, 1.00000000
0.444444444444, 0.181818181818, 0.94701434, 1.00000000, 1.00000000, 1.00000000
0.444444444444, 0.191919191919, 0.93530665, 1.00000000, 1.00000000, 1.00000000
0.444444444444, 0.202020202020, 0.92386215, 1.00000000, 1.00000000, 1.00000000
0.444444444444, 0.212121212121, 0.91272674, 1.00000000, 1.00000000, 1.00000000
0.444444444444, 0.222222222222, 0.90194504, 1.00000000, 1.00000000, 1.00000000
0.444444444444, 0.232323232323, 0.89156023, 1.00000000, 1.00000000, 1.00000000
0.444444444444, 0.242424242424, 0.88161386, 1.00000000, 1.00000000, 1.00000000
0.444444444444, 0.252525252525, 0.87214566, 1.00000000, 1.00000000, 1.00000000
0.444444444444, 0.262626262626, 0.86319346, 1.00000000, 1.00000000, 1.00000000
0.444444444444, 0.272727272727, 0.85479295, 1.00000000, 1.00000000, 1.00000000
0.444444444444, 0.282828282828, 0.84697763, 1.00000000, 1.00000000, 1.00000000
0.444444444444, 0.292929292929, 0.83977863, 1.00000000, 1.00000000, 1.00000000
0.444444444444, 0.303030303030, 0.83322458, 1.00000000, 1.00000000, 1.00000000
0.444444444444, 0.313131313131, 0.82734158, 1.00000000, 1.00000000, 1.00000000
0.444444444444, 0.323232323232, 0.82215301, 1.00000000, 1.00000000, 1.00000000
0.444444444444, 0.333333333333, 0.81767950, 1.00000000, 1.00000000, 1.00000000
0.444444444444, 0.343434343434, 0.81393886, 1.00000000, 1.00000000, 1.00000000
0.444444444444, 0.353535353535, 0.81094597, 1.00000000, 1.00000000, 1.00000000
0.444444444444, 0.363636363636, 0.80871279, 1.00000000, 1.00000000, 1.00000000
0.444444444444, 0.373737373737, 0.80724827, 1.00000000, 1.00000000, 1.00000000
0.444444444444, 0.383838383838, 0.80655834, 1.00000000, 1.00000000, 1.00000000
0.444444444444, 0.393939393939, 0.80664580, 1.00000000, 1.00000000, 1.00000000
0.444444444444, 0.404040404040, 0.80751023, 1.00000000, 1.00000000, 1.00000000
0.444444444444, 0.414141414141, 0.80914816, 1.00000000, 1.00000000, 1.00000000
0.444444444444, 0.424242424242, 0.81155304, 1.00000000, 1.00000000, 1.00000000
0.444444444444, 0.434343434343, 0.81471533, 1.00000000, 1.00000000, 1.00000000
0.444444444444, 0.444444444444, 0.81862248, 1.00000000, 1.00000000, 1.00000000
0.444444444444, 0.454545454545, 0.82325900, 1.00000000, 1.00000000, 1.00000000
0.444444444444, 0.464646464646, 0.82860648, 1.00000000, 1.00000000, 1.00000000
0.444444444444, 0.474747474747, 0.83464370, 1.00000000, 1.00000000, 1.00000000
0.444444444444, 0.484848484848, 0.84134669, 1.00000000, 1.00000000, 1.00000000
0.444444444444, 0.494949494949, 0.84868878, 1.00000000, 1.00000000, 1.00000000
0.444444444444, 0.505050505051, 0.85664076, 1.00000000, 1.00000000, 1.00000000
0.444444444444, 0.515151515152, 0.86517094, 1.00000000, 1.00000000, 1.00000000
0.444444444444, 0.525252525253, 0.87424531, 1.00000000, 1.00000000, 1.00000000
0.444444444444, 0.535353535354, 0.88382763, 1.00000000, 1.00000000, 1.00000000
0.444444444444, 0.545454545455, 0.89387962, 1.00000000, 1.00000000, 1.00000000
0.444444444444, 0.555555555556, 0.90436106, 1.00000000, 1.00000000, 1.00000000
0.444444444444, 0.565656565657, 0.91522997, 1.00000000, 1.00000000, 1.00000000
0.444444444444, 0.575757575758, 0.92644279, 1.00000000, 1.00000000, 1.00000000
0.444444444444, 0.585858585859, 0.93795453, 1.00000000, 1.00000000, 1.00000000
0.444444444444, 0.595959595960, 0.94971895, 1.00000000, 1.00000000, 1.00000000
0.444444444444, 0.606060606061, 0.96168876, 1.00000000, 1.00000000, 1.00000000
0.444444444444, 0.616161616162, 0.97381583, 1.00000000, 1.00000000, 1.00000000
0.444444444444, 0.626262626263, 0.98605131, 1.00000000, 1.00000000, 1.00000000
0.444444444444, 0.636363636364, 0.99834592, 1.00000000, 1.00000000, 1.00000000
0.444444444444, 0.646464646465, 1.01065009, 1.00000000, 1.00000000, 1.00000000
0.444444444444, 0.656565656566, 1.02291418, 1.00000000, 1.00000000, 1.00000000
0.444444444444, 0.666666666667, 1.03508868, 1.00000000, 1.00000000, 1.00000000
0.444444444444, 0.676767676768, 1.04712443, 1.00000000, 1.00000000, 1.00000000
0.444444444444, 0.686868686869, 1.05897279, 1.00000000, 1.00000000, 1.00000000
0.444444444444, 0.696969696970, 1.07058585, 1.00000000, 1.00000000, 1.00000000
0.444444444444, 0.707070707071, 1.08191667, 1.00000000, 1.00000000, 1.00000000
0.444444444444, 0.717171717172, 1.09291938, 1.00000000, 1.00000000, 1.00000000
0.444444444444, 0.727272727273, 1.10354946, 1.00000000, 1.00000000, 1.00000000
0.444444444444, 0.737373737374, 1.11376388, 1.00000000, 1.00000000, 1.00000000
0.444444444444, 0.747474747475, 1.12352126, 1.00000000, 1.00000000, 1.00000000
0.444444444444, 0.757575757576, 1.13278208, 1.00000000, 1.00000000, 1.00000000
0.444444444444, 0.767676767677, 1.14150883, 1.00000000, 1.00000000, 1.00000000
0.444444444444, 0.777777777778, 1.14966614, 1.00000000, 1.00000000, 1.00000000
0.444444444444, 0.787878787879, 1.15722095, 1.00000000, 1.00000000, 1.00000000
0.444444444444, 0.797979797980, 1.16414262, 1.00000000, 1.00000000, 1.00000000
0.444444444444, 0.808080808081, 1.17040311, 1.00000000, 1.00000000, 1.00000000
0.444444444444, 0.818181818182, 1.17597702, 1.00000000, 1.00000000, 1.00000000
0.444444444444, 0.828282828283, 1.18084175, 1.00000000, 1.00000000, 1.00000000
0.444444444444, 0.838383838384, 1.18497755, 1.00000000, 1.00000000, 1.00000000
0.444444444444, 0.848484848485, 1.18836765, 1.00000000, 1.00000000, 1.00000000
0.444444444444, 0.858585858586, 1.19099827, 1.00000000, 1.00000000, 1.00000000
0.444444444444, 0.868686868687, 1.19285870, 1.00000000, 1.00000000, 1.00000000
0.444444444444, 0.878787878788, 1.19394137, 1.00000000, 1.00000000, 1.00000000
0.444444444444, 0.888888888889, 1.19424181, 1.00000000, 1.00000000, 1.00000000
0.444444444444, 0.898989898990, 1.19375888, 1.00000000, 1.00000000, 1.00000000
0.444444444444, 0.909090909091, 1.19249459, 1.00000000, 1.00000000, 1.00000000
0.444444444444, 0.919191919192, 1.19045416, 1.00000000, 1.00000000, 1.00000000
0.444444444444, 0.929292929293, 1.18764602, 1.00000000, 1.00000000, 1.00000000
0.444444444444, 0.939393939394, 1.18408195, 1.00000000, 1.00000000, 1.00000000
0.444444444444, 0.949494949495, 1.17977777, 1.00000000, 1.00000000, 1.00000000
0.444444444444, 0.959595959596, 1.17475495, 1.00000000, 1.00000000, 1.00000000
0.454545454545, -0.000000000000, 1.13181734, 1.00000000, 1.00000000, 1.00000000
0.454545454545, 0.010101010101, 1.12332522, 1.00000000, 1.00000000, 1.00000000
0.454545454545, 0.020202020202, 1.11469227, 1.00000000, 1.00000000, 1.00000000
0.454545454545, 0.030303030303, 1.10589546, 1.00000000, 1.00000000, 1.00000000
0.454545454545, 0.040404040404, 1.09683026, 1.00000000, 1.00000000, 1.00000000
0.454545454545, 0.050505050505, 1.08735369, 1.00000000, 1.00000000, 1.00000000
0.454545454545, 0.060606060606, 1.07734718, 1.00000000, 1.00000000, 1.00000000
0.454545454545, 0.070707070707, 1.06676415, 1.00000000, 1.00000000, 1.00000000
0.454545454545, 0.080808080808, 1.05564024, 1.00000000, 1.00000000, 1.00000000
0.454545454545, 0.090909090909, 1.04406980, 1.00000000, 1.00000000, 1.00000000
0.454545454545, 0.101010101010, 1.03216994, 1.00000000, 1.00000000, 1.00000000
0.454545454545, 0.111111111111, 1.02005226, 1.00000000, 1.00000000, 1.00000000
0.454545454545, 0.121212121212, 1.00781021, 1.00000000, 1.00000000, 1.00000000
0.454545454545, 0.131313131313, 0.99551893, 1.00000000, 1.00000000, 1.00000000
0.454545454545, 0.141414141414, 0.98324059, 1.00000000, 1.00000000, 1.00000000
0.454545454545, 0.151515151515, 0.97102996, 1.00000000, 1.00000000, 1.00000000
0.454545454545, 0.161616161616, 0.95893812, 1.00000000, 1.00000000, 1.00000000
0.454545454545, 0.171717171717, 0.94701432, 1.00000000, 1.00000000, 1.00000000
0.454545454545, 0.181818181818, 0.93530665, 1.00000000, 1.00000000, 1.00000000
0.454545454545, 0.191919191919, 0.92386215, 1.00000000, 1.00000000, 1.00000000
0.454545454545, 0.202020202020, 0.91272674, 1.00000000, 1.00000000, 1.00000000
0.454545454545, 0.212121212121, 0.90194504, 1.00000000, 1.00000000, 1.00000000
0.454545454545, 0.222222222222, 0.89156023, 1.00000000, 1.00000000, 1.00000000
0.454545454545, 0.232323232323, 0.88161386, 1.00000000, 1.00000000, 1.00000000
0.454545454545, 0.242424242424, 0.87214566, 1.00000000, 1.00000000, 1.00000000
0.454545454545, 0.252525252525, 0.86319346, 1.00000000, 1.00000000, 1.00000000
0.454545454545, 0.262626262626, 0.85479295, 1.00000000, 1.00000000, 1.00000000
0.454545454545, 0.272727272727, 0.84697763, 1.00000000, 1.00000000, 1.00000000
0.454545454545, 0.282828282828, 0.83977863, 1.00000000, 1.00000000, 1.00000000
0.454545454545, 0.292929292929, 0.83322458, 1.00000000, 1.00000000, 1.00000000
0.454545454545, 0.303030303030, 0.82734158, 1.00000000, 1.00000000, 1.00000000
0.454545454545, 0.313131313131, 0.82215301, 1.00000000, 1.00000000, 1.00000000
0.454545454545, 0.323232323232, 0.81767950, 1.00000000, 1.00000000, 1.00000000
0.454545454545, 0.333333333333, 0.81393886, 1.00000000, 1.00000000, 1.00000000
0.454545454545, 0.343434343434, 0.81094597, 1.00000000, 1.00000000, 1.00000000
0.454545454545, 0.353535353535, 0.80871279, 1.00000000, 1.00000000, 1.00000000
0.454545454545, 0.363636363636, 0.80724827, 1.00000000, 1.00000000, 1.00000000
0.454545454545, 0.373737373737, 0.80655834, 1.00000000, 1.00000000, 1.00000000
0.454545454545, 0.383838383838, 0.80664580, 1.00000000, 1.00000000, 1.00000000
0.454545454545, 0.393939393939, 0.80751023, 1.00000000, 1.00000000, 1.00000000
0.454545454545, 0.404040404040, 0.80914816, 1.00000000, 1.00000000, 1.00000000
0.454545454545, 0.414141414141, 0.81155304, 1.00000000, 1.00000000, 1.00000000
0.454545454545, 0.424242424242, 0.81471533, 1.00000000, 1.00000000, 1.00000000
0.454545454545, 0.434343434343, 0.81862248, 1.00000000, 1.00000000, 1.00000000
0.454545454545, 0.444444444444, 0.82325900, 1.00000000, 1.00000000, 1.00000000
0.454545454545, 0.454545454545, 0.82860648, 1.00000000, 1.00000000, 1.00000000
0.454545454545, 0.464646464646, 0.83464370, 1.00000000, 1.00000000, 1.00000000
0.454545454545, 0.474747474747, 0.84134669, 1.00000000, 1.00000000, 1.00000000
0.454545454545, 0.484848484848, 0.84868878, 1.00000000, 1.00000000, 1.00000000
0.454545454545, 0.494949494949, 0.85664076, 1.00000000, 1.00000000, 1.00000000
0.454545454545, 0.505050505051, 0.86517094, 1.00000000, 1.00000000, 1.00000000
0.454545454545, 0.515151515152, 0.87424531, 1.00000000, 1.00000000, 1.00000000
0.454545454545, 0.525252525253, 0.88382763, 1.00000000, 1.00000000, 1.00000000
0.454545454545, 0.535353535354, 0.89387962, 1.00000000, 1.00000000, 1.00000000
0.454545454545, 0.545454545455, 0.90436106, 1.00000000, 1.00000000, 1.00000000
0.454545454545, 0.555555555556, 0.91522997, 1.00000000, 1.00000000, 1.00000000
0.454545454545, 0.565656565657, 0.92644279, 1.00000000, 1.00000000, 1.00000000
0.454545454545, 0.575757575758, 0.93795453, 1.00000000, 1.00000000, 1.00000000
0.454545454545, 0.585858585859, 0.94971895, 1.00000000, 1.00000000, 1.00000000
0.454545454545, 0.595959595960, 0.96168876, 1.00000000, 1.00000000, 1.00000000
0.454545454545, 0.606060606061, 0.97381583, 1.00000000, 1.00000000, 1.00000000
0.454545454545, 0.616161616162, 0.98605131, 1.00000000, 1.00000000, 1.00000000
0.454545454545, 0.626262626263, 0.99834592, 1.00000000, 1.00000000, 1.00000000
0.454545454545, 0.636363636364, 1.01065009, 1.00000000, 1.00000000, 1.00000000
0.454545454545, 0.646464646465, 1.02291418, 1.00000000, 1.00000000, 1.00000000
0.454545454545, 0.656565656566, 1.03508868, 1.00000000, 1.00000000, 1.00000000
0.454545454545, 0.666666666667, 1.04712443, 1.00000000, 1.00000000, 1.00000000
0.454545454545, 0.676767676768, 1.05897279, 1.00000000, 1.00000000, 1.00000000
0.454545454545, 0.686868686869, 1.07058585, 1.00000000, 1.00000000, 1.00000000
0.454545454545, 0.696969696970, 1.08191667, 1.00000000, 1.00000000, 1.00000000
0.454545454545, 0.707070707071, 1.09291938, 1.00000000, 1.00000000, 1.00000000
0.454545454545, 0.717171717172, 1.10354946, 1.00000000, 1.00000000, 1.00000000
0.454545454545, 0.727272727273, 1.11376388, 1.00000000, 1.00000000, 1.00000000
0.454545454545, 0.737373737374, 1.12352126, 1.00000000, 1.00000000, 1.00000000
0.454545454545, 0.747474747475, 1.13278208, 1.00000000, 1.00000000, 1.00000000
0.454545454545, 0.757575757576, 1.14150883, 1.00000000, 1.00000000, 1.00000000
0.454545454545, 0.767676767677, 1.14966614, 1.00000000, 1.00000000, 1.00000000
0.454545454545, 0.777777777778, 1.15722095, 1.00000000, 1.00000000, 1.00000000
0.454545454545, 0.787878787879, 1.16414262, 1.00000000, 1.00000000, 1.00000000
0.454545454545, 0.797979797980, 1.17040311, 1.00000000, 1.00000000, 1.00000000
0.454545454545, 0.808080808081, 1.17597702, 1.00000000, 1.00000000, 1.00000000
0.454545454545, 0.818181818182, 1.18084175, 1.00000000, 1.00000000, 1.00000000
0.454545454545, 0.828282828283, 1.18497755, 1.00000000, 1.00000000, 1.00000000
0.454545454545, 0.838383838384, 1.18836765, 1.00000000, 1.00000000, 1.00000000
0.454545454545, 0.848484848485, 1.19099827, 1.00000000, 1.00000000, 1.00000000
0.454545454545, 0.858585858586, 1.19285870, 1.00000000, 1.00000000, 1.00000000
0.454545454545, 0.868686868687, 1.19394137, 1.00000000, 1.00000000, 1.00000000
0.454545454545, 0.878787878788, 1.19424181, 1.00000000, 1.00000000, 1.00000000
0.454545454545, 0.888888888889, 1.19375887, 1.00000000, 1.00000000, 1.00000000
0.454545454545, 0.898989898990, 1.19249458, 1.00000000, 1.00000000, 1.00000000
0.454545454545, 0.909090909091, 1.19045413, 1.00000000, 1.00000000, 1.00000000
0.454545454545, 0.919191919192, 1.18764587, 1.00000000, 1.00000000, 1.00000000
0.454545454545, 0.929292929293, 1.18408133, 1.00000000, 1.00000000, 1.00000000
0.454545454545, 0.939393939394, 1.17977538, 1.00000000, 1.00000000, 1.00000000
0.454545454545, 0.949494949495, 1.17474689, 1.00000000, 1.00000000, 1.00000000
0.454545454545, 0.959595959596, 1.16902047, 1.00000000, 1.00000000, 1.00000000
0.464646464646, -0.000000000000, 1.12247721, 1.00000000, 1.00000000, 1.00000000
0.464646464646, 0.010101010101, 1.11352273, 1.00000000, 1.00000000, 1.00000000
0.464646464646, 0.020202020202, 1.10447356, 1.00000000, 1.00000000, 1.00000000
0.464646464646, 0.030303030303, 1.09530441, 1.00000000, 1.00000000, 1.00000000
0.464646464646, 0.040404040404, 1.08590644, 1.00000000, 1.00000000, 1.00000000
0.464646464646, 0.050505050505, 1.07613210, 1.00000000, 1.00000000, 1.00000000
0.464646464646, 0.060606060606, 1.06585988, 1.00000000, 1.00000000, 1.00000000
0.464646464646, 0.070707070707, 1.05504297, 1.00000000, 1.00000000, 1.00000000
0.464646464646, 0.080808080808, 1.04371933, 1.00000000, 1.00000000, 1.00000000
0.464646464646, 0.090909090909, 1.03198714, 1.00000000, 1.00000000, 1.00000000
0.464646464646, 0.101010101010, 1.01996750, 1.00000000, 1.00000000, 1.00000000
0.464646464646, 0.111111111111, 1.00777529, 1.00000000, 1.00000000, 1.00000000
0.464646464646, 0.121212121212, 0.99550616, 1.00000000, 1.00000000, 1.00000000
0.464646464646, 0.131313131313, 0.98323645, 1.00000000, 1.00000000, 1.00000000
0.464646464646, 0.141414141414, 0.97102877, 1.00000000, 1.00000000, 1.00000000
0.464646464646, 0.151515151515, 0.95893782, 1.00000000, 1.00000000, 1.00000000
0.464646464646, 0.161616161616, 0.94701426, 1.00000000, 1.00000000, 1.00000000
0.464646464646, 0.171717171717, 0.93530664, 1.00000000, 1.00000000, 1.00000000
0.464646464646, 0.181818181818, 0.92386215, 1.00000000, 1.00000000, 1.00000000
0.464646464646, 0.191919191919, 0.91272674, 1.00000000, 1.00000000, 1.00000000
0.464646464646, 0.202020202020, 0.90194504, 1.00000000, 1.00000000, 1.00000000
0.464646464646, 0.212121212121, 0.89156023, 1.00000000, 1.00000000, 1.00000000
0.464646464646, 0.222222222222, 0.88161386, 1.00000000, 1.00000000, 1.00000000
0.464646464646, 0.232323232323, 0.87214566, 1.00000000, 1.00000000, 1.00000000
0.464646464646, 0.242424242424, 0.86319346, 1.00000000, 1.00000000, 1.00000000
0.464646464646, 0.252525252525, 0.85479295, 1.00000000, 1.00000000, 1.00000000
0.464646464646, 0.262626262626, 0.84697763, 1.00000000, 1.00000000, 1.00000000
0.464646464646, 0.272727272727, 0.83977863, 1.00000000, 1.00000000, 1.00000000
0.464646464646, 0.282828282828, 0.83322458, 1.00000000, 1.00000000, 1.00000000
0.464646464646, 0.292929292929, 0.82734158, 1.00000000, 1.00000000, 1.00000000
0.464646464646, 0.303030303030, 0.82215301, 1.00000000, 1.00000000, 1.00000000
0.464646464646, 0.313131313131, 0.81767950, 1.00000000, 1.00000000, 1.00000000
0.464646464646, 0.323232323232, 0.81393886, 1.00000000, 1.00000000, 1.00000000
0.464646464646, 0.333333333333, 0.81094597, 1.00000000, 1.00000000, 1.00000000
0.464646464646, 0.343434343434, 0.80871279, 1.00000000, 1.00000000, 1.00000000
0.464646464646, 0.353535353535, 0.80724827, 1.00000000, 1.00000000, 1.00000000
0.464646464646, 0.363636363636, 0.80655834, 1.00000000, 1.00000000, 1.00000000
0.464646464646, 0.373737373737, 0.80664580, 1.00000000, 1.00000000, 1.00000000
0.464646464646, 0.383838383838, 0.80751023, 1.00000000, 1.00000000, 1.00000000
0.464646464646, 0.393939393939, 0.80914816, 1.00000000, 1.00000000, 1.00000000
0.464646464646, 0.404040404040, 0.81155304, 1.00000000, 1.00000000, 1.00000000
0.464646464646, 0.414141414141, 0.81471533, 1.00000000, 1.00000000, 1.00000000
0.464646464646, 0.424242424242, 0.81862248, 1.00000000, 1.00000000, 1.00000000
0.464646464646, 0.434343434343, 0.82325900, 1.00000000, 1.00000000, 1.00000000
0.464646464646, 0.444444444444, 0.82860648, 1.00000000, 1.00000000, 1.00000000
0.464646464646, 0.454545454545, 0.83464370, 1.00000000, 1.00000000, 1.00000000
0.464646464646, 0.464646464646, 0.84134669, 1.00000000, 1.00000000, 1.00000000
0.464646464646, 0.474747474747, 0.84868878, 1.00000000, 1.00000000, 1.00000000
0.464646464646, 0.484848484848, 0.85664076, 1.00000000, 1.00000000, 1.00000000
0.464646464646, 0.494949494949, 0.86517094, 1.00000000, 1.00000000, 1.00000000
0.464646464646, 0.505050505051, 0.87424531, 1.00000000, 1.00000000, 1.00000000
0.464646464646, 0.515151515152, 0.88382763, 1.00000000, 1.00000000, 1.00000000
0.464646464646, 0.525252525253, 0.89387962, 1.00000000, 1.00000000, 1.00000000
0.464646464646, 0.535353535354, 0.90436106, 1.00000000, 1.00000000, 1.00000000
0.464646464646, 0.545454545455, 0.91522997, 1.00000000, 1.00000000, 1.00000000
0.464646464646, 0.555555555556, 0.92644279, 1.00000000, 1.00000000, 1.00000000
0.464646464646, 0.565656565657, 0.93795453, 1.00000000, 1.00000000, 1.00000000
0.464646464646, 0.575757575758, 0.94971895, 1.00000000, 1.00000000, 1.00000000
0.464646464646, 0.585858585859, 0.96168876, 1.00000000, 1.00000000, 1.00000000
0.464646464646, 0.595959595960, 0.97381583, 1.00000000, 1.00000000, 1.00000000
0.464646464646, 0.606060606061, 0.98605131, 1.00000000, 1.00000000, 1.00000000
0.464646464646, 0.616161616162, 0.99834592, 1.00000000, 1.00000000, 1.00000000
0.464646464646, 0.626262626263, 1.01065009, 1.00000000, 1.00000000, 1.00000000
0.464646464646, 0.636363636364, 1.02291418, 1.00000000, 1.00000000, 1.00000000
0.464646464646, 0.646464646465, 1.03508868, 1.00000000, 1.00000000, 1.00000000
0.464646464646, 0.656565656566, 1.04712443, 1.00000000, 1.00000000, 1.00000000
0.464646464646, 0.666666666667, 1.05897279, 1.00000000, 1.00000000, 1.00000000
0.464646464646, 0.676767676768, 1.07058585, 1.00000000, 1.00000000, 1.00000000
0.464646464646, 0.686868686869, 1.08191667, 1.00000000, 1.00000000, 1.00000000
0.464646464646, 0.696969696970, 1.09291938, 1.00000000, 1.00000000, 1.00000000
0.464646464646, 0.707070707071, 1.10354946, 1.00000000, 1.00000000, 1.00000000
0.464646464646, 0.717171717172, 1.11376388, 1.00000000, 1.00000000, 1.00000000
0.464646464646, 0.727272727273, 1.12352126, 1.00000000, 1.00000000, 1.00000000
0.464646464646, 0.737373737374, 1.13278208, 1.00000000, 1.00000000, 1.00000000
0.464646464646, 0.747474747475, 1.14150883, 1.00000000, 1.00000000, 1.00000000
0.464646464646, 0.757575757576, 1.14966614, 1.00000000, 1.00000000, 1.00000000
0.464646464646, 0.767676767677, 1.15722095, 1.00000000, 1.00000000, 1.00000000
0.464646464646, 0.777777777778, 1.16414262, 1.00000000, 1.00000000, 1.00000000
0.464646464646, 0.787878787879, 1.17040311, 1.00000000, 1.00000000, 1.00000000
0.464646464646, 0.797979797980, 1.17597702, 1.00000000, 1.00000000, 1.00000000
0.464646464646, 0.808080808081, 1.18084175, 1.00000000, 1.00000000, 1.00000000
0.464646464646, 0.818181818182, 1.18497755, 1.00000000, 1.00000000, 1.00000000
0.464646464646, 0.828282828283, 1.18836765, 1.00000000, 1.00000000, 1.00000000
0.464646464646, 0.838383838384, 1.19099827, 1.00000000, 1.00000000, 1.00000000
0.464646464646, 0.848484848485, 1.19285870, 1.00000000, 1.00000000, 1.00000000
0.464646464646, 0.858585858586, 1.19394137, 1.00000000, 1.00000000, 1.00000000
0.464646464646, 0.868686868687, 1.19424181, 1.00000000, 1.00000000, 1.00000000
0.464646464646, 0.878787878788, 1.19375887, 1.00000000, 1.00000000, 1.00000000
0.464646464646, 0.888888888889, 1.19249458, 1.00000000, 1.00000000, 1.00000000
0.464646464646, 0.898989898990, 1.19045413, 1.00000000, 1.00000000, 1.00000000
0.464646464646, 0.909090909091, 1.18764584, 1.00000000, 1.00000000, 1.00000000
0.464646464646, 0.919191919192, 1.18408117, 1.00000000, 1.00000000, 1.00000000
0.464646464646, 0.929292929293, 1.17977471, 1.00000000, 1.00000000, 1.00000000
0.464646464646, 0.939393939394, 1.17474437, 1.00000000, 1.00000000, 1.00000000
0.464646464646, 0.949494949495, 1.16901200, 1.00000000, 1.00000000, 1.00000000
0.464646464646, 0.959595959596, 1.16260523, 1.00000000, 1.00000000, 1.00000000
0.474747474747, -0.000000000000, 1.11264536, 1.00000000, 1.00000000, 1.00000000
0.474747474747, 0.010101010101, 1.10326478, 1.00000000, 1.00000000, 1.00000000
0.474747474747, 0.020202020202, 1.09383589, 1.00000000, 1.00000000, 1.00000000
0.474747474747, 0.030303030303, 1.08433129, 1.00000000, 1.00000000, 1.00000000
0.474747474747, 0.040404040404, 1.07463833, 1.00000000, 1.00000000, 1.00000000
0.474747474747, 0.050505050505, 1.06460560, 1.00000000, 1.00000000, 1.00000000
0.474747474747, 0.060606060606, 1.05410914, 1.00000000, 1.00000000, 1.00000000
0.474747474747, 0.070707070707, 1.04310213, 1.00000000, 1.00000000, 1.00000000
0.474747474747, 0.080808080808, 1.03162464, 1.00000000, 1.00000000, 1.00000000
0.474747474747, 0.090909090909, 1.01977820, 1.00000000, 1.00000000, 1.00000000
0.474747474747, 0.101010101010, 1.00768739, 1.00000000, 1.00000000, 1.00000000
0.474747474747, 0.111111111111, 0.99546988, 1.00000000, 1.00000000, 1.00000000
0.474747474747, 0.121212121212, 0.98322315, 1.00000000, 1.00000000, 1.00000000
0.474747474747, 0.131313131313, 0.97102445, 1.00000000, 1.00000000, 1.00000000
0.474747474747, 0.141414141414, 0.95893658, 1.00000000, 1.00000000, 1.00000000
0.474747474747, 0.151515151515, 0.94701394, 1.00000000, 1.00000000, 1.00000000
0.474747474747, 0.161616161616, 0.93530657, 1.00000000, 1.00000000, 1.00000000
0.474747474747, 0.171717171717, 0.92386213, 1.00000000, 1.00000000, 1.00000000
0.474747474747, 0.181818181818, 0.91272673, 1.00000000, 1.00000000, 1.00000000
0.474747474747, 0.191919191919, 0.90194504, 1.00000000, 1.00000000, 1.00000000
0.474747474747, 0.202020202020, 0.89156023, 1.00000000, 1.00000000, 1.00000000
0.474747474747, 0.212121212121, 0.88161386, 1.00000000, 1.00000000, 1.00000000
0.474747474747, 0.222222222222, 0.87214566, 1.00000000, 1.00000000, 1.00000000
0.474747474747, 0.232323232323, 0.86319346, 1.00000000, 1.00000000, 1.00000000
0.474747474747, 0.242424242424, 0.85479295, 1.00000000, 1.00000000, 1.00000000
0.474747474747, 0.252525252525, 0.84697763, 1.00000000, 1.00000000, 1.00000000
0.474747474747, 0.262626262626, 0.83977863, 1.00000000, 1.00000000, 1.00000000
0.474747474747, 0.272727272727, 0.83322458, 1.00000000, 1.00000000, 1.00000000
0.474747474747, 0.282828282828, 0.82734158, 1.00000000, 1.00000000, 1.00000000
0.474747474747, 0.292929292929, 0.82215301, 1.00000000, 1.00000000, 1.00000000
0.474747474747, 0.303030303030, 0.81767950, 1.00000000, 1.00000000, 1.00000000
0.474747474747, 0.313131313131, 0.81393886, 1.00000000, 1.00000000, 1.00000000
0.474747474747, 0.323232323232, 0.81094597, 1.00000000, 1.00000000, 1.00000000
0.474747474747, 0.333333333333, 0.80871279, 1.00000000, 1.00000000, 1.00000000
0.474747474747, 0.343434343434, 0.80724827, 1.00000000, 1.00000000, 1.00000000
0.474747474747, 0.353535353535, 0.80655834, 1.00000000, 1.00000000, 1.00000000
0.474747474747, 0.363636363636, 0.80664580, 1.00000000, 1.00000000, 1.00000000
0.474747474747, 0.373737373737, 0.80751023, 1.00000000, 1.00000000, 1.00000000
0.474747474747, 0.383838383838, 0.80914816, 1.00000000, 1.00000000, 1.00000000
0.474747474747, 0.393939393939, 0.81155304, 1.00000000, 1.00000000, 1.00000000
0.474747474747, 0.404040404040, 0.81471533, 1.00000000, 1.00000000, 1.00000000
0.474747474747, 0.414141414141, 0.81862248, 1.00000000, 1.00000000, 1.00000000
0.474747474747, 0.424242424242, 0.82325900, 1.00000000, 1.00000000, 1.00000000
0.474747474747, 0.434343434343, 0.82860648, 1.00000000, 1.00000000, 1.00000000
0.474747474747, 0.444444444444, 0.83464370, 1.00000000, 1.00000000, 1.00000000
0.474747474747, 0.454545454545, 0.84134669, 1.00000000, 1.00000000, 1.00000000
0.474747474747, 0.464646464646, 0.84868878, 1.00000000, 1.00000000, 1.00000000
0.474747474747, 0.474747474747, 0.85664076, 1.00000000, 1.00000000, 1.00000000
0.474747474747, 0.484848484848, 0.86517094, 1.00000000, 1.00000000, 1.00000000
0.474747474747, 0.494949494949, 0.87424531, 1.00000000, 1.00000000, 1.00000000
0.474747474747, 0.505050505051, 0.88382763, 1.00000000, 1.00000000, 1.00000000
0.474747474747, 0.515151515152, 0.89387962, 1.00000000, 1.00000000, 1.00000000
0.474747474747, 0.525252525253, 0.90436106, 1.00000000, 1.00000000, 1.00000000
0.474747474747, 0.535353535354, 0.91522997, 1.00000000, 1.00000000, 1.00000000
0.474747474747, 0.545454545455, 0.92644279, 1.00000000, 1.00000000, 1.00000000
0.474747474747, 0.555555555556, 0.93795453, 1.00000000, 1.00000000, 1.00000000
0.474747474747, 0.565656565657, 0.94971895, 1.00000000, 1.00000000, 1.00000000
0.474747474747, 0.575757575758, 0.96168876, 1.00000000, 1.00000000, 1.00000000
0.474747474747, 0.585858585859, 0.97381583, 1.00000000, 1.00000000, 1.00000000
0.474747474747, 0.595959595960, 0.98605131, 1.00000000, 1.00000000, 1.00000000
0.474747474747, 0.606060606061, 0.99834592, 1.00000000, 1.00000000, 1.00000000
0.474747474747, 0.616161616162, 1.01065009, 1.00000000, 1.00000000, 1.00000000
0.474747474747, 0.626262626263, 1.02291418, 1.00000000, 1.00000000, 1.00000000
0.474747474747, 0.636363636364, 1.03508868, 1.00000000, 1.00000000, 1.00000000
0.474747474747, 0.646464646465, 1.04712443, 1.00000000, 1.00000000, 1.00000000
0.474747474747, 0.656565656566, 1.05897279, 1.00000000, 1.00000000, 1.00000000
0.474747474747, 0.666666666667, 1.07058585, 1.00000000, 1.00000000, 1.00000000
0.474747474747, 0.676767676768, 1.08191667, 1.00000000, 1.00000000, 1.00000000
0.474747474747, 0.686868686869, 1.09291938, 1.00000000, 1.00000000, 1.00000000
0.474747474747, 0.696969696970, 1.10354946, 1.00000000, 1.00000000, 1.00000000
0.474747474747, 0.707070707071, 1.11376388, 1.00000000, 1.00000000, 1.00000000
0.474747474747, 0.717171717172, 1.12352126, 1.00000000, 1.00000000, 1.00000000
0.474747474747, 0.727272727273, 1.13278208, 1.00000000, 1.00000000, 1.00000000
0.474747474747, 0.737373737374, 1.14150883, 1.00000000, 1.00000000, 1.00000000
0.474747474747, 0.747474747475, 1.14966614, 1.00000000, 1.00000000, 1.00000000
0.474747474747, 0.757575757576, 1.15722095, 1.00000000, 1.00000000, 1.00000000
0.474747474747, 0.767676767677, 1.16414262, 1.00000000, 1.00000000, 1.00000000
0.474747474747, 0.777777777778, 1.17040311, 1.00000000, 1.00000000, 1.00000000
0.474747474747, 0.787878787879, 1.17597702, 1.00000000, 1.00000000, 1.00000000
0.474747474747, 0.797979797980, 1.18084175, 1.00000000, 1.00000000, 1.00000000
0.474747474747, 0.808080808081, 1.18497755, 1.00000000, 1.00000000, 1.00000000
0.474747474747, 0.818181818182, 1.18836765, 1.00000000, 1.00000000, 1.00000000
0.474747474747, 0.828282828283, 1.19099827, 1.00000000, 1.00000000, 1.00000000
0.474747474747, 0.838383838384, 1.19285870, 1.00000000, 1.00000000, 1.00000000
0.474747474747, 0.848484848485, 1.19394137, 1.00000000, 1.00000000, 1.00000000
0.474747474747, 0.858585858586, 1.19424181, 1.00000000, 1.00000000, 1.00000000
0.474747474747, 0.868686868687, 1.19375887, 1.00000000, 1.00000000, 1.00000000
0.474747474747, 0.878787878788, 1.19249458, 1.00000000, 1.00000000, 1.00000000
0.474747474747, 0.888888888889, 1.19045413, 1.00000000, 1.00000000, 1.00000000
0.474747474747, 0.898989898990, 1.18764583, 1.00000000, 1.00000000, 1.00000000
0.474747474747, 0.909090909091, 1.18408114, 1.00000000, 1.00000000, 1.00000000
0.474747474747, 0.919191919192, 1.17977455, 1.00000000, 1.00000000, 1.00000000
0.474747474747, 0.929292929293, 1.17474367, 1.00000000, 1.00000000, 1.00000000
0.474747474747, 0.939393939394, 1.16900936, 1.00000000, 1.00000000, 1.00000000
0.474747474747, 0.949494949495, 1.16259637, 1.00000000, 1.00000000, 1.00000000
0.474747474747, 0.959595959596, 1.15553526, 1.00000000, 1.00000000, 1.00000000
0.484848484848, -0.000000000000, 1.10236160, 1.00000000, 1.00000000, 1.00000000
0.484848484848, 0.010101010101, 1.09259288, 1.00000000, 1.00000000, 1.00000000
0.484848484848, 0.020202020202, 1.08282230, 1.00000000, 1.00000000, 1.00000000
0.484848484848, 0.030303030303, 1.07302049, 1.00000000, 1.00000000, 1.00000000
0.484848484848, 0.040404040404, 1.06307153, 1.00000000, 1.00000000, 1.00000000
0.484848484848, 0.050505050505, 1.05282080, 1.00000000, 1.00000000, 1.00000000
0.484848484848, 0.060606060606, 1.04214250, 1.00000000, 1.00000000, 1.00000000
0.484848484848, 0.070707070707, 1.03098991, 1.00000000, 1.00000000, 1.00000000
0.484848484848, 0.080808080808, 1.01940503, 1.00000000, 1.00000000, 1.00000000
0.484848484848, 0.090909090909, 1.00749227, 1.00000000, 1.00000000, 1.00000000
0.484848484848, 0.101010101010, 0.99537914, 1.00000000, 1.00000000, 1.00000000
0.484848484848, 0.111111111111, 0.98318564, 1.00000000, 1.00000000, 1.00000000
0.484848484848, 0.121212121212, 0.97101068, 1.00000000, 1.00000000, 1.00000000
0.484848484848, 0.131313131313, 0.95893210, 1.00000000, 1.00000000, 1.00000000
0.484848484848, 0.141414141414, 0.94701265, 1.00000000, 1.00000000, 1.00000000
0.484848484848, 0.151515151515, 0.93530624, 1.00000000, 1.00000000, 1.00000000
0.484848484848, 0.161616161616, 0.92386206, 1.00000000, 1.00000000, 1.00000000
0.484848484848, 0.171717171717, 0.91272672, 1.00000000, 1.00000000, 1.00000000
0.484848484848, 0.181818181818, 0.90194504, 1.00000000, 1.00000000, 1.00000000
0.484848484848, 0.191919191919, 0.89156023, 1.00000000, 1.00000000, 1.00000000
0.484848484848, 0.202020202020, 0.88161386, 1.00000000, 1.00000000, 1.00000000
0.484848484848, 0.212121212121, 0.87214566, 1.00000000, 1.00000000, 1.00000000
0.484848484848, 0.222222222222, 0.86319346, 1.00000000, 1.00000000, 1.00000000
0.484848484848, 0.232323232323, 0.85479295, 1.00000000, 1.00000000, 1.00000000
0.484848484848, 0.242424242424, 0.84697763, 1.00000000, 1.00000000, 1.00000000
0.484848484848, 0.252525252525, 0.83977863, 1.00000000, 1.00000000, 1.00000000
0.484848484848, 0.262626262626, 0.83322458, 1.00000000, 1.00000000, 1.00000000
0.484848484848, 0.272727272727, 0.82734158, 1.00000000, 1.00000000, 1.00000000
0.484848484848, 0.282828282828, 0.82215301, 1.00000000, 1.00000000, 1.00000000
0.484848484848, 0.292929292929, 0.81767950, 1.00000000, 1.00000000, 1.00000000
0.484848484848, 0.303030303030, 0.81393886, 1.00000000, 1.00000000, 1.00000000
0.484848484848, 0.313131313131, 0.81094597, 1.00000000, 1.00000000, 1.00000000
0.484848484848, 0.323232323232, 0.80871279, 1.00000000, 1.00000000, 1.00000000
0.484848484848, 0.333333333333, 0.80724827, 1.00000000, 1.00000000, 1.00000000
0.484848484848, 0.343434343434, 0.80655834, 1.00000000, 1.00000000, 1.00000000
0.484848484848, 0.353535353535, 0.80664580, 1.00000000, 1.00000000, 1.00000000
0.484848484848, 0.363636363636, 0.80751023, 1.00000000, 1.00000000, 1.00000000
0.484848484848, 0.373737373737, 0.80914816, 1.00000000, 1.00000000, 1.00000000
0.484848484848, 0.383838383838, 0.81155304, 1.00000000, 1.00000000, 1.00000000
0.484848484848, 0.393939393939, 0.81471533, 1.00000000, 1.00000000, 1.00000000
0.484848484848, 0.404040404040, 0.81862248, 1.00000000, 1.00000000, 1.00000000
0.484848484848, 0.414141414141, 0.82325900, 1.00000000, 1.00000000, 1.00000000
0.484848484848, 0.424242424242, 0.82860648, 1.00000000, 1.00000000, 1.00000000
0.484848484848, 0.434343434343, 0.83464370, 1.00000000, 1.00000000, 1.00000000
0.484848484848, 0.444444444444, 0.84134669, 1.00000000, 1.00000000, 1.00000000
0.484848484848, 0.454545454545, 0.84868878, 1.00000000, 1.00000000, 1.00000000
0.484848484848, 0.464646464646, 0.85664076, 1.00000000, 1.00000000, 1.00000000
0.484848484848, 0.474747474747, 0.86517094, 1.00000000, 1.00000000, 1.00000000
0.484848484848, 0.484848484848, 0.87424531, 1.00000000, 1.00000000, 1.00000000
0.484848484848, 0.494949494949, 0.88382763, 1.00000000, 1.00000000, 1.00000000
0.484848484848, 0.505050505051, 0.89387962, 1.00000000, 1.00000000, 1.00000000
0.484848484848, 0.515151515152, 0.90436106, 1.00000000, 1.00000000, 1.00000000
0.484848484848, 0.525252525253, 0.91522997, 1.00000000, 1.00000000, 1.00000000
0.484848484848, 0.535353535354, 0.92644279, 1.00000000, 1.00000000, 1.00000000
0.484848484848, 0.545454545455, 0.93795453, 1.00000000, 1.00000000, 1.00000000
0.484848484848, 0.555555555556, 0.94971895, 1.00000000, 1.00000000, 1.00000000
0.484848484848, 0.565656565657, 0.96168876, 1.00000000, 1.00000000, 1.00000000
0.484848484848, 0.575757575758, 0.97381583, 1.00000000, 1.00000000, 1.00000000
0.484848484848, 0.585858585859, 0.98605131, 1.00000000, 1.00000000, 1.00000000
0.484848484848, 0.595959595960, 0.99834592, 1.00000000, 1.00000000, 1.00000000
0.484848484848, 0.606060606061, 1.01065009, 1.00000000, 1.00000000, 1.00000000
0.484848484848, 0.616161616162, 1.02291418, 1.00000000, 1.00000000, 1.00000000
0.484848484848, 0.626262626263, 1.03508868, 1.00000000, 1.00000000, 1.00000000
0.484848484848, 0.636363636364, 1.04712443, 1.00000000, 1.00000000, 1.00000000
0.484848484848, 0.646464646465, 1.05897279, 1.00000000, 1.00000000, 1.00000000
0.484848484848, 0.656565656566, 1.07058585, 1.00000000, 1.00000000, 1.00000000
0.484848484848, 0.666666666667, 1.08191667, 1.00000000, 1.00000000, 1.00000000
0.484848484848, 0.676767676768, 1.09291938, 1.00000000, 1.00000000, 1.00000000
0.484848484848, 0.686868686869, 1.10354946, 1.00000000, 1.00000000, 1.00000000
0.484848484848, 0.696969696970, 1.11376388, 1.00000000, 1.00000000, 1.00000000
0.484848484848, 0.707070707071, 1.12352126, 1.00000000, 1.00000000, 1.00000000
0.484848484848, 0.717171717172, 1.13278208, 1.00000000, 1.00000000, 1.00000000
0.484848484848, 0.727272727273, 1.14150883, 1.00000000, 1.00000000, 1.00000000
0.484848484848, 0.737373737374, 1.14966614, 1.00000000, 1.00000000, 1.00000000
0.484848484848, 0.747474747475, 1.15722095, 1.00000000, 1.00000000, 1.00000000
0.484848484848, 0.757575757576, 1.16414262, 1.00000000, 1.00000000, 1.00000000
0.484848484848, 0.767676767677, 1.17040311, 1.00000000, 1.00000000, 1.00000000
0.484848484848, 0.777777777778, 1.17597702, 1.00000000, 1.00000000, 1.00000000
0.484848484848, 0.787878787879, 1.18084175, 1.00000000, 1.00000000, 1.00000000
0.484848484848, 0.797979797980, 1.18497755, 1.00000000, 1.00000000, 1.00000000
0.484848484848, 0.808080808081, 1.18836765, 1.00000000, 1.00000000, 1.00000000
0.484848484848, 0.818181818182, 1.19099827, 1.00000000, 1.00000000, 1.00000000
0.484848484848, 0.828282828283, 1.19285870, 1.00000000, 1.00000000, 1.00000000
0.484848484848, 0.838383838384, 1.19394137, 1.00000000, 1.00000000, 1.00000000
0.484848484848, 0.848484848485, 1.19424181, 1.00000000, 1.00000000, 1.00000000
0.484848484848, 0.858585858586, 1.19375887, 1.00000000, 1.00000000, 1.00000000
0.484848484848, 0.868686868687, 1.19249458, 1.00000000, 1.00000000, 1.00000000
0.484848484848, 0.878787878788, 1.19045413, 1.00000000, 1.00000000, 1.00000000
0.484848484848, 0.888888888889, 1.18764583, 1.00000000, 1.00000000, 1.00000000
0.484848484848, 0.898989898990, 1.18408113, 1.00000000, 1.00000000, 1.00000000
0.484848484848, 0.909090909091, 1.17977452, 1.00000000, 1.00000000, 1.00000000
0.484848484848, 0.919191919192, 1.17474350, 1.00000000, 1.00000000, 1.00000000
0.484848484848, 0.929292929293, 1.16900863, 1.00000000, 1.00000000, 1.00000000
0.484848484848, 0.939393939394, 1.16259361, 1.00000000, 1.00000000, 1.00000000
0.484848484848, 0.949494949495, 1.15552604, 1.00000000, 1.00000000, 1.00000000
0.484848484848, 0.959595959596, 1.14783923, 1.00000000, 1.00000000, 1.00000000
0.494949494949, -0.000000000000, 1.09166753, 1.00000000, 1.00000000, 1.00000000
0.494949494949, 0.010101010101, 1.08155017, 1.00000000, 1.00000000, 1.00000000
0.494949494949, 0.020202020202, 1.07147733, 1.00000000, 1.00000000, 1.00000000
0.494949494949, 0.030303030303, 1.06141775, 1.00000000, 1.00000000, 1.00000000
0.494949494949, 0.040404040404, 1.05125281, 1.00000000, 1.00000000, 1.00000000
0.494949494949, 0.050505050505, 1.04082538, 1.00000000, 1.00000000, 1.00000000
0.494949494949, 0.060606060606, 1.03000834, 1.00000000, 1.00000000, 1.00000000
0.494949494949, 0.070707070707, 1.01875526, 1.00000000, 1.00000000, 1.00000000
0.494949494949, 0.080808080808, 1.00710985, 1.00000000, 1.00000000, 1.00000000
0.494949494949, 0.090909090909, 0.99517892, 1.00000000, 1.00000000, 1.00000000
0.494949494949, 0.101010101010, 0.98309238, 1.00000000, 1.00000000, 1.00000000
0.494949494949, 0.111111111111, 0.97097205, 1.00000000, 1.00000000, 1.00000000
0.494949494949, 0.121212121212, 0.95891789, 1.00000000, 1.00000000, 1.00000000
0.494949494949, 0.131313131313, 0.94700802, 1.00000000, 1.00000000, 1.00000000
0.494949494949, 0.141414141414, 0.93530490, 1.00000000, 1.00000000, 1.00000000
0.494949494949, 0.151515151515, 0.92386172, 1.00000000, 1.00000000, 1.00000000
0.494949494949, 0.161616161616, 0.91272664, 1.00000000, 1.00000000, 1.00000000
0.494949494949, 0.171717171717, 0.90194502, 1.00000000, 1.00000000, 1.00000000
0.494949494949, 0.181818181818, 0.89156023, 1.00000000, 1.00000000, 1.00000000
0.494949494949, 0.191919191919, 0.88161385, 1.00000000, 1.00000000, 1.00000000
0.494949494949, 0.202020202020, 0.87214566, 1.00000000, 1.00000000, 1.00000000
0.494949494949, 0.212121212121, 0.86319346, 1.00000000, 1.00000000, 1.00000000
0.494949494949, 0.222222222222, 0.85479295, 1.00000000, 1.00000000, 1.00000000
0.494949494949, 0.232323232323, 0.84697763, 1.00000000, 1.00000000, 1.00000000
0.494949494949, 0.242424242424, 0.83977863, 1.00000000, 1.00000000, 1.00000000
0.494949494949, 0.252525252525, 0.83322458, 1.00000000, 1.00000000, 1.00000000
0.494949494949, 0.262626262626, 0.82734158, 1.00000000, 1.00000000, 1.00000000
0.494949494949, 0.272727272727, 0.82215301, 1.00000000, 1.00000000, 1.00000000
0.494949494949, 0.282828282828, 0.81767950, 1.00000000, 1.00000000, 1.00000000
0.494949494949, 0.292929292929, 0.81393886, 1.00000000, 1.00000000, 1.00000000
0.494949494949, 0.303030303030, 0.81094597, 1.00000000, 1.00000000, 1.00000000
0.494949494949, 0.313131313131, 0.80871279, 1.00000000, 1.00000000, 1.00000000
0.494949494949, 0.323232323232, 0.80724827, 1.00000000, 1.00000000, 1.00000000
0.494949494949, 0.333333333333, 0.80655834, 1.00000000, 1.00000000, 1.00000000
0.494949494949, 0.343434343434, 0.80664580, 1.00000000, 1.00000000, 1.00000000
0.494949494949, 0.353535353535, 0.80751023, 1.00000000, 1.00000000, 1.00000000
0.494949494949, 0.363636363636, 0.80914816, 1.00000000, 1.00000000, 1.00000000
0.494949494949, 0.373737373737, 0.81155304, 1.00000000, 1.00000000, 1.00000000
0.494949494949, 0.383838383838, 0.81471533, 1.00000000, 1.00000000, 1.00000000
0.494949494949, 0.393939393939, 0.81862248, 1.00000000, 1.00000000, 1.00000000
0.494949494949, 0.404040404040, 0.82325900, 1.00000000, 1.00000000, 1.00000000
0.494949494949, 0.414141414141, 0.82860648, 1.00000000, 1.00000000, 1.00000000
0.494949494949, 0.424242424242, 0.83464370, 1.00000000, 1.00000000, 1.00000000
0.494949494949, 0.434343434343, 0.84134669, 1.00000000, 1.00000000, 1.00000000
0.494949494949, 0.444444444444, 0.84868878, 1.00000000, 1.00000000, 1.00000000
0.494949494949, 0.454545454545, 0.85664076, 1.00000000, 1.00000000, 1.00000000
0.494949494949, 0.464646464646, 0.86517094, 1.00000000, 1.00000000, 1.00000000
0.494949494949, 0.474747474747, 0.87424531, 1.00000000, 1.00000000, 1.00000000
0.494949494949, 0.484848484848, 0.88382763, 1.00000000, 1.00000000, 1.00000000
0.494949494949, 0.494949494949, 0.89387962, 1.00000000, 1.00000000, 1.00000000
0.494949494949, 0.505050505051, 0.90436106, 1.00000000, 1.00000000, 1.00000000
0.494949494949, 0.515151515152, 0.91522997, 1.00000000, 1.00000000, 1.00000000
0.494949494949, 0.525252525253, 0.92644279, 1.00000000, 1.00000000, 1.00000000
0.494949494949, 0.535353535354, 0.93795453, 1.00000000, 1.00000000, 1.00000000
0.494949494949, 0.545454545455, 0.94971895, 1.00000000, 1.00000000, 1.00000000
0.494949494949, 0.555555555556, 0.96168876, 1.00000000, 1.00000000, 1.00000000
0.494949494949, 0.565656565657, 0.97381583, 1.00000000, 1.00000000, 1.00000000
0.494949494949, 0.575757575758, 0.98605131, 1.00000000, 1.00000000, 1.00000000
0.494949494949, 0.585858585859, 0.99834592, 1.00000000, 1.00000000, 1.00000000
0.494949494949, 0.595959595960, 1.01065009, 1.00000000, 1.00000000, 1.00000000
0.494949494949, 0.606060606061, 1.02291418, 1.00000000, 1.00000000, 1.00000000
0.494949494949, 0.616161616162, 1.03508868, 1.00000000, 1.00000000, 1.00000000
0.494949494949, 0.626262626263, 1.04712443, 1.00000000, 1.00000000, 1.00000000
0.494949494949, 0.636363636364, 1.05897279, 1.00000000, 1.00000000, 1.00000000
0.494949494949, 0.646464646465, 1.07058585, 1.00000000, 1.00000000, 1.00000000
0.494949494949, 0.656565656566, 1.08191667, 1.00000000, 1.00000000, 1.00000000
0.494949494949, 0.666666666667, 1.09291938, 1.00000000, 1.00000000, 1.00000000
0.494949494949, 0.676767676768, 1.10354946, 1.00000000, 1.00000000, 1.00000000
0.494949494949, 0.686868686869, 1.11376388, 1.00000000, 1.00000000, 1.00000000
0.494949494949, 0.696969696970, 1.12352126, 1.00000000, 1.00000000, 1.00000000
0.494949494949, 0.707070707071, 1.13278208, 1.00000000, 1.00000000, 1.00000000
0.494949494949, 0.717171717172, 1.14150883, 1.00000000, 1.00000000, 1.00000000
0.494949494949, 0.727272727273, 1.14966614, 1.00000000, 1.00000000, 1.00000000
0.494949494949, 0.737373737374, 1.15722095, 1.00000000, 1.00000000, 1.00000000
0.494949494949, 0.747474747475, 1.16414262, 1.00000000, 1.00000000, 1.00000000
0.494949494949, 0.757575757576, 1.17040311, 1.00000000, 1.00000000, 1.00000000
0.494949494949, 0.767676767677, 1.17597702, 1.00000000, 1.00000000, 1.00000000
0.494949494949, 0.777777777778, 1.18084175, 1.00000000, 1.00000000, 1.00000000
0.494949494949, 0.787878787879, 1.18497755, 1.00000000, 1.00000000, 1.00000000
0.494949494949, 0.797979797980, 1.18836765, 1.00000000, 1.00000000, 1.00000000
0.494949494949, 0.808080808081, 1.19099827, 1.00000000, 1.00000000, 1.00000000
0.494949494949, 0.818181818182, 1.19285870, 1.00000000, 1.00000000, 1.00000000
0.494949494949, 0.828282828283, 1.19394137, 1.00000000, 1.00000000, 1.00000000
0.494949494949, 0.838383838384, 1.19424181, 1.00000000, 1.00000000, 1.00000000
0.494949494949, 0.848484848485, 1.19375887, 1.00000000, 1.00000000, 1.00000000
0.494949494949, 0.858585858586, 1.19249458, 1.00000000, 1.00000000, 1.00000000
0.494949494949, 0.868686868687, 1.19045413, 1.00000000, 1.00000000, 1.00000000
0.494949494949, 0.878787878788, 1.18764583, 1.00000000, 1.00000000, 1.00000000
0.494949494949, 0.888888888889, 1.18408113, 1.00000000, 1.00000000, 1.00000000
0.494949494949, 0.898989898990, 1.17977451, 1.00000000, 1.00000000, 1.00000000
0.494949494949, 0.909090909091, 1.17474347, 1.00000000, 1.00000000, 1.00000000
0.494949494949, 0.919191919192, 1.16900845, 1.00000000, 1.00000000, 1.00000000
0.494949494949, 0.929292929293, 1.16259286, 1.00000000, 1.00000000, 1.00000000
0.494949494949, 0.939393939394, 1.15552317, 1.00000000, 1.00000000, 1.00000000
0.494949494949, 0.949494949495, 1.14782967, 1.00000000, 1.00000000, 1.00000000
0.494949494949, 0.959595959596, 1.13954836, 1.00000000, 1.00000000, 1.00000000
0.505050505051, -0.000000000000, 1.08060640, 1.00000000, 1.00000000, 1.00000000
0.505050505051, 0.010101010101, 1.07018131, 1.00000000, 1.00000000, 1.00000000
0.505050505051, 0.020202020202, 1.05984682, 1.00000000, 1.00000000, 1.00000000
0.505050505051, 0.030303030303, 1.04956996, 1.00000000, 1.00000000, 1.00000000
0.505050505051, 0.040404040404, 1.03922995, 1.00000000, 1.00000000, 1.00000000
0.505050505051, 0.050505050505, 1.02866783, 1.00000000, 1.00000000, 1.00000000
0.505050505051, 0.060606060606, 1.01775569, 1.00000000, 1.00000000, 1.00000000
0.505050505051, 0.070707070707, 1.00644760, 1.00000000, 1.00000000, 1.00000000
0.505050505051, 0.080808080808, 0.99478872, 1.00000000, 1.00000000, 1.00000000
0.505050505051, 0.090909090909, 0.98288781, 1.00000000, 1.00000000, 1.00000000
0.505050505051, 0.101010101010, 0.97087662, 1.00000000, 1.00000000, 1.00000000
0.505050505051, 0.111111111111, 0.95887829, 1.00000000, 1.00000000, 1.00000000
0.505050505051, 0.121212121212, 0.94699342, 1.00000000, 1.00000000, 1.00000000
0.505050505051, 0.131313131313, 0.93530013, 1.00000000, 1.00000000, 1.00000000
0.505050505051, 0.141414141414, 0.92386034, 1.00000000, 1.00000000, 1.00000000
0.505050505051, 0.151515151515, 0.91272629, 1.00000000, 1.00000000, 1.00000000
0.505050505051, 0.161616161616, 0.90194494, 1.00000000, 1.00000000, 1.00000000
0.505050505051, 0.171717171717, 0.89156021, 1.00000000, 1.00000000, 1.00000000
0.505050505051, 0.181818181818, 0.88161385, 1.00000000, 1.00000000, 1.00000000
0.505050505051, 0.191919191919, 0.87214566, 1.00000000, 1.00000000, 1.00000000
0.505050505051, 0.202020202020, 0.86319346, 1.00000000, 1.00000000, 1.00000000
0.505050505051, 0.212121212121, 0.85479295, 1.00000000, 1.00000000, 1.00000000
0.505050505051, 0.222222222222, 0.84697763, 1.00000000, 1.00000000, 1.00000000
0.505050505051, 0.232323232323, 0.83977863, 1.00000000, 1.00000000, 1.00000000
0.505050505051, 0.242424242424, 0.83322458, 1.00000000, 1.00000000, 1.00000000
0.505050505051, 0.252525252525, 0.82734158, 1.00000000, 1.00000000, 1.00000000
0.505050505051, 0.262626262626, 0.82215301, 1.00000000, 1.00000000, 1.00000000
0.505050505051, 0.272727272727, 0.81767950, 1.00000000, 1.00000000, 1.00000000
0.505050505051, 0.282828282828, 0.81393886, 1.00000000, 1.00000000, 1.00000000
0.505050505051, 0.292929292929, 0.81094597, 1.00000000, 1.00000000, 1.00000000
0.505050505051, 0.303030303030, 0.80871279, 1.00000000, 1.00000000, 1.00000000
0.505050505051, 0.313131313131, 0.80724827, 1.00000000, 1.00000000, 1.00000000
0.505050505051, 0.323232323232, 0.80655834, 1.00000000, 1.00000000, 1.00000000
0.505050505051, 0.333333333333, 0.80664580, 1.00000000, 1.00000000, 1.00000000
0.505050505051, 0.343434343434, 0.80751023, 1.00000000, 1.00000000, 1.00000000
0.505050505051, 0.353535353535, 0.80914816, 1.00000000, 1.00000000, 1.00000000
0.505050505051, 0.363636363636, 0.81155304, 1.00000000, 1.00000000, 1.00000000
0.505050505051, 0.373737373737, 0.81471533, 1.00000000, 1.00000000, 1.00000000
0.505050505051, 0.383838383838, 0.81862248, 1.00000000, 1.00000000, 1.00000000
0.505050505051, 0.393939393939, 0.82325900, 1.00000000, 1.00000000, 1.00000000
0.505050505051, 0.404040404040, 0.82860648, 1.00000000, 1.00000000, 1.00000000
0.505050505051, 0.414141414141, 0.83464370, 1.00000000, 1.00000000, 1.00000000
0.505050505051, 0.424242424242, 0.84134669, 1.00000000, 1.00000000, 1.00000000
0.505050505051, 0.434343434343, 0.84868878, 1.00000000, 1.00000000, 1.00000000
0.505050505051, 0.444444444444, 0.85664076, 1.00000000, 1.00000000, 1.00000000
0.505050505051, 0.454545454545, 0.86517094, 1.00000000, 1.00000000, 1.00000000
0.505050505051, 0.464646464646, 0.87424531, 1.00000000, 1.00000000, 1.00000000
0.505050505051, 0.474747474747, 0.88382763, 1.00000000, 1.00000000, 1.00000000
0.505050505051, 0.484848484848, 0.89387962, 1.00000000, 1.00000000, 1.00000000
0.505050505051, 0.494949494949, 0.90436106, 1.00000000, 1.00000000, 1.00000000
0.505050505051, 0.505050505051, 0.91522997, 1.00000000, 1.00000000, 1.00000000
0.505050505051, 0.515151515152, 0.92644279, 1.00000000, 1.00000000, 1.00000000
0.505050505051, 0.525252525253, 0.93795453, 1.00000000, 1.00000000, 1.00000000
0.505050505051, 0.535353535354, 0.94971895, 1.00000000, 1.00000000, 1.00000000
0.505050505051, 0.545454545455, 0.96168876, 1.00000000, 1.00000000, 1.00000000
0.505050505051, 0.555555555556, 0.97381583, 1.00000000, 1.00000000, 1.00000000
0.505050505051, 0.565656565657, 0.98605131, 1.00000000, 1.00000000, 1.00000000
0.505050505051, 0.575757575758, 0.99834592, 1.00000000, 1.00000000, 1.00000000
0.505050505051, 0.585858585859, 1.01065009, 1.00000000, 1.00000000, 1.00000000
0.505050505051, 0.595959595960, 1.02291418, 1.00000000, 1.00000000, 1.00000000
0.505050505051, 0.606060606061, 1.03508868, 1.00000000, 1.00000000, 1.00000000
0.505050505051, 0.616161616162, 1.04712443, 1.00000000, 1.00000000, 1.00000000
0.505050505051, 0.626262626263, 1.05897279, 1.00000000, 1.00000000, 1.00000000
0.505050505051, 0.636363636364, 1.07058585, 1.00000000, 1.00000000, 1.00000000
0.505050505051, 0.646464646465, 1.08191667, 1.00000000, 1.00000000, 1.00000000
0.505050505051, 0.656565656566, 1.09291938, 1.00000000, 1.00000000, 1.00000000
0.505050505051, 0.666666666667, 1.10354946, 1.00000000, 1.00000000, 1.00000000
0.505050505051, 0.676767676768, 1.11376388, 1.00000000, 1.00000000, 1.00000000
0.505050505051, 0.686868686869, 1.12352126, 1.00000000, 1.00000000, 1.00000000
0.505050505051, 0.696969696970, 1.13278208, 1.00000000, 1.00000000, 1.00000000
0.505050505051, 0.707070707071, 1.14150883, 1.00000000, 1.00000000, 1.00000000
0.505050505051, 0.717171717172, 1.14966614, 1.00000000, 1.00000000, 1.00000000
0.505050505051, 0.727272727273, 1.15722095, 1.00000000, 1.00000000, 1.00000000
0.505050505051, 0.737373737374, 1.16414262, 1.00000000, 1.00000000, 1.00000000
0.505050505051, 0.747474747475, 1.17040311, 1.00000000, 1.00000000, 1.00000000
0.505050505051, 0.757575757576, 1.17597702, 1.00000000, 1.00000000, 1.00000000
0.505050505051, 0.767676767677, 1.18084175, 1.00000000, 1.00000000, 1.00000000
0.505050505051, 0.777777777778, 1.18497755, 1.00000000, 1.00000000, 1.00000000
0.505050505051, 0.787878787879, 1.18836765, 1.00000000, 1.00000000, 1.00000000
0.505050505051, 0.797979797980, 1.19099827, 1.00000000, 1.00000000, 1.00000000
0.505050505051, 0.808080808081, 1.19285870, 1.00000000, 1.00000000, 1.00000000
0.505050505051, 0.818181818182, 1.19394137, 1.00000000, 1.00000000, 1.00000000
0.505050505051, 0.828282828283, 1.19424181, 1.00000000, 1.00000000, 1.00000000
0.505050505051, 0.838383838384, 1.19375887, 1.00000000, 1.00000000, 1.00000000
0.505050505051, 0.848484848485, 1.19249458, 1.00000000, 1.00000000, 1.00000000
0.505050505051, 0.858585858586, 1.19045413, 1.00000000, 1.00000000, 1.00000000
0.505050505051, 0.868686868687, 1.18764583, 1.00000000, 1.00000000, 1.00000000
0.505050505051, 0.878787878788, 1.18408113, 1.00000000, 1.00000000, 1.00000000
0.505050505051, 0.888888888889, 1.17977451, 1.00000000, 1.00000000, 1.00000000
0.505050505051, 0.898989898990, 1.17474346, 1.00000000, 1.00000000, 1.00000000
0.505050505051, 0.909090909091, 1.16900841, 1.00000000, 1.00000000, 1.00000000
0.505050505051, 0.919191919192, 1.16259267, 1.00000000, 1.00000000, 1.00000000
0.505050505051, 0.929292929293, 1.15552238, 1.00000000, 1.00000000, 1.00000000
0.505050505051, 0.939393939394, 1.14782670, 1.00000000, 1.00000000, 1.00000000
0.505050505051, 0.949494949495, 1.13953848, 1.00000000, 1.00000000, 1.00000000
0.505050505051, 0.959595959596, 1.13069625, 1.00000000, 1.00000000, 1.00000000
0.515151515152, -0.000000000000, 1.06922293, 1.00000000, 1.00000000, 1.00000000
0.515151515152, 0.010101010101, 1.05853223, 1.00000000, 1.00000000, 1.00000000
0.515151515152, 0.020202020202, 1.04797775, 1.00000000, 1.00000000, 1.00000000
0.515151515152, 0.030303030303, 1.03752500, 1.00000000, 1.00000000, 1.00000000
0.515151515152, 0.040404040404, 1.02705153, 1.00000000, 1.00000000, 1.00000000
0.515151515152, 0.050505050505, 1.01639727, 1.00000000, 1.00000000, 1.00000000
0.515151515152, 0.060606060606, 1.00543406, 1.00000000, 1.00000000, 1.00000000
0.515151515152, 0.070707070707, 0.99411661, 1.00000000, 1.00000000, 1.00000000
0.515151515152, 0.080808080808, 0.98249134, 1.00000000, 1.00000000, 1.00000000
0.515151515152, 0.090909090909, 0.97066847, 1.00000000, 1.00000000, 1.00000000
0.515151515152, 0.101010101010, 0.95878102, 1.00000000, 1.00000000, 1.00000000
0.515151515152, 0.111111111111, 0.94695299, 1.00000000, 1.00000000, 1.00000000
0.515151515152, 0.121212121212, 0.93528520, 1.00000000, 1.00000000, 1.00000000
0.515151515152, 0.131313131313, 0.92385545, 1.00000000, 1.00000000, 1.00000000
0.515151515152, 0.141414141414, 0.91272487, 1.00000000, 1.00000000, 1.00000000
0.515151515152, 0.151515151515, 0.90194458, 1.00000000, 1.00000000, 1.00000000
0.515151515152, 0.161616161616, 0.89156013, 1.00000000, 1.00000000, 1.00000000
0.515151515152, 0.171717171717, 0.88161384, 1.00000000, 1.00000000, 1.00000000
0.515151515152, 0.181818181818, 0.87214566, 1.00000000, 1.00000000, 1.00000000
0.515151515152, 0.191919191919, 0.86319346, 1.00000000, 1.00000000, 1.00000000
0.515151515152, 0.202020202020, 0.85479295, 1.00000000, 1.00000000, 1.00000000
0.515151515152, 0.212121212121, 0.84697763, 1.00000000, 1.00000000, 1.00000000
0.515151515152, 0.222222222222, 0.83977863, 1.00000000, 1.00000000, 1.00000000
0.515151515152, 0.232323232323, 0.83322458, 1.00000000, 1.00000000, 1.00000000
0.515151515152, 0.242424242424, 0.82734158, 1.00000000, 1.00000000, 1.00000000
0.515151515152, 0.252525252525, 0.82215301, 1.00000000, 1.00000000, 1.00000000
0.515151515152, 0.262626262626, 0.81767950, 1.00000000, 1.00000000, 1.00000000
0.515151515152, 0.272727272727, 0.81393886, 1.00000000, 1.00000000, 1.00000000
0.515151515152, 0.282828282828, 0.81094597, 1.00000000, 1.00000000, 1.00000000
0.515151515152, 0.292929292929, 0.80871279, 1.00000000, 1.00000000, 1.00000000
0.515151515152, 0.303030303030, 0.80724827, 1.00000000, 1.00000000, 1.00000000
0.515151515152, 0.313131313131, 0.80655834, 1.00000000, 1.00000000, 1.00000000
0.515151515152, 0.323232323232, 0.80664580, 1.00000000, 1.00000000, 1.00000000
0.515151515152, 0.333333333333, 0.80751023, 1.00000000, 1.00000000, 1.00000000
0.515151515152, 0.343434343434, 0.80914816, 1.00000000, 1.00000000, 1.00000000
0.515151515152, 0.353535353535, 0.81155304, 1.00000000, 1.00000000, 1.00000000
0.515151515152, 0.363636363636, 0.81471533, 1.00000000, 1.00000000, 1.00000000
0.515151515152, 0.373737373737, 0.81862248, 1.00000000, 1.00000000, 1.00000000
0.515151515152, 0.383838383838, 0.82325900, 1.00000000, 1.00000000, 1.00000000
0.515151515152, 0.393939393939, 0.82860648, 1.00000000, 1.00000000, 1.00000000
0.515151515152, 0.404040404040, 0.83464370, 1.00000000, 1.00000000, 1.00000000
0.515151515152, 0.414141414141, 0.84134669, 1.00000000, 1.00000000, 1.00000000
0.515151515152, 0.424242424242, 0.84868878, 1.00000000, 1.00000000, 1.00000000
0.515151515152, 0.434343434343, 0.85664076, 1.00000000, 1.00000000, 1.00000000
0.515151515152, 0.444444444444, 0.86517094, 1.00000000, 1.00000000, 1.00000000
0.515151515152, 0.454545454545, 0.87424531, 1.00000000, 1.00000000, 1.00000000
0.515151515152, 0.464646464646, 0.88382763, 1.00000000, 1.00000000, 1.00000000
0.515151515152, 0.474747474747, 0.89387962, 1.00000000, 1.00000000, 1.00000000
0.515151515152, 0.484848484848, 0.90436106, 1.00000000, 1.00000000, 1.00000000
0.515151515152, 0.494949494949, 0.91522997, 1.00000000, 1.00000000, 1.00000000
0.515151515152, 0.505050505051, 0.92644279, 1.00000000, 1.00000000, 1.00000000
0.515151515152, 0.515151515152, 0.93795453, 1.00000000, 1.00000000, 1.00000000
0.515151515152, 0.525252525253, 0.94971895, 1.00000000, 1.00000000, 1.00000000
0.515151515152, 0.535353535354, 0.96168876, 1.00000000, 1.00000000, 1.00000000
0.515151515152, 0.545454545455, 0.97381583, 1.00000000, 1.00000000, 1.00000000
0.515151515152, 0.555555555556, 0.98605131, 1.00000000, 1.00000000, 1.00000000
0.515151515152, 0.565656565657, 0.99834592, 1.00000000, 1.00000000, 1.00000000
0.515151515152, 0.575757575758, 1.01065009, 1.00000000, 1.00000000, 1.00000000
0.515151515152, 0.585858585859, 1.02291418, 1.00000000, 1.00000000, 1.00000000
0.515151515152, 0.595959595960, 1.03508868, 1.00000000, 1.00000000, 1.00000000
0.515151515152, 0.606060606061, 1.04712443, 1.00000000, 1.00000000, 1.00000000
0.515151515152, 0.616161616162, 1.05897279, 1.00000000, 1.00000000, 1.00000000
0.515151515152, 0.626262626263, 1.07058585, 1.00000000, 1.00000000, 1.00000000
0.515151515152, 0.636363636364, 1.08191667, 1.00000000, 1.00000000, 1.00000000
0.515151515152, 0.646464646465, 1.09291938, 1.00000000, 1.00000000, 1.00000000
0.515151515152, 0.656565656566, 1.10354946, 1.00000000, 1.00000000, 1.00000000
0.515151515152, 0.666666666667, 1.11376388, 1.00000000, 1.00000000, 1.00000000
0.515151515152, 0.676767676768, 1.12352126, 1.00000000, 1.00000000, 1.00000000
0.515151515152, 0.686868686869, 1.13278208, 1.00000000, 1.00000000, 1.00000000
0.515151515152, 0.696969696970, 1.14150883, 1.00000000, 1.00000000, 1.00000000
0.515151515152, 0.707070707071, 1.14966614, 1.00000000, 1.00000000, 1.00000000
0.515151515152, 0.717171717172, 1.15722095, 1.00000000, 1.00000000, 1.00000000
0.515151515152, 0.727272727273, 1.16414262, 1.00000000, 1.00000000, 1.00000000
0.515151515152, 0.737373737374, 1.17040311, 1.00000000, 1.00000000, 1.00000000
0.515151515152, 0.747474747475, 1.17597702, 1.00000000, 1.00000000, 1.00000000
0.515151515152, 0.757575757576, 1.18084175, 1.00000000, 1.00000000, 1.00000000
0.515151515152, 0.767676767677, 1.18497755, 1.00000000, 1.00000000, 1.00000000
0.515151515152, 0.777777777778, 1.18836765, 1.00000000, 1.00000000, 1.00000000
0.515151515152, 0.787878787879, 1.19099827, 1.00000000, 1.00000000, 1.00000000
0.515151515152, 0.797979797980, 1.19285870, 1.00000000, 1.00000000, 1.00000000
0.515151515152, 0.808080808081, 1.19394137, 1.00000000, 1.00000000, 1.00000000
0.515151515152, 0.818181818182, 1.19424181, 1.00000000, 1.00000000, 1.00000000
0.515151515152, 0.828282828283, 1.19375887, 1.00000000, 1.00000000, 1.00000000
0.515151515152, 0.838383838384, 1.19249458, 1.00000000, 1.00000000, 1.00000000
0.515151515152, 0.848484848485, 1.19045413, 1.00000000, 1.00000000, 1.00000000
0.515151515152, 0.858585858586, 1.18764583, 1.00000000, 1.00000000, 1.00000000
0.515151515152, 0.868686868687, 1.18408113, 1.00000000, 1.00000000, 1.00000000
0.515151515152, 0.878787878788, 1.17977451, 1.00000000, 1.00000000, 1.00000000
0.515151515152, 0.888888888889, 1.17474346, 1.00000000, 1.00000000, 1.00000000
0.515151515152, 0.898989898990, 1.16900841, 1.00000000, 1.00000000, 1.00000000
0.515151515152, 0.909090909091, 1.16259263, 1.00000000, 1.00000000, 1.00000000
0.515151515152, 0.919191919192, 1.15552219, 1.00000000, 1.00000000, 1.00000000
0.515151515152, 0.929292929293, 1.14782588, 1.00000000, 1.00000000, 1.00000000
0.515151515152, 0.939393939394, 1.13953541, 1.00000000, 1.00000000, 1.00000000
0.515151515152, 0.949494949495, 1.13068608, 1.00000000, 1.00000000, 1.00000000
0.515151515152, 0.959595959596, 1.12131878, 1.00000000, 1.00000000, 1.00000000
0.525252525253, -0.000000000000, 1.05756309, 1.00000000, 1.00000000, 1.00000000
0.525252525253, 0.010101010101, 1.04664997, 1.00000000, 1.00000000, 1.00000000
0.525252525253, 0.020202020202, 1.03591806, 1.00000000, 1.00000000, 1.00000000
0.525252525253, 0.030303030303, 1.02533150, 1.00000000, 1.00000000, 1.00000000
0.525252525253, 0.040404040404, 1.01476674, 1.00000000, 1.00000000, 1.00000000
0.525252525253, 0.050505050505, 1.00406326, 1.00000000, 1.00000000, 1.00000000
0.525252525253, 0.060606060606, 0.99309320, 1.00000000, 1.00000000, 1.00000000
0.525252525253, 0.070707070707, 0.98181206, 1.00000000, 1.00000000, 1.00000000
0.525252525253, 0.080808080808, 0.97026729, 1.00000000, 1.00000000, 1.00000000
0.525252525253, 0.090909090909, 0.95857010, 1.00000000, 1.00000000, 1.00000000
0.525252525253, 0.101010101010, 0.94685427, 1.00000000, 1.00000000, 1.00000000
0.525252525253, 0.111111111111, 0.93524409, 1.00000000, 1.00000000, 1.00000000
0.525252525253, 0.121212121212, 0.92384024, 1.00000000, 1.00000000, 1.00000000
0.525252525253, 0.131313131313, 0.91271988, 1.00000000, 1.00000000, 1.00000000
0.525252525253, 0.141414141414, 0.90194313, 1.00000000, 1.00000000, 1.00000000
0.525252525253, 0.151515151515, 0.89155976, 1.00000000, 1.00000000, 1.00000000
0.525252525253, 0.161616161616, 0.88161375, 1.00000000, 1.00000000, 1.00000000
0.525252525253, 0.171717171717, 0.87214564, 1.00000000, 1.00000000, 1.00000000
0.525252525253, 0.181818181818, 0.86319345, 1.00000000, 1.00000000, 1.00000000
0.525252525253, 0.191919191919, 0.85479295, 1.00000000, 1.00000000, 1.00000000
0.525252525253, 0.202020202020, 0.84697763, 1.00000000, 1.00000000, 1.00000000
0.525252525253, 0.212121212121, 0.83977863, 1.00000000, 1.00000000, 1.00000000
0.525252525253, 0.222222222222, 0.83322458, 1.00000000, 1.00000000, 1.00000000
0.525252525253, 0.232323232323, 0.82734158, 1.00000000, 1.00000000, 1.00000000
0.525252525253, 0.242424242424, 0.82215301, 1.00000000, 1.00000000, 1.00000000
0.525252525253, 0.252525252525, 0.81767950, 1.00000000, 1.00000000, 1.00000000
0.525252525253, 0.262626262626, 0.81393886, 1.00000000, 1.00000000, 1.00000000
0.525252525253, 0.272727272727, 0.81094597, 1.00000000, 1.00000000, 1.00000000
0.525252525253, 0.282828282828, 0.80871279, 1.00000000, 1.00000000, 1.00000000
0.525252525253, 0.292929292929, 0.80724827, 1.00000000, 1.00000000, 1.00000000
0.525252525253, 0.303030303030, 0.80655834, 1.00000000, 1.00000000, 1.00000000
0.525252525253, 0.313131313131, 0.80664580, 1.00000000, 1.00000000, 1.00000000
0.525252525253, 0.323232323232, 0.80751023, 1.00000000, 1.00000000, 1.00000000
0.525252525253, 0.333333333333, 0.80914816, 1.00000000, 1.00000000, 1.00000000
0.525252525253, 0.343434343434, 0.81155304, 1.00000000, 1.00000000, 1.00000000
0.525252525253, 0.353535353535, 0.81471533, 1.00000000, 1.00000000, 1.00000000
0.525252525253, 0.363636363636, 0.81862248, 1.00000000, 1.00000000, 1.00000000
0.525252525253, 0.373737373737, 0.82325900, 1.00000000, 1.00000000, 1.00000000
0.525252525253, 0.383838383838, 0.82860648, 1.00000000, 1.00000000, 1.00000000
0.525252525253, 0.393939393939, 0.83464370, 1.00000000, 1.00000000, 1.00000000
0.525252525253, 0.404040404040, 0.84134669, 1.00000000, 1.00000000, 1.00000000
0.525252525253, 0.414141414141, 0.84868878, 1.00000000, 1.00000000, 1.00000000
0.525252525253, 0.424242424242, 0.85664076, 1.00000000, 1.00000000, 1.00000000
0.525252525253, 0.434343434343, 0.86517094, 1.00000000, 1.00000000, 1.00000000
0.525252525253, 0.444444444444, 0.87424531, 1.00000000, 1.00000000, 1.00000000
0.525252525253, 0.454545454545, 0.88382763, 1.00000000, 1.00000000, 1.00000000
0.525252525253, 0.464646464646, 0.89387962, 1.00000000, 1.00000000, 1.00000000
0.525252525253, 0.474747474747, 0.90436106, 1.00000000, 1.00000000, 1.00000000
0.525252525253, 0.484848484848, 0.91522997, 1.00000000, 1.00000000, 1.00000000
0.525252525253, 0.494949494949, 0.92644279, 1.00000000, 1.00000000, 1.00000000
0.525252525253, 0.505050505051, 0.93795453, 1.00000000, 1.00000000, 1.00000000
0.525252525253, 0.515151515152, 0.94971895, 1.00000000, 1.00000000, 1.00000000
0.525252525253, 0.525252525253, 0.96168876, 1.00000000, 1.00000000, 1.00000000
0.525252525253, 0.535353535354, 0.97381583, 1.00000000, 1.00000000, 1.00000000
0.525252525253, 0.545454545455, 0.98605131, 1.00000000, 1.00000000, 1.00000000
0.525252525253, 0.555555555556, 0.99834592, 1.00000000, 1.00000000, 1.00000000
0.525252525253, 0.565656565657, 1.01065009, 1.00000000, 1.00000000, 1.00000000
0.525252525253, 0.575757575758, 1.02291418, 1.00000000, 1.00000000, 1.00000000
0.525252525253, 0.585858585859, 1.03508868, 1.00000000, 1.00000000, 1.00000000
0.525252525253, 0.595959595960, 1.04712443, 1.00000000, 1.00000000, 1.00000000
0.525252525253, 0.606060606061, 1.05897279, 1.00000000, 1.00000000, 1.00000000
0.525252525253, 0.616161616162, 1.07058585, 1.00000000, 1.00000000, 1.00000000
0.525252525253, 0.626262626263, 1.08191667, 1.00000000, 1.00000000, 1.00000000
0.525252525253, 0.636363636364, 1.09291938, 1.00000000, 1.00000000, 1.00000000
0.525252525253, 0.646464646465, 1.10354946, 1.00000000, 1.00000000, 1.00000000
0.525252525253, 0.656565656566, 1.11376388, 1.00000000, 1.00000000, 1.00000000
0.525252525253, 0.666666666667, 1.12352126, 1.00000000, 1.00000000, 1.00000000
0.525252525253, 0.676767676768, 1.13278208, 1.00000000, 1.00000000, 1.00000000
0.525252525253, 0.686868686869, 1.14150883, 1.00000000, 1.00000000, 1.00000000
0.525252525253, 0.696969696970, 1.14966614, 1.00000000, 1.00000000, 1.00000000
0.525252525253, 0.707070707071, 1.15722095, 1.00000000, 1.00000000, 1.00000000
0.525252525253, 0.717171717172, 1.16414262, 1.00000000, 1.00000000, 1.00000000
0.525252525253, 0.727272727273, 1.17040311, 1.00000000, 1.00000000, 1.00000000
0.525252525253, 0.737373737374, 1.17597702, 1.00000000, 1.00000000, 1.00000000
0.525252525253, 0.747474747475, 1.18084175, 1.00000000, 1.00000000, 1.00000000
0.525252525253, 0.757575757576, 1.18497755, 1.00000000, 1.00000000, 1.00000000
0.525252525253, 0.767676767677, 1.18836765, 1.00000000, 1.00000000, 1.00000000
0.525252525253, 0.777777777778, 1.19099827, 1.00000000, 1.00000000, 1.00000000
0.525252525253, 0.787878787879, 1.19285870, 1.00000000, 1.00000000, 1.00000000
0.525252525253, 0.797979797980, 1.19394137, 1.00000000, 1.00000000, 1.00000000
0.525252525253, 0.808080808081, 1.19424181, 1.00000000, 1.00000000, 1.00000000
0.525252525253, 0.818181818182, 1.19375887, 1.00000000, 1.00000000, 1.00000000
0.525252525253, 0.828282828283, 1.19249458, 1.00000000, 1.00000000, 1.00000000
0.525252525253, 0.838383838384, 1.19045413, 1.00000000, 1.00000000, 1.00000000
0.525252525253, 0.848484848485, 1.18764583, 1.00000000, 1.00000000, 1.00000000
0.525252525253, 0.858585858586, 1.18408113, 1.00000000, 1.00000000, 1.00000000
0.525252525253, 0.868686868687, 1.17977451, 1.00000000, 1.00000000, 1.00000000
0.525252525253, 0.878787878788, 1.17474346, 1.00000000, 1.00000000, 1.00000000
0.525252525253, 0.888888888889, 1.16900841, 1.00000000, 1.00000000, 1.00000000
0.525252525253, 0.898989898990, 1.16259262, 1.00000000, 1.00000000, 1.00000000
0.525252525253, 0.909090909091, 1.15552215, 1.00000000, 1.00000000, 1.00000000
0.525252525253, 0.919191919192, 1.14782568, 1.00000000, 1.00000000, 1.00000000
0.525252525253, 0.929292929293, 1.13953457, 1.00000000, 1.00000000, 1.00000000
0.525252525253, 0.939393939394, 1.13068293, 1.00000000, 1.00000000, 1.00000000
0.525252525253, 0.949494949495, 1.12130835, 1.00000000, 1.00000000, 1.00000000
0.525252525253, 0.959595959596, 1.11145395, 1.00000000, 1.00000000, 1.00000000
0.535353535354, -0.000000000000, 1.04567398, 1.00000000, 1.00000000, 1.00000000
0.535353535354, 0.010101010101, 1.03458248, 1.00000000, 1.00000000, 1.00000000
0.535353535354, 0.020202020202, 1.02371641, 1.00000000, 1.00000000, 1.00000000
0.535353535354, 0.030303030303, 1.01303867, 1.00000000, 1.00000000, 1.00000000
0.535353535354, 0.040404040404, 1.00242516, 1.00000000, 1.00000000, 1.00000000
0.535353535354, 0.050505050505, 0.99171559, 1.00000000, 1.00000000, 1.00000000
0.535353535354, 0.060606060606, 0.98078290, 1.00000000, 1.00000000, 1.00000000
0.535353535354, 0.070707070707, 0.96958355, 1.00000000, 1.00000000, 1.00000000
0.535353535354, 0.080808080808, 0.95816581, 1.00000000, 1.00000000, 1.00000000
0.535353535354, 0.090909090909, 0.94664140, 1.00000000, 1.00000000, 1.00000000
0.535353535354, 0.101010101010, 0.93514430, 1.00000000, 1.00000000, 1.00000000
0.535353535354, 0.111111111111, 0.92379860, 1.00000000, 1.00000000, 1.00000000
0.535353535354, 0.121212121212, 0.91270444, 1.00000000, 1.00000000, 1.00000000
0.535353535354, 0.131313131313, 0.90193805, 1.00000000, 1.00000000, 1.00000000
0.535353535354, 0.141414141414, 0.89155828, 1.00000000, 1.00000000, 1.00000000
0.535353535354, 0.151515151515, 0.88161337, 1.00000000, 1.00000000, 1.00000000
0.535353535354, 0.161616161616, 0.87214556, 1.00000000, 1.00000000, 1.00000000
0.535353535354, 0.171717171717, 0.86319344, 1.00000000, 1.00000000, 1.00000000
0.535353535354, 0.181818181818, 0.85479295, 1.00000000, 1.00000000, 1.00000000
0.535353535354, 0.191919191919, 0.84697763, 1.00000000, 1.00000000, 1.00000000
0.535353535354, 0.202020202020, 0.83977862, 1.00000000, 1.00000000, 1.00000000
0.535353535354, 0.212121212121, 0.83322458, 1.00000000, 1.00000000, 1.00000000
0.535353535354, 0.222222222222, 0.82734158, 1.00000000, 1.00000000, 1.00000000
0.535353535354, 0.232323232323, 0.82215301, 1.00000000, 1.00000000, 1.00000000
0.535353535354, 0.242424242424, 0.81767950, 1.00000000, 1.00000000, 1.00000000
0.535353535354, 0.252525252525, 0.81393886, 1.00000000, 1.00000000, 1.00000000
0.535353535354, 0.262626262626, 0.81094597, 1.00000000, 1.00000000, 1.00000000
0.535353535354, 0.272727272727, 0.80871279, 1.00000000, 1.00000000, 1.00000000
0.535353535354, 0.282828282828, 0.80724827, 1.00000000, 1.00000000, 1.00000000
0.535353535354, 0.292929292929, 0.80655834, 1.00000000, 1.00000000, 1.00000000
0.535353535354, 0.303030303030, 0.80664580, 1.00000000, 1.00000000, 1.00000000
0.535353535354, 0.313131313131, 0.80751023, 1.00000000, 1.00000000, 1.00000000
0.535353535354, 0.323232323232, 0.80914816, 1.00000000, 1.00000000, 1.00000000
0.535353535354, 0.333333333333, 0.81155304, 1.00000000, 1.00000000, 1.00000000
0.535353535354, 0.343434343434, 0.81471533, 1.00000000, 1.00000000, 1.00000000
0.535353535354, 0.353535353535, 0.81862248, 1.00000000, 1.00000000, 1.00000000
0.535353535354, 0.363636363636, 0.82325900, 1.00000000, 1.00000000, 1.00000000
0.535353535354, 0.373737373737, 0.82860648, 1.00000000, 1.00000000, 1.00000000
0.535353535354, 0.383838383838, 0.83464370, 1.00000000, 1.00000000, 1.00000000
0.535353535354, 0.393939393939, 0.84134669, 1.00000000, 1.00000000, 1.00000000
0.535353535354, 0.404040404040, 0.84868878, 1.00000000, 1.00000000, 1.00000000
0.535353535354, 0.414141414141, 0.85664076, 1.00000000, 1.00000000, 1.00000000
0.535353535354, 0.424242424242, 0.86517094, 1.00000000, 1.00000000, 1.00000000
0.535353535354, 0.434343434343, 0.87424531, 1.00000000, 1.00000000, 1.00000000
0.535353535354, 0.444444444444, 0.88382763, 1.00000000, 1.00000000, 1.00000000
0.535353535354, 0.454545454545, 0.89387962, 1.00000000, 1.00000000, 1.00000000
0.535353535354, 0.464646464646, 0.90436106, 1.00000000, 1.00000000, 1.00000000
0.535353535354, 0.474747474747, 0.91522997, 1.00000000, 1.00000000, 1.00000000
0.535353535354, 0.484848484848, 0.92644279, 1.00000000, 1.00000000, 1.00000000
0.535353535354, 0.494949494949, 0.93795453, 1.00000000, 1.00000000, 1.00000000
0.535353535354, 0.505050505051, 0.94971895, 1.00000000, 1.00000000, 1.00000000
0.535353535354, 0.515151515152, 0.96168876, 1.00000000, 1.00000000, 1.00000000
0.535353535354, 0.525252525253, 0.97381583, 1.00000000, 1.00000000, 1.00000000
0.535353535354, 0.535353535354, 0.98605131, 1.00000000, 1.00000000, 1.00000000
0.535353535354, 0.545454545455, 0.99834592, 1.00000000, 1.00000000, 1.00000000
0.535353535354, 0.555555555556, 1.01065009, 1.00000000, 1.00000000, 1.00000000
0.535353535354, 0.565656565657, 1.02291418, 1.00000000, 1.00000000, 1.00000000
0.535353535354, 0.575757575758, 1.03508868, 1.00000000, 1.00000000, 1.00000000
0.535353535354, 0.585858585859, 1.04712443, 1.00000000, 1.00000000, 1.00000000
0.535353535354, 0.595959595960, 1.05897279, 1.00000000, 1.00000000, 1.00000000
0.535353535354, 0.606060606061, 1.07058585, 1.00000000, 1.00000000, 1.00000000
0.535353535354, 0.616161616162, 1.08191667, 1.00000000, 1.00000000, 1.00000000
0.535353535354, 0.626262626263, 1.09291938, 1.00000000, 1.00000000, 1.00000000
0.535353535354, 0.636363636364, 1.10354946, 1.00000000, 1.00000000, 1.00000000
0.535353535354, 0.646464646465, 1.11376388, 1.00000000, 1.00000000, 1.00000000
0.535353535354, 0.656565656566, 1.12352126, 1.00000000, 1.00000000, 1.00000000
0.535353535354, 0.666666666667, 1.13278208, 1.00000000, 1.00000000, 1.00000000
0.535353535354, 0.676767676768, 1.14150883, 1.00000000, 1.00000000, 1.00000000
0.535353535354, 0.686868686869, 1.14966614, 1.00000000, 1.00000000, 1.00000000
0.535353535354, 0.696969696970, 1.15722095, 1.00000000, 1.00000000, 1.00000000
0.535353535354, 0.707070707071, 1.16414262, 1.00000000, 1.00000000, 1.00000000
0.535353535354, 0.717171717172, 1.17040311, 1.00000000, 1.00000000, 1.00000000
0.535353535354, 0.727272727273, 1.17597702, 1.00000000, 1.00000000, 1.00000000
0.535353535354, 0.737373737374, 1.18084175, 1.00000000, 1.00000000, 1.00000000
0.535353535354, 0.747474747475, 1.18497755, 1.00000000, 1.00000000, 1.00000000
0.535353535354, 0.757575757576, 1.18836765, 1.00000000, 1.00000000, 1.00000000
0.535353535354, 0.767676767677, 1.19099827, 1.00000000, 1.00000000, 1.00000000
0.535353535354, 0.777777777778, 1.19285870, 1.00000000, 1.00000000, 1.00000000
0.535353535354, 0.787878787879, 1.19394137, 1.00000000, 1.00000000, 1.00000000
0.535353535354, 0.797979797980, 1.19424181, 1.00000000, 1.00000000, 1.00000000
0.535353535354, 0.808080808081, 1.19375887, 1.00000000, 1.00000000, 1.00000000
0.535353535354, 0.818181818182, 1.19249458, 1.00000000, 1.00000000, 1.00000000
0.535353535354, 0.828282828283, 1.19045413, 1.00000000, 1.00000000, 1.00000000
0.535353535354, 0.838383838384, 1.18764583, 1.00000000, 1.00000000, 1.00000000
0.535353535354, 0.848484848485, 1.18408113, 1.00000000, 1.00000000, 1.00000000
0.535353535354, 0.858585858586, 1.17977451, 1.00000000, 1.00000000, 1.00000000
0.535353535354, 0.868686868687, 1.17474346, 1.00000000, 1.00000000, 1.00000000
0.535353535354, 0.878787878788, 1.16900841, 1.00000000, 1.00000000, 1.00000000
0.535353535354, 0.888888888889, 1.16259262, 1.00000000, 1.00000000, 1.00000000
0.535353535354, 0.898989898990, 1.15552214, 1.00000000, 1.00000000, 1.00000000
0.535353535354, 0.909090909091, 1.14782564, 1.00000000, 1.00000000, 1.00000000
0.535353535354, 0.919191919192, 1.13953436, 1.00000000, 1.00000000, 1.00000000
0.535353535354, 0.929292929293, 1.13068206, 1.00000000, 1.00000000, 1.00000000
0.535353535354, 0.939393939394, 1.12130512, 1.00000000, 1.00000000, 1.00000000
0.535353535354, 0.949494949495, 1.11144329, 1.00000000, 1.00000000, 1.00000000
0.535353535354, 0.959595959596, 1.10114170, 1.00000000, 1.00000000, 1.00000000
0.545454545455, -0.000000000000, 1.03360358, 1.00000000, 1.00000000, 1.00000000
0.545454545455, 0.010101010101, 1.02237845, 1.00000000, 1.00000000, 1.00000000
0.545454545455, 0.020202020202, 1.01142200, 1.00000000, 1.00000000, 1.00000000
0.545454545455, 0.030303030303, 1.00069610, 1.00000000, 1.00000000, 1.00000000
0.545454545455, 0.040404040404, 0.99007659, 1.00000000, 1.00000000, 1.00000000
0.545454545455, 0.050505050505, 0.97940408, 1.00000000, 1.00000000, 1.00000000
0.545454545455, 0.060606060606, 0.96855282, 1.00000000, 1.00000000, 1.00000000
0.545454545455, 0.070707070707, 0.95748038, 1.00000000, 1.00000000, 1.00000000
0.545454545455, 0.080808080808, 0.94623562, 1.00000000, 1.00000000, 1.00000000
0.545454545455, 0.090909090909, 0.93493034, 1.00000000, 1.00000000, 1.00000000
0.545454545455, 0.101010101010, 0.92369814, 1.00000000, 1.00000000, 1.00000000
0.545454545455, 0.111111111111, 0.91266245, 1.00000000, 1.00000000, 1.00000000
0.545454545455, 0.121212121212, 0.90192245, 1.00000000, 1.00000000, 1.00000000
0.545454545455, 0.131313131313, 0.89155314, 1.00000000, 1.00000000, 1.00000000
0.545454545455, 0.141414141414, 0.88161188, 1.00000000, 1.00000000, 1.00000000
0.545454545455, 0.151515151515, 0.87214517, 1.00000000, 1.00000000, 1.00000000
0.545454545455, 0.161616161616, 0.86319335, 1.00000000, 1.00000000, 1.00000000
0.545454545455, 0.171717171717, 0.85479293, 1.00000000, 1.00000000, 1.00000000
0.545454545455, 0.181818181818, 0.84697763, 1.00000000, 1.00000000, 1.00000000
0.545454545455, 0.191919191919, 0.83977862, 1.00000000, 1.00000000, 1.00000000
0.545454545455, 0.202020202020, 0.83322458, 1.00000000, 1.00000000, 1.00000000
0.545454545455, 0.212121212121, 0.82734158, 1.00000000, 1.00000000, 1.00000000
0.545454545455, 0.222222222222, 0.82215301, 1.00000000, 1.00000000, 1.00000000
0.545454545455, 0.232323232323, 0.81767950, 1.00000000, 1.00000000, 1.00000000
0.545454545455, 0.242424242424, 0.81393886, 1.00000000, 1.00000000, 1.00000000
0.545454545455, 0.252525252525, 0.81094597, 1.00000000, 1.00000000, 1.00000000
0.545454545455, 0.262626262626, 0.80871279, 1.00000000, 1.00000000, 1.00000000
0.545454545455, 0.272727272727, 0.80724827, 1.00000000, 1.00000000, 1.00000000
0.545454545455, 0.282828282828, 0.80655834, 1.00000000, 1.00000000, 1.00000000
0.545454545455, 0.292929292929, 0.80664580, 1.00000000, 1.00000000, 1.00000000
0.545454545455, 0.303030303030, 0.80751023, 1.00000000, 1.00000000, 1.00000000
0.545454545455, 0.313131313131, 0.80914816, 1.00000000, 1.00000000, 1.00000000
0.545454545455, 0.323232323232, 0.81155304, 1.00000000, 1.00000000, 1.00000000
0.545454545455, 0.333333333333, 0.81471533, 1.00000000, 1.00000000, 1.00000000
0.545454545455, 0.343434343434, 0.81862248, 1.00000000, 1.00000000, 1.00000000
0.545454545455, 0.353535353535, 0.82325900, 1.00000000, 1.00000000, 1.00000000
0.545454545455, 0.363636363636, 0.82860648, 1.00000000, 1.00000000, 1.00000000
0.545454545455, 0.373737373737, 0.83464370, 1.00000000, 1.00000000, 1.00000000
0.545454545455, 0.383838383838, 0.84134669, 1.00000000, 1.00000000, 1.00000000
0.545454545455, 0.393939393939, 0.84868878, 1.00000000, 1.00000000, 1.00000000
0.545454545455, 0.404040404040, 0.85664076, 1.00000000, 1.00000000, 1.00000000
0.545454545455, 0.414141414141, 0.86517094, 1.00000000, 1.00000000, 1.00000000
0.545454545455, 0.424242424242, 0.87424531, 1.00000000, 1.00000000, 1.00000000
0.545454545455, 0.434343434343, 0.88382763, 1.00000000, 1.00000000, 1.00000000
0.545454545455, 0.444444444444, 0.89387962, 1.00000000, 1.00000000, 1.00000000
0.545454545455, 0.454545454545, 0.90436106, 1.00000000, 1.00000000, 1.00000000
0.545454545455, 0.464646464646, 0.91522997, 1.00000000, 1.00000000, 1.00000000
0.545454545455, 0.474747474747, 0.92644279, 1.00000000, 1.00000000, 1.00000000
0.545454545455, 0.484848484848, 0.93795453, 1.00000000, 1.00000000, 1.00000000
0.545454545455, 0.494949494949, 0.94971895, 1.00000000, 1.00000000, 1.00000000
0.545454545455, 0.505050505051, 0.96168876, 1.00000000, 1.00000000, 1.00000000
0.545454545455, 0.515151515152, 0.97381583, 1.00000000, 1.00000000, 1.00000000
0.545454545455, 0.525252525253, 0.98605131, 1.00000000, 1.00000000, 1.00000000
0.545454545455, 0.535353535354, 0.99834592, 1.00000000, 1.00000000, 1.00000000
0.545454545455, 0.545454545455, 1.01065009, 1.00000000, 1.00000000, 1.00000000
0.545454545455, 0.555555555556, 1.02291418, 1.00000000, 1.00000000, 1.00000000
0.545454545455, 0.565656565657, 1.03508868, 1.00000000, 1.00000000, 1.00000000
0.545454545455, 0.575757575758, 1.04712443, 1.00000000, 1.00000000, 1.00000000
0.545454545455, 0.585858585859, 1.05897279, 1.00000000, 1.00000000, 1.00000000
0.545454545455, 0.595959595960, 1.07058585, 1.00000000, 1.00000000, 1.00000000
0.545454545455, 0.606060606061, 1.08191667, 1.00000000, 1.00000000, 1.00000000
0.545454545455, 0.616161616162, 1.09291938, 1.00000000, 1.00000000, 1.00000000
0.545454545455, 0.626262626263, 1.10354946, 1.00000000, 1.00000000, 1.00000000
0.545454545455, 0.636363636364, 1.11376388, 1.00000000, 1.00000000, 1.00000000
0.545454545455, 0.646464646465, 1.12352126, 1.00000000, 1.00000000, 1.00000000
0.545454545455, 0.656565656566, 1.13278208, 1.00000000, 1.00000000, 1.00000000
0.545454545455, 0.666666666667, 1.14150883, 1.00000000, 1.00000000, 1.00000000
0.545454545455, 0.676767676768, 1.14966614, 1.00000000, 1.00000000, 1.00000000
0.545454545455, 0.686868686869, 1.15722095, 1.00000000, 1.00000000, 1.00000000
0.545454545455, 0.696969696970, 1.16414262, 1.00000000, 1.00000000, 1.00000000
0.545454545455, 0.707070707071, 1.17040311, 1.00000000, 1.00000000, 1.00000000
0.545454545455, 0.717171717172, 1.17597702, 1.00000000, 1.00000000, 1.00000000
0.545454545455, 0.727272727273, 1.18084175, 1.00000000, 1.00000000, 1.00000000
0.545454545455, 0.737373737374, 1.18497755, 1.00000000, 1.00000000, 1.00000000
0.545454545455, 0.747474747475, 1.18836765, 1.00000000, 1.00000000, 1.00000000
0.545454545455, 0.757575757576, 1.19099827, 1.00000000, 1.00000000, 1.00000000
0.545454545455, 0.767676767677, 1.19285870, 1.00000000, 1.00000000, 1.00000000
0.545454545455, 0.777777777778, 1.19394137, 1.00000000, 1.00000000, 1.00000000
0.545454545455, 0.787878787879, 1.19424181, 1.00000000, 1.00000000, 1.00000000
0.545454545455, 0.797979797980, 1.19375887, 1.00000000, 1.00000000, 1.00000000
0.545454545455, 0.808080808081, 1.19249458, 1.00000000, 1.00000000, 1.00000000
0.545454545455, 0.818181818182, 1.19045413, 1.00000000, 1.00000000, 1.00000000
0.545454545455, 0.828282828283, 1.18764583, 1.00000000, 1.00000000, 1.00000000
0.545454545455, 0.838383838384, 1.18408113, 1.00000000, 1.00000000, 1.00000000
0.545454545455, 0.848484848485, 1.17977451, 1.00000000, 1.00000000, 1.00000000
0.545454545455, 0.858585858586, 1.17474346, 1.00000000, 1.00000000, 1.00000000
0.545454545455, 0.868686868687, 1.16900841, 1.00000000, 1.00000000, 1.00000000
0.545454545455, 0.878787878788, 1.16259262, 1.00000000, 1.00000000, 1.00000000
0.545454545455, 0.888888888889, 1.15552214, 1.00000000, 1.00000000, 1.00000000
0.545454545455, 0.898989898990, 1.14782563, 1.00000000, 1.00000000, 1.00000000
0.545454545455, 0.909090909091, 1.13953432, 1.00000000, 1.00000000, 1.00000000
0.545454545455, 0.919191919192, 1.13068185, 1.00000000, 1.00000000, 1.00000000
0.545454545455, 0.929292929293, 1.12130423, 1.00000000, 1.00000000, 1.00000000
0.545454545455, 0.939393939394, 1.11143998, 1.00000000, 1.00000000, 1.00000000
0.545454545455, 0.949494949495, 1.10113085, 1.00000000, 1.00000000, 1.00000000
0.545454545455, 0.959595959596, 1.09042380, 1.00000000, 1.00000000, 1.00000000
0.555555555556, -0.000000000000, 1.02140058, 1.00000000, 1.00000000, 1.00000000
0.555555555556, 0.010101010101, 1.01008708, 1.00000000, 1.00000000, 1.00000000
0.555555555556, 0.020202020202, 0.99908439, 1.00000000, 1.00000000, 1.00000000
0.555555555556, 0.030303030303, 0.98835352, 1.00000000, 1.00000000, 1.00000000
0.555555555556, 0.040404040404, 0.97777080, 1.00000000, 1.00000000, 1.00000000
0.555555555556, 0.050505050505, 0.96717835, 1.00000000, 1.00000000, 1.00000000
0.555555555556, 0.060606060606, 0.95645223, 1.00000000, 1.00000000, 1.00000000
0.555555555556, 0.070707070707, 0.94555126, 1.00000000, 1.00000000, 1.00000000
0.555555555556, 0.080808080808, 0.93452470, 1.00000000, 1.00000000, 1.00000000
0.555555555556, 0.090909090909, 0.92348396, 1.00000000, 1.00000000, 1.00000000
0.555555555556, 0.101010101010, 0.91256172, 1.00000000, 1.00000000, 1.00000000
0.555555555556, 0.111111111111, 0.90188028, 1.00000000, 1.00000000, 1.00000000
0.555555555556, 0.121212121212, 0.89153745, 1.00000000, 1.00000000, 1.00000000
0.555555555556, 0.131313131313, 0.88160669, 1.00000000, 1.00000000, 1.00000000
0.555555555556, 0.141414141414, 0.87214366, 1.00000000, 1.00000000, 1.00000000
0.555555555556, 0.151515151515, 0.86319296, 1.00000000, 1.00000000, 1.00000000
0.555555555556, 0.161616161616, 0.85479284, 1.00000000, 1.00000000, 1.00000000
0.555555555556, 0.171717171717, 0.84697761, 1.00000000, 1.00000000, 1.00000000
0.555555555556, 0.181818181818, 0.83977862, 1.00000000, 1.00000000, 1.00000000
0.555555555556, 0.191919191919, 0.83322458, 1.00000000, 1.00000000, 1.00000000
0.555555555556, 0.202020202020, 0.82734158, 1.00000000, 1.00000000, 1.00000000
0.555555555556, 0.212121212121, 0.82215301, 1.00000000, 1.00000000, 1.00000000
0.555555555556, 0.222222222222, 0.81767950, 1.00000000, 1.00000000, 1.00000000
0.555555555556, 0.232323232323, 0.81393886, 1.00000000, 1.00000000, 1.00000000
0.555555555556, 0.242424242424, 0.81094597, 1.00000000, 1.00000000, 1.00000000
0.555555555556, 0.252525252525, 0.80871279, 1.00000000, 1.00000000, 1.00000000
0.555555555556, 0.262626262626, 0.80724827, 1.00000000, 1.00000000, 1.00000000
0.555555555556, 0.272727272727, 0.80655834, 1.00000000, 1.00000000, 1.00000000
0.555555555556, 0.282828282828, 0.80664580, 1.00000000, 1.00000000, 1.00000000
0.555555555556, 0.292929292929, 0.80751023, 1.00000000, 1.00000000, 1.00000000
0.555555555556, 0.303030303030, 0.80914816, 1.00000000, 1.00000000, 1.00000000
0.555555555556, 0.313131313131, 0.81155304, 1.00000000, 1.00000000, 1.00000000
0.555555555556, 0.323232323232, 0.81471533, 1.00000000, 1.00000000, 1.00000000
0.555555555556, 0.333333333333, 0.81862248, 1.00000000, 1.00000000, 1.00000000
0.555555555556, 0.343434343434, 0.82325900, 1.00000000, 1.00000000, 1.00000000
0.555555555556, 0.353535353535, 0.82860648, 1.00000000, 1.00000000, 1.00000000
0.555555555556, 0.363636363636, 0.83464370, 1.00000000, 1.00000000, 1.00000000
0.555555555556, 0.373737373737, 0.84134669, 1.00000000, 1.00000000, 1.00000000
0.555555555556, 0.383838383838, 0.84868878, 1.00000000, 1.00000000, 1.00000000
0.555555555556, 0.393939393939, 0.85664076, 1.00000000, 1.00000000, 1.00000000
0.555555555556, 0.404040404040, 0.86517094, 1.00000000, 1.00000000, 1.00000000
0.555555555556, 0.414141414141, 0.87424531, 1.00000000, 1.00000000, 1.00000000
0.555555555556, 0.424242424242, 0.88382763, 1.00000000, 1.00000000, 1.00000000
0.555555555556, 0.434343434343, 0.89387962, 1.00000000, 1.00000000, 1.00000000
0.555555555556, 0.444444444444, 0.90436106, 1.00000000, 1.00000000, 1.00000000
0.555555555556, 0.454545454545, 0.91522997, 1.00000000, 1.00000000, 1.00000000
0.555555555556, 0.464646464646, 0.92644279, 1.00000000, 1.00000000, 1.00000000
0.555555555556, 0.474747474747, 0.93795453, 1.00000000, 1.00000000, 1.00000000
0.555555555556, 0.484848484848, 0.94971895, 1.00000000, 1.00000000, 1.00000000
0.555555555556, 0.494949494949, 0.96168876, 1.00000000, 1.00000000, 1.00000000
0.555555555556, 0.505050505051, 0.97381583, 1.00000000, 1.00000000, 1.00000000
0.555555555556, 0.515151515152, 0.98605131, 1.00000000, 1.00000000, 1.00000000
0.555555555556, 0.525252525253, 0.99834592, 1.00000000, 1.00000000, 1.00000000
0.555555555556, 0.535353535354, 1.01065009, 1.00000000, 1.00000000, 1.00000000
0.555555555556, 0.545454545455, 1.02291418, 1.00000000, 1.00000000, 1.00000000
0.555555555556, 0.555555555556, 1.03508868, 1.00000000, 1.00000000, 1.00000000
0.555555555556, 0.565656565657, 1.04712443, 1.00000000, 1.00000000, 1.00000000
0.555555555556, 0.575757575758, 1.05897279, 1.00000000, 1.00000000, 1.00000000
0.555555555556, 0.585858585859, 1.07058585, 1.00000000, 1.00000000, 1.00000000
0.555555555556, 0.595959595960, 1.08191667, 1.00000000, 1.00000000, 1.00000000
0.555555555556, 0.606060606061, 1.09291938, 1.00000000, 1.00000000, 1.00000000
0.555555555556, 0.616161616162, 1.10354946, 1.00000000, 1.00000000, 1.00000000
0.555555555556, 0.626262626263, 1.11376388, 1.00000000, 1.00000000, 1.00000000
0.555555555556, 0.636363636364, 1.12352126, 1.00000000, 1.00000000, 1.00000000
0.555555555556, 0.646464646465, 1.13278208, 1.00000000, 1.00000000, 1.00000000
0.555555555556, 0.656565656566, 1.14150883, 1.00000000, 1.00000000, 1.00000000
0.555555555556, 0.666666666667, 1.14966614, 1.00000000, 1.00000000, 1.00000000
0.555555555556, 0.676767676768, 1.15722095, 1.00000000, 1.00000000, 1.00000000
0.555555555556, 0.686868686869, 1.16414262, 1.00000000, 1.00000000, 1.00000000
0.555555555556, 0.696969696970, 1.17040311, 1.00000000, 1.00000000, 1.00000000
0.555555555556, 0.707070707071, 1.17597702, 1.00000000, 1.00000000, 1.00000000
0.555555555556, 0.717171717172, 1.18084175, 1.00000000, 1.00000000, 1.00000000
0.555555555556, 0.727272727273, 1.18497755, 1.00000000, 1.00000000, 1.00000000
0.555555555556, 0.737373737374, 1.18836765, 1.00000000, 1.00000000, 1.00000000
0.555555555556, 0.747474747475, 1.19099827, 1.00000000, 1.00000000, 1.00000000
0.555555555556, 0.757575757576, 1.19285870, 1.00000000, 1.00000000, 1.00000000
0.555555555556, 0.767676767677, 1.19394137, 1.00000000, 1.00000000, 1.00000000
0.555555555556, 0.777777777778, 1.19424181, 1.00000000, 1.00000000, 1.00000000
0.555555555556, 0.787878787879, 1.19375887, 1.00000000, 1.00000000, 1.00000000
0.555555555556, 0.797979797980, 1.19249458, 1.00000000, 1.00000000, 1.00000000
0.555555555556, 0.808080808081, 1.19045413, 1.00000000, 1.00000000, 1.00000000
0.555555555556, 0.818181818182, 1.18764583, 1.00000000, 1.00000000, 1.00000000
0.555555555556, 0.828282828283, 1.18408113, 1.00000000, 1.00000000, 1.00000000
0.555555555556, 0.838383838384, 1.17977451, 1.00000000, 1.00000000, 1.00000000
0.555555555556, 0.848484848485, 1.17474346, 1.00000000, 1.00000000, 1.00000000
0.555555555556, 0.858585858586, 1.16900841, 1.00000000, 1.00000000, 1.00000000
0.555555555556, 0.868686868687, 1.16259262, 1.00000000, 1.00000000, 1.00000000
0.555555555556, 0.878787878788, 1.15552214, 1.00000000, 1.00000000, 1.00000000
0.555555555556, 0.888888888889, 1.14782563, 1.00000000, 1.00000000, 1.00000000
0.555555555556, 0.898989898990, 1.13953431, 1.00000000, 1.00000000, 1.00000000
0.555555555556, 0.909090909091, 1.13068180, 1.00000000, 1.00000000, 1.00000000
0.555555555556, 0.919191919192, 1.12130401, 1.00000000, 1.00000000, 1.00000000
0.555555555556, 0.929292929293, 1.11143907, 1.00000000, 1.00000000, 1.00000000
0.555555555556, 0.939393939394, 1.10112748, 1.00000000, 1.00000000, 1.00000000
0.555555555556, 0.949494949495, 1.09041278, 1.00000000, 1.00000000, 1.00000000
0.555555555556, 0.959595959596, 1.07934362, 1.00000000, 1.00000000, 1.00000000
0.565656565657, -0.000000000000, 1.00911416, 1.00000000, 1.00000000, 1.00000000
0.565656565657, 0.010101010101, 0.99775788, 1.00000000, 1.00000000, 1.00000000
0.565656565657, 0.020202020202, 0.98675327, 1.00000000, 1.00000000, 1.00000000
0.565656565657, 0.030303030303, 0.97606068, 1.00000000, 1.00000000, 1.00000000
0.565656565657, 0.040404040404, 0.96555738, 1.00000000, 1.00000000, 1.00000000
0.565656565657, 0.050505050505, 0.95508767, 1.00000000, 1.00000000, 1.00000000
0.565656565657, 0.060606060606, 0.94452987, 1.00000000, 1.00000000, 1.00000000
0.565656565657, 0.070707070707, 0.93384422, 1.00000000, 1.00000000, 1.00000000
0.565656565657, 0.080808080808, 0.92308014, 1.00000000, 1.00000000, 1.00000000
0.565656565657, 0.090909090909, 0.91234821, 1.00000000, 1.00000000, 1.00000000
0.565656565657, 0.101010101010, 0.90177971, 1.00000000, 1.00000000, 1.00000000
0.565656565657, 0.111111111111, 0.89149527, 1.00000000, 1.00000000, 1.00000000
0.565656565657, 0.121212121212, 0.88159097, 1.00000000, 1.00000000, 1.00000000
0.565656565657, 0.131313131313, 0.87213846, 1.00000000, 1.00000000, 1.00000000
0.565656565657, 0.141414141414, 0.86319144, 1.00000000, 1.00000000, 1.00000000
0.565656565657, 0.151515151515, 0.85479245, 1.00000000, 1.00000000, 1.00000000
0.565656565657, 0.161616161616, 0.84697752, 1.00000000, 1.00000000, 1.00000000
0.565656565657, 0.171717171717, 0.83977860, 1.00000000, 1.00000000, 1.00000000
0.565656565657, 0.181818181818, 0.83322458, 1.00000000, 1.00000000, 1.00000000
0.565656565657, 0.191919191919, 0.82734158, 1.00000000, 1.00000000, 1.00000000
0.565656565657, 0.202020202020, 0.82215301, 1.00000000, 1.00000000, 1.00000000
0.565656565657, 0.212121212121, 0.81767950, 1.00000000, 1.00000000, 1.00000000
0.565656565657, 0.222222222222, 0.81393886, 1.00000000, 1.00000000, 1.00000000
0.565656565657, 0.232323232323, 0.81094597, 1.00000000, 1.00000000, 1.00000000
0.565656565657, 0.242424242424, 0.80871279, 1.00000000, 1.00000000, 1.00000000
0.565656565657, 0.252525252525, 0.80724827, 1.00000000, 1.00000000, 1.00000000
0.565656565657, 0.262626262626, 0.80655834, 1.00000000, 1.00000000, 1.00000000
0.565656565657, 0.272727272727, 0.80664580, 1.00000000, 1.00000000, 1.00000000
0.565656565657, 0.282828282828, 0.80751023, 1.00000000, 1.00000000, 1.00000000
0.565656565657, 0.292929292929, 0.80914816, 1.00000000, 1.00000000, 1.00000000
0.565656565657, 0.303030303030, 0.81155304, 1.00000000, 1.00000000, 1.00000000
0.565656565657, 0.313131313131, 0.81471533, 1.00000000, 1.00000000, 1.00000000
0.565656565657, 0.323232323232, 0.81862248, 1.00000000, 1.00000000, 1.00000000
0.565656565657, 0.333333333333, 0.82325900, 1.00000000, 1.00000000, 1.00000000
0.565656565657, 0.343434343434, 0.82860648, 1.00000000, 1.00000000, 1.00000000
0.565656565657, 0.353535353535, 0.83464370, 1.00000000, 1.00000000, 1.00000000
0.565656565657, 0.363636363636, 0.84134669, 1.00000000, 1.00000000, 1.00000000
0.565656565657, 0.373737373737, 0.84868878, 1.00000000, 1.00000000, 1.00000000
0.565656565657, 0.383838383838, 0.85664076, 1.00000000, 1.00000000, 1.00000000
0.565656565657, 0.393939393939, 0.86517094, 1.00000000, 1.00000000, 1.00000000
0.565656565657, 0.404040404040, 0.87424531, 1.00000000, 1.00000000, 1.00000000
0.565656565657, 0.414141414141, 0.88382763, 1.00000000, 1.00000000, 1.00000000
0.565656565657, 0.424242424242, 0.89387962, 1.00000000, 1.00000000, 1.00000000
0.565656565657, 0.434343434343, 0.90436106, 1.00000000, 1.00000000, 1.00000000
0.565656565657, 0.444444444444, 0.91522997, 1.00000000, 1.00000000, 1.00000000
0.565656565657, 0.454545454545, 0.92644279, 1.00000000, 1.00000000, 1.00000000
0.565656565657, 0.464646464646, 0.93795453, 1.00000000, 1.00000000, 1.00000000
0.565656565657, 0.474747474747, 0.94971895, 1.00000000, 1.00000000, 1.00000000
0.565656565657, 0.484848484848, 0.96168876, 1.00000000, 1.00000000, 1.00000000
0.565656565657, 0.494949494949, 0.97381583, 1.00000000, 1.00000000, 1.00000000
0.565656565657, 0.505050505051, 0.98605131, 1.00000000, 1.00000000, 1.00000000
0.565656565657, 0.515151515152, 0.99834592, 1.00000000, 1.00000000, 1.00000000
0.565656565657, 0.525252525253, 1.01065009, 1.00000000, 1.00000000, 1.00000000
0.565656565657, 0.535353535354, 1.02291418, 1.00000000, 1.00000000, 1.00000000
0.565656565657, 0.545454545455, 1.03508868, 1.00000000, 1.00000000, 1.00000000
0.565656565657, 0.555555555556, 1.04712443, 1.00000000, 1.00000000, 1.00000000
0.565656565657, 0.565656565657, 1.05897279, 1.00000000, 1.00000000, 1.00000000
0.565656565657, 0.575757575758, 1.07058585, 1.00000000, 1.00000000, 1.00000000
0.565656565657, 0.585858585859, 1.08191667, 1.00000000, 1.00000000, 1.00000000
0.565656565657, 0.595959595960, 1.09291938, 1.00000000, 1.00000000, 1.00000000
0.565656565657, 0.606060606061, 1.10354946, 1.00000000, 1.00000000, 1.00000000
0.565656565657, 0.616161616162, 1.11376388, 1.00000000, 1.00000000, 1.00000000
0.565656565657, 0.626262626263, 1.12352126, 1.00000000, 1.00000000, 1.00000000
0.565656565657, 0.636363636364, 1.13278208, 1.00000000, 1.00000000, 1.00000000
0.565656565657, 0.646464646465, 1.14150883, 1.00000000, 1.00000000, 1.00000000
0.565656565657, 0.656565656566, 1.14966614, 1.00000000, 1.00000000, 1.00000000
0.565656565657, 0.666666666667, 1.15722095, 1.00000000, 1.00000000, 1.00000000
0.565656565657, 0.676767676768, 1.16414262, 1.00000000, 1.00000000, 1.00000000
0.565656565657, 0.686868686869, 1.17040311, 1.00000000, 1.00000000, 1.00000000
0.565656565657, 0.696969696970, 1.17597702, 1.00000000, 1.00000000, 1.00000000
0.565656565657, 0.707070707071, 1.18084175, 1.00000000, 1.00000000, 1.00000000
0.565656565657, 0.717171717172, 1.18497755, 1.00000000, 1.00000000, 1.00000000
0.565656565657, 0.727272727273, 1.18836765, 1.00000000, 1.00000000, 1.00000000
0.565656565657, 0.737373737374, 1.19099827, 1.00000000, 1.00000000, 1.00000000
0.565656565657, 0.747474747475, 1.19285870, 1.00000000, 1.00000000, 1.00000000
0.565656565657, 0.757575757576, 1.19394137, 1.00000000, 1.00000000, 1.00000000
0.565656565657, 0.767676767677, 1.19424181, 1.00000000, 1.00000000, 1.00000000
0.565656565657, 0.777777777778, 1.19375887, 1.00000000, 1.00000000, 1.00000000
0.565656565657, 0.787878787879, 1.19249458, 1.00000000, 1.00000000, 1.00000000
0.565656565657, 0.797979797980, 1.19045413, 1.00000000, 1.00000000, 1.00000000
0.565656565657, 0.808080808081, 1.18764583, 1.00000000, 1.00000000, 1.00000000
0.565656565657, 0.818181818182, 1.18408113, 1.00000000, 1.00000000, 1.00000000
0.565656565657, 0.828282828283, 1.17977451, 1.00000000, 1.00000000, 1.00000000
0.565656565657, 0.838383838384, 1.17474346, 1.00000000, 1.00000000, 1.00000000
0.565656565657, 0.848484848485, 1.16900841, 1.00000000, 1.00000000, 1.00000000
0.565656565657, 0.858585858586, 1.16259262, 1.00000000, 1.00000000, 1.00000000
0.565656565657, 0.868686868687, 1.15552214, 1.00000000, 1.00000000, 1.00000000
0.565656565657, 0.878787878788, 1.14782563, 1.00000000, 1.00000000, 1.00000000
0.565656565657, 0.888888888889, 1.13953431, 1.00000000, 1.00000000, 1.00000000
0.565656565657, 0.898989898990, 1.13068179, 1.00000000, 1.00000000, 1.00000000
0.565656565657, 0.909090909091, 1.12130396, 1.00000000, 1.00000000, 1.00000000
0.565656565657, 0.919191919192, 1.11143885, 1.00000000, 1.00000000, 1.00000000
0.565656565657, 0.929292929293, 1.10112655, 1.00000000, 1.00000000, 1.00000000
0.565656565657, 0.939393939394, 1.09040937, 1.00000000, 1.00000000, 1.00000000
0.565656565657, 0.949494949495, 1.07933248, 1.00000000, 1.00000000, 1.00000000
0.565656565657, 0.959595959596, 1.06794599, 1.00000000, 1.00000000, 1.00000000
0.575757575758, -0.000000000000, 0.99679383, 1.00000000, 1.00000000, 1.00000000
0.575757575758, 0.010101010101, 0.98544049, 1.00000000, 1.00000000, 1.00000000
0.575757575758, 0.020202020202, 0.97447828, 1.00000000, 1.00000000, 1.00000000
0.575757575758, 0.030303030303, 0.96386704, 1.00000000, 1.00000000, 1.00000000
0.575757575758, 0.040404040404, 0.95348549, 1.00000000, 1.00000000, 1.00000000
0.575757575758, 0.050505050505, 0.94318070, 1.00000000, 1.00000000, 1.00000000
0.575757575758, 0.060606060606, 0.93283371, 1.00000000, 1.00000000, 1.00000000
0.575757575758, 0.070707070707, 0.92240630, 1.00000000, 1.00000000, 1.00000000
0.575757575758, 0.080808080808, 0.91194789, 1.00000000, 1.00000000, 1.00000000
0.575757575758, 0.090909090909, 0.90156777, 1.00000000, 1.00000000, 1.00000000
0.575757575758, 0.101010101010, 0.89139529, 1.00000000, 1.00000000, 1.00000000
0.575757575758, 0.111111111111, 0.88154898, 1.00000000, 1.00000000, 1.00000000
0.575757575758, 0.121212121212, 0.87212277, 1.00000000, 1.00000000, 1.00000000
0.575757575758, 0.131313131313, 0.86318624, 1.00000000, 1.00000000, 1.00000000
0.575757575758, 0.141414141414, 0.85479093, 1.00000000, 1.00000000, 1.00000000
0.575757575758, 0.151515151515, 0.84697713, 1.00000000, 1.00000000, 1.00000000
0.575757575758, 0.161616161616, 0.83977851, 1.00000000, 1.00000000, 1.00000000
0.575757575758, 0.171717171717, 0.83322456, 1.00000000, 1.00000000, 1.00000000
0.575757575758, 0.181818181818, 0.82734158, 1.00000000, 1.00000000, 1.00000000
0.575757575758, 0.191919191919, 0.82215301, 1.00000000, 1.00000000, 1.00000000
0.575757575758, 0.202020202020, 0.81767950, 1.00000000, 1.00000000, 1.00000000
0.575757575758, 0.212121212121, 0.81393886, 1.00000000, 1.00000000, 1.00000000
0.575757575758, 0.222222222222, 0.81094597, 1.00000000, 1.00000000, 1.00000000
0.575757575758, 0.232323232323, 0.80871279, 1.00000000, 1.00000000, 1.00000000
0.575757575758, 0.242424242424, 0.80724827, 1.00000000, 1.00000000, 1.00000000
0.575757575758, 0.252525252525, 0.80655834, 1.00000000, 1.00000000, 1.00000000
0.575757575758, 0.262626262626, 0.80664580, 1.00000000, 1.00000000, 1.00000000
0.575757575758, 0.272727272727, 0.80751023, 1.00000000, 1.00000000, 1.00000000
0.575757575758, 0.282828282828, 0.80914816, 1.00000000, 1.00000000, 1.00000000
0.575757575758, 0.292929292929, 0.81155304, 1.00000000, 1.00000000, 1.00000000
0.575757575758, 0.303030303030, 0.81471533, 1.00000000, 1.00000000, 1.00000000
0.575757575758, 0.313131313131, 0.81862248, 1.00000000, 1.00000000, 1.00000000
0.575757575758, 0.323232323232, 0.82325900, 1.00000000, 1.00000000, 1.00000000
0.575757575758, 0.333333333333, 0.82860648, 1.00000000, 1.00000000, 1.00000000
0.575757575758, 0.343434343434, 0.83464370, 1.00000000, 1.00000000, 1.00000000
0.575757575758, 0.353535353535, 0.84134669, 1.00000000, 1.00000000, 1.00000000
0.575757575758, 0.363636363636, 0.84868878, 1.00000000, 1.00000000, 1.00000000
0.575757575758, 0.373737373737, 0.85664076, 1.00000000, 1.00000000, 1.00000000
0.575757575758, 0.383838383838, 0.86517094, 1.00000000, 1.00000000, 1.00000000
0.575757575758, 0.393939393939, 0.87424531, 1.00000000, 1.00000000, 1.00000000
0.575757575758, 0.404040404040, 0.88382763, 1.00000000, 1.00000000, 1.00000000
0.575757575758, 0.414141414141, 0.89387962, 1.00000000, 1.00000000, 1.00000000
0.575757575758, 0.424242424242, 0.90436106, 1.00000000, 1.00000000, 1.00000000
0.575757575758, 0.434343434343, 0.91522997, 1.00000000, 1.00000000, 1.00000000
0.575757575758, 0.444444444444, 0.92644279, 1.00000000, 1.00000000, 1.00000000
0.575757575758, 0.454545454545, 0.93795453, 1.00000000, 1.00000000, 1.00000000
0.575757575758, 0.464646464646, 0.94971895, 1.00000000, 1.00000000, 1.00000000
0.575757575758, 0.474747474747, 0.96168876, 1.00000000, 1.00000000, 1.00000000
0.575757575758, 0.484848484848, 0.97381583, 1.00000000, 1.00000000, 1.00000000
0.575757575758, 0.494949494949, 0.98605131, 1.00000000, 1.00000000, 1.00000000
0.575757575758, 0.505050505051, 0.99834592, 1.00000000, 1.00000000, 1.00000000
0.575757575758, 0.515151515152, 1.01065009, 1.00000000, 1.00000000, 1.00000000
0.575757575758, 0.525252525253, 1.02291418, 1.00000000, 1.00000000, 1.00000000
0.575757575758, 0.535353535354, 1.03508868, 1.00000000, 1.00000000, 1.00000000
0.575757575758, 0.545454545455, 1.04712443, 1.00000000, 1.00000000, 1.00000000
0.575757575758, 0.555555555556, 1.05897279, 1.00000000, 1.00000000, 1.00000000
0.575757575758, 0.565656565657, 1.07058585, 1.00000000, 1.00000000, 1.00000000
0.575757575758, 0.575757575758, 1.08191667, 1.00000000, 1.00000000, 1.00000000
0.575757575758, 0.585858585859, 1.09291938, 1.00000000, 1.00000000, 1.00000000
0.575757575758, 0.595959595960, 1.10354946, 1.00000000, 1.00000000, 1.00000000
0.575757575758, 0.606060606061, 1.11376388, 1.00000000, 1.00000000, 1.00000000
0.575757575758, 0.616161616162, 1.12352126, 1.00000000, 1.00000000, 1.00000000
0.575757575758, 0.626262626263, 1.13278208, 1.00000000, 1.00000000, 1.00000000
0.575757575758, 0.636363636364, 1.14150883, 1.00000000, 1.00000000, 1.00000000
0.575757575758, 0.646464646465, 1.14966614, 1.00000000, 1.00000000, 1.00000000
0.575757575758, 0.656565656566, 1.15722095, 1.00000000, 1.00000000, 1.00000000
0.575757575758, 0.666666666667, 1.16414262, 1.00000000, 1.00000000, 1.00000000
0.575757575758, 0.676767676768, 1.17040311, 1.00000000, 1.00000000, 1.00000000
0.575757575758, 0.686868686869, 1.17597702, 1.00000000, 1.00000000, 1.00000000
0.575757575758, 0.696969696970, 1.18084175, 1.00000000, 1.00000000, 1.00000000
0.575757575758, 0.707070707071, 1.18497755, 1.00000000, 1.00000000, 1.00000000
0.575757575758, 0.717171717172, 1.18836765, 1.00000000, 1.00000000, 1.00000000
0.575757575758, 0.727272727273, 1.19099827, 1.00000000, 1.00000000, 1.00000000
0.575757575758, 0.737373737374, 1.19285870, 1.00000000, 1.00000000, 1.00000000
0.575757575758, 0.747474747475, 1.19394137, 1.00000000, 1.00000000, 1.00000000
0.575757575758, 0.757575757576, 1.19424181, 1.00000000, 1.00000000, 1.00000000
0.575757575758, 0.767676767677, 1.19375887, 1.00000000, 1.00000000, 1.00000000
0.575757575758, 0.777777777778, 1.19249458, 1.00000000, 1.00000000, 1.00000000
0.575757575758, 0.787878787879, 1.19045413, 1.00000000, 1.00000000, 1.00000000
0.575757575758, 0.797979797980, 1.18764583, 1.00000000, 1.00000000, 1.00000000
0.575757575758, 0.808080808081, 1.18408113, 1.00000000, 1.00000000, 1.00000000
0.575757575758, 0.818181818182, 1.17977451, 1.00000000, 1.00000000, 1.00000000
0.575757575758, 0.828282828283, 1.17474346, 1.00000000, 1.00000000, 1.00000000
0.575757575758, 0.838383838384, 1.16900841, 1.00000000, 1.00000000, 1.00000000
0.575757575758, 0.848484848485, 1.16259262, 1.00000000, 1.00000000, 1.00000000
0.575757575758, 0.858585858586, 1.15552214, 1.00000000, 1.00000000, 1.00000000
0.575757575758, 0.868686868687, 1.14782563, 1.00000000, 1.00000000, 1.00000000
0.575757575758, 0.878787878788, 1.13953431, 1.00000000, 1.00000000, 1.00000000
0.575757575758, 0.888888888889, 1.13068179, 1.00000000, 1.00000000, 1.00000000
0.575757575758, 0.898989898990, 1.12130395, 1.00000000, 1.00000000, 1.00000000
0.575757575758, 0.909090909091, 1.11143880, 1.00000000, 1.00000000, 1.00000000
0.575757575758, 0.919191919192, 1.10112633, 1.00000000, 1.00000000, 1.00000000
0.575757575758, 0.929292929293, 1.09040843, 1.00000000, 1.00000000, 1.00000000
0.575757575758, 0.939393939394, 1.07932903, 1.00000000, 1.00000000, 1.00000000
0.575757575758, 0.949494949495, 1.06793478, 1.00000000, 1.00000000, 1.00000000
0.575757575758, 0.959595959596, 1.05627701, 1.00000000, 1.00000000, 1.00000000
0.585858585859, -0.000000000000, 0.98448918, 1.00000000, 1.00000000, 1.00000000
0.585858585859, 0.010101010101, 0.97318447, 1.00000000, 1.00000000, 1.00000000
0.585858585859, 0.020202020202, 0.96230879, 1.00000000, 1.00000000, 1.00000000
0.585858585859, 0.030303030303, 0.95182165, 1.00000000, 1.00000000, 1.00000000
0.585858585859, 0.040404040404, 0.94160371, 1.00000000, 1.00000000, 1.00000000
0.585858585859, 0.050505050505, 0.93150535, 1.00000000, 1.00000000, 1.00000000
0.585858585859, 0.060606060606, 0.92141077, 1.00000000, 1.00000000, 1.00000000
0.585858585859, 0.070707070707, 0.91128346, 1.00000000, 1.00000000, 1.00000000
0.585858585859, 0.080808080808, 0.90117261, 1.00000000, 1.00000000, 1.00000000
0.585858585859, 0.090909090909, 0.89118582, 1.00000000, 1.00000000, 1.00000000
0.585858585859, 0.101010101010, 0.88145002, 1.00000000, 1.00000000, 1.00000000
0.585858585859, 0.111111111111, 0.87208115, 1.00000000, 1.00000000, 1.00000000
0.585858585859, 0.121212121212, 0.86317067, 1.00000000, 1.00000000, 1.00000000
0.585858585859, 0.131313131313, 0.85478576, 1.00000000, 1.00000000, 1.00000000
0.585858585859, 0.141414141414, 0.84697561, 1.00000000, 1.00000000, 1.00000000
0.585858585859, 0.151515151515, 0.83977812, 1.00000000, 1.00000000, 1.00000000
0.585858585859, 0.161616161616, 0.83322447, 1.00000000, 1.00000000, 1.00000000
0.585858585859, 0.171717171717, 0.82734156, 1.00000000, 1.00000000, 1.00000000
0.585858585859, 0.181818181818, 0.82215301, 1.00000000, 1.00000000, 1.00000000
0.585858585859, 0.191919191919, 0.81767950, 1.00000000, 1.00000000, 1.00000000
0.585858585859, 0.202020202020, 0.81393886, 1.00000000, 1.00000000, 1.00000000
0.585858585859, 0.212121212121, 0.81094597, 1.00000000, 1.00000000, 1.00000000
0.585858585859, 0.222222222222, 0.80871279, 1.00000000, 1.00000000, 1.00000000
0.585858585859, 0.232323232323, 0.80724827, 1.00000000, 1.00000000, 1.00000000
0.585858585859, 0.242424242424, 0.80655834, 1.00000000, 1.00000000, 1.00000000
0.585858585859, 0.252525252525, 0.80664580, 1.00000000, 1.00000000, 1.00000000
0.585858585859, 0.262626262626, 0.80751023, 1.00000000, 1.00000000, 1.00000000
0.585858585859, 0.272727272727, 0.80914816, 1.00000000, 1.00000000, 1.00000000
0.585858585859, 0.282828282828, 0.81155304, 1.00000000, 1.00000000, 1.00000000
0.585858585859, 0.292929292929, 0.81471533, 1.00000000, 1.00000000, 1.00000000
0.585858585859, 0.303030303030, 0.81862248, 1.00000000, 1.00000000, 1.00000000
0.585858585859, 0.313131313131, 0.82325900, 1.00000000, 1.00000000, 1.00000000
0.585858585859, 0.323232323232, 0.82860648, 1.00000000, 1.00000000, 1.00000000
0.585858585859, 0.333333333333, 0.83464370, 1.00000000, 1.00000000, 1.00000000
0.585858585859, 0.343434343434, 0.84134669, 1.00000000, 1.00000000, 1.00000000
0.585858585859, 0.353535353535, 0.84868878, 1.00000000, 1.00000000, 1.00000000
0.585858585859, 0.363636363636, 0.85664076, 1.00000000, 1.00000000, 1.00000000
0.585858585859, 0.373737373737, 0.86517094, 1.00000000, 1.00000000, 1.00000000
0.585858585859, 0.383838383838, 0.87424531, 1.00000000, 1.00000000, 1.00000000
0.585858585859, 0.393939393939, 0.88382763, 1.00000000, 1.00000000, 1.00000000
0.585858585859, 0.404040404040, 0.89387962, 1.00000000, 1.00000000, 1.00000000
0.585858585859, 0.414141414141, 0.90436106, 1.00000000, 1.00000000, 1.00000000
0.585858585859, 0.424242424242, 0.91522997, 1.00000000, 1.00000000, 1.00000000
0.585858585859, 0.434343434343, 0.92644279, 1.00000000, 1.00000000, 1.00000000
0.585858585859, 0.444444444444, 0.93795453, 1.00000000, 1.00000000, 1.00000000
0.585858585859, 0.454545454545, 0.94971895, 1.00000000, 1.00000000, 1.00000000
0.585858585859, 0.464646464646, 0.96168876, 1.00000000, 1.00000000, 1.00000000
0.585858585859, 0.474747474747, 0.97381583, 1.00000000, 1.00000000, 1.00000000
0.585858585859, 0.484848484848, 0.98605131, 1.00000000, 1.00000000, 1.00000000
0.585858585859, 0.494949494949, 0.99834592, 1.00000000, 1.00000000, 1.00000000
0.585858585859, 0.505050505051, 1.01065009, 1.00000000, 1.00000000, 1.00000000
0.585858585859, 0.515151515152, 1.02291418, 1.00000000, 1.00000000, 1.00000000
0.585858585859, 0.525252525253, 1.03508868, 1.00000000, 1.00000000, 1.00000000
0.585858585859, 0.535353535354, 1.04712443, 1.00000000, 1.00000000, 1.00000000
0.585858585859, 0.545454545455, 1.05897279, 1.00000000, 1.00000000, 1.00000000
0.585858585859, 0.555555555556, 1.07058585, 1.00000000, 1.00000000, 1.00000000
0.585858585859, 0.565656565657, 1.08191667, 1.00000000, 1.00000000, 1.00000000
0.585858585859, 0.575757575758, 1.09291938, 1.00000000, 1.00000000, 1.00000000
0.585858585859, 0.585858585859, 1.10354946, 1.00000000, 1.00000000, 1.00000000
0.585858585859, 0.595959595960, 1.11376388, 1.00000000, 1.00000000, 1.00000000
0.585858585859, 0.606060606061, 1.12352126, 1.00000000, 1.00000000, 1.00000000
0.585858585859, 0.616161616162, 1.13278208, 1.00000000, 1.00000000, 1.00000000
0.585858585859, 0.626262626263, 1.14150883, 1.00000000, 1.00000000, 1.00000000
0.585858585859, 0.636363636364, 1.14966614, 1.00000000, 1.00000000, 1.00000000
0.585858585859, 0.646464646465, 1.15722095, 1.00000000, 1.00000000, 1.00000000
0.585858585859, 0.656565656566, 1.16414262, 1.00000000, 1.00000000, 1.00000000
0.585858585859, 0.666666666667, 1.17040311, 1.00000000, 1.00000000, 1.00000000
0.585858585859, 0.676767676768, 1.17597702, 1.00000000, 1.00000000, 1.00000000
0.585858585859, 0.686868686869, 1.18084175, 1.00000000, 1.00000000, 1.00000000
0.585858585859, 0.696969696970, 1.18497755, 1.00000000, 1.00000000, 1.00000000
0.585858585859, 0.707070707071, 1.18836765, 1.00000000, 1.00000000, 1.00000000
0.585858585859, 0.717171717172, 1.19099827, 1.00000000, 1.00000000, 1.00000000
0.585858585859, 0.727272727273, 1.19285870, 1.00000000, 1.00000000, 1.00000000
0.585858585859, 0.737373737374, 1.19394137, 1.00000000, 1.00000000, 1.00000000
0.585858585859, 0.747474747475, 1.19424181, 1.00000000, 1.00000000, 1.00000000
0.585858585859, 0.757575757576, 1.19375887, 1.00000000, 1.00000000, 1.00000000
0.585858585859, 0.767676767677, 1.19249458, 1.00000000, 1.00000000, 1.00000000
0.585858585859, 0.777777777778, 1.19045413, 1.00000000, 1.00000000, 1.00000000
0.585858585859, 0.787878787879, 1.18764583, 1.00000000, 1.00000000, 1.00000000
0.585858585859, 0.797979797980, 1.18408113, 1.00000000, 1.00000000, 1.00000000
0.585858585859, 0.808080808081, 1.17977451, 1.00000000, 1.00000000, 1.00000000
0.585858585859, 0.818181818182, 1.17474346, 1.00000000, 1.00000000, 1.00000000
0.585858585859, 0.828282828283, 1.16900841, 1.00000000, 1.00000000, 1.00000000
0.585858585859, 0.838383838384, 1.16259262, 1.00000000, 1.00000000, 1.00000000
0.585858585859, 0.848484848485, 1.15552214, 1.00000000, 1.00000000, 1.00000000
0.585858585859, 0.858585858586, 1.14782563, 1.00000000, 1.00000000, 1.00000000
0.585858585859, 0.868686868687, 1.13953431, 1.00000000, 1.00000000, 1.00000000
0.585858585859, 0.878787878788, 1.13068179, 1.00000000, 1.00000000, 1.00000000
0.585858585859, 0.888888888889, 1.12130395, 1.00000000, 1.00000000, 1.00000000
0.585858585859, 0.898989898990, 1.11143879, 1.00000000, 1.00000000, 1.00000000
0.585858585859, 0.909090909091, 1.10112628, 1.00000000, 1.00000000, 1.00000000
0.585858585859, 0.919191919192, 1.09040820, 1.00000000, 1.00000000, 1.00000000
0.585858585859, 0.929292929293, 1.07932808, 1.00000000, 1.00000000, 1.00000000
0.585858585859, 0.939393939394, 1.06793130, 1.00000000, 1.00000000, 1.00000000
0.585858585859, 0.949494949495, 1.05626576, 1.00000000, 1.00000000, 1.00000000
0.585858585859, 0.959595959596, 1.04438384, 1.00000000, 1.00000000, 1.00000000
0.595959595960, -0.000000000000, 0.97224972, 1.00000000, 1.00000000, 1.00000000
0.595959595960, 0.010101010101, 0.96103910, 1.00000000, 1.00000000, 1.00000000
0.595959595960, 0.020202020202, 0.95029372, 1.00000000, 1.00000000, 1.00000000
0.595959595960, 0.030303030303, 0.93997293, 1.00000000, 1.00000000, 1.00000000
0.595959595960, 0.040404040404, 0.92995978, 1.00000000, 1.00000000, 1.00000000
0.595959595960, 0.050505050505, 0.92010853, 1.00000000, 1.00000000, 1.00000000
0.595959595960, 0.060606060606, 0.91030695, 1.00000000, 1.00000000, 1.00000000
0.595959595960, 0.070707070707, 0.90052034, 1.00000000, 1.00000000, 1.00000000
0.595959595960, 0.080808080808, 0.89079750, 1.00000000, 1.00000000, 1.00000000
0.595959595960, 0.090909090909, 0.88124393, 1.00000000, 1.00000000, 1.00000000
0.595959595960, 0.101010101010, 0.87198367, 1.00000000, 1.00000000, 1.00000000
0.595959595960, 0.111111111111, 0.86312962, 1.00000000, 1.00000000, 1.00000000
0.595959595960, 0.121212121212, 0.85477038, 1.00000000, 1.00000000, 1.00000000
0.595959595960, 0.131313131313, 0.84697050, 1.00000000, 1.00000000, 1.00000000
0.595959595960, 0.141414141414, 0.83977662, 1.00000000, 1.00000000, 1.00000000
0.595959595960, 0.151515151515, 0.83322408, 1.00000000, 1.00000000, 1.00000000
0.595959595960, 0.161616161616, 0.82734147, 1.00000000, 1.00000000, 1.00000000
0.595959595960, 0.171717171717, 0.82215299, 1.00000000, 1.00000000, 1.00000000
0.595959595960, 0.181818181818, 0.81767950, 1.00000000, 1.00000000, 1.00000000
0.595959595960, 0.191919191919, 0.81393886, 1.00000000, 1.00000000, 1.00000000
0.595959595960, 0.202020202020, 0.81094597, 1.00000000, 1.00000000, 1.00000000
0.595959595960, 0.212121212121, 0.80871279, 1.00000000, 1.00000000, 1.00000000
0.595959595960, 0.222222222222, 0.80724827, 1.00000000, 1.00000000, 1.00000000
0.595959595960, 0.232323232323, 0.80655834, 1.00000000, 1.00000000, 1.00000000
0.595959595960, 0.242424242424, 0.80664580, 1.00000000, 1.00000000, 1.00000000
0.595959595960, 0.252525252525, 0.80751023, 1.00000000, 1.00000000, 1.00000000
0.595959595960, 0.262626262626, 0.80914816, 1.00000000, 1.00000000, 1.00000000
0.595959595960, 0.272727272727, 0.81155304, 1.00000000, 1.00000000, 1.00000000
0.595959595960, 0.282828282828, 0.81471533, 1.00000000, 1.00000000, 1.00000000
0.595959595960, 0.292929292929, 0.81862248, 1.00000000, 1.00000000, 1.00000000
0.595959595960, 0.303030303030, 0.82325900, 1.00000000, 1.00000000, 1.00000000
0.595959595960, 0.313131313131, 0.82860648, 1.00000000, 1.00000000, 1.00000000
0.595959595960, 0.323232323232, 0.83464370, 1.00000000, 1.00000000, 1.00000000
0.595959595960, 0.333333333333, 0.84134669, 1.00000000, 1.00000000, 1.00000000
0.595959595960, 0.343434343434, 0.84868878, 1.00000000, 1.00000000, 1.00000000
0.595959595960, 0.353535353535, 0.85664076, 1.00000000, 1.00000000, 1.00000000
0.595959595960, 0.363636363636, 0.86517094, 1.00000000, 1.00000000, 1.00000000
0.595959595960, 0.373737373737, 0.87424531, 1.00000000, 1.00000000, 1.00000000
0.595959595960, 0.383838383838, 0.88382763, 1.00000000, 1.00000000, 1.00000000
0.595959595960, 0.393939393939, 0.89387962, 1.00000000, 1.00000000, 1.00000000
0.595959595960, 0.404040404040, 0.90436106, 1.00000000, 1.00000000, 1.00000000
0.595959595960, 0.414141414141, 0.91522997, 1.00000000, 1.00000000, 1.00000000
0.595959595960, 0.424242424242, 0.92644279, 1.00000000, 1.00000000, 1.00000000
0.595959595960, 0.434343434343, 0.93795453, 1.00000000, 1.00000000, 1.00000000
0.595959595960, 0.444444444444, 0.94971895, 1.00000000, 1.00000000, 1.00000000
0.595959595960, 0.454545454545, 0.96168876, 1.00000000, 1.00000000, 1.00000000
0.595959595960, 0.464646464646, 0.97381583, 1.00000000, 1.00000000, 1.00000000
0.595959595960, 0.474747474747, 0.98605131, 1.00000000, 1.00000000, 1.00000000
0.595959595960, 0.484848484848, 0.99834592, 1.00000000, 1.00000000, 1.00000000
0.595959595960, 0.494949494949, 1.01065009, 1.00000000, 1.00000000, 1.00000000
0.595959595960, 0.505050505051, 1.02291418, 1.00000000, 1.00000000, 1.00000000
0.595959595960, 0.515151515152, 1.03508868, 1.00000000, 1.00000000, 1.00000000
0.595959595960, 0.525252525253, 1.04712443, 1.00000000, 1.00000000, 1.00000000
0.595959595960, 0.535353535354, 1.05897279, 1.00000000, 1.00000000, 1.00000000
0.595959595960, 0.545454545455, 1.07058585, 1.00000000, 1.00000000, 1.00000000
0.595959595960, 0.555555555556, 1.08191667, 1.00000000, 1.00000000, 1.00000000
0.595959595960, 0.565656565657, 1.09291938, 1.00000000, 1.00000000, 1.00000000
0.595959595960, 0.575757575758, 1.10354946, 1.00000000, 1.00000000, 1.00000000
0.595959595960, 0.585858585859, 1.11376388, 1.00000000, 1.00000000, 1.00000000
0.595959595960, 0.595959595960, 1.12352126, 1.00000000, 1.00000000, 1.00000000
0.595959595960, 0.606060606061, 1.13278208, 1.00000000, 1.00000000, 1.00000000
0.595959595960, 0.616161616162, 1.14150883, 1.00000000, 1.00000000, 1.00000000
0.595959595960, 0.626262626263, 1.14966614, 1.00000000, 1.00000000, 1.00000000
0.595959595960, 0.636363636364, 1.15722095, 1.00000000, 1.00000000, 1.00000000
0.595959595960, 0.646464646465, 1.16414262, 1.00000000, 1.00000000, 1.00000000
0.595959595960, 0.656565656566, 1.17040311, 1.00000000, 1.00000000, 1.00000000
0.595959595960, 0.666666666667, 1.17597702, 1.00000000, 1.00000000, 1.00000000
0.595959595960, 0.676767676768, 1.18084175, 1.00000000, 1.00000000, 1.00000000
0.595959595960, 0.686868686869, 1.18497755, 1.00000000, 1.00000000, 1.00000000
0.595959595960, 0.696969696970, 1.18836765, 1.00000000, 1.00000000, 1.00000000
0.595959595960, 0.707070707071, 1.19099827, 1.00000000, 1.00000000, 1.00000000
0.595959595960, 0.717171717172, 1.19285870, 1.00000000, 1.00000000, 1.00000000
0.595959595960, 0.727272727273, 1.19394137, 1.00000000, 1.00000000, 1.00000000
0.595959595960, 0.737373737374, 1.19424181, 1.00000000, 1.00000000, 1.00000000
0.595959595960, 0.747474747475, 1.19375887, 1.00000000, 1.00000000, 1.00000000
0.595959595960, 0.757575757576, 1.19249458, 1.00000000, 1.00000000, 1.00000000
0.595959595960, 0.767676767677, 1.19045413, 1.00000000, 1.00000000, 1.00000000
0.595959595960, 0.777777777778, 1.18764583, 1.00000000, 1.00000000, 1.00000000
0.595959595960, 0.787878787879, 1.18408113, 1.00000000, 1.00000000, 1.00000000
0.595959595960, 0.797979797980, 1.17977451, 1.00000000, 1.00000000, 1.00000000
0.595959595960, 0.808080808081, 1.17474346, 1.00000000, 1.00000000, 1.00000000
0.595959595960, 0.818181818182, 1.16900841, 1.00000000, 1.00000000, 1.00000000
0.595959595960, 0.828282828283, 1.16259262, 1.00000000, 1.00000000, 1.00000000
0.595959595960, 0.838383838384, 1.15552214, 1.00000000, 1.00000000, 1.00000000
0.595959595960, 0.848484848485, 1.14782563, 1.00000000, 1.00000000, 1.00000000
0.595959595960, 0.858585858586, 1.13953431, 1.00000000, 1.00000000, 1.00000000
0.595959595960, 0.868686868687, 1.13068179, 1.00000000, 1.00000000, 1.00000000
0.595959595960, 0.878787878788, 1.12130395, 1.00000000, 1.00000000, 1.00000000
0.595959595960, 0.888888888889, 1.11143879, 1.00000000, 1.00000000, 1.00000000
0.595959595960, 0.898989898990, 1.10112627, 1.00000000, 1.00000000, 1.00000000
0.595959595960, 0.909090909091, 1.09040815, 1.00000000, 1.00000000, 1.00000000
0.595959595960, 0.919191919192, 1.07932785, 1.00000000, 1.00000000, 1.00000000
0.595959595960, 0.929292929293, 1.06793035, 1.00000000, 1.00000000, 1.00000000
0.595959595960, 0.939393939394, 1.05626228, 1.00000000, 1.00000000, 1.00000000
0.595959595960, 0.949494949495, 1.04437261, 1.00000000, 1.00000000, 1.00000000
0.595959595960, 0.959595959596, 1.03231453, 1.00000000, 1.00000000, 1.00000000
0.606060606061, -0.000000000000, 0.96012466, 1.00000000, 1.00000000, 1.00000000
0.606060606061, 0.010101010101, 0.94905318, 1.00000000, 1.00000000, 1.00000000
0.606060606061, 0.020202020202, 0.93848133, 1.00000000, 1.00000000, 1.00000000
0.606060606061, 0.030303030303, 0.92836847, 1.00000000, 1.00000000, 1.00000000
0.606060606061, 0.040404040404, 0.91860048, 1.00000000, 1.00000000, 1.00000000
0.606060606061, 0.050505050505, 0.90903601, 1.00000000, 1.00000000, 1.00000000
0.606060606061, 0.060606060606, 0.89956680, 1.00000000, 1.00000000, 1.00000000
0.606060606061, 0.070707070707, 0.89016009, 1.00000000, 1.00000000, 1.00000000
0.606060606061, 0.080808080808, 0.88086410, 1.00000000, 1.00000000, 1.00000000
0.606060606061, 0.090909090909, 0.87178187, 1.00000000, 1.00000000, 1.00000000
0.606060606061, 0.101010101010, 0.86303405, 1.00000000, 1.00000000, 1.00000000
0.606060606061, 0.111111111111, 0.85473008, 1.00000000, 1.00000000, 1.00000000
0.606060606061, 0.121212121212, 0.84695539, 1.00000000, 1.00000000, 1.00000000
0.606060606061, 0.131313131313, 0.83977159, 1.00000000, 1.00000000, 1.00000000
0.606060606061, 0.141414141414, 0.83322260, 1.00000000, 1.00000000, 1.00000000
0.606060606061, 0.151515151515, 0.82734109, 1.00000000, 1.00000000, 1.00000000
0.606060606061, 0.161616161616, 0.82215290, 1.00000000, 1.00000000, 1.00000000
0.606060606061, 0.171717171717, 0.81767948, 1.00000000, 1.00000000, 1.00000000
0.606060606061, 0.181818181818, 0.81393886, 1.00000000, 1.00000000, 1.00000000
0.606060606061, 0.191919191919, 0.81094597, 1.00000000, 1.00000000, 1.00000000
0.606060606061, 0.202020202020, 0.80871279, 1.00000000, 1.00000000, 1.00000000
0.606060606061, 0.212121212121, 0.80724827, 1.00000000, 1.00000000, 1.00000000
0.606060606061, 0.222222222222, 0.80655834, 1.00000000, 1.00000000, 1.00000000
0.606060606061, 0.232323232323, 0.80664580, 1.00000000, 1.00000000, 1.00000000
0.606060606061, 0.242424242424, 0.80751023, 1.00000000, 1.00000000, 1.00000000
0.606060606061, 0.252525252525, 0.80914816, 1.00000000, 1.00000000, 1.00000000
0.606060606061, 0.262626262626, 0.81155304, 1.00000000, 1.00000000, 1.00000000
0.606060606061, 0.272727272727, 0.81471533, 1.00000000, 1.00000000, 1.00000000
0.606060606061, 0.282828282828, 0.81862248, 1.00000000, 1.00000000, 1.00000000
0.606060606061, 0.292929292929, 0.82325900, 1.00000000, 1.00000000, 1.00000000
0.606060606061, 0.303030303030, 0.82860648, 1.00000000, 1.00000000, 1.00000000
0.606060606061, 0.313131313131, 0.83464370, 1.00000000, 1.00000000, 1.00000000
0.606060606061, 0.323232323232, 0.84134669, 1.00000000, 1.00000000, 1.00000000
0.606060606061, 0.333333333333, 0.84868878, 1.00000000, 1.00000000, 1.00000000
0.606060606061, 0.343434343434, 0.85664076, 1.00000000, 1.00000000, 1.00000000
0.606060606061, 0.353535353535, 0.86517094, 1.00000000, 1.00000000, 1.00000000
0.606060606061, 0.363636363636, 0.87424531, 1.00000000, 1.00000000, 1.00000000
0.606060606061, 0.373737373737, 0.88382763, 1.00000000, 1.00000000, 1.00000000
0.606060606061, 0.383838383838, 0.89387962, 1.00000000, 1.00000000, 1.00000000
0.606060606061, 0.393939393939, 0.90436106, 1.00000000, 1.00000000, 1.00000000
0.606060606061, 0.404040404040, 0.91522997, 1.00000000, 1.00000000, 1.00000000
0.606060606061, 0.414141414141, 0.92644279, 1.00000000, 1.00000000, 1.00000000
0.606060606061, 0.424242424242, 0.93795453, 1.00000000, 1.00000000, 1.00000000
0.606060606061, 0.434343434343, 0.94971895, 1.00000000, 1.00000000, 1.00000000
0.606060606061, 0.444444444444, 0.96168876, 1.00000000, 1.00000000, 1.00000000
0.606060606061, 0.454545454545, 0.97381583, 1.00000000, 1.00000000, 1.00000000
0.606060606061, 0.464646464646, 0.98605131, 1.00000000, 1.00000000, 1.00000000
0.606060606061, 0.474747474747, 0.99834592, 1.00000000, 1.00000000, 1.00000000
0.606060606061, 0.484848484848, 1.01065009, 1.00000000, 1.00000000, 1.00000000
0.606060606061, 0.494949494949, 1.02291418, 1.00000000, 1.00000000, 1.00000000
0.606060606061, 0.505050505051, 1.03508868, 1.00000000, 1.00000000, 1.00000000
0.606060606061, 0.515151515152, 1.04712443, 1.00000000, 1.00000000, 1.00000000
0.606060606061, 0.525252525253, 1.05897279, 1.00000000, 1.00000000, 1.00000000
0.606060606061, 0.535353535354, 1.07058585, 1.00000000, 1.00000000, 1.00000000
0.606060606061, 0.545454545455, 1.08191667, 1.00000000, 1.00000000, 1.00000000
0.606060606061, 0.555555555556, 1.09291938, 1.00000000, 1.00000000, 1.00000000
0.606060606061, 0.565656565657, 1.10354946, 1.00000000, 1.00000000, 1.00000000
0.606060606061, 0.575757575758, 1.11376388, 1.00000000, 1.00000000, 1.00000000
0.606060606061, 0.585858585859, 1.12352126, 1.00000000, 1.00000000, 1.00000000
0.606060606061, 0.595959595960, 1.13278208, 1.00000000, 1.00000000, 1.00000000
0.606060606061, 0.606060606061, 1.14150883, 1.00000000, 1.00000000, 1.00000000
0.606060606061, 0.616161616162, 1.14966614, 1.00000000, 1.00000000, 1.00000000
0.606060606061, 0.626262626263, 1.15722095, 1.00000000, 1.00000000, 1.00000000
0.606060606061, 0.636363636364, 1.16414262, 1.00000000, 1.00000000, 1.00000000
0.606060606061, 0.646464646465, 1.17040311, 1.00000000, 1.00000000, 1.00000000
0.606060606061, 0.656565656566, 1.17597702, 1.00000000, 1.00000000, 1.00000000
0.606060606061, 0.666666666667, 1.18084175, 1.00000000, 1.00000000, 1.00000000
0.606060606061, 0.676767676768, 1.18497755, 1.00000000, 1.00000000, 1.00000000
0.606060606061, 0.686868686869, 1.18836765, 1.00000000, 1.00000000, 1.00000000
0.606060606061, 0.696969696970, 1.19099827, 1.00000000, 1.00000000, 1.00000000
0.606060606061, 0.707070707071, 1.19285870, 1.00000000, 1.00000000, 1.00000000
0.606060606061, 0.717171717172, 1.19394137, 1.00000000, 1.00000000, 1.00000000
0.606060606061, 0.727272727273, 1.19424181, 1.00000000, 1.00000000, 1.00000000
0.606060606061, 0.737373737374, 1.19375887, 1.00000000, 1.00000000, 1.00000000
0.606060606061, 0.747474747475, 1.19249458, 1.00000000, 1.00000000, 1.00000000
0.606060606061, 0.757575757576, 1.19045413, 1.00000000, 1.00000000, 1.00000000
0.606060606061, 0.767676767677, 1.18764583, 1.00000000, 1.00000000, 1.00000000
0.606060606061, 0.777777777778, 1.18408113, 1.00000000, 1.00000000, 1.00000000
0.606060606061, 0.787878787879, 1.17977451, 1.00000000, 1.00000000, 1.00000000
0.606060606061, 0.797979797980, 1.17474346, 1.00000000, 1.00000000, 1.00000000
0.606060606061, 0.808080808081, 1.16900841, 1.00000000, 1.00000000, 1.00000000
0.606060606061, 0.818181818182, 1.16259262, 1.00000000, 1.00000000, 1.00000000
0.606060606061, 0.828282828283, 1.15552214, 1.00000000, 1.00000000, 1.00000000
0.606060606061, 0.838383838384, 1.14782563, 1.00000000, 1.00000000, 1.00000000
0.606060606061, 0.848484848485, 1.13953431, 1.00000000, 1.00000000, 1.00000000
0.606060606061, 0.858585858586, 1.13068179, 1.00000000, 1.00000000, 1.00000000
0.606060606061, 0.868686868687, 1.12130395, 1.00000000, 1.00000000, 1.00000000
0.606060606061, 0.878787878788, 1.11143879, 1.00000000, 1.00000000, 1.00000000
0.606060606061, 0.888888888889, 1.10112627, 1.00000000, 1.00000000, 1.00000000
0.606060606061, 0.898989898990, 1.09040814, 1.00000000, 1.00000000, 1.00000000
0.606060606061, 0.909090909091, 1.07932780, 1.00000000, 1.00000000, 1.00000000
0.606060606061, 0.919191919192, 1.06793011, 1.00000000, 1.00000000, 1.00000000
0.606060606061, 0.929292929293, 1.05626132, 1.00000000, 1.00000000, 1.00000000
0.606060606061, 0.939393939394, 1.04436913, 1.00000000, 1.00000000, 1.00000000
0.606060606061, 0.949494949495, 1.03230337, 1.00000000, 1.00000000, 1.00000000
0.606060606061, 0.959595959596, 1.02011783, 1.00000000, 1.00000000, 1.00000000
0.616161616162, -0.000000000000, 0.94816271, 1.00000000, 1.00000000, 1.00000000
0.616161616162, 0.010101010101, 0.93727482, 1.00000000, 1.00000000, 1.00000000
0.616161616162, 0.020202020202, 0.92691901, 1.00000000, 1.00000000, 1.00000000
0.616161616162, 0.030303030303, 0.91705483, 1.00000000, 1.00000000, 1.00000000
0.616161616162, 0.040404040404, 0.90757138, 1.00000000, 1.00000000, 1.00000000
0.616161616162, 0.050505050505, 0.89833220, 1.00000000, 1.00000000, 1.00000000
0.616161616162, 0.060606060606, 0.88923339, 1.00000000, 1.00000000, 1.00000000
0.616161616162, 0.070707070707, 0.88024421, 1.00000000, 1.00000000, 1.00000000
0.616161616162, 0.080808080808, 0.87141216, 1.00000000, 1.00000000, 1.00000000
0.616161616162, 0.090909090909, 0.86283744, 1.00000000, 1.00000000, 1.00000000
0.616161616162, 0.101010101010, 0.85463688, 1.00000000, 1.00000000, 1.00000000
0.616161616162, 0.111111111111, 0.84691605, 1.00000000, 1.00000000, 1.00000000
0.616161616162, 0.121212121212, 0.83975682, 1.00000000, 1.00000000, 1.00000000
0.616161616162, 0.131313131313, 0.83321769, 1.00000000, 1.00000000, 1.00000000
0.616161616162, 0.141414141414, 0.82733964, 1.00000000, 1.00000000, 1.00000000
0.616161616162, 0.151515151515, 0.82215252, 1.00000000, 1.00000000, 1.00000000
0.616161616162, 0.161616161616, 0.81767940, 1.00000000, 1.00000000, 1.00000000
0.616161616162, 0.171717171717, 0.81393884, 1.00000000, 1.00000000, 1.00000000
0.616161616162, 0.181818181818, 0.81094597, 1.00000000, 1.00000000, 1.00000000
0.616161616162, 0.191919191919, 0.80871279, 1.00000000, 1.00000000, 1.00000000
0.616161616162, 0.202020202020, 0.80724827, 1.00000000, 1.00000000, 1.00000000
0.616161616162, 0.212121212121, 0.80655834, 1.00000000, 1.00000000, 1.00000000
0.616161616162, 0.222222222222, 0.80664580, 1.00000000, 1.00000000, 1.00000000
0.616161616162, 0.232323232323, 0.80751023, 1.00000000, 1.00000000, 1.00000000
0.616161616162, 0.242424242424, 0.80914816, 1.00000000, 1.00000000, 1.00000000
0.616161616162, 0.252525252525, 0.81155304, 1.00000000, 1.00000000, 1.00000000
0.616161616162, 0.262626262626, 0.81471533, 1.00000000, 1.00000000, 1.00000000
0.616161616162, 0.272727272727, 0.81862248, 1.00000000, 1.00000000, 1.00000000
0.616161616162, 0.282828282828, 0.82325900, 1.00000000, 1.00000000, 1.00000000
0.616161616162, 0.292929292929, 0.82860648, 1.00000000, 1.00000000, 1.00000000
0.616161616162, 0.303030303030, 0.83464370, 1.00000000, 1.00000000, 1.00000000
0.616161616162, 0.313131313131, 0.84134669, 1.00000000, 1.00000000, 1.00000000
0.616161616162, 0.323232323232, 0.84868878, 1.00000000, 1.00000000, 1.00000000
0.616161616162, 0.333333333333, 0.85664076, 1.00000000, 1.00000000, 1.00000000
0.616161616162, 0.343434343434, 0.86517094, 1.00000000, 1.00000000, 1.00000000
0.616161616162, 0.353535353535, 0.87424531, 1.00000000, 1.00000000, 1.00000000
0.616161616162, 0.363636363636, 0.88382763, 1.00000000, 1.00000000, 1.00000000
0.616161616162, 0.373737373737, 0.89387962, 1.00000000, 1.00000000, 1.00000000
0.616161616162, 0.383838383838, 0.90436106, 1.00000000, 1.00000000, 1.00000000
0.616161616162, 0.393939393939, 0.91522997, 1.00000000, 1.00000000, 1.00000000
0.616161616162, 0.404040404040, 0.92644279, 1.00000000, 1.00000000, 1.00000000
0.616161616162, 0.414141414141, 0.93795453, 1.00000000, 1.00000000, 1.00000000
0.616161616162, 0.424242424242, 0.94971895, 1.00000000, 1.00000000, 1.00000000
0.616161616162, 0.434343434343, 0.96168876, 1.00000000, 1.00000000, 1.00000000
0.616161616162, 0.444444444444, 0.97381583, 1.00000000, 1.00000000, 1.00000000
0.616161616162, 0.454545454545, 0.98605131, 1.00000000, 1.00000000, 1.00000000
0.616161616162, 0.464646464646, 0.99834592, 1.00000000, 1.00000000, 1.00000000
0.616161616162, 0.474747474747, 1.01065009, 1.00000000, 1.00000000, 1.00000000
0.616161616162, 0.484848484848, 1.02291418, 1.00000000, 1.00000000, 1.00000000
0.616161616162, 0.494949494949, 1.03508868, 1.00000000, 1.00000000, 1.00000000
0.616161616162, 0.505050505051, 1.04712443, 1.00000000, 1.00000000, 1.00000000
0.616161616162, 0.515151515152, 1.05897279, 1.00000000, 1.00000000, 1.00000000
0.616161616162, 0.525252525253, 1.07058585, 1.00000000, 1.00000000, 1.00000000
0.616161616162, 0.535353535354, 1.08191667, 1.00000000, 1.00000000, 1.00000000
0.616161616162, 0.545454545455, 1.09291938, 1.00000000, 1.00000000, 1.00000000
0.616161616162, 0.555555555556, 1.10354946, 1.00000000, 1.00000000, 1.00000000
0.616161616162, 0.565656565657, 1.11376388, 1.00000000, 1.00000000, 1.00000000
0.616161616162, 0.575757575758, 1.12352126, 1.00000000, 1.00000000, 1.00000000
0.616161616162, 0.585858585859, 1.13278208, 1.00000000, 1.00000000, 1.00000000
0.616161616162, 0.595959595960, 1.14150883, 1.00000000, 1.00000000, 1.00000000
0.616161616162, 0.606060606061, 1.14966614, 1.00000000, 1.00000000, 1.00000000
0.616161616162, 0.616161616162, 1.15722095, 1.00000000, 1.00000000, 1.00000000
0.616161616162, 0.626262626263, 1.16414262, 1.00000000, 1.00000000, 1.00000000
0.616161616162, 0.636363636364, 1.17040311, 1.00000000, 1.00000000, 1.00000000
0.616161616162, 0.646464646465, 1.17597702, 1.00000000, 1.00000000, 1.00000000
0.616161616162, 0.656565656566, 1.18084175, 1.00000000, 1.00000000, 1.00000000
0.616161616162, 0.666666666667, 1.18497755, 1.00000000, 1.00000000, 1.00000000
0.616161616162, 0.676767676768, 1.18836765, 1.00000000, 1.00000000, 1.00000000
0.616161616162, 0.686868686869, 1.19099827, 1.00000000, 1.00000000, 1.00000000
0.616161616162, 0.696969696970, 1.19285870, 1.00000000, 1.00000000, 1.00000000
0.616161616162, 0.707070707071, 1.19394137, 1.00000000, 1.00000000, 1.00000000
0.616161616162, 0.717171717172, 1.19424181, 1.00000000, 1.00000000, 1.00000000
0.616161616162, 0.727272727273, 1.19375887, 1.00000000, 1.00000000, 1.00000000
0.616161616162, 0.737373737374, 1.19249458, 1.00000000, 1.00000000, 1.00000000
0.616161616162, 0.747474747475, 1.19045413, 1.00000000, 1.00000000, 1.00000000
0.616161616162, 0.757575757576, 1.18764583, 1.00000000, 1.00000000, 1.00000000
0.616161616162, 0.767676767677, 1.18408113, 1.00000000, 1.00000000, 1.00000000
0.616161616162, 0.777777777778, 1.17977451, 1.00000000, 1.00000000, 1.00000000
0.616161616162, 0.787878787879, 1.17474346, 1.00000000, 1.00000000, 1.00000000
0.616161616162, 0.797979797980, 1.16900841, 1.00000000, 1.00000000, 1.00000000
0.616161616162, 0.808080808081, 1.16259262, 1.00000000, 1.00000000, 1.00000000
0.616161616162, 0.818181818182, 1.15552214, 1.00000000, 1.00000000, 1.00000000
0.616161616162, 0.828282828283, 1.14782563, 1.00000000, 1.00000000, 1.00000000
0.616161616162, 0.838383838384, 1.13953431, 1.00000000, 1.00000000, 1.00000000
0.616161616162, 0.848484848485, 1.13068179, 1.00000000, 1.00000000, 1.00000000
0.616161616162, 0.858585858586, 1.12130395, 1.00000000, 1.00000000, 1.00000000
0.616161616162, 0.868686868687, 1.11143879, 1.00000000, 1.00000000, 1.00000000
0.616161616162, 0.878787878788, 1.10112627, 1.00000000, 1.00000000, 1.00000000
0.616161616162, 0.888888888889, 1.09040814, 1.00000000, 1.00000000, 1.00000000
0.616161616162, 0.898989898990, 1.07932779, 1.00000000, 1.00000000, 1.00000000
0.616161616162, 0.909090909091, 1.06793006, 1.00000000, 1.00000000, 1.00000000
0.616161616162, 0.919191919192, 1.05626108, 1.00000000, 1.00000000, 1.00000000
0.616161616162, 0.929292929293, 1.04436817, 1.00000000, 1.00000000, 1.00000000
0.616161616162, 0.939393939394, 1.03229991, 1.00000000, 1.00000000, 1.00000000
0.616161616162, 0.949494949495, 1.02010678, 1.00000000, 1.00000000, 1.00000000
0.616161616162, 0.959595959596, 1.00784295, 1.00000000, 1.00000000, 1.00000000
0.626262626263, -0.000000000000, 0.93641190, 1.00000000, 1.00000000, 1.00000000
0.626262626263, 0.010101010101, 0.92575127, 1.00000000, 1.00000000, 1.00000000
0.626262626263, 0.020202020202, 0.91565313, 1.00000000, 1.00000000, 1.00000000
0.626262626263, 0.030303030303, 0.90607737, 1.00000000, 1.00000000, 1.00000000
0.626262626263, 0.040404040404, 0.89691670, 1.00000000, 1.00000000, 1.00000000
0.626262626263, 0.050505050505, 0.88804001, 1.00000000, 1.00000000, 1.00000000
0.626262626263, 0.060606060606, 0.87934809, 1.00000000, 1.00000000, 1.00000000
0.626262626263, 0.070707070707, 0.87081238, 1.00000000, 1.00000000, 1.00000000
0.626262626263, 0.080808080808, 0.86247946, 1.00000000, 1.00000000, 1.00000000
0.626262626263, 0.090909090909, 0.85444635, 1.00000000, 1.00000000, 1.00000000
0.626262626263, 0.101010101010, 0.84682565, 1.00000000, 1.00000000, 1.00000000
0.626262626263, 0.111111111111, 0.83971863, 1.00000000, 1.00000000, 1.00000000
0.626262626263, 0.121212121212, 0.83320334, 1.00000000, 1.00000000, 1.00000000
0.626262626263, 0.131313131313, 0.82733486, 1.00000000, 1.00000000, 1.00000000
0.626262626263, 0.141414141414, 0.82215112, 1.00000000, 1.00000000, 1.00000000
0.626262626263, 0.151515151515, 0.81767903, 1.00000000, 1.00000000, 1.00000000
0.626262626263, 0.161616161616, 0.81393876, 1.00000000, 1.00000000, 1.00000000
0.626262626263, 0.171717171717, 0.81094595, 1.00000000, 1.00000000, 1.00000000
0.626262626263, 0.181818181818, 0.80871279, 1.00000000, 1.00000000, 1.00000000
0.626262626263, 0.191919191919, 0.80724827, 1.00000000, 1.00000000, 1.00000000
0.626262626263, 0.202020202020, 0.80655834, 1.00000000, 1.00000000, 1.00000000
0.626262626263, 0.212121212121, 0.80664580, 1.00000000, 1.00000000, 1.00000000
0.626262626263, 0.222222222222, 0.80751023, 1.00000000, 1.00000000, 1.00000000
0.626262626263, 0.232323232323, 0.80914816, 1.00000000, 1.00000000, 1.00000000
0.626262626263, 0.242424242424, 0.81155304, 1.00000000, 1.00000000, 1.00000000
0.626262626263, 0.252525252525, 0.81471533, 1.00000000, 1.00000000, 1.00000000
0.626262626263, 0.262626262626, 0.81862248, 1.00000000, 1.00000000, 1.00000000
0.626262626263, 0.272727272727, 0.82325900, 1.00000000, 1.00000000, 1.00000000
0.626262626263, 0.282828282828, 0.82860648, 1.00000000, 1.00000000, 1.00000000
0.626262626263, 0.292929292929, 0.83464370, 1.00000000, 1.00000000, 1.00000000
0.626262626263, 0.303030303030, 0.84134669, 1.00000000, 1.00000000, 1.00000000
0.626262626263, 0.313131313131, 0.84868878, 1.00000000, 1.00000000, 1.00000000
0.626262626263, 0.323232323232, 0.85664076, 1.00000000, 1.00000000, 1.00000000
0.626262626263, 0.333333333333, 0.86517094, 1.00000000, 1.00000000, 1.00000000
0.626262626263, 0.343434343434, 0.87424531, 1.00000000, 1.00000000, 1.00000000
0.626262626263, 0.353535353535, 0.88382763, 1.00000000, 1.00000000, 1.00000000
0.626262626263, 0.363636363636, 0.89387962, 1.00000000, 1.00000000, 1.00000000
0.626262626263, 0.373737373737, 0.90436106, 1.00000000, 1.00000000, 1.00000000
0.626262626263, 0.383838383838, 0.91522997, 1.00000000, 1.00000000, 1.00000000
0.626262626263, 0.393939393939, 0.92644279, 1.00000000, 1.00000000, 1.00000000
0.626262626263, 0.404040404040, 0.93795453, 1.00000000, 1.00000000, 1.00000000
0.626262626263, 0.414141414141, 0.94971895, 1.00000000, 1.00000000, 1.00000000
0.626262626263, 0.424242424242, 0.96168876, 1.00000000, 1.00000000, 1.00000000
0.626262626263, 0.434343434343, 0.97381583, 1.00000000, 1.00000000, 1.00000000
0.626262626263, 0.444444444444, 0.98605131, 1.00000000, 1.00000000, 1.00000000
0.626262626263, 0.454545454545, 0.99834592, 1.00000000, 1.00000000, 1.00000000
0.626262626263, 0.464646464646, 1.01065009, 1.00000000, 1.00000000, 1.00000000
0.626262626263, 0.474747474747, 1.02291418, 1.00000000, 1.00000000, 1.00000000
0.626262626263, 0.484848484848, 1.03508868, 1.00000000, 1.00000000, 1.00000000
0.626262626263, 0.494949494949, 1.04712443, 1.00000000, 1.00000000, 1.00000000
0.626262626263, 0.505050505051, 1.05897279, 1.00000000, 1.00000000, 1.00000000
0.626262626263, 0.515151515152, 1.07058585, 1.00000000, 1.00000000, 1.00000000
0.626262626263, 0.525252525253, 1.08191667, 1.00000000, 1.00000000, 1.00000000
0.626262626263, 0.535353535354, 1.09291938, 1.00000000, 1.00000000, 1.00000000
0.626262626263, 0.545454545455, 1.10354946, 1.00000000, 1.00000000, 1.00000000
0.626262626263, 0.555555555556, 1.11376388, 1.00000000, 1.00000000, 1.00000000
0.626262626263, 0.565656565657, 1.12352126, 1.00000000, 1.00000000, 1.00000000
0.626262626263, 0.575757575758, 1.13278208, 1.00000000, 1.00000000, 1.00000000
0.626262626263, 0.585858585859, 1.14150883, 1.00000000, 1.00000000, 1.00000000
0.626262626263, 0.595959595960, 1.14966614, 1.00000000, 1.00000000, 1.00000000
0.626262626263, 0.606060606061, 1.15722095, 1.00000000, 1.00000000, 1.00000000
0.626262626263, 0.616161616162, 1.16414262, 1.00000000, 1.00000000, 1.00000000
0.626262626263, 0.626262626263, 1.17040311, 1.00000000, 1.00000000, 1.00000000
0.626262626263, 0.636363636364, 1.17597702, 1.00000000, 1.00000000, 1.00000000
0.626262626263, 0.646464646465, 1.18084175, 1.00000000, 1.00000000, 1.00000000
0.626262626263, 0.656565656566, 1.18497755, 1.00000000, 1.00000000, 1.00000000
0.626262626263, 0.666666666667, 1.18836765, 1.00000000, 1.00000000, 1.00000000
0.626262626263, 0.676767676768, 1.19099827, 1.00000000, 1.00000000, 1.00000000
0.626262626263, 0.686868686869, 1.19285870, 1.00000000, 1.00000000, 1.00000000
0.626262626263, 0.696969696970, 1.19394137, 1.00000000, 1.00000000, 1.00000000
0.626262626263, 0.707070707071, 1.19424181, 1.00000000, 1.00000000, 1.00000000
0.626262626263, 0.717171717172, 1.19375887, 1.00000000, 1.00000000, 1.00000000
0.626262626263, 0.727272727273, 1.19249458, 1.00000000, 1.00000000, 1.00000000
0.626262626263, 0.737373737374, 1.19045413, 1.00000000, 1.00000000, 1.00000000
0.626262626263, 0.747474747475, 1.18764583, 1.00000000, 1.00000000, 1.00000000
0.626262626263, 0.757575757576, 1.18408113, 1.00000000, 1.00000000, 1.00000000
0.626262626263, 0.767676767677, 1.17977451, 1.00000000, 1.00000000, 1.00000000
0.626262626263, 0.777777777778, 1.17474346, 1.00000000, 1.00000000, 1.00000000
0.626262626263, 0.787878787879, 1.16900841, 1.00000000, 1.00000000, 1.00000000
0.626262626263, 0.797979797980, 1.16259262, 1.00000000, 1.00000000, 1.00000000
0.626262626263, 0.808080808081, 1.15552214, 1.00000000, 1.00000000, 1.00000000
0.626262626263, 0.818181818182, 1.14782563, 1.00000000, 1.00000000, 1.00000000
0.626262626263, 0.828282828283, 1.13953431, 1.00000000, 1.00000000, 1.00000000
0.626262626263, 0.838383838384, 1.13068179, 1.00000000, 1.00000000, 1.00000000
0.626262626263, 0.848484848485, 1.12130395, 1.00000000, 1.00000000, 1.00000000
0.626262626263, 0.858585858586, 1.11143879, 1.00000000, 1.00000000, 1.00000000
0.626262626263, 0.868686868687, 1.10112627, 1.00000000, 1.00000000, 1.00000000
0.626262626263, 0.878787878788, 1.09040814, 1.00000000, 1.00000000, 1.00000000
0.626262626263, 0.888888888889, 1.07932779, 1.00000000, 1.00000000, 1.00000000
0.626262626263, 0.898989898990, 1.06793005, 1.00000000, 1.00000000, 1.00000000
0.626262626263, 0.909090909091, 1.05626103, 1.00000000, 1.00000000, 1.00000000
0.626262626263, 0.919191919192, 1.04436794, 1.00000000, 1.00000000, 1.00000000
0.626262626263, 0.929292929293, 1.03229896, 1.00000000, 1.00000000, 1.00000000
0.626262626263, 0.939393939394, 1.02010336, 1.00000000, 1.00000000, 1.00000000
0.626262626263, 0.949494949495, 1.00783207, 1.00000000, 1.00000000, 1.00000000
0.626262626263, 0.959595959596, 0.99553940, 1.00000000, 1.00000000, 1.00000000
0.636363636364, -0.000000000000, 0.92491935, 1.00000000, 1.00000000, 1.00000000
0.636363636364, 0.010101010101, 0.91452873, 1.00000000, 1.00000000, 1.00000000
0.636363636364, 0.020202020202, 0.90472883, 1.00000000, 1.00000000, 1.00000000
0.636363636364, 0.030303030303, 0.89548006, 1.00000000, 1.00000000, 1.00000000
0.636363636364, 0.040404040404, 0.88667911, 1.00000000, 1.00000000, 1.00000000
0.636363636364, 0.050505050505, 0.87820064, 1.00000000, 1.00000000, 1.00000000
0.636363636364, 0.060606060606, 0.86995047, 1.00000000, 1.00000000, 1.00000000
0.636363636364, 0.070707070707, 0.86190229, 1.00000000, 1.00000000, 1.00000000
0.636363636364, 0.080808080808, 0.85410166, 1.00000000, 1.00000000, 1.00000000
0.636363636364, 0.090909090909, 0.84664207, 1.00000000, 1.00000000, 1.00000000
0.636363636364, 0.101010101010, 0.83963147, 1.00000000, 1.00000000, 1.00000000
0.636363636364, 0.111111111111, 0.83316649, 1.00000000, 1.00000000, 1.00000000
0.636363636364, 0.121212121212, 0.82732101, 1.00000000, 1.00000000, 1.00000000
0.636363636364, 0.131313131313, 0.82214650, 1.00000000, 1.00000000, 1.00000000
0.636363636364, 0.141414141414, 0.81767767, 1.00000000, 1.00000000, 1.00000000
0.636363636364, 0.151515151515, 0.81393840, 1.00000000, 1.00000000, 1.00000000
0.636363636364, 0.161616161616, 0.81094587, 1.00000000, 1.00000000, 1.00000000
0.636363636364, 0.171717171717, 0.80871277, 1.00000000, 1.00000000, 1.00000000
0.636363636364, 0.181818181818, 0.80724827, 1.00000000, 1.00000000, 1.00000000
0.636363636364, 0.191919191919, 0.80655834, 1.00000000, 1.00000000, 1.00000000
0.636363636364, 0.202020202020, 0.80664580, 1.00000000, 1.00000000, 1.00000000
0.636363636364, 0.212121212121, 0.80751023, 1.00000000, 1.00000000, 1.00000000
0.636363636364, 0.222222222222, 0.80914816, 1.00000000, 1.00000000, 1.00000000
0.636363636364, 0.232323232323, 0.81155304, 1.00000000, 1.00000000, 1.00000000
0.636363636364, 0.242424242424, 0.81471533, 1.00000000, 1.00000000, 1.00000000
0.636363636364, 0.252525252525, 0.81862248, 1.00000000, 1.00000000, 1.00000000
0.636363636364, 0.262626262626, 0.82325900, 1.00000000, 1.00000000, 1.00000000
0.636363636364, 0.272727272727, 0.82860648, 1.00000000, 1.00000000, 1.00000000
0.636363636364, 0.282828282828, 0.83464370, 1.00000000, 1.00000000, 1.00000000
0.636363636364, 0.292929292929, 0.84134669, 1.00000000, 1.00000000, 1.00000000
0.636363636364, 0.303030303030, 0.84868878, 1.00000000, 1.00000000, 1.00000000
0.636363636364, 0.313131313131, 0.85664076, 1.00000000, 1.00000000, 1.00000000
0.636363636364, 0.323232323232, 0.86517094, 1.00000000, 1.00000000, 1.00000000
0.636363636364, 0.333333333333, 0.87424531, 1.00000000, 1.00000000, 1.00000000
0.636363636364, 0.343434343434, 0.88382763, 1.00000000, 1.00000000, 1.00000000
0.636363636364, 0.353535353535, 0.89387962, 1.00000000, 1.00000000, 1.00000000
0.636363636364, 0.363636363636, 0.90436106, 1.00000000, 1.00000000, 1.00000000
0.636363636364, 0.373737373737, 0.91522997, 1.00000000, 1.00000000, 1.00000000
0.636363636364, 0.383838383838, 0.92644279, 1.00000000, 1.00000000, 1.00000000
0.636363636364, 0.393939393939, 0.93795453, 1.00000000, 1.00000000, 1.00000000
0.636363636364, 0.404040404040, 0.94971895, 1.00000000, 1.00000000, 1.00000000
0.636363636364, 0.414141414141, 0.96168876, 1.00000000, 1.00000000, 1.00000000
0.636363636364, 0.424242424242, 0.97381583, 1.00000000, 1.00000000, 1.00000000
0.636363636364, 0.434343434343, 0.98605131, 1.00000000, 1.00000000, 1.00000000
0.636363636364, 0.444444444444, 0.99834592, 1.00000000, 1.00000000, 1.00000000
0.636363636364, 0.454545454545, 1.01065009, 1.00000000, 1.00000000, 1.00000000
0.636363636364, 0.464646464646, 1.02291418, 1.00000000, 1.00000000, 1.00000000
0.636363636364, 0.474747474747, 1.03508868, 1.00000000, 1.00000000, 1.00000000
0.636363636364, 0.484848484848, 1.04712443, 1.00000000, 1.00000000, 1.00000000
0.636363636364, 0.494949494949, 1.05897279, 1.00000000, 1.00000000, 1.00000000
0.636363636364, 0.505050505051, 1.07058585, 1.00000000, 1.00000000, 1.00000000
0.636363636364, 0.515151515152, 1.08191667, 1.00000000, 1.00000000, 1.00000000
0.636363636364, 0.525252525253, 1.09291938, 1.00000000, 1.00000000, 1.00000000
0.636363636364, 0.535353535354, 1.10354946, 1.00000000, 1.00000000, 1.00000000
0.636363636364, 0.545454545455, 1.11376388, 1.00000000, 1.00000000, 1.00000000
0.636363636364, 0.555555555556, 1.12352126, 1.00000000, 1.00000000, 1.00000000
0.636363636364, 0.565656565657, 1.13278208, 1.00000000, 1.00000000, 1.00000000
0.636363636364, 0.575757575758, 1.14150883, 1.00000000, 1.00000000, 1.00000000
0.636363636364, 0.585858585859, 1.14966614, 1.00000000, 1.00000000, 1.00000000
0.636363636364, 0.595959595960, 1.15722095, 1.00000000, 1.00000000, 1.00000000
0.636363636364, 0.606060606061, 1.16414262, 1.00000000, 1.00000000, 1.00000000
0.636363636364, 0.616161616162, 1.17040311, 1.00000000, 1.00000000, 1.00000000
0.636363636364, 0.626262626263, 1.17597702, 1.00000000, 1.00000000, 1.00000000
0.636363636364, 0.636363636364, 1.18084175, 1.00000000, 1.00000000, 1.00000000
0.636363636364, 0.646464646465, 1.18497755, 1.00000000, 1.00000000, 1.00000000
0.636363636364, 0.656565656566, 1.18836765, 1.00000000, 1.00000000, 1.00000000
0.636363636364, 0.666666666667, 1.19099827, 1.00000000, 1.00000000, 1.00000000
0.636363636364, 0.676767676768, 1.19285870, 1.00000000, 1.00000000, 1.00000000
0.636363636364, 0.686868686869, 1.19394137, 1.00000000, 1.00000000, 1.00000000
0.636363636364, 0.696969696970, 1.19424181, 1.00000000, 1.00000000, 1.00000000
0.636363636364, 0.707070707071, 1.19375887, 1.00000000, 1.00000000, 1.00000000
0.636363636364, 0.717171717172, 1.19249458, 1.00000000, 1.00000000, 1.00000000
0.636363636364, 0.727272727273, 1.19045413, 1.00000000, 1.00000000, 1.00000000
0.636363636364, 0.737373737374, 1.18764583, 1.00000000, 1.00000000, 1.00000000
0.636363636364, 0.747474747475, 1.18408113, 1.00000000, 1.00000000, 1.00000000
0.636363636364, 0.757575757576, 1.17977451, 1.00000000, 1.00000000, 1.00000000
0.636363636364, 0.767676767677, 1.17474346, 1.00000000, 1.00000000, 1.00000000
0.636363636364, 0.777777777778, 1.16900841, 1.00000000, 1.00000000, 1.00000000
0.636363636364, 0.787878787879, 1.16259262, 1.00000000, 1.00000000, 1.00000000
0.636363636364, 0.797979797980, 1.15552214, 1.00000000, 1.00000000, 1.00000000
0.636363636364, 0.808080808081, 1.14782563, 1.00000000, 1.00000000, 1.00000000
0.636363636364, 0.818181818182, 1.13953431, 1.00000000, 1.00000000, 1.00000000
0.636363636364, 0.828282828283, 1.13068179, 1.00000000, 1.00000000, 1.00000000
0.636363636364, 0.838383838384, 1.12130395, 1.00000000, 1.00000000, 1.00000000
0.636363636364, 0.848484848485, 1.11143879, 1.00000000, 1.00000000, 1.00000000
0.636363636364, 0.858585858586, 1.10112627, 1.00000000, 1.00000000, 1.00000000
0.636363636364, 0.868686868687, 1.09040814, 1.00000000, 1.00000000, 1.00000000
0.636363636364, 0.878787878788, 1.07932779, 1.00000000, 1.00000000, 1.00000000
0.636363636364, 0.888888888889, 1.06793005, 1.00000000, 1.00000000, 1.00000000
0.636363636364, 0.898989898990, 1.05626102, 1.00000000, 1.00000000, 1.00000000
0.636363636364, 0.909090909091, 1.04436789, 1.00000000, 1.00000000, 1.00000000
0.636363636364, 0.919191919192, 1.03229873, 1.00000000, 1.00000000, 1.00000000
0.636363636364, 0.929292929293, 1.02010242, 1.00000000, 1.00000000, 1.00000000
0.636363636364, 0.939393939394, 1.00782870, 1.00000000, 1.00000000, 1.00000000
0.636363636364, 0.949494949495, 0.99552874, 1.00000000, 1.00000000, 1.00000000
0.636363636364, 0.959595959596, 0.98325677, 1.00000000, 1.00000000, 1.00000000
0.646464646465, -0.000000000000, 0.91373113, 1.00000000, 1.00000000, 1.00000000
0.646464646465, 0.010101010101, 0.90365214, 1.00000000, 1.00000000, 1.00000000
0.646464646465, 0.020202020202, 0.89418985, 1.00000000, 1.00000000, 1.00000000
0.646464646465, 0.030303030303, 0.88530532, 1.00000000, 1.00000000, 1.00000000
0.646464646465, 0.040404040404, 0.87689957, 1.00000000, 1.00000000, 1.00000000
0.646464646465, 0.050505050505, 0.86885344, 1.00000000, 1.00000000, 1.00000000
0.646464646465, 0.060606060606, 0.86107808, 1.00000000, 1.00000000, 1.00000000
0.646464646465, 0.070707070707, 0.85354953, 1.00000000, 1.00000000, 1.00000000
0.646464646465, 0.080808080808, 0.84631218, 1.00000000, 1.00000000, 1.00000000
0.646464646465, 0.090909090909, 0.83945569, 1.00000000, 1.00000000, 1.00000000
0.646464646465, 0.101010101010, 0.83308299, 1.00000000, 1.00000000, 1.00000000
0.646464646465, 0.111111111111, 0.82728569, 1.00000000, 1.00000000, 1.00000000
0.646464646465, 0.121212121212, 0.82213322, 1.00000000, 1.00000000, 1.00000000
0.646464646465, 0.131313131313, 0.81767324, 1.00000000, 1.00000000, 1.00000000
0.646464646465, 0.141414141414, 0.81393710, 1.00000000, 1.00000000, 1.00000000
0.646464646465, 0.151515151515, 0.81094553, 1.00000000, 1.00000000, 1.00000000
0.646464646465, 0.161616161616, 0.80871270, 1.00000000, 1.00000000, 1.00000000
0.646464646465, 0.171717171717, 0.80724825, 1.00000000, 1.00000000, 1.00000000
0.646464646465, 0.181818181818, 0.80655833, 1.00000000, 1.00000000, 1.00000000
0.646464646465, 0.191919191919, 0.80664580, 1.00000000, 1.00000000, 1.00000000
0.646464646465, 0.202020202020, 0.80751023, 1.00000000, 1.00000000, 1.00000000
0.646464646465, 0.212121212121, 0.80914816, 1.00000000, 1.00000000, 1.00000000
0.646464646465, 0.222222222222, 0.81155304, 1.00000000, 1.00000000, 1.00000000
0.646464646465, 0.232323232323, 0.81471533, 1.00000000, 1.00000000, 1.00000000
0.646464646465, 0.242424242424, 0.81862248, 1.00000000, 1.00000000, 1.00000000
0.646464646465, 0.252525252525, 0.82325900, 1.00000000, 1.00000000, 1.00000000
0.646464646465, 0.262626262626, 0.82860648, 1.00000000, 1.00000000, 1.00000000
0.646464646465, 0.272727272727, 0.83464370, 1.00000000, 1.00000000, 1.00000000
0.646464646465, 0.282828282828, 0.84134669, 1.00000000, 1.00000000, 1.00000000
0.646464646465, 0.292929292929, 0.84868878, 1.00000000, 1.00000000, 1.00000000
0.646464646465, 0.303030303030, 0.85664076, 1.00000000, 1.00000000, 1.00000000
0.646464646465, 0.313131313131, 0.86517094, 1.00000000, 1.00000000, 1.00000000
0.646464646465, 0.323232323232, 0.87424531, 1.00000000, 1.00000000, 1.00000000
0.646464646465, 0.333333333333, 0.88382763, 1.00000000, 1.00000000, 1.00000000
0.646464646465, 0.343434343434, 0.89387962, 1.00000000, 1.00000000, 1.00000000
0.646464646465, 0.353535353535, 0.90436106, 1.00000000, 1.00000000, 1.00000000
0.646464646465, 0.363636363636, 0.91522997, 1.00000000, 1.00000000, 1.00000000
0.646464646465, 0.373737373737, 0.92644279, 1.00000000, 1.00000000, 1.00000000
0.646464646465, 0.383838383838, 0.93795453, 1.00000000, 1.00000000, 1.00000000
0.646464646465, 0.393939393939, 0.94971895, 1.00000000, 1.00000000, 1.00000000
0.646464646465, 0.404040404040, 0.96168876, 1.00000000, 1.00000000, 1.00000000
0.646464646465, 0.414141414141, 0.97381583, 1.00000000, 1.00000000, 1.00000000
0.646464646465, 0.424242424242, 0.98605131, 1.00000000, 1.00000000, 1.00000000
0.646464646465, 0.434343434343, 0.99834592, 1.00000000, 1.00000000, 1.00000000
0.646464646465, 0.444444444444, 1.01065009, 1.00000000, 1.00000000, 1.00000000
0.646464646465, 0.454545454545, 1.02291418, 1.00000000, 1.00000000, 1.00000000
0.646464646465, 0.464646464646, 1.03508868, 1.00000000, 1.00000000, 1.00000000
0.646464646465, 0.474747474747, 1.04712443, 1.00000000, 1.00000000, 1.00000000
0.646464646465, 0.484848484848, 1.05897279, 1.00000000, 1.00000000, 1.00000000
0.646464646465, 0.494949494949, 1.07058585, 1.00000000, 1.00000000, 1.00000000
0.646464646465, 0.505050505051, 1.08191667, 1.00000000, 1.00000000, 1.00000000
0.646464646465, 0.515151515152, 1.09291938, 1.00000000, 1.00000000, 1.00000000
0.646464646465, 0.525252525253, 1.10354946, 1.00000000, 1.00000000, 1.00000000
0.646464646465, 0.535353535354, 1.11376388, 1.00000000, 1.00000000, 1.00000000
0.646464646465, 0.545454545455, 1.12352126, 1.00000000, 1.00000000, 1.00000000
0.646464646465, 0.555555555556, 1.13278208, 1.00000000, 1.00000000, 1.00000000
0.646464646465, 0.565656565657, 1.14150883, 1.00000000, 1.00000000, 1.00000000
0.646464646465, 0.575757575758, 1.14966614, 1.00000000, 1.00000000, 1.00000000
0.646464646465, 0.585858585859, 1.15722095, 1.00000000, 1.00000000, 1.00000000
0.646464646465, 0.595959595960, 1.16414262, 1.00000000, 1.00000000, 1.00000000
0.646464646465, 0.606060606061, 1.17040311, 1.00000000, 1.00000000, 1.00000000
0.646464646465, 0.616161616162, 1.17597702, 1.00000000, 1.00000000, 1.00000000
0.646464646465, 0.626262626263, 1.18084175, 1.00000000, 1.00000000, 1.00000000
0.646464646465, 0.636363636364, 1.18497755, 1.00000000, 1.00000000, 1.00000000
0.646464646465, 0.646464646465, 1.18836765, 1.00000000, 1.00000000, 1.00000000
0.646464646465, 0.656565656566, 1.19099827, 1.00000000, 1.00000000, 1.00000000
0.646464646465, 0.666666666667, 1.19285870, 1.00000000, 1.00000000, 1.00000000
0.646464646465, 0.676767676768, 1.19394137, 1.00000000, 1.00000000, 1.00000000
0.646464646465, 0.686868686869, 1.19424181, 1.00000000, 1.00000000, 1.00000000
0.646464646465, 0.696969696970, 1.19375887, 1.00000000, 1.00000000, 1.00000000
0.646464646465, 0.707070707071, 1.19249458, 1.00000000, 1.00000000, 1.00000000
0.646464646465, 0.717171717172, 1.19045413, 1.00000000, 1.00000000, 1.00000000
0.646464646465, 0.727272727273, 1.18764583, 1.00000000, 1.00000000, 1.00000000
0.646464646465, 0.737373737374, 1.18408113, 1.00000000, 1.00000000, 1.00000000
0.646464646465, 0.747474747475, 1.17977451, 1.00000000, 1.00000000, 1.00000000
0.646464646465, 0.757575757576, 1.17474346, 1.00000000, 1.00000000, 1.00000000
0.646464646465, 0.767676767677, 1.16900841, 1.00000000, 1.00000000, 1.00000000
0.646464646465, 0.777777777778, 1.16259262, 1.00000000, 1.00000000, 1.00000000
0.646464646465, 0.787878787879, 1.15552214, 1.00000000, 1.00000000, 1.00000000
0.646464646465, 0.797979797980, 1.14782563, 1.00000000, 1.00000000, 1.00000000
0.646464646465, 0.808080808081, 1.13953431, 1.00000000, 1.00000000, 1.00000000
0.646464646465, 0.818181818182, 1.13068179, 1.00000000, 1.00000000, 1.00000000
0.646464646465, 0.828282828283, 1.12130395, 1.00000000, 1.00000000, 1.00000000
0.646464646465, 0.838383838384, 1.11143879, 1.00000000, 1.00000000, 1.00000000
0.646464646465, 0.848484848485, 1.10112627, 1.00000000, 1.00000000, 1.00000000
0.646464646465, 0.858585858586, 1.09040814, 1.00000000, 1.00000000, 1.00000000
0.646464646465, 0.868686868687, 1.07932779, 1.00000000, 1.00000000, 1.00000000
0.646464646465, 0.878787878788, 1.06793005, 1.00000000, 1.00000000, 1.00000000
0.646464646465, 0.888888888889, 1.05626102, 1.00000000, 1.00000000, 1.00000000
0.646464646465, 0.898989898990, 1.04436788, 1.00000000, 1.00000000, 1.00000000
0.646464646465, 0.909090909091, 1.03229868, 1.00000000, 1.00000000, 1.00000000
0.646464646465, 0.919191919192, 1.02010219, 1.00000000, 1.00000000, 1.00000000
0.646464646465, 0.929292929293, 1.00782778, 1.00000000, 1.00000000, 1.00000000
0.646464646465, 0.939393939394, 0.99552545, 1.00000000, 1.00000000, 1.00000000
0.646464646465, 0.949494949495, 0.98324639, 1.00000000, 1.00000000, 1.00000000
0.646464646465, 0.959595959596, 0.97104453, 1.00000000, 1.00000000, 1.00000000
0.656565656566, -0.000000000000, 0.90289207, 1.00000000, 1.00000000, 1.00000000
0.656565656566, 0.010101010101, 0.89316505, 1.00000000, 1.00000000, 1.00000000
0.656565656566, 0.020202020202, 0.88407834, 1.00000000, 1.00000000, 1.00000000
0.656565656566, 0.030303030303, 0.87559383, 1.00000000, 1.00000000, 1.00000000
0.656565656566, 0.040404040404, 0.86761716, 1.00000000, 1.00000000, 1.00000000
0.656565656566, 0.050505050505, 0.86003575, 1.00000000, 1.00000000, 1.00000000
0.656565656566, 0.060606060606, 0.85276634, 1.00000000, 1.00000000, 1.00000000
0.656565656566, 0.070707070707, 0.84578742, 1.00000000, 1.00000000, 1.00000000
0.656565656566, 0.080808080808, 0.83914207, 1.00000000, 1.00000000, 1.00000000
0.656565656566, 0.090909090909, 0.83291583, 1.00000000, 1.00000000, 1.00000000
0.656565656566, 0.101010101010, 0.82720627, 1.00000000, 1.00000000, 1.00000000
0.656565656566, 0.111111111111, 0.82209962, 1.00000000, 1.00000000, 1.00000000
0.656565656566, 0.121212121212, 0.81766061, 1.00000000, 1.00000000, 1.00000000
0.656565656566, 0.131313131313, 0.81393289, 1.00000000, 1.00000000, 1.00000000
0.656565656566, 0.141414141414, 0.81094429, 1.00000000, 1.00000000, 1.00000000
0.656565656566, 0.151515151515, 0.80871238, 1.00000000, 1.00000000, 1.00000000
0.656565656566, 0.161616161616, 0.80724818, 1.00000000, 1.00000000, 1.00000000
0.656565656566, 0.171717171717, 0.80655832, 1.00000000, 1.00000000, 1.00000000
0.656565656566, 0.181818181818, 0.80664579, 1.00000000, 1.00000000, 1.00000000
0.656565656566, 0.191919191919, 0.80751023, 1.00000000, 1.00000000, 1.00000000
0.656565656566, 0.202020202020, 0.80914816, 1.00000000, 1.00000000, 1.00000000
0.656565656566, 0.212121212121, 0.81155304, 1.00000000, 1.00000000, 1.00000000
0.656565656566, 0.222222222222, 0.81471533, 1.00000000, 1.00000000, 1.00000000
0.656565656566, 0.232323232323, 0.81862248, 1.00000000, 1.00000000, 1.00000000
0.656565656566, 0.242424242424, 0.82325900, 1.00000000, 1.00000000, 1.00000000
0.656565656566, 0.252525252525, 0.82860648, 1.00000000, 1.00000000, 1.00000000
0.656565656566, 0.262626262626, 0.83464370, 1.00000000, 1.00000000, 1.00000000
0.656565656566, 0.272727272727, 0.84134669, 1.00000000, 1.00000000, 1.00000000
0.656565656566, 0.282828282828, 0.84868878, 1.00000000, 1.00000000, 1.00000000
0.656565656566, 0.292929292929, 0.85664076, 1.00000000, 1.00000000, 1.00000000
0.656565656566, 0.303030303030, 0.86517094, 1.00000000, 1.00000000, 1.00000000
0.656565656566, 0.313131313131, 0.87424531, 1.00000000, 1.00000000, 1.00000000
0.656565656566, 0.323232323232, 0.88382763, 1.00000000, 1.00000000, 1.00000000
0.656565656566, 0.333333333333, 0.89387962, 1.00000000, 1.00000000, 1.00000000
0.656565656566, 0.343434343434, 0.90436106, 1.00000000, 1.00000000, 1.00000000
0.656565656566, 0.353535353535, 0.91522997, 1.00000000, 1.00000000, 1.00000000
0.656565656566, 0.363636363636, 0.92644279, 1.00000000, 1.00000000, 1.00000000
0.656565656566, 0.373737373737, 0.93795453, 1.00000000, 1.00000000, 1.00000000
0.656565656566, 0.383838383838, 0.94971895, 1.00000000, 1.00000000, 1.00000000
0.656565656566, 0.393939393939, 0.96168876, 1.00000000, 1.00000000, 1.00000000
0.656565656566, 0.404040404040, 0.97381583, 1.00000000, 1.00000000, 1.00000000
0.656565656566, 0.414141414141, 0.98605131, 1.00000000, 1.00000000, 1.00000000
0.656565656566, 0.424242424242, 0.99834592, 1.00000000, 1.00000000, 1.00000000
0.656565656566, 0.434343434343, 1.01065009, 1.00000000, 1.00000000, 1.00000000
0.656565656566, 0.444444444444, 1.02291418, 1.00000000, 1.00000000, 1.00000000
0.656565656566, 0.454545454545, 1.03508868, 1.00000000, 1.00000000, 1.00000000
0.656565656566, 0.464646464646, 1.04712443, 1.00000000, 1.00000000, 1.00000000
0.656565656566, 0.474747474747, 1.05897279, 1.00000000, 1.00000000, 1.00000000
0.656565656566, 0.484848484848, 1.07058585, 1.00000000, 1.00000000, 1.00000000
0.656565656566, 0.494949494949, 1.08191667, 1.00000000, 1.00000000, 1.00000000
0.656565656566, 0.505050505051, 1.09291938, 1.00000000, 1.00000000, 1.00000000
0.656565656566, 0.515151515152, 1.10354946, 1.00000000, 1.00000000, 1.00000000
0.656565656566, 0.525252525253, 1.11376388, 1.00000000, 1.00000000, 1.00000000
0.656565656566, 0.535353535354, 1.12352126, 1.00000000, 1.00000000, 1.00000000
0.656565656566, 0.545454545455, 1.13278208, 1.00000000, 1.00000000, 1.00000000
0.656565656566, 0.555555555556, 1.14150883, 1.00000000, 1.00000000, 1.00000000
0.656565656566, 0.565656565657, 1.14966614, 1.00000000, 1.00000000, 1.00000000
0.656565656566, 0.575757575758, 1.15722095, 1.00000000, 1.00000000, 1.00000000
0.656565656566, 0.585858585859, 1.16414262, 1.00000000, 1.00000000, 1.00000000
0.656565656566, 0.595959595960, 1.17040311, 1.00000000, 1.00000000, 1.00000000
0.656565656566, 0.606060606061, 1.17597702, 1.00000000, 1.00000000, 1.00000000
0.656565656566, 0.616161616162, 1.18084175, 1.00000000, 1.00000000, 1.00000000
0.656565656566, 0.626262626263, 1.18497755, 1.00000000, 1.00000000, 1.00000000
0.656565656566, 0.636363636364, 1.18836765, 1.00000000, 1.00000000, 1.00000000
0.656565656566, 0.646464646465, 1.19099827, 1.00000000, 1.00000000, 1.00000000
0.656565656566, 0.656565656566, 1.19285870, 1.00000000, 1.00000000, 1.00000000
0.656565656566, 0.666666666667, 1.19394137, 1.00000000, 1.00000000, 1.00000000
0.656565656566, 0.676767676768, 1.19424181, 1.00000000, 1.00000000, 1.00000000
0.656565656566, 0.686868686869, 1.19375887, 1.00000000, 1.00000000, 1.00000000
0.656565656566, 0.696969696970, 1.19249458, 1.00000000, 1.00000000, 1.00000000
0.656565656566, 0.707070707071, 1.19045413, 1.00000000, 1.00000000, 1.00000000
0.656565656566, 0.717171717172, 1.18764583, 1.00000000, 1.00000000, 1.00000000
0.656565656566, 0.727272727273, 1.18408113, 1.00000000, 1.00000000, 1.00000000
0.656565656566, 0.737373737374, 1.17977451, 1.00000000, 1.00000000, 1.00000000
0.656565656566, 0.747474747475, 1.17474346, 1.00000000, 1.00000000, 1.00000000
0.656565656566, 0.757575757576, 1.16900841, 1.00000000, 1.00000000, 1.00000000
0.656565656566, 0.767676767677, 1.16259262, 1.00000000, 1.00000000, 1.00000000
0.656565656566, 0.777777777778, 1.15552214, 1.00000000, 1.00000000, 1.00000000
0.656565656566, 0.787878787879, 1.14782563, 1.00000000, 1.00000000, 1.00000000
0.656565656566, 0.797979797980, 1.13953431, 1.00000000, 1.00000000, 1.00000000
0.656565656566, 0.808080808081, 1.13068179, 1.00000000, 1.00000000, 1.00000000
0.656565656566, 0.818181818182, 1.12130395, 1.00000000, 1.00000000, 1.00000000
0.656565656566, 0.828282828283, 1.11143879, 1.00000000, 1.00000000, 1.00000000
0.656565656566, 0.838383838384, 1.10112627, 1.00000000, 1.00000000, 1.00000000
0.656565656566, 0.848484848485, 1.09040814, 1.00000000, 1.00000000, 1.00000000
0.656565656566, 0.858585858586, 1.07932779, 1.00000000, 1.00000000, 1.00000000
0.656565656566, 0.868686868687, 1.06793005, 1.00000000, 1.00000000, 1.00000000
0.656565656566, 0.878787878788, 1.05626102, 1.00000000, 1.00000000, 1.00000000
0.656565656566, 0.888888888889, 1.04436788, 1.00000000, 1.00000000, 1.00000000
0.656565656566, 0.898989898990, 1.03229867, 1.00000000, 1.00000000, 1.00000000
0.656565656566, 0.909090909091, 1.02010214, 1.00000000, 1.00000000, 1.00000000
0.656565656566, 0.919191919192, 1.00782756, 1.00000000, 1.00000000, 1.00000000
0.656565656566, 0.929292929293, 0.99552455, 1.00000000, 1.00000000, 1.00000000
0.656565656566, 0.939393939394, 0.98324319, 1.00000000, 1.00000000, 1.00000000
0.656565656566, 0.949494949495, 0.97103448, 1.00000000, 1.00000000, 1.00000000
0.656565656566, 0.959595959596, 0.95895183, 1.00000000, 1.00000000, 1.00000000
0.666666666667, -0.000000000000, 0.89244553, 1.00000000, 1.00000000, 1.00000000
0.666666666667, 0.010101010101, 0.88310938, 1.00000000, 1.00000000, 1.00000000
0.666666666667, 0.020202020202, 0.87443472, 1.00000000, 1.00000000, 1.00000000
0.666666666667, 0.030303030303, 0.86638439, 1.00000000, 1.00000000, 1.00000000
0.666666666667, 0.040404040404, 0.85886897, 1.00000000, 1.00000000, 1.00000000
0.666666666667, 0.050505050505, 0.85178277, 1.00000000, 1.00000000, 1.00000000
0.666666666667, 0.060606060606, 0.84504840, 1.00000000, 1.00000000, 1.00000000
0.666666666667, 0.070707070707, 0.83864688, 1.00000000, 1.00000000, 1.00000000
0.666666666667, 0.080808080808, 0.83261986, 1.00000000, 1.00000000, 1.00000000
0.666666666667, 0.090909090909, 0.82704851, 1.00000000, 1.00000000, 1.00000000
0.666666666667, 0.101010101010, 0.82202468, 1.00000000, 1.00000000, 1.00000000
0.666666666667, 0.111111111111, 0.81762891, 1.00000000, 1.00000000, 1.00000000
0.666666666667, 0.121212121212, 0.81392097, 1.00000000, 1.00000000, 1.00000000
0.666666666667, 0.131313131313, 0.81094032, 1.00000000, 1.00000000, 1.00000000
0.666666666667, 0.141414141414, 0.80871121, 1.00000000, 1.00000000, 1.00000000
0.666666666667, 0.151515151515, 0.80724788, 1.00000000, 1.00000000, 1.00000000
0.666666666667, 0.161616161616, 0.80655825, 1.00000000, 1.00000000, 1.00000000
0.666666666667, 0.171717171717, 0.80664578, 1.00000000, 1.00000000, 1.00000000
0.666666666667, 0.181818181818, 0.80751023, 1.00000000, 1.00000000, 1.00000000
0.666666666667, 0.191919191919, 0.80914816, 1.00000000, 1.00000000, 1.00000000
0.666666666667, 0.202020202020, 0.81155304, 1.00000000, 1.00000000, 1.00000000
0.666666666667, 0.212121212121, 0.81471533, 1.00000000, 1.00000000, 1.00000000
0.666666666667, 0.222222222222, 0.81862248, 1.00000000, 1.00000000, 1.00000000
0.666666666667, 0.232323232323, 0.82325900, 1.00000000, 1.00000000, 1.00000000
0.666666666667, 0.242424242424, 0.82860648, 1.00000000, 1.00000000, 1.00000000
0.666666666667, 0.252525252525, 0.83464370, 1.00000000, 1.00000000, 1.00000000
0.666666666667, 0.262626262626, 0.84134669, 1.00000000, 1.00000000, 1.00000000
0.666666666667, 0.272727272727, 0.84868878, 1.00000000, 1.00000000, 1.00000000
0.666666666667, 0.282828282828, 0.85664076, 1.00000000, 1.00000000, 1.00000000
0.666666666667, 0.292929292929, 0.86517094, 1.00000000, 1.00000000, 1.00000000
0.666666666667, 0.303030303030, 0.87424531, 1.00000000, 1.00000000, 1.00000000
0.666666666667, 0.313131313131, 0.88382763, 1.00000000, 1.00000000, 1.00000000
0.666666666667, 0.323232323232, 0.89387962, 1.00000000, 1.00000000, 1.00000000
0.666666666667, 0.333333333333, 0.90436106, 1.00000000, 1.00000000, 1.00000000
0.666666666667, 0.343434343434, 0.91522997, 1.00000000, 1.00000000, 1.00000000
0.666666666667, 0.353535353535, 0.92644279, 1.00000000, 1.00000000, 1.00000000
0.666666666667, 0.363636363636, 0.93795453, 1.00000000, 1.00000000, 1.00000000
0.666666666667, 0.373737373737, 0.94971895, 1.00000000, 1.00000000, 1.00000000
0.666666666667, 0.383838383838, 0.96168876, 1.00000000, 1.00000000, 1.00000000
0.666666666667, 0.393939393939, 0.97381583, 1.00000000, 1.00000000, 1.00000000
0.666666666667, 0.404040404040, 0.98605131, 1.00000000, 1.00000000, 1.00000000
0.666666666667, 0.414141414141, 0.99834592, 1.00000000, 1.00000000, 1.00000000
0.666666666667, 0.424242424242, 1.01065009, 1.00000000, 1.00000000, 1.00000000
0.666666666667, 0.434343434343, 1.02291418, 1.00000000, 1.00000000, 1.00000000
0.666666666667, 0.444444444444, 1.03508868, 1.00000000, 1.00000000, 1.00000000
0.666666666667, 0.454545454545, 1.04712443, 1.00000000, 1.00000000, 1.00000000
0.666666666667, 0.464646464646, 1.05897279, 1.00000000, 1.00000000, 1.00000000
0.666666666667, 0.474747474747, 1.07058585, 1.00000000, 1.00000000, 1.00000000
0.666666666667, 0.484848484848, 1.08191667, 1.00000000, 1.00000000, 1.00000000
0.666666666667, 0.494949494949, 1.09291938, 1.00000000, 1.00000000, 1.00000000
0.666666666667, 0.505050505051, 1.10354946, 1.00000000, 1.00000000, 1.00000000
0.666666666667, 0.515151515152, 1.11376388, 1.00000000, 1.00000000, 1.00000000
0.666666666667, 0.525252525253, 1.12352126, 1.00000000, 1.00000000, 1.00000000
0.666666666667, 0.535353535354, 1.13278208, 1.00000000, 1.00000000, 1.00000000
0.666666666667, 0.545454545455, 1.14150883, 1.00000000, 1.00000000, 1.00000000
0.666666666667, 0.555555555556, 1.14966614, 1.00000000, 1.00000000, 1.00000000
0.666666666667, 0.565656565657, 1.15722095, 1.00000000, 1.00000000, 1.00000000
0.666666666667, 0.575757575758, 1.16414262, 1.00000000, 1.00000000, 1.00000000
0.666666666667, 0.585858585859, 1.17040311, 1.00000000, 1.00000000, 1.00000000
0.666666666667, 0.595959595960, 1.17597702, 1.00000000, 1.00000000, 1.00000000
0.666666666667, 0.606060606061, 1.18084175, 1.00000000, 1.00000000, 1.00000000
0.666666666667, 0.616161616162, 1.18497755, 1.00000000, 1.00000000, 1.00000000
0.666666666667, 0.626262626263, 1.18836765, 1.00000000, 1.00000000, 1.00000000
0.666666666667, 0.636363636364, 1.19099827, 1.00000000, 1.00000000, 1.00000000
0.666666666667, 0.646464646465, 1.19285870, 1.00000000, 1.00000000, 1.00000000
0.666666666667, 0.656565656566, 1.19394137, 1.00000000, 1.00000000, 1.00000000
0.666666666667, 0.666666666667, 1.19424181, 1.00000000, 1.00000000, 1.00000000
0.666666666667, 0.676767676768, 1.19375887, 1.00000000, 1.00000000, 1.00000000
0.666666666667, 0.686868686869, 1.19249458, 1.00000000, 1.00000000, 1.00000000
0.666666666667, 0.696969696970, 1.19045413, 1.00000000, 1.00000000, 1.00000000
0.666666666667, 0.707070707071, 1.18764583, 1.00000000, 1.00000000, 1.00000000
0.666666666667, 0.717171717172, 1.18408113, 1.00000000, 1.00000000, 1.00000000
0.666666666667, 0.727272727273, 1.17977451, 1.00000000, 1.00000000, 1.00000000
0.666666666667, 0.737373737374, 1.17474346, 1.00000000, 1.00000000, 1.00000000
0.666666666667, 0.747474747475, 1.16900841, 1.00000000, 1.00000000, 1.00000000
0.666666666667, 0.757575757576, 1.16259262, 1.00000000, 1.00000000, 1.00000000
0.666666666667, 0.767676767677, 1.15552214, 1.00000000, 1.00000000, 1.00000000
0.666666666667, 0.777777777778, 1.14782563, 1.00000000, 1.00000000, 1.00000000
0.666666666667, 0.787878787879, 1.13953431, 1.00000000, 1.00000000, 1.00000000
0.666666666667, 0.797979797980, 1.13068179, 1.00000000, 1.00000000, 1.00000000
0.666666666667, 0.808080808081, 1.12130395, 1.00000000, 1.00000000, 1.00000000
0.666666666667, 0.818181818182, 1.11143879, 1.00000000, 1.00000000, 1.00000000
0.666666666667, 0.828282828283, 1.10112627, 1.00000000, 1.00000000, 1.00000000
0.666666666667, 0.838383838384, 1.09040814, 1.00000000, 1.00000000, 1.00000000
0.666666666667, 0.848484848485, 1.07932779, 1.00000000, 1.00000000, 1.00000000
0.666666666667, 0.858585858586, 1.06793005, 1.00000000, 1.00000000, 1.00000000
0.666666666667, 0.868686868687, 1.05626102, 1.00000000, 1.00000000, 1.00000000
0.666666666667, 0.878787878788, 1.04436788, 1.00000000, 1.00000000, 1.00000000
0.666666666667, 0.888888888889, 1.03229867, 1.00000000, 1.00000000, 1.00000000
0.666666666667, 0.898989898990, 1.02010213, 1.00000000, 1.00000000, 1.00000000
0.666666666667, 0.909090909091, 1.00782751, 1.00000000, 1.00000000, 1.00000000
0.666666666667, 0.919191919192, 0.99552433, 1.00000000, 1.00000000, 1.00000000
0.666666666667, 0.929292929293, 0.98324232, 1.00000000, 1.00000000, 1.00000000
0.666666666667, 0.939393939394, 0.97103140, 1.00000000, 1.00000000, 1.00000000
0.666666666667, 0.949494949495, 0.95894217, 1.00000000, 1.00000000, 1.00000000
0.666666666667, 0.959595959596, 0.94702729, 1.00000000, 1.00000000, 1.00000000
0.676767676768, -0.000000000000, 0.88243330, 1.00000000, 1.00000000, 1.00000000
0.676767676768, 0.010101010101, 0.87352533, 1.00000000, 1.00000000, 1.00000000
0.676767676768, 0.020202020202, 0.86529750, 1.00000000, 1.00000000, 1.00000000
0.676767676768, 0.030303030303, 0.85771376, 1.00000000, 1.00000000, 1.00000000
0.676767676768, 0.040404040404, 0.85068989, 1.00000000, 1.00000000, 1.00000000
0.676767676768, 0.050505050505, 0.84412739, 1.00000000, 1.00000000, 1.00000000
0.676767676768, 0.060606060606, 0.83795500, 1.00000000, 1.00000000, 1.00000000
0.676767676768, 0.070707070707, 0.83215634, 1.00000000, 1.00000000, 1.00000000
0.676767676768, 0.080808080808, 0.82677152, 1.00000000, 1.00000000, 1.00000000
0.676767676768, 0.090909090909, 0.82187706, 1.00000000, 1.00000000, 1.00000000
0.676767676768, 0.101010101010, 0.81755881, 1.00000000, 1.00000000, 1.00000000
0.676767676768, 0.111111111111, 0.81389134, 1.00000000, 1.00000000, 1.00000000
0.676767676768, 0.121212121212, 0.81092920, 1.00000000, 1.00000000, 1.00000000
0.676767676768, 0.131313131313, 0.80870750, 1.00000000, 1.00000000, 1.00000000
0.676767676768, 0.141414141414, 0.80724679, 1.00000000, 1.00000000, 1.00000000
0.676767676768, 0.151515151515, 0.80655797, 1.00000000, 1.00000000, 1.00000000
0.676767676768, 0.161616161616, 0.80664572, 1.00000000, 1.00000000, 1.00000000
0.676767676768, 0.171717171717, 0.80751022, 1.00000000, 1.00000000, 1.00000000
0.676767676768, 0.181818181818, 0.80914815, 1.00000000, 1.00000000, 1.00000000
0.676767676768, 0.191919191919, 0.81155304, 1.00000000, 1.00000000, 1.00000000
0.676767676768, 0.202020202020, 0.81471533, 1.00000000, 1.00000000, 1.00000000
0.676767676768, 0.212121212121, 0.81862248, 1.00000000, 1.00000000, 1.00000000
0.676767676768, 0.222222222222, 0.82325900, 1.00000000, 1.00000000, 1.00000000
0.676767676768, 0.232323232323, 0.82860648, 1.00000000, 1.00000000, 1.00000000
0.676767676768, 0.242424242424, 0.83464370, 1.00000000, 1.00000000, 1.00000000
0.676767676768, 0.252525252525, 0.84134669, 1.00000000, 1.00000000, 1.00000000
0.676767676768, 0.262626262626, 0.84868878, 1.00000000, 1.00000000, 1.00000000
0.676767676768, 0.272727272727, 0.85664076, 1.00000000, 1.00000000, 1.00000000
0.676767676768, 0.282828282828, 0.86517094, 1.00000000, 1.00000000, 1.00000000
0.676767676768, 0.292929292929, 0.87424531, 1.00000000, 1.00000000, 1.00000000
0.676767676768, 0.303030303030, 0.88382763, 1.00000000, 1.00000000, 1.00000000
0.676767676768, 0.313131313131, 0.89387962, 1.00000000, 1.00000000, 1.00000000
0.676767676768, 0.323232323232, 0.90436106, 1.00000000, 1.00000000, 1.00000000
0.676767676768, 0.333333333333, 0.91522997, 1.00000000, 1.00000000, 1.00000000
0.676767676768, 0.343434343434, 0.92644279, 1.00000000, 1.00000000, 1.00000000
0.676767676768, 0.353535353535, 0.93795453, 1.00000000, 1.00000000, 1.00000000
0.676767676768, 0.363636363636, 0.94971895, 1.00000000, 1.00000000, 1.00000000
0.676767676768, 0.373737373737, 0.96168876, 1.00000000, 1.00000000, 1.00000000
0.676767676768, 0.383838383838, 0.97381583, 1.00000000, 1.00000000, 1.00000000
0.676767676768, 0.393939393939, 0.98605131, 1.00000000, 1.00000000, 1.00000000
0.676767676768, 0.404040404040, 0.99834592, 1.00000000, 1.00000000, 1.00000000
0.676767676768, 0.414141414141, 1.01065009, 1.00000000, 1.00000000, 1.00000000
0.676767676768, 0.424242424242, 1.02291418, 1.00000000, 1.00000000, 1.00000000
0.676767676768, 0.434343434343, 1.03508868, 1.00000000, 1.00000000, 1.00000000
0.676767676768, 0.444444444444, 1.04712443, 1.00000000, 1.00000000, 1.00000000
0.676767676768, 0.454545454545, 1.05897279, 1.00000000, 1.00000000, 1.00000000
0.676767676768, 0.464646464646, 1.07058585, 1.00000000, 1.00000000, 1.00000000
0.676767676768, 0.474747474747, 1.08191667, 1.00000000, 1.00000000, 1.00000000
0.676767676768, 0.484848484848, 1.09291938, 1.00000000, 1.00000000, 1.00000000
0.676767676768, 0.494949494949, 1.10354946, 1.00000000, 1.00000000, 1.00000000
0.676767676768, 0.505050505051, 1.11376388, 1.00000000, 1.00000000, 1.00000000
0.676767676768, 0.515151515152, 1.12352126, 1.00000000, 1.00000000, 1.00000000
0.676767676768, 0.525252525253, 1.13278208, 1.00000000, 1.00000000, 1.00000000
0.676767676768, 0.535353535354, 1.14150883, 1.00000000, 1.00000000, 1.00000000
0.676767676768, 0.545454545455, 1.14966614, 1.00000000, 1.00000000, 1.00000000
0.676767676768, 0.555555555556, 1.15722095, 1.00000000, 1.00000000, 1.00000000
0.676767676768, 0.565656565657, 1.16414262, 1.00000000, 1.00000000, 1.00000000
0.676767676768, 0.575757575758, 1.17040311, 1.00000000, 1.00000000, 1.00000000
0.676767676768, 0.585858585859, 1.17597702, 1.00000000, 1.00000000, 1.00000000
0.676767676768, 0.595959595960, 1.18084175, 1.00000000, 1.00000000, 1.00000000
0.676767676768, 0.606060606061, 1.18497755, 1.00000000, 1.00000000, 1.00000000
0.676767676768, 0.616161616162, 1.18836765, 1.00000000, 1.00000000, 1.00000000
0.676767676768, 0.626262626263, 1.19099827, 1.00000000, 1.00000000, 1.00000000
0.676767676768, 0.636363636364, 1.19285870, 1.00000000, 1.00000000, 1.00000000
0.676767676768, 0.646464646465, 1.19394137, 1.00000000, 1.00000000, 1.00000000
0.676767676768, 0.656565656566, 1.19424181, 1.00000000, 1.00000000, 1.00000000
0.676767676768, 0.666666666667, 1.19375887, 1.00000000, 1.00000000, 1.00000000
0.676767676768, 0.676767676768, 1.19249458, 1.00000000, 1.00000000, 1.00000000
0.676767676768, 0.686868686869, 1.19045413, 1.00000000, 1.00000000, 1.00000000
0.676767676768, 0.696969696970, 1.18764583, 1.00000000, 1.00000000, 1.00000000
0.676767676768, 0.707070707071, 1.18408113, 1.00000000, 1.00000000, 1.00000000
0.676767676768, 0.717171717172, 1.17977451, 1.00000000, 1.00000000, 1.00000000
0.676767676768, 0.727272727273, 1.17474346, 1.00000000, 1.00000000, 1.00000000
0.676767676768, 0.737373737374, 1.16900841, 1.00000000, 1.00000000, 1.00000000
0.676767676768, 0.747474747475, 1.16259262, 1.00000000, 1.00000000, 1.00000000
0.676767676768, 0.757575757576, 1.15552214, 1.00000000, 1.00000000, 1.00000000
0.676767676768, 0.767676767677, 1.14782563, 1.00000000, 1.00000000, 1.00000000
0.676767676768, 0.777777777778, 1.13953431, 1.00000000, 1.00000000, 1.00000000
0.676767676768, 0.787878787879, 1.13068179, 1.00000000, 1.00000000, 1.00000000
0.676767676768, 0.797979797980, 1.12130395, 1.00000000, 1.00000000, 1.00000000
0.676767676768, 0.808080808081, 1.11143879, 1.00000000, 1.00000000, 1.00000000
0.676767676768, 0.818181818182, 1.10112627, 1.00000000, 1.00000000, 1.00000000
0.676767676768, 0.828282828283, 1.09040814, 1.00000000, 1.00000000, 1.00000000
0.676767676768, 0.838383838384, 1.07932779, 1.00000000, 1.00000000, 1.00000000
0.676767676768, 0.848484848485, 1.06793005, 1.00000000, 1.00000000, 1.00000000
0.676767676768, 0.858585858586, 1.05626102, 1.00000000, 1.00000000, 1.00000000
0.676767676768, 0.868686868687, 1.04436788, 1.00000000, 1.00000000, 1.00000000
0.676767676768, 0.878787878788, 1.03229867, 1.00000000, 1.00000000, 1.00000000
0.676767676768, 0.888888888889, 1.02010213, 1.00000000, 1.00000000, 1.00000000
0.676767676768, 0.898989898990, 1.00782750, 1.00000000, 1.00000000, 1.00000000
0.676767676768, 0.909090909091, 0.99552429, 1.00000000, 1.00000000, 1.00000000
0.676767676768, 0.919191919192, 0.98324211, 1.00000000, 1.00000000, 1.00000000
0.676767676768, 0.929292929293, 0.97103057, 1.00000000, 1.00000000, 1.00000000
0.676767676768, 0.939393939394, 0.95893923, 1.00000000, 1.00000000, 1.00000000
0.676767676768, 0.949494949495, 0.94701809, 1.00000000, 1.00000000, 1.00000000
0.676767676768, 0.959595959596, 0.93531885, 1.00000000, 1.00000000, 1.00000000
0.686868686869, -0.000000000000, 0.87289539, 1.00000000, 1.00000000, 1.00000000
0.686868686869, 0.010101010101, 0.86445116, 1.00000000, 1.00000000, 1.00000000
0.686868686869, 0.020202020202, 0.85670316, 1.00000000, 1.00000000, 1.00000000
0.686868686869, 0.030303030303, 0.84961652, 1.00000000, 1.00000000, 1.00000000
0.686868686869, 0.040404040404, 0.84311251, 1.00000000, 1.00000000, 1.00000000
0.686868686869, 0.050505050505, 0.83710012, 1.00000000, 1.00000000, 1.00000000
0.686868686869, 0.060606060606, 0.83151439, 1.00000000, 1.00000000, 1.00000000
0.686868686869, 0.070707070707, 0.82634161, 1.00000000, 1.00000000, 1.00000000
0.686868686869, 0.080808080808, 0.82162028, 1.00000000, 1.00000000, 1.00000000
0.686868686869, 0.090909090909, 0.81742205, 1.00000000, 1.00000000, 1.00000000
0.686868686869, 0.101010101010, 0.81382644, 1.00000000, 1.00000000, 1.00000000
0.686868686869, 0.111111111111, 0.81090179, 1.00000000, 1.00000000, 1.00000000
0.686868686869, 0.121212121212, 0.80869722, 1.00000000, 1.00000000, 1.00000000
0.686868686869, 0.131313131313, 0.80724337, 1.00000000, 1.00000000, 1.00000000
0.686868686869, 0.141414141414, 0.80655697, 1.00000000, 1.00000000, 1.00000000
0.686868686869, 0.151515151515, 0.80664546, 1.00000000, 1.00000000, 1.00000000
0.686868686869, 0.161616161616, 0.80751016, 1.00000000, 1.00000000, 1.00000000
0.686868686869, 0.171717171717, 0.80914814, 1.00000000, 1.00000000, 1.00000000
0.686868686869, 0.181818181818, 0.81155304, 1.00000000, 1.00000000, 1.00000000
0.686868686869, 0.191919191919, 0.81471533, 1.00000000, 1.00000000, 1.00000000
0.686868686869, 0.202020202020, 0.81862248, 1.00000000, 1.00000000, 1.00000000
0.686868686869, 0.212121212121, 0.82325900, 1.00000000, 1.00000000, 1.00000000
0.686868686869, 0.222222222222, 0.82860648, 1.00000000, 1.00000000, 1.00000000
0.686868686869, 0.232323232323, 0.83464370, 1.00000000, 1.00000000, 1.00000000
0.686868686869, 0.242424242424, 0.84134669, 1.00000000, 1.00000000, 1.00000000
0.686868686869, 0.252525252525, 0.84868878, 1.00000000, 1.00000000, 1.00000000
0.686868686869, 0.262626262626, 0.85664076, 1.00000000, 1.00000000, 1.00000000
0.686868686869, 0.272727272727, 0.86517094, 1.00000000, 1.00000000, 1.00000000
0.686868686869, 0.282828282828, 0.87424531, 1.00000000, 1.00000000, 1.00000000
0.686868686869, 0.292929292929, 0.88382763, 1.00000000, 1.00000000, 1.00000000
0.686868686869, 0.303030303030, 0.89387962, 1.00000000, 1.00000000, 1.00000000
0.686868686869, 0.313131313131, 0.90436106, 1.00000000, 1.00000000, 1.00000000
0.686868686869, 0.323232323232, 0.91522997, 1.00000000, 1.00000000, 1.00000000
0.686868686869, 0.333333333333, 0.92644279, 1.00000000, 1.00000000, 1.00000000
0.686868686869, 0.343434343434, 0.93795453, 1.00000000, 1.00000000, 1.00000000
0.686868686869, 0.353535353535, 0.94971895, 1.00000000, 1.00000000, 1.00000000
0.686868686869, 0.363636363636, 0.96168876, 1.00000000, 1.00000000, 1.00000000
0.686868686869, 0.373737373737, 0.97381583, 1.00000000, 1.00000000, 1.00000000
0.686868686869, 0.383838383838, 0.98605131, 1.00000000, 1.00000000, 1.00000000
0.686868686869, 0.393939393939, 0.99834592, 1.00000000, 1.00000000, 1.00000000
0.686868686869, 0.404040404040, 1.01065009, 1.00000000, 1.00000000, 1.00000000
0.686868686869, 0.414141414141, 1.02291418, 1.00000000, 1.00000000, 1.00000000
0.686868686869, 0.424242424242, 1.03508868, 1.00000000, 1.00000000, 1.00000000
0.686868686869, 0.434343434343, 1.04712443, 1.00000000, 1.00000000, 1.00000000
0.686868686869, 0.444444444444, 1.05897279, 1.00000000, 1.00000000, 1.00000000
0.686868686869, 0.454545454545, 1.07058585, 1.00000000, 1.00000000, 1.00000000
0.686868686869, 0.464646464646, 1.08191667, 1.00000000, 1.00000000, 1.00000000
0.686868686869, 0.474747474747, 1.09291938, 1.00000000, 1.00000000, 1.00000000
0.686868686869, 0.484848484848, 1.10354946, 1.00000000, 1.00000000, 1.00000000
0.686868686869, 0.494949494949, 1.11376388, 1.00000000, 1.00000000, 1.00000000
0.686868686869, 0.505050505051, 1.12352126, 1.00000000, 1.00000000, 1.00000000
0.686868686869, 0.515151515152, 1.13278208, 1.00000000, 1.00000000, 1.00000000
0.686868686869, 0.525252525253, 1.14150883, 1.00000000, 1.00000000, 1.00000000
0.686868686869, 0.535353535354, 1.14966614, 1.00000000, 1.00000000, 1.00000000
0.686868686869, 0.545454545455, 1.15722095, 1.00000000, 1.00000000, 1.00000000
0.686868686869, 0.555555555556, 1.16414262, 1.00000000, 1.00000000, 1.00000000
0.686868686869, 0.565656565657, 1.17040311, 1.00000000, 1.00000000, 1.00000000
0.686868686869, 0.575757575758, 1.17597702, 1.00000000, 1.00000000, 1.00000000
0.686868686869, 0.585858585859, 1.18084175, 1.00000000, 1.00000000, 1.00000000
0.686868686869, 0.595959595960, 1.18497755, 1.00000000, 1.00000000, 1.00000000
0.686868686869, 0.606060606061, 1.18836765, 1.00000000, 1.00000000, 1.00000000
0.686868686869, 0.616161616162, 1.19099827, 1.00000000, 1.00000000, 1.00000000
0.686868686869, 0.626262626263, 1.19285870, 1.00000000, 1.00000000, 1.00000000
0.686868686869, 0.636363636364, 1.19394137, 1.00000000, 1.00000000, 1.00000000
0.686868686869, 0.646464646465, 1.19424181, 1.00000000, 1.00000000, 1.00000000
0.686868686869, 0.656565656566, 1.19375887, 1.00000000, 1.00000000, 1.00000000
0.686868686869, 0.666666666667, 1.19249458, 1.00000000, 1.00000000, 1.00000000
0.686868686869, 0.676767676768, 1.19045413, 1.00000000, 1.00000000, 1.00000000
0.686868686869, 0.686868686869, 1.18764583, 1.00000000, 1.00000000, 1.00000000
0.686868686869, 0.696969696970, 1.18408113, 1.00000000, 1.00000000, 1.00000000
0.686868686869, 0.707070707071, 1.17977451, 1.00000000, 1.00000000, 1.00000000
0.686868686869, 0.717171717172, 1.17474346, 1.00000000, 1.00000000, 1.00000000
0.686868686869, 0.727272727273, 1.16900841, 1.00000000, 1.00000000, 1.00000000
0.686868686869, 0.737373737374, 1.16259262, 1.00000000, 1.00000000, 1.00000000
0.686868686869, 0.747474747475, 1.15552214, 1.00000000, 1.00000000, 1.00000000
0.686868686869, 0.757575757576, 1.14782563, 1.00000000, 1.00000000, 1.00000000
0.686868686869, 0.767676767677, 1.13953431, 1.00000000, 1.00000000, 1.00000000
0.686868686869, 0.777777777778, 1.13068179, 1.00000000, 1.00000000, 1.00000000
0.686868686869, 0.787878787879, 1.12130395, 1.00000000, 1.00000000, 1.00000000
0.686868686869, 0.797979797980, 1.11143879, 1.00000000, 1.00000000, 1.00000000
0.686868686869, 0.808080808081, 1.10112627, 1.00000000, 1.00000000, 1.00000000
0.686868686869, 0.818181818182, 1.09040814, 1.00000000, 1.00000000, 1.00000000
0.686868686869, 0.828282828283, 1.07932779, 1.00000000, 1.00000000, 1.00000000
0.686868686869, 0.838383838384, 1.06793005, 1.00000000, 1.00000000, 1.00000000
0.686868686869, 0.848484848485, 1.05626102, 1.00000000, 1.00000000, 1.00000000
0.686868686869, 0.858585858586, 1.04436788, 1.00000000, 1.00000000, 1.00000000
0.686868686869, 0.868686868687, 1.03229867, 1.00000000, 1.00000000, 1.00000000
0.686868686869, 0.878787878788, 1.02010213, 1.00000000, 1.00000000, 1.00000000
0.686868686869, 0.888888888889, 1.00782750, 1.00000000, 1.00000000, 1.00000000
0.686868686869, 0.898989898990, 0.99552428, 1.00000000, 1.00000000, 1.00000000
0.686868686869, 0.909090909091, 0.98324207, 1.00000000, 1.00000000, 1.00000000
0.686868686869, 0.919191919192, 0.97103037, 1.00000000, 1.00000000, 1.00000000
0.686868686869, 0.929292929293, 0.95893843, 1.00000000, 1.00000000, 1.00000000
0.686868686869, 0.939393939394, 0.94701530, 1.00000000, 1.00000000, 1.00000000
0.686868686869, 0.949494949495, 0.93531016, 1.00000000, 1.00000000, 1.00000000
0.686868686869, 0.959595959596, 0.92387349, 1.00000000, 1.00000000, 1.00000000
0.696969696970, -0.000000000000, 0.86386989, 1.00000000, 1.00000000, 1.00000000
0.696969696970, 0.010101010101, 0.85592310, 1.00000000, 1.00000000, 1.00000000
0.696969696970, 0.020202020202, 0.84868597, 1.00000000, 1.00000000, 1.00000000
0.696969696970, 0.030303030303, 0.84212496, 1.00000000, 1.00000000, 1.00000000
0.696969696970, 0.040404040404, 0.83616702, 1.00000000, 1.00000000, 1.00000000
0.696969696970, 0.050505050505, 0.83072890, 1.00000000, 1.00000000, 1.00000000
0.696969696970, 0.060606060606, 0.82575215, 1.00000000, 1.00000000, 1.00000000
0.696969696970, 0.070707070707, 0.82122580, 1.00000000, 1.00000000, 1.00000000
0.696969696970, 0.080808080808, 0.81718662, 1.00000000, 1.00000000, 1.00000000
0.696969696970, 0.090909090909, 0.81370117, 1.00000000, 1.00000000, 1.00000000
0.696969696970, 0.101010101010, 0.81084242, 1.00000000, 1.00000000, 1.00000000
0.696969696970, 0.111111111111, 0.80867219, 1.00000000, 1.00000000, 1.00000000
0.696969696970, 0.121212121212, 0.80723400, 1.00000000, 1.00000000, 1.00000000
0.696969696970, 0.131313131313, 0.80655386, 1.00000000, 1.00000000, 1.00000000
0.696969696970, 0.141414141414, 0.80664455, 1.00000000, 1.00000000, 1.00000000
0.696969696970, 0.151515151515, 0.80750993, 1.00000000, 1.00000000, 1.00000000
0.696969696970, 0.161616161616, 0.80914809, 1.00000000, 1.00000000, 1.00000000
0.696969696970, 0.171717171717, 0.81155303, 1.00000000, 1.00000000, 1.00000000
0.696969696970, 0.181818181818, 0.81471533, 1.00000000, 1.00000000, 1.00000000
0.696969696970, 0.191919191919, 0.81862248, 1.00000000, 1.00000000, 1.00000000
0.696969696970, 0.202020202020, 0.82325900, 1.00000000, 1.00000000, 1.00000000
0.696969696970, 0.212121212121, 0.82860648, 1.00000000, 1.00000000, 1.00000000
0.696969696970, 0.222222222222, 0.83464370, 1.00000000, 1.00000000, 1.00000000
0.696969696970, 0.232323232323, 0.84134669, 1.00000000, 1.00000000, 1.00000000
0.696969696970, 0.242424242424, 0.84868878, 1.00000000, 1.00000000, 1.00000000
0.696969696970, 0.252525252525, 0.85664076, 1.00000000, 1.00000000, 1.00000000
0.696969696970, 0.262626262626, 0.86517094, 1.00000000, 1.00000000, 1.00000000
0.696969696970, 0.272727272727, 0.87424531, 1.00000000, 1.00000000, 1.00000000
0.696969696970, 0.282828282828, 0.88382763, 1.00000000, 1.00000000, 1.00000000
0.696969696970, 0.292929292929, 0.89387962, 1.00000000, 1.00000000, 1.00000000
0.696969696970, 0.303030303030, 0.90436106, 1.00000000, 1.00000000, 1.00000000
0.696969696970, 0.313131313131, 0.91522997, 1.00000000, 1.00000000, 1.00000000
0.696969696970, 0.323232323232, 0.92644279, 1.00000000, 1.00000000, 1.00000000
0.696969696970, 0.333333333333, 0.93795453, 1.00000000, 1.00000000, 1.00000000
0.696969696970, 0.343434343434, 0.94971895, 1.00000000, 1.00000000, 1.00000000
0.696969696970, 0.353535353535, 0.96168876, 1.00000000, 1.00000000, 1.00000000
0.696969696970, 0.363636363636, 0.97381583, 1.00000000, 1.00000000, 1.00000000
0.696969696970, 0.373737373737, 0.98605131, 1.00000000, 1.00000000, 1.00000000
0.696969696970, 0.383838383838, 0.99834592, 1.00000000, 1.00000000, 1.00000000
0.696969696970, 0.393939393939, 1.01065009, 1.00000000, 1.00000000, 1.00000000
0.696969696970, 0.404040404040, 1.02291418, 1.00000000, 1.00000000, 1.00000000
0.696969696970, 0.414141414141, 1.03508868, 1.00000000, 1.00000000, 1.00000000
0.696969696970, 0.424242424242, 1.04712443, 1.00000000, 1.00000000, 1.00000000
0.696969696970, 0.434343434343, 1.05897279, 1.00000000, 1.00000000, 1.00000000
0.696969696970, 0.444444444444, 1.07058585, 1.00000000, 1.00000000, 1.00000000
0.696969696970, 0.454545454545, 1.08191667, 1.00000000, 1.00000000, 1.00000000
0.696969696970, 0.464646464646, 1.09291938, 1.00000000, 1.00000000, 1.00000000
0.696969696970, 0.474747474747, 1.10354946, 1.00000000, 1.00000000, 1.00000000
0.696969696970, 0.484848484848, 1.11376388, 1.00000000, 1.00000000, 1.00000000
0.696969696970, 0.494949494949, 1.12352126, 1.00000000, 1.00000000, 1.00000000
0.696969696970, 0.505050505051, 1.13278208, 1.00000000, 1.00000000, 1.00000000
0.696969696970, 0.515151515152, 1.14150883, 1.00000000, 1.00000000, 1.00000000
0.696969696970, 0.525252525253, 1.14966614, 1.00000000, 1.00000000, 1.00000000
0.696969696970, 0.535353535354, 1.15722095, 1.00000000, 1.00000000, 1.00000000
0.696969696970, 0.545454545455, 1.16414262, 1.00000000, 1.00000000, 1.00000000
0.696969696970, 0.555555555556, 1.17040311, 1.00000000, 1.00000000, 1.00000000
0.696969696970, 0.565656565657, 1.17597702, 1.00000000, 1.00000000, 1.00000000
0.696969696970, 0.575757575758, 1.18084175, 1.00000000, 1.00000000, 1.00000000
0.696969696970, 0.585858585859, 1.18497755, 1.00000000, 1.00000000, 1.00000000
0.696969696970, 0.595959595960, 1.18836765, 1.00000000, 1.00000000, 1.00000000
0.696969696970, 0.606060606061, 1.19099827, 1.00000000, 1.00000000, 1.00000000
0.696969696970, 0.616161616162, 1.19285870, 1.00000000, 1.00000000, 1.00000000
0.696969696970, 0.626262626263, 1.19394137, 1.00000000, 1.00000000, 1.00000000
0.696969696970, 0.636363636364, 1.19424181, 1.00000000, 1.00000000, 1.00000000
0.696969696970, 0.646464646465, 1.19375887, 1.00000000, 1.00000000, 1.00000000
0.696969696970, 0.656565656566, 1.19249458, 1.00000000, 1.00000000, 1.00000000
0.696969696970, 0.666666666667, 1.19045413, 1.00000000, 1.00000000, 1.00000000
0.696969696970, 0.676767676768, 1.18764583, 1.00000000, 1.00000000, 1.00000000
0.696969696970, 0.686868686869, 1.18408113, 1.00000000, 1.00000000, 1.00000000
0.696969696970, 0.696969696970, 1.17977451, 1.00000000, 1.00000000, 1.00000000
0.696969696970, 0.707070707071, 1.17474346, 1.00000000, 1.00000000, 1.00000000
0.696969696970, 0.717171717172, 1.16900841, 1.00000000, 1.00000000, 1.00000000
0.696969696970, 0.727272727273, 1.16259262, 1.00000000, 1.00000000, 1.00000000
0.696969696970, 0.737373737374, 1.15552214, 1.00000000, 1.00000000, 1.00000000
0.696969696970, 0.747474747475, 1.14782563, 1.00000000, 1.00000000, 1.00000000
0.696969696970, 0.757575757576, 1.13953431, 1.00000000, 1.00000000, 1.00000000
0.696969696970, 0.767676767677, 1.13068179, 1.00000000, 1.00000000, 1.00000000
0.696969696970, 0.777777777778, 1.12130395, 1.00000000, 1.00000000, 1.00000000
0.696969696970, 0.787878787879, 1.11143879, 1.00000000, 1.00000000, 1.00000000
0.696969696970, 0.797979797980, 1.10112627, 1.00000000, 1.00000000, 1.00000000
0.696969696970, 0.808080808081, 1.09040814, 1.00000000, 1.00000000, 1.00000000
0.696969696970, 0.818181818182, 1.07932779, 1.00000000, 1.00000000, 1.00000000
0.696969696970, 0.828282828283, 1.06793005, 1.00000000, 1.00000000, 1.00000000
0.696969696970, 0.838383838384, 1.05626102, 1.00000000, 1.00000000, 1.00000000
0.696969696970, 0.848484848485, 1.04436788, 1.00000000, 1.00000000, 1.00000000
0.696969696970, 0.858585858586, 1.03229867, 1.00000000, 1.00000000, 1.00000000
0.696969696970, 0.868686868687, 1.02010213, 1.00000000, 1.00000000, 1.00000000
0.696969696970, 0.878787878788, 1.00782750, 1.00000000, 1.00000000, 1.00000000
0.696969696970, 0.888888888889, 0.99552428, 1.00000000, 1.00000000, 1.00000000
0.696969696970, 0.898989898990, 0.98324206, 1.00000000, 1.00000000, 1.00000000
0.696969696970, 0.909090909091, 0.97103032, 1.00000000, 1.00000000, 1.00000000
0.696969696970, 0.919191919192, 0.95893824, 1.00000000, 1.00000000, 1.00000000
0.696969696970, 0.929292929293, 0.94701456, 1.00000000, 1.00000000, 1.00000000
0.696969696970, 0.939393939394, 0.93530755, 1.00000000, 1.00000000, 1.00000000
0.696969696970, 0.949494949495, 0.92386538, 1.00000000, 1.00000000, 1.00000000
0.696969696970, 0.959595959596, 0.91273714, 1.00000000, 1.00000000, 1.00000000
0.707070707071, -0.000000000000, 0.85539283, 1.00000000, 1.00000000, 1.00000000
0.707070707071, 0.010101010101, 0.84797517, 1.00000000, 1.00000000, 1.00000000
0.707070707071, 0.020202020202, 0.84127789, 1.00000000, 1.00000000, 1.00000000
0.707070707071, 0.030303030303, 0.83526890, 1.00000000, 1.00000000, 1.00000000
0.707070707071, 0.040404040404, 0.82988106, 1.00000000, 1.00000000, 1.00000000
0.707070707071, 0.050505050505, 0.82503907, 1.00000000, 1.00000000, 1.00000000
0.707070707071, 0.060606060606, 0.82069119, 1.00000000, 1.00000000, 1.00000000
0.707070707071, 0.070707070707, 0.81682923, 1.00000000, 1.00000000, 1.00000000
0.707070707071, 0.080808080808, 0.81348815, 1.00000000, 1.00000000, 1.00000000
0.707070707071, 0.090909090909, 0.81072924, 1.00000000, 1.00000000, 1.00000000
0.707070707071, 0.101010101010, 0.80861864, 1.00000000, 1.00000000, 1.00000000
0.707070707071, 0.111111111111, 0.80721147, 1.00000000, 1.00000000, 1.00000000
0.707070707071, 0.121212121212, 0.80654544, 1.00000000, 1.00000000, 1.00000000
0.707070707071, 0.131313131313, 0.80664177, 1.00000000, 1.00000000, 1.00000000
0.707070707071, 0.141414141414, 0.80750911, 1.00000000, 1.00000000, 1.00000000
0.707070707071, 0.151515151515, 0.80914788, 1.00000000, 1.00000000, 1.00000000
0.707070707071, 0.161616161616, 0.81155298, 1.00000000, 1.00000000, 1.00000000
0.707070707071, 0.171717171717, 0.81471532, 1.00000000, 1.00000000, 1.00000000
0.707070707071, 0.181818181818, 0.81862248, 1.00000000, 1.00000000, 1.00000000
0.707070707071, 0.191919191919, 0.82325899, 1.00000000, 1.00000000, 1.00000000
0.707070707071, 0.202020202020, 0.82860648, 1.00000000, 1.00000000, 1.00000000
0.707070707071, 0.212121212121, 0.83464370, 1.00000000, 1.00000000, 1.00000000
0.707070707071, 0.222222222222, 0.84134669, 1.00000000, 1.00000000, 1.00000000
0.707070707071, 0.232323232323, 0.84868878, 1.00000000, 1.00000000, 1.00000000
0.707070707071, 0.242424242424, 0.85664076, 1.00000000, 1.00000000, 1.00000000
0.707070707071, 0.252525252525, 0.86517094, 1.00000000, 1.00000000, 1.00000000
0.707070707071, 0.262626262626, 0.87424531, 1.00000000, 1.00000000, 1.00000000
0.707070707071, 0.272727272727, 0.88382763, 1.00000000, 1.00000000, 1.00000000
0.707070707071, 0.282828282828, 0.89387962, 1.00000000, 1.00000000, 1.00000000
0.707070707071, 0.292929292929, 0.90436106, 1.00000000, 1.00000000, 1.00000000
0.707070707071, 0.303030303030, 0.91522997, 1.00000000, 1.00000000, 1.00000000
0.707070707071, 0.313131313131, 0.92644279, 1.00000000, 1.00000000, 1.00000000
0.707070707071, 0.323232323232, 0.93795453, 1.00000000, 1.00000000, 1.00000000
0.707070707071, 0.333333333333, 0.94971895, 1.00000000, 1.00000000, 1.00000000
0.707070707071, 0.343434343434, 0.96168876, 1.00000000, 1.00000000, 1.00000000
0.707070707071, 0.353535353535, 0.97381583, 1.00000000, 1.00000000, 1.00000000
0.707070707071, 0.363636363636, 0.98605131, 1.00000000, 1.00000000, 1.00000000
0.707070707071, 0.373737373737, 0.99834592, 1.00000000, 1.00000000, 1.00000000
0.707070707071, 0.383838383838, 1.01065009, 1.00000000, 1.00000000, 1.00000000
0.707070707071, 0.393939393939, 1.02291418, 1.00000000, 1.00000000, 1.00000000
0.707070707071, 0.404040404040, 1.03508868, 1.00000000, 1.00000000, 1.00000000
0.707070707071, 0.414141414141, 1.04712443, 1.00000000, 1.00000000, 1.00000000
0.707070707071, 0.424242424242, 1.05897279, 1.00000000, 1.00000000, 1.00000000
0.707070707071, 0.434343434343, 1.07058585, 1.00000000, 1.00000000, 1.00000000
0.707070707071, 0.444444444444, 1.08191667, 1.00000000, 1.00000000, 1.00000000
0.707070707071, 0.454545454545, 1.09291938, 1.00000000, 1.00000000, 1.00000000
0.707070707071, 0.464646464646, 1.10354946, 1.00000000, 1.00000000, 1.00000000
0.707070707071, 0.474747474747, 1.11376388, 1.00000000, 1.00000000, 1.00000000
0.707070707071, 0.484848484848, 1.12352126, 1.00000000, 1.00000000, 1.00000000
0.707070707071, 0.494949494949, 1.13278208, 1.00000000, 1.00000000, 1.00000000
0.707070707071, 0.505050505051, 1.14150883, 1.00000000, 1.00000000, 1.00000000
0.707070707071, 0.515151515152, 1.14966614, 1.00000000, 1.00000000, 1.00000000
0.707070707071, 0.525252525253, 1.15722095, 1.00000000, 1.00000000, 1.00000000
0.707070707071, 0.535353535354, 1.16414262, 1.00000000, 1.00000000, 1.00000000
0.707070707071, 0.545454545455, 1.17040311, 1.00000000, 1.00000000, 1.00000000
0.707070707071, 0.555555555556, 1.17597702, 1.00000000, 1.00000000, 1.00000000
0.707070707071, 0.565656565657, 1.18084175, 1.00000000, 1.00000000, 1.00000000
0.707070707071, 0.575757575758, 1.18497755, 1.00000000, 1.00000000, 1.00000000
0.707070707071, 0.585858585859, 1.18836765, 1.00000000, 1.00000000, 1.00000000
0.707070707071, 0.595959595960, 1.19099827, 1.00000000, 1.00000000, 1.00000000
0.707070707071, 0.606060606061, 1.19285870, 1.00000000, 1.00000000, 1.00000000
0.707070707071, 0.616161616162, 1.19394137, 1.00000000, 1.00000000, 1.00000000
0.707070707071, 0.626262626263, 1.19424181, 1.00000000, 1.00000000, 1.00000000
0.707070707071, 0.636363636364, 1.19375887, 1.00000000, 1.00000000, 1.00000000
0.707070707071, 0.646464646465, 1.19249458, 1.00000000, 1.00000000, 1.00000000
0.707070707071, 0.656565656566, 1.19045413, 1.00000000, 1.00000000, 1.00000000
0.707070707071, 0.666666666667, 1.18764583, 1.00000000, 1.00000000, 1.00000000
0.707070707071, 0.676767676768, 1.18408113, 1.00000000, 1.00000000, 1.00000000
0.707070707071, 0.686868686869, 1.17977451, 1.00000000, 1.00000000, 1.00000000
0.707070707071, 0.696969696970, 1.17474346, 1.00000000, 1.00000000, 1.00000000
0.707070707071, 0.707070707071, 1.16900841, 1.00000000, 1.00000000, 1.00000000
0.707070707071, 0.717171717172, 1.16259262, 1.00000000, 1.00000000, 1.00000000
0.707070707071, 0.727272727273, 1.15552214, 1.00000000, 1.00000000, 1.00000000
0.707070707071, 0.737373737374, 1.14782563, 1.00000000, 1.00000000, 1.00000000
0.707070707071, 0.747474747475, 1.13953431, 1.00000000, 1.00000000, 1.00000000
0.707070707071, 0.757575757576, 1.13068179, 1.00000000, 1.00000000, 1.00000000
0.707070707071, 0.767676767677, 1.12130395, 1.00000000, 1.00000000, 1.00000000
0.707070707071, 0.777777777778, 1.11143879, 1.00000000, 1.00000000, 1.00000000
0.707070707071, 0.787878787879, 1.10112627, 1.00000000, 1.00000000, 1.00000000
0.707070707071, 0.797979797980, 1.09040814, 1.00000000, 1.00000000, 1.00000000
0.707070707071, 0.808080808081, 1.07932779, 1.00000000, 1.00000000, 1.00000000
0.707070707071, 0.818181818182, 1.06793005, 1.00000000, 1.00000000, 1.00000000
0.707070707071, 0.828282828283, 1.05626102, 1.00000000, 1.00000000, 1.00000000
0.707070707071, 0.838383838384, 1.04436788, 1.00000000, 1.00000000, 1.00000000
0.707070707071, 0.848484848485, 1.03229867, 1.00000000, 1.00000000, 1.00000000
0.707070707071, 0.858585858586, 1.02010213, 1.00000000, 1.00000000, 1.00000000
0.707070707071, 0.868686868687, 1.00782750, 1.00000000, 1.00000000, 1.00000000
0.707070707071, 0.878787878788, 0.99552428, 1.00000000, 1.00000000, 1.00000000
0.707070707071, 0.888888888889, 0.98324206, 1.00000000, 1.00000000, 1.00000000
0.707070707071, 0.898989898990, 0.97103032, 1.00000000, 1.00000000, 1.00000000
0.707070707071, 0.909090909091, 0.95893821, 1.00000000, 1.00000000, 1.00000000
0.707070707071, 0.919191919192, 0.94701438, 1.00000000, 1.00000000, 1.00000000
0.707070707071, 0.929292929293, 0.93530685, 1.00000000, 1.00000000, 1.00000000
0.707070707071, 0.939393939394, 0.92386296, 1.00000000, 1.00000000, 1.00000000
0.707070707071, 0.949494949495, 0.91272965, 1.00000000, 1.00000000, 1.00000000
0.707070707071, 0.959595959596, 0.90195443, 1.00000000, 1.00000000, 1.00000000
0.717171717172, -0.000000000000, 0.84749803, 1.00000000, 1.00000000, 1.00000000
0.717171717172, 0.010101010101, 0.84063905, 1.00000000, 1.00000000, 1.00000000
0.717171717172, 0.020202020202, 0.83450844, 1.00000000, 1.00000000, 1.00000000
0.717171717172, 0.030303030303, 0.82907565, 1.00000000, 1.00000000, 1.00000000
0.717171717172, 0.040404040404, 0.82427961, 1.00000000, 1.00000000, 1.00000000
0.717171717172, 0.050505050505, 0.82005323, 1.00000000, 1.00000000, 1.00000000
0.717171717172, 0.060606060606, 0.81635160, 1.00000000, 1.00000000, 1.00000000
0.717171717172, 0.070707070707, 0.81316935, 1.00000000, 1.00000000, 1.00000000
0.717171717172, 0.080808080808, 0.81053957, 1.00000000, 1.00000000, 1.00000000
0.717171717172, 0.090909090909, 0.80851809, 1.00000000, 1.00000000, 1.00000000
0.717171717172, 0.101010101010, 0.80716401, 1.00000000, 1.00000000, 1.00000000
0.717171717172, 0.111111111111, 0.80652554, 1.00000000, 1.00000000, 1.00000000
0.717171717172, 0.121212121212, 0.80663436, 1.00000000, 1.00000000, 1.00000000
0.717171717172, 0.131313131313, 0.80750667, 1.00000000, 1.00000000, 1.00000000
0.717171717172, 0.141414141414, 0.80914717, 1.00000000, 1.00000000, 1.00000000
0.717171717172, 0.151515151515, 0.81155280, 1.00000000, 1.00000000, 1.00000000
0.717171717172, 0.161616161616, 0.81471528, 1.00000000, 1.00000000, 1.00000000
0.717171717172, 0.171717171717, 0.81862247, 1.00000000, 1.00000000, 1.00000000
0.717171717172, 0.181818181818, 0.82325899, 1.00000000, 1.00000000, 1.00000000
0.717171717172, 0.191919191919, 0.82860648, 1.00000000, 1.00000000, 1.00000000
0.717171717172, 0.202020202020, 0.83464370, 1.00000000, 1.00000000, 1.00000000
0.717171717172, 0.212121212121, 0.84134669, 1.00000000, 1.00000000, 1.00000000
0.717171717172, 0.222222222222, 0.84868878, 1.00000000, 1.00000000, 1.00000000
0.717171717172, 0.232323232323, 0.85664076, 1.00000000, 1.00000000, 1.00000000
0.717171717172, 0.242424242424, 0.86517094, 1.00000000, 1.00000000, 1.00000000
0.717171717172, 0.252525252525, 0.87424531, 1.00000000, 1.00000000, 1.00000000
0.717171717172, 0.262626262626, 0.88382763, 1.00000000, 1.00000000, 1.00000000
0.717171717172, 0.272727272727, 0.89387962, 1.00000000, 1.00000000, 1.00000000
0.717171717172, 0.282828282828, 0.90436106, 1.00000000, 1.00000000, 1.00000000
0.717171717172, 0.292929292929, 0.91522997, 1.00000000, 1.00000000, 1.00000000
0.717171717172, 0.303030303030, 0.92644279, 1.00000000, 1.00000000, 1.00000000
0.717171717172, 0.313131313131, 0.93795453, 1.00000000, 1.00000000, 1.00000000
0.717171717172, 0.323232323232, 0.94971895, 1.00000000, 1.00000000, 1.00000000
0.717171717172, 0.333333333333, 0.96168876, 1.00000000, 1.00000000, 1.00000000
0.717171717172, 0.343434343434, 0.97381583, 1.00000000, 1.00000000, 1.00000000
0.717171717172, 0.353535353535, 0.98605131, 1.00000000, 1.00000000, 1.00000000
0.717171717172, 0.363636363636, 0.99834592, 1.00000000, 1.00000000, 1.00000000
0.717171717172, 0.373737373737, 1.01065009, 1.00000000, 1.00000000, 1.00000000
0.717171717172, 0.383838383838, 1.02291418, 1.00000000, 1.00000000, 1.00000000
0.717171717172, 0.393939393939, 1.03508868, 1.00000000, 1.00000000, 1.00000000
0.717171717172, 0.404040404040, 1.04712443, 1.00000000, 1.00000000, 1.00000000
0.717171717172, 0.414141414141, 1.05897279, 1.00000000, 1.00000000, 1.00000000
0.717171717172, 0.424242424242, 1.07058585, 1.00000000, 1.00000000, 1.00000000
0.717171717172, 0.434343434343, 1.08191667, 1.00000000, 1.00000000, 1.00000000
0.717171717172, 0.444444444444, 1.09291938, 1.00000000, 1.00000000, 1.00000000
0.717171717172, 0.454545454545, 1.10354946, 1.00000000, 1.00000000, 1.00000000
0.717171717172, 0.464646464646, 1.11376388, 1.00000000, 1.00000000, 1.00000000
0.717171717172, 0.474747474747, 1.12352126, 1.00000000, 1.00000000, 1.00000000
0.717171717172, 0.484848484848, 1.13278208, 1.00000000, 1.00000000, 1.00000000
0.717171717172, 0.494949494949, 1.14150883, 1.00000000, 1.00000000, 1.00000000
0.717171717172, 0.505050505051, 1.14966614, 1.00000000, 1.00000000, 1.00000000
0.717171717172, 0.515151515152, 1.15722095, 1.00000000, 1.00000000, 1.00000000
0.717171717172, 0.525252525253, 1.16414262, 1.00000000, 1.00000000, 1.00000000
0.717171717172, 0.535353535354, 1.17040311, 1.00000000, 1.00000000, 1.00000000
0.717171717172, 0.545454545455, 1.17597702, 1.00000000, 1.00000000, 1.00000000
0.717171717172, 0.555555555556, 1.18084175, 1.00000000, 1.00000000, 1.00000000
0.717171717172, 0.565656565657, 1.18497755, 1.00000000, 1.00000000, 1.00000000
0.717171717172, 0.575757575758, 1.18836765, 1.00000000, 1.00000000, 1.00000000
0.717171717172, 0.585858585859, 1.19099827, 1.00000000, 1.00000000, 1.00000000
0.717171717172, 0.595959595960, 1.19285870, 1.00000000, 1.00000000, 1.00000000
0.717171717172, 0.606060606061, 1.19394137, 1.00000000, 1.00000000, 1.00000000
0.717171717172, 0.616161616162, 1.19424181, 1.00000000, 1.00000000, 1.00000000
0.717171717172, 0.626262626263, 1.19375887, 1.00000000, 1.00000000, 1.00000000
0.717171717172, 0.636363636364, 1.19249458, 1.00000000, 1.00000000, 1.00000000
0.717171717172, 0.646464646465, 1.19045413, 1.00000000, 1.00000000, 1.00000000
0.717171717172, 0.656565656566, 1.18764583, 1.00000000, 1.00000000, 1.00000000
0.717171717172, 0.666666666667, 1.18408113, 1.00000000, 1.00000000, 1.00000000
0.717171717172, 0.676767676768, 1.17977451, 1.00000000, 1.00000000, 1.00000000
0.717171717172, 0.686868686869, 1.17474346, 1.00000000, 1.00000000, 1.00000000
0.717171717172, 0.696969696970, 1.16900841, 1.00000000, 1.00000000, 1.00000000
0.717171717172, 0.707070707071, 1.16259262, 1.00000000, 1.00000000, 1.00000000
0.717171717172, 0.717171717172, 1.15552214, 1.00000000, 1.00000000, 1.00000000
0.717171717172, 0.727272727273, 1.14782563, 1.00000000, 1.00000000, 1.00000000
0.717171717172, 0.737373737374, 1.13953431, 1.00000000, 1.00000000, 1.00000000
0.717171717172, 0.747474747475, 1.13068179, 1.00000000, 1.00000000, 1.00000000
0.717171717172, 0.757575757576, 1.12130395, 1.00000000, 1.00000000, 1.00000000
0.717171717172, 0.767676767677, 1.11143879, 1.00000000, 1.00000000, 1.00000000
0.717171717172, 0.777777777778, 1.10112627, 1.00000000, 1.00000000, 1.00000000
0.717171717172, 0.787878787879, 1.09040814, 1.00000000, 1.00000000, 1.00000000
0.717171717172, 0.797979797980, 1.07932779, 1.00000000, 1.00000000, 1.00000000
0.717171717172, 0.808080808081, 1.06793005, 1.00000000, 1.00000000, 1.00000000
0.717171717172, 0.818181818182, 1.05626102, 1.00000000, 1.00000000, 1.00000000
0.717171717172, 0.828282828283, 1.04436788, 1.00000000, 1.00000000, 1.00000000
0.717171717172, 0.838383838384, 1.03229867, 1.00000000, 1.00000000, 1.00000000
0.717171717172, 0.848484848485, 1.02010213, 1.00000000, 1.00000000, 1.00000000
0.717171717172, 0.858585858586, 1.00782750, 1.00000000, 1.00000000, 1.00000000
0.717171717172, 0.868686868687, 0.99552428, 1.00000000, 1.00000000, 1.00000000
0.717171717172, 0.878787878788, 0.98324206, 1.00000000, 1.00000000, 1.00000000
0.717171717172, 0.888888888889, 0.97103031, 1.00000000, 1.00000000, 1.00000000
0.717171717172, 0.898989898990, 0.95893820, 1.00000000, 1.00000000, 1.00000000
0.717171717172, 0.909090909091, 0.94701435, 1.00000000, 1.00000000, 1.00000000
0.717171717172, 0.919191919192, 0.93530669, 1.00000000, 1.00000000, 1.00000000
0.717171717172, 0.929292929293, 0.92386233, 1.00000000, 1.00000000, 1.00000000
0.717171717172, 0.939393939394, 0.91272745, 1.00000000, 1.00000000, 1.00000000
0.717171717172, 0.949494949495, 0.90194762, 1.00000000, 1.00000000, 1.00000000
0.717171717172, 0.959595959596, 0.89156852, 1.00000000, 1.00000000, 1.00000000
0.727272727273, -0.000000000000, 0.84021696, 1.00000000, 1.00000000, 1.00000000
0.727272727273, 0.010101010101, 0.83394399, 1.00000000, 1.00000000, 1.00000000
0.727272727273, 0.020202020202, 0.82840458, 1.00000000, 1.00000000, 1.00000000
0.727272727273, 0.030303030303, 0.82356984, 1.00000000, 1.00000000, 1.00000000
0.727272727273, 0.040404040404, 0.81938496, 1.00000000, 1.00000000, 1.00000000
0.727272727273, 0.050505050505, 0.81579117, 1.00000000, 1.00000000, 1.00000000
0.727272727273, 0.060606060606, 0.81275058, 1.00000000, 1.00000000, 1.00000000
0.727272727273, 0.070707070707, 0.81026069, 1.00000000, 1.00000000, 1.00000000
0.727272727273, 0.080808080808, 0.80835261, 1.00000000, 1.00000000, 1.00000000
0.727272727273, 0.090909090909, 0.80707656, 1.00000000, 1.00000000, 1.00000000
0.727272727273, 0.101010101010, 0.80648441, 1.00000000, 1.00000000, 1.00000000
0.727272727273, 0.111111111111, 0.80661717, 1.00000000, 1.00000000, 1.00000000
0.727272727273, 0.121212121212, 0.80750031, 1.00000000, 1.00000000, 1.00000000
0.727272727273, 0.131313131313, 0.80914509, 1.00000000, 1.00000000, 1.00000000
0.727272727273, 0.141414141414, 0.81155220, 1.00000000, 1.00000000, 1.00000000
0.727272727273, 0.151515151515, 0.81471513, 1.00000000, 1.00000000, 1.00000000
0.727272727273, 0.161616161616, 0.81862244, 1.00000000, 1.00000000, 1.00000000
0.727272727273, 0.171717171717, 0.82325899, 1.00000000, 1.00000000, 1.00000000
0.727272727273, 0.181818181818, 0.82860648, 1.00000000, 1.00000000, 1.00000000
0.727272727273, 0.191919191919, 0.83464370, 1.00000000, 1.00000000, 1.00000000
0.727272727273, 0.202020202020, 0.84134669, 1.00000000, 1.00000000, 1.00000000
0.727272727273, 0.212121212121, 0.84868878, 1.00000000, 1.00000000, 1.00000000
0.727272727273, 0.222222222222, 0.85664076, 1.00000000, 1.00000000, 1.00000000
0.727272727273, 0.232323232323, 0.86517094, 1.00000000, 1.00000000, 1.00000000
0.727272727273, 0.242424242424, 0.87424531, 1.00000000, 1.00000000, 1.00000000
0.727272727273, 0.252525252525, 0.88382763, 1.00000000, 1.00000000, 1.00000000
0.727272727273, 0.262626262626, 0.89387962, 1.00000000, 1.00000000, 1.00000000
0.727272727273, 0.272727272727, 0.90436106, 1.00000000, 1.00000000, 1.00000000
0.727272727273, 0.282828282828, 0.91522997, 1.00000000, 1.00000000, 1.00000000
0.727272727273, 0.292929292929, 0.92644279, 1.00000000, 1.00000000, 1.00000000
0.727272727273, 0.303030303030, 0.93795453, 1.00000000, 1.00000000, 1.00000000
0.727272727273, 0.313131313131, 0.94971895, 1.00000000, 1.00000000, 1.00000000
0.727272727273, 0.323232323232, 0.96168876, 1.00000000, 1.00000000, 1.00000000
0.727272727273, 0.333333333333, 0.97381583, 1.00000000, 1.00000000, 1.00000000
0.727272727273, 0.343434343434, 0.98605131, 1.00000000, 1.00000000, 1.00000000
0.727272727273, 0.353535353535, 0.99834592, 1.00000000, 1.00000000, 1.00000000
0.727272727273, 0.363636363636, 1.01065009, 1.00000000, 1.00000000, 1.00000000
0.727272727273, 0.373737373737, 1.02291418, 1.00000000, 1.00000000, 1.00000000
0.727272727273, 0.383838383838, 1.03508868, 1.00000000, 1.00000000, 1.00000000
0.727272727273, 0.393939393939, 1.04712443, 1.00000000, 1.00000000, 1.00000000
0.727272727273, 0.404040404040, 1.05897279, 1.00000000, 1.00000000, 1.00000000
0.727272727273, 0.414141414141, 1.07058585, 1.00000000, 1.00000000, 1.00000000
0.727272727273, 0.424242424242, 1.08191667, 1.00000000, 1.00000000, 1.00000000
0.727272727273, 0.434343434343, 1.09291938, 1.00000000, 1.00000000, 1.00000000
0.727272727273, 0.444444444444, 1.10354946, 1.00000000, 1.00000000, 1.00000000
0.727272727273, 0.454545454545, 1.11376388, 1.00000000, 1.00000000, 1.00000000
0.727272727273, 0.464646464646, 1.12352126, 1.00000000, 1.00000000, 1.00000000
0.727272727273, 0.474747474747, 1.13278208, 1.00000000, 1.00000000, 1.00000000
0.727272727273, 0.484848484848, 1.14150883, 1.00000000, 1.00000000, 1.00000000
0.727272727273, 0.494949494949, 1.14966614, 1.00000000, 1.00000000, 1.00000000
0.727272727273, 0.505050505051, 1.15722095, 1.00000000, 1.00000000, 1.00000000
0.727272727273, 0.515151515152, 1.16414262, 1.00000000, 1.00000000, 1.00000000
0.727272727273, 0.525252525253, 1.17040311, 1.00000000, 1.00000000, 1.00000000
0.727272727273, 0.535353535354, 1.17597702, 1.00000000, 1.00000000, 1.00000000
0.727272727273, 0.545454545455, 1.18084175, 1.00000000, 1.00000000, 1.00000000
0.727272727273, 0.555555555556, 1.18497755, 1.00000000, 1.00000000, 1.00000000
0.727272727273, 0.565656565657, 1.18836765, 1.00000000, 1.00000000, 1.00000000
0.727272727273, 0.575757575758, 1.19099827, 1.00000000, 1.00000000, 1.00000000
0.727272727273, 0.585858585859, 1.19285870, 1.00000000, 1.00000000, 1.00000000
0.727272727273, 0.595959595960, 1.19394137, 1.00000000, 1.00000000, 1.00000000
0.727272727273, 0.606060606061, 1.19424181, 1.00000000, 1.00000000, 1.00000000
0.727272727273, 0.616161616162, 1.19375887, 1.00000000, 1.00000000, 1.00000000
0.727272727273, 0.626262626263, 1.19249458, 1.00000000, 1.00000000, 1.00000000
0.727272727273, 0.636363636364, 1.19045413, 1.00000000, 1.00000000, 1.00000000
0.727272727273, 0.646464646465, 1.18764583, 1.00000000, 1.00000000, 1.00000000
0.727272727273, 0.656565656566, 1.18408113, 1.00000000, 1.00000000, 1.00000000
0.727272727273, 0.666666666667, 1.17977451, 1.00000000, 1.00000000, 1.00000000
0.727272727273, 0.676767676768, 1.17474346, 1.00000000, 1.00000000, 1.00000000
0.727272727273, 0.686868686869, 1.16900841, 1.00000000, 1.00000000, 1.00000000
0.727272727273, 0.696969696970, 1.16259262, 1.00000000, 1.00000000, 1.00000000
0.727272727273, 0.707070707071, 1.15552214, 1.00000000, 1.00000000, 1.00000000
0.727272727273, 0.717171717172, 1.14782563, 1.00000000, 1.00000000, 1.00000000
0.727272727273, 0.727272727273, 1.13953431, 1.00000000, 1.00000000, 1.00000000
0.727272727273, 0.737373737374, 1.13068179, 1.00000000, 1.00000000, 1.00000000
0.727272727273, 0.747474747475, 1.12130395, 1.00000000, 1.00000000, 1.00000000
0.727272727273, 0.757575757576, 1.11143879, 1.00000000, 1.00000000, 1.00000000
0.727272727273, 0.767676767677, 1.10112627, 1.00000000, 1.00000000, 1.00000000
0.727272727273, 0.777777777778, 1.09040814, 1.00000000, 1.00000000, 1.00000000
0.727272727273, 0.787878787879, 1.07932779, 1.00000000, 1.00000000, 1.00000000
0.727272727273, 0.797979797980, 1.06793005, 1.00000000, 1.00000000, 1.00000000
0.727272727273, 0.808080808081, 1.05626102, 1.00000000, 1.00000000, 1.00000000
0.727272727273, 0.818181818182, 1.04436788, 1.00000000, 1.00000000, 1.00000000
0.727272727273, 0.828282828283, 1.03229867, 1.00000000, 1.00000000, 1.00000000
0.727272727273, 0.838383838384, 1.02010213, 1.00000000, 1.00000000, 1.00000000
0.727272727273, 0.848484848485, 1.00782750, 1.00000000, 1.00000000, 1.00000000
0.727272727273, 0.858585858586, 0.99552428, 1.00000000, 1.00000000, 1.00000000
0.727272727273, 0.868686868687, 0.98324206, 1.00000000, 1.00000000, 1.00000000
0.727272727273, 0.878787878788, 0.97103031, 1.00000000, 1.00000000, 1.00000000
0.727272727273, 0.888888888889, 0.95893820, 1.00000000, 1.00000000, 1.00000000
0.727272727273, 0.898989898990, 0.94701434, 1.00000000, 1.00000000, 1.00000000
0.727272727273, 0.909090909091, 0.93530666, 1.00000000, 1.00000000, 1.00000000
0.727272727273, 0.919191919192, 0.92386218, 1.00000000, 1.00000000, 1.00000000
0.727272727273, 0.929292929293, 0.91272689, 1.00000000, 1.00000000, 1.00000000
0.727272727273, 0.939393939394, 0.90194566, 1.00000000, 1.00000000, 1.00000000
0.727272727273, 0.949494949495, 0.89156246, 1.00000000, 1.00000000, 1.00000000
0.727272727273, 0.959595959596, 0.88162098, 1.00000000, 1.00000000, 1.00000000
0.737373737374, -0.000000000000, 0.83357865, 1.00000000, 1.00000000, 1.00000000
0.737373737374, 0.010101010101, 0.82791666, 1.00000000, 1.00000000, 1.00000000
0.737373737374, 0.020202020202, 0.82299063, 1.00000000, 1.00000000, 1.00000000
0.737373737374, 0.030303030303, 0.81877340, 1.00000000, 1.00000000, 1.00000000
0.737373737374, 0.040404040404, 0.81521653, 1.00000000, 1.00000000, 1.00000000
0.737373737374, 0.050505050505, 0.81226982, 1.00000000, 1.00000000, 1.00000000
0.737373737374, 0.060606060606, 0.80990245, 1.00000000, 1.00000000, 1.00000000
0.737373737374, 0.070707070707, 0.80811481, 1.00000000, 1.00000000, 1.00000000
0.737373737374, 0.080808080808, 0.80693599, 1.00000000, 1.00000000, 1.00000000
0.737373737374, 0.090909090909, 0.80641045, 1.00000000, 1.00000000, 1.00000000
0.737373737374, 0.101010101010, 0.80658257, 1.00000000, 1.00000000, 1.00000000
0.737373737374, 0.111111111111, 0.80748593, 1.00000000, 1.00000000, 1.00000000
0.737373737374, 0.121212121212, 0.80913980, 1.00000000, 1.00000000, 1.00000000
0.737373737374, 0.131313131313, 0.81155048, 1.00000000, 1.00000000, 1.00000000
0.737373737374, 0.141414141414, 0.81471463, 1.00000000, 1.00000000, 1.00000000
0.737373737374, 0.151515151515, 0.81862231, 1.00000000, 1.00000000, 1.00000000
0.737373737374, 0.161616161616, 0.82325896, 1.00000000, 1.00000000, 1.00000000
0.737373737374, 0.171717171717, 0.82860647, 1.00000000, 1.00000000, 1.00000000
0.737373737374, 0.181818181818, 0.83464370, 1.00000000, 1.00000000, 1.00000000
0.737373737374, 0.191919191919, 0.84134669, 1.00000000, 1.00000000, 1.00000000
0.737373737374, 0.202020202020, 0.84868878, 1.00000000, 1.00000000, 1.00000000
0.737373737374, 0.212121212121, 0.85664076, 1.00000000, 1.00000000, 1.00000000
0.737373737374, 0.222222222222, 0.86517094, 1.00000000, 1.00000000, 1.00000000
0.737373737374, 0.232323232323, 0.87424531, 1.00000000, 1.00000000, 1.00000000
0.737373737374, 0.242424242424, 0.88382763, 1.00000000, 1.00000000, 1.00000000
0.737373737374, 0.252525252525, 0.89387962, 1.00000000, 1.00000000, 1.00000000
0.737373737374, 0.262626262626, 0.90436106, 1.00000000, 1.00000000, 1.00000000
0.737373737374, 0.272727272727, 0.91522997, 1.00000000, 1.00000000, 1.00000000
0.737373737374, 0.282828282828, 0.92644279, 1.00000000, 1.00000000, 1.00000000
0.737373737374, 0.292929292929, 0.93795453, 1.00000000, 1.00000000, 1.00000000
0.737373737374, 0.303030303030, 0.94971895, 1.00000000, 1.00000000, 1.00000000
0.737373737374, 0.313131313131, 0.96168876, 1.00000000, 1.00000000, 1.00000000
0.737373737374, 0.323232323232, 0.97381583, 1.00000000, 1.00000000, 1.00000000
0.737373737374, 0.333333333333, 0.98605131, 1.00000000, 1.00000000, 1.00000000
0.737373737374, 0.343434343434, 0.99834592, 1.00000000, 1.00000000, 1.00000000
0.737373737374, 0.353535353535, 1.01065009, 1.00000000, 1.00000000, 1.00000000
0.737373737374, 0.363636363636, 1.02291418, 1.00000000, 1.00000000, 1.00000000
0.737373737374, 0.373737373737, 1.03508868, 1.00000000, 1.00000000, 1.00000000
0.737373737374, 0.383838383838, 1.04712443, 1.00000000, 1.00000000, 1.00000000
0.737373737374, 0.393939393939, 1.05897279, 1.00000000, 1.00000000, 1.00000000
0.737373737374, 0.404040404040, 1.07058585, 1.00000000, 1.00000000, 1.00000000
0.737373737374, 0.414141414141, 1.08191667, 1.00000000, 1.00000000, 1.00000000
0.737373737374, 0.424242424242, 1.09291938, 1.00000000, 1.00000000, 1.00000000
0.737373737374, 0.434343434343, 1.10354946, 1.00000000, 1.00000000, 1.00000000
0.737373737374, 0.444444444444, 1.11376388, 1.00000000, 1.00000000, 1.00000000
0.737373737374, 0.454545454545, 1.12352126, 1.00000000, 1.00000000, 1.00000000
0.737373737374, 0.464646464646, 1.13278208, 1.00000000, 1.00000000, 1.00000000
0.737373737374, 0.474747474747, 1.14150883, 1.00000000, 1.00000000, 1.00000000
0.737373737374, 0.484848484848, 1.14966614, 1.00000000, 1.00000000, 1.00000000
0.737373737374, 0.494949494949, 1.15722095, 1.00000000, 1.00000000, 1.00000000
0.737373737374, 0.505050505051, 1.16414262, 1.00000000, 1.00000000, 1.00000000
0.737373737374, 0.515151515152, 1.17040311, 1.00000000, 1.00000000, 1.00000000
0.737373737374, 0.525252525253, 1.17597702, 1.00000000, 1.00000000, 1.00000000
0.737373737374, 0.535353535354, 1.18084175, 1.00000000, 1.00000000, 1.00000000
0.737373737374, 0.545454545455, 1.18497755, 1.00000000, 1.00000000, 1.00000000
0.737373737374, 0.555555555556, 1.18836765, 1.00000000, 1.00000000, 1.00000000
0.737373737374, 0.565656565657, 1.19099827, 1.00000000, 1.00000000, 1.00000000
0.737373737374, 0.575757575758, 1.19285870, 1.00000000, 1.00000000, 1.00000000
0.737373737374, 0.585858585859, 1.19394137, 1.00000000, 1.00000000, 1.00000000
0.737373737374, 0.595959595960, 1.19424181, 1.00000000, 1.00000000, 1.00000000
0.737373737374, 0.606060606061, 1.19375887, 1.00000000, 1.00000000, 1.00000000
0.737373737374, 0.616161616162, 1.19249458, 1.00000000, 1.00000000, 1.00000000
0.737373737374, 0.626262626263, 1.19045413, 1.00000000, 1.00000000, 1.00000000
0.737373737374, 0.636363636364, 1.18764583, 1.00000000, 1.00000000, 1.00000000
0.737373737374, 0.646464646465, 1.18408113, 1.00000000, 1.00000000, 1.00000000
0.737373737374, 0.656565656566, 1.17977451, 1.00000000, 1.00000000, 1.00000000
0.737373737374, 0.666666666667, 1.17474346, 1.00000000, 1.00000000, 1.00000000
0.737373737374, 0.676767676768, 1.16900841, 1.00000000, 1.00000000, 1.00000000
0.737373737374, 0.686868686869, 1.16259262, 1.00000000, 1.00000000, 1.00000000
0.737373737374, 0.696969696970, 1.15552214, 1.00000000, 1.00000000, 1.00000000
0.737373737374, 0.707070707071, 1.14782563, 1.00000000, 1.00000000, 1.00000000
0.737373737374, 0.717171717172, 1.13953431, 1.00000000, 1.00000000, 1.00000000
0.737373737374, 0.727272727273, 1.13068179, 1.00000000, 1.00000000, 1.00000000
0.737373737374, 0.737373737374, 1.12130395, 1.00000000, 1.00000000, 1.00000000
0.737373737374, 0.747474747475, 1.11143879, 1.00000000, 1.00000000, 1.00000000
0.737373737374, 0.757575757576, 1.10112627, 1.00000000, 1.00000000, 1.00000000
0.737373737374, 0.767676767677, 1.09040814, 1.00000000, 1.00000000, 1.00000000
0.737373737374, 0.777777777778, 1.07932779, 1.00000000, 1.00000000, 1.00000000
0.737373737374, 0.787878787879, 1.06793005, 1.00000000, 1.00000000, 1.00000000
0.737373737374, 0.797979797980, 1.05626102, 1.00000000, 1.00000000, 1.00000000
0.737373737374, 0.808080808081, 1.04436788, 1.00000000, 1.00000000, 1.00000000
0.737373737374, 0.818181818182, 1.03229867, 1.00000000, 1.00000000, 1.00000000
0.737373737374, 0.828282828283, 1.02010213, 1.00000000, 1.00000000, 1.00000000
0.737373737374, 0.838383838384, 1.00782750, 1.00000000, 1.00000000, 1.00000000
0.737373737374, 0.848484848485, 0.99552428, 1.00000000, 1.00000000, 1.00000000
0.737373737374, 0.858585858586, 0.98324206, 1.00000000, 1.00000000, 1.00000000
0.737373737374, 0.868686868687, 0.97103031, 1.00000000, 1.00000000, 1.00000000
0.737373737374, 0.878787878788, 0.95893820, 1.00000000, 1.00000000, 1.00000000
0.737373737374, 0.888888888889, 0.94701434, 1.00000000, 1.00000000, 1.00000000
0.737373737374, 0.898989898990, 0.93530665, 1.00000000, 1.00000000, 1.00000000
0.737373737374, 0.909090909091, 0.92386216, 1.00000000, 1.00000000, 1.00000000
0.737373737374, 0.919191919192, 0.91272676, 1.00000000, 1.00000000, 1.00000000
0.737373737374, 0.929292929293, 0.90194517, 1.00000000, 1.00000000, 1.00000000
0.737373737374, 0.939393939394, 0.89156074, 1.00000000, 1.00000000, 1.00000000
0.737373737374, 0.949494949495, 0.88161570, 1.00000000, 1.00000000, 1.00000000
0.737373737374, 0.959595959596, 0.87215155, 1.00000000, 1.00000000, 1.00000000
0.747474747475, -0.000000000000, 0.82760956, 1.00000000, 1.00000000, 1.00000000
0.747474747475, 0.010101010101, 0.82258110, 1.00000000, 1.00000000, 1.00000000
0.747474747475, 0.020202020202, 0.81828816, 1.00000000, 1.00000000, 1.00000000
0.747474747475, 0.030303030303, 0.81470540, 1.00000000, 1.00000000, 1.00000000
0.747474747475, 0.040404040404, 0.81179092, 1.00000000, 1.00000000, 1.00000000
0.747474747475, 0.050505050505, 0.80950316, 1.00000000, 1.00000000, 1.00000000
0.747474747475, 0.060606060606, 0.80781850, 1.00000000, 1.00000000, 1.00000000
0.747474747475, 0.070707070707, 0.80674025, 1.00000000, 1.00000000, 1.00000000
0.747474747475, 0.080808080808, 0.80629540, 1.00000000, 1.00000000, 1.00000000
0.747474747475, 0.090909090909, 0.80652244, 1.00000000, 1.00000000, 1.00000000
0.747474747475, 0.101010101010, 0.80745801, 1.00000000, 1.00000000, 1.00000000
0.747474747475, 0.111111111111, 0.80912830, 1.00000000, 1.00000000, 1.00000000
0.747474747475, 0.121212121212, 0.81154629, 1.00000000, 1.00000000, 1.00000000
0.747474747475, 0.131313131313, 0.81471329, 1.00000000, 1.00000000, 1.00000000
0.747474747475, 0.141414141414, 0.81862193, 1.00000000, 1.00000000, 1.00000000
0.747474747475, 0.151515151515, 0.82325887, 1.00000000, 1.00000000, 1.00000000
0.747474747475, 0.161616161616, 0.82860645, 1.00000000, 1.00000000, 1.00000000
0.747474747475, 0.171717171717, 0.83464370, 1.00000000, 1.00000000, 1.00000000
0.747474747475, 0.181818181818, 0.84134669, 1.00000000, 1.00000000, 1.00000000
0.747474747475, 0.191919191919, 0.84868878, 1.00000000, 1.00000000, 1.00000000
0.747474747475, 0.202020202020, 0.85664076, 1.00000000, 1.00000000, 1.00000000
0.747474747475, 0.212121212121, 0.86517094, 1.00000000, 1.00000000, 1.00000000
0.747474747475, 0.222222222222, 0.87424531, 1.00000000, 1.00000000, 1.00000000
0.747474747475, 0.232323232323, 0.88382763, 1.00000000, 1.00000000, 1.00000000
0.747474747475, 0.242424242424, 0.89387962, 1.00000000, 1.00000000, 1.00000000
0.747474747475, 0.252525252525, 0.90436106, 1.00000000, 1.00000000, 1.00000000
0.747474747475, 0.262626262626, 0.91522997, 1.00000000, 1.00000000, 1.00000000
0.747474747475, 0.272727272727, 0.92644279, 1.00000000, 1.00000000, 1.00000000
0.747474747475, 0.282828282828, 0.93795453, 1.00000000, 1.00000000, 1.00000000
0.747474747475, 0.292929292929, 0.94971895, 1.00000000, 1.00000000, 1.00000000
0.747474747475, 0.303030303030, 0.96168876, 1.00000000, 1.00000000, 1.00000000
0.747474747475, 0.313131313131, 0.97381583, 1.00000000, 1.00000000, 1.00000000
0.747474747475, 0.323232323232, 0.98605131, 1.00000000, 1.00000000, 1.00000000
0.747474747475, 0.333333333333, 0.99834592, 1.00000000, 1.00000000, 1.00000000
0.747474747475, 0.343434343434, 1.01065009, 1.00000000, 1.00000000, 1.00000000
0.747474747475, 0.353535353535, 1.02291418, 1.00000000, 1.00000000, 1.00000000
0.747474747475, 0.363636363636, 1.03508868, 1.00000000, 1.00000000, 1.00000000
0.747474747475, 0.373737373737, 1.04712443, 1.00000000, 1.00000000, 1.00000000
0.747474747475, 0.383838383838, 1.05897279, 1.00000000, 1.00000000, 1.00000000
0.747474747475, 0.393939393939, 1.07058585, 1.00000000, 1.00000000, 1.00000000
0.747474747475, 0.404040404040, 1.08191667, 1.00000000, 1.00000000, 1.00000000
0.747474747475, 0.414141414141, 1.09291938, 1.00000000, 1.00000000, 1.00000000
0.747474747475, 0.424242424242, 1.10354946, 1.00000000, 1.00000000, 1.00000000
0.747474747475, 0.434343434343, 1.11376388, 1.00000000, 1.00000000, 1.00000000
0.747474747475, 0.444444444444, 1.12352126, 1.00000000, 1.00000000, 1.00000000
0.747474747475, 0.454545454545, 1.13278208, 1.00000000, 1.00000000, 1.00000000
0.747474747475, 0.464646464646, 1.14150883, 1.00000000, 1.00000000, 1.00000000
0.747474747475, 0.474747474747, 1.14966614, 1.00000000, 1.00000000, 1.00000000
0.747474747475, 0.484848484848, 1.15722095, 1.00000000, 1.00000000, 1.00000000
0.747474747475, 0.494949494949, 1.16414262, 1.00000000, 1.00000000, 1.00000000
0.747474747475, 0.505050505051, 1.17040311, 1.00000000, 1.00000000, 1.00000000
0.747474747475, 0.515151515152, 1.17597702, 1.00000000, 1.00000000, 1.00000000
0.747474747475, 0.525252525253, 1.18084175, 1.00000000, 1.00000000, 1.00000000
0.747474747475, 0.535353535354, 1.18497755, 1.00000000, 1.00000000, 1.00000000
0.747474747475, 0.545454545455, 1.18836765, 1.00000000, 1.00000000, 1.00000000
0.747474747475, 0.555555555556, 1.19099827, 1.00000000, 1.00000000, 1.00000000
0.747474747475, 0.565656565657, 1.19285870, 1.00000000, 1.00000000, 1.00000000
0.747474747475, 0.575757575758, 1.19394137, 1.00000000, 1.00000000, 1.00000000
0.747474747475, 0.585858585859, 1.19424181, 1.00000000, 1.00000000, 1.00000000
0.747474747475, 0.595959595960, 1.19375887, 1.00000000, 1.00000000, 1.00000000
0.747474747475, 0.606060606061, 1.19249458, 1.00000000, 1.00000000, 1.00000000
0.747474747475, 0.616161616162, 1.19045413, 1.00000000, 1.00000000, 1.00000000
0.747474747475, 0.626262626263, 1.18764583, 1.00000000, 1.00000000, 1.00000000
0.747474747475, 0.636363636364, 1.18408113, 1.00000000, 1.00000000, 1.00000000
0.747474747475, 0.646464646465, 1.17977451, 1.00000000, 1.00000000, 1.00000000
0.747474747475, 0.656565656566, 1.17474346, 1.00000000, 1.00000000, 1.00000000
0.747474747475, 0.666666666667, 1.16900841, 1.00000000, 1.00000000, 1.00000000
0.747474747475, 0.676767676768, 1.16259262, 1.00000000, 1.00000000, 1.00000000
0.747474747475, 0.686868686869, 1.15552214, 1.00000000, 1.00000000, 1.00000000
0.747474747475, 0.696969696970, 1.14782563, 1.00000000, 1.00000000, 1.00000000
0.747474747475, 0.707070707071, 1.13953431, 1.00000000, 1.00000000, 1.00000000
0.747474747475, 0.717171717172, 1.13068179, 1.00000000, 1.00000000, 1.00000000
0.747474747475, 0.727272727273, 1.12130395, 1.00000000, 1.00000000, 1.00000000
0.747474747475, 0.737373737374, 1.11143879, 1.00000000, 1.00000000, 1.00000000
0.747474747475, 0.747474747475, 1.10112627, 1.00000000, 1.00000000, 1.00000000
0.747474747475, 0.757575757576, 1.09040814, 1.00000000, 1.00000000, 1.00000000
0.747474747475, 0.767676767677, 1.07932779, 1.00000000, 1.00000000, 1.00000000
0.747474747475, 0.777777777778, 1.06793005, 1.00000000, 1.00000000, 1.00000000
0.747474747475, 0.787878787879, 1.05626102, 1.00000000, 1.00000000, 1.00000000
0.747474747475, 0.797979797980, 1.04436788, 1.00000000, 1.00000000, 1.00000000
0.747474747475, 0.808080808081, 1.03229867, 1.00000000, 1.00000000, 1.00000000
0.747474747475, 0.818181818182, 1.02010213, 1.00000000, 1.00000000, 1.00000000
0.747474747475, 0.828282828283, 1.00782750, 1.00000000, 1.00000000, 1.00000000
0.747474747475, 0.838383838384, 0.99552428, 1.00000000, 1.00000000, 1.00000000
0.747474747475, 0.848484848485, 0.98324206, 1.00000000, 1.00000000, 1.00000000
0.747474747475, 0.858585858586, 0.97103031, 1.00000000, 1.00000000, 1.00000000
0.747474747475, 0.868686868687, 0.95893820, 1.00000000, 1.00000000, 1.00000000
0.747474747475, 0.878787878788, 0.94701434, 1.00000000, 1.00000000, 1.00000000
0.747474747475, 0.888888888889, 0.93530665, 1.00000000, 1.00000000, 1.00000000
0.747474747475, 0.898989898990, 0.92386215, 1.00000000, 1.00000000, 1.00000000
0.747474747475, 0.909090909091, 0.91272674, 1.00000000, 1.00000000, 1.00000000
0.747474747475, 0.919191919192, 0.90194506, 1.00000000, 1.00000000, 1.00000000
0.747474747475, 0.929292929293, 0.89156033, 1.00000000, 1.00000000, 1.00000000
0.747474747475, 0.939393939394, 0.88161425, 1.00000000, 1.00000000, 1.00000000
0.747474747475, 0.949494949495, 0.87214710, 1.00000000, 1.00000000, 1.00000000
0.747474747475, 0.959595959596, 0.86319804, 1.00000000, 1.00000000, 1.00000000
0.757575757576, -0.000000000000, 0.82233348, 1.00000000, 1.00000000, 1.00000000
0.757575757576, 0.010101010101, 0.81795858, 1.00000000, 1.00000000, 1.00000000
0.757575757576, 0.020202020202, 0.81431592, 1.00000000, 1.00000000, 1.00000000
0.757575757576, 0.030303030303, 0.81138206, 1.00000000, 1.00000000, 1.00000000
0.757575757576, 0.040404040404, 0.80912175, 1.00000000, 1.00000000, 1.00000000
0.757575757576, 0.050505050505, 0.80750219, 1.00000000, 1.00000000, 1.00000000
0.757575757576, 0.060606060606, 0.80650703, 1.00000000, 1.00000000, 1.00000000
0.757575757576, 0.070707070707, 0.80614253, 1.00000000, 1.00000000, 1.00000000
0.757575757576, 0.080808080808, 0.80643339, 1.00000000, 1.00000000, 1.00000000
0.757575757576, 0.090909090909, 0.80741196, 1.00000000, 1.00000000, 1.00000000
0.757575757576, 0.101010101010, 0.80910718, 1.00000000, 1.00000000, 1.00000000
0.757575757576, 0.111111111111, 0.81153772, 1.00000000, 1.00000000, 1.00000000
0.757575757576, 0.121212121212, 0.81471022, 1.00000000, 1.00000000, 1.00000000
0.757575757576, 0.131313131313, 0.81862097, 1.00000000, 1.00000000, 1.00000000
0.757575757576, 0.141414141414, 0.82325860, 1.00000000, 1.00000000, 1.00000000
0.757575757576, 0.151515151515, 0.82860639, 1.00000000, 1.00000000, 1.00000000
0.757575757576, 0.161616161616, 0.83464369, 1.00000000, 1.00000000, 1.00000000
0.757575757576, 0.171717171717, 0.84134669, 1.00000000, 1.00000000, 1.00000000
0.757575757576, 0.181818181818, 0.84868878, 1.00000000, 1.00000000, 1.00000000
0.757575757576, 0.191919191919, 0.85664076, 1.00000000, 1.00000000, 1.00000000
0.757575757576, 0.202020202020, 0.86517094, 1.00000000, 1.00000000, 1.00000000
0.757575757576, 0.212121212121, 0.87424531, 1.00000000, 1.00000000, 1.00000000
0.757575757576, 0.222222222222, 0.88382763, 1.00000000, 1.00000000, 1.00000000
0.757575757576, 0.232323232323, 0.89387962, 1.00000000, 1.00000000, 1.00000000
0.757575757576, 0.242424242424, 0.90436106, 1.00000000, 1.00000000, 1.00000000
0.757575757576, 0.252525252525, 0.91522997, 1.00000000, 1.00000000, 1.00000000
0.757575757576, 0.262626262626, 0.92644279, 1.00000000, 1.00000000, 1.00000000
0.757575757576, 0.272727272727, 0.93795453, 1.00000000, 1.00000000, 1.00000000
0.757575757576, 0.282828282828, 0.94971895, 1.00000000, 1.00000000, 1.00000000
0.757575757576, 0.292929292929, 0.96168876, 1.00000000, 1.00000000, 1.00000000
0.757575757576, 0.303030303030, 0.97381583, 1.00000000, 1.00000000, 1.00000000
0.757575757576, 0.313131313131, 0.98605131, 1.00000000, 1.00000000, 1.00000000
0.757575757576, 0.323232323232, 0.99834592, 1.00000000, 1.00000000, 1.00000000
0.757575757576, 0.333333333333, 1.01065009, 1.00000000, 1.00000000, 1.00000000
0.757575757576, 0.343434343434, 1.02291418, 1.00000000, 1.00000000, 1.00000000
0.757575757576, 0.353535353535, 1.03508868, 1.00000000, 1.00000000, 1.00000000
0.757575757576, 0.363636363636, 1.04712443, 1.00000000, 1.00000000, 1.00000000
0.757575757576, 0.373737373737, 1.05897279, 1.00000000, 1.00000000, 1.00000000
0.757575757576, 0.383838383838, 1.07058585, 1.00000000, 1.00000000, 1.00000000
0.757575757576, 0.393939393939, 1.08191667, 1.00000000, 1.00000000, 1.00000000
0.757575757576, 0.404040404040, 1.09291938, 1.00000000, 1.00000000, 1.00000000
0.757575757576, 0.414141414141, 1.10354946, 1.00000000, 1.00000000, 1.00000000
0.757575757576, 0.424242424242, 1.11376388, 1.00000000, 1.00000000, 1.00000000
0.757575757576, 0.434343434343, 1.12352126, 1.00000000, 1.00000000, 1.00000000
0.757575757576, 0.444444444444, 1.13278208, 1.00000000, 1.00000000, 1.00000000
0.757575757576, 0.454545454545, 1.14150883, 1.00000000, 1.00000000, 1.00000000
0.757575757576, 0.464646464646, 1.14966614, 1.00000000, 1.00000000, 1.00000000
0.757575757576, 0.474747474747, 1.15722095, 1.00000000, 1.00000000, 1.00000000
0.757575757576, 0.484848484848, 1.16414262, 1.00000000, 1.00000000, 1.00000000
0.757575757576, 0.494949494949, 1.17040311, 1.00000000, 1.00000000, 1.00000000
0.757575757576, 0.505050505051, 1.17597702, 1.00000000, 1.00000000, 1.00000000
0.757575757576, 0.515151515152, 1.18084175, 1.00000000, 1.00000000, 1.00000000
0.757575757576, 0.525252525253, 1.18497755, 1.00000000, 1.00000000, 1.00000000
0.757575757576, 0.535353535354, 1.18836765, 1.00000000, 1.00000000, 1.00000000
0.757575757576, 0.545454545455, 1.19099827, 1.00000000, 1.00000000, 1.00000000
0.757575757576, 0.555555555556, 1.19285870, 1.00000000, 1.00000000, 1.00000000
0.757575757576, 0.565656565657, 1.19394137, 1.00000000, 1.00000000, 1.00000000
0.757575757576, 0.575757575758, 1.19424181, 1.00000000, 1.00000000, 1.00000000
0.757575757576, 0.585858585859, 1.19375887, 1.00000000, 1.00000000, 1.00000000
0.757575757576, 0.595959595960, 1.19249458, 1.00000000, 1.00000000, 1.00000000
0.757575757576, 0.606060606061, 1.19045413, 1.00000000, 1.00000000, 1.00000000
0.757575757576, 0.616161616162, 1.18764583, 1.00000000, 1.00000000, 1.00000000
0.757575757576, 0.626262626263, 1.18408113, 1.00000000, 1.00000000, 1.00000000
0.757575757576, 0.636363636364, 1.17977451, 1.00000000, 1.00000000, 1.00000000
0.757575757576, 0.646464646465, 1.17474346, 1.00000000, 1.00000000, 1.00000000
0.757575757576, 0.656565656566, 1.16900841, 1.00000000, 1.00000000, 1.00000000
0.757575757576, 0.666666666667, 1.16259262, 1.00000000, 1.00000000, 1.00000000
0.757575757576, 0.676767676768, 1.15552214, 1.00000000, 1.00000000, 1.00000000
0.757575757576, 0.686868686869, 1.14782563, 1.00000000, 1.00000000, 1.00000000
0.757575757576, 0.696969696970, 1.13953431, 1.00000000, 1.00000000, 1.00000000
0.757575757576, 0.707070707071, 1.13068179, 1.00000000, 1.00000000, 1.00000000
0.757575757576, 0.717171717172, 1.12130395, 1.00000000, 1.00000000, 1.00000000
0.757575757576, 0.727272727273, 1.11143879, 1.00000000, 1.00000000, 1.00000000
0.757575757576, 0.737373737374, 1.10112627, 1.00000000, 1.00000000, 1.00000000
0.757575757576, 0.747474747475, 1.09040814, 1.00000000, 1.00000000, 1.00000000
0.757575757576, 0.757575757576, 1.07932779, 1.00000000, 1.00000000, 1.00000000
0.757575757576, 0.767676767677, 1.06793005, 1.00000000, 1.00000000, 1.00000000
0.757575757576, 0.777777777778, 1.05626102, 1.00000000, 1.00000000, 1.00000000
0.757575757576, 0.787878787879, 1.04436788, 1.00000000, 1.00000000, 1.00000000
0.757575757576, 0.797979797980, 1.03229867, 1.00000000, 1.00000000, 1.00000000
0.757575757576, 0.808080808081, 1.02010213, 1.00000000, 1.00000000, 1.00000000
0.757575757576, 0.818181818182, 1.00782750, 1.00000000, 1.00000000, 1.00000000
0.757575757576, 0.828282828283, 0.99552428, 1.00000000, 1.00000000, 1.00000000
0.757575757576, 0.838383838384, 0.98324206, 1.00000000, 1.00000000, 1.00000000
0.757575757576, 0.848484848485, 0.97103031, 1.00000000, 1.00000000, 1.00000000
0.757575757576, 0.858585858586, 0.95893820, 1.00000000, 1.00000000, 1.00000000
0.757575757576, 0.868686868687, 0.94701434, 1.00000000, 1.00000000, 1.00000000
0.757575757576, 0.878787878788, 0.93530665, 1.00000000, 1.00000000, 1.00000000
0.757575757576, 0.888888888889, 0.92386215, 1.00000000, 1.00000000, 1.00000000
0.757575757576, 0.898989898990, 0.91272674, 1.00000000, 1.00000000, 1.00000000
0.757575757576, 0.909090909091, 0.90194504, 1.00000000, 1.00000000, 1.00000000
0.757575757576, 0.919191919192, 0.89156025, 1.00000000, 1.00000000, 1.00000000
0.757575757576, 0.929292929293, 0.88161392, 1.00000000, 1.00000000, 1.00000000
0.757575757576, 0.939393939394, 0.87214594, 1.00000000, 1.00000000, 1.00000000
0.757575757576, 0.949494949495, 0.86319447, 1.00000000, 1.00000000, 1.00000000
0.757575757576, 0.959595959596, 0.85479619, 1.00000000, 1.00000000, 1.00000000
0.767676767677, -0.000000000000, 0.81777148, 1.00000000, 1.00000000, 1.00000000
0.767676767677, 0.010101010101, 0.81406755, 1.00000000, 1.00000000, 1.00000000
0.767676767677, 0.020202020202, 0.81108977, 1.00000000, 1.00000000, 1.00000000
0.767676767677, 0.030303030303, 0.80881665, 1.00000000, 1.00000000, 1.00000000
0.767676767677, 0.040404040404, 0.80721966, 1.00000000, 1.00000000, 1.00000000
0.767676767677, 0.050505050505, 0.80627488, 1.00000000, 1.00000000, 1.00000000
0.767676767677, 0.060606060606, 0.80597330, 1.00000000, 1.00000000, 1.00000000
0.767676767677, 0.070707070707, 0.80632398, 1.00000000, 1.00000000, 1.00000000
0.767676767677, 0.080808080808, 0.80734928, 1.00000000, 1.00000000, 1.00000000
0.767676767677, 0.090909090909, 0.80907540, 1.00000000, 1.00000000, 1.00000000
0.767676767677, 0.101010101010, 0.81152349, 1.00000000, 1.00000000, 1.00000000
0.767676767677, 0.111111111111, 0.81470461, 1.00000000, 1.00000000, 1.00000000
0.767676767677, 0.121212121212, 0.81861903, 1.00000000, 1.00000000, 1.00000000
0.767676767677, 0.131313131313, 0.82325801, 1.00000000, 1.00000000, 1.00000000
0.767676767677, 0.141414141414, 0.82860624, 1.00000000, 1.00000000, 1.00000000
0.767676767677, 0.151515151515, 0.83464365, 1.00000000, 1.00000000, 1.00000000
0.767676767677, 0.161616161616, 0.84134668, 1.00000000, 1.00000000, 1.00000000
0.767676767677, 0.171717171717, 0.84868878, 1.00000000, 1.00000000, 1.00000000
0.767676767677, 0.181818181818, 0.85664076, 1.00000000, 1.00000000, 1.00000000
0.767676767677, 0.191919191919, 0.86517094, 1.00000000, 1.00000000, 1.00000000
0.767676767677, 0.202020202020, 0.87424531, 1.00000000, 1.00000000, 1.00000000
0.767676767677, 0.212121212121, 0.88382763, 1.00000000, 1.00000000, 1.00000000
0.767676767677, 0.222222222222, 0.89387962, 1.00000000, 1.00000000, 1.00000000
0.767676767677, 0.232323232323, 0.90436106, 1.00000000, 1.00000000, 1.00000000
0.767676767677, 0.242424242424, 0.91522997, 1.00000000, 1.00000000, 1.00000000
0.767676767677, 0.252525252525, 0.92644279, 1.00000000, 1.00000000, 1.00000000
0.767676767677, 0.262626262626, 0.93795453, 1.00000000, 1.00000000, 1.00000000
0.767676767677, 0.272727272727, 0.94971895, 1.00000000, 1.00000000, 1.00000000
0.767676767677, 0.282828282828, 0.96168876, 1.00000000, 1.00000000, 1.00000000
0.767676767677, 0.292929292929, 0.97381583, 1.00000000, 1.00000000, 1.00000000
0.767676767677, 0.303030303030, 0.98605131, 1.00000000, 1.00000000, 1.00000000
0.767676767677, 0.313131313131, 0.99834592, 1.00000000, 1.00000000, 1.00000000
0.767676767677, 0.323232323232, 1.01065009, 1.00000000, 1.00000000, 1.00000000
0.767676767677, 0.333333333333, 1.02291418, 1.00000000, 1.00000000, 1.00000000
0.767676767677, 0.343434343434, 1.03508868, 1.00000000, 1.00000000, 1.00000000
0.767676767677, 0.353535353535, 1.04712443, 1.00000000, 1.00000000, 1.00000000
0.767676767677, 0.363636363636, 1.05897279, 1.00000000, 1.00000000, 1.00000000
0.767676767677, 0.373737373737, 1.07058585, 1.00000000, 1.00000000, 1.00000000
0.767676767677, 0.383838383838, 1.08191667, 1.00000000, 1.00000000, 1.00000000
0.767676767677, 0.393939393939, 1.09291938, 1.00000000, 1.00000000, 1.00000000
0.767676767677, 0.404040404040, 1.10354946, 1.00000000, 1.00000000, 1.00000000
0.767676767677, 0.414141414141, 1.11376388, 1.00000000, 1.00000000, 1.00000000
0.767676767677, 0.424242424242, 1.12352126, 1.00000000, 1.00000000, 1.00000000
0.767676767677, 0.434343434343, 1.13278208, 1.00000000, 1.00000000, 1.00000000
0.767676767677, 0.444444444444, 1.14150883, 1.00000000, 1.00000000, 1.00000000
0.767676767677, 0.454545454545, 1.14966614, 1.00000000, 1.00000000, 1.00000000
0.767676767677, 0.464646464646, 1.15722095, 1.00000000, 1.00000000, 1.00000000
0.767676767677, 0.474747474747, 1.16414262, 1.00000000, 1.00000000, 1.00000000
0.767676767677, 0.484848484848, 1.17040311, 1.00000000, 1.00000000, 1.00000000
0.767676767677, 0.494949494949, 1.17597702, 1.00000000, 1.00000000, 1.00000000
0.767676767677, 0.505050505051, 1.18084175, 1.00000000, 1.00000000, 1.00000000
0.767676767677, 0.515151515152, 1.18497755, 1.00000000, 1.00000000, 1.00000000
0.767676767677, 0.525252525253, 1.18836765, 1.00000000, 1.00000000, 1.00000000
0.767676767677, 0.535353535354, 1.19099827, 1.00000000, 1.00000000, 1.00000000
0.767676767677, 0.545454545455, 1.19285870, 1.00000000, 1.00000000, 1.00000000
0.767676767677, 0.555555555556, 1.19394137, 1.00000000, 1.00000000, 1.00000000
0.767676767677, 0.565656565657, 1.19424181, 1.00000000, 1.00000000, 1.00000000
0.767676767677, 0.575757575758, 1.19375887, 1.00000000, 1.00000000, 1.00000000
0.767676767677, 0.585858585859, 1.19249458, 1.00000000, 1.00000000, 1.00000000
0.767676767677, 0.595959595960, 1.19045413, 1.00000000, 1.00000000, 1.00000000
0.767676767677, 0.606060606061, 1.18764583, 1.00000000, 1.00000000, 1.00000000
0.767676767677, 0.616161616162, 1.18408113, 1.00000000, 1.00000000, 1.00000000
0.767676767677, 0.626262626263, 1.17977451, 1.00000000, 1.00000000, 1.00000000
0.767676767677, 0.636363636364, 1.17474346, 1.00000000, 1.00000000, 1.00000000
0.767676767677, 0.646464646465, 1.16900841, 1.00000000, 1.00000000, 1.00000000
0.767676767677, 0.656565656566, 1.16259262, 1.00000000, 1.00000000, 1.00000000
0.767676767677, 0.666666666667, 1.15552214, 1.00000000, 1.00000000, 1.00000000
0.767676767677, 0.676767676768, 1.14782563, 1.00000000, 1.00000000, 1.00000000
0.767676767677, 0.686868686869, 1.13953431, 1.00000000, 1.00000000, 1.00000000
0.767676767677, 0.696969696970, 1.13068179, 1.00000000, 1.00000000, 1.00000000
0.767676767677, 0.707070707071, 1.12130395, 1.00000000, 1.00000000, 1.00000000
0.767676767677, 0.717171717172, 1.11143879, 1.00000000, 1.00000000, 1.00000000
0.767676767677, 0.727272727273, 1.10112627, 1.00000000, 1.00000000, 1.00000000
0.767676767677, 0.737373737374, 1.09040814, 1.00000000, 1.00000000, 1.00000000
0.767676767677, 0.747474747475, 1.07932779, 1.00000000, 1.00000000, 1.00000000
0.767676767677, 0.757575757576, 1.06793005, 1.00000000, 1.00000000, 1.00000000
0.767676767677, 0.767676767677, 1.05626102, 1.00000000, 1.00000000, 1.00000000
0.767676767677, 0.777777777778, 1.04436788, 1.00000000, 1.00000000, 1.00000000
0.767676767677, 0.787878787879, 1.03229867, 1.00000000, 1.00000000, 1.00000000
0.767676767677, 0.797979797980, 1.02010213, 1.00000000, 1.00000000, 1.00000000
0.767676767677, 0.808080808081, 1.00782750, 1.00000000, 1.00000000, 1.00000000
0.767676767677, 0.818181818182, 0.99552428, 1.00000000, 1.00000000, 1.00000000
0.767676767677, 0.828282828283, 0.98324206, 1.00000000, 1.00000000, 1.00000000
0.767676767677, 0.838383838384, 0.97103031, 1.00000000, 1.00000000, 1.00000000
0.767676767677, 0.848484848485, 0.95893820, 1.00000000, 1.00000000, 1.00000000
0.767676767677, 0.858585858586, 0.94701434, 1.00000000, 1.00000000, 1.00000000
0.767676767677, 0.868686868687, 0.93530665, 1.00000000, 1.00000000, 1.00000000
0.767676767677, 0.878787878788, 0.92386215, 1.00000000, 1.00000000, 1.00000000
0.767676767677, 0.888888888889, 0.91272674, 1.00000000, 1.00000000, 1.00000000
0.767676767677, 0.898989898990, 0.90194504, 1.00000000, 1.00000000, 1.00000000
0.767676767677, 0.909090909091, 0.89156023, 1.00000000, 1.00000000, 1.00000000
0.767676767677, 0.919191919192, 0.88161386, 1.00000000, 1.00000000, 1.00000000
0.767676767677, 0.929292929293, 0.87214570, 1.00000000, 1.00000000, 1.00000000
0.767676767677, 0.939393939394, 0.86319361, 1.00000000, 1.00000000, 1.00000000
0.767676767677, 0.949494949495, 0.85479352, 1.00000000, 1.00000000, 1.00000000
0.767676767677, 0.959595959596, 0.84697949, 1.00000000, 1.00000000, 1.00000000
0.777777777778, -0.000000000000, 0.81394175, 1.00000000, 1.00000000, 1.00000000
0.777777777778, 0.010101010101, 0.81092359, 1.00000000, 1.00000000, 1.00000000
0.777777777778, 0.020202020202, 0.80862263, 1.00000000, 1.00000000, 1.00000000
0.777777777778, 0.030303030303, 0.80701945, 1.00000000, 1.00000000, 1.00000000
0.777777777778, 0.040404040404, 0.80609229, 1.00000000, 1.00000000, 1.00000000
0.777777777778, 0.050505050505, 0.80582620, 1.00000000, 1.00000000, 1.00000000
0.777777777778, 0.060606060606, 0.80621938, 1.00000000, 1.00000000, 1.00000000
0.777777777778, 0.070707070707, 0.80728374, 1.00000000, 1.00000000, 1.00000000
0.777777777778, 0.080808080808, 0.80903932, 1.00000000, 1.00000000, 1.00000000
0.777777777778, 0.090909090909, 0.81150610, 1.00000000, 1.00000000, 1.00000000
0.777777777778, 0.101010101010, 0.81469732, 1.00000000, 1.00000000, 1.00000000
0.777777777778, 0.111111111111, 0.81861639, 1.00000000, 1.00000000, 1.00000000
0.777777777778, 0.121212121212, 0.82325721, 1.00000000, 1.00000000, 1.00000000
0.777777777778, 0.131313131313, 0.82860603, 1.00000000, 1.00000000, 1.00000000
0.777777777778, 0.141414141414, 0.83464361, 1.00000000, 1.00000000, 1.00000000
0.777777777778, 0.151515151515, 0.84134667, 1.00000000, 1.00000000, 1.00000000
0.777777777778, 0.161616161616, 0.84868878, 1.00000000, 1.00000000, 1.00000000
0.777777777778, 0.171717171717, 0.85664076, 1.00000000, 1.00000000, 1.00000000
0.777777777778, 0.181818181818, 0.86517094, 1.00000000, 1.00000000, 1.00000000
0.777777777778, 0.191919191919, 0.87424531, 1.00000000, 1.00000000, 1.00000000
0.777777777778, 0.202020202020, 0.88382763, 1.00000000, 1.00000000, 1.00000000
0.777777777778, 0.212121212121, 0.89387962, 1.00000000, 1.00000000, 1.00000000
0.777777777778, 0.222222222222, 0.90436106, 1.00000000, 1.00000000, 1.00000000
0.777777777778, 0.232323232323, 0.91522997, 1.00000000, 1.00000000, 1.00000000
0.777777777778, 0.242424242424, 0.92644279, 1.00000000, 1.00000000, 1.00000000
0.777777777778, 0.252525252525, 0.93795453, 1.00000000, 1.00000000, 1.00000000
0.777777777778, 0.262626262626, 0.94971895, 1.00000000, 1.00000000, 1.00000000
0.777777777778, 0.272727272727, 0.96168876, 1.00000000, 1.00000000, 1.00000000
0.777777777778, 0.282828282828, 0.97381583, 1.00000000, 1.00000000, 1.00000000
0.777777777778, 0.292929292929, 0.98605131, 1.00000000, 1.00000000, 1.00000000
0.777777777778, 0.303030303030, 0.99834592, 1.00000000, 1.00000000, 1.00000000
0.777777777778, 0.313131313131, 1.01065009, 1.00000000, 1.00000000, 1.00000000
0.777777777778, 0.323232323232, 1.02291418, 1.00000000, 1.00000000, 1.00000000
0.777777777778, 0.333333333333, 1.03508868, 1.00000000, 1.00000000, 1.00000000
0.777777777778, 0.343434343434, 1.04712443, 1.00000000, 1.00000000, 1.00000000
0.777777777778, 0.353535353535, 1.05897279, 1.00000000, 1.00000000, 1.00000000
0.777777777778, 0.363636363636, 1.07058585, 1.00000000, 1.00000000, 1.00000000
0.777777777778, 0.373737373737, 1.08191667, 1.00000000, 1.00000000, 1.00000000
0.777777777778, 0.383838383838, 1.09291938, 1.00000000, 1.00000000, 1.00000000
0.777777777778, 0.393939393939, 1.10354946, 1.00000000, 1.00000000, 1.00000000
0.777777777778, 0.404040404040, 1.11376388, 1.00000000, 1.00000000, 1.00000000
0.777777777778, 0.414141414141, 1.12352126, 1.00000000, 1.00000000, 1.00000000
0.777777777778, 0.424242424242, 1.13278208, 1.00000000, 1.00000000, 1.00000000
0.777777777778, 0.434343434343, 1.14150883, 1.00000000, 1.00000000, 1.00000000
0.777777777778, 0.444444444444, 1.14966614, 1.00000000, 1.00000000, 1.00000000
0.777777777778, 0.454545454545, 1.15722095, 1.00000000, 1.00000000, 1.00000000
0.777777777778, 0.464646464646, 1.16414262, 1.00000000, 1.00000000, 1.00000000
0.777777777778, 0.474747474747, 1.17040311, 1.00000000, 1.00000000, 1.00000000
0.777777777778, 0.484848484848, 1.17597702, 1.00000000, 1.00000000, 1.00000000
0.777777777778, 0.494949494949, 1.18084175, 1.00000000, 1.00000000, 1.00000000
0.777777777778, 0.505050505051, 1.18497755, 1.00000000, 1.00000000, 1.00000000
0.777777777778, 0.515151515152, 1.18836765, 1.00000000, 1.00000000, 1.00000000
0.777777777778, 0.525252525253, 1.19099827, 1.00000000, 1.00000000, 1.00000000
0.777777777778, 0.535353535354, 1.19285870, 1.00000000, 1.00000000, 1.00000000
0.777777777778, 0.545454545455, 1.19394137, 1.00000000, 1.00000000, 1.00000000
0.777777777778, 0.555555555556, 1.19424181, 1.00000000, 1.00000000, 1.00000000
0.777777777778, 0.565656565657, 1.19375887, 1.00000000, 1.00000000, 1.00000000
0.777777777778, 0.575757575758, 1.19249458, 1.00000000, 1.00000000, 1.00000000
0.777777777778, 0.585858585859, 1.19045413, 1.00000000, 1.00000000, 1.00000000
0.777777777778, 0.595959595960, 1.18764583, 1.00000000, 1.00000000, 1.00000000
0.777777777778, 0.606060606061, 1.18408113, 1.00000000, 1.00000000, 1.00000000
0.777777777778, 0.616161616162, 1.17977451, 1.00000000, 1.00000000, 1.00000000
0.777777777778, 0.626262626263, 1.17474346, 1.00000000, 1.00000000, 1.00000000
0.777777777778, 0.636363636364, 1.16900841, 1.00000000, 1.00000000, 1.00000000
0.777777777778, 0.646464646465, 1.16259262, 1.00000000, 1.00000000, 1.00000000
0.777777777778, 0.656565656566, 1.15552214, 1.00000000, 1.00000000, 1.00000000
0.777777777778, 0.666666666667, 1.14782563, 1.00000000, 1.00000000, 1.00000000
0.777777777778, 0.676767676768, 1.13953431, 1.00000000, 1.00000000, 1.00000000
0.777777777778, 0.686868686869, 1.13068179, 1.00000000, 1.00000000, 1.00000000
0.777777777778, 0.696969696970, 1.12130395, 1.00000000, 1.00000000, 1.00000000
0.777777777778, 0.707070707071, 1.11143879, 1.00000000, 1.00000000, 1.00000000
0.777777777778, 0.717171717172, 1.10112627, 1.00000000, 1.00000000, 1.00000000
0.777777777778, 0.727272727273, 1.09040814, 1.00000000, 1.00000000, 1.00000000
0.777777777778, 0.737373737374, 1.07932779, 1.00000000, 1.00000000, 1.00000000
0.777777777778, 0.747474747475, 1.06793005, 1.00000000, 1.00000000, 1.00000000
0.777777777778, 0.757575757576, 1.05626102, 1.00000000, 1.00000000, 1.00000000
0.777777777778, 0.767676767677, 1.04436788, 1.00000000, 1.00000000, 1.00000000
0.777777777778, 0.777777777778, 1.03229867, 1.00000000, 1.00000000, 1.00000000
0.777777777778, 0.787878787879, 1.02010213, 1.00000000, 1.00000000, 1.00000000
0.777777777778, 0.797979797980, 1.00782750, 1.00000000, 1.00000000, 1.00000000
0.777777777778, 0.808080808081, 0.99552428, 1.00000000, 1.00000000, 1.00000000
0.777777777778, 0.818181818182, 0.98324206, 1.00000000, 1.00000000, 1.00000000
0.777777777778, 0.828282828283, 0.97103031, 1.00000000, 1.00000000, 1.00000000
0.777777777778, 0.838383838384, 0.95893820, 1.00000000, 1.00000000, 1.00000000
0.777777777778, 0.848484848485, 0.94701434, 1.00000000, 1.00000000, 1.00000000
0.777777777778, 0.858585858586, 0.93530665, 1.00000000, 1.00000000, 1.00000000
0.777777777778, 0.868686868687, 0.92386215, 1.00000000, 1.00000000, 1.00000000
0.777777777778, 0.878787878788, 0.91272674, 1.00000000, 1.00000000, 1.00000000
0.777777777778, 0.888888888889, 0.90194504, 1.00000000, 1.00000000, 1.00000000
0.777777777778, 0.898989898990, 0.89156023, 1.00000000, 1.00000000, 1.00000000
0.777777777778, 0.909090909091, 0.88161386, 1.00000000, 1.00000000, 1.00000000
0.777777777778, 0.919191919192, 0.87214566, 1.00000000, 1.00000000, 1.00000000
0.777777777778, 0.929292929293, 0.86319346, 1.00000000, 1.00000000, 1.00000000
0.777777777778, 0.939393939394, 0.85479298, 1.00000000, 1.00000000, 1.00000000
0.777777777778, 0.949494949495, 0.84697775, 1.00000000, 1.00000000, 1.00000000
0.777777777778, 0.959595959596, 0.83977906, 1.00000000, 1.00000000, 1.00000000
0.787878787879, -0.000000000000, 0.81085962, 1.00000000, 1.00000000, 1.00000000
0.787878787879, 0.010101010101, 0.80853929, 1.00000000, 1.00000000, 1.00000000
0.787878787879, 0.020202020202, 0.80692444, 1.00000000, 1.00000000, 1.00000000
0.787878787879, 0.030303030303, 0.80599769, 1.00000000, 1.00000000, 1.00000000
0.787878787879, 0.040404040404, 0.80574421, 1.00000000, 1.00000000, 1.00000000
0.787878787879, 0.050505050505, 0.80615785, 1.00000000, 1.00000000, 1.00000000
0.787878787879, 0.060606060606, 0.80724415, 1.00000000, 1.00000000, 1.00000000
0.787878787879, 0.070707070707, 0.80901789, 1.00000000, 1.00000000, 1.00000000
0.787878787879, 0.080808080808, 0.81149672, 1.00000000, 1.00000000, 1.00000000
0.787878787879, 0.090909090909, 0.81469435, 1.00000000, 1.00000000, 1.00000000
0.787878787879, 0.101010101010, 0.81861604, 1.00000000, 1.00000000, 1.00000000
0.787878787879, 0.111111111111, 0.82325754, 1.00000000, 1.00000000, 1.00000000
0.787878787879, 0.121212121212, 0.82860635, 1.00000000, 1.00000000, 1.00000000
0.787878787879, 0.131313131313, 0.83464379, 1.00000000, 1.00000000, 1.00000000
0.787878787879, 0.141414141414, 0.84134675, 1.00000000, 1.00000000, 1.00000000
0.787878787879, 0.151515151515, 0.84868880, 1.00000000, 1.00000000, 1.00000000
0.787878787879, 0.161616161616, 0.85664076, 1.00000000, 1.00000000, 1.00000000
0.787878787879, 0.171717171717, 0.86517094, 1.00000000, 1.00000000, 1.00000000
0.787878787879, 0.181818181818, 0.87424531, 1.00000000, 1.00000000, 1.00000000
0.787878787879, 0.191919191919, 0.88382763, 1.00000000, 1.00000000, 1.00000000
0.787878787879, 0.202020202020, 0.89387962, 1.00000000, 1.00000000, 1.00000000
0.787878787879, 0.212121212121, 0.90436106, 1.00000000, 1.00000000, 1.00000000
0.787878787879, 0.222222222222, 0.91522997, 1.00000000, 1.00000000, 1.00000000
0.787878787879, 0.232323232323, 0.92644279, 1.00000000, 1.00000000, 1.00000000
0.787878787879, 0.242424242424, 0.93795453, 1.00000000, 1.00000000, 1.00000000
0.787878787879, 0.252525252525, 0.94971895, 1.00000000, 1.00000000, 1.00000000
0.787878787879, 0.262626262626, 0.96168876, 1.00000000, 1.00000000, 1.00000000
0.787878787879, 0.272727272727, 0.97381583, 1.00000000, 1.00000000, 1.00000000
0.787878787879, 0.282828282828, 0.98605131, 1.00000000, 1.00000000, 1.00000000
0.787878787879, 0.292929292929, 0.99834592, 1.00000000, 1.00000000, 1.00000000
0.787878787879, 0.303030303030, 1.01065009, 1.00000000, 1.00000000, 1.00000000
0.787878787879, 0.313131313131, 1.02291418, 1.00000000, 1.00000000, 1.00000000
0.787878787879, 0.323232323232, 1.03508868, 1.00000000, 1.00000000, 1.00000000
0.787878787879, 0.333333333333, 1.04712443, 1.00000000, 1.00000000, 1.00000000
0.787878787879, 0.343434343434, 1.05897279, 1.00000000, 1.00000000, 1.00000000
0.787878787879, 0.353535353535, 1.07058585, 1.00000000, 1.00000000, 1.00000000
0.787878787879, 0.363636363636, 1.08191667, 1.00000000, 1.00000000, 1.00000000
0.787878787879, 0.373737373737, 1.09291938, 1.00000000, 1.00000000, 1.00000000
0.787878787879, 0.383838383838, 1.10354946, 1.00000000, 1.00000000, 1.00000000
0.787878787879, 0.393939393939, 1.11376388, 1.00000000, 1.00000000, 1.00000000
0.787878787879, 0.404040404040, 1.12352126, 1.00000000, 1.00000000, 1.00000000
0.787878787879, 0.414141414141, 1.13278208, 1.00000000, 1.00000000, 1.00000000
0.787878787879, 0.424242424242, 1.14150883, 1.00000000, 1.00000000, 1.00000000
0.787878787879, 0.434343434343, 1.14966614, 1.00000000, 1.00000000, 1.00000000
0.787878787879, 0.444444444444, 1.15722095, 1.00000000, 1.00000000, 1.00000000
0.787878787879, 0.454545454545, 1.16414262, 1.00000000, 1.00000000, 1.00000000
0.787878787879, 0.464646464646, 1.17040311, 1.00000000, 1.00000000, 1.00000000
0.787878787879, 0.474747474747, 1.17597702, 1.00000000, 1.00000000, 1.00000000
0.787878787879, 0.484848484848, 1.18084175, 1.00000000, 1.00000000, 1.00000000
0.787878787879, 0.494949494949, 1.18497755, 1.00000000, 1.00000000, 1.00000000
0.787878787879, 0.505050505051, 1.18836765, 1.00000000, 1.00000000, 1.00000000
0.787878787879, 0.515151515152, 1.19099827, 1.00000000, 1.00000000, 1.00000000
0.787878787879, 0.525252525253, 1.19285870, 1.00000000, 1.00000000, 1.00000000
0.787878787879, 0.535353535354, 1.19394137, 1.00000000, 1.00000000, 1.00000000
0.787878787879, 0.545454545455, 1.19424181, 1.00000000, 1.00000000, 1.00000000
0.787878787879, 0.555555555556, 1.19375887, 1.00000000, 1.00000000, 1.00000000
0.787878787879, 0.565656565657, 1.19249458, 1.00000000, 1.00000000, 1.00000000
0.787878787879, 0.575757575758, 1.19045413, 1.00000000, 1.00000000, 1.00000000
0.787878787879, 0.585858585859, 1.18764583, 1.00000000, 1.00000000, 1.00000000
0.787878787879, 0.595959595960, 1.18408113, 1.00000000, 1.00000000, 1.00000000
0.787878787879, 0.606060606061, 1.17977451, 1.00000000, 1.00000000, 1.00000000
0.787878787879, 0.616161616162, 1.17474346, 1.00000000, 1.00000000, 1.00000000
0.787878787879, 0.626262626263, 1.16900841, 1.00000000, 1.00000000, 1.00000000
0.787878787879, 0.636363636364, 1.16259262, 1.00000000, 1.00000000, 1.00000000
0.787878787879, 0.646464646465, 1.15552214, 1.00000000, 1.00000000, 1.00000000
0.787878787879, 0.656565656566, 1.14782563, 1.00000000, 1.00000000, 1.00000000
0.787878787879, 0.666666666667, 1.13953431, 1.00000000, 1.00000000, 1.00000000
0.787878787879, 0.676767676768, 1.13068179, 1.00000000, 1.00000000, 1.00000000
0.787878787879, 0.686868686869, 1.12130395, 1.00000000, 1.00000000, 1.00000000
0.787878787879, 0.696969696970, 1.11143879, 1.00000000, 1.00000000, 1.00000000
0.787878787879, 0.707070707071, 1.10112627, 1.00000000, 1.00000000, 1.00000000
0.787878787879, 0.717171717172, 1.09040814, 1.00000000, 1.00000000, 1.00000000
0.787878787879, 0.727272727273, 1.07932779, 1.00000000, 1.00000000, 1.00000000
0.787878787879, 0.737373737374, 1.06793005, 1.00000000, 1.00000000, 1.00000000
0.787878787879, 0.747474747475, 1.05626102, 1.00000000, 1.00000000, 1.00000000
0.787878787879, 0.757575757576, 1.04436788, 1.00000000, 1.00000000, 1.00000000
0.787878787879, 0.767676767677, 1.03229867, 1.00000000, 1.00000000, 1.00000000
0.787878787879, 0.777777777778, 1.02010213, 1.00000000, 1.00000000, 1.00000000
0.787878787879, 0.787878787879, 1.00782750, 1.00000000, 1.00000000, 1.00000000
0.787878787879, 0.797979797980, 0.99552428, 1.00000000, 1.00000000, 1.00000000
0.787878787879, 0.808080808081, 0.98324206, 1.00000000, 1.00000000, 1.00000000
0.787878787879, 0.818181818182, 0.97103031, 1.00000000, 1.00000000, 1.00000000
0.787878787879, 0.828282828283, 0.95893820, 1.00000000, 1.00000000, 1.00000000
0.787878787879, 0.838383838384, 0.94701434, 1.00000000, 1.00000000, 1.00000000
0.787878787879, 0.848484848485, 0.93530665, 1.00000000, 1.00000000, 1.00000000
0.787878787879, 0.858585858586, 0.92386215, 1.00000000, 1.00000000, 1.00000000
0.787878787879, 0.868686868687, 0.91272674, 1.00000000, 1.00000000, 1.00000000
0.787878787879, 0.878787878788, 0.90194504, 1.00000000, 1.00000000, 1.00000000
0.787878787879, 0.888888888889, 0.89156023, 1.00000000, 1.00000000, 1.00000000
0.787878787879, 0.898989898990, 0.88161385, 1.00000000, 1.00000000, 1.00000000
0.787878787879, 0.909090909091, 0.87214566, 1.00000000, 1.00000000, 1.00000000
0.787878787879, 0.919191919192, 0.86319345, 1.00000000, 1.00000000, 1.00000000
0.787878787879, 0.929292929293, 0.85479292, 1.00000000, 1.00000000, 1.00000000
0.787878787879, 0.939393939394, 0.84697753, 1.00000000, 1.00000000, 1.00000000
0.787878787879, 0.949494949495, 0.83977828, 1.00000000, 1.00000000, 1.00000000
0.787878787879, 0.959595959596, 0.83322358, 1.00000000, 1.00000000, 1.00000000
0.797979797980, -0.000000000000, 0.80853747, 1.00000000, 1.00000000, 1.00000000
0.797979797980, 0.010101010101, 0.80692429, 1.00000000, 1.00000000, 1.00000000
0.797979797980, 0.020202020202, 0.80600207, 1.00000000, 1.00000000, 1.00000000
0.797979797980, 0.030303030303, 0.80575559, 1.00000000, 1.00000000, 1.00000000
0.797979797980, 0.040404040404, 0.80617675, 1.00000000, 1.00000000, 1.00000000
0.797979797980, 0.050505050505, 0.80726839, 1.00000000, 1.00000000, 1.00000000
0.797979797980, 0.060606060606, 0.80904342, 1.00000000, 1.00000000, 1.00000000
0.797979797980, 0.070707070707, 0.81151943, 1.00000000, 1.00000000, 1.00000000
0.797979797980, 0.080808080808, 0.81471167, 1.00000000, 1.00000000, 1.00000000
0.797979797980, 0.090909090909, 0.81862747, 1.00000000, 1.00000000, 1.00000000
0.797979797980, 0.101010101010, 0.82326411, 1.00000000, 1.00000000, 1.00000000
0.797979797980, 0.111111111111, 0.82860964, 1.00000000, 1.00000000, 1.00000000
0.797979797980, 0.121212121212, 0.83464522, 1.00000000, 1.00000000, 1.00000000
0.797979797980, 0.131313131313, 0.84134730, 1.00000000, 1.00000000, 1.00000000
0.797979797980, 0.141414141414, 0.84868899, 1.00000000, 1.00000000, 1.00000000
0.797979797980, 0.151515151515, 0.85664082, 1.00000000, 1.00000000, 1.00000000
0.797979797980, 0.161616161616, 0.86517096, 1.00000000, 1.00000000, 1.00000000
0.797979797980, 0.171717171717, 0.87424531, 1.00000000, 1.00000000, 1.00000000
0.797979797980, 0.181818181818, 0.88382764, 1.00000000, 1.00000000, 1.00000000
0.797979797980, 0.191919191919, 0.89387962, 1.00000000, 1.00000000, 1.00000000
0.797979797980, 0.202020202020, 0.90436106, 1.00000000, 1.00000000, 1.00000000
0.797979797980, 0.212121212121, 0.91522997, 1.00000000, 1.00000000, 1.00000000
0.797979797980, 0.222222222222, 0.92644279, 1.00000000, 1.00000000, 1.00000000
0.797979797980, 0.232323232323, 0.93795453, 1.00000000, 1.00000000, 1.00000000
0.797979797980, 0.242424242424, 0.94971895, 1.00000000, 1.00000000, 1.00000000
0.797979797980, 0.252525252525, 0.96168876, 1.00000000, 1.00000000, 1.00000000
0.797979797980, 0.262626262626, 0.97381583, 1.00000000, 1.00000000, 1.00000000
0.797979797980, 0.272727272727, 0.98605131, 1.00000000, 1.00000000, 1.00000000
0.797979797980, 0.282828282828, 0.99834592, 1.00000000, 1.00000000, 1.00000000
0.797979797980, 0.292929292929, 1.01065009, 1.00000000, 1.00000000, 1.00000000
0.797979797980, 0.303030303030, 1.02291418, 1.00000000, 1.00000000, 1.00000000
0.797979797980, 0.313131313131, 1.03508868, 1.00000000, 1.00000000, 1.00000000
0.797979797980, 0.323232323232, 1.04712443, 1.00000000, 1.00000000, 1.00000000
0.797979797980, 0.333333333333, 1.05897279, 1.00000000, 1.00000000, 1.00000000
0.797979797980, 0.343434343434, 1.07058585, 1.00000000, 1.00000000, 1.00000000
0.797979797980, 0.353535353535, 1.08191667, 1.00000000, 1.00000000, 1.00000000
0.797979797980, 0.363636363636, 1.09291938, 1.00000000, 1.00000000, 1.00000000
0.797979797980, 0.373737373737, 1.10354946, 1.00000000, 1.00000000, 1.00000000
0.797979797980, 0.383838383838, 1.11376388, 1.00000000, 1.00000000, 1.00000000
0.797979797980, 0.393939393939, 1.12352126, 1.00000000, 1.00000000, 1.00000000
0.797979797980, 0.404040404040, 1.13278208, 1.00000000, 1.00000000, 1.00000000
0.797979797980, 0.414141414141, 1.14150883, 1.00000000, 1.00000000, 1.00000000
0.797979797980, 0.424242424242, 1.14966614, 1.00000000, 1.00000000, 1.00000000
0.797979797980, 0.434343434343, 1.15722095, 1.00000000, 1.00000000, 1.00000000
0.797979797980, 0.444444444444, 1.16414262, 1.00000000, 1.00000000, 1.00000000
0.797979797980, 0.454545454545, 1.17040311, 1.00000000, 1.00000000, 1.00000000
0.797979797980, 0.464646464646, 1.17597702, 1.00000000, 1.00000000, 1.00000000
0.797979797980, 0.474747474747, 1.18084175, 1.00000000, 1.00000000, 1.00000000
0.797979797980, 0.484848484848, 1.18497755, 1.00000000, 1.00000000, 1.00000000
0.797979797980, 0.494949494949, 1.18836765, 1.00000000, 1.00000000, 1.00000000
0.797979797980, 0.505050505051, 1.19099827, 1.00000000, 1.00000000, 1.00000000
0.797979797980, 0.515151515152, 1.19285870, 1.00000000, 1.00000000, 1.00000000
0.797979797980, 0.525252525253, 1.19394137, 1.00000000, 1.00000000, 1.00000000
0.797979797980, 0.535353535354, 1.19424181, 1.00000000, 1.00000000, 1.00000000
0.797979797980, 0.545454545455, 1.19375887, 1.00000000, 1.00000000, 1.00000000
0.797979797980, 0.555555555556, 1.19249458, 1.00000000, 1.00000000, 1.00000000
0.797979797980, 0.565656565657, 1.19045413, 1.00000000, 1.00000000, 1.00000000
0.797979797980, 0.575757575758, 1.18764583, 1.00000000, 1.00000000, 1.00000000
0.797979797980, 0.585858585859, 1.18408113, 1.00000000, 1.00000000, 1.00000000
0.797979797980, 0.595959595960, 1.17977451, 1.00000000, 1.00000000, 1.00000000
0.797979797980, 0.606060606061, 1.17474346, 1.00000000, 1.00000000, 1.00000000
0.797979797980, 0.616161616162, 1.16900841, 1.00000000, 1.00000000, 1.00000000
0.797979797980, 0.626262626263, 1.16259262, 1.00000000, 1.00000000, 1.00000000
0.797979797980, 0.636363636364, 1.15552214, 1.00000000, 1.00000000, 1.00000000
0.797979797980, 0.646464646465, 1.14782563, 1.00000000, 1.00000000, 1.00000000
0.797979797980, 0.656565656566, 1.13953431, 1.00000000, 1.00000000, 1.00000000
0.797979797980, 0.666666666667, 1.13068179, 1.00000000, 1.00000000, 1.00000000
0.797979797980, 0.676767676768, 1.12130395, 1.00000000, 1.00000000, 1.00000000
0.797979797980, 0.686868686869, 1.11143879, 1.00000000, 1.00000000, 1.00000000
0.797979797980, 0.696969696970, 1.10112627, 1.00000000, 1.00000000, 1.00000000
0.797979797980, 0.707070707071, 1.09040814, 1.00000000, 1.00000000, 1.00000000
0.797979797980, 0.717171717172, 1.07932779, 1.00000000, 1.00000000, 1.00000000
0.797979797980, 0.727272727273, 1.06793005, 1.00000000, 1.00000000, 1.00000000
0.797979797980, 0.737373737374, 1.05626102, 1.00000000, 1.00000000, 1.00000000
0.797979797980, 0.747474747475, 1.04436788, 1.00000000, 1.00000000, 1.00000000
0.797979797980, 0.757575757576, 1.03229867, 1.00000000, 1.00000000, 1.00000000
0.797979797980, 0.767676767677, 1.02010213, 1.00000000, 1.00000000, 1.00000000
0.797979797980, 0.777777777778, 1.00782750, 1.00000000, 1.00000000, 1.00000000
0.797979797980, 0.787878787879, 0.99552428, 1.00000000, 1.00000000, 1.00000000
0.797979797980, 0.797979797980, 0.98324206, 1.00000000, 1.00000000, 1.00000000
0.797979797980, 0.808080808081, 0.97103031, 1.00000000, 1.00000000, 1.00000000
0.797979797980, 0.818181818182, 0.95893820, 1.00000000, 1.00000000, 1.00000000
0.797979797980, 0.828282828283, 0.94701434, 1.00000000, 1.00000000, 1.00000000
0.797979797980, 0.838383838384, 0.93530665, 1.00000000, 1.00000000, 1.00000000
0.797979797980, 0.848484848485, 0.92386215, 1.00000000, 1.00000000, 1.00000000
0.797979797980, 0.858585858586, 0.91272674, 1.00000000, 1.00000000, 1.00000000
0.797979797980, 0.868686868687, 0.90194504, 1.00000000, 1.00000000, 1.00000000
0.797979797980, 0.878787878788, 0.89156023, 1.00000000, 1.00000000, 1.00000000
0.797979797980, 0.888888888889, 0.88161386, 1.00000000, 1.00000000, 1.00000000
0.797979797980, 0.898989898990, 0.87214566, 1.00000000, 1.00000000, 1.00000000
0.797979797980, 0.909090909091, 0.86319345, 1.00000000, 1.00000000, 1.00000000
0.797979797980, 0.919191919192, 0.85479294, 1.00000000, 1.00000000, 1.00000000
0.797979797980, 0.929292929293, 0.84697757, 1.00000000, 1.00000000, 1.00000000
0.797979797980, 0.939393939394, 0.83977838, 1.00000000, 1.00000000, 1.00000000
0.797979797980, 0.949494949495, 0.83322378, 1.00000000, 1.00000000, 1.00000000
0.797979797980, 0.959595959596, 0.82733912, 1.00000000, 1.00000000, 1.00000000
0.808080808081, -0.000000000000, 0.80698467, 1.00000000, 1.00000000, 1.00000000
0.808080808081, 0.010101010101, 0.80608516, 1.00000000, 1.00000000, 1.00000000
0.808080808081, 0.020202020202, 0.80585937, 1.00000000, 1.00000000, 1.00000000
0.808080808081, 0.030303030303, 0.80629409, 1.00000000, 1.00000000, 1.00000000
0.808080808081, 0.040404040404, 0.80738812, 1.00000000, 1.00000000, 1.00000000
0.808080808081, 0.050505050505, 0.80915332, 1.00000000, 1.00000000, 1.00000000
0.808080808081, 0.060606060606, 0.81160995, 1.00000000, 1.00000000, 1.00000000
0.808080808081, 0.070707070707, 0.81477838, 1.00000000, 1.00000000, 1.00000000
0.808080808081, 0.080808080808, 0.81867136, 1.00000000, 1.00000000, 1.00000000
0.808080808081, 0.090909090909, 0.82328983, 1.00000000, 1.00000000, 1.00000000
0.808080808081, 0.101010101010, 0.82862304, 1.00000000, 1.00000000, 1.00000000
0.808080808081, 0.111111111111, 0.83465142, 1.00000000, 1.00000000, 1.00000000
0.808080808081, 0.121212121212, 0.84134983, 1.00000000, 1.00000000, 1.00000000
0.808080808081, 0.131313131313, 0.84868990, 1.00000000, 1.00000000, 1.00000000
0.808080808081, 0.141414141414, 0.85664111, 1.00000000, 1.00000000, 1.00000000
0.808080808081, 0.151515151515, 0.86517104, 1.00000000, 1.00000000, 1.00000000
0.808080808081, 0.161616161616, 0.87424533, 1.00000000, 1.00000000, 1.00000000
0.808080808081, 0.171717171717, 0.88382764, 1.00000000, 1.00000000, 1.00000000
0.808080808081, 0.181818181818, 0.89387962, 1.00000000, 1.00000000, 1.00000000
0.808080808081, 0.191919191919, 0.90436106, 1.00000000, 1.00000000, 1.00000000
0.808080808081, 0.202020202020, 0.91522997, 1.00000000, 1.00000000, 1.00000000
0.808080808081, 0.212121212121, 0.92644279, 1.00000000, 1.00000000, 1.00000000
0.808080808081, 0.222222222222, 0.93795453, 1.00000000, 1.00000000, 1.00000000
0.808080808081, 0.232323232323, 0.94971895, 1.00000000, 1.00000000, 1.00000000
0.808080808081, 0.242424242424, 0.96168876, 1.00000000, 1.00000000, 1.00000000
0.808080808081, 0.252525252525, 0.97381583, 1.00000000, 1.00000000, 1.00000000
0.808080808081, 0.262626262626, 0.98605131, 1.00000000, 1.00000000, 1.00000000
0.808080808081, 0.272727272727, 0.99834592, 1.00000000, 1.00000000, 1.00000000
0.808080808081, 0.282828282828, 1.01065009, 1.00000000, 1.00000000, 1.00000000
0.808080808081, 0.292929292929, 1.02291418, 1.00000000, 1.00000000, 1.00000000
0.808080808081, 0.303030303030, 1.03508868, 1.00000000, 1.00000000, 1.00000000
0.808080808081, 0.313131313131, 1.04712443, 1.00000000, 1.00000000, 1.00000000
0.808080808081, 0.323232323232, 1.05897279, 1.00000000, 1.00000000, 1.00000000
0.808080808081, 0.333333333333, 1.07058585, 1.00000000, 1.00000000, 1.00000000
0.808080808081, 0.343434343434, 1.08191667, 1.00000000, 1.00000000, 1.00000000
0.808080808081, 0.353535353535, 1.09291938, 1.00000000, 1.00000000, 1.00000000
0.808080808081, 0.363636363636, 1.10354946, 1.00000000, 1.00000000, 1.00000000
0.808080808081, 0.373737373737, 1.11376388, 1.00000000, 1.00000000, 1.00000000
0.808080808081, 0.383838383838, 1.12352126, 1.00000000, 1.00000000, 1.00000000
0.808080808081, 0.393939393939, 1.13278208, 1.00000000, 1.00000000, 1.00000000
0.808080808081, 0.404040404040, 1.14150883, 1.00000000, 1.00000000, 1.00000000
0.808080808081, 0.414141414141, 1.14966614, 1.00000000, 1.00000000, 1.00000000
0.808080808081, 0.424242424242, 1.15722095, 1.00000000, 1.00000000, 1.00000000
0.808080808081, 0.434343434343, 1.16414262, 1.00000000, 1.00000000, 1.00000000
0.808080808081, 0.444444444444, 1.17040311, 1.00000000, 1.00000000, 1.00000000
0.808080808081, 0.454545454545, 1.17597702, 1.00000000, 1.00000000, 1.00000000
0.808080808081, 0.464646464646, 1.18084175, 1.00000000, 1.00000000, 1.00000000
0.808080808081, 0.474747474747, 1.18497755, 1.00000000, 1.00000000, 1.00000000
0.808080808081, 0.484848484848, 1.18836765, 1.00000000, 1.00000000, 1.00000000
0.808080808081, 0.494949494949, 1.19099827, 1.00000000, 1.00000000, 1.00000000
0.808080808081, 0.505050505051, 1.19285870, 1.00000000, 1.00000000, 1.00000000
0.808080808081, 0.515151515152, 1.19394137, 1.00000000, 1.00000000, 1.00000000
0.808080808081, 0.525252525253, 1.19424181, 1.00000000, 1.00000000, 1.00000000
0.808080808081, 0.535353535354, 1.19375887, 1.00000000, 1.00000000, 1.00000000
0.808080808081, 0.545454545455, 1.19249458, 1.00000000, 1.00000000, 1.00000000
0.808080808081, 0.555555555556, 1.19045413, 1.00000000, 1.00000000, 1.00000000
0.808080808081, 0.565656565657, 1.18764583, 1.00000000, 1.00000000, 1.00000000
0.808080808081, 0.575757575758, 1.18408113, 1.00000000, 1.00000000, 1.00000000
0.808080808081, 0.585858585859, 1.17977451, 1.00000000, 1.00000000, 1.00000000
0.808080808081, 0.595959595960, 1.17474346, 1.00000000, 1.00000000, 1.00000000
0.808080808081, 0.606060606061, 1.16900841, 1.00000000, 1.00000000, 1.00000000
0.808080808081, 0.616161616162, 1.16259262, 1.00000000, 1.00000000, 1.00000000
0.808080808081, 0.626262626263, 1.15552214, 1.00000000, 1.00000000, 1.00000000
0.808080808081, 0.636363636364, 1.14782563, 1.00000000, 1.00000000, 1.00000000
0.808080808081, 0.646464646465, 1.13953431, 1.00000000, 1.00000000, 1.00000000
0.808080808081, 0.656565656566, 1.13068179, 1.00000000, 1.00000000, 1.00000000
0.808080808081, 0.666666666667, 1.12130395, 1.00000000, 1.00000000, 1.00000000
0.808080808081, 0.676767676768, 1.11143879, 1.00000000, 1.00000000, 1.00000000
0.808080808081, 0.686868686869, 1.10112627, 1.00000000, 1.00000000, 1.00000000
0.808080808081, 0.696969696970, 1.09040814, 1.00000000, 1.00000000, 1.00000000
0.808080808081, 0.707070707071, 1.07932779, 1.00000000, 1.00000000, 1.00000000
0.808080808081, 0.717171717172, 1.06793005, 1.00000000, 1.00000000, 1.00000000
0.808080808081, 0.727272727273, 1.05626102, 1.00000000, 1.00000000, 1.00000000
0.808080808081, 0.737373737374, 1.04436788, 1.00000000, 1.00000000, 1.00000000
0.808080808081, 0.747474747475, 1.03229867, 1.00000000, 1.00000000, 1.00000000
0.808080808081, 0.757575757576, 1.02010213, 1.00000000, 1.00000000, 1.00000000
0.808080808081, 0.767676767677, 1.00782750, 1.00000000, 1.00000000, 1.00000000
0.808080808081, 0.777777777778, 0.99552428, 1.00000000, 1.00000000, 1.00000000
0.808080808081, 0.787878787879, 0.98324206, 1.00000000, 1.00000000, 1.00000000
0.808080808081, 0.797979797980, 0.97103031, 1.00000000, 1.00000000, 1.00000000
0.808080808081, 0.808080808081, 0.95893820, 1.00000000, 1.00000000, 1.00000000
0.808080808081, 0.818181818182, 0.94701434, 1.00000000, 1.00000000, 1.00000000
0.808080808081, 0.828282828283, 0.93530665, 1.00000000, 1.00000000, 1.00000000
0.808080808081, 0.838383838384, 0.92386215, 1.00000000, 1.00000000, 1.00000000
0.808080808081, 0.848484848485, 0.91272674, 1.00000000, 1.00000000, 1.00000000
0.808080808081, 0.858585858586, 0.90194504, 1.00000000, 1.00000000, 1.00000000
0.808080808081, 0.868686868687, 0.89156023, 1.00000000, 1.00000000, 1.00000000
0.808080808081, 0.878787878788, 0.88161386, 1.00000000, 1.00000000, 1.00000000
0.808080808081, 0.888888888889, 0.87214566, 1.00000000, 1.00000000, 1.00000000
0.808080808081, 0.898989898990, 0.86319345, 1.00000000, 1.00000000, 1.00000000
0.808080808081, 0.909090909091, 0.85479295, 1.00000000, 1.00000000, 1.00000000
0.808080808081, 0.919191919192, 0.84697761, 1.00000000, 1.00000000, 1.00000000
0.808080808081, 0.929292929293, 0.83977853, 1.00000000, 1.00000000, 1.00000000
0.808080808081, 0.939393939394, 0.83322421, 1.00000000, 1.00000000, 1.00000000
0.808080808081, 0.949494949495, 0.82734031, 1.00000000, 1.00000000, 1.00000000
0.808080808081, 0.959595959596, 0.82214910, 1.00000000, 1.00000000, 1.00000000
0.818181818182, -0.000000000000, 0.80620756, 1.00000000, 1.00000000, 1.00000000
0.818181818182, 0.010101010101, 0.80602543, 1.00000000, 1.00000000, 1.00000000
0.818181818182, 0.020202020202, 0.80649691, 1.00000000, 1.00000000, 1.00000000
0.818181818182, 0.030303030303, 0.80761099, 1.00000000, 1.00000000, 1.00000000
0.818181818182, 0.040404040404, 0.80937343, 1.00000000, 1.00000000, 1.00000000
0.818181818182, 0.050505050505, 0.81180508, 1.00000000, 1.00000000, 1.00000000
0.818181818182, 0.060606060606, 0.81493347, 1.00000000, 1.00000000, 1.00000000
0.818181818182, 0.070707070707, 0.81878172, 1.00000000, 1.00000000, 1.00000000
0.818181818182, 0.080808080808, 0.82336002, 1.00000000, 1.00000000, 1.00000000
0.818181818182, 0.090909090909, 0.82866288, 1.00000000, 1.00000000, 1.00000000
0.818181818182, 0.101010101010, 0.83467156, 1.00000000, 1.00000000, 1.00000000
0.818181818182, 0.111111111111, 0.84135888, 1.00000000, 1.00000000, 1.00000000
0.818181818182, 0.121212121212, 0.84869350, 1.00000000, 1.00000000, 1.00000000
0.818181818182, 0.131313131313, 0.85664237, 1.00000000, 1.00000000, 1.00000000
0.818181818182, 0.141414141414, 0.86517143, 1.00000000, 1.00000000, 1.00000000
0.818181818182, 0.151515151515, 0.87424544, 1.00000000, 1.00000000, 1.00000000
0.818181818182, 0.161616161616, 0.88382766, 1.00000000, 1.00000000, 1.00000000
0.818181818182, 0.171717171717, 0.89387963, 1.00000000, 1.00000000, 1.00000000
0.818181818182, 0.181818181818, 0.90436106, 1.00000000, 1.00000000, 1.00000000
0.818181818182, 0.191919191919, 0.91522997, 1.00000000, 1.00000000, 1.00000000
0.818181818182, 0.202020202020, 0.92644279, 1.00000000, 1.00000000, 1.00000000
0.818181818182, 0.212121212121, 0.93795453, 1.00000000, 1.00000000, 1.00000000
0.818181818182, 0.222222222222, 0.94971895, 1.00000000, 1.00000000, 1.00000000
0.818181818182, 0.232323232323, 0.96168876, 1.00000000, 1.00000000, 1.00000000
0.818181818182, 0.242424242424, 0.97381583, 1.00000000, 1.00000000, 1.00000000
0.818181818182, 0.252525252525, 0.98605131, 1.00000000, 1.00000000, 1.00000000
0.818181818182, 0.262626262626, 0.99834592, 1.00000000, 1.00000000, 1.00000000
0.818181818182, 0.272727272727, 1.01065009, 1.00000000, 1.00000000, 1.00000000
0.818181818182, 0.282828282828, 1.02291418, 1.00000000, 1.00000000, 1.00000000
0.818181818182, 0.292929292929, 1.03508868, 1.00000000, 1.00000000, 1.00000000
0.818181818182, 0.303030303030, 1.04712443, 1.00000000, 1.00000000, 1.00000000
0.818181818182, 0.313131313131, 1.05897279, 1.00000000, 1.00000000, 1.00000000
0.818181818182, 0.323232323232, 1.07058585, 1.00000000, 1.00000000, 1.00000000
0.818181818182, 0.333333333333, 1.08191667, 1.00000000, 1.00000000, 1.00000000
0.818181818182, 0.343434343434, 1.09291938, 1.00000000, 1.00000000, 1.00000000
0.818181818182, 0.353535353535, 1.10354946, 1.00000000, 1.00000000, 1.00000000
0.818181818182, 0.363636363636, 1.11376388, 1.00000000, 1.00000000, 1.00000000
0.818181818182, 0.373737373737, 1.12352126, 1.00000000, 1.00000000, 1.00000000
0.818181818182, 0.383838383838, 1.13278208, 1.00000000, 1.00000000, 1.00000000
0.818181818182, 0.393939393939, 1.14150883, 1.00000000, 1.00000000, 1.00000000
0.818181818182, 0.404040404040, 1.14966614, 1.00000000, 1.00000000, 1.00000000
0.818181818182, 0.414141414141, 1.15722095, 1.00000000, 1.00000000, 1.00000000
0.818181818182, 0.424242424242, 1.16414262, 1.00000000, 1.00000000, 1.00000000
0.818181818182, 0.434343434343, 1.17040311, 1.00000000, 1.00000000, 1.00000000
0.818181818182, 0.444444444444, 1.17597702, 1.00000000, 1.00000000, 1.00000000
0.818181818182, 0.454545454545, 1.18084175, 1.00000000, 1.00000000, 1.00000000
0.818181818182, 0.464646464646, 1.18497755, 1.00000000, 1.00000000, 1.00000000
0.818181818182, 0.474747474747, 1.18836765, 1.00000000, 1.00000000, 1.00000000
0.818181818182, 0.484848484848, 1.19099827, 1.00000000, 1.00000000, 1.00000000
0.818181818182, 0.494949494949, 1.19285870, 1.00000000, 1.00000000, 1.00000000
0.818181818182, 0.505050505051, 1.19394137, 1.00000000, 1.00000000, 1.00000000
0.818181818182, 0.515151515152, 1.19424181, 1.00000000, 1.00000000, 1.00000000
0.818181818182, 0.525252525253, 1.19375887, 1.00000000, 1.00000000, 1.00000000
0.818181818182, 0.535353535354, 1.19249458, 1.00000000, 1.00000000, 1.00000000
0.818181818182, 0.545454545455, 1.19045413, 1.00000000, 1.00000000, 1.00000000
0.818181818182, 0.555555555556, 1.18764583, 1.00000000, 1.00000000, 1.00000000
0.818181818182, 0.565656565657, 1.18408113, 1.00000000, 1.00000000, 1.00000000
0.818181818182, 0.575757575758, 1.17977451, 1.00000000, 1.00000000, 1.00000000
0.818181818182, 0.585858585859, 1.17474346, 1.00000000, 1.00000000, 1.00000000
0.818181818182, 0.595959595960, 1.16900841, 1.00000000, 1.00000000, 1.00000000
0.818181818182, 0.606060606061, 1.16259262, 1.00000000, 1.00000000, 1.00000000
0.818181818182, 0.616161616162, 1.15552214, 1.00000000, 1.00000000, 1.00000000
0.818181818182, 0.626262626263, 1.14782563, 1.00000000, 1.00000000, 1.00000000
0.818181818182, 0.636363636364, 1.13953431, 1.00000000, 1.00000000, 1.00000000
0.818181818182, 0.646464646465, 1.13068179, 1.00000000, 1.00000000, 1.00000000
0.818181818182, 0.656565656566, 1.12130395, 1.00000000, 1.00000000, 1.00000000
0.818181818182, 0.666666666667, 1.11143879, 1.00000000, 1.00000000, 1.00000000
0.818181818182, 0.676767676768, 1.10112627, 1.00000000, 1.00000000, 1.00000000
0.818181818182, 0.686868686869, 1.09040814, 1.00000000, 1.00000000, 1.00000000
0.818181818182, 0.696969696970, 1.07932779, 1.00000000, 1.00000000, 1.00000000
0.818181818182, 0.707070707071, 1.06793005, 1.00000000, 1.00000000, 1.00000000
0.818181818182, 0.717171717172, 1.05626102, 1.00000000, 1.00000000, 1.00000000
0.818181818182, 0.727272727273, 1.04436788, 1.00000000, 1.00000000, 1.00000000
0.818181818182, 0.737373737374, 1.03229867, 1.00000000, 1.00000000, 1.00000000
0.818181818182, 0.747474747475, 1.02010213, 1.00000000, 1.00000000, 1.00000000
0.818181818182, 0.757575757576, 1.00782750, 1.00000000, 1.00000000, 1.00000000
0.818181818182, 0.767676767677, 0.99552428, 1.00000000, 1.00000000, 1.00000000
0.818181818182, 0.777777777778, 0.98324206, 1.00000000, 1.00000000, 1.00000000
0.818181818182, 0.787878787879, 0.97103031, 1.00000000, 1.00000000, 1.00000000
0.818181818182, 0.797979797980, 0.95893820, 1.00000000, 1.00000000, 1.00000000
0.818181818182, 0.808080808081, 0.94701434, 1.00000000, 1.00000000, 1.00000000
0.818181818182, 0.818181818182, 0.93530665, 1.00000000, 1.00000000, 1.00000000
0.818181818182, 0.828282828283, 0.92386215, 1.00000000, 1.00000000, 1.00000000
0.818181818182, 0.838383838384, 0.91272674, 1.00000000, 1.00000000, 1.00000000
0.818181818182, 0.848484848485, 0.90194504, 1.00000000, 1.00000000, 1.00000000
0.818181818182, 0.858585858586, 0.89156023, 1.00000000, 1.00000000, 1.00000000
0.818181818182, 0.868686868687, 0.88161386, 1.00000000, 1.00000000, 1.00000000
0.818181818182, 0.878787878788, 0.87214566, 1.00000000, 1.00000000, 1.00000000
0.818181818182, 0.888888888889, 0.86319346, 1.00000000, 1.00000000, 1.00000000
0.818181818182, 0.898989898990, 0.85479295, 1.00000000, 1.00000000, 1.00000000
0.818181818182, 0.909090909091, 0.84697763, 1.00000000, 1.00000000, 1.00000000
0.818181818182, 0.919191919192, 0.83977859, 1.00000000, 1.00000000, 1.00000000
0.818181818182, 0.929292929293, 0.83322445, 1.00000000, 1.00000000, 1.00000000
0.818181818182, 0.939393939394, 0.82734107, 1.00000000, 1.00000000, 1.00000000
0.818181818182, 0.949494949495, 0.82215127, 1.00000000, 1.00000000, 1.00000000
0.818181818182, 0.959595959596, 0.81767416, 1.00000000, 1.00000000, 1.00000000
0.828282828283, -0.000000000000, 0.80620941, 1.00000000, 1.00000000, 1.00000000
0.828282828283, 0.010101010101, 0.80674534, 1.00000000, 1.00000000, 1.00000000
0.828282828283, 0.020202020202, 0.80791215, 1.00000000, 1.00000000, 1.00000000
0.828282828283, 0.030303030303, 0.80970106, 1.00000000, 1.00000000, 1.00000000
0.828282828283, 0.040404040404, 0.81212477, 1.00000000, 1.00000000, 1.00000000
0.828282828283, 0.050505050505, 0.81521307, 1.00000000, 1.00000000, 1.00000000
0.828282828283, 0.060606060606, 0.81900072, 1.00000000, 1.00000000, 1.00000000
0.828282828283, 0.070707070707, 0.82351350, 1.00000000, 1.00000000, 1.00000000
0.828282828283, 0.080808080808, 0.82875900, 1.00000000, 1.00000000, 1.00000000
0.828282828283, 0.090909090909, 0.83472527, 1.00000000, 1.00000000, 1.00000000
0.828282828283, 0.101010101010, 0.84138561, 1.00000000, 1.00000000, 1.00000000
0.828282828283, 0.111111111111, 0.84870533, 1.00000000, 1.00000000, 1.00000000
0.828282828283, 0.121212121212, 0.85664701, 1.00000000, 1.00000000, 1.00000000
0.828282828283, 0.131313131313, 0.86517304, 1.00000000, 1.00000000, 1.00000000
0.828282828283, 0.141414141414, 0.87424593, 1.00000000, 1.00000000, 1.00000000
0.828282828283, 0.151515151515, 0.88382780, 1.00000000, 1.00000000, 1.00000000
0.828282828283, 0.161616161616, 0.89387966, 1.00000000, 1.00000000, 1.00000000
0.828282828283, 0.171717171717, 0.90436107, 1.00000000, 1.00000000, 1.00000000
0.828282828283, 0.181818181818, 0.91522998, 1.00000000, 1.00000000, 1.00000000
0.828282828283, 0.191919191919, 0.92644279, 1.00000000, 1.00000000, 1.00000000
0.828282828283, 0.202020202020, 0.93795453, 1.00000000, 1.00000000, 1.00000000
0.828282828283, 0.212121212121, 0.94971895, 1.00000000, 1.00000000, 1.00000000
0.828282828283, 0.222222222222, 0.96168876, 1.00000000, 1.00000000, 1.00000000
0.828282828283, 0.232323232323, 0.97381583, 1.00000000, 1.00000000, 1.00000000
0.828282828283, 0.242424242424, 0.98605131, 1.00000000, 1.00000000, 1.00000000
0.828282828283, 0.252525252525, 0.99834592, 1.00000000, 1.00000000, 1.00000000
0.828282828283, 0.262626262626, 1.01065009, 1.00000000, 1.00000000, 1.00000000
0.828282828283, 0.272727272727, 1.02291418, 1.00000000, 1.00000000, 1.00000000
0.828282828283, 0.282828282828, 1.03508868, 1.00000000, 1.00000000, 1.00000000
0.828282828283, 0.292929292929, 1.04712443, 1.00000000, 1.00000000, 1.00000000
0.828282828283, 0.303030303030, 1.05897279, 1.00000000, 1.00000000, 1.00000000
0.828282828283, 0.313131313131, 1.07058585, 1.00000000, 1.00000000, 1.00000000
0.828282828283, 0.323232323232, 1.08191667, 1.00000000, 1.00000000, 1.00000000
0.828282828283, 0.333333333333, 1.09291938, 1.00000000, 1.00000000, 1.00000000
0.828282828283, 0.343434343434, 1.10354946, 1.00000000, 1.00000000, 1.00000000
0.828282828283, 0.353535353535, 1.11376388, 1.00000000, 1.00000000, 1.00000000
0.828282828283, 0.363636363636, 1.12352126, 1.00000000, 1.00000000, 1.00000000
0.828282828283, 0.373737373737, 1.13278208, 1.00000000, 1.00000000, 1.00000000
0.828282828283, 0.383838383838, 1.14150883, 1.00000000, 1.00000000, 1.00000000
0.828282828283, 0.393939393939, 1.14966614, 1.00000000, 1.00000000, 1.00000000
0.828282828283, 0.404040404040, 1.15722095, 1.00000000, 1.00000000, 1.00000000
0.828282828283, 0.414141414141, 1.16414262, 1.00000000, 1.00000000, 1.00000000
0.828282828283, 0.424242424242, 1.17040311, 1.00000000, 1.00000000, 1.00000000
0.828282828283, 0.434343434343, 1.17597702, 1.00000000, 1.00000000, 1.00000000
0.828282828283, 0.444444444444, 1.18084175, 1.00000000, 1.00000000, 1.00000000
0.828282828283, 0.454545454545, 1.18497755, 1.00000000, 1.00000000, 1.00000000
0.828282828283, 0.464646464646, 1.18836765, 1.00000000, 1.00000000, 1.00000000
0.828282828283, 0.474747474747, 1.19099827, 1.00000000, 1.00000000, 1.00000000
0.828282828283, 0.484848484848, 1.19285870, 1.00000000, 1.00000000, 1.00000000
0.828282828283, 0.494949494949, 1.19394137, 1.00000000, 1.00000000, 1.00000000
0.828282828283, 0.505050505051, 1.19424181, 1.00000000, 1.00000000, 1.00000000
0.828282828283, 0.515151515152, 1.19375887, 1.00000000, 1.00000000, 1.00000000
0.828282828283, 0.525252525253, 1.19249458, 1.00000000, 1.00000000, 1.00000000
0.828282828283, 0.535353535354, 1.19045413, 1.00000000, 1.00000000, 1.00000000
0.828282828283, 0.545454545455, 1.18764583, 1.00000000, 1.00000000, 1.00000000
0.828282828283, 0.555555555556, 1.18408113, 1.00000000, 1.00000000, 1.00000000
0.828282828283, 0.565656565657, 1.17977451, 1.00000000, 1.00000000, 1.00000000
0.828282828283, 0.575757575758, 1.17474346, 1.00000000, 1.00000000, 1.00000000
0.828282828283, 0.585858585859, 1.16900841, 1.00000000, 1.00000000, 1.00000000
0.828282828283, 0.595959595960, 1.16259262, 1.00000000, 1.00000000, 1.00000000
0.828282828283, 0.606060606061, 1.15552214, 1.00000000, 1.00000000, 1.00000000
0.828282828283, 0.616161616162, 1.14782563, 1.00000000, 1.00000000, 1.00000000
0.828282828283, 0.626262626263, 1.13953431, 1.00000000, 1.00000000, 1.00000000
0.828282828283, 0.636363636364, 1.13068179, 1.00000000, 1.00000000, 1.00000000
0.828282828283, 0.646464646465, 1.12130395, 1.00000000, 1.00000000, 1.00000000
0.828282828283, 0.656565656566, 1.11143879, 1.00000000, 1.00000000, 1.00000000
0.828282828283, 0.666666666667, 1.10112627, 1.00000000, 1.00000000, 1.00000000
0.828282828283, 0.676767676768, 1.09040814, 1.00000000, 1.00000000, 1.00000000
0.828282828283, 0.686868686869, 1.07932779, 1.00000000, 1.00000000, 1.00000000
0.828282828283, 0.696969696970, 1.06793005, 1.00000000, 1.00000000, 1.00000000
0.828282828283, 0.707070707071, 1.05626102, 1.00000000, 1.00000000, 1.00000000
0.828282828283, 0.717171717172, 1.04436788, 1.00000000, 1.00000000, 1.00000000
0.828282828283, 0.727272727273, 1.03229867, 1.00000000, 1.00000000, 1.00000000
0.828282828283, 0.737373737374, 1.02010213, 1.00000000, 1.00000000, 1.00000000
0.828282828283, 0.747474747475, 1.00782750, 1.00000000, 1.00000000, 1.00000000
0.828282828283, 0.757575757576, 0.99552428, 1.00000000, 1.00000000, 1.00000000
0.828282828283, 0.767676767677, 0.98324206, 1.00000000, 1.00000000, 1.00000000
0.828282828283, 0.777777777778, 0.97103031, 1.00000000, 1.00000000, 1.00000000
0.828282828283, 0.787878787879, 0.95893820, 1.00000000, 1.00000000, 1.00000000
0.828282828283, 0.797979797980, 0.94701434, 1.00000000, 1.00000000, 1.00000000
0.828282828283, 0.808080808081, 0.93530665, 1.00000000, 1.00000000, 1.00000000
0.828282828283, 0.818181818182, 0.92386215, 1.00000000, 1.00000000, 1.00000000
0.828282828283, 0.828282828283, 0.91272674, 1.00000000, 1.00000000, 1.00000000
0.828282828283, 0.838383838384, 0.90194504, 1.00000000, 1.00000000, 1.00000000
0.828282828283, 0.848484848485, 0.89156023, 1.00000000, 1.00000000, 1.00000000
0.828282828283, 0.858585858586, 0.88161386, 1.00000000, 1.00000000, 1.00000000
0.828282828283, 0.868686868687, 0.87214566, 1.00000000, 1.00000000, 1.00000000
0.828282828283, 0.878787878788, 0.86319346, 1.00000000, 1.00000000, 1.00000000
0.828282828283, 0.888888888889, 0.85479295, 1.00000000, 1.00000000, 1.00000000
0.828282828283, 0.898989898990, 0.84697763, 1.00000000, 1.00000000, 1.00000000
0.828282828283, 0.909090909091, 0.83977862, 1.00000000, 1.00000000, 1.00000000
0.828282828283, 0.919191919192, 0.83322454, 1.00000000, 1.00000000, 1.00000000
0.828282828283, 0.929292929293, 0.82734141, 1.00000000, 1.00000000, 1.00000000
0.828282828283, 0.939393939394, 0.82215237, 1.00000000, 1.00000000, 1.00000000
0.828282828283, 0.949494949495, 0.81767731, 1.00000000, 1.00000000, 1.00000000
0.828282828283, 0.959595959596, 0.81393210, 1.00000000, 1.00000000, 1.00000000
0.838383838384, -0.000000000000, 0.80699020, 1.00000000, 1.00000000, 1.00000000
0.838383838384, 0.010101010101, 0.80824205, 1.00000000, 1.00000000, 1.00000000
0.838383838384, 0.020202020202, 0.81009949, 1.00000000, 1.00000000, 1.00000000
0.838383838384, 0.030303030303, 0.81255599, 1.00000000, 1.00000000, 1.00000000
0.838383838384, 0.040404040404, 0.81563118, 1.00000000, 1.00000000, 1.00000000
0.838383838384, 0.050505050505, 0.81936372, 1.00000000, 1.00000000, 1.00000000
0.838383838384, 0.060606060606, 0.82379551, 1.00000000, 1.00000000, 1.00000000
0.838383838384, 0.070707070707, 0.82895489, 1.00000000, 1.00000000, 1.00000000
0.838383838384, 0.080808080808, 0.83484681, 1.00000000, 1.00000000, 1.00000000
0.838383838384, 0.090909090909, 0.84145287, 1.00000000, 1.00000000, 1.00000000
0.838383838384, 0.101010101010, 0.84873848, 1.00000000, 1.00000000, 1.00000000
0.838383838384, 0.111111111111, 0.85666153, 1.00000000, 1.00000000, 1.00000000
0.838383838384, 0.121212121212, 0.86517867, 1.00000000, 1.00000000, 1.00000000
0.838383838384, 0.131313131313, 0.87424786, 1.00000000, 1.00000000, 1.00000000
0.838383838384, 0.141414141414, 0.88382838, 1.00000000, 1.00000000, 1.00000000
0.838383838384, 0.151515151515, 0.89387982, 1.00000000, 1.00000000, 1.00000000
0.838383838384, 0.161616161616, 0.90436110, 1.00000000, 1.00000000, 1.00000000
0.838383838384, 0.171717171717, 0.91522998, 1.00000000, 1.00000000, 1.00000000
0.838383838384, 0.181818181818, 0.92644279, 1.00000000, 1.00000000, 1.00000000
0.838383838384, 0.191919191919, 0.93795453, 1.00000000, 1.00000000, 1.00000000
0.838383838384, 0.202020202020, 0.94971895, 1.00000000, 1.00000000, 1.00000000
0.838383838384, 0.212121212121, 0.96168876, 1.00000000, 1.00000000, 1.00000000
0.838383838384, 0.222222222222, 0.97381583, 1.00000000, 1.00000000, 1.00000000
0.838383838384, 0.232323232323, 0.98605131, 1.00000000, 1.00000000, 1.00000000
0.838383838384, 0.242424242424, 0.99834592, 1.00000000, 1.00000000, 1.00000000
0.838383838384, 0.252525252525, 1.01065009, 1.00000000, 1.00000000, 1.00000000
0.838383838384, 0.262626262626, 1.02291418, 1.00000000, 1.00000000, 1.00000000
0.838383838384, 0.272727272727, 1.03508868, 1.00000000, 1.00000000, 1.00000000
0.838383838384, 0.282828282828, 1.04712443, 1.00000000, 1.00000000, 1.00000000
0.838383838384, 0.292929292929, 1.05897279, 1.00000000, 1.00000000, 1.00000000
0.838383838384, 0.303030303030, 1.07058585, 1.00000000, 1.00000000, 1.00000000
0.838383838384, 0.313131313131, 1.08191667, 1.00000000, 1.00000000, 1.00000000
0.838383838384, 0.323232323232, 1.09291938, 1.00000000, 1.00000000, 1.00000000
0.838383838384, 0.333333333333, 1.10354946, 1.00000000, 1.00000000, 1.00000000
0.838383838384, 0.343434343434, 1.11376388, 1.00000000, 1.00000000, 1.00000000
0.838383838384, 0.353535353535, 1.12352126, 1.00000000, 1.00000000, 1.00000000
0.838383838384, 0.363636363636, 1.13278208, 1.00000000, 1.00000000, 1.00000000
0.838383838384, 0.373737373737, 1.14150883, 1.00000000, 1.00000000, 1.00000000
0.838383838384, 0.383838383838, 1.14966614, 1.00000000, 1.00000000, 1.00000000
0.838383838384, 0.393939393939, 1.15722095, 1.00000000, 1.00000000, 1.00000000
0.838383838384, 0.404040404040, 1.16414262, 1.00000000, 1.00000000, 1.00000000
0.838383838384, 0.414141414141, 1.17040311, 1.00000000, 1.00000000, 1.00000000
0.838383838384, 0.424242424242, 1.17597702, 1.00000000, 1.00000000, 1.00000000
0.838383838384, 0.434343434343, 1.18084175, 1.00000000, 1.00000000, 1.00000000
0.838383838384, 0.444444444444, 1.18497755, 1.00000000, 1.00000000, 1.00000000
0.838383838384, 0.454545454545, 1.18836765, 1.00000000, 1.00000000, 1.00000000
0.838383838384, 0.464646464646, 1.19099827, 1.00000000, 1.00000000, 1.00000000
0.838383838384, 0.474747474747, 1.19285870, 1.00000000, 1.00000000, 1.00000000
0.838383838384, 0.484848484848, 1.19394137, 1.00000000, 1.00000000, 1.00000000
0.838383838384, 0.494949494949, 1.19424181, 1.00000000, 1.00000000, 1.00000000
0.838383838384, 0.505050505051, 1.19375887, 1.00000000, 1.00000000, 1.00000000
0.838383838384, 0.515151515152, 1.19249458, 1.00000000, 1.00000000, 1.00000000
0.838383838384, 0.525252525253, 1.19045413, 1.00000000, 1.00000000, 1.00000000
0.838383838384, 0.535353535354, 1.18764583, 1.00000000, 1.00000000, 1.00000000
0.838383838384, 0.545454545455, 1.18408113, 1.00000000, 1.00000000, 1.00000000
0.838383838384, 0.555555555556, 1.17977451, 1.00000000, 1.00000000, 1.00000000
0.838383838384, 0.565656565657, 1.17474346, 1.00000000, 1.00000000, 1.00000000
0.838383838384, 0.575757575758, 1.16900841, 1.00000000, 1.00000000, 1.00000000
0.838383838384, 0.585858585859, 1.16259262, 1.00000000, 1.00000000, 1.00000000
0.838383838384, 0.595959595960, 1.15552214, 1.00000000, 1.00000000, 1.00000000
0.838383838384, 0.606060606061, 1.14782563, 1.00000000, 1.00000000, 1.00000000
0.838383838384, 0.616161616162, 1.13953431, 1.00000000, 1.00000000, 1.00000000
0.838383838384, 0.626262626263, 1.13068179, 1.00000000, 1.00000000, 1.00000000
0.838383838384, 0.636363636364, 1.12130395, 1.00000000, 1.00000000, 1.00000000
0.838383838384, 0.646464646465, 1.11143879, 1.00000000, 1.00000000, 1.00000000
0.838383838384, 0.656565656566, 1.10112627, 1.00000000, 1.00000000, 1.00000000
0.838383838384, 0.666666666667, 1.09040814, 1.00000000, 1.00000000, 1.00000000
0.838383838384, 0.676767676768, 1.07932779, 1.00000000, 1.00000000, 1.00000000
0.838383838384, 0.686868686869, 1.06793005, 1.00000000, 1.00000000, 1.00000000
0.838383838384, 0.696969696970, 1.05626102, 1.00000000, 1.00000000, 1.00000000
0.838383838384, 0.707070707071, 1.04436788, 1.00000000, 1.00000000, 1.00000000
0.838383838384, 0.717171717172, 1.03229867, 1.00000000, 1.00000000, 1.00000000
0.838383838384, 0.727272727273, 1.02010213, 1.00000000, 1.00000000, 1.00000000
0.838383838384, 0.737373737374, 1.00782750, 1.00000000, 1.00000000, 1.00000000
0.838383838384, 0.747474747475, 0.99552428, 1.00000000, 1.00000000, 1.00000000
0.838383838384, 0.757575757576, 0.98324206, 1.00000000, 1.00000000, 1.00000000
0.838383838384, 0.767676767677, 0.97103031, 1.00000000, 1.00000000, 1.00000000
0.838383838384, 0.777777777778, 0.95893820, 1.00000000, 1.00000000, 1.00000000
0.838383838384, 0.787878787879, 0.94701434, 1.00000000, 1.00000000, 1.00000000
0.838383838384, 0.797979797980, 0.93530665, 1.00000000, 1.00000000, 1.00000000
0.838383838384, 0.808080808081, 0.92386215, 1.00000000, 1.00000000, 1.00000000
0.838383838384, 0.818181818182, 0.91272674, 1.00000000, 1.00000000, 1.00000000
0.838383838384, 0.828282828283, 0.90194504, 1.00000000, 1.00000000, 1.00000000
0.838383838384, 0.838383838384, 0.89156023, 1.00000000, 1.00000000, 1.00000000
0.838383838384, 0.848484848485, 0.88161386, 1.00000000, 1.00000000, 1.00000000
0.838383838384, 0.858585858586, 0.87214566, 1.00000000, 1.00000000, 1.00000000
0.838383838384, 0.868686868687, 0.86319346, 1.00000000, 1.00000000, 1.00000000
0.838383838384, 0.878787878788, 0.85479295, 1.00000000, 1.00000000, 1.00000000
0.838383838384, 0.888888888889, 0.84697763, 1.00000000, 1.00000000, 1.00000000
0.838383838384, 0.898989898990, 0.83977862, 1.00000000, 1.00000000, 1.00000000
0.838383838384, 0.909090909091, 0.83322457, 1.00000000, 1.00000000, 1.00000000
0.838383838384, 0.919191919192, 0.82734153, 1.00000000, 1.00000000, 1.00000000
0.838383838384, 0.929292929293, 0.82215281, 1.00000000, 1.00000000, 1.00000000
0.838383838384, 0.939393939394, 0.81767873, 1.00000000, 1.00000000, 1.00000000
0.838383838384, 0.949494949495, 0.81393623, 1.00000000, 1.00000000, 1.00000000
0.838383838384, 0.959595959596, 0.81093784, 1.00000000, 1.00000000, 1.00000000
0.848484848485, -0.000000000000, 0.80854685, 1.00000000, 1.00000000, 1.00000000
0.848484848485, 0.010101010101, 0.81050965, 1.00000000, 1.00000000, 1.00000000
0.848484848485, 0.020202020202, 0.81305027, 1.00000000, 1.00000000, 1.00000000
0.848484848485, 0.030303030303, 0.81616447, 1.00000000, 1.00000000, 1.00000000
0.848484848485, 0.040404040404, 0.81987874, 1.00000000, 1.00000000, 1.00000000
0.848484848485, 0.050505050505, 0.82424052, 1.00000000, 1.00000000, 1.00000000
0.848484848485, 0.060606060606, 0.82929874, 1.00000000, 1.00000000, 1.00000000
0.848484848485, 0.070707070707, 0.83508423, 1.00000000, 1.00000000, 1.00000000
0.848484848485, 0.080808080808, 0.84159922, 1.00000000, 1.00000000, 1.00000000
0.848484848485, 0.090909090909, 0.84881892, 1.00000000, 1.00000000, 1.00000000
0.848484848485, 0.101010101010, 0.85670089, 1.00000000, 1.00000000, 1.00000000
0.848484848485, 0.111111111111, 0.86519578, 1.00000000, 1.00000000, 1.00000000
0.848484848485, 0.121212121212, 0.87425446, 1.00000000, 1.00000000, 1.00000000
0.848484848485, 0.131313131313, 0.88383063, 1.00000000, 1.00000000, 1.00000000
0.848484848485, 0.141414141414, 0.89388049, 1.00000000, 1.00000000, 1.00000000
0.848484848485, 0.151515151515, 0.90436128, 1.00000000, 1.00000000, 1.00000000
0.848484848485, 0.161616161616, 0.91523002, 1.00000000, 1.00000000, 1.00000000
0.848484848485, 0.171717171717, 0.92644280, 1.00000000, 1.00000000, 1.00000000
0.848484848485, 0.181818181818, 0.93795453, 1.00000000, 1.00000000, 1.00000000
0.848484848485, 0.191919191919, 0.94971895, 1.00000000, 1.00000000, 1.00000000
0.848484848485, 0.202020202020, 0.96168876, 1.00000000, 1.00000000, 1.00000000
0.848484848485, 0.212121212121, 0.97381583, 1.00000000, 1.00000000, 1.00000000
0.848484848485, 0.222222222222, 0.98605131, 1.00000000, 1.00000000, 1.00000000
0.848484848485, 0.232323232323, 0.99834592, 1.00000000, 1.00000000, 1.00000000
0.848484848485, 0.242424242424, 1.01065009, 1.00000000, 1.00000000, 1.00000000
0.848484848485, 0.252525252525, 1.02291418, 1.00000000, 1.00000000, 1.00000000
0.848484848485, 0.262626262626, 1.03508868, 1.00000000, 1.00000000, 1.00000000
0.848484848485, 0.272727272727, 1.04712443, 1.00000000, 1.00000000, 1.00000000
0.848484848485, 0.282828282828, 1.05897279, 1.00000000, 1.00000000, 1.00000000
0.848484848485, 0.292929292929, 1.07058585, 1.00000000, 1.00000000, 1.00000000
0.848484848485, 0.303030303030, 1.08191667, 1.00000000, 1.00000000, 1.00000000
0.848484848485, 0.313131313131, 1.09291938, 1.00000000, 1.00000000, 1.00000000
0.848484848485, 0.323232323232, 1.10354946, 1.00000000, 1.00000000, 1.00000000
0.848484848485, 0.333333333333, 1.11376388, 1.00000000, 1.00000000, 1.00000000
0.848484848485, 0.343434343434, 1.12352126, 1.00000000, 1.00000000, 1.00000000
0.848484848485, 0.353535353535, 1.13278208, 1.00000000, 1.00000000, 1.00000000
0.848484848485, 0.363636363636, 1.14150883, 1.00000000, 1.00000000, 1.00000000
0.848484848485, 0.373737373737, 1.14966614, 1.00000000, 1.00000000, 1.00000000
0.848484848485, 0.383838383838, 1.15722095, 1.00000000, 1.00000000, 1.00000000
0.848484848485, 0.393939393939, 1.16414262, 1.00000000, 1.00000000, 1.00000000
0.848484848485, 0.404040404040, 1.17040311, 1.00000000, 1.00000000, 1.00000000
0.848484848485, 0.414141414141, 1.17597702, 1.00000000, 1.00000000, 1.00000000
0.848484848485, 0.424242424242, 1.18084175, 1.00000000, 1.00000000, 1.00000000
0.848484848485, 0.434343434343, 1.18497755, 1.00000000, 1.00000000, 1.00000000
0.848484848485, 0.444444444444, 1.18836765, 1.00000000, 1.00000000, 1.00000000
0.848484848485, 0.454545454545, 1.19099827, 1.00000000, 1.00000000, 1.00000000
0.848484848485, 0.464646464646, 1.19285870, 1.00000000, 1.00000000, 1.00000000
0.848484848485, 0.474747474747, 1.19394137, 1.00000000, 1.00000000, 1.00000000
0.848484848485, 0.484848484848, 1.19424181, 1.00000000, 1.00000000, 1.00000000
0.848484848485, 0.494949494949, 1.19375887, 1.00000000, 1.00000000, 1.00000000
0.848484848485, 0.505050505051, 1.19249458, 1.00000000, 1.00000000, 1.00000000
0.848484848485, 0.515151515152, 1.19045413, 1.00000000, 1.00000000, 1.00000000
0.848484848485, 0.525252525253, 1.18764583, 1.00000000, 1.00000000, 1.00000000
0.848484848485, 0.535353535354, 1.18408113, 1.00000000, 1.00000000, 1.00000000
0.848484848485, 0.545454545455, 1.17977451, 1.00000000, 1.00000000, 1.00000000
0.848484848485, 0.555555555556, 1.17474346, 1.00000000, 1.00000000, 1.00000000
0.848484848485, 0.565656565657, 1.16900841, 1.00000000, 1.00000000, 1.00000000
0.848484848485, 0.575757575758, 1.16259262, 1.00000000, 1.00000000, 1.00000000
0.848484848485, 0.585858585859, 1.15552214, 1.00000000, 1.00000000, 1.00000000
0.848484848485, 0.595959595960, 1.14782563, 1.00000000, 1.00000000, 1.00000000
0.848484848485, 0.606060606061, 1.13953431, 1.00000000, 1.00000000, 1.00000000
0.848484848485, 0.616161616162, 1.13068179, 1.00000000, 1.00000000, 1.00000000
0.848484848485, 0.626262626263, 1.12130395, 1.00000000, 1.00000000, 1.00000000
0.848484848485, 0.636363636364, 1.11143879, 1.00000000, 1.00000000, 1.00000000
0.848484848485, 0.646464646465, 1.10112627, 1.00000000, 1.00000000, 1.00000000
0.848484848485, 0.656565656566, 1.09040814, 1.00000000, 1.00000000, 1.00000000
0.848484848485, 0.666666666667, 1.07932779, 1.00000000, 1.00000000, 1.00000000
0.848484848485, 0.676767676768, 1.06793005, 1.00000000, 1.00000000, 1.00000000
0.848484848485, 0.686868686869, 1.05626102, 1.00000000, 1.00000000, 1.00000000
0.848484848485, 0.696969696970, 1.04436788, 1.00000000, 1.00000000, 1.00000000
0.848484848485, 0.707070707071, 1.03229867, 1.00000000, 1.00000000, 1.00000000
0.848484848485, 0.717171717172, 1.02010213, 1.00000000, 1.00000000, 1.00000000
0.848484848485, 0.727272727273, 1.00782750, 1.00000000, 1.00000000, 1.00000000
0.848484848485, 0.737373737374, 0.99552428, 1.00000000, 1.00000000, 1.00000000
0.848484848485, 0.747474747475, 0.98324206, 1.00000000, 1.00000000, 1.00000000
0.848484848485, 0.757575757576, 0.97103031, 1.00000000, 1.00000000, 1.00000000
0.848484848485, 0.767676767677, 0.95893820, 1.00000000, 1.00000000, 1.00000000
0.848484848485, 0.777777777778, 0.94701434, 1.00000000, 1.00000000, 1.00000000
0.848484848485, 0.787878787879, 0.93530665, 1.00000000, 1.00000000, 1.00000000
0.848484848485, 0.797979797980, 0.92386215, 1.00000000, 1.00000000, 1.00000000
0.848484848485, 0.808080808081, 0.91272674, 1.00000000, 1.00000000, 1.00000000
0.848484848485, 0.818181818182, 0.90194504, 1.00000000, 1.00000000, 1.00000000
0.848484848485, 0.828282828283, 0.89156023, 1.00000000, 1.00000000, 1.00000000
0.848484848485, 0.838383838384, 0.88161386, 1.00000000, 1.00000000, 1.00000000
0.848484848485, 0.848484848485, 0.87214566, 1.00000000, 1.00000000, 1.00000000
0.848484848485, 0.858585858586, 0.86319346, 1.00000000, 1.00000000, 1.00000000
0.848484848485, 0.868686868687, 0.85479295, 1.00000000, 1.00000000, 1.00000000
0.848484848485, 0.878787878788, 0.84697763, 1.00000000, 1.00000000, 1.00000000
0.848484848485, 0.888888888889, 0.83977862, 1.00000000, 1.00000000, 1.00000000
0.848484848485, 0.898989898990, 0.83322458, 1.00000000, 1.00000000, 1.00000000
0.848484848485, 0.909090909091, 0.82734157, 1.00000000, 1.00000000, 1.00000000
0.848484848485, 0.919191919192, 0.82215295, 1.00000000, 1.00000000, 1.00000000
0.848484848485, 0.929292929293, 0.81767927, 1.00000000, 1.00000000, 1.00000000
0.848484848485, 0.939393939394, 0.81393797, 1.00000000, 1.00000000, 1.00000000
0.848484848485, 0.949494949495, 0.81094291, 1.00000000, 1.00000000, 1.00000000
0.848484848485, 0.959595959596, 0.80870333, 1.00000000, 1.00000000, 1.00000000
0.858585858586, -0.000000000000, 0.81087322, 1.00000000, 1.00000000, 1.00000000
0.858585858586, 0.010101010101, 0.81353919, 1.00000000, 1.00000000, 1.00000000
0.858585858586, 0.020202020202, 0.81675284, 1.00000000, 1.00000000, 1.00000000
0.858585858586, 0.030303030303, 0.82051220, 1.00000000, 1.00000000, 1.00000000
0.858585858586, 0.040404040404, 0.82485056, 1.00000000, 1.00000000, 1.00000000
0.858585858586, 0.050505050505, 0.82982406, 1.00000000, 1.00000000, 1.00000000
0.858585858586, 0.060606060606, 0.83548851, 1.00000000, 1.00000000, 1.00000000
0.858585858586, 0.070707070707, 0.84187711, 1.00000000, 1.00000000, 1.00000000
0.858585858586, 0.080808080808, 0.84898936, 1.00000000, 1.00000000, 1.00000000
0.858585858586, 0.090909090909, 0.85679406, 1.00000000, 1.00000000, 1.00000000
0.858585858586, 0.101010101010, 0.86524111, 1.00000000, 1.00000000, 1.00000000
0.858585858586, 0.111111111111, 0.87427404, 1.00000000, 1.00000000, 1.00000000
0.858585858586, 0.121212121212, 0.88383812, 1.00000000, 1.00000000, 1.00000000
0.858585858586, 0.131313131313, 0.89388302, 1.00000000, 1.00000000, 1.00000000
0.858585858586, 0.141414141414, 0.90436204, 1.00000000, 1.00000000, 1.00000000
0.858585858586, 0.151515151515, 0.91523022, 1.00000000, 1.00000000, 1.00000000
0.858585858586, 0.161616161616, 0.92644285, 1.00000000, 1.00000000, 1.00000000
0.858585858586, 0.171717171717, 0.93795454, 1.00000000, 1.00000000, 1.00000000
0.858585858586, 0.181818181818, 0.94971895, 1.00000000, 1.00000000, 1.00000000
0.858585858586, 0.191919191919, 0.96168876, 1.00000000, 1.00000000, 1.00000000
0.858585858586, 0.202020202020, 0.97381583, 1.00000000, 1.00000000, 1.00000000
0.858585858586, 0.212121212121, 0.98605131, 1.00000000, 1.00000000, 1.00000000
0.858585858586, 0.222222222222, 0.99834592, 1.00000000, 1.00000000, 1.00000000
0.858585858586, 0.232323232323, 1.01065009, 1.00000000, 1.00000000, 1.00000000
0.858585858586, 0.242424242424, 1.02291418, 1.00000000, 1.00000000, 1.00000000
0.858585858586, 0.252525252525, 1.03508868, 1.00000000, 1.00000000, 1.00000000
0.858585858586, 0.262626262626, 1.04712443, 1.00000000, 1.00000000, 1.00000000
0.858585858586, 0.272727272727, 1.05897279, 1.00000000, 1.00000000, 1.00000000
0.858585858586, 0.282828282828, 1.07058585, 1.00000000, 1.00000000, 1.00000000
0.858585858586, 0.292929292929, 1.08191667, 1.00000000, 1.00000000, 1.00000000
0.858585858586, 0.303030303030, 1.09291938, 1.00000000, 1.00000000, 1.00000000
0.858585858586, 0.313131313131, 1.10354946, 1.00000000, 1.00000000, 1.00000000
0.858585858586, 0.323232323232, 1.11376388, 1.00000000, 1.00000000, 1.00000000
0.858585858586, 0.333333333333, 1.12352126, 1.00000000, 1.00000000, 1.00000000
0.858585858586, 0.343434343434, 1.13278208, 1.00000000, 1.00000000, 1.00000000
0.858585858586, 0.353535353535, 1.14150883, 1.00000000, 1.00000000, 1.00000000
0.858585858586, 0.363636363636, 1.14966614, 1.00000000, 1.00000000, 1.00000000
0.858585858586, 0.373737373737, 1.15722095, 1.00000000, 1.00000000, 1.00000000
0.858585858586, 0.383838383838, 1.16414262, 1.00000000, 1.00000000, 1.00000000
0.858585858586, 0.393939393939, 1.17040311, 1.00000000, 1.00000000, 1.00000000
0.858585858586, 0.404040404040, 1.17597702, 1.00000000, 1.00000000, 1.00000000
0.858585858586, 0.414141414141, 1.18084175, 1.00000000, 1.00000000, 1.00000000
0.858585858586, 0.424242424242, 1.18497755, 1.00000000, 1.00000000, 1.00000000
0.858585858586, 0.434343434343, 1.18836765, 1.00000000, 1.00000000, 1.00000000
0.858585858586, 0.444444444444, 1.19099827, 1.00000000, 1.00000000, 1.00000000
0.858585858586, 0.454545454545, 1.19285870, 1.00000000, 1.00000000, 1.00000000
0.858585858586, 0.464646464646, 1.19394137, 1.00000000, 1.00000000, 1.00000000
0.858585858586, 0.474747474747, 1.19424181, 1.00000000, 1.00000000, 1.00000000
0.858585858586, 0.484848484848, 1.19375887, 1.00000000, 1.00000000, 1.00000000
0.858585858586, 0.494949494949, 1.19249458, 1.00000000, 1.00000000, 1.00000000
0.858585858586, 0.505050505051, 1.19045413, 1.00000000, 1.00000000, 1.00000000
0.858585858586, 0.515151515152, 1.18764583, 1.00000000, 1.00000000, 1.00000000
0.858585858586, 0.525252525253, 1.18408113, 1.00000000, 1.00000000, 1.00000000
0.858585858586, 0.535353535354, 1.17977451, 1.00000000, 1.00000000, 1.00000000
0.858585858586, 0.545454545455, 1.17474346, 1.00000000, 1.00000000, 1.00000000
0.858585858586, 0.555555555556, 1.16900841, 1.00000000, 1.00000000, 1.00000000
0.858585858586, 0.565656565657, 1.16259262, 1.00000000, 1.00000000, 1.00000000
0.858585858586, 0.575757575758, 1.15552214, 1.00000000, 1.00000000, 1.00000000
0.858585858586, 0.585858585859, 1.14782563, 1.00000000, 1.00000000, 1.00000000
0.858585858586, 0.595959595960, 1.13953431, 1.00000000, 1.00000000, 1.00000000
0.858585858586, 0.606060606061, 1.13068179, 1.00000000, 1.00000000, 1.00000000
0.858585858586, 0.616161616162, 1.12130395, 1.00000000, 1.00000000, 1.00000000
0.858585858586, 0.626262626263, 1.11143879, 1.00000000, 1.00000000, 1.00000000
0.858585858586, 0.636363636364, 1.10112627, 1.00000000, 1.00000000, 1.00000000
0.858585858586, 0.646464646465, 1.09040814, 1.00000000, 1.00000000, 1.00000000
0.858585858586, 0.656565656566, 1.07932779, 1.00000000, 1.00000000, 1.00000000
0.858585858586, 0.666666666667, 1.06793005, 1.00000000, 1.00000000, 1.00000000
0.858585858586, 0.676767676768, 1.05626102, 1.00000000, 1.00000000, 1.00000000
0.858585858586, 0.686868686869, 1.04436788, 1.00000000, 1.00000000, 1.00000000
0.858585858586, 0.696969696970, 1.03229867, 1.00000000, 1.00000000, 1.00000000
0.858585858586, 0.707070707071, 1.02010213, 1.00000000, 1.00000000, 1.00000000
0.858585858586, 0.717171717172, 1.00782750, 1.00000000, 1.00000000, 1.00000000
0.858585858586, 0.727272727273, 0.99552428, 1.00000000, 1.00000000, 1.00000000
0.858585858586, 0.737373737374, 0.98324206, 1.00000000, 1.00000000, 1.00000000
0.858585858586, 0.747474747475, 0.97103031, 1.00000000, 1.00000000, 1.00000000
0.858585858586, 0.757575757576, 0.95893820, 1.00000000, 1.00000000, 1.00000000
0.858585858586, 0.767676767677, 0.94701434, 1.00000000, 1.00000000, 1.00000000
0.858585858586, 0.777777777778, 0.93530665, 1.00000000, 1.00000000, 1.00000000
0.858585858586, 0.787878787879, 0.92386215, 1.00000000, 1.00000000, 1.00000000
0.858585858586, 0.797979797980, 0.91272674, 1.00000000, 1.00000000, 1.00000000
0.858585858586, 0.808080808081, 0.90194504, 1.00000000, 1.00000000, 1.00000000
0.858585858586, 0.818181818182, 0.89156023, 1.00000000, 1.00000000, 1.00000000
0.858585858586, 0.828282828283, 0.88161386, 1.00000000, 1.00000000, 1.00000000
0.858585858586, 0.838383838384, 0.87214566, 1.00000000, 1.00000000, 1.00000000
0.858585858586, 0.848484848485, 0.86319346, 1.00000000, 1.00000000, 1.00000000
0.858585858586, 0.858585858586, 0.85479295, 1.00000000, 1.00000000, 1.00000000
0.858585858586, 0.868686868687, 0.84697763, 1.00000000, 1.00000000, 1.00000000
0.858585858586, 0.878787878788, 0.83977862, 1.00000000, 1.00000000, 1.00000000
0.858585858586, 0.888888888889, 0.83322458, 1.00000000, 1.00000000, 1.00000000
0.858585858586, 0.898989898990, 0.82734158, 1.00000000, 1.00000000, 1.00000000
0.858585858586, 0.909090909091, 0.82215300, 1.00000000, 1.00000000, 1.00000000
0.858585858586, 0.919191919192, 0.81767944, 1.00000000, 1.00000000, 1.00000000
0.858585858586, 0.929292929293, 0.81393859, 1.00000000, 1.00000000, 1.00000000
0.858585858586, 0.939393939394, 0.81094496, 1.00000000, 1.00000000, 1.00000000
0.858585858586, 0.949494949495, 0.80870932, 1.00000000, 1.00000000, 1.00000000
0.858585858586, 0.959595959596, 0.80723753, 1.00000000, 1.00000000, 1.00000000
0.868686868687, -0.000000000000, 0.81396011, 1.00000000, 1.00000000, 1.00000000
0.868686868687, 0.010101010101, 0.81731871, 1.00000000, 1.00000000, 1.00000000
0.868686868687, 0.020202020202, 0.82119253, 1.00000000, 1.00000000, 1.00000000
0.868686868687, 0.030303030303, 0.82558193, 1.00000000, 1.00000000, 1.00000000
0.868686868687, 0.040404040404, 0.83052691, 1.00000000, 1.00000000, 1.00000000
0.868686868687, 0.050505050505, 0.83609213, 1.00000000, 1.00000000, 1.00000000
0.868686868687, 0.060606060606, 0.84234018, 1.00000000, 1.00000000, 1.00000000
0.868686868687, 0.070707070707, 0.84930648, 1.00000000, 1.00000000, 1.00000000
0.868686868687, 0.080808080808, 0.85698776, 1.00000000, 1.00000000, 1.00000000
0.868686868687, 0.090909090909, 0.86534651, 1.00000000, 1.00000000, 1.00000000
0.868686868687, 0.101010101010, 0.87432506, 1.00000000, 1.00000000, 1.00000000
0.868686868687, 0.111111111111, 0.88386005, 1.00000000, 1.00000000, 1.00000000
0.868686868687, 0.121212121212, 0.89389137, 1.00000000, 1.00000000, 1.00000000
0.868686868687, 0.131313131313, 0.90436484, 1.00000000, 1.00000000, 1.00000000
0.868686868687, 0.141414141414, 0.91523105, 1.00000000, 1.00000000, 1.00000000
0.868686868687, 0.151515151515, 0.92644306, 1.00000000, 1.00000000, 1.00000000
0.868686868687, 0.161616161616, 0.93795459, 1.00000000, 1.00000000, 1.00000000
0.868686868687, 0.171717171717, 0.94971896, 1.00000000, 1.00000000, 1.00000000
0.868686868687, 0.181818181818, 0.96168877, 1.00000000, 1.00000000, 1.00000000
0.868686868687, 0.191919191919, 0.97381583, 1.00000000, 1.00000000, 1.00000000
0.868686868687, 0.202020202020, 0.98605131, 1.00000000, 1.00000000, 1.00000000
0.868686868687, 0.212121212121, 0.99834592, 1.00000000, 1.00000000, 1.00000000
0.868686868687, 0.222222222222, 1.01065009, 1.00000000, 1.00000000, 1.00000000
0.868686868687, 0.232323232323, 1.02291418, 1.00000000, 1.00000000, 1.00000000
0.868686868687, 0.242424242424, 1.03508868, 1.00000000, 1.00000000, 1.00000000
0.868686868687, 0.252525252525, 1.04712443, 1.00000000, 1.00000000, 1.00000000
0.868686868687, 0.262626262626, 1.05897279, 1.00000000, 1.00000000, 1.00000000
0.868686868687, 0.272727272727, 1.07058585, 1.00000000, 1.00000000, 1.00000000
0.868686868687, 0.282828282828, 1.08191667, 1.00000000, 1.00000000, 1.00000000
0.868686868687, 0.292929292929, 1.09291938, 1.00000000, 1.00000000, 1.00000000
0.868686868687, 0.303030303030, 1.10354946, 1.00000000, 1.00000000, 1.00000000
0.868686868687, 0.313131313131, 1.11376388, 1.00000000, 1.00000000, 1.00000000
0.868686868687, 0.323232323232, 1.12352126, 1.00000000, 1.00000000, 1.00000000
0.868686868687, 0.333333333333, 1.13278208, 1.00000000, 1.00000000, 1.00000000
0.868686868687, 0.343434343434, 1.14150883, 1.00000000, 1.00000000, 1.00000000
0.868686868687, 0.353535353535, 1.14966614, 1.00000000, 1.00000000, 1.00000000
0.868686868687, 0.363636363636, 1.15722095, 1.00000000, 1.00000000, 1.00000000
0.868686868687, 0.373737373737, 1.16414262, 1.00000000, 1.00000000, 1.00000000
0.868686868687, 0.383838383838, 1.17040311, 1.00000000, 1.00000000, 1.00000000
0.868686868687, 0.393939393939, 1.17597702, 1.00000000, 1.00000000, 1.00000000
0.868686868687, 0.404040404040, 1.18084175, 1.00000000, 1.00000000, 1.00000000
0.868686868687, 0.414141414141, 1.18497755, 1.00000000, 1.00000000, 1.00000000
0.868686868687, 0.424242424242, 1.18836765, 1.00000000, 1.00000000, 1.00000000
0.868686868687, 0.434343434343, 1.19099827, 1.00000000, 1.00000000, 1.00000000
0.868686868687, 0.444444444444, 1.19285870, 1.00000000, 1.00000000, 1.00000000
0.868686868687, 0.454545454545, 1.19394137, 1.00000000, 1.00000000, 1.00000000
0.868686868687, 0.464646464646, 1.19424181, 1.00000000, 1.00000000, 1.00000000
0.868686868687, 0.474747474747, 1.19375887, 1.00000000, 1.00000000, 1.00000000
0.868686868687, 0.484848484848, 1.19249458, 1.00000000, 1.00000000, 1.00000000
0.868686868687, 0.494949494949, 1.19045413, 1.00000000, 1.00000000, 1.00000000
0.868686868687, 0.505050505051, 1.18764583, 1.00000000, 1.00000000, 1.00000000
0.868686868687, 0.515151515152, 1.18408113, 1.00000000, 1.00000000, 1.00000000
0.868686868687, 0.525252525253, 1.17977451, 1.00000000, 1.00000000, 1.00000000
0.868686868687, 0.535353535354, 1.17474346, 1.00000000, 1.00000000, 1.00000000
0.868686868687, 0.545454545455, 1.16900841, 1.00000000, 1.00000000, 1.00000000
0.868686868687, 0.555555555556, 1.16259262, 1.00000000, 1.00000000, 1.00000000
0.868686868687, 0.565656565657, 1.15552214, 1.00000000, 1.00000000, 1.00000000
0.868686868687, 0.575757575758, 1.14782563, 1.00000000, 1.00000000, 1.00000000
0.868686868687, 0.585858585859, 1.13953431, 1.00000000, 1.00000000, 1.00000000
0.868686868687, 0.595959595960, 1.13068179, 1.00000000, 1.00000000, 1.00000000
0.868686868687, 0.606060606061, 1.12130395, 1.00000000, 1.00000000, 1.00000000
0.868686868687, 0.616161616162, 1.11143879, 1.00000000, 1.00000000, 1.00000000
0.868686868687, 0.626262626263, 1.10112627, 1.00000000, 1.00000000, 1.00000000
0.868686868687, 0.636363636364, 1.09040814, 1.00000000, 1.00000000, 1.00000000
0.868686868687, 0.646464646465, 1.07932779, 1.00000000, 1.00000000, 1.00000000
0.868686868687, 0.656565656566, 1.06793005, 1.00000000, 1.00000000, 1.00000000
0.868686868687, 0.666666666667, 1.05626102, 1.00000000, 1.00000000, 1.00000000
0.868686868687, 0.676767676768, 1.04436788, 1.00000000, 1.00000000, 1.00000000
0.868686868687, 0.686868686869, 1.03229867, 1.00000000, 1.00000000, 1.00000000
0.868686868687, 0.696969696970, 1.02010213, 1.00000000, 1.00000000, 1.00000000
0.868686868687, 0.707070707071, 1.00782750, 1.00000000, 1.00000000, 1.00000000
0.868686868687, 0.717171717172, 0.99552428, 1.00000000, 1.00000000, 1.00000000
0.868686868687, 0.727272727273, 0.98324206, 1.00000000, 1.00000000, 1.00000000
0.868686868687, 0.737373737374, 0.97103031, 1.00000000, 1.00000000, 1.00000000
0.868686868687, 0.747474747475, 0.95893820, 1.00000000, 1.00000000, 1.00000000
0.868686868687, 0.757575757576, 0.94701434, 1.00000000, 1.00000000, 1.00000000
0.868686868687, 0.767676767677, 0.93530665, 1.00000000, 1.00000000, 1.00000000
0.868686868687, 0.777777777778, 0.92386215, 1.00000000, 1.00000000, 1.00000000
0.868686868687, 0.787878787879, 0.91272674, 1.00000000, 1.00000000, 1.00000000
0.868686868687, 0.797979797980, 0.90194504, 1.00000000, 1.00000000, 1.00000000
0.868686868687, 0.808080808081, 0.89156023, 1.00000000, 1.00000000, 1.00000000
0.868686868687, 0.818181818182, 0.88161386, 1.00000000, 1.00000000, 1.00000000
0.868686868687, 0.828282828283, 0.87214566, 1.00000000, 1.00000000, 1.00000000
0.868686868687, 0.838383838384, 0.86319346, 1.00000000, 1.00000000, 1.00000000
0.868686868687, 0.848484848485, 0.85479295, 1.00000000, 1.00000000, 1.00000000
0.868686868687, 0.858585858586, 0.84697763, 1.00000000, 1.00000000, 1.00000000
0.868686868687, 0.868686868687, 0.83977862, 1.00000000, 1.00000000, 1.00000000
0.868686868687, 0.878787878788, 0.83322458, 1.00000000, 1.00000000, 1.00000000
0.868686868687, 0.888888888889, 0.82734158, 1.00000000, 1.00000000, 1.00000000
0.868686868687, 0.898989898990, 0.82215301, 1.00000000, 1.00000000, 1.00000000
0.868686868687, 0.909090909091, 0.81767949, 1.00000000, 1.00000000, 1.00000000
0.868686868687, 0.919191919192, 0.81393879, 1.00000000, 1.00000000, 1.00000000
0.868686868687, 0.929292929293, 0.81094568, 1.00000000, 1.00000000, 1.00000000
0.868686868687, 0.939393939394, 0.80871167, 1.00000000, 1.00000000, 1.00000000
0.868686868687, 0.949494949495, 0.80724441, 1.00000000, 1.00000000, 1.00000000
0.868686868687, 0.959595959596, 0.80654639, 1.00000000, 1.00000000, 1.00000000
0.878787878788, -0.000000000000, 0.81779533, 1.00000000, 1.00000000, 1.00000000
0.878787878788, 0.010101010101, 0.82183324, 1.00000000, 1.00000000, 1.00000000
0.878787878788, 0.020202020202, 0.82635177, 1.00000000, 1.00000000, 1.00000000
0.878787878788, 0.030303030303, 0.83135354, 1.00000000, 1.00000000, 1.00000000
0.878787878788, 0.040404040404, 0.83688520, 1.00000000, 1.00000000, 1.00000000
0.878787878788, 0.050505050505, 0.84301979, 1.00000000, 1.00000000, 1.00000000
0.878787878788, 0.060606060606, 0.84982644, 1.00000000, 1.00000000, 1.00000000
0.878787878788, 0.070707070707, 0.85734273, 1.00000000, 1.00000000, 1.00000000
0.878787878788, 0.080808080808, 0.86556255, 1.00000000, 1.00000000, 1.00000000
0.878787878788, 0.090909090909, 0.87444215, 1.00000000, 1.00000000, 1.00000000
0.878787878788, 0.101010101010, 0.88391649, 1.00000000, 1.00000000, 1.00000000
0.878787878788, 0.111111111111, 0.89391551, 1.00000000, 1.00000000, 1.00000000
0.878787878788, 0.121212121212, 0.90437399, 1.00000000, 1.00000000, 1.00000000
0.878787878788, 0.131313131313, 0.91523411, 1.00000000, 1.00000000, 1.00000000
0.878787878788, 0.141414141414, 0.92644396, 1.00000000, 1.00000000, 1.00000000
0.878787878788, 0.151515151515, 0.93795482, 1.00000000, 1.00000000, 1.00000000
0.878787878788, 0.161616161616, 0.94971901, 1.00000000, 1.00000000, 1.00000000
0.878787878788, 0.171717171717, 0.96168878, 1.00000000, 1.00000000, 1.00000000
0.878787878788, 0.181818181818, 0.97381583, 1.00000000, 1.00000000, 1.00000000
0.878787878788, 0.191919191919, 0.98605131, 1.00000000, 1.00000000, 1.00000000
0.878787878788, 0.202020202020, 0.99834592, 1.00000000, 1.00000000, 1.00000000
0.878787878788, 0.212121212121, 1.01065009, 1.00000000, 1.00000000, 1.00000000
0.878787878788, 0.222222222222, 1.02291418, 1.00000000, 1.00000000, 1.00000000
0.878787878788, 0.232323232323, 1.03508868, 1.00000000, 1.00000000, 1.00000000
0.878787878788, 0.242424242424, 1.04712443, 1.00000000, 1.00000000, 1.00000000
0.878787878788, 0.252525252525, 1.05897279, 1.00000000, 1.00000000, 1.00000000
0.878787878788, 0.262626262626, 1.07058585, 1.00000000, 1.00000000, 1.00000000
0.878787878788, 0.272727272727, 1.08191667, 1.00000000, 1.00000000, 1.00000000
0.878787878788, 0.282828282828, 1.09291938, 1.00000000, 1.00000000, 1.00000000
0.878787878788, 0.292929292929, 1.10354946, 1.00000000, 1.00000000, 1.00000000
0.878787878788, 0.303030303030, 1.11376388, 1.00000000, 1.00000000, 1.00000000
0.878787878788, 0.313131313131, 1.12352126, 1.00000000, 1.00000000, 1.00000000
0.878787878788, 0.323232323232, 1.13278208, 1.00000000, 1.00000000, 1.00000000
0.878787878788, 0.333333333333, 1.14150883, 1.00000000, 1.00000000, 1.00000000
0.878787878788, 0.343434343434, 1.14966614, 1.00000000, 1.00000000, 1.00000000
0.878787878788, 0.353535353535, 1.15722095, 1.00000000, 1.00000000, 1.00000000
0.878787878788, 0.363636363636, 1.16414262, 1.00000000, 1.00000000, 1.00000000
0.878787878788, 0.373737373737, 1.17040311, 1.00000000, 1.00000000, 1.00000000
0.878787878788, 0.383838383838, 1.17597702, 1.00000000, 1.00000000, 1.00000000
0.878787878788, 0.393939393939, 1.18084175, 1.00000000, 1.00000000, 1.00000000
0.878787878788, 0.404040404040, 1.18497755, 1.00000000, 1.00000000, 1.00000000
0.878787878788, 0.414141414141, 1.18836765, 1.00000000, 1.00000000, 1.00000000
0.878787878788, 0.424242424242, 1.19099827, 1.00000000, 1.00000000, 1.00000000
0.878787878788, 0.434343434343, 1.19285870, 1.00000000, 1.00000000, 1.00000000
0.878787878788, 0.444444444444, 1.19394137, 1.00000000, 1.00000000, 1.00000000
0.878787878788, 0.454545454545, 1.19424181, 1.00000000, 1.00000000, 1.00000000
0.878787878788, 0.464646464646, 1.19375887, 1.00000000, 1.00000000, 1.00000000
0.878787878788, 0.474747474747, 1.19249458, 1.00000000, 1.00000000, 1.00000000
0.878787878788, 0.484848484848, 1.19045413, 1.00000000, 1.00000000, 1.00000000
0.878787878788, 0.494949494949, 1.18764583, 1.00000000, 1.00000000, 1.00000000
0.878787878788, 0.505050505051, 1.18408113, 1.00000000, 1.00000000, 1.00000000
0.878787878788, 0.515151515152, 1.17977451, 1.00000000, 1.00000000, 1.00000000
0.878787878788, 0.525252525253, 1.17474346, 1.00000000, 1.00000000, 1.00000000
0.878787878788, 0.535353535354, 1.16900841, 1.00000000, 1.00000000, 1.00000000
0.878787878788, 0.545454545455, 1.16259262, 1.00000000, 1.00000000, 1.00000000
0.878787878788, 0.555555555556, 1.15552214, 1.00000000, 1.00000000, 1.00000000
0.878787878788, 0.565656565657, 1.14782563, 1.00000000, 1.00000000, 1.00000000
0.878787878788, 0.575757575758, 1.13953431, 1.00000000, 1.00000000, 1.00000000
0.878787878788, 0.585858585859, 1.13068179, 1.00000000, 1.00000000, 1.00000000
0.878787878788, 0.595959595960, 1.12130395, 1.00000000, 1.00000000, 1.00000000
0.878787878788, 0.606060606061, 1.11143879, 1.00000000, 1.00000000, 1.00000000
0.878787878788, 0.616161616162, 1.10112627, 1.00000000, 1.00000000, 1.00000000
0.878787878788, 0.626262626263, 1.09040814, 1.00000000, 1.00000000, 1.00000000
0.878787878788, 0.636363636364, 1.07932779, 1.00000000, 1.00000000, 1.00000000
0.878787878788, 0.646464646465, 1.06793005, 1.00000000, 1.00000000, 1.00000000
0.878787878788, 0.656565656566, 1.05626102, 1.00000000, 1.00000000, 1.00000000
0.878787878788, 0.666666666667, 1.04436788, 1.00000000, 1.00000000, 1.00000000
0.878787878788, 0.676767676768, 1.03229867, 1.00000000, 1.00000000, 1.00000000
0.878787878788, 0.686868686869, 1.02010213, 1.00000000, 1.00000000, 1.00000000
0.878787878788, 0.696969696970, 1.00782750, 1.00000000, 1.00000000, 1.00000000
0.878787878788, 0.707070707071, 0.99552428, 1.00000000, 1.00000000, 1.00000000
0.878787878788, 0.717171717172, 0.98324206, 1.00000000, 1.00000000, 1.00000000
0.878787878788, 0.727272727273, 0.97103031, 1.00000000, 1.00000000, 1.00000000
0.878787878788, 0.737373737374, 0.95893820, 1.00000000, 1.00000000, 1.00000000
0.878787878788, 0.747474747475, 0.94701434, 1.00000000, 1.00000000, 1.00000000
0.878787878788, 0.757575757576, 0.93530665, 1.00000000, 1.00000000, 1.00000000
0.878787878788, 0.767676767677, 0.92386215, 1.00000000, 1.00000000, 1.00000000
0.878787878788, 0.777777777778, 0.91272674, 1.00000000, 1.00000000, 1.00000000
0.878787878788, 0.787878787879, 0.90194504, 1.00000000, 1.00000000, 1.00000000
0.878787878788, 0.797979797980, 0.89156023, 1.00000000, 1.00000000, 1.00000000
0.878787878788, 0.808080808081, 0.88161386, 1.00000000, 1.00000000, 1.00000000
0.878787878788, 0.818181818182, 0.87214566, 1.00000000, 1.00000000, 1.00000000
0.878787878788, 0.828282828283, 0.86319346, 1.00000000, 1.00000000, 1.00000000
0.878787878788, 0.838383838384, 0.85479295, 1.00000000, 1.00000000, 1.00000000
0.878787878788, 0.848484848485, 0.84697763, 1.00000000, 1.00000000, 1.00000000
0.878787878788, 0.858585858586, 0.83977862, 1.00000000, 1.00000000, 1.00000000
0.878787878788, 0.868686868687, 0.83322458, 1.00000000, 1.00000000, 1.00000000
0.878787878788, 0.878787878788, 0.82734158, 1.00000000, 1.00000000, 1.00000000
0.878787878788, 0.888888888889, 0.82215301, 1.00000000, 1.00000000, 1.00000000
0.878787878788, 0.898989898990, 0.81767950, 1.00000000, 1.00000000, 1.00000000
0.878787878788, 0.909090909091, 0.81393884, 1.00000000, 1.00000000, 1.00000000
0.878787878788, 0.919191919192, 0.81094590, 1.00000000, 1.00000000, 1.00000000
0.878787878788, 0.929292929293, 0.80871247, 1.00000000, 1.00000000, 1.00000000
0.878787878788, 0.939393939394, 0.80724705, 1.00000000, 1.00000000, 1.00000000
0.878787878788, 0.949494949495, 0.80655412, 1.00000000, 1.00000000, 1.00000000
0.878787878788, 0.959595959596, 0.80663272, 1.00000000, 1.00000000, 1.00000000
0.888888888889, -0.000000000000, 0.82236370, 1.00000000, 1.00000000, 1.00000000
0.888888888889, 0.010101010101, 0.82706492, 1.00000000, 1.00000000, 1.00000000
0.888888888889, 0.020202020202, 0.83221009, 1.00000000, 1.00000000, 1.00000000
0.888888888889, 0.030303030303, 0.83780412, 1.00000000, 1.00000000, 1.00000000
0.888888888889, 0.040404040404, 0.84390016, 1.00000000, 1.00000000, 1.00000000
0.888888888889, 0.050505050505, 0.85057944, 1.00000000, 1.00000000, 1.00000000
0.888888888889, 0.060606060606, 0.85791748, 1.00000000, 1.00000000, 1.00000000
0.888888888889, 0.070707070707, 0.86595381, 1.00000000, 1.00000000, 1.00000000
0.888888888889, 0.080808080808, 0.87467951, 1.00000000, 1.00000000, 1.00000000
0.888888888889, 0.090909090909, 0.88404466, 1.00000000, 1.00000000, 1.00000000
0.888888888889, 0.101010101010, 0.89397704, 1.00000000, 1.00000000, 1.00000000
0.888888888889, 0.111111111111, 0.90440019, 1.00000000, 1.00000000, 1.00000000
0.888888888889, 0.121212121212, 0.91524399, 1.00000000, 1.00000000, 1.00000000
0.888888888889, 0.131313131313, 0.92644725, 1.00000000, 1.00000000, 1.00000000
0.888888888889, 0.141414141414, 0.93795578, 1.00000000, 1.00000000, 1.00000000
0.888888888889, 0.151515151515, 0.94971926, 1.00000000, 1.00000000, 1.00000000
0.888888888889, 0.161616161616, 0.96168883, 1.00000000, 1.00000000, 1.00000000
0.888888888889, 0.171717171717, 0.97381584, 1.00000000, 1.00000000, 1.00000000
0.888888888889, 0.181818181818, 0.98605131, 1.00000000, 1.00000000, 1.00000000
0.888888888889, 0.191919191919, 0.99834592, 1.00000000, 1.00000000, 1.00000000
0.888888888889, 0.202020202020, 1.01065009, 1.00000000, 1.00000000, 1.00000000
0.888888888889, 0.212121212121, 1.02291418, 1.00000000, 1.00000000, 1.00000000
0.888888888889, 0.222222222222, 1.03508868, 1.00000000, 1.00000000, 1.00000000
0.888888888889, 0.232323232323, 1.04712443, 1.00000000, 1.00000000, 1.00000000
0.888888888889, 0.242424242424, 1.05897279, 1.00000000, 1.00000000, 1.00000000
0.888888888889, 0.252525252525, 1.07058585, 1.00000000, 1.00000000, 1.00000000
0.888888888889, 0.262626262626, 1.08191667, 1.00000000, 1.00000000, 1.00000000
0.888888888889, 0.272727272727, 1.09291938, 1.00000000, 1.00000000, 1.00000000
0.888888888889, 0.282828282828, 1.10354946, 1.00000000, 1.00000000, 1.00000000
0.888888888889, 0.292929292929, 1.11376388, 1.00000000, 1.00000000, 1.00000000
0.888888888889, 0.303030303030, 1.12352126, 1.00000000, 1.00000000, 1.00000000
0.888888888889, 0.313131313131, 1.13278208, 1.00000000, 1.00000000, 1.00000000
0.888888888889, 0.323232323232, 1.14150883, 1.00000000, 1.00000000, 1.00000000
0.888888888889, 0.333333333333, 1.14966614, 1.00000000, 1.00000000, 1.00000000
0.888888888889, 0.343434343434, 1.15722095, 1.00000000, 1.00000000, 1.00000000
0.888888888889, 0.353535353535, 1.16414262, 1.00000000, 1.00000000, 1.00000000
0.888888888889, 0.363636363636, 1.17040311, 1.00000000, 1.00000000, 1.00000000
0.888888888889, 0.373737373737, 1.17597702, 1.00000000, 1.00000000, 1.00000000
0.888888888889, 0.383838383838, 1.18084175, 1.00000000, 1.00000000, 1.00000000
0.888888888889, 0.393939393939, 1.18497755, 1.00000000, 1.00000000, 1.00000000
0.888888888889, 0.404040404040, 1.18836765, 1.00000000, 1.00000000, 1.00000000
0.888888888889, 0.414141414141, 1.19099827, 1.00000000, 1.00000000, 1.00000000
0.888888888889, 0.424242424242, 1.19285870, 1.00000000, 1.00000000, 1.00000000
0.888888888889, 0.434343434343, 1.19394137, 1.00000000, 1.00000000, 1.00000000
0.888888888889, 0.444444444444, 1.19424181, 1.00000000, 1.00000000, 1.00000000
0.888888888889, 0.454545454545, 1.19375887, 1.00000000, 1.00000000, 1.00000000
0.888888888889, 0.464646464646, 1.19249458, 1.00000000, 1.00000000, 1.00000000
0.888888888889, 0.474747474747, 1.19045413, 1.00000000, 1.00000000, 1.00000000
0.888888888889, 0.484848484848, 1.18764583, 1.00000000, 1.00000000, 1.00000000
0.888888888889, 0.494949494949, 1.18408113, 1.00000000, 1.00000000, 1.00000000
0.888888888889, 0.505050505051, 1.17977451, 1.00000000, 1.00000000, 1.00000000
0.888888888889, 0.515151515152, 1.17474346, 1.00000000, 1.00000000, 1.00000000
0.888888888889, 0.525252525253, 1.16900841, 1.00000000, 1.00000000, 1.00000000
0.888888888889, 0.535353535354, 1.16259262, 1.00000000, 1.00000000, 1.00000000
0.888888888889, 0.545454545455, 1.15552214, 1.00000000, 1.00000000, 1.00000000
0.888888888889, 0.555555555556, 1.14782563, 1.00000000, 1.00000000, 1.00000000
0.888888888889, 0.565656565657, 1.13953431, 1.00000000, 1.00000000, 1.00000000
0.888888888889, 0.575757575758, 1.13068179, 1.00000000, 1.00000000, 1.00000000
0.888888888889, 0.585858585859, 1.12130395, 1.00000000, 1.00000000, 1.00000000
0.888888888889, 0.595959595960, 1.11143879, 1.00000000, 1.00000000, 1.00000000
0.888888888889, 0.606060606061, 1.10112627, 1.00000000, 1.00000000, 1.00000000
0.888888888889, 0.616161616162, 1.09040814, 1.00000000, 1.00000000, 1.00000000
0.888888888889, 0.626262626263, 1.07932779, 1.00000000, 1.00000000, 1.00000000
0.888888888889, 0.636363636364, 1.06793005, 1.00000000, 1.00000000, 1.00000000
0.888888888889, 0.646464646465, 1.05626102, 1.00000000, 1.00000000, 1.00000000
0.888888888889, 0.656565656566, 1.04436788, 1.00000000, 1.00000000, 1.00000000
0.888888888889, 0.666666666667, 1.03229867, 1.00000000, 1.00000000, 1.00000000
0.888888888889, 0.676767676768, 1.02010213, 1.00000000, 1.00000000, 1.00000000
0.888888888889, 0.686868686869, 1.00782750, 1.00000000, 1.00000000, 1.00000000
0.888888888889, 0.696969696970, 0.99552428, 1.00000000, 1.00000000, 1.00000000
0.888888888889, 0.707070707071, 0.98324206, 1.00000000, 1.00000000, 1.00000000
0.888888888889, 0.717171717172, 0.97103031, 1.00000000, 1.00000000, 1.00000000
0.888888888889, 0.727272727273, 0.95893820, 1.00000000, 1.00000000, 1.00000000
0.888888888889, 0.737373737374, 0.94701434, 1.00000000, 1.00000000, 1.00000000
0.888888888889, 0.747474747475, 0.93530665, 1.00000000, 1.00000000, 1.00000000
0.888888888889, 0.757575757576, 0.92386215, 1.00000000, 1.00000000, 1.00000000
0.888888888889, 0.767676767677, 0.91272674, 1.00000000, 1.00000000, 1.00000000
0.888888888889, 0.777777777778, 0.90194504, 1.00000000, 1.00000000, 1.00000000
0.888888888889, 0.787878787879, 0.89156023, 1.00000000, 1.00000000, 1.00000000
0.888888888889, 0.797979797980, 0.88161386, 1.00000000, 1.00000000, 1.00000000
0.888888888889, 0.808080808081, 0.87214566, 1.00000000, 1.00000000, 1.00000000
0.888888888889, 0.818181818182, 0.86319346, 1.00000000, 1.00000000, 1.00000000
0.888888888889, 0.828282828283, 0.85479295, 1.00000000, 1.00000000, 1.00000000
0.888888888889, 0.838383838384, 0.84697763, 1.00000000, 1.00000000, 1.00000000
0.888888888889, 0.848484848485, 0.83977862, 1.00000000, 1.00000000, 1.00000000
0.888888888889, 0.858585858586, 0.83322458, 1.00000000, 1.00000000, 1.00000000
0.888888888889, 0.868686868687, 0.82734158, 1.00000000, 1.00000000, 1.00000000
0.888888888889, 0.878787878788, 0.82215301, 1.00000000, 1.00000000, 1.00000000
0.888888888889, 0.888888888889, 0.81767950, 1.00000000, 1.00000000, 1.00000000
0.888888888889, 0.898989898990, 0.81393885, 1.00000000, 1.00000000, 1.00000000
0.888888888889, 0.909090909091, 0.81094596, 1.00000000, 1.00000000, 1.00000000
0.888888888889, 0.919191919192, 0.80871271, 1.00000000, 1.00000000, 1.00000000
0.888888888889, 0.929292929293, 0.80724793, 1.00000000, 1.00000000, 1.00000000
0.888888888889, 0.939393939394, 0.80655702, 1.00000000, 1.00000000, 1.00000000
0.888888888889, 0.949494949495, 0.80664125, 1.00000000, 1.00000000, 1.00000000
0.888888888889, 0.959595959596, 0.80749611, 1.00000000, 1.00000000, 1.00000000
0.898989898990, -0.000000000000, 0.82764712, 1.00000000, 1.00000000, 1.00000000
0.898989898990, 0.010101010101, 0.83299300, 1.00000000, 1.00000000, 1.00000000
0.898989898990, 0.020202020202, 0.83874424, 1.00000000, 1.00000000, 1.00000000
0.898989898990, 0.030303030303, 0.84490801, 1.00000000, 1.00000000, 1.00000000
0.898989898990, 0.040404040404, 0.85154385, 1.00000000, 1.00000000, 1.00000000
0.898989898990, 0.050505050505, 0.85874097, 1.00000000, 1.00000000, 1.00000000
0.898989898990, 0.060606060606, 0.86658102, 1.00000000, 1.00000000, 1.00000000
0.898989898990, 0.070707070707, 0.87510537, 1.00000000, 1.00000000, 1.00000000
0.898989898990, 0.080808080808, 0.88430223, 1.00000000, 1.00000000, 1.00000000
0.898989898990, 0.090909090909, 0.89411566, 1.00000000, 1.00000000, 1.00000000
0.898989898990, 0.101010101010, 0.90446648, 1.00000000, 1.00000000, 1.00000000
0.898989898990, 0.111111111111, 0.91527211, 1.00000000, 1.00000000, 1.00000000
0.898989898990, 0.121212121212, 0.92645781, 1.00000000, 1.00000000, 1.00000000
0.898989898990, 0.131313131313, 0.93795928, 1.00000000, 1.00000000, 1.00000000
0.898989898990, 0.141414141414, 0.94972027, 1.00000000, 1.00000000, 1.00000000
0.898989898990, 0.151515151515, 0.96168909, 1.00000000, 1.00000000, 1.00000000
0.898989898990, 0.161616161616, 0.97381590, 1.00000000, 1.00000000, 1.00000000
0.898989898990, 0.171717171717, 0.98605132, 1.00000000, 1.00000000, 1.00000000
0.898989898990, 0.181818181818, 0.99834592, 1.00000000, 1.00000000, 1.00000000
0.898989898990, 0.191919191919, 1.01065009, 1.00000000, 1.00000000, 1.00000000
0.898989898990, 0.202020202020, 1.02291418, 1.00000000, 1.00000000, 1.00000000
0.898989898990, 0.212121212121, 1.03508868, 1.00000000, 1.00000000, 1.00000000
0.898989898990, 0.222222222222, 1.04712443, 1.00000000, 1.00000000, 1.00000000
0.898989898990, 0.232323232323, 1.05897279, 1.00000000, 1.00000000, 1.00000000
0.898989898990, 0.242424242424, 1.07058585, 1.00000000, 1.00000000, 1.00000000
0.898989898990, 0.252525252525, 1.08191667, 1.00000000, 1.00000000, 1.00000000
0.898989898990, 0.262626262626, 1.09291938, 1.00000000, 1.00000000, 1.00000000
0.898989898990, 0.272727272727, 1.10354946, 1.00000000, 1.00000000, 1.00000000
0.898989898990, 0.282828282828, 1.11376388, 1.00000000, 1.00000000, 1.00000000
0.898989898990, 0.292929292929, 1.12352126, 1.00000000, 1.00000000, 1.00000000
0.898989898990, 0.303030303030, 1.13278208, 1.00000000, 1.00000000, 1.00000000
0.898989898990, 0.313131313131, 1.14150883, 1.00000000, 1.00000000, 1.00000000
0.898989898990, 0.323232323232, 1.14966614, 1.00000000, 1.00000000, 1.00000000
0.898989898990, 0.333333333333, 1.15722095, 1.00000000, 1.00000000, 1.00000000
0.898989898990, 0.343434343434, 1.16414262, 1.00000000, 1.00000000, 1.00000000
0.898989898990, 0.353535353535, 1.17040311, 1.00000000, 1.00000000, 1.00000000
0.898989898990, 0.363636363636, 1.17597702, 1.00000000, 1.00000000, 1.00000000
0.898989898990, 0.373737373737, 1.18084175, 1.00000000, 1.00000000, 1.00000000
0.898989898990, 0.383838383838, 1.18497755, 1.00000000, 1.00000000, 1.00000000
0.898989898990, 0.393939393939, 1.18836765, 1.00000000, 1.00000000, 1.00000000
0.898989898990, 0.404040404040, 1.19099827, 1.00000000, 1.00000000, 1.00000000
0.898989898990, 0.414141414141, 1.19285870, 1.00000000, 1.00000000, 1.00000000
0.898989898990, 0.424242424242, 1.19394137, 1.00000000, 1.00000000, 1.00000000
0.898989898990, 0.434343434343, 1.19424182, 1.00000000, 1.00000000, 1.00000000
0.898989898990, 0.444444444444, 1.19375888, 1.00000000, 1.00000000, 1.00000000
0.898989898990, 0.454545454545, 1.19249458, 1.00000000, 1.00000000, 1.00000000
0.898989898990, 0.464646464646, 1.19045413, 1.00000000, 1.00000000, 1.00000000
0.898989898990, 0.474747474747, 1.18764583, 1.00000000, 1.00000000, 1.00000000
0.898989898990, 0.484848484848, 1.18408113, 1.00000000, 1.00000000, 1.00000000
0.898989898990, 0.494949494949, 1.17977451, 1.00000000, 1.00000000, 1.00000000
0.898989898990, 0.505050505051, 1.17474346, 1.00000000, 1.00000000, 1.00000000
0.898989898990, 0.515151515152, 1.16900841, 1.00000000, 1.00000000, 1.00000000
0.898989898990, 0.525252525253, 1.16259262, 1.00000000, 1.00000000, 1.00000000
0.898989898990, 0.535353535354, 1.15552214, 1.00000000, 1.00000000, 1.00000000
0.898989898990, 0.545454545455, 1.14782563, 1.00000000, 1.00000000, 1.00000000
0.898989898990, 0.555555555556, 1.13953431, 1.00000000, 1.00000000, 1.00000000
0.898989898990, 0.565656565657, 1.13068179, 1.00000000, 1.00000000, 1.00000000
0.898989898990, 0.575757575758, 1.12130395, 1.00000000, 1.00000000, 1.00000000
0.898989898990, 0.585858585859, 1.11143879, 1.00000000, 1.00000000, 1.00000000
0.898989898990, 0.595959595960, 1.10112627, 1.00000000, 1.00000000, 1.00000000
0.898989898990, 0.606060606061, 1.09040814, 1.00000000, 1.00000000, 1.00000000
0.898989898990, 0.616161616162, 1.07932779, 1.00000000, 1.00000000, 1.00000000
0.898989898990, 0.626262626263, 1.06793005, 1.00000000, 1.00000000, 1.00000000
0.898989898990, 0.636363636364, 1.05626102, 1.00000000, 1.00000000, 1.00000000
0.898989898990, 0.646464646465, 1.04436788, 1.00000000, 1.00000000, 1.00000000
0.898989898990, 0.656565656566, 1.03229867, 1.00000000, 1.00000000, 1.00000000
0.898989898990, 0.666666666667, 1.02010213, 1.00000000, 1.00000000, 1.00000000
0.898989898990, 0.676767676768, 1.00782750, 1.00000000, 1.00000000, 1.00000000
0.898989898990, 0.686868686869, 0.99552428, 1.00000000, 1.00000000, 1.00000000
0.898989898990, 0.696969696970, 0.98324206, 1.00000000, 1.00000000, 1.00000000
0.898989898990, 0.707070707071, 0.97103032, 1.00000000, 1.00000000, 1.00000000
0.898989898990, 0.717171717172, 0.95893820, 1.00000000, 1.00000000, 1.00000000
0.898989898990, 0.727272727273, 0.94701434, 1.00000000, 1.00000000, 1.00000000
0.898989898990, 0.737373737374, 0.93530665, 1.00000000, 1.00000000, 1.00000000
0.898989898990, 0.747474747475, 0.92386215, 1.00000000, 1.00000000, 1.00000000
0.898989898990, 0.757575757576, 0.91272674, 1.00000000, 1.00000000, 1.00000000
0.898989898990, 0.767676767677, 0.90194504, 1.00000000, 1.00000000, 1.00000000
0.898989898990, 0.777777777778, 0.89156023, 1.00000000, 1.00000000, 1.00000000
0.898989898990, 0.787878787879, 0.88161385, 1.00000000, 1.00000000, 1.00000000
0.898989898990, 0.797979797980, 0.87214566, 1.00000000, 1.00000000, 1.00000000
0.898989898990, 0.808080808081, 0.86319345, 1.00000000, 1.00000000, 1.00000000
0.898989898990, 0.818181818182, 0.85479295, 1.00000000, 1.00000000, 1.00000000
0.898989898990, 0.828282828283, 0.84697763, 1.00000000, 1.00000000, 1.00000000
0.898989898990, 0.838383838384, 0.83977862, 1.00000000, 1.00000000, 1.00000000
0.898989898990, 0.848484848485, 0.83322458, 1.00000000, 1.00000000, 1.00000000
0.898989898990, 0.858585858586, 0.82734158, 1.00000000, 1.00000000, 1.00000000
0.898989898990, 0.868686868687, 0.82215301, 1.00000000, 1.00000000, 1.00000000
0.898989898990, 0.878787878788, 0.81767950, 1.00000000, 1.00000000, 1.00000000
0.898989898990, 0.888888888889, 0.81393885, 1.00000000, 1.00000000, 1.00000000
0.898989898990, 0.898989898990, 0.81094597, 1.00000000, 1.00000000, 1.00000000
0.898989898990, 0.909090909091, 0.80871277, 1.00000000, 1.00000000, 1.00000000
0.898989898990, 0.919191919192, 0.80724818, 1.00000000, 1.00000000, 1.00000000
0.898989898990, 0.929292929293, 0.80655797, 1.00000000, 1.00000000, 1.00000000
0.898989898990, 0.939393939394, 0.80664439, 1.00000000, 1.00000000, 1.00000000
0.898989898990, 0.949494949495, 0.80750538, 1.00000000, 1.00000000, 1.00000000
0.898989898990, 0.959595959596, 0.80913307, 1.00000000, 1.00000000, 1.00000000
0.909090909091, -0.000000000000, 0.83362463, 1.00000000, 1.00000000, 1.00000000
0.909090909091, 0.010101010101, 0.83959393, 1.00000000, 1.00000000, 1.00000000
0.909090909091, 0.020202020202, 0.84592823, 1.00000000, 1.00000000, 1.00000000
0.909090909091, 0.030303030303, 0.85263694, 1.00000000, 1.00000000, 1.00000000
0.909090909091, 0.040404040404, 0.85978582, 1.00000000, 1.00000000, 1.00000000
0.909090909091, 0.050505050505, 0.86747182, 1.00000000, 1.00000000, 1.00000000
0.909090909091, 0.060606060606, 0.87578248, 1.00000000, 1.00000000, 1.00000000
0.909090909091, 0.070707070707, 0.88476086, 1.00000000, 1.00000000, 1.00000000
0.909090909091, 0.080808080808, 0.89439225, 1.00000000, 1.00000000, 1.00000000
0.909090909091, 0.090909090909, 0.90461485, 1.00000000, 1.00000000, 1.00000000
0.909090909091, 0.101010101010, 0.91534280, 1.00000000, 1.00000000, 1.00000000
0.909090909091, 0.111111111111, 0.92648767, 1.00000000, 1.00000000, 1.00000000
0.909090909091, 0.121212121212, 0.93797044, 1.00000000, 1.00000000, 1.00000000
0.909090909091, 0.131313131313, 0.94972395, 1.00000000, 1.00000000, 1.00000000
0.909090909091, 0.141414141414, 0.96169015, 1.00000000, 1.00000000, 1.00000000
0.909090909091, 0.151515151515, 0.97381616, 1.00000000, 1.00000000, 1.00000000
0.909090909091, 0.161616161616, 0.98605138, 1.00000000, 1.00000000, 1.00000000
0.909090909091, 0.171717171717, 0.99834593, 1.00000000, 1.00000000, 1.00000000
0.909090909091, 0.181818181818, 1.01065008, 1.00000000, 1.00000000, 1.00000000
0.909090909091, 0.191919191919, 1.02291417, 1.00000000, 1.00000000, 1.00000000
0.909090909091, 0.202020202020, 1.03508868, 1.00000000, 1.00000000, 1.00000000
0.909090909091, 0.212121212121, 1.04712442, 1.00000000, 1.00000000, 1.00000000
0.909090909091, 0.222222222222, 1.05897278, 1.00000000, 1.00000000, 1.00000000
0.909090909091, 0.232323232323, 1.07058585, 1.00000000, 1.00000000, 1.00000000
0.909090909091, 0.242424242424, 1.08191667, 1.00000000, 1.00000000, 1.00000000
0.909090909091, 0.252525252525, 1.09291938, 1.00000000, 1.00000000, 1.00000000
0.909090909091, 0.262626262626, 1.10354946, 1.00000000, 1.00000000, 1.00000000
0.909090909091, 0.272727272727, 1.11376388, 1.00000000, 1.00000000, 1.00000000
0.909090909091, 0.282828282828, 1.12352126, 1.00000000, 1.00000000, 1.00000000
0.909090909091, 0.292929292929, 1.13278208, 1.00000000, 1.00000000, 1.00000000
0.909090909091, 0.303030303030, 1.14150883, 1.00000000, 1.00000000, 1.00000000
0.909090909091, 0.313131313131, 1.14966614, 1.00000000, 1.00000000, 1.00000000
0.909090909091, 0.323232323232, 1.15722095, 1.00000000, 1.00000000, 1.00000000
0.909090909091, 0.333333333333, 1.16414263, 1.00000000, 1.00000000, 1.00000000
0.909090909091, 0.343434343434, 1.17040311, 1.00000000, 1.00000000, 1.00000000
0.909090909091, 0.353535353535, 1.17597702, 1.00000000, 1.00000000, 1.00000000
0.909090909091, 0.363636363636, 1.18084175, 1.00000000, 1.00000000, 1.00000000
0.909090909091, 0.373737373737, 1.18497756, 1.00000000, 1.00000000, 1.00000000
0.909090909091, 0.383838383838, 1.18836765, 1.00000000, 1.00000000, 1.00000000
0.909090909091, 0.393939393939, 1.19099827, 1.00000000, 1.00000000, 1.00000000
0.909090909091, 0.404040404040, 1.19285871, 1.00000000, 1.00000000, 1.00000000
0.909090909091, 0.414141414141, 1.19394138, 1.00000000, 1.00000000, 1.00000000
0.909090909091, 0.424242424242, 1.19424182, 1.00000000, 1.00000000, 1.00000000
0.909090909091, 0.434343434343, 1.19375888, 1.00000000, 1.00000000, 1.00000000
0.909090909091, 0.444444444444, 1.19249459, 1.00000000, 1.00000000, 1.00000000
0.909090909091, 0.454545454545, 1.19045413, 1.00000000, 1.00000000, 1.00000000
0.909090909091, 0.464646464646, 1.18764584, 1.00000000, 1.00000000, 1.00000000
0.909090909091, 0.474747474747, 1.18408114, 1.00000000, 1.00000000, 1.00000000
0.909090909091, 0.484848484848, 1.17977452, 1.00000000, 1.00000000, 1.00000000
0.909090909091, 0.494949494949, 1.17474347, 1.00000000, 1.00000000, 1.00000000
0.909090909091, 0.505050505051, 1.16900841, 1.00000000, 1.00000000, 1.00000000
0.909090909091, 0.515151515152, 1.16259263, 1.00000000, 1.00000000, 1.00000000
0.909090909091, 0.525252525253, 1.15552215, 1.00000000, 1.00000000, 1.00000000
0.909090909091, 0.535353535354, 1.14782564, 1.00000000, 1.00000000, 1.00000000
0.909090909091, 0.545454545455, 1.13953432, 1.00000000, 1.00000000, 1.00000000
0.909090909091, 0.555555555556, 1.13068180, 1.00000000, 1.00000000, 1.00000000
0.909090909091, 0.565656565657, 1.12130396, 1.00000000, 1.00000000, 1.00000000
0.909090909091, 0.575757575758, 1.11143880, 1.00000000, 1.00000000, 1.00000000
0.909090909091, 0.585858585859, 1.10112628, 1.00000000, 1.00000000, 1.00000000
0.909090909091, 0.595959595960, 1.09040815, 1.00000000, 1.00000000, 1.00000000
0.909090909091, 0.606060606061, 1.07932780, 1.00000000, 1.00000000, 1.00000000
0.909090909091, 0.616161616162, 1.06793006, 1.00000000, 1.00000000, 1.00000000
0.909090909091, 0.626262626263, 1.05626103, 1.00000000, 1.00000000, 1.00000000
0.909090909091, 0.636363636364, 1.04436789, 1.00000000, 1.00000000, 1.00000000
0.909090909091, 0.646464646465, 1.03229868, 1.00000000, 1.00000000, 1.00000000
0.909090909091, 0.656565656566, 1.02010214, 1.00000000, 1.00000000, 1.00000000
0.909090909091, 0.666666666667, 1.00782751, 1.00000000, 1.00000000, 1.00000000
0.909090909091, 0.676767676768, 0.99552429, 1.00000000, 1.00000000, 1.00000000
0.909090909091, 0.686868686869, 0.98324207, 1.00000000, 1.00000000, 1.00000000
0.909090909091, 0.696969696970, 0.97103032, 1.00000000, 1.00000000, 1.00000000
0.909090909091, 0.707070707071, 0.95893821, 1.00000000, 1.00000000, 1.00000000
0.909090909091, 0.717171717172, 0.94701435, 1.00000000, 1.00000000, 1.00000000
0.909090909091, 0.727272727273, 0.93530666, 1.00000000, 1.00000000, 1.00000000
0.909090909091, 0.737373737374, 0.92386216, 1.00000000, 1.00000000, 1.00000000
0.909090909091, 0.747474747475, 0.91272674, 1.00000000, 1.00000000, 1.00000000
0.909090909091, 0.757575757576, 0.90194504, 1.00000000, 1.00000000, 1.00000000
0.909090909091, 0.767676767677, 0.89156023, 1.00000000, 1.00000000, 1.00000000
0.909090909091, 0.777777777778, 0.88161386, 1.00000000, 1.00000000, 1.00000000
0.909090909091, 0.787878787879, 0.87214566, 1.00000000, 1.00000000, 1.00000000
0.909090909091, 0.797979797980, 0.86319345, 1.00000000, 1.00000000, 1.00000000
0.909090909091, 0.808080808081, 0.85479295, 1.00000000, 1.00000000, 1.00000000
0.909090909091, 0.818181818182, 0.84697763, 1.00000000, 1.00000000, 1.00000000
0.909090909091, 0.828282828283, 0.83977862, 1.00000000, 1.00000000, 1.00000000
0.909090909091, 0.838383838384, 0.83322457, 1.00000000, 1.00000000, 1.00000000
0.909090909091, 0.848484848485, 0.82734157, 1.00000000, 1.00000000, 1.00000000
0.909090909091, 0.858585858586, 0.82215300, 1.00000000, 1.00000000, 1.00000000
0.909090909091, 0.868686868687, 0.81767949, 1.00000000, 1.00000000, 1.00000000
0.909090909091, 0.878787878788, 0.81393884, 1.00000000, 1.00000000, 1.00000000
0.909090909091, 0.888888888889, 0.81094596, 1.00000000, 1.00000000, 1.00000000
0.909090909091, 0.898989898990, 0.80871277, 1.00000000, 1.00000000, 1.00000000
0.909090909091, 0.909090909091, 0.80724823, 1.00000000, 1.00000000, 1.00000000
0.909090909091, 0.919191919192, 0.80655823, 1.00000000, 1.00000000, 1.00000000
0.909090909091, 0.929292929293, 0.80664539, 1.00000000, 1.00000000, 1.00000000
0.909090909091, 0.939393939394, 0.80750873, 1.00000000, 1.00000000, 1.00000000
0.909090909091, 0.949494949495, 0.80914302, 1.00000000, 1.00000000, 1.00000000
0.909090909091, 0.959595959596, 0.81153707, 1.00000000, 1.00000000, 1.00000000
0.919191919192, -0.000000000000, 0.84027243, 1.00000000, 1.00000000, 1.00000000
0.919191919192, 0.010101010101, 0.84684143, 1.00000000, 1.00000000, 1.00000000
0.919191919192, 0.020202020202, 0.85373343, 1.00000000, 1.00000000, 1.00000000
0.919191919192, 0.030303030303, 0.86096007, 1.00000000, 1.00000000, 1.00000000
0.919191919192, 0.040404040404, 0.86859316, 1.00000000, 1.00000000, 1.00000000
0.919191919192, 0.050505050505, 0.87673711, 1.00000000, 1.00000000, 1.00000000
0.919191919192, 0.060606060606, 0.88548509, 1.00000000, 1.00000000, 1.00000000
0.919191919192, 0.070707070707, 0.89488164, 1.00000000, 1.00000000, 1.00000000
0.919191919192, 0.080808080808, 0.90490917, 1.00000000, 1.00000000, 1.00000000
0.919191919192, 0.090909090909, 0.91550017, 1.00000000, 1.00000000, 1.00000000
0.919191919192, 0.101010101010, 0.92656237, 1.00000000, 1.00000000, 1.00000000
0.919191919192, 0.111111111111, 0.93800186, 1.00000000, 1.00000000, 1.00000000
0.919191919192, 0.121212121212, 0.94973562, 1.00000000, 1.00000000, 1.00000000
0.919191919192, 0.131313131313, 0.96169396, 1.00000000, 1.00000000, 1.00000000
0.919191919192, 0.141414141414, 0.97381723, 1.00000000, 1.00000000, 1.00000000
0.919191919192, 0.151515151515, 0.98605162, 1.00000000, 1.00000000, 1.00000000
0.919191919192, 0.161616161616, 0.99834596, 1.00000000, 1.00000000, 1.00000000
0.919191919192, 0.171717171717, 1.01065007, 1.00000000, 1.00000000, 1.00000000
0.919191919192, 0.181818181818, 1.02291415, 1.00000000, 1.00000000, 1.00000000
0.919191919192, 0.191919191919, 1.03508865, 1.00000000, 1.00000000, 1.00000000
0.919191919192, 0.202020202020, 1.04712441, 1.00000000, 1.00000000, 1.00000000
0.919191919192, 0.212121212121, 1.05897277, 1.00000000, 1.00000000, 1.00000000
0.919191919192, 0.222222222222, 1.07058584, 1.00000000, 1.00000000, 1.00000000
0.919191919192, 0.232323232323, 1.08191665, 1.00000000, 1.00000000, 1.00000000
0.919191919192, 0.242424242424, 1.09291937, 1.00000000, 1.00000000, 1.00000000
0.919191919192, 0.252525252525, 1.10354946, 1.00000000, 1.00000000, 1.00000000
0.919191919192, 0.262626262626, 1.11376387, 1.00000000, 1.00000000, 1.00000000
0.919191919192, 0.272727272727, 1.12352126, 1.00000000, 1.00000000, 1.00000000
0.919191919192, 0.282828282828, 1.13278208, 1.00000000, 1.00000000, 1.00000000
0.919191919192, 0.292929292929, 1.14150884, 1.00000000, 1.00000000, 1.00000000
0.919191919192, 0.303030303030, 1.14966615, 1.00000000, 1.00000000, 1.00000000
0.919191919192, 0.313131313131, 1.15722095, 1.00000000, 1.00000000, 1.00000000
0.919191919192, 0.323232323232, 1.16414263, 1.00000000, 1.00000000, 1.00000000
0.919191919192, 0.333333333333, 1.17040312, 1.00000000, 1.00000000, 1.00000000
0.919191919192, 0.343434343434, 1.17597704, 1.00000000, 1.00000000, 1.00000000
0.919191919192, 0.353535353535, 1.18084176, 1.00000000, 1.00000000, 1.00000000
0.919191919192, 0.363636363636, 1.18497757, 1.00000000, 1.00000000, 1.00000000
0.919191919192, 0.373737373737, 1.18836767, 1.00000000, 1.00000000, 1.00000000
0.919191919192, 0.383838383838, 1.19099829, 1.00000000, 1.00000000, 1.00000000
0.919191919192, 0.393939393939, 1.19285873, 1.00000000, 1.00000000, 1.00000000
0.919191919192, 0.404040404040, 1.19394140, 1.00000000, 1.00000000, 1.00000000
0.919191919192, 0.414141414141, 1.19424184, 1.00000000, 1.00000000, 1.00000000
0.919191919192, 0.424242424242, 1.19375891, 1.00000000, 1.00000000, 1.00000000
0.919191919192, 0.434343434343, 1.19249462, 1.00000000, 1.00000000, 1.00000000
0.919191919192, 0.444444444444, 1.19045416, 1.00000000, 1.00000000, 1.00000000
0.919191919192, 0.454545454545, 1.18764587, 1.00000000, 1.00000000, 1.00000000
0.919191919192, 0.464646464646, 1.18408117, 1.00000000, 1.00000000, 1.00000000
0.919191919192, 0.474747474747, 1.17977455, 1.00000000, 1.00000000, 1.00000000
0.919191919192, 0.484848484848, 1.17474350, 1.00000000, 1.00000000, 1.00000000
0.919191919192, 0.494949494949, 1.16900845, 1.00000000, 1.00000000, 1.00000000
0.919191919192, 0.505050505051, 1.16259267, 1.00000000, 1.00000000, 1.00000000
0.919191919192, 0.515151515152, 1.15552219, 1.00000000, 1.00000000, 1.00000000
0.919191919192, 0.525252525253, 1.14782568, 1.00000000, 1.00000000, 1.00000000
0.919191919192, 0.535353535354, 1.13953436, 1.00000000, 1.00000000, 1.00000000
0.919191919192, 0.545454545455, 1.13068185, 1.00000000, 1.00000000, 1.00000000
0.919191919192, 0.555555555556, 1.12130401, 1.00000000, 1.00000000, 1.00000000
0.919191919192, 0.565656565657, 1.11143885, 1.00000000, 1.00000000, 1.00000000
0.919191919192, 0.575757575758, 1.10112633, 1.00000000, 1.00000000, 1.00000000
0.919191919192, 0.585858585859, 1.09040820, 1.00000000, 1.00000000, 1.00000000
0.919191919192, 0.595959595960, 1.07932785, 1.00000000, 1.00000000, 1.00000000
0.919191919192, 0.606060606061, 1.06793011, 1.00000000, 1.00000000, 1.00000000
0.919191919192, 0.616161616162, 1.05626108, 1.00000000, 1.00000000, 1.00000000
0.919191919192, 0.626262626263, 1.04436794, 1.00000000, 1.00000000, 1.00000000
0.919191919192, 0.636363636364, 1.03229873, 1.00000000, 1.00000000, 1.00000000
0.919191919192, 0.646464646465, 1.02010219, 1.00000000, 1.00000000, 1.00000000
0.919191919192, 0.656565656566, 1.00782756, 1.00000000, 1.00000000, 1.00000000
0.919191919192, 0.666666666667, 0.99552433, 1.00000000, 1.00000000, 1.00000000
0.919191919192, 0.676767676768, 0.98324211, 1.00000000, 1.00000000, 1.00000000
0.919191919192, 0.686868686869, 0.97103037, 1.00000000, 1.00000000, 1.00000000
0.919191919192, 0.696969696970, 0.95893824, 1.00000000, 1.00000000, 1.00000000
0.919191919192, 0.707070707071, 0.94701438, 1.00000000, 1.00000000, 1.00000000
0.919191919192, 0.717171717172, 0.93530669, 1.00000000, 1.00000000, 1.00000000
0.919191919192, 0.727272727273, 0.92386218, 1.00000000, 1.00000000, 1.00000000
0.919191919192, 0.737373737374, 0.91272676, 1.00000000, 1.00000000, 1.00000000
0.919191919192, 0.747474747475, 0.90194506, 1.00000000, 1.00000000, 1.00000000
0.919191919192, 0.757575757576, 0.89156025, 1.00000000, 1.00000000, 1.00000000
0.919191919192, 0.767676767677, 0.88161386, 1.00000000, 1.00000000, 1.00000000
0.919191919192, 0.777777777778, 0.87214566, 1.00000000, 1.00000000, 1.00000000
0.919191919192, 0.787878787879, 0.86319345, 1.00000000, 1.00000000, 1.00000000
0.919191919192, 0.797979797980, 0.85479294, 1.00000000, 1.00000000, 1.00000000
0.919191919192, 0.808080808081, 0.84697761, 1.00000000, 1.00000000, 1.00000000
0.919191919192, 0.818181818182, 0.83977859, 1.00000000, 1.00000000, 1.00000000
0.919191919192, 0.828282828283, 0.83322454, 1.00000000, 1.00000000, 1.00000000
0.919191919192, 0.838383838384, 0.82734153, 1.00000000, 1.00000000, 1.00000000
0.919191919192, 0.848484848485, 0.82215295, 1.00000000, 1.00000000, 1.00000000
0.919191919192, 0.858585858586, 0.81767944, 1.00000000, 1.00000000, 1.00000000
0.919191919192, 0.868686868687, 0.81393879, 1.00000000, 1.00000000, 1.00000000
0.919191919192, 0.878787878788, 0.81094590, 1.00000000, 1.00000000, 1.00000000
0.919191919192, 0.888888888889, 0.80871271, 1.00000000, 1.00000000, 1.00000000
0.919191919192, 0.898989898990, 0.80724818, 1.00000000, 1.00000000, 1.00000000
0.919191919192, 0.909090909091, 0.80655823, 1.00000000, 1.00000000, 1.00000000
0.919191919192, 0.919191919192, 0.80664561, 1.00000000, 1.00000000, 1.00000000
0.919191919192, 0.929292929293, 0.80750974, 1.00000000, 1.00000000, 1.00000000
0.919191919192, 0.939393939394, 0.80914652, 1.00000000, 1.00000000, 1.00000000
0.919191919192, 0.949494949495, 0.81154759, 1.00000000, 1.00000000, 1.00000000
0.919191919192, 0.959595959596, 0.81469853, 1.00000000, 1.00000000, 1.00000000
0.929292929293, -0.000000000000, 0.84756390, 1.00000000, 1.00000000, 1.00000000
0.929292929293, 0.010101010101, 0.85470646, 1.00000000, 1.00000000, 1.00000000
0.929292929293, 0.020202020202, 0.86212855, 1.00000000, 1.00000000, 1.00000000
0.929292929293, 0.030303030303, 0.86984402, 1.00000000, 1.00000000, 1.00000000
0.929292929293, 0.040404040404, 0.87793055, 1.00000000, 1.00000000, 1.00000000
0.929292929293, 0.050505050505, 0.88649968, 1.00000000, 1.00000000, 1.00000000
0.929292929293, 0.060606060606, 0.89564991, 1.00000000, 1.00000000, 1.00000000
0.929292929293, 0.070707070707, 0.90542708, 1.00000000, 1.00000000, 1.00000000
0.929292929293, 0.080808080808, 0.91581074, 1.00000000, 1.00000000, 1.00000000
0.929292929293, 0.090909090909, 0.92672785, 1.00000000, 1.00000000, 1.00000000
0.929292929293, 0.101010101010, 0.93808006, 1.00000000, 1.00000000, 1.00000000
0.929292929293, 0.111111111111, 0.94976830, 1.00000000, 1.00000000, 1.00000000
0.929292929293, 0.121212121212, 0.96170596, 1.00000000, 1.00000000, 1.00000000
0.929292929293, 0.131313131313, 0.97382104, 1.00000000, 1.00000000, 1.00000000
0.929292929293, 0.141414141414, 0.98605260, 1.00000000, 1.00000000, 1.00000000
0.929292929293, 0.151515151515, 0.99834609, 1.00000000, 1.00000000, 1.00000000
0.929292929293, 0.161616161616, 1.01064999, 1.00000000, 1.00000000, 1.00000000
0.929292929293, 0.171717171717, 1.02291403, 1.00000000, 1.00000000, 1.00000000
0.929292929293, 0.181818181818, 1.03508854, 1.00000000, 1.00000000, 1.00000000
0.929292929293, 0.191919191919, 1.04712430, 1.00000000, 1.00000000, 1.00000000
0.929292929293, 0.202020202020, 1.05897268, 1.00000000, 1.00000000, 1.00000000
0.929292929293, 0.212121212121, 1.07058576, 1.00000000, 1.00000000, 1.00000000
0.929292929293, 0.222222222222, 1.08191659, 1.00000000, 1.00000000, 1.00000000
0.929292929293, 0.232323232323, 1.09291932, 1.00000000, 1.00000000, 1.00000000
0.929292929293, 0.242424242424, 1.10354941, 1.00000000, 1.00000000, 1.00000000
0.929292929293, 0.252525252525, 1.11376384, 1.00000000, 1.00000000, 1.00000000
0.929292929293, 0.262626262626, 1.12352124, 1.00000000, 1.00000000, 1.00000000
0.929292929293, 0.272727272727, 1.13278207, 1.00000000, 1.00000000, 1.00000000
0.929292929293, 0.282828282828, 1.14150884, 1.00000000, 1.00000000, 1.00000000
0.929292929293, 0.292929292929, 1.14966616, 1.00000000, 1.00000000, 1.00000000
0.929292929293, 0.303030303030, 1.15722097, 1.00000000, 1.00000000, 1.00000000
0.929292929293, 0.313131313131, 1.16414266, 1.00000000, 1.00000000, 1.00000000
0.929292929293, 0.323232323232, 1.17040316, 1.00000000, 1.00000000, 1.00000000
0.929292929293, 0.333333333333, 1.17597708, 1.00000000, 1.00000000, 1.00000000
0.929292929293, 0.343434343434, 1.18084182, 1.00000000, 1.00000000, 1.00000000
0.929292929293, 0.353535353535, 1.18497764, 1.00000000, 1.00000000, 1.00000000
0.929292929293, 0.363636363636, 1.18836775, 1.00000000, 1.00000000, 1.00000000
0.929292929293, 0.373737373737, 1.19099838, 1.00000000, 1.00000000, 1.00000000
0.929292929293, 0.383838383838, 1.19285882, 1.00000000, 1.00000000, 1.00000000
0.929292929293, 0.393939393939, 1.19394150, 1.00000000, 1.00000000, 1.00000000
0.929292929293, 0.404040404040, 1.19424196, 1.00000000, 1.00000000, 1.00000000
0.929292929293, 0.414141414141, 1.19375903, 1.00000000, 1.00000000, 1.00000000
0.929292929293, 0.424242424242, 1.19249475, 1.00000000, 1.00000000, 1.00000000
0.929292929293, 0.434343434343, 1.19045430, 1.00000000, 1.00000000, 1.00000000
0.929292929293, 0.444444444444, 1.18764602, 1.00000000, 1.00000000, 1.00000000
0.929292929293, 0.454545454545, 1.18408133, 1.00000000, 1.00000000, 1.00000000
0.929292929293, 0.464646464646, 1.17977471, 1.00000000, 1.00000000, 1.00000000
0.929292929293, 0.474747474747, 1.17474367, 1.00000000, 1.00000000, 1.00000000
0.929292929293, 0.484848484848, 1.16900863, 1.00000000, 1.00000000, 1.00000000
0.929292929293, 0.494949494949, 1.16259286, 1.00000000, 1.00000000, 1.00000000
0.929292929293, 0.505050505051, 1.15552238, 1.00000000, 1.00000000, 1.00000000
0.929292929293, 0.515151515152, 1.14782588, 1.00000000, 1.00000000, 1.00000000
0.929292929293, 0.525252525253, 1.13953457, 1.00000000, 1.00000000, 1.00000000
0.929292929293, 0.535353535354, 1.13068206, 1.00000000, 1.00000000, 1.00000000
0.929292929293, 0.545454545455, 1.12130423, 1.00000000, 1.00000000, 1.00000000
0.929292929293, 0.555555555556, 1.11143907, 1.00000000, 1.00000000, 1.00000000
0.929292929293, 0.565656565657, 1.10112655, 1.00000000, 1.00000000, 1.00000000
0.929292929293, 0.575757575758, 1.09040843, 1.00000000, 1.00000000, 1.00000000
0.929292929293, 0.585858585859, 1.07932808, 1.00000000, 1.00000000, 1.00000000
0.929292929293, 0.595959595960, 1.06793035, 1.00000000, 1.00000000, 1.00000000
0.929292929293, 0.606060606061, 1.05626132, 1.00000000, 1.00000000, 1.00000000
0.929292929293, 0.616161616162, 1.04436817, 1.00000000, 1.00000000, 1.00000000
0.929292929293, 0.626262626263, 1.03229896, 1.00000000, 1.00000000, 1.00000000
0.929292929293, 0.636363636364, 1.02010242, 1.00000000, 1.00000000, 1.00000000
0.929292929293, 0.646464646465, 1.00782778, 1.00000000, 1.00000000, 1.00000000
0.929292929293, 0.656565656566, 0.99552455, 1.00000000, 1.00000000, 1.00000000
0.929292929293, 0.666666666667, 0.98324232, 1.00000000, 1.00000000, 1.00000000
0.929292929293, 0.676767676768, 0.97103057, 1.00000000, 1.00000000, 1.00000000
0.929292929293, 0.686868686869, 0.95893843, 1.00000000, 1.00000000, 1.00000000
0.929292929293, 0.696969696970, 0.94701456, 1.00000000, 1.00000000, 1.00000000
0.929292929293, 0.707070707071, 0.93530685, 1.00000000, 1.00000000, 1.00000000
0.929292929293, 0.717171717172, 0.92386233, 1.00000000, 1.00000000, 1.00000000
0.929292929293, 0.727272727273, 0.91272689, 1.00000000, 1.00000000, 1.00000000
0.929292929293, 0.737373737374, 0.90194517, 1.00000000, 1.00000000, 1.00000000
0.929292929293, 0.747474747475, 0.89156033, 1.00000000, 1.00000000, 1.00000000
0.929292929293, 0.757575757576, 0.88161392, 1.00000000, 1.00000000, 1.00000000
0.929292929293, 0.767676767677, 0.87214570, 1.00000000, 1.00000000, 1.00000000
0.929292929293, 0.777777777778, 0.86319346, 1.00000000, 1.00000000, 1.00000000
0.929292929293, 0.787878787879, 0.85479292, 1.00000000, 1.00000000, 1.00000000
0.929292929293, 0.797979797980, 0.84697757, 1.00000000, 1.00000000, 1.00000000
0.929292929293, 0.808080808081, 0.83977853, 1.00000000, 1.00000000, 1.00000000
0.929292929293, 0.818181818182, 0.83322445, 1.00000000, 1.00000000, 1.00000000
0.929292929293, 0.828282828283, 0.82734141, 1.00000000, 1.00000000, 1.00000000
0.929292929293, 0.838383838384, 0.82215281, 1.00000000, 1.00000000, 1.00000000
0.929292929293, 0.848484848485, 0.81767927, 1.00000000, 1.00000000, 1.00000000
0.929292929293, 0.858585858586, 0.81393859, 1.00000000, 1.00000000, 1.00000000
0.929292929293, 0.868686868687, 0.81094568, 1.00000000, 1.00000000, 1.00000000
0.929292929293, 0.878787878788, 0.80871247, 1.00000000, 1.00000000, 1.00000000
0.929292929293, 0.888888888889, 0.80724793, 1.00000000, 1.00000000, 1.00000000
0.929292929293, 0.898989898990, 0.80655797, 1.00000000, 1.00000000, 1.00000000
0.929292929293, 0.909090909091, 0.80664539, 1.00000000, 1.00000000, 1.00000000
0.929292929293, 0.919191919192, 0.80750974, 1.00000000, 1.00000000, 1.00000000
0.929292929293, 0.929292929293, 0.80914733, 1.00000000, 1.00000000, 1.00000000
0.929292929293, 0.939393939394, 0.81155102, 1.00000000, 1.00000000, 1.00000000
0.929292929293, 0.949494949495, 0.81470935, 1.00000000, 1.00000000, 1.00000000
0.929292929293, 0.959595959596, 0.81860469, 1.00000000, 1.00000000, 1.00000000
0.939393939394, -0.000000000000, 0.85546934, 1.00000000, 1.00000000, 1.00000000
0.939393939394, 0.010101010101, 0.86315700, 1.00000000, 1.00000000, 1.00000000
0.939393939394, 0.020202020202, 0.87107945, 1.00000000, 1.00000000, 1.00000000
0.939393939394, 0.030303030303, 0.87925270, 1.00000000, 1.00000000, 1.00000000
0.939393939394, 0.040404040404, 0.88776006, 1.00000000, 1.00000000, 1.00000000
0.939393939394, 0.050505050505, 0.89671989, 1.00000000, 1.00000000, 1.00000000
0.939393939394, 0.060606060606, 0.90623570, 1.00000000, 1.00000000, 1.00000000
0.939393939394, 0.070707070707, 0.91635442, 1.00000000, 1.00000000, 1.00000000
0.939393939394, 0.080808080808, 0.92705275, 1.00000000, 1.00000000, 1.00000000
0.939393939394, 0.090909090909, 0.93825234, 1.00000000, 1.00000000, 1.00000000
0.939393939394, 0.101010101010, 0.94984912, 1.00000000, 1.00000000, 1.00000000
0.939393939394, 0.111111111111, 0.96173926, 1.00000000, 1.00000000, 1.00000000
0.939393939394, 0.121212121212, 0.97383286, 1.00000000, 1.00000000, 1.00000000
0.939393939394, 0.131313131313, 0.98605596, 1.00000000, 1.00000000, 1.00000000
0.939393939394, 0.141414141414, 0.99834657, 1.00000000, 1.00000000, 1.00000000
0.939393939394, 0.151515151515, 1.01064964, 1.00000000, 1.00000000, 1.00000000
0.939393939394, 0.161616161616, 1.02291351, 1.00000000, 1.00000000, 1.00000000
0.939393939394, 0.171717171717, 1.03508801, 1.00000000, 1.00000000, 1.00000000
0.939393939394, 0.181818181818, 1.04712382, 1.00000000, 1.00000000, 1.00000000
0.939393939394, 0.191919191919, 1.05897224, 1.00000000, 1.00000000, 1.00000000
0.939393939394, 0.202020202020, 1.07058538, 1.00000000, 1.00000000, 1.00000000
0.939393939394, 0.212121212121, 1.08191626, 1.00000000, 1.00000000, 1.00000000
0.939393939394, 0.222222222222, 1.09291903, 1.00000000, 1.00000000, 1.00000000
0.939393939394, 0.232323232323, 1.10354918, 1.00000000, 1.00000000, 1.00000000
0.939393939394, 0.242424242424, 1.11376365, 1.00000000, 1.00000000, 1.00000000
0.939393939394, 0.252525252525, 1.12352110, 1.00000000, 1.00000000, 1.00000000
0.939393939394, 0.262626262626, 1.13278198, 1.00000000, 1.00000000, 1.00000000
0.939393939394, 0.272727272727, 1.14150879, 1.00000000, 1.00000000, 1.00000000
0.939393939394, 0.282828282828, 1.14966615, 1.00000000, 1.00000000, 1.00000000
0.939393939394, 0.292929292929, 1.15722101, 1.00000000, 1.00000000, 1.00000000
0.939393939394, 0.303030303030, 1.16414275, 1.00000000, 1.00000000, 1.00000000
0.939393939394, 0.313131313131, 1.17040329, 1.00000000, 1.00000000, 1.00000000
0.939393939394, 0.323232323232, 1.17597725, 1.00000000, 1.00000000, 1.00000000
0.939393939394, 0.333333333333, 1.18084203, 1.00000000, 1.00000000, 1.00000000
0.939393939394, 0.343434343434, 1.18497789, 1.00000000, 1.00000000, 1.00000000
0.939393939394, 0.353535353535, 1.18836804, 1.00000000, 1.00000000, 1.00000000
0.939393939394, 0.363636363636, 1.19099871, 1.00000000, 1.00000000, 1.00000000
0.939393939394, 0.373737373737, 1.19285919, 1.00000000, 1.00000000, 1.00000000
0.939393939394, 0.383838383838, 1.19394191, 1.00000000, 1.00000000, 1.00000000
0.939393939394, 0.393939393939, 1.19424240, 1.00000000, 1.00000000, 1.00000000
0.939393939394, 0.404040404040, 1.19375951, 1.00000000, 1.00000000, 1.00000000
0.939393939394, 0.414141414141, 1.19249527, 1.00000000, 1.00000000, 1.00000000
0.939393939394, 0.424242424242, 1.19045486, 1.00000000, 1.00000000, 1.00000000
0.939393939394, 0.434343434343, 1.18764661, 1.00000000, 1.00000000, 1.00000000
0.939393939394, 0.444444444444, 1.18408195, 1.00000000, 1.00000000, 1.00000000
0.939393939394, 0.454545454545, 1.17977538, 1.00000000, 1.00000000, 1.00000000
0.939393939394, 0.464646464646, 1.17474437, 1.00000000, 1.00000000, 1.00000000
0.939393939394, 0.474747474747, 1.16900936, 1.00000000, 1.00000000, 1.00000000
0.939393939394, 0.484848484848, 1.16259361, 1.00000000, 1.00000000, 1.00000000
0.939393939394, 0.494949494949, 1.15552317, 1.00000000, 1.00000000, 1.00000000
0.939393939394, 0.505050505051, 1.14782670, 1.00000000, 1.00000000, 1.00000000
0.939393939394, 0.515151515152, 1.13953541, 1.00000000, 1.00000000, 1.00000000
0.939393939394, 0.525252525253, 1.13068293, 1.00000000, 1.00000000, 1.00000000
0.939393939394, 0.535353535354, 1.12130512, 1.00000000, 1.00000000, 1.00000000
0.939393939394, 0.545454545455, 1.11143998, 1.00000000, 1.00000000, 1.00000000
0.939393939394, 0.555555555556, 1.10112748, 1.00000000, 1.00000000, 1.00000000
0.939393939394, 0.565656565657, 1.09040937, 1.00000000, 1.00000000, 1.00000000
0.939393939394, 0.575757575758, 1.07932903, 1.00000000, 1.00000000, 1.00000000
0.939393939394, 0.585858585859, 1.06793130, 1.00000000, 1.00000000, 1.00000000
0.939393939394, 0.595959595960, 1.05626228, 1.00000000, 1.00000000, 1.00000000
0.939393939394, 0.606060606061, 1.04436913, 1.00000000, 1.00000000, 1.00000000
0.939393939394, 0.616161616162, 1.03229991, 1.00000000, 1.00000000, 1.00000000
0.939393939394, 0.626262626263, 1.02010336, 1.00000000, 1.00000000, 1.00000000
0.939393939394, 0.636363636364, 1.00782870, 1.00000000, 1.00000000, 1.00000000
0.939393939394, 0.646464646465, 0.99552545, 1.00000000, 1.00000000, 1.00000000
0.939393939394, 0.656565656566, 0.98324319, 1.00000000, 1.00000000, 1.00000000
0.939393939394, 0.666666666667, 0.97103140, 1.00000000, 1.00000000, 1.00000000
0.939393939394, 0.676767676768, 0.95893923, 1.00000000, 1.00000000, 1.00000000
0.939393939394, 0.686868686869, 0.94701530, 1.00000000, 1.00000000, 1.00000000
0.939393939394, 0.696969696970, 0.93530755, 1.00000000, 1.00000000, 1.00000000
0.939393939394, 0.707070707071, 0.92386296, 1.00000000, 1.00000000, 1.00000000
0.939393939394, 0.717171717172, 0.91272745, 1.00000000, 1.00000000, 1.00000000
0.939393939394, 0.727272727273, 0.90194566, 1.00000000, 1.00000000, 1.00000000
0.939393939394, 0.737373737374, 0.89156074, 1.00000000, 1.00000000, 1.00000000
0.939393939394, 0.747474747475, 0.88161425, 1.00000000, 1.00000000, 1.00000000
0.939393939394, 0.757575757576, 0.87214594, 1.00000000, 1.00000000, 1.00000000
0.939393939394, 0.767676767677, 0.86319361, 1.00000000, 1.00000000, 1.00000000
0.939393939394, 0.777777777778, 0.85479298, 1.00000000, 1.00000000, 1.00000000
0.939393939394, 0.787878787879, 0.84697753, 1.00000000, 1.00000000, 1.00000000
0.939393939394, 0.797979797980, 0.83977838, 1.00000000, 1.00000000, 1.00000000
0.939393939394, 0.808080808081, 0.83322421, 1.00000000, 1.00000000, 1.00000000
0.939393939394, 0.818181818182, 0.82734107, 1.00000000, 1.00000000, 1.00000000
0.939393939394, 0.828282828283, 0.82215237, 1.00000000, 1.00000000, 1.00000000
0.939393939394, 0.838383838384, 0.81767873, 1.00000000, 1.00000000, 1.00000000
0.939393939394, 0.848484848485, 0.81393797, 1.00000000, 1.00000000, 1.00000000
0.939393939394, 0.858585858586, 0.81094496, 1.00000000, 1.00000000, 1.00000000
0.939393939394, 0.868686868687, 0.80871167, 1.00000000, 1.00000000, 1.00000000
0.939393939394, 0.878787878788, 0.80724705, 1.00000000, 1.00000000, 1.00000000
0.939393939394, 0.888888888889, 0.80655702, 1.00000000, 1.00000000, 1.00000000
0.939393939394, 0.898989898990, 0.80664439, 1.00000000, 1.00000000, 1.00000000
0.939393939394, 0.909090909091, 0.80750873, 1.00000000, 1.00000000, 1.00000000
0.939393939394, 0.919191919192, 0.80914652, 1.00000000, 1.00000000, 1.00000000
0.939393939394, 0.929292929293, 0.81155102, 1.00000000, 1.00000000, 1.00000000
0.939393939394, 0.939393939394, 0.81471206, 1.00000000, 1.00000000, 1.00000000
0.939393939394, 0.949494949495, 0.81861510, 1.00000000, 1.00000000, 1.00000000
0.939393939394, 0.959595959596, 0.82323939, 1.00000000, 1.00000000, 1.00000000
0.949494949495, -0.000000000000, 0.86395511, 1.00000000, 1.00000000, 1.00000000
0.949494949495, 0.010101010101, 0.87215724, 1.00000000, 1.00000000, 1.00000000
0.949494949495, 0.020202020202, 0.88054831, 1.00000000, 1.00000000, 1.00000000
0.949494949495, 0.030303030303, 0.88914646, 1.00000000, 1.00000000, 1.00000000
0.949494949495, 0.040404040404, 0.89804039, 1.00000000, 1.00000000, 1.00000000
0.949494949495, 0.050505050505, 0.90735492, 1.00000000, 1.00000000, 1.00000000
0.949494949495, 0.060606060606, 0.91719818, 1.00000000, 1.00000000, 1.00000000
0.949494949495, 0.070707070707, 0.92761802, 1.00000000, 1.00000000, 1.00000000
0.949494949495, 0.080808080808, 0.93858832, 1.00000000, 1.00000000, 1.00000000
0.949494949495, 0.090909090909, 0.95002567, 1.00000000, 1.00000000, 1.00000000
0.949494949495, 0.101010101010, 0.96182062, 1.00000000, 1.00000000, 1.00000000
0.949494949495, 0.111111111111, 0.97386501, 1.00000000, 1.00000000, 1.00000000
0.949494949495, 0.121212121212, 0.98606601, 1.00000000, 1.00000000, 1.00000000
0.949494949495, 0.131313131313, 0.99834804, 1.00000000, 1.00000000, 1.00000000
0.949494949495, 0.141414141414, 1.01064828, 1.00000000, 1.00000000, 1.00000000
0.949494949495, 0.151515151515, 1.02291142, 1.00000000, 1.00000000, 1.00000000
0.949494949495, 0.161616161616, 1.03508588, 1.00000000, 1.00000000, 1.00000000
0.949494949495, 0.171717171717, 1.04712181, 1.00000000, 1.00000000, 1.00000000
0.949494949495, 0.181818181818, 1.05897041, 1.00000000, 1.00000000, 1.00000000
0.949494949495, 0.191919191919, 1.07058373, 1.00000000, 1.00000000, 1.00000000
0.949494949495, 0.202020202020, 1.08191479, 1.00000000, 1.00000000, 1.00000000
0.949494949495, 0.212121212121, 1.09291775, 1.00000000, 1.00000000, 1.00000000
0.949494949495, 0.222222222222, 1.10354808, 1.00000000, 1.00000000, 1.00000000
0.949494949495, 0.232323232323, 1.11376274, 1.00000000, 1.00000000, 1.00000000
0.949494949495, 0.242424242424, 1.12352036, 1.00000000, 1.00000000, 1.00000000
0.949494949495, 0.252525252525, 1.13278142, 1.00000000, 1.00000000, 1.00000000
0.949494949495, 0.262626262626, 1.14150841, 1.00000000, 1.00000000, 1.00000000
0.949494949495, 0.272727272727, 1.14966595, 1.00000000, 1.00000000, 1.00000000
0.949494949495, 0.282828282828, 1.15722098, 1.00000000, 1.00000000, 1.00000000
0.949494949495, 0.292929292929, 1.16414288, 1.00000000, 1.00000000, 1.00000000
0.949494949495, 0.303030303030, 1.17040359, 1.00000000, 1.00000000, 1.00000000
0.949494949495, 0.313131313131, 1.17597772, 1.00000000, 1.00000000, 1.00000000
0.949494949495, 0.323232323232, 1.18084266, 1.00000000, 1.00000000, 1.00000000
0.949494949495, 0.333333333333, 1.18497868, 1.00000000, 1.00000000, 1.00000000
0.949494949495, 0.343434343434, 1.18836899, 1.00000000, 1.00000000, 1.00000000
0.949494949495, 0.353535353535, 1.19099981, 1.00000000, 1.00000000, 1.00000000
0.949494949495, 0.363636363636, 1.19286045, 1.00000000, 1.00000000, 1.00000000
0.949494949495, 0.373737373737, 1.19394332, 1.00000000, 1.00000000, 1.00000000
0.949494949495, 0.383838383838, 1.19424396, 1.00000000, 1.00000000, 1.00000000
0.949494949495, 0.393939393939, 1.19376122, 1.00000000, 1.00000000, 1.00000000
0.949494949495, 0.404040404040, 1.19249712, 1.00000000, 1.00000000, 1.00000000
0.949494949495, 0.414141414141, 1.19045685, 1.00000000, 1.00000000, 1.00000000
0.949494949495, 0.424242424242, 1.18764874, 1.00000000, 1.00000000, 1.00000000
0.949494949495, 0.434343434343, 1.18408422, 1.00000000, 1.00000000, 1.00000000
0.949494949495, 0.444444444444, 1.17977777, 1.00000000, 1.00000000, 1.00000000
0.949494949495, 0.454545454545, 1.17474689, 1.00000000, 1.00000000, 1.00000000
0.949494949495, 0.464646464646, 1.16901200, 1.00000000, 1.00000000, 1.00000000
0.949494949495, 0.474747474747, 1.16259637, 1.00000000, 1.00000000, 1.00000000
0.949494949495, 0.484848484848, 1.15552604, 1.00000000, 1.00000000, 1.00000000
0.949494949495, 0.494949494949, 1.14782967, 1.00000000, 1.00000000, 1.00000000
0.949494949495, 0.505050505051, 1.13953848, 1.00000000, 1.00000000, 1.00000000
0.949494949495, 0.515151515152, 1.13068608, 1.00000000, 1.00000000, 1.00000000
0.949494949495, 0.525252525253, 1.12130835, 1.00000000, 1.00000000, 1.00000000
0.949494949495, 0.535353535354, 1.11144329, 1.00000000, 1.00000000, 1.00000000
0.949494949495, 0.545454545455, 1.10113085, 1.00000000, 1.00000000, 1.00000000
0.949494949495, 0.555555555556, 1.09041278, 1.00000000, 1.00000000, 1.00000000
0.949494949495, 0.565656565657, 1.07933248, 1.00000000, 1.00000000, 1.00000000
0.949494949495, 0.575757575758, 1.06793478, 1.00000000, 1.00000000, 1.00000000
0.949494949495, 0.585858585859, 1.05626576, 1.00000000, 1.00000000, 1.00000000
0.949494949495, 0.595959595960, 1.04437261, 1.00000000, 1.00000000, 1.00000000
0.949494949495, 0.606060606061, 1.03230337, 1.00000000, 1.00000000, 1.00000000
0.949494949495, 0.616161616162, 1.02010678, 1.00000000, 1.00000000, 1.00000000
0.949494949495, 0.626262626263, 1.00783207, 1.00000000, 1.00000000, 1.00000000
0.949494949495, 0.636363636364, 0.99552874, 1.00000000, 1.00000000, 1.00000000
0.949494949495, 0.646464646465, 0.98324639, 1.00000000, 1.00000000, 1.00000000
0.949494949495, 0.656565656566, 0.97103448, 1.00000000, 1.00000000, 1.00000000
0.949494949495, 0.666666666667, 0.95894217, 1.00000000, 1.00000000, 1.00000000
0.949494949495, 0.676767676768, 0.94701809, 1.00000000, 1.00000000, 1.00000000
0.949494949495, 0.686868686869, 0.93531016, 1.00000000, 1.00000000, 1.00000000
0.949494949495, 0.696969696970, 0.92386538, 1.00000000, 1.00000000, 1.00000000
0.949494949495, 0.707070707071, 0.91272965, 1.00000000, 1.00000000, 1.00000000
0.949494949495, 0.717171717172, 0.90194762, 1.00000000, 1.00000000, 1.00000000
0.949494949495, 0.727272727273, 0.89156246, 1.00000000, 1.00000000, 1.00000000
0.949494949495, 0.737373737374, 0.88161570, 1.00000000, 1.00000000, 1.00000000
0.949494949495, 0.747474747475, 0.87214710, 1.00000000, 1.00000000, 1.00000000
0.949494949495, 0.757575757576, 0.86319447, 1.00000000, 1.00000000, 1.00000000
0.949494949495, 0.767676767677, 0.85479352, 1.00000000, 1.00000000, 1.00000000
0.949494949495, 0.777777777778, 0.84697775, 1.00000000, 1.00000000, 1.00000000
0.949494949495, 0.787878787879, 0.83977828, 1.00000000, 1.00000000, 1.00000000
0.949494949495, 0.797979797980, 0.83322378, 1.00000000, 1.00000000, 1.00000000
0.949494949495, 0.808080808081, 0.82734031, 1.00000000, 1.00000000, 1.00000000
0.949494949495, 0.818181818182, 0.82215127, 1.00000000, 1.00000000, 1.00000000
0.949494949495, 0.828282828283, 0.81767731, 1.00000000, 1.00000000, 1.00000000
0.949494949495, 0.838383838384, 0.81393623, 1.00000000, 1.00000000, 1.00000000
0.949494949495, 0.848484848485, 0.81094291, 1.00000000, 1.00000000, 1.00000000
0.949494949495, 0.858585858586, 0.80870932, 1.00000000, 1.00000000, 1.00000000
0.949494949495, 0.868686868687, 0.80724441, 1.00000000, 1.00000000, 1.00000000
0.949494949495, 0.878787878788, 0.80655412, 1.00000000, 1.00000000, 1.00000000
0.949494949495, 0.888888888889, 0.80664125, 1.00000000, 1.00000000, 1.00000000
0.949494949495, 0.898989898990, 0.80750538, 1.00000000, 1.00000000, 1.00000000
0.949494949495, 0.909090909091, 0.80914302, 1.00000000, 1.00000000, 1.00000000
0.949494949495, 0.919191919192, 0.81154759, 1.00000000, 1.00000000, 1.00000000
0.949494949495, 0.929292929293, 0.81470935, 1.00000000, 1.00000000, 1.00000000
0.949494949495, 0.939393939394, 0.81861510, 1.00000000, 1.00000000, 1.00000000
0.949494949495, 0.949494949495, 0.82324733, 1.00000000, 1.00000000, 1.00000000
0.949494949495, 0.959595959596, 0.82858220, 1.00000000, 1.00000000, 1.00000000
0.959595959596, -0.000000000000, 0.87298154, 1.00000000, 1.00000000, 1.00000000
0.959595959596, 0.010101010101, 0.88166543, 1.00000000, 1.00000000, 1.00000000
0.959595959596, 0.020202020202, 0.89049152, 1.00000000, 1.00000000, 1.00000000
0.959595959596, 0.030303030303, 0.89948004, 1.00000000, 1.00000000, 1.00000000
0.959595959596, 0.040404040404, 0.90872480, 1.00000000, 1.00000000, 1.00000000
0.959595959596, 0.050505050505, 0.91835667, 1.00000000, 1.00000000, 1.00000000
0.959595959596, 0.060606060606, 0.92848805, 1.00000000, 1.00000000, 1.00000000
0.959595959596, 0.070707070707, 0.93916750, 1.00000000, 1.00000000, 1.00000000
0.959595959596, 0.080808080808, 0.95036609, 1.00000000, 1.00000000, 1.00000000
0.959595959596, 0.090909090909, 0.96199563, 1.00000000, 1.00000000, 1.00000000
0.959595959596, 0.101010101010, 0.97394170, 1.00000000, 1.00000000, 1.00000000
0.959595959596, 0.111111111111, 0.98609222, 1.00000000, 1.00000000, 1.00000000
0.959595959596, 0.121212121212, 0.99835184, 1.00000000, 1.00000000, 1.00000000
0.959595959596, 0.131313131313, 1.01064363, 1.00000000, 1.00000000, 1.00000000
0.959595959596, 0.141414141414, 1.02290425, 1.00000000, 1.00000000, 1.00000000
0.959595959596, 0.151515151515, 1.03507834, 1.00000000, 1.00000000, 1.00000000
0.959595959596, 0.161616161616, 1.04711461, 1.00000000, 1.00000000, 1.00000000
0.959595959596, 0.171717171717, 1.05896373, 1.00000000, 1.00000000, 1.00000000
0.959595959596, 0.181818181818, 1.07057762, 1.00000000, 1.00000000, 1.00000000
0.959595959596, 0.191919191919, 1.08190927, 1.00000000, 1.00000000, 1.00000000
0.959595959596, 0.202020202020, 1.09291283, 1.00000000, 1.00000000, 1.00000000
0.959595959596, 0.212121212121, 1.10354375, 1.00000000, 1.00000000, 1.00000000
0.959595959596, 0.222222222222, 1.11375900, 1.00000000, 1.00000000, 1.00000000
0.959595959596, 0.232323232323, 1.12351722, 1.00000000, 1.00000000, 1.00000000
0.959595959596, 0.242424242424, 1.13277888, 1.00000000, 1.00000000, 1.00000000
0.959595959596, 0.252525252525, 1.14150646, 1.00000000, 1.00000000, 1.00000000
0.959595959596, 0.262626262626, 1.14966459, 1.00000000, 1.00000000, 1.00000000
0.959595959596, 0.272727272727, 1.15722021, 1.00000000, 1.00000000, 1.00000000
0.959595959596, 0.282828282828, 1.16414270, 1.00000000, 1.00000000, 1.00000000
0.959595959596, 0.292929292929, 1.17040399, 1.00000000, 1.00000000, 1.00000000
0.959595959596, 0.303030303030, 1.17597869, 1.00000000, 1.00000000, 1.00000000
0.959595959596, 0.313131313131, 1.18084420, 1.00000000, 1.00000000, 1.00000000
0.959595959596, 0.323232323232, 1.18498077, 1.00000000, 1.00000000, 1.00000000
0.959595959596, 0.333333333333, 1.18837163, 1.00000000, 1.00000000, 1.00000000
0.959595959596, 0.343434343434, 1.19100300, 1.00000000, 1.00000000, 1.00000000
0.959595959596, 0.353535353535, 1.19286418, 1.00000000, 1.00000000, 1.00000000
0.959595959596, 0.363636363636, 1.19394758, 1.00000000, 1.00000000, 1.00000000
0.959595959596, 0.373737373737, 1.19424874, 1.00000000, 1.00000000, 1.00000000
0.959595959596, 0.383838383838, 1.19376650, 1.00000000, 1.00000000, 1.00000000
0.959595959596, 0.393939393939, 1.19250290, 1.00000000, 1.00000000, 1.00000000
0.959595959596, 0.404040404040, 1.19046312, 1.00000000, 1.00000000, 1.00000000
0.959595959596, 0.414141414141, 1.18765548, 1.00000000, 1.00000000, 1.00000000
0.959595959596, 0.424242424242, 1.18409141, 1.00000000, 1.00000000, 1.00000000
0.959595959596, 0.434343434343, 1.17978541, 1.00000000, 1.00000000, 1.00000000
0.959595959596, 0.444444444444, 1.17475495, 1.00000000, 1.00000000, 1.00000000
0.959595959596, 0.454545454545, 1.16902047, 1.00000000, 1.00000000, 1.00000000
0.959595959596, 0.464646464646, 1.16260523, 1.00000000, 1.00000000, 1.00000000
0.959595959596, 0.474747474747, 1.15553526, 1.00000000, 1.00000000, 1.00000000
0.959595959596, 0.484848484848, 1.14783923, 1.00000000, 1.00000000, 1.00000000
0.959595959596, 0.494949494949, 1.13954836, 1.00000000, 1.00000000, 1.00000000
0.959595959596, 0.505050505051, 1.13069625, 1.00000000, 1.00000000, 1.00000000
0.959595959596, 0.515151515152, 1.12131878, 1.00000000, 1.00000000, 1.00000000
0.959595959596, 0.525252525253, 1.11145395, 1.00000000, 1.00000000, 1.00000000
0.959595959596, 0.535353535354, 1.10114170, 1.00000000, 1.00000000, 1.00000000
0.959595959596, 0.545454545455, 1.09042380, 1.00000000, 1.00000000, 1.00000000
0.959595959596, 0.555555555556, 1.07934362, 1.00000000, 1.00000000, 1.00000000
0.959595959596, 0.565656565657, 1.06794599, 1.00000000, 1.00000000, 1.00000000
0.959595959596, 0.575757575758, 1.05627701, 1.00000000, 1.00000000, 1.00000000
0.959595959596, 0.585858585859, 1.04438384, 1.00000000, 1.00000000, 1.00000000
0.959595959596, 0.595959595960, 1.03231453, 1.00000000, 1.00000000, 1.00000000
0.959595959596, 0.606060606061, 1.02011783, 1.00000000, 1.00000000, 1.00000000
0.959595959596, 0.616161616162, 1.00784295, 1.00000000, 1.00000000, 1.00000000
0.959595959596, 0.626262626263, 0.99553940, 1.00000000, 1.00000000, 1.00000000
0.959595959596, 0.636363636364, 0.98325677, 1.00000000, 1.00000000, 1.00000000
0.959595959596, 0.646464646465, 0.97104453, 1.00000000, 1.00000000, 1.00000000
0.959595959596, 0.656565656566, 0.95895183, 1.00000000, 1.00000000, 1.00000000
0.959595959596, 0.666666666667, 0.94702729, 1.00000000, 1.00000000, 1.00000000
0.959595959596, 0.676767676768, 0.93531885, 1.00000000, 1.00000000, 1.00000000
0.959595959596, 0.686868686869, 0.92387349, 1.00000000, 1.00000000, 1.00000000
0.959595959596, 0.696969696970, 0.91273714, 1.00000000, 1.00000000, 1.00000000
0.959595959596, 0.707070707071, 0.90195443, 1.00000000, 1.00000000, 1.00000000
0.959595959596, 0.717171717172, 0.89156852, 1.00000000, 1.00000000, 1.00000000
0.959595959596, 0.727272727273, 0.88162098, 1.00000000, 1.00000000, 1.00000000
0.959595959596, 0.737373737374, 0.87215155, 1.00000000, 1.00000000, 1.00000000
0.959595959596, 0.747474747475, 0.86319804, 1.00000000, 1.00000000, 1.00000000
0.959595959596, 0.757575757576, 0.85479619, 1.00000000, 1.00000000, 1.00000000
0.959595959596, 0.767676767677, 0.84697949, 1.00000000, 1.00000000, 1.00000000
0.959595959596, 0.777777777778, 0.83977906, 1.00000000, 1.00000000, 1.00000000
0.959595959596, 0.787878787879, 0.83322358, 1.00000000, 1.00000000, 1.00000000
0.959595959596, 0.797979797980, 0.82733912, 1.00000000, 1.00000000, 1.00000000
0.959595959596, 0.808080808081, 0.82214910, 1.00000000, 1.00000000, 1.00000000
0.959595959596, 0.818181818182, 0.81767416, 1.00000000, 1.00000000, 1.00000000
0.959595959596, 0.828282828283, 0.81393210, 1.00000000, 1.00000000, 1.00000000
0.959595959596, 0.838383838384, 0.81093784, 1.00000000, 1.00000000, 1.00000000
0.959595959596, 0.848484848485, 0.80870333, 1.00000000, 1.00000000, 1.00000000
0.959595959596, 0.858585858586, 0.80723753, 1.00000000, 1.00000000, 1.00000000
0.959595959596, 0.868686868687, 0.80654639, 1.00000000, 1.00000000, 1.00000000
0.959595959596, 0.878787878788, 0.80663272, 1.00000000, 1.00000000, 1.00000000
0.959595959596, 0.888888888889, 0.80749611, 1.00000000, 1.00000000, 1.00000000
0.959595959596, 0.898989898990, 0.80913307, 1.00000000, 1.00000000, 1.00000000
0.959595959596, 0.909090909091, 0.81153707, 1.00000000, 1.00000000, 1.00000000
0.959595959596, 0.919191919192, 0.81469853, 1.00000000, 1.00000000, 1.00000000
0.959595959596, 0.929292929293, 0.81860469, 1.00000000, 1.00000000, 1.00000000
0.959595959596, 0.939393939394, 0.82323939, 1.00000000, 1.00000000, 1.00000000
0.959595959596, 0.949494949495, 0.82858220, 1.00000000, 1.00000000, 1.00000000
0.959595959596, 0.959595959596, 0.83460631, 1.00000000, 1.00000000, 1.00000000
