# Time: 0.0487
# x, y, density, x-velocity, y-velocity, pressure
-0.000000000000, -0.000000000000, 0.90811296, 1.00000000, 1.00000000, 1.00000000
-0.000000000000, 0.010101010101, 0.91833908, 1.00000000, 1.00000000, 1.00000000
-0.000000000000, 0.020202020202, 0.92859238, 1.00000000, 1.00000000, 1.00000000
-0.000000000000, 0.030303030303, 0.93884773, 1.00000000, 1.00000000, 1.00000000
-0.000000000000, 0.040404040404, 0.94914472, 1.00000000, 1.00000000, 1.00000000
-0.000000000000, 0.050505050505, 0.95957483, 1.00000000, 1.00000000, 1.00000000
-0.000000000000, 0.060606060606, 0.97024593, 1.00000000, 1.00000000, 1.00000000
-0.000000000000, 0.070707070707, 0.98123930, 1.00000000, 1.00000000, 1.00000000
-0.000000000000, 0.080808080808, 0.99257877, 1.00000000, 1.00000000, 1.00000000
-0.000000000000, 0.090909090909, 1.00422418, 1.00000000, 1.00000000, 1.00000000
-0.000000000000, 0.101010101010, 1.01608713, 1.00000000, 1.00000000, 1.00000000
-0.000000000000, 0.111111111111, 1.02805705, 1.00000000, 1.00000000, 1.00000000
-0.000000000000, 0.121212121212, 1.04002435, 1.00000000, 1.00000000, 1.00000000
-0.000000000000, 0.131313131313, 1.05189354, 1.00000000, 1.00000000, 1.00000000
-0.000000000000, 0.141414141414, 1.06358620, 1.00000000, 1.00000000, 1.00000000
-0.000000000000, 0.151515151515, 1.07503822, 1.00000000, 1.00000000, 1.00000000
-0.000000000000, 0.161616161616, 1.08619512, 1.00000000, 1.00000000, 1.00000000
-0.000000000000, 0.171717171717, 1.09700827, 1.00000000, 1.00000000, 1.00000000
-0.000000000000, 0.181818181818, 1.10743260, 1.00000000, 1.00000000, 1.00000000
-0.000000000000, 0.191919191919, 1.11742543, 1.00000000, 1.00000000, 1.00000000
-0.000000000000, 0.202020202020, 1.12694615, 1.00000000, 1.00000000, 1.00000000
-0.000000000000, 0.212121212121, 1.13595615, 1.00000000, 1.00000000, 1.00000000
-0.000000000000, 0.222222222222, 1.14441888, 1.00000000, 1.00000000, 1.00000000
-0.000000000000, 0.232323232323, 1.15230004, 1.00000000, 1.00000000, 1.00000000
-0.000000000000, 0.242424242424, 1.15956768, 1.00000000, 1.00000000, 1.00000000
-0.000000000000, 0.252525252525, 1.16619235, 1.00000000, 1.00000000, 1.00000000
-0.000000000000, 0.262626262626, 1.17214719, 1.00000000, 1.00000000, 1.00000000
-0.000000000000, 0.272727272727, 1.17740806, 1.00000000, 1.00000000, 1.00000000
-0.000000000000, 0.282828282828, 1.18195364, 1.00000000, 1.00000000, 1.00000000
-0.000000000000, 0.292929292929, 1.18576551, 1.00000000, 1.00000000, 1.00000000
-0.000000000000, 0.303030303030, 1.18882823, 1.00000000, 1.00000000, 1.00000000
-0.000000000000, 0.313131313131, 1.19112937, 1.00000000, 1.00000000, 1.00000000
-0.000000000000, 0.323232323232, 1.19265961, 1.00000000, 1.00000000, 1.00000000
-0.000000000000, 0.333333333333, 1.19341273, 1.00000000, 1.00000000, 1.00000000
-0.000000000000, 0.343434343434, 1.19338570, 1.00000000, 1.00000000, 1.00000000
-0.000000000000, 0.353535353535, 1.19257874, 1.00000000, 1.00000000, 1.00000000
-0.000000000000, 0.363636363636, 1.19099524, 1.00000000, 1.00000000, 1.00000000
-0.000000000000, 0.373737373737, 1.18864174, 1.00000000, 1.00000000, 1.00000000
-0.000000000000, 0.383838383838, 1.18552787, 1.00000000, 1.00000000, 1.00000000
-0.000000000000, 0.393939393939, 1.18166635, 1.00000000, 1.00000000, 1.00000000
-0.000000000000, 0.404040404040, 1.17707291, 1.00000000, 1.00000000, 1.00000000
-0.000000000000, 0.414141414141, 1.17176627, 1.00000000, 1.00000000, 1.00000000
-0.000000000000, 0.424242424242, 1.16576801, 1.00000000, 1.00000000, 1.00000000
-0.000000000000, 0.434343434343, 1.15910249, 1.00000000, 1.00000000, 1.00000000
-0.000000000000, 0.444444444444, 1.15179681, 1.00000000, 1.00000000, 1.00000000
-0.000000000000, 0.454545454545, 1.14388063, 1.00000000, 1.00000000, 1.00000000
-0.000000000000, 0.464646464646, 1.13538608, 1.00000000, 1.00000000, 1.00000000
-0.000000000000, 0.474747474747, 1.12634761, 1.00000000, 1.00000000, 1.00000000
-0.000000000000, 0.484848484848, 1.11680187, 1.00000000, 1.00000000, 1.00000000
-0.000000000000, 0.494949494949, 1.10678756, 1.00000000, 1.00000000, 1.00000000
-0.000000000000, 0.505050505051, 1.09634523, 1.00000000, 1.00000000, 1.00000000
-0.000000000000, 0.515151515152, 1.08551718, 1.00000000, 1.00000000, 1.00000000
-0.000000000000, 0.525252525253, 1.07434721, 1.00000000, 1.00000000, 1.00000000
-0.000000000000, 0.535353535354, 1.06288051, 1.00000000, 1.00000000, 1.00000000
-0.000000000000, 0.545454545455, 1.05116342, 1.00000000, 1.00000000, 1.00000000
-0.000000000000, 0.555555555556, 1.03924329, 1.00000000, 1.00000000, 1.00000000
-0.000000000000, 0.565656565657, 1.02716822, 1.00000000, 1.00000000, 1.00000000
-0.000000000000, 0.575757575758, 1.01498695, 1.00000000, 1.00000000, 1.00000000
-0.000000000000, 0.585858585859, 1.00274858, 1.00000000, 1.00000000, 1.00000000
-0.000000000000, 0.595959595960, 0.99050240, 1.00000000, 1.00000000, 1.00000000
-0.000000000000, 0.606060606061, 0.97829772, 1.00000000, 1.00000000, 1.00000000
-0.000000000000, 0.616161616162, 0.96618363, 1.00000000, 1.00000000, 1.00000000
-0.000000000000, 0.626262626263, 0.95420880, 1.00000000, 1.00000000, 1.00000000
-0.000000000000, 0.636363636364, 0.94242132, 1.00000000, 1.00000000, 1.00000000
-0.000000000000, 0.646464646465, 0.93086848, 1.00000000, 1.00000000, 1.00000000
-0.000000000000, 0.656565656566, 0.91959658, 1.00000000, 1.00000000, 1.00000000
-0.000000000000, 0.666666666667, 0.90865076, 1.00000000, 1.00000000, 1.00000000
-0.000000000000, 0.676767676768, 0.89807481, 1.00000000, 1.00000000, 1.00000000
-0.000000000000, 0.686868686869, 0.88791099, 1.00000000, 1.00000000, 1.00000000
-0.000000000000, 0.696969696970, 0.87819991, 1.00000000, 1.00000000, 1.00000000
-0.000000000000, 0.707070707071, 0.86898031, 1.00000000, 1.00000000, 1.00000000
-0.000000000000, 0.717171717172, 0.86028894, 1.00000000, 1.00000000, 1.00000000
-0.000000000000, 0.727272727273, 0.85216044, 1.00000000, 1.00000000, 1.00000000
-0.000000000000, 0.737373737374, 0.84462716, 1.00000000, 1.00000000, 1.00000000
-0.000000000000, 0.747474747475, 0.83771910, 1.00000000, 1.00000000, 1.00000000
-0.000000000000, 0.757575757576, 0.83146372, 1.00000000, 1.00000000, 1.00000000
-0.000000000000, 0.767676767677, 0.82588593, 1.00000000, 1.00000000, 1.00000000
-0.000000000000, 0.777777777778, 0.82100791, 1.00000000, 1.00000000, 1.00000000
-0.000000000000, 0.787878787879, 0.81684909, 1.00000000, 1.00000000, 1.00000000
-0.000000000000, 0.797979797980, 0.81342606, 1.00000000, 1.00000000, 1.00000000
-0.000000000000, 0.808080808081, 0.81075250, 1.00000000, 1.00000000, 1.00000000
-0.000000000000, 0.818181818182, 0.80883913, 1.00000000, 1.00000000, 1.00000000
-0.000000000000, 0.828282828283, 0.80769372, 1.00000000, 1.00000000, 1.00000000
-0.000000000000, 0.838383838384, 0.80732099, 1.00000000, 1.00000000, 1.00000000
-0.000000000000, 0.848484848485, 0.80772248, 1.00000000, 1.00000000, 1.00000000
-0.000000000000, 0.858585858586, 0.80889661, 1.00000000, 1.00000000, 1.00000000
-0.000000000000, 0.868686868687, 0.81083874, 1.00000000, 1.00000000, 1.00000000
-0.000000000000, 0.878787878788, 0.81354122, 1.00000000, 1.00000000, 1.00000000
-0.000000000000, 0.888888888889, 0.81699337, 1.00000000, 1.00000000, 1.00000000
-0.000000000000, 0.898989898990, 0.82118158, 1.00000000, 1.00000000, 1.00000000
-0.000000000000, 0.909090909091, 0.82608928, 1.00000000, 1.00000000, 1.00000000
-0.000000000000, 0.919191919192, 0.83169697, 1.00000000, 1.00000000, 1.00000000
-0.000000000000, 0.929292929293, 0.83798221, 1.00000000, 1.00000000, 1.00000000
-0.000000000000, 0.939393939394, 0.84491934, 1.00000000, 1.00000000, 1.00000000
-0.000000000000, 0.949494949495, 0.85247877, 1.00000000, 1.00000000, 1.00000000
-0.000000000000, 0.959595959596, 0.86062539, 1.00000000, 1.00000000, 1.00000000
0.010101010101, -0.000000000000, 0.91833908, 1.00000000, 1.00000000, 1.00000000
0.010101010101, 0.010101010101, 0.92887553, 1.00000000, 1.00000000, 1.00000000
0.010101010101, 0.020202020202, 0.93939483, 1.00000000, 1.00000000, 1.00000000
0.010101010101, 0.030303030303, 0.94987210, 1.00000000, 1.00000000, 1.00000000
0.010101010101, 0.040404040404, 0.96034862, 1.00000000, 1.00000000, 1.00000000
0.010101010101, 0.050505050505, 0.97091844, 1.00000000, 1.00000000, 1.00000000
0.010101010101, 0.060606060606, 0.98169176, 1.00000000, 1.00000000, 1.00000000
0.010101010101, 0.070707070707, 0.99275093, 1.00000000, 1.00000000, 1.00000000
0.010101010101, 0.080808080808, 1.00411927, 1.00000000, 1.00000000, 1.00000000
0.010101010101, 0.090909090909, 1.01575477, 1.00000000, 1.00000000, 1.00000000
0.010101010101, 0.101010101010, 1.02756669, 1.00000000, 1.00000000, 1.00000000
0.010101010101, 0.111111111111, 1.03944247, 1.00000000, 1.00000000, 1.00000000
0.010101010101, 0.121212121212, 1.05127125, 1.00000000, 1.00000000, 1.00000000
0.010101010101, 0.131313131313, 1.06295710, 1.00000000, 1.00000000, 1.00000000
0.010101010101, 0.141414141414, 1.07442185, 1.00000000, 1.00000000, 1.00000000
0.010101010101, 0.151515151515, 1.08560210, 1.00000000, 1.00000000, 1.00000000
0.010101010101, 0.161616161616, 1.09644438, 1.00000000, 1.00000000, 1.00000000
0.010101010101, 0.171717171717, 1.10690133, 1.00000000, 1.00000000, 1.00000000
0.010101010101, 0.181818181818, 1.11692929, 1.00000000, 1.00000000, 1.00000000
0.010101010101, 0.191919191919, 1.12648720, 1.00000000, 1.00000000, 1.00000000
0.010101010101, 0.202020202020, 1.13553620, 1.00000000, 1.00000000, 1.00000000
0.010101010101, 0.212121212121, 1.14403958, 1.00000000, 1.00000000, 1.00000000
0.010101010101, 0.222222222222, 1.15196286, 1.00000000, 1.00000000, 1.00000000
0.010101010101, 0.232323232323, 1.15927392, 1.00000000, 1.00000000, 1.00000000
0.010101010101, 0.242424242424, 1.16594313, 1.00000000, 1.00000000, 1.00000000
0.010101010101, 0.252525252525, 1.17194346, 1.00000000, 1.00000000, 1.00000000
0.010101010101, 0.262626262626, 1.17725059, 1.00000000, 1.00000000, 1.00000000
0.010101010101, 0.272727272727, 1.18184302, 1.00000000, 1.00000000, 1.00000000
0.010101010101, 0.282828282828, 1.18570215, 1.00000000, 1.00000000, 1.00000000
0.010101010101, 0.292929292929, 1.18881233, 1.00000000, 1.00000000, 1.00000000
0.010101010101, 0.303030303030, 1.19116098, 1.00000000, 1.00000000, 1.00000000
0.010101010101, 0.313131313131, 1.19273856, 1.00000000, 1.00000000, 1.00000000
0.010101010101, 0.323232323232, 1.19353870, 1.00000000, 1.00000000, 1.00000000
0.010101010101, 0.333333333333, 1.19355816, 1.00000000, 1.00000000, 1.00000000
0.010101010101, 0.343434343434, 1.19279697, 1.00000000, 1.00000000, 1.00000000
0.010101010101, 0.353535353535, 1.19125837, 1.00000000, 1.00000000, 1.00000000
0.010101010101, 0.363636363636, 1.18894869, 1.00000000, 1.00000000, 1.00000000
0.010101010101, 0.373737373737, 1.18587742, 1.00000000, 1.00000000, 1.00000000
0.010101010101, 0.383838383838, 1.18205709, 1.00000000, 1.00000000, 1.00000000
0.010101010101, 0.393939393939, 1.17750329, 1.00000000, 1.00000000, 1.00000000
0.010101010101, 0.404040404040, 1.17223457, 1.00000000, 1.00000000, 1.00000000
0.010101010101, 0.414141414141, 1.16627235, 1.00000000, 1.00000000, 1.00000000
0.010101010101, 0.424242424242, 1.15964087, 1.00000000, 1.00000000, 1.00000000
0.010101010101, 0.434343434343, 1.15236708, 1.00000000, 1.00000000, 1.00000000
0.010101010101, 0.444444444444, 1.14448052, 1.00000000, 1.00000000, 1.00000000
0.010101010101, 0.454545454545, 1.13601319, 1.00000000, 1.00000000, 1.00000000
0.010101010101, 0.464646464646, 1.12699945, 1.00000000, 1.00000000, 1.00000000
0.010101010101, 0.474747474747, 1.11747585, 1.00000000, 1.00000000, 1.00000000
0.010101010101, 0.484848484848, 1.10748097, 1.00000000, 1.00000000, 1.00000000
0.010101010101, 0.494949494949, 1.09705532, 1.00000000, 1.00000000, 1.00000000
0.010101010101, 0.505050505051, 1.08624111, 1.00000000, 1.00000000, 1.00000000
0.010101010101, 0.515151515152, 1.07508208, 1.00000000, 1.00000000, 1.00000000
0.010101010101, 0.525252525253, 1.06362338, 1.00000000, 1.00000000, 1.00000000
0.010101010101, 0.535353535354, 1.05191133, 1.00000000, 1.00000000, 1.00000000
0.010101010101, 0.545454545455, 1.03999322, 1.00000000, 1.00000000, 1.00000000
0.010101010101, 0.555555555556, 1.02791718, 1.00000000, 1.00000000, 1.00000000
0.010101010101, 0.565656565657, 1.01573191, 1.00000000, 1.00000000, 1.00000000
0.010101010101, 0.575757575758, 1.00348655, 1.00000000, 1.00000000, 1.00000000
0.010101010101, 0.585858585859, 0.99123041, 1.00000000, 1.00000000, 1.00000000
0.010101010101, 0.595959595960, 0.97901284, 1.00000000, 1.00000000, 1.00000000
0.010101010101, 0.606060606061, 0.96688296, 1.00000000, 1.00000000, 1.00000000
0.010101010101, 0.616161616162, 0.95488952, 1.00000000, 1.00000000, 1.00000000
0.010101010101, 0.626262626263, 0.94308068, 1.00000000, 1.00000000, 1.00000000
0.010101010101, 0.636363636364, 0.93150379, 1.00000000, 1.00000000, 1.00000000
0.010101010101, 0.646464646465, 0.92020527, 1.00000000, 1.00000000, 1.00000000
0.010101010101, 0.656565656566, 0.90923034, 1.00000000, 1.00000000, 1.00000000
0.010101010101, 0.666666666667, 0.89862292, 1.00000000, 1.00000000, 1.00000000
0.010101010101, 0.676767676768, 0.88842540, 1.00000000, 1.00000000, 1.00000000
0.010101010101, 0.686868686869, 0.87867850, 1.00000000, 1.00000000, 1.00000000
0.010101010101, 0.696969696970, 0.86942111, 1.00000000, 1.00000000, 1.00000000
0.010101010101, 0.707070707071, 0.86069014, 1.00000000, 1.00000000, 1.00000000
0.010101010101, 0.717171717172, 0.85252037, 1.00000000, 1.00000000, 1.00000000
0.010101010101, 0.727272727273, 0.84494433, 1.00000000, 1.00000000, 1.00000000
0.010101010101, 0.737373737374, 0.83799218, 1.00000000, 1.00000000, 1.00000000
0.010101010101, 0.747474747475, 0.83169156, 1.00000000, 1.00000000, 1.00000000
0.010101010101, 0.757575757576, 0.82606756, 1.00000000, 1.00000000, 1.00000000
0.010101010101, 0.767676767677, 0.82114254, 1.00000000, 1.00000000, 1.00000000
0.010101010101, 0.777777777778, 0.81693612, 1.00000000, 1.00000000, 1.00000000
0.010101010101, 0.787878787879, 0.81346509, 1.00000000, 1.00000000, 1.00000000
0.010101010101, 0.797979797980, 0.81074332, 1.00000000, 1.00000000, 1.00000000
0.010101010101, 0.808080808081, 0.80878173, 1.00000000, 1.00000000, 1.00000000
0.010101010101, 0.818181818182, 0.80758828, 1.00000000, 1.00000000, 1.00000000
0.010101010101, 0.828282828283, 0.80716789, 1.00000000, 1.00000000, 1.00000000
0.010101010101, 0.838383838384, 0.80752231, 1.00000000, 1.00000000, 1.00000000
0.010101010101, 0.848484848485, 0.80865015, 1.00000000, 1.00000000, 1.00000000
0.010101010101, 0.858585858586, 0.81054696, 1.00000000, 1.00000000, 1.00000000
0.010101010101, 0.868686868687, 0.81320528, 1.00000000, 1.00000000, 1.00000000
0.010101010101, 0.878787878788, 0.81661462, 1.00000000, 1.00000000, 1.00000000
0.010101010101, 0.888888888889, 0.82076155, 1.00000000, 1.00000000, 1.00000000
0.010101010101, 0.898989898990, 0.82562968, 1.00000000, 1.00000000, 1.00000000
0.010101010101, 0.909090909091, 0.83119974, 1.00000000, 1.00000000, 1.00000000
0.010101010101, 0.919191919192, 0.83744961, 1.00000000, 1.00000000, 1.00000000
0.010101010101, 0.929292929293, 0.84435428, 1.00000000, 1.00000000, 1.00000000
0.010101010101, 0.939393939394, 0.85188559, 1.00000000, 1.00000000, 1.00000000
0.010101010101, 0.949494949495, 0.86001158, 1.00000000, 1.00000000, 1.00000000
0.010101010101, 0.959595959596, 0.86869484, 1.00000000, 1.00000000, 1.00000000
0.020202020202, -0.000000000000, 0.92859238, 1.00000000, 1.00000000, 1.00000000
0.020202020202, 0.010101010101, 0.93939483, 1.00000000, 1.00000000, 1.00000000
0.020202020202, 0.020202020202, 0.95013688, 1.00000000, 1.00000000, 1.00000000
0.020202020202, 0.030303030303, 0.96079398, 1.00000000, 1.00000000, 1.00000000
0.020202020202, 0.040404040404, 0.97140900, 1.00000000, 1.00000000, 1.00000000
0.020202020202, 0.050505050505, 0.98207817, 1.00000000, 1.00000000, 1.00000000
0.020202020202, 0.060606060606, 0.99291362, 1.00000000, 1.00000000, 1.00000000
0.020202020202, 0.070707070707, 1.00399849, 1.00000000, 1.00000000, 1.00000000
0.020202020202, 0.080808080808, 1.01535547, 1.00000000, 1.00000000, 1.00000000
0.020202020202, 0.090909090909, 1.02694089, 1.00000000, 1.00000000, 1.00000000
0.020202020202, 0.101010101010, 1.03866207, 1.00000000, 1.00000000, 1.00000000
0.020202020202, 0.111111111111, 1.05040486, 1.00000000, 1.00000000, 1.00000000
0.020202020202, 0.121212121212, 1.06205760, 1.00000000, 1.00000000, 1.00000000
0.020202020202, 0.131313131313, 1.07352427, 1.00000000, 1.00000000, 1.00000000
0.020202020202, 0.141414141414, 1.08472724, 1.00000000, 1.00000000, 1.00000000
0.020202020202, 0.151515151515, 1.09560401, 1.00000000, 1.00000000, 1.00000000
0.020202020202, 0.161616161616, 1.10610231, 1.00000000, 1.00000000, 1.00000000
0.020202020202, 0.171717171717, 1.11617617, 1.00000000, 1.00000000, 1.00000000
0.020202020202, 0.181818181818, 1.12578348, 1.00000000, 1.00000000, 1.00000000
0.020202020202, 0.191919191919, 1.13488487, 1.00000000, 1.00000000, 1.00000000
0.020202020202, 0.202020202020, 1.14344334, 1.00000000, 1.00000000, 1.00000000
0.020202020202, 0.212121212121, 1.15142415, 1.00000000, 1.00000000, 1.00000000
0.020202020202, 0.222222222222, 1.15879494, 1.00000000, 1.00000000, 1.00000000
0.020202020202, 0.232323232323, 1.16552584, 1.00000000, 1.00000000, 1.00000000
0.020202020202, 0.242424242424, 1.17158955, 1.00000000, 1.00000000, 1.00000000
0.020202020202, 0.252525252525, 1.17696151, 1.00000000, 1.00000000, 1.00000000
0.020202020202, 0.262626262626, 1.18161993, 1.00000000, 1.00000000, 1.00000000
0.020202020202, 0.272727272727, 1.18554595, 1.00000000, 1.00000000, 1.00000000
0.020202020202, 0.282828282828, 1.18872365, 1.00000000, 1.00000000, 1.00000000
0.020202020202, 0.292929292929, 1.19114015, 1.00000000, 1.00000000, 1.00000000
0.020202020202, 0.303030303030, 1.19278566, 1.00000000, 1.00000000, 1.00000000
0.020202020202, 0.313131313131, 1.19365350, 1.00000000, 1.00000000, 1.00000000
0.020202020202, 0.323232323232, 1.19374016, 1.00000000, 1.00000000, 1.00000000
0.020202020202, 0.333333333333, 1.19304540, 1.00000000, 1.00000000, 1.00000000
0.020202020202, 0.343434343434, 1.19157216, 1.00000000, 1.00000000, 1.00000000
0.020202020202, 0.353535353535, 1.18932654, 1.00000000, 1.00000000, 1.00000000
0.020202020202, 0.363636363636, 1.18631772, 1.00000000, 1.00000000, 1.00000000
0.020202020202, 0.373737373737, 1.18255802, 1.00000000, 1.00000000, 1.00000000
0.020202020202, 0.383838383838, 1.17806276, 1.00000000, 1.00000000, 1.00000000
0.020202020202, 0.393939393939, 1.17285024, 1.00000000, 1.00000000, 1.00000000
0.020202020202, 0.404040404040, 1.16694167, 1.00000000, 1.00000000, 1.00000000
0.020202020202, 0.414141414141, 1.16036108, 1.00000000, 1.00000000, 1.00000000
0.020202020202, 0.424242424242, 1.15313520, 1.00000000, 1.00000000, 1.00000000
0.020202020202, 0.434343434343, 1.14529337, 1.00000000, 1.00000000, 1.00000000
0.020202020202, 0.444444444444, 1.13686743, 1.00000000, 1.00000000, 1.00000000
0.020202020202, 0.454545454545, 1.12789156, 1.00000000, 1.00000000, 1.00000000
0.020202020202, 0.464646464646, 1.11840216, 1.00000000, 1.00000000, 1.00000000
0.020202020202, 0.474747474747, 1.10843770, 1.00000000, 1.00000000, 1.00000000
0.020202020202, 0.484848484848, 1.09803855, 1.00000000, 1.00000000, 1.00000000
0.020202020202, 0.494949494949, 1.08724681, 1.00000000, 1.00000000, 1.00000000
0.020202020202, 0.505050505051, 1.07610616, 1.00000000, 1.00000000, 1.00000000
0.020202020202, 0.515151515152, 1.06466167, 1.00000000, 1.00000000, 1.00000000
0.020202020202, 0.525252525253, 1.05295961, 1.00000000, 1.00000000, 1.00000000
0.020202020202, 0.535353535354, 1.04104725, 1.00000000, 1.00000000, 1.00000000
0.020202020202, 0.545454545455, 1.02897270, 1.00000000, 1.00000000, 1.00000000
0.020202020202, 0.555555555556, 1.01678467, 1.00000000, 1.00000000, 1.00000000
0.020202020202, 0.565656565657, 1.00453230, 1.00000000, 1.00000000, 1.00000000
0.020202020202, 0.575757575758, 0.99226496, 1.00000000, 1.00000000, 1.00000000
0.020202020202, 0.585858585859, 0.98003205, 1.00000000, 1.00000000, 1.00000000
0.020202020202, 0.595959595960, 0.96788276, 1.00000000, 1.00000000, 1.00000000
0.020202020202, 0.606060606061, 0.95586593, 1.00000000, 1.00000000, 1.00000000
0.020202020202, 0.616161616162, 0.94402982, 1.00000000, 1.00000000, 1.00000000
0.020202020202, 0.626262626263, 0.93242191, 1.00000000, 1.00000000, 1.00000000
0.020202020202, 0.636363636364, 0.92108874, 1.00000000, 1.00000000, 1.00000000
0.020202020202, 0.646464646465, 0.91007568, 1.00000000, 1.00000000, 1.00000000
0.020202020202, 0.656565656566, 0.89942680, 1.00000000, 1.00000000, 1.00000000
0.020202020202, 0.666666666667, 0.88918467, 1.00000000, 1.00000000, 1.00000000
0.020202020202, 0.676767676768, 0.87939018, 1.00000000, 1.00000000, 1.00000000
0.020202020202, 0.686868686869, 0.87008243, 1.00000000, 1.00000000, 1.00000000
0.020202020202, 0.696969696970, 0.86129851, 1.00000000, 1.00000000, 1.00000000
0.020202020202, 0.707070707071, 0.85307342, 1.00000000, 1.00000000, 1.00000000
0.020202020202, 0.717171717172, 0.84543991, 1.00000000, 1.00000000, 1.00000000
0.020202020202, 0.727272727273, 0.83842834, 1.00000000, 1.00000000, 1.00000000
0.020202020202, 0.737373737374, 0.83206660, 1.00000000, 1.00000000, 1.00000000
0.020202020202, 0.747474747475, 0.82638000, 1.00000000, 1.00000000, 1.00000000
0.020202020202, 0.757575757576, 0.82139116, 1.00000000, 1.00000000, 1.00000000
0.020202020202, 0.767676767677, 0.81711993, 1.00000000, 1.00000000, 1.00000000
0.020202020202, 0.777777777778, 0.81358333, 1.00000000, 1.00000000, 1.00000000
0.020202020202, 0.787878787879, 0.81079550, 1.00000000, 1.00000000, 1.00000000
0.020202020202, 0.797979797980, 0.80876762, 1.00000000, 1.00000000, 1.00000000
0.020202020202, 0.808080808081, 0.80750787, 1.00000000, 1.00000000, 1.00000000
0.020202020202, 0.818181818182, 0.80702145, 1.00000000, 1.00000000, 1.00000000
0.020202020202, 0.828282828283, 0.80731037, 1.00000000, 1.00000000, 1.00000000
0.020202020202, 0.838383838384, 0.80837349, 1.00000000, 1.00000000, 1.00000000
0.020202020202, 0.848484848485, 0.81020662, 1.00000000, 1.00000000, 1.00000000
0.020202020202, 0.858585858586, 0.81280253, 1.00000000, 1.00000000, 1.00000000
0.020202020202, 0.868686868687, 0.81615100, 1.00000000, 1.00000000, 1.00000000
0.020202020202, 0.878787878788, 0.82023881, 1.00000000, 1.00000000, 1.00000000
0.020202020202, 0.888888888889, 0.82504984, 1.00000000, 1.00000000, 1.00000000
0.020202020202, 0.898989898990, 0.83056504, 1.00000000, 1.00000000, 1.00000000
0.020202020202, 0.909090909091, 0.83676258, 1.00000000, 1.00000000, 1.00000000
0.020202020202, 0.919191919192, 0.84361781, 1.00000000, 1.00000000, 1.00000000
0.020202020202, 0.929292929293, 0.85110329, 1.00000000, 1.00000000, 1.00000000
0.020202020202, 0.939393939394, 0.85918855, 1.00000000, 1.00000000, 1.00000000
0.020202020202, 0.949494949495, 0.86783939, 1.00000000, 1.00000000, 1.00000000
0.020202020202, 0.959595959596, 0.87701630, 1.00000000, 1.00000000, 1.00000000
0.030303030303, -0.000000000000, 0.93884773, 1.00000000, 1.00000000, 1.00000000
0.030303030303, 0.010101010101, 0.94987210, 1.00000000, 1.00000000, 1.00000000
0.030303030303, 0.020202020202, 0.96079398, 1.00000000, 1.00000000, 1.00000000
0.030303030303, 0.030303030303, 0.97158931, 1.00000000, 1.00000000, 1.00000000
0.030303030303, 0.040404040404, 0.98230234, 1.00000000, 1.00000000, 1.00000000
0.030303030303, 0.050505050505, 0.99303115, 1.00000000, 1.00000000, 1.00000000
0.030303030303, 0.060606060606, 1.00388938, 1.00000000, 1.00000000, 1.00000000
0.030303030303, 0.070707070707, 1.01496065, 1.00000000, 1.00000000, 1.00000000
0.030303030303, 0.080808080808, 1.02626695, 1.00000000, 1.00000000, 1.00000000
0.030303030303, 0.090909090909, 1.03776314, 1.00000000, 1.00000000, 1.00000000
0.030303030303, 0.101010101010, 1.04935497, 1.00000000, 1.00000000, 1.00000000
0.030303030303, 0.111111111111, 1.06092717, 1.00000000, 1.00000000, 1.00000000
0.030303030303, 0.121212121212, 1.07236769, 1.00000000, 1.00000000, 1.00000000
0.030303030303, 0.131313131313, 1.08358078, 1.00000000, 1.00000000, 1.00000000
0.030303030303, 0.141414141414, 1.09448961, 1.00000000, 1.00000000, 1.00000000
0.030303030303, 0.151515151515, 1.10503281, 1.00000000, 1.00000000, 1.00000000
0.030303030303, 0.161616161616, 1.11515945, 1.00000000, 1.00000000, 1.00000000
0.030303030303, 0.171717171717, 1.12482506, 1.00000000, 1.00000000, 1.00000000
0.030303030303, 0.181818181818, 1.13398919, 1.00000000, 1.00000000, 1.00000000
0.030303030303, 0.191919191919, 1.14261429, 1.00000000, 1.00000000, 1.00000000
0.030303030303, 0.202020202020, 1.15066525, 1.00000000, 1.00000000, 1.00000000
0.030303030303, 0.212121212121, 1.15810940, 1.00000000, 1.00000000, 1.00000000
0.030303030303, 0.222222222222, 1.16491655, 1.00000000, 1.00000000, 1.00000000
0.030303030303, 0.232323232323, 1.17105909, 1.00000000, 1.00000000, 1.00000000
0.030303030303, 0.242424242424, 1.17651211, 1.00000000, 1.00000000, 1.00000000
0.030303030303, 0.252525252525, 1.18125350, 1.00000000, 1.00000000, 1.00000000
0.030303030303, 0.262626262626, 1.18526402, 1.00000000, 1.00000000, 1.00000000
0.030303030303, 0.272727272727, 1.18852741, 1.00000000, 1.00000000, 1.00000000
0.030303030303, 0.282828282828, 1.19103043, 1.00000000, 1.00000000, 1.00000000
0.030303030303, 0.292929292929, 1.19276291, 1.00000000, 1.00000000, 1.00000000
0.030303030303, 0.303030303030, 1.19371781, 1.00000000, 1.00000000, 1.00000000
0.030303030303, 0.313131313131, 1.19389123, 1.00000000, 1.00000000, 1.00000000
0.030303030303, 0.323232323232, 1.19328255, 1.00000000, 1.00000000, 1.00000000
0.030303030303, 0.333333333333, 1.19189437, 1.00000000, 1.00000000, 1.00000000
0.030303030303, 0.343434343434, 1.18973239, 1.00000000, 1.00000000, 1.00000000
0.030303030303, 0.353535353535, 1.18680548, 1.00000000, 1.00000000, 1.00000000
0.030303030303, 0.363636363636, 1.18312558, 1.00000000, 1.00000000, 1.00000000
0.030303030303, 0.373737373737, 1.17870769, 1.00000000, 1.00000000, 1.00000000
0.030303030303, 0.383838383838, 1.17356979, 1.00000000, 1.00000000, 1.00000000
0.030303030303, 0.393939393939, 1.16773278, 1.00000000, 1.00000000, 1.00000000
0.030303030303, 0.404040404040, 1.16122037, 1.00000000, 1.00000000, 1.00000000
0.030303030303, 0.414141414141, 1.15405903, 1.00000000, 1.00000000, 1.00000000
0.030303030303, 0.424242424242, 1.14627783, 1.00000000, 1.00000000, 1.00000000
0.030303030303, 0.434343434343, 1.13790837, 1.00000000, 1.00000000, 1.00000000
0.030303030303, 0.444444444444, 1.12898459, 1.00000000, 1.00000000, 1.00000000
0.030303030303, 0.454545454545, 1.11954270, 1.00000000, 1.00000000, 1.00000000
0.030303030303, 0.464646464646, 1.10962097, 1.00000000, 1.00000000, 1.00000000
0.030303030303, 0.474747474747, 1.09925961, 1.00000000, 1.00000000, 1.00000000
0.030303030303, 0.484848484848, 1.08850059, 1.00000000, 1.00000000, 1.00000000
0.030303030303, 0.494949494949, 1.07738747, 1.00000000, 1.00000000, 1.00000000
0.030303030303, 0.505050505051, 1.06596521, 1.00000000, 1.00000000, 1.00000000
0.030303030303, 0.515151515152, 1.05428002, 1.00000000, 1.00000000, 1.00000000
0.030303030303, 0.525252525253, 1.04237913, 1.00000000, 1.00000000, 1.00000000
0.030303030303, 0.535353535354, 1.03031061, 1.00000000, 1.00000000, 1.00000000
0.030303030303, 0.545454545455, 1.01812317, 1.00000000, 1.00000000, 1.00000000
0.030303030303, 0.555555555556, 1.00586600, 1.00000000, 1.00000000, 1.00000000
0.030303030303, 0.565656565657, 0.99358849, 1.00000000, 1.00000000, 1.00000000
0.030303030303, 0.575757575758, 0.98134011, 1.00000000, 1.00000000, 1.00000000
0.030303030303, 0.585858585859, 0.96917014, 1.00000000, 1.00000000, 1.00000000
0.030303030303, 0.595959595960, 0.95712754, 1.00000000, 1.00000000, 1.00000000
0.030303030303, 0.606060606061, 0.94526068, 1.00000000, 1.00000000, 1.00000000
0.030303030303, 0.616161616162, 0.93361720, 1.00000000, 1.00000000, 1.00000000
0.030303030303, 0.626262626263, 0.92224379, 1.00000000, 1.00000000, 1.00000000
0.030303030303, 0.636363636364, 0.91118603, 1.00000000, 1.00000000, 1.00000000
0.030303030303, 0.646464646465, 0.90048816, 1.00000000, 1.00000000, 1.00000000
0.030303030303, 0.656565656566, 0.89019297, 1.00000000, 1.00000000, 1.00000000
0.030303030303, 0.666666666667, 0.88034158, 1.00000000, 1.00000000, 1.00000000
0.030303030303, 0.676767676768, 0.87097331, 1.00000000, 1.00000000, 1.00000000
0.030303030303, 0.686868686869, 0.86212550, 1.00000000, 1.00000000, 1.00000000
0.030303030303, 0.696969696970, 0.85383341, 1.00000000, 1.00000000, 1.00000000
0.030303030303, 0.707070707071, 0.84613004, 1.00000000, 1.00000000, 1.00000000
0.030303030303, 0.717171717172, 0.83904604, 1.00000000, 1.00000000, 1.00000000
0.030303030303, 0.727272727273, 0.83260956, 1.00000000, 1.00000000, 1.00000000
0.030303030303, 0.737373737374, 0.82684619, 1.00000000, 1.00000000, 1.00000000
0.030303030303, 0.747474747475, 0.82177883, 1.00000000, 1.00000000, 1.00000000
0.030303030303, 0.757575757576, 0.81742763, 1.00000000, 1.00000000, 1.00000000
0.030303030303, 0.767676767677, 0.81380991, 1.00000000, 1.00000000, 1.00000000
0.030303030303, 0.777777777778, 0.81094009, 1.00000000, 1.00000000, 1.00000000
0.030303030303, 0.787878787879, 0.80882965, 1.00000000, 1.00000000, 1.00000000
0.030303030303, 0.797979797980, 0.80748708, 1.00000000, 1.00000000, 1.00000000
0.030303030303, 0.808080808081, 0.80691787, 1.00000000, 1.00000000, 1.00000000
0.030303030303, 0.818181818182, 0.80712436, 1.00000000, 1.00000000, 1.00000000
0.030303030303, 0.828282828283, 0.80810571, 1.00000000, 1.00000000, 1.00000000
0.030303030303, 0.838383838384, 0.80985803, 1.00000000, 1.00000000, 1.00000000
0.030303030303, 0.848484848485, 0.81237439, 1.00000000, 1.00000000, 1.00000000
0.030303030303, 0.858585858586, 0.81564485, 1.00000000, 1.00000000, 1.00000000
0.030303030303, 0.868686868687, 0.81965652, 1.00000000, 1.00000000, 1.00000000
0.030303030303, 0.878787878788, 0.82439353, 1.00000000, 1.00000000, 1.00000000
0.030303030303, 0.888888888889, 0.82983715, 1.00000000, 1.00000000, 1.00000000
0.030303030303, 0.898989898990, 0.83596582, 1.00000000, 1.00000000, 1.00000000
0.030303030303, 0.909090909091, 0.84275523, 1.00000000, 1.00000000, 1.00000000
0.030303030303, 0.919191919192, 0.85017838, 1.00000000, 1.00000000, 1.00000000
0.030303030303, 0.929292929293, 0.85820552, 1.00000000, 1.00000000, 1.00000000
0.030303030303, 0.939393939394, 0.86680401, 1.00000000, 1.00000000, 1.00000000
0.030303030303, 0.949494949495, 0.87593759, 1.00000000, 1.00000000, 1.00000000
0.030303030303, 0.959595959596, 0.88556485, 1.00000000, 1.00000000, 1.00000000
0.040404040404, -0.000000000000, 0.94914472, 1.00000000, 1.00000000, 1.00000000
0.040404040404, 0.010101010101, 0.96034862, 1.00000000, 1.00000000, 1.00000000
0.040404040404, 0.020202020202, 0.97140900, 1.00000000, 1.00000000, 1.00000000
0.040404040404, 0.030303030303, 0.98230234, 1.00000000, 1.00000000, 1.00000000
0.040404040404, 0.040404040404, 0.99307413, 1.00000000, 1.00000000, 1.00000000
0.040404040404, 0.050505050505, 1.00382396, 1.00000000, 1.00000000, 1.00000000
0.040404040404, 0.060606060606, 1.01466654, 1.00000000, 1.00000000, 1.00000000
0.040404040404, 0.070707070707, 1.02568568, 1.00000000, 1.00000000, 1.00000000
0.040404040404, 0.080808080808, 1.03690260, 1.00000000, 1.00000000, 1.00000000
0.040404040404, 0.090909090909, 1.04827088, 1.00000000, 1.00000000, 1.00000000
0.040404040404, 0.101010101010, 1.05969505, 1.00000000, 1.00000000, 1.00000000
0.040404040404, 0.111111111111, 1.07105919, 1.00000000, 1.00000000, 1.00000000
0.040404040404, 0.121212121212, 1.08225123, 1.00000000, 1.00000000, 1.00000000
0.040404040404, 0.131313131313, 1.09317607, 1.00000000, 1.00000000, 1.00000000
0.040404040404, 0.141414141414, 1.10375791, 1.00000000, 1.00000000, 1.00000000
0.040404040404, 0.151515151515, 1.11393672, 1.00000000, 1.00000000, 1.00000000
0.040404040404, 0.161616161616, 1.12366306, 1.00000000, 1.00000000, 1.00000000
0.040404040404, 0.171717171717, 1.13289410, 1.00000000, 1.00000000, 1.00000000
0.040404040404, 0.181818181818, 1.14159118, 1.00000000, 1.00000000, 1.00000000
0.040404040404, 0.191919191919, 1.14971860, 1.00000000, 1.00000000, 1.00000000
0.040404040404, 0.202020202020, 1.15724329, 1.00000000, 1.00000000, 1.00000000
0.040404040404, 0.212121212121, 1.16413469, 1.00000000, 1.00000000, 1.00000000
0.040404040404, 0.222222222222, 1.17036483, 1.00000000, 1.00000000, 1.00000000
0.040404040404, 0.232323232323, 1.17590844, 1.00000000, 1.00000000, 1.00000000
0.040404040404, 0.242424242424, 1.18074301, 1.00000000, 1.00000000, 1.00000000
0.040404040404, 0.252525252525, 1.18484892, 1.00000000, 1.00000000, 1.00000000
0.040404040404, 0.262626262626, 1.18820948, 1.00000000, 1.00000000, 1.00000000
0.040404040404, 0.272727272727, 1.19081103, 1.00000000, 1.00000000, 1.00000000
0.040404040404, 0.282828282828, 1.19264299, 1.00000000, 1.00000000, 1.00000000
0.040404040404, 0.292929292929, 1.19369787, 1.00000000, 1.00000000, 1.00000000
0.040404040404, 0.303030303030, 1.19397135, 1.00000000, 1.00000000, 1.00000000
0.040404040404, 0.313131313131, 1.19346237, 1.00000000, 1.00000000, 1.00000000
0.040404040404, 0.323232323232, 1.19217308, 1.00000000, 1.00000000, 1.00000000
0.040404040404, 0.333333333333, 1.19010876, 1.00000000, 1.00000000, 1.00000000
0.040404040404, 0.343434343434, 1.18727787, 1.00000000, 1.00000000, 1.00000000
0.040404040404, 0.353535353535, 1.18369192, 1.00000000, 1.00000000, 1.00000000
0.040404040404, 0.363636363636, 1.17936552, 1.00000000, 1.00000000, 1.00000000
0.040404040404, 0.373737373737, 1.17431626, 1.00000000, 1.00000000, 1.00000000
0.040404040404, 0.383838383838, 1.16856465, 1.00000000, 1.00000000, 1.00000000
0.040404040404, 0.393939393939, 1.16213407, 1.00000000, 1.00000000, 1.00000000
0.040404040404, 0.404040404040, 1.15505062, 1.00000000, 1.00000000, 1.00000000
0.040404040404, 0.414141414141, 1.14734306, 1.00000000, 1.00000000, 1.00000000
0.040404040404, 0.424242424242, 1.13904268, 1.00000000, 1.00000000, 1.00000000
0.040404040404, 0.434343434343, 1.13018315, 1.00000000, 1.00000000, 1.00000000
0.040404040404, 0.444444444444, 1.12080040, 1.00000000, 1.00000000, 1.00000000
0.040404040404, 0.454545454545, 1.11093249, 1.00000000, 1.00000000, 1.00000000
0.040404040404, 0.464646464646, 1.10061941, 1.00000000, 1.00000000, 1.00000000
0.040404040404, 0.474747474747, 1.08990296, 1.00000000, 1.00000000, 1.00000000
0.040404040404, 0.484848484848, 1.07882652, 1.00000000, 1.00000000, 1.00000000
0.040404040404, 0.494949494949, 1.06743495, 1.00000000, 1.00000000, 1.00000000
0.040404040404, 0.505050505051, 1.05577435, 1.00000000, 1.00000000, 1.00000000
0.040404040404, 0.515151515152, 1.04389186, 1.00000000, 1.00000000, 1.00000000
0.040404040404, 0.525252525253, 1.03183553, 1.00000000, 1.00000000, 1.00000000
0.040404040404, 0.535353535354, 1.01965405, 1.00000000, 1.00000000, 1.00000000
0.040404040404, 0.545454545455, 1.00739660, 1.00000000, 1.00000000, 1.00000000
0.040404040404, 0.555555555556, 0.99511263, 1.00000000, 1.00000000, 1.00000000
0.040404040404, 0.565656565657, 0.98285166, 1.00000000, 1.00000000, 1.00000000
0.040404040404, 0.575757575758, 0.97066306, 1.00000000, 1.00000000, 1.00000000
0.040404040404, 0.585858585859, 0.95859590, 1.00000000, 1.00000000, 1.00000000
0.040404040404, 0.595959595960, 0.94669870, 1.00000000, 1.00000000, 1.00000000
0.040404040404, 0.606060606061, 0.93501924, 1.00000000, 1.00000000, 1.00000000
0.040404040404, 0.616161616162, 0.92360440, 1.00000000, 1.00000000, 1.00000000
0.040404040404, 0.626262626263, 0.91249994, 1.00000000, 1.00000000, 1.00000000
0.040404040404, 0.636363636364, 0.90175034, 1.00000000, 1.00000000, 1.00000000
0.040404040404, 0.646464646465, 0.89139861, 1.00000000, 1.00000000, 1.00000000
0.040404040404, 0.656565656566, 0.88148612, 1.00000000, 1.00000000, 1.00000000
0.040404040404, 0.666666666667, 0.87205243, 1.00000000, 1.00000000, 1.00000000
0.040404040404, 0.676767676768, 0.86313519, 1.00000000, 1.00000000, 1.00000000
0.040404040404, 0.686868686869, 0.85476991, 1.00000000, 1.00000000, 1.00000000
0.040404040404, 0.696969696970, 0.84698988, 1.00000000, 1.00000000, 1.00000000
0.040404040404, 0.707070707071, 0.83982607, 1.00000000, 1.00000000, 1.00000000
0.040404040404, 0.717171717172, 0.83330692, 1.00000000, 1.00000000, 1.00000000
0.040404040404, 0.727272727273, 0.82745834, 1.00000000, 1.00000000, 1.00000000
0.040404040404, 0.737373737374, 0.82230355, 1.00000000, 1.00000000, 1.00000000
0.040404040404, 0.747474747475, 0.81786300, 1.00000000, 1.00000000, 1.00000000
0.040404040404, 0.757575757576, 0.81415435, 1.00000000, 1.00000000, 1.00000000
0.040404040404, 0.767676767677, 0.81119233, 1.00000000, 1.00000000, 1.00000000
0.040404040404, 0.777777777778, 0.80898876, 1.00000000, 1.00000000, 1.00000000
0.040404040404, 0.787878787879, 0.80755247, 1.00000000, 1.00000000, 1.00000000
0.040404040404, 0.797979797980, 0.80688926, 1.00000000, 1.00000000, 1.00000000
0.040404040404, 0.808080808081, 0.80700184, 1.00000000, 1.00000000, 1.00000000
0.040404040404, 0.818181818182, 0.80788971, 1.00000000, 1.00000000, 1.00000000
0.040404040404, 0.828282828283, 0.80954930, 1.00000000, 1.00000000, 1.00000000
0.040404040404, 0.838383838384, 0.81197402, 1.00000000, 1.00000000, 1.00000000
0.040404040404, 0.848484848485, 0.81515427, 1.00000000, 1.00000000, 1.00000000
0.040404040404, 0.858585858586, 0.81907746, 1.00000000, 1.00000000, 1.00000000
0.040404040404, 0.868686868687, 0.82372807, 1.00000000, 1.00000000, 1.00000000
0.040404040404, 0.878787878788, 0.82908769, 1.00000000, 1.00000000, 1.00000000
0.040404040404, 0.888888888889, 0.83513509, 1.00000000, 1.00000000, 1.00000000
0.040404040404, 0.898989898990, 0.84184627, 1.00000000, 1.00000000, 1.00000000
0.040404040404, 0.909090909091, 0.84919459, 1.00000000, 1.00000000, 1.00000000
0.040404040404, 0.919191919192, 0.85715077, 1.00000000, 1.00000000, 1.00000000
0.040404040404, 0.929292929293, 0.86568295, 1.00000000, 1.00000000, 1.00000000
0.040404040404, 0.939393939394, 0.87475643, 1.00000000, 1.00000000, 1.00000000
0.040404040404, 0.949494949495, 0.88433308, 1.00000000, 1.00000000, 1.00000000
0.040404040404, 0.959595959596, 0.89436973, 1.00000000, 1.00000000, 1.00000000
0.050505050505, -0.000000000000, 0.95957483, 1.00000000, 1.00000000, 1.00000000
0.050505050505, 0.010101010101, 0.97091844, 1.00000000, 1.00000000, 1.00000000
0.050505050505, 0.020202020202, 0.98207817, 1.00000000, 1.00000000, 1.00000000
0.050505050505, 0.030303030303, 0.99303115, 1.00000000, 1.00000000, 1.00000000
0.050505050505, 0.040404040404, 1.00382396, 1.00000000, 1.00000000, 1.00000000
0.050505050505, 0.050505050505, 1.01455732, 1.00000000, 1.00000000, 1.00000000
0.050505050505, 0.060606060606, 1.02534662, 1.00000000, 1.00000000, 1.00000000
0.050505050505, 0.070707070707, 1.03627553, 1.00000000, 1.00000000, 1.00000000
0.050505050505, 0.080808080808, 1.04736445, 1.00000000, 1.00000000, 1.00000000
0.050505050505, 0.090909090909, 1.05856584, 1.00000000, 1.00000000, 1.00000000
0.050505050505, 0.101010101010, 1.06978336, 1.00000000, 1.00000000, 1.00000000
0.050505050505, 0.111111111111, 1.08090083, 1.00000000, 1.00000000, 1.00000000
0.050505050505, 0.121212121212, 1.09180661, 1.00000000, 1.00000000, 1.00000000
0.050505050505, 0.131313131313, 1.10240653, 1.00000000, 1.00000000, 1.00000000
0.050505050505, 0.141414141414, 1.11262613, 1.00000000, 1.00000000, 1.00000000
0.050505050505, 0.151515151515, 1.12240686, 1.00000000, 1.00000000, 1.00000000
0.050505050505, 0.161616161616, 1.13170097, 1.00000000, 1.00000000, 1.00000000
0.050505050505, 0.171717171717, 1.14046741, 1.00000000, 1.00000000, 1.00000000
0.050505050505, 0.181818181818, 1.14866939, 1.00000000, 1.00000000, 1.00000000
0.050505050505, 0.191919191919, 1.15627324, 1.00000000, 1.00000000, 1.00000000
0.050505050505, 0.202020202020, 1.16324798, 1.00000000, 1.00000000, 1.00000000
0.050505050505, 0.212121212121, 1.16956528, 1.00000000, 1.00000000, 1.00000000
0.050505050505, 0.222222222222, 1.17519948, 1.00000000, 1.00000000, 1.00000000
0.050505050505, 0.232323232323, 1.18012770, 1.00000000, 1.00000000, 1.00000000
0.050505050505, 0.242424242424, 1.18432989, 1.00000000, 1.00000000, 1.00000000
0.050505050505, 0.252525252525, 1.18778899, 1.00000000, 1.00000000, 1.00000000
0.050505050505, 0.262626262626, 1.19049090, 1.00000000, 1.00000000, 1.00000000
0.050505050505, 0.272727272727, 1.19242459, 1.00000000, 1.00000000, 1.00000000
0.050505050505, 0.282828282828, 1.19358216, 1.00000000, 1.00000000, 1.00000000
0.050505050505, 0.292929292929, 1.19395883, 1.00000000, 1.00000000, 1.00000000
0.050505050505, 0.303030303030, 1.19355307, 1.00000000, 1.00000000, 1.00000000
0.050505050505, 0.313131313131, 1.19236658, 1.00000000, 1.00000000, 1.00000000
0.050505050505, 0.323232323232, 1.19040422, 1.00000000, 1.00000000, 1.00000000
0.050505050505, 0.333333333333, 1.18767398, 1.00000000, 1.00000000, 1.00000000
0.050505050505, 0.343434343434, 1.18418697, 1.00000000, 1.00000000, 1.00000000
0.050505050505, 0.353535353535, 1.17995735, 1.00000000, 1.00000000, 1.00000000
0.050505050505, 0.363636363636, 1.17500231, 1.00000000, 1.00000000, 1.00000000
0.050505050505, 0.373737373737, 1.16934195, 1.00000000, 1.00000000, 1.00000000
0.050505050505, 0.383838383838, 1.16299925, 1.00000000, 1.00000000, 1.00000000
0.050505050505, 0.393939393939, 1.15599997, 1.00000000, 1.00000000, 1.00000000
0.050505050505, 0.404040404040, 1.14837249, 1.00000000, 1.00000000, 1.00000000
0.050505050505, 0.414141414141, 1.14014778, 1.00000000, 1.00000000, 1.00000000
0.050505050505, 0.424242424242, 1.13135920, 1.00000000, 1.00000000, 1.00000000
0.050505050505, 0.434343434343, 1.12204240, 1.00000000, 1.00000000, 1.00000000
0.050505050505, 0.444444444444, 1.11223515, 1.00000000, 1.00000000, 1.00000000
0.050505050505, 0.454545454545, 1.10197721, 1.00000000, 1.00000000, 1.00000000
0.050505050505, 0.464646464646, 1.09131017, 1.00000000, 1.00000000, 1.00000000
0.050505050505, 0.474747474747, 1.08027723, 1.00000000, 1.00000000, 1.00000000
0.050505050505, 0.484848484848, 1.06892309, 1.00000000, 1.00000000, 1.00000000
0.050505050505, 0.494949494949, 1.05729370, 1.00000000, 1.00000000, 1.00000000
0.050505050505, 0.505050505051, 1.04543613, 1.00000000, 1.00000000, 1.00000000
0.050505050505, 0.515151515152, 1.03339833, 1.00000000, 1.00000000, 1.00000000
0.050505050505, 0.525252525253, 1.02122895, 1.00000000, 1.00000000, 1.00000000
0.050505050505, 0.535353535354, 1.00897717, 1.00000000, 1.00000000, 1.00000000
0.050505050505, 0.545454545455, 0.99669244, 1.00000000, 1.00000000, 1.00000000
0.050505050505, 0.555555555556, 0.98442431, 1.00000000, 1.00000000, 1.00000000
0.050505050505, 0.565656565657, 0.97222225, 1.00000000, 1.00000000, 1.00000000
0.050505050505, 0.575757575758, 0.96013539, 1.00000000, 1.00000000, 1.00000000
0.050505050505, 0.585858585859, 0.94821237, 1.00000000, 1.00000000, 1.00000000
0.050505050505, 0.595959595960, 0.93650114, 1.00000000, 1.00000000, 1.00000000
0.050505050505, 0.606060606061, 0.92504872, 1.00000000, 1.00000000, 1.00000000
0.050505050505, 0.616161616162, 0.91390107, 1.00000000, 1.00000000, 1.00000000
0.050505050505, 0.626262626263, 0.90310287, 1.00000000, 1.00000000, 1.00000000
0.050505050505, 0.636363636364, 0.89269735, 1.00000000, 1.00000000, 1.00000000
0.050505050505, 0.646464646465, 0.88272612, 1.00000000, 1.00000000, 1.00000000
0.050505050505, 0.656565656566, 0.87322901, 1.00000000, 1.00000000, 1.00000000
0.050505050505, 0.666666666667, 0.86424393, 1.00000000, 1.00000000, 1.00000000
0.050505050505, 0.676767676768, 0.85580667, 1.00000000, 1.00000000, 1.00000000
0.050505050505, 0.686868686869, 0.84795083, 1.00000000, 1.00000000, 1.00000000
0.050505050505, 0.696969696970, 0.84070765, 1.00000000, 1.00000000, 1.00000000
0.050505050505, 0.707070707071, 0.83410592, 1.00000000, 1.00000000, 1.00000000
0.050505050505, 0.717171717172, 0.82817183, 1.00000000, 1.00000000, 1.00000000
0.050505050505, 0.727272727273, 0.82292894, 1.00000000, 1.00000000, 1.00000000
0.050505050505, 0.737373737374, 0.81839803, 1.00000000, 1.00000000, 1.00000000
0.050505050505, 0.747474747475, 0.81459708, 1.00000000, 1.00000000, 1.00000000
0.050505050505, 0.757575757576, 0.81154116, 1.00000000, 1.00000000, 1.00000000
0.050505050505, 0.767676767677, 0.80924241, 1.00000000, 1.00000000, 1.00000000
0.050505050505, 0.777777777778, 0.80771002, 1.00000000, 1.00000000, 1.00000000
0.050505050505, 0.787878787879, 0.80695012, 1.00000000, 1.00000000, 1.00000000
0.050505050505, 0.797979797980, 0.80696579, 1.00000000, 1.00000000, 1.00000000
0.050505050505, 0.808080808081, 0.80775686, 1.00000000, 1.00000000, 1.00000000
0.050505050505, 0.818181818182, 0.80932012, 1.00000000, 1.00000000, 1.00000000
0.050505050505, 0.828282828283, 0.81164933, 1.00000000, 1.00000000, 1.00000000
0.050505050505, 0.838383838384, 0.81473522, 1.00000000, 1.00000000, 1.00000000
0.050505050505, 0.848484848485, 0.81856554, 1.00000000, 1.00000000, 1.00000000
0.050505050505, 0.858585858586, 0.82312511, 1.00000000, 1.00000000, 1.00000000
0.050505050505, 0.868686868687, 0.82839585, 1.00000000, 1.00000000, 1.00000000
0.050505050505, 0.878787878788, 0.83435685, 1.00000000, 1.00000000, 1.00000000
0.050505050505, 0.888888888889, 0.84098448, 1.00000000, 1.00000000, 1.00000000
0.050505050505, 0.898989898990, 0.84825240, 1.00000000, 1.00000000, 1.00000000
0.050505050505, 0.909090909091, 0.85613171, 1.00000000, 1.00000000, 1.00000000
0.050505050505, 0.919191919192, 0.86459100, 1.00000000, 1.00000000, 1.00000000
0.050505050505, 0.929292929293, 0.87359638, 1.00000000, 1.00000000, 1.00000000
0.050505050505, 0.939393939394, 0.88311125, 1.00000000, 1.00000000, 1.00000000
0.050505050505, 0.949494949495, 0.89309572, 1.00000000, 1.00000000, 1.00000000
0.050505050505, 0.959595959596, 0.90350506, 1.00000000, 1.00000000, 1.00000000
0.060606060606, -0.000000000000, 0.97024593, 1.00000000, 1.00000000, 1.00000000
0.060606060606, 0.010101010101, 0.98169176, 1.00000000, 1.00000000, 1.00000000
0.060606060606, 0.020202020202, 0.99291362, 1.00000000, 1.00000000, 1.00000000
0.060606060606, 0.030303030303, 1.00388938, 1.00000000, 1.00000000, 1.00000000
0.060606060606, 0.040404040404, 1.01466654, 1.00000000, 1.00000000, 1.00000000
0.060606060606, 0.050505050505, 1.02534662, 1.00000000, 1.00000000, 1.00000000
0.060606060606, 0.060606060606, 1.03604525, 1.00000000, 1.00000000, 1.00000000
0.060606060606, 0.070707070707, 1.04684569, 1.00000000, 1.00000000, 1.00000000
0.060606060606, 0.080808080808, 1.05776741, 1.00000000, 1.00000000, 1.00000000
0.060606060606, 0.090909090909, 1.06876188, 1.00000000, 1.00000000, 1.00000000
0.060606060606, 0.101010101010, 1.07973227, 1.00000000, 1.00000000, 1.00000000
0.060606060606, 0.111111111111, 1.09056250, 1.00000000, 1.00000000, 1.00000000
0.060606060606, 0.121212121212, 1.10114175, 1.00000000, 1.00000000, 1.00000000
0.060606060606, 0.131313131313, 1.11137713, 1.00000000, 1.00000000, 1.00000000
0.060606060606, 0.141414141414, 1.12119574, 1.00000000, 1.00000000, 1.00000000
0.060606060606, 0.151515151515, 1.13054076, 1.00000000, 1.00000000, 1.00000000
0.060606060606, 0.161616161616, 1.13936630, 1.00000000, 1.00000000, 1.00000000
0.060606060606, 0.171717171717, 1.14763323, 1.00000000, 1.00000000, 1.00000000
0.060606060606, 0.181818181818, 1.15530680, 1.00000000, 1.00000000, 1.00000000
0.060606060606, 0.191919191919, 1.16235546, 1.00000000, 1.00000000, 1.00000000
0.060606060606, 0.202020202020, 1.16875050, 1.00000000, 1.00000000, 1.00000000
0.060606060606, 0.212121212121, 1.17446590, 1.00000000, 1.00000000, 1.00000000
0.060606060606, 0.222222222222, 1.17947844, 1.00000000, 1.00000000, 1.00000000
0.060606060606, 0.232323232323, 1.18376773, 1.00000000, 1.00000000, 1.00000000
0.060606060606, 0.242424242424, 1.18731632, 1.00000000, 1.00000000, 1.00000000
0.060606060606, 0.252525252525, 1.19010974, 1.00000000, 1.00000000, 1.00000000
0.060606060606, 0.262626262626, 1.19213659, 1.00000000, 1.00000000, 1.00000000
0.060606060606, 0.272727272727, 1.19338855, 1.00000000, 1.00000000, 1.00000000
0.060606060606, 0.282828282828, 1.19386044, 1.00000000, 1.00000000, 1.00000000
0.060606060606, 0.292929292929, 1.19355032, 1.00000000, 1.00000000, 1.00000000
0.060606060606, 0.303030303030, 1.19245948, 1.00000000, 1.00000000, 1.00000000
0.060606060606, 0.313131313131, 1.19059236, 1.00000000, 1.00000000, 1.00000000
0.060606060606, 0.323232323232, 1.18795656, 1.00000000, 1.00000000, 1.00000000
0.060606060606, 0.333333333333, 1.18456277, 1.00000000, 1.00000000, 1.00000000
0.060606060606, 0.343434343434, 1.18042477, 1.00000000, 1.00000000, 1.00000000
0.060606060606, 0.353535353535, 1.17555935, 1.00000000, 1.00000000, 1.00000000
0.060606060606, 0.363636363636, 1.16998624, 1.00000000, 1.00000000, 1.00000000
0.060606060606, 0.373737373737, 1.16372805, 1.00000000, 1.00000000, 1.00000000
0.060606060606, 0.383838383838, 1.15681017, 1.00000000, 1.00000000, 1.00000000
0.060606060606, 0.393939393939, 1.14926067, 1.00000000, 1.00000000, 1.00000000
0.060606060606, 0.404040404040, 1.14111016, 1.00000000, 1.00000000, 1.00000000
0.060606060606, 0.414141414141, 1.13239171, 1.00000000, 1.00000000, 1.00000000
0.060606060606, 0.424242424242, 1.12314068, 1.00000000, 1.00000000, 1.00000000
0.060606060606, 0.434343434343, 1.11339458, 1.00000000, 1.00000000, 1.00000000
0.060606060606, 0.444444444444, 1.10319291, 1.00000000, 1.00000000, 1.00000000
0.060606060606, 0.454545454545, 1.09257704, 1.00000000, 1.00000000, 1.00000000
0.060606060606, 0.464646464646, 1.08158998, 1.00000000, 1.00000000, 1.00000000
0.060606060606, 0.474747474747, 1.07027624, 1.00000000, 1.00000000, 1.00000000
0.060606060606, 0.484848484848, 1.05868163, 1.00000000, 1.00000000, 1.00000000
0.060606060606, 0.494949494949, 1.04685308, 1.00000000, 1.00000000, 1.00000000
0.060606060606, 0.505050505051, 1.03483845, 1.00000000, 1.00000000, 1.00000000
0.060606060606, 0.515151515152, 1.02268633, 1.00000000, 1.00000000, 1.00000000
0.060606060606, 0.525252525253, 1.01044583, 1.00000000, 1.00000000, 1.00000000
0.060606060606, 0.535353535354, 0.99816638, 1.00000000, 1.00000000, 1.00000000
0.060606060606, 0.545454545455, 0.98589755, 1.00000000, 1.00000000, 1.00000000
0.060606060606, 0.555555555556, 0.97368883, 1.00000000, 1.00000000, 1.00000000
0.060606060606, 0.565656565657, 0.96158942, 1.00000000, 1.00000000, 1.00000000
0.060606060606, 0.575757575758, 0.94964803, 1.00000000, 1.00000000, 1.00000000
0.060606060606, 0.585858585859, 0.93791270, 1.00000000, 1.00000000, 1.00000000
0.060606060606, 0.595959595960, 0.92643061, 1.00000000, 1.00000000, 1.00000000
0.060606060606, 0.606060606061, 0.91524784, 1.00000000, 1.00000000, 1.00000000
0.060606060606, 0.616161616162, 0.90440925, 1.00000000, 1.00000000, 1.00000000
0.060606060606, 0.626262626263, 0.89395826, 1.00000000, 1.00000000, 1.00000000
0.060606060606, 0.636363636364, 0.88393668, 1.00000000, 1.00000000, 1.00000000
0.060606060606, 0.646464646465, 0.87438458, 1.00000000, 1.00000000, 1.00000000
0.060606060606, 0.656565656566, 0.86534008, 1.00000000, 1.00000000, 1.00000000
0.060606060606, 0.666666666667, 0.85683924, 1.00000000, 1.00000000, 1.00000000
0.060606060606, 0.676767676768, 0.84891593, 1.00000000, 1.00000000, 1.00000000
0.060606060606, 0.686868686869, 0.84160165, 1.00000000, 1.00000000, 1.00000000
0.060606060606, 0.696969696970, 0.83492548, 1.00000000, 1.00000000, 1.00000000
0.060606060606, 0.707070707071, 0.82891391, 1.00000000, 1.00000000, 1.00000000
0.060606060606, 0.717171717172, 0.82359079, 1.00000000, 1.00000000, 1.00000000
0.060606060606, 0.727272727273, 0.81897722, 1.00000000, 1.00000000, 1.00000000
0.060606060606, 0.737373737374, 0.81509147, 1.00000000, 1.00000000, 1.00000000
0.060606060606, 0.747474747475, 0.81194894, 1.00000000, 1.00000000, 1.00000000
0.060606060606, 0.757575757576, 0.80956210, 1.00000000, 1.00000000, 1.00000000
0.060606060606, 0.767676767677, 0.80794042, 1.00000000, 1.00000000, 1.00000000
0.060606060606, 0.777777777778, 0.80709040, 1.00000000, 1.00000000, 1.00000000
0.060606060606, 0.787878787879, 0.80701543, 1.00000000, 1.00000000, 1.00000000
0.060606060606, 0.797979797980, 0.80771569, 1.00000000, 1.00000000, 1.00000000
0.060606060606, 0.808080808081, 0.80918830, 1.00000000, 1.00000000, 1.00000000
0.060606060606, 0.818181818182, 0.81142734, 1.00000000, 1.00000000, 1.00000000
0.060606060606, 0.828282828283, 0.81442387, 1.00000000, 1.00000000, 1.00000000
0.060606060606, 0.838383838384, 0.81816597, 1.00000000, 1.00000000, 1.00000000
0.060606060606, 0.848484848485, 0.82263878, 1.00000000, 1.00000000, 1.00000000
0.060606060606, 0.858585858586, 0.82782453, 1.00000000, 1.00000000, 1.00000000
0.060606060606, 0.868686868687, 0.83370266, 1.00000000, 1.00000000, 1.00000000
0.060606060606, 0.878787878788, 0.84024981, 1.00000000, 1.00000000, 1.00000000
0.060606060606, 0.888888888889, 0.84743997, 1.00000000, 1.00000000, 1.00000000
0.060606060606, 0.898989898990, 0.85524456, 1.00000000, 1.00000000, 1.00000000
0.060606060606, 0.909090909091, 0.86363252, 1.00000000, 1.00000000, 1.00000000
0.060606060606, 0.919191919192, 0.87257037, 1.00000000, 1.00000000, 1.00000000
0.060606060606, 0.929292929293, 0.88202228, 1.00000000, 1.00000000, 1.00000000
0.060606060606, 0.939393939394, 0.89194989, 1.00000000, 1.00000000, 1.00000000
0.060606060606, 0.949494949495, 0.90231166, 1.00000000, 1.00000000, 1.00000000
0.060606060606, 0.959595959596, 0.91306140, 1.00000000, 1.00000000, 1.00000000
0.070707070707, -0.000000000000, 0.98123930, 1.00000000, 1.00000000, 1.00000000
0.070707070707, 0.010101010101, 0.99275093, 1.00000000, 1.00000000, 1.00000000
0.070707070707, 0.020202020202, 1.00399849, 1.00000000, 1.00000000, 1.00000000
0.070707070707, 0.030303030303, 1.01496065, 1.00000000, 1.00000000, 1.00000000
0.070707070707, 0.040404040404, 1.02568568, 1.00000000, 1.00000000, 1.00000000
0.070707070707, 0.050505050505, 1.03627553, 1.00000000, 1.00000000, 1.00000000
0.070707070707, 0.060606060606, 1.04684569, 1.00000000, 1.00000000, 1.00000000
0.070707070707, 0.070707070707, 1.05747868, 1.00000000, 1.00000000, 1.00000000
0.070707070707, 0.080808080808, 1.06819290, 1.00000000, 1.00000000, 1.00000000
0.070707070707, 0.090909090909, 1.07893904, 1.00000000, 1.00000000, 1.00000000
0.070707070707, 0.101010101010, 1.08962002, 1.00000000, 1.00000000, 1.00000000
0.070707070707, 0.111111111111, 1.10012032, 1.00000000, 1.00000000, 1.00000000
0.070707070707, 0.121212121212, 1.11033029, 1.00000000, 1.00000000, 1.00000000
0.070707070707, 0.131313131313, 1.12015868, 1.00000000, 1.00000000, 1.00000000
0.070707070707, 0.141414141414, 1.12953441, 1.00000000, 1.00000000, 1.00000000
0.070707070707, 0.151515151515, 1.13840264, 1.00000000, 1.00000000, 1.00000000
0.070707070707, 0.161616161616, 1.14671948, 1.00000000, 1.00000000, 1.00000000
0.070707070707, 0.171717171717, 1.15444793, 1.00000000, 1.00000000, 1.00000000
0.070707070707, 0.181818181818, 1.16155541, 1.00000000, 1.00000000, 1.00000000
0.070707070707, 0.191919191919, 1.16801270, 1.00000000, 1.00000000, 1.00000000
0.070707070707, 0.202020202020, 1.17379345, 1.00000000, 1.00000000, 1.00000000
0.070707070707, 0.212121212121, 1.17887415, 1.00000000, 1.00000000, 1.00000000
0.070707070707, 0.222222222222, 1.18323412, 1.00000000, 1.00000000, 1.00000000
0.070707070707, 0.232323232323, 1.18685561, 1.00000000, 1.00000000, 1.00000000
0.070707070707, 0.242424242424, 1.18972387, 1.00000000, 1.00000000, 1.00000000
0.070707070707, 0.252525252525, 1.19182717, 1.00000000, 1.00000000, 1.00000000
0.070707070707, 0.262626262626, 1.19315689, 1.00000000, 1.00000000, 1.00000000
0.070707070707, 0.272727272727, 1.19370752, 1.00000000, 1.00000000, 1.00000000
0.070707070707, 0.282828282828, 1.19347679, 1.00000000, 1.00000000, 1.00000000
0.070707070707, 0.292929292929, 1.19246565, 1.00000000, 1.00000000, 1.00000000
0.070707070707, 0.303030303030, 1.19067823, 1.00000000, 1.00000000, 1.00000000
0.070707070707, 0.313131313131, 1.18812177, 1.00000000, 1.00000000, 1.00000000
0.070707070707, 0.323232323232, 1.18480665, 1.00000000, 1.00000000, 1.00000000
0.070707070707, 0.333333333333, 1.18074632, 1.00000000, 1.00000000, 1.00000000
0.070707070707, 0.343434343434, 1.17595723, 1.00000000, 1.00000000, 1.00000000
0.070707070707, 0.353535353535, 1.17045883, 1.00000000, 1.00000000, 1.00000000
0.070707070707, 0.363636363636, 1.16427339, 1.00000000, 1.00000000, 1.00000000
0.070707070707, 0.373737373737, 1.15742601, 1.00000000, 1.00000000, 1.00000000
0.070707070707, 0.383838383838, 1.14994447, 1.00000000, 1.00000000, 1.00000000
0.070707070707, 0.393939393939, 1.14185910, 1.00000000, 1.00000000, 1.00000000
0.070707070707, 0.404040404040, 1.13320269, 1.00000000, 1.00000000, 1.00000000
0.070707070707, 0.414141414141, 1.12401036, 1.00000000, 1.00000000, 1.00000000
0.070707070707, 0.424242424242, 1.11431936, 1.00000000, 1.00000000, 1.00000000
0.070707070707, 0.434343434343, 1.10416900, 1.00000000, 1.00000000, 1.00000000
0.070707070707, 0.444444444444, 1.09360040, 1.00000000, 1.00000000, 1.00000000
0.070707070707, 0.454545454545, 1.08265641, 1.00000000, 1.00000000, 1.00000000
0.070707070707, 0.464646464646, 1.07138135, 1.00000000, 1.00000000, 1.00000000
0.070707070707, 0.474747474747, 1.05982087, 1.00000000, 1.00000000, 1.00000000
0.070707070707, 0.484848484848, 1.04802179, 1.00000000, 1.00000000, 1.00000000
0.070707070707, 0.494949494949, 1.03603185, 1.00000000, 1.00000000, 1.00000000
0.070707070707, 0.505050505051, 1.02389953, 1.00000000, 1.00000000, 1.00000000
0.070707070707, 0.515151515152, 1.01167388, 1.00000000, 1.00000000, 1.00000000
0.070707070707, 0.525252525253, 0.99940428, 1.00000000, 1.00000000, 1.00000000
0.070707070707, 0.535353535354, 0.98714028, 1.00000000, 1.00000000, 1.00000000
0.070707070707, 0.545454545455, 0.97493134, 1.00000000, 1.00000000, 1.00000000
0.070707070707, 0.555555555556, 0.96282668, 1.00000000, 1.00000000, 1.00000000
0.070707070707, 0.565656565657, 0.95087506, 1.00000000, 1.00000000, 1.00000000
0.070707070707, 0.575757575758, 0.93912458, 1.00000000, 1.00000000, 1.00000000
0.070707070707, 0.585858585859, 0.92762246, 1.00000000, 1.00000000, 1.00000000
0.070707070707, 0.595959595960, 0.91641491, 1.00000000, 1.00000000, 1.00000000
0.070707070707, 0.606060606061, 0.90554689, 1.00000000, 1.00000000, 1.00000000
0.070707070707, 0.616161616162, 0.89506196, 1.00000000, 1.00000000, 1.00000000
0.070707070707, 0.626262626263, 0.88500209, 1.00000000, 1.00000000, 1.00000000
0.070707070707, 0.636363636364, 0.87540749, 1.00000000, 1.00000000, 1.00000000
0.070707070707, 0.646464646465, 0.86631649, 1.00000000, 1.00000000, 1.00000000
0.070707070707, 0.656565656566, 0.85776535, 1.00000000, 1.00000000, 1.00000000
0.070707070707, 0.666666666667, 0.84978812, 1.00000000, 1.00000000, 1.00000000
0.070707070707, 0.676767676768, 0.84241657, 1.00000000, 1.00000000, 1.00000000
0.070707070707, 0.686868686869, 0.83567997, 1.00000000, 1.00000000, 1.00000000
0.070707070707, 0.696969696970, 0.82960509, 1.00000000, 1.00000000, 1.00000000
0.070707070707, 0.707070707071, 0.82421601, 1.00000000, 1.00000000, 1.00000000
0.070707070707, 0.717171717172, 0.81953410, 1.00000000, 1.00000000, 1.00000000
0.070707070707, 0.727272727273, 0.81557790, 1.00000000, 1.00000000, 1.00000000
0.070707070707, 0.737373737374, 0.81236308, 1.00000000, 1.00000000, 1.00000000
0.070707070707, 0.747474747475, 0.80990239, 1.00000000, 1.00000000, 1.00000000
0.070707070707, 0.757575757576, 0.80820559, 1.00000000, 1.00000000, 1.00000000
0.070707070707, 0.767676767677, 0.80727943, 1.00000000, 1.00000000, 1.00000000
0.070707070707, 0.777777777778, 0.80712764, 1.00000000, 1.00000000, 1.00000000
0.070707070707, 0.787878787879, 0.80775068, 1.00000000, 1.00000000, 1.00000000
0.070707070707, 0.797979797980, 0.80914596, 1.00000000, 1.00000000, 1.00000000
0.070707070707, 0.808080808081, 0.81130786, 1.00000000, 1.00000000, 1.00000000
0.070707070707, 0.818181818182, 0.81422771, 1.00000000, 1.00000000, 1.00000000
0.070707070707, 0.828282828283, 0.81789390, 1.00000000, 1.00000000, 1.00000000
0.070707070707, 0.838383838384, 0.82229184, 1.00000000, 1.00000000, 1.00000000
0.070707070707, 0.848484848485, 0.82740406, 1.00000000, 1.00000000, 1.00000000
0.070707070707, 0.858585858586, 0.83321025, 1.00000000, 1.00000000, 1.00000000
0.070707070707, 0.868686868687, 0.83968736, 1.00000000, 1.00000000, 1.00000000
0.070707070707, 0.878787878788, 0.84680964, 1.00000000, 1.00000000, 1.00000000
0.070707070707, 0.888888888889, 0.85454878, 1.00000000, 1.00000000, 1.00000000
0.070707070707, 0.898989898990, 0.86287397, 1.00000000, 1.00000000, 1.00000000
0.070707070707, 0.909090909091, 0.87175204, 1.00000000, 1.00000000, 1.00000000
0.070707070707, 0.919191919192, 0.88114756, 1.00000000, 1.00000000, 1.00000000
0.070707070707, 0.929292929293, 0.89102283, 1.00000000, 1.00000000, 1.00000000
0.070707070707, 0.939393939394, 0.90133779, 1.00000000, 1.00000000, 1.00000000
0.070707070707, 0.949494949495, 0.91204937, 1.00000000, 1.00000000, 1.00000000
0.070707070707, 0.959595959596, 0.92311005, 1.00000000, 1.00000000, 1.00000000
0.080808080808, -0.000000000000, 0.99257877, 1.00000000, 1.00000000, 1.00000000
0.080808080808, 0.010101010101, 1.00411927, 1.00000000, 1.00000000, 1.00000000
0.080808080808, 0.020202020202, 1.01535547, 1.00000000, 1.00000000, 1.00000000
0.080808080808, 0.030303030303, 1.02626695, 1.00000000, 1.00000000, 1.00000000
0.080808080808, 0.040404040404, 1.03690260, 1.00000000, 1.00000000, 1.00000000
0.080808080808, 0.050505050505, 1.04736445, 1.00000000, 1.00000000, 1.00000000
0.080808080808, 0.060606060606, 1.05776741, 1.00000000, 1.00000000, 1.00000000
0.080808080808, 0.070707070707, 1.06819290, 1.00000000, 1.00000000, 1.00000000
0.080808080808, 0.080808080808, 1.07865822, 1.00000000, 1.00000000, 1.00000000
0.080808080808, 0.090909090909, 1.08911334, 1.00000000, 1.00000000, 1.00000000
0.080808080808, 0.101010101010, 1.09946130, 1.00000000, 1.00000000, 1.00000000
0.080808080808, 0.111111111111, 1.10958754, 1.00000000, 1.00000000, 1.00000000
0.080808080808, 0.121212121212, 1.11938400, 1.00000000, 1.00000000, 1.00000000
0.080808080808, 0.131313131313, 1.12876137, 1.00000000, 1.00000000, 1.00000000
0.080808080808, 0.141414141414, 1.13765074, 1.00000000, 1.00000000, 1.00000000
0.080808080808, 0.151515151515, 1.14599943, 1.00000000, 1.00000000, 1.00000000
0.080808080808, 0.161616161616, 1.15376578, 1.00000000, 1.00000000, 1.00000000
0.080808080808, 0.171717171717, 1.16091509, 1.00000000, 1.00000000, 1.00000000
0.080808080808, 0.181818181818, 1.16741714, 1.00000000, 1.00000000, 1.00000000
0.080808080808, 0.191919191919, 1.17324517, 1.00000000, 1.00000000, 1.00000000
0.080808080808, 0.202020202020, 1.17837538, 1.00000000, 1.00000000, 1.00000000
0.080808080808, 0.212121212121, 1.18278688, 1.00000000, 1.00000000, 1.00000000
0.080808080808, 0.222222222222, 1.18646173, 1.00000000, 1.00000000, 1.00000000
0.080808080808, 0.232323232323, 1.18938493, 1.00000000, 1.00000000, 1.00000000
0.080808080808, 0.242424242424, 1.19154456, 1.00000000, 1.00000000, 1.00000000
0.080808080808, 0.252525252525, 1.19293177, 1.00000000, 1.00000000, 1.00000000
0.080808080808, 0.262626262626, 1.19354081, 1.00000000, 1.00000000, 1.00000000
0.080808080808, 0.272727272727, 1.19336918, 1.00000000, 1.00000000, 1.00000000
0.080808080808, 0.282828282828, 1.19241760, 1.00000000, 1.00000000, 1.00000000
0.080808080808, 0.292929292929, 1.19068995, 1.00000000, 1.00000000, 1.00000000
0.080808080808, 0.303030303030, 1.18819324, 1.00000000, 1.00000000, 1.00000000
0.080808080808, 0.313131313131, 1.18493762, 1.00000000, 1.00000000, 1.00000000
0.080808080808, 0.323232323232, 1.18093629, 1.00000000, 1.00000000, 1.00000000
0.080808080808, 0.333333333333, 1.17620548, 1.00000000, 1.00000000, 1.00000000
0.080808080808, 0.343434343434, 1.17076438, 1.00000000, 1.00000000, 1.00000000
0.080808080808, 0.353535353535, 1.16463505, 1.00000000, 1.00000000, 1.00000000
0.080808080808, 0.363636363636, 1.15784237, 1.00000000, 1.00000000, 1.00000000
0.080808080808, 0.373737373737, 1.15041388, 1.00000000, 1.00000000, 1.00000000
0.080808080808, 0.383838383838, 1.14237971, 1.00000000, 1.00000000, 1.00000000
0.080808080808, 0.393939393939, 1.13377244, 1.00000000, 1.00000000, 1.00000000
0.080808080808, 0.404040404040, 1.12462698, 1.00000000, 1.00000000, 1.00000000
0.080808080808, 0.414141414141, 1.11498040, 1.00000000, 1.00000000, 1.00000000
0.080808080808, 0.424242424242, 1.10487182, 1.00000000, 1.00000000, 1.00000000
0.080808080808, 0.434343434343, 1.09434221, 1.00000000, 1.00000000, 1.00000000
0.080808080808, 0.444444444444, 1.08343423, 1.00000000, 1.00000000, 1.00000000
0.080808080808, 0.454545454545, 1.07219206, 1.00000000, 1.00000000, 1.00000000
0.080808080808, 0.464646464646, 1.06066124, 1.00000000, 1.00000000, 1.00000000
0.080808080808, 0.474747474747, 1.04888843, 1.00000000, 1.00000000, 1.00000000
0.080808080808, 0.484848484848, 1.03692127, 1.00000000, 1.00000000, 1.00000000
0.080808080808, 0.494949494949, 1.02480816, 1.00000000, 1.00000000, 1.00000000
0.080808080808, 0.505050505051, 1.01259805, 1.00000000, 1.00000000, 1.00000000
0.080808080808, 0.515151515152, 1.00034026, 1.00000000, 1.00000000, 1.00000000
0.080808080808, 0.525252525253, 0.98808429, 1.00000000, 1.00000000, 1.00000000
0.080808080808, 0.535353535354, 0.97587956, 1.00000000, 1.00000000, 1.00000000
0.080808080808, 0.545454545455, 0.96377528, 1.00000000, 1.00000000, 1.00000000
0.080808080808, 0.555555555556, 0.95182020, 1.00000000, 1.00000000, 1.00000000
0.080808080808, 0.565656565657, 0.94006242, 1.00000000, 1.00000000, 1.00000000
0.080808080808, 0.575757575758, 0.92854922, 1.00000000, 1.00000000, 1.00000000
0.080808080808, 0.585858585859, 0.91732682, 1.00000000, 1.00000000, 1.00000000
0.080808080808, 0.595959595960, 0.90644027, 1.00000000, 1.00000000, 1.00000000
0.080808080808, 0.606060606061, 0.89593319, 1.00000000, 1.00000000, 1.00000000
0.080808080808, 0.616161616162, 0.88584764, 1.00000000, 1.00000000, 1.00000000
0.080808080808, 0.626262626263, 0.87622395, 1.00000000, 1.00000000, 1.00000000
0.080808080808, 0.636363636364, 0.86710057, 1.00000000, 1.00000000, 1.00000000
0.080808080808, 0.646464646465, 0.85851387, 1.00000000, 1.00000000, 1.00000000
0.080808080808, 0.656565656566, 0.85049809, 1.00000000, 1.00000000, 1.00000000
0.080808080808, 0.666666666667, 0.84308512, 1.00000000, 1.00000000, 1.00000000
0.080808080808, 0.676767676768, 0.83630444, 1.00000000, 1.00000000, 1.00000000
0.080808080808, 0.686868686869, 0.83018297, 1.00000000, 1.00000000, 1.00000000
0.080808080808, 0.696969696970, 0.82474500, 1.00000000, 1.00000000, 1.00000000
0.080808080808, 0.707070707071, 0.82001210, 1.00000000, 1.00000000, 1.00000000
0.080808080808, 0.717171717172, 0.81600302, 1.00000000, 1.00000000, 1.00000000
0.080808080808, 0.727272727273, 0.81273364, 1.00000000, 1.00000000, 1.00000000
0.080808080808, 0.737373737374, 0.81021693, 1.00000000, 1.00000000, 1.00000000
0.080808080808, 0.747474747475, 0.80846288, 1.00000000, 1.00000000, 1.00000000
0.080808080808, 0.757575757576, 0.80747848, 1.00000000, 1.00000000, 1.00000000
0.080808080808, 0.767676767677, 0.80726769, 1.00000000, 1.00000000, 1.00000000
0.080808080808, 0.777777777778, 0.80783121, 1.00000000, 1.00000000, 1.00000000
0.080808080808, 0.787878787879, 0.80916669, 1.00000000, 1.00000000, 1.00000000
0.080808080808, 0.797979797980, 0.81126874, 1.00000000, 1.00000000, 1.00000000
0.080808080808, 0.808080808081, 0.81412895, 1.00000000, 1.00000000, 1.00000000
0.080808080808, 0.818181818182, 0.81773592, 1.00000000, 1.00000000, 1.00000000
0.080808080808, 0.828282828283, 0.82207531, 1.00000000, 1.00000000, 1.00000000
0.080808080808, 0.838383838384, 0.82712988, 1.00000000, 1.00000000, 1.00000000
0.080808080808, 0.848484848485, 0.83287955, 1.00000000, 1.00000000, 1.00000000
0.080808080808, 0.858585858586, 0.83930148, 1.00000000, 1.00000000, 1.00000000
0.080808080808, 0.868686868687, 0.84637016, 1.00000000, 1.00000000, 1.00000000
0.080808080808, 0.878787878788, 0.85405747, 1.00000000, 1.00000000, 1.00000000
0.080808080808, 0.888888888889, 0.86233283, 1.00000000, 1.00000000, 1.00000000
0.080808080808, 0.898989898990, 0.87116328, 1.00000000, 1.00000000, 1.00000000
0.080808080808, 0.909090909091, 0.88051360, 1.00000000, 1.00000000, 1.00000000
0.080808080808, 0.919191919192, 0.89034643, 1.00000000, 1.00000000, 1.00000000
0.080808080808, 0.929292929293, 0.90062233, 1.00000000, 1.00000000, 1.00000000
0.080808080808, 0.939393939394, 0.91129959, 1.00000000, 1.00000000, 1.00000000
0.080808080808, 0.949494949495, 0.92233373, 1.00000000, 1.00000000, 1.00000000
0.080808080808, 0.959595959596, 0.93367602, 1.00000000, 1.00000000, 1.00000000
0.090909090909, -0.000000000000, 1.00422418, 1.00000000, 1.00000000, 1.00000000
0.090909090909, 0.010101010101, 1.01575477, 1.00000000, 1.00000000, 1.00000000
0.090909090909, 0.020202020202, 1.02694089, 1.00000000, 1.00000000, 1.00000000
0.090909090909, 0.030303030303, 1.03776314, 1.00000000, 1.00000000, 1.00000000
0.090909090909, 0.040404040404, 1.04827088, 1.00000000, 1.00000000, 1.00000000
0.090909090909, 0.050505050505, 1.05856584, 1.00000000, 1.00000000, 1.00000000
0.090909090909, 0.060606060606, 1.06876188, 1.00000000, 1.00000000, 1.00000000
0.090909090909, 0.070707070707, 1.07893904, 1.00000000, 1.00000000, 1.00000000
0.090909090909, 0.080808080808, 1.08911334, 1.00000000, 1.00000000, 1.00000000
0.090909090909, 0.090909090909, 1.09923423, 1.00000000, 1.00000000, 1.00000000
0.090909090909, 0.101010101010, 1.10920521, 1.00000000, 1.00000000, 1.00000000
0.090909090909, 0.111111111111, 1.11891311, 1.00000000, 1.00000000, 1.00000000
0.090909090909, 0.121212121212, 1.12825187, 1.00000000, 1.00000000, 1.00000000
0.090909090909, 0.131313131313, 1.13713453, 1.00000000, 1.00000000, 1.00000000
0.090909090909, 0.141414141414, 1.14549456, 1.00000000, 1.00000000, 1.00000000
0.090909090909, 0.151515151515, 1.15328173, 1.00000000, 1.00000000, 1.00000000
0.090909090909, 0.161616161616, 1.16045681, 1.00000000, 1.00000000, 1.00000000
0.090909090909, 0.171717171717, 1.16698755, 1.00000000, 1.00000000, 1.00000000
0.090909090909, 0.181818181818, 1.17284629, 1.00000000, 1.00000000, 1.00000000
0.090909090909, 0.191919191919, 1.17800887, 1.00000000, 1.00000000, 1.00000000
0.090909090909, 0.202020202020, 1.18245419, 1.00000000, 1.00000000, 1.00000000
0.090909090909, 0.212121212121, 1.18616415, 1.00000000, 1.00000000, 1.00000000
0.090909090909, 0.222222222222, 1.18912363, 1.00000000, 1.00000000, 1.00000000
0.090909090909, 0.232323232323, 1.19132056, 1.00000000, 1.00000000, 1.00000000
0.090909090909, 0.242424242424, 1.19274594, 1.00000000, 1.00000000, 1.00000000
0.090909090909, 0.252525252525, 1.19339391, 1.00000000, 1.00000000, 1.00000000
0.090909090909, 0.262626262626, 1.19326178, 1.00000000, 1.00000000, 1.00000000
0.090909090909, 0.272727272727, 1.19235015, 1.00000000, 1.00000000, 1.00000000
0.090909090909, 0.282828282828, 1.19066273, 1.00000000, 1.00000000, 1.00000000
0.090909090909, 0.292929292929, 1.18820641, 1.00000000, 1.00000000, 1.00000000
0.090909090909, 0.303030303030, 1.18499115, 1.00000000, 1.00000000, 1.00000000
0.090909090909, 0.313131313131, 1.18103001, 1.00000000, 1.00000000, 1.00000000
0.090909090909, 0.323232323232, 1.17633909, 1.00000000, 1.00000000, 1.00000000
0.090909090909, 0.333333333333, 1.17093740, 1.00000000, 1.00000000, 1.00000000
0.090909090909, 0.343434343434, 1.16484687, 1.00000000, 1.00000000, 1.00000000
0.090909090909, 0.353535353535, 1.15809222, 1.00000000, 1.00000000, 1.00000000
0.090909090909, 0.363636363636, 1.15070083, 1.00000000, 1.00000000, 1.00000000
0.090909090909, 0.373737373737, 1.14270271, 1.00000000, 1.00000000, 1.00000000
0.090909090909, 0.383838383838, 1.13413029, 1.00000000, 1.00000000, 1.00000000
0.090909090909, 0.393939393939, 1.12501834, 1.00000000, 1.00000000, 1.00000000
0.090909090909, 0.404040404040, 1.11540380, 1.00000000, 1.00000000, 1.00000000
0.090909090909, 0.414141414141, 1.10532566, 1.00000000, 1.00000000, 1.00000000
0.090909090909, 0.424242424242, 1.09482475, 1.00000000, 1.00000000, 1.00000000
0.090909090909, 0.434343434343, 1.08394363, 1.00000000, 1.00000000, 1.00000000
0.090909090909, 0.444444444444, 1.07272637, 1.00000000, 1.00000000, 1.00000000
0.090909090909, 0.454545454545, 1.06121838, 1.00000000, 1.00000000, 1.00000000
0.090909090909, 0.464646464646, 1.04946625, 1.00000000, 1.00000000, 1.00000000
0.090909090909, 0.474747474747, 1.03751750, 1.00000000, 1.00000000, 1.00000000
0.090909090909, 0.484848484848, 1.02542047, 1.00000000, 1.00000000, 1.00000000
0.090909090909, 0.494949494949, 1.01322402, 1.00000000, 1.00000000, 1.00000000
0.090909090909, 0.505050505051, 1.00097743, 1.00000000, 1.00000000, 1.00000000
0.090909090909, 0.515151515152, 0.98873010, 1.00000000, 1.00000000, 1.00000000
0.090909090909, 0.525252525253, 0.97653144, 1.00000000, 1.00000000, 1.00000000
0.090909090909, 0.535353535354, 0.96443061, 1.00000000, 1.00000000, 1.00000000
0.090909090909, 0.545454545455, 0.95247632, 1.00000000, 1.00000000, 1.00000000
0.090909090909, 0.555555555556, 0.94071668, 1.00000000, 1.00000000, 1.00000000
0.090909090909, 0.565656565657, 0.92919895, 1.00000000, 1.00000000, 1.00000000
0.090909090909, 0.575757575758, 0.91796937, 1.00000000, 1.00000000, 1.00000000
0.090909090909, 0.585858585859, 0.90707298, 1.00000000, 1.00000000, 1.00000000
0.090909090909, 0.595959595960, 0.89655347, 1.00000000, 1.00000000, 1.00000000
0.090909090909, 0.606060606061, 0.88645291, 1.00000000, 1.00000000, 1.00000000
0.090909090909, 0.616161616162, 0.87681171, 1.00000000, 1.00000000, 1.00000000
0.090909090909, 0.626262626263, 0.86766836, 1.00000000, 1.00000000, 1.00000000
0.090909090909, 0.636363636364, 0.85905934, 1.00000000, 1.00000000, 1.00000000
0.090909090909, 0.646464646465, 0.85101895, 1.00000000, 1.00000000, 1.00000000
0.090909090909, 0.656565656566, 0.84357920, 1.00000000, 1.00000000, 1.00000000
0.090909090909, 0.666666666667, 0.83676966, 1.00000000, 1.00000000, 1.00000000
0.090909090909, 0.676767676768, 0.83061739, 1.00000000, 1.00000000, 1.00000000
0.090909090909, 0.686868686869, 0.82514681, 1.00000000, 1.00000000, 1.00000000
0.090909090909, 0.696969696970, 0.82037961, 1.00000000, 1.00000000, 1.00000000
0.090909090909, 0.707070707071, 0.81633471, 1.00000000, 1.00000000, 1.00000000
0.090909090909, 0.717171717172, 0.81302813, 1.00000000, 1.00000000, 1.00000000
0.090909090909, 0.727272727273, 0.81047301, 1.00000000, 1.00000000, 1.00000000
0.090909090909, 0.737373737374, 0.80867949, 1.00000000, 1.00000000, 1.00000000
0.090909090909, 0.747474747475, 0.80765474, 1.00000000, 1.00000000, 1.00000000
0.090909090909, 0.757575757576, 0.80740290, 1.00000000, 1.00000000, 1.00000000
0.090909090909, 0.767676767677, 0.80792484, 1.00000000, 1.00000000, 1.00000000
0.090909090909, 0.777777777778, 0.80921841, 1.00000000, 1.00000000, 1.00000000
0.090909090909, 0.787878787879, 0.81127837, 1.00000000, 1.00000000, 1.00000000
0.090909090909, 0.797979797980, 0.81409651, 1.00000000, 1.00000000, 1.00000000
0.090909090909, 0.808080808081, 0.81766159, 1.00000000, 1.00000000, 1.00000000
0.090909090909, 0.818181818182, 0.82195947, 1.00000000, 1.00000000, 1.00000000
0.090909090909, 0.828282828283, 0.82697306, 1.00000000, 1.00000000, 1.00000000
0.090909090909, 0.838383838384, 0.83268247, 1.00000000, 1.00000000, 1.00000000
0.090909090909, 0.848484848485, 0.83906502, 1.00000000, 1.00000000, 1.00000000
0.090909090909, 0.858585858586, 0.84609536, 1.00000000, 1.00000000, 1.00000000
0.090909090909, 0.868686868687, 0.85374554, 1.00000000, 1.00000000, 1.00000000
0.090909090909, 0.878787878788, 0.86198511, 1.00000000, 1.00000000, 1.00000000
0.090909090909, 0.888888888889, 0.87078128, 1.00000000, 1.00000000, 1.00000000
0.090909090909, 0.898989898990, 0.88009897, 1.00000000, 1.00000000, 1.00000000
0.090909090909, 0.909090909091, 0.88990100, 1.00000000, 1.00000000, 1.00000000
0.090909090909, 0.919191919192, 0.90014817, 1.00000000, 1.00000000, 1.00000000
0.090909090909, 0.929292929293, 0.91079934, 1.00000000, 1.00000000, 1.00000000
0.090909090909, 0.939393939394, 0.92181129, 1.00000000, 1.00000000, 1.00000000
0.090909090909, 0.949494949495, 0.93313820, 1.00000000, 1.00000000, 1.00000000
0.090909090909, 0.959595959596, 0.94473025, 1.00000000, 1.00000000, 1.00000000
0.101010101010, -0.000000000000, 1.01608713, 1.00000000, 1.00000000, 1.00000000
0.101010101010, 0.010101010101, 1.02756669, 1.00000000, 1.00000000, 1.00000000
0.101010101010, 0.020202020202, 1.03866207, 1.00000000, 1.00000000, 1.00000000
0.101010101010, 0.030303030303, 1.04935497, 1.00000000, 1.00000000, 1.00000000
0.101010101010, 0.040404040404, 1.05969505, 1.00000000, 1.00000000, 1.00000000
0.101010101010, 0.050505050505, 1.06978336, 1.00000000, 1.00000000, 1.00000000
0.101010101010, 0.060606060606, 1.07973227, 1.00000000, 1.00000000, 1.00000000
0.101010101010, 0.070707070707, 1.08962002, 1.00000000, 1.00000000, 1.00000000
0.101010101010, 0.080808080808, 1.09946130, 1.00000000, 1.00000000, 1.00000000
0.101010101010, 0.090909090909, 1.10920521, 1.00000000, 1.00000000, 1.00000000
0.101010101010, 0.101010101010, 1.11875609, 1.00000000, 1.00000000, 1.00000000
0.101010101010, 0.111111111111, 1.12800259, 1.00000000, 1.00000000, 1.00000000
0.101010101010, 0.121212121212, 1.13684112, 1.00000000, 1.00000000, 1.00000000
0.101010101010, 0.131313131313, 1.14518740, 1.00000000, 1.00000000, 1.00000000
0.101010101010, 0.141414141414, 1.15297761, 1.00000000, 1.00000000, 1.00000000
0.101010101010, 0.151515151515, 1.16016417, 1.00000000, 1.00000000, 1.00000000
0.101010101010, 0.161616161616, 1.16671046, 1.00000000, 1.00000000, 1.00000000
0.101010101010, 0.171717171717, 1.17258687, 1.00000000, 1.00000000, 1.00000000
0.101010101010, 0.181818181818, 1.17776842, 1.00000000, 1.00000000, 1.00000000
0.101010101010, 0.191919191919, 1.18223371, 1.00000000, 1.00000000, 1.00000000
0.101010101010, 0.202020202020, 1.18596448, 1.00000000, 1.00000000, 1.00000000
0.101010101010, 0.212121212121, 1.18894552, 1.00000000, 1.00000000, 1.00000000
0.101010101010, 0.222222222222, 1.19116467, 1.00000000, 1.00000000, 1.00000000
0.101010101010, 0.232323232323, 1.19261287, 1.00000000, 1.00000000, 1.00000000
0.101010101010, 0.242424242424, 1.19328415, 1.00000000, 1.00000000, 1.00000000
0.101010101010, 0.252525252525, 1.19317576, 1.00000000, 1.00000000, 1.00000000
0.101010101010, 0.262626262626, 1.19228820, 1.00000000, 1.00000000, 1.00000000
0.101010101010, 0.272727272727, 1.19062511, 1.00000000, 1.00000000, 1.00000000
0.101010101010, 0.282828282828, 1.18819328, 1.00000000, 1.00000000, 1.00000000
0.101010101010, 0.292929292929, 1.18500260, 1.00000000, 1.00000000, 1.00000000
0.101010101010, 0.303030303030, 1.18106605, 1.00000000, 1.00000000, 1.00000000
0.101010101010, 0.313131313131, 1.17639962, 1.00000000, 1.00000000, 1.00000000
0.101010101010, 0.323232323232, 1.17102225, 1.00000000, 1.00000000, 1.00000000
0.101010101010, 0.333333333333, 1.16495578, 1.00000000, 1.00000000, 1.00000000
0.101010101010, 0.343434343434, 1.15822483, 1.00000000, 1.00000000, 1.00000000
0.101010101010, 0.353535353535, 1.15085673, 1.00000000, 1.00000000, 1.00000000
0.101010101010, 0.363636363636, 1.14288136, 1.00000000, 1.00000000, 1.00000000
0.101010101010, 0.373737373737, 1.13433108, 1.00000000, 1.00000000, 1.00000000
0.101010101010, 0.383838383838, 1.12524059, 1.00000000, 1.00000000, 1.00000000
0.101010101010, 0.393939393939, 1.11564673, 1.00000000, 1.00000000, 1.00000000
0.101010101010, 0.404040404040, 1.10558841, 1.00000000, 1.00000000, 1.00000000
0.101010101010, 0.414141414141, 1.09510640, 1.00000000, 1.00000000, 1.00000000
0.101010101010, 0.424242424242, 1.08424316, 1.00000000, 1.00000000, 1.00000000
0.101010101010, 0.434343434343, 1.07304270, 1.00000000, 1.00000000, 1.00000000
0.101010101010, 0.444444444444, 1.06155035, 1.00000000, 1.00000000, 1.00000000
0.101010101010, 0.454545454545, 1.04981263, 1.00000000, 1.00000000, 1.00000000
0.101010101010, 0.464646464646, 1.03787701, 1.00000000, 1.00000000, 1.00000000
0.101010101010, 0.474747474747, 1.02579174, 1.00000000, 1.00000000, 1.00000000
0.101010101010, 0.484848484848, 1.01360565, 1.00000000, 1.00000000, 1.00000000
0.101010101010, 0.494949494949, 1.00136793, 1.00000000, 1.00000000, 1.00000000
0.101010101010, 0.505050505051, 0.98912798, 1.00000000, 1.00000000, 1.00000000
0.101010101010, 0.515151515152, 0.97693513, 1.00000000, 1.00000000, 1.00000000
0.101010101010, 0.525252525253, 0.96483852, 1.00000000, 1.00000000, 1.00000000
0.101010101010, 0.535353535354, 0.95288682, 1.00000000, 1.00000000, 1.00000000
0.101010101010, 0.545454545455, 0.94112810, 1.00000000, 1.00000000, 1.00000000
0.101010101010, 0.555555555556, 0.92960962, 1.00000000, 1.00000000, 1.00000000
0.101010101010, 0.565656565657, 0.91837761, 1.00000000, 1.00000000, 1.00000000
0.101010101010, 0.575757575758, 0.90747710, 1.00000000, 1.00000000, 1.00000000
0.101010101010, 0.585858585859, 0.89695176, 1.00000000, 1.00000000, 1.00000000
0.101010101010, 0.595959595960, 0.88684371, 1.00000000, 1.00000000, 1.00000000
0.101010101010, 0.606060606061, 0.87719335, 1.00000000, 1.00000000, 1.00000000
0.101010101010, 0.616161616162, 0.86803921, 1.00000000, 1.00000000, 1.00000000
0.101010101010, 0.626262626263, 0.85941780, 1.00000000, 1.00000000, 1.00000000
0.101010101010, 0.636363636364, 0.85136347, 1.00000000, 1.00000000, 1.00000000
0.101010101010, 0.646464646465, 0.84390827, 1.00000000, 1.00000000, 1.00000000
0.101010101010, 0.656565656566, 0.83708186, 1.00000000, 1.00000000, 1.00000000
0.101010101010, 0.666666666667, 0.83091133, 1.00000000, 1.00000000, 1.00000000
0.101010101010, 0.676767676768, 0.82542121, 1.00000000, 1.00000000, 1.00000000
0.101010101010, 0.686868686869, 0.82063326, 1.00000000, 1.00000000, 1.00000000
0.101010101010, 0.696969696970, 0.81656649, 1.00000000, 1.00000000, 1.00000000
0.101010101010, 0.707070707071, 0.81323703, 1.00000000, 1.00000000, 1.00000000
0.101010101010, 0.717171717172, 0.81065812, 1.00000000, 1.00000000, 1.00000000
0.101010101010, 0.727272727273, 0.80884001, 1.00000000, 1.00000000, 1.00000000
0.101010101010, 0.737373737374, 0.80778997, 1.00000000, 1.00000000, 1.00000000
0.101010101010, 0.747474747475, 0.80751227, 1.00000000, 1.00000000, 1.00000000
0.101010101010, 0.757575757576, 0.80800792, 1.00000000, 1.00000000, 1.00000000
0.101010101010, 0.767676767677, 0.80927486, 1.00000000, 1.00000000, 1.00000000
0.101010101010, 0.777777777778, 0.81130800, 1.00000000, 1.00000000, 1.00000000
0.101010101010, 0.787878787879, 0.81409922, 1.00000000, 1.00000000, 1.00000000
0.101010101010, 0.797979797980, 0.81763745, 1.00000000, 1.00000000, 1.00000000
0.101010101010, 0.808080808081, 0.82190862, 1.00000000, 1.00000000, 1.00000000
0.101010101010, 0.818181818182, 0.82689580, 1.00000000, 1.00000000, 1.00000000
0.101010101010, 0.828282828283, 0.83257920, 1.00000000, 1.00000000, 1.00000000
0.101010101010, 0.838383838384, 0.83893627, 1.00000000, 1.00000000, 1.00000000
0.101010101010, 0.848484848485, 0.84594175, 1.00000000, 1.00000000, 1.00000000
0.101010101010, 0.858585858586, 0.85356782, 1.00000000, 1.00000000, 1.00000000
0.101010101010, 0.868686868687, 0.86178413, 1.00000000, 1.00000000, 1.00000000
0.101010101010, 0.878787878788, 0.87055797, 1.00000000, 1.00000000, 1.00000000
0.101010101010, 0.888888888889, 0.87985437, 1.00000000, 1.00000000, 1.00000000
0.101010101010, 0.898989898990, 0.88963624, 1.00000000, 1.00000000, 1.00000000
0.101010101010, 0.909090909091, 0.89986450, 1.00000000, 1.00000000, 1.00000000
0.101010101010, 0.919191919192, 0.91049821, 1.00000000, 1.00000000, 1.00000000
0.101010101010, 0.929292929293, 0.92149465, 1.00000000, 1.00000000, 1.00000000
0.101010101010, 0.939393939394, 0.93280918, 1.00000000, 1.00000000, 1.00000000
0.101010101010, 0.949494949495, 0.94439479, 1.00000000, 1.00000000, 1.00000000
0.101010101010, 0.959595959596, 0.95620072, 1.00000000, 1.00000000, 1.00000000
0.111111111111, -0.000000000000, 1.02805705, 1.00000000, 1.00000000, 1.00000000
0.111111111111, 0.010101010101, 1.03944247, 1.00000000, 1.00000000, 1.00000000
0.111111111111, 0.020202020202, 1.05040486, 1.00000000, 1.00000000, 1.00000000
0.111111111111, 0.030303030303, 1.06092717, 1.00000000, 1.00000000, 1.00000000
0.111111111111, 0.040404040404, 1.07105919, 1.00000000, 1.00000000, 1.00000000
0.111111111111, 0.050505050505, 1.08090083, 1.00000000, 1.00000000, 1.00000000
0.111111111111, 0.060606060606, 1.09056250, 1.00000000, 1.00000000, 1.00000000
0.111111111111, 0.070707070707, 1.10012032, 1.00000000, 1.00000000, 1.00000000
0.111111111111, 0.080808080808, 1.10958754, 1.00000000, 1.00000000, 1.00000000
0.111111111111, 0.090909090909, 1.11891311, 1.00000000, 1.00000000, 1.00000000
0.111111111111, 0.101010101010, 1.12800259, 1.00000000, 1.00000000, 1.00000000
0.111111111111, 0.111111111111, 1.13674696, 1.00000000, 1.00000000, 1.00000000
0.111111111111, 0.121212121212, 1.14504550, 1.00000000, 1.00000000, 1.00000000
0.111111111111, 0.131313131313, 1.15281699, 1.00000000, 1.00000000, 1.00000000
0.111111111111, 0.141414141414, 1.16000059, 1.00000000, 1.00000000, 1.00000000
0.111111111111, 0.151515151515, 1.16655157, 1.00000000, 1.00000000, 1.00000000
0.111111111111, 0.161616161616, 1.17243611, 1.00000000, 1.00000000, 1.00000000
0.111111111111, 0.171717171717, 1.17762738, 1.00000000, 1.00000000, 1.00000000
0.111111111111, 0.181818181818, 1.18210321, 1.00000000, 1.00000000, 1.00000000
0.111111111111, 0.191919191919, 1.18584508, 1.00000000, 1.00000000, 1.00000000
0.111111111111, 0.202020202020, 1.18883766, 1.00000000, 1.00000000, 1.00000000
0.111111111111, 0.212121212121, 1.19106874, 1.00000000, 1.00000000, 1.00000000
0.111111111111, 0.222222222222, 1.19252920, 1.00000000, 1.00000000, 1.00000000
0.111111111111, 0.232323232323, 1.19321306, 1.00000000, 1.00000000, 1.00000000
0.111111111111, 0.242424242424, 1.19311750, 1.00000000, 1.00000000, 1.00000000
0.111111111111, 0.252525252525, 1.19224298, 1.00000000, 1.00000000, 1.00000000
0.111111111111, 0.262626262626, 1.19059311, 1.00000000, 1.00000000, 1.00000000
0.111111111111, 0.272727272727, 1.18817464, 1.00000000, 1.00000000, 1.00000000
0.111111111111, 0.282828282828, 1.18499741, 1.00000000, 1.00000000, 1.00000000
0.111111111111, 0.292929292929, 1.18107436, 1.00000000, 1.00000000, 1.00000000
0.111111111111, 0.303030303030, 1.17642143, 1.00000000, 1.00000000, 1.00000000
0.111111111111, 0.313131313131, 1.17105753, 1.00000000, 1.00000000, 1.00000000
0.111111111111, 0.323232323232, 1.16500445, 1.00000000, 1.00000000, 1.00000000
0.111111111111, 0.333333333333, 1.15828676, 1.00000000, 1.00000000, 1.00000000
0.111111111111, 0.343434343434, 1.15093175, 1.00000000, 1.00000000, 1.00000000
0.111111111111, 0.353535353535, 1.14296925, 1.00000000, 1.00000000, 1.00000000
0.111111111111, 0.363636363636, 1.13443159, 1.00000000, 1.00000000, 1.00000000
0.111111111111, 0.373737373737, 1.12535340, 1.00000000, 1.00000000, 1.00000000
0.111111111111, 0.383838383838, 1.11577151, 1.00000000, 1.00000000, 1.00000000
0.111111111111, 0.393939393939, 1.10572475, 1.00000000, 1.00000000, 1.00000000
0.111111111111, 0.404040404040, 1.09525386, 1.00000000, 1.00000000, 1.00000000
0.111111111111, 0.414141414141, 1.08440126, 1.00000000, 1.00000000, 1.00000000
0.111111111111, 0.424242424242, 1.07321090, 1.00000000, 1.00000000, 1.00000000
0.111111111111, 0.434343434343, 1.06172809, 1.00000000, 1.00000000, 1.00000000
0.111111111111, 0.444444444444, 1.04999930, 1.00000000, 1.00000000, 1.00000000
0.111111111111, 0.454545454545, 1.03807195, 1.00000000, 1.00000000, 1.00000000
0.111111111111, 0.464646464646, 1.02599426, 1.00000000, 1.00000000, 1.00000000
0.111111111111, 0.474747474747, 1.01381501, 1.00000000, 1.00000000, 1.00000000
0.111111111111, 0.484848484848, 1.00158338, 1.00000000, 1.00000000, 1.00000000
0.111111111111, 0.494949494949, 0.98934870, 1.00000000, 1.00000000, 1.00000000
0.111111111111, 0.505050505051, 0.97716029, 1.00000000, 1.00000000, 1.00000000
0.111111111111, 0.515151515152, 0.96506725, 1.00000000, 1.00000000, 1.00000000
0.111111111111, 0.525252525253, 0.95311822, 1.00000000, 1.00000000, 1.00000000
0.111111111111, 0.535353535354, 0.94136127, 1.00000000, 1.00000000, 1.00000000
0.111111111111, 0.545454545455, 0.92984361, 1.00000000, 1.00000000, 1.00000000
0.111111111111, 0.555555555556, 0.91861145, 1.00000000, 1.00000000, 1.00000000
0.111111111111, 0.565656565657, 0.90770983, 1.00000000, 1.00000000, 1.00000000
0.111111111111, 0.575757575758, 0.89718240, 1.00000000, 1.00000000, 1.00000000
0.111111111111, 0.585858585859, 0.88707127, 1.00000000, 1.00000000, 1.00000000
0.111111111111, 0.595959595960, 0.87741685, 1.00000000, 1.00000000, 1.00000000
0.111111111111, 0.606060606061, 0.86825767, 1.00000000, 1.00000000, 1.00000000
0.111111111111, 0.616161616162, 0.85963024, 1.00000000, 1.00000000, 1.00000000
0.111111111111, 0.626262626263, 0.85156895, 1.00000000, 1.00000000, 1.00000000
0.111111111111, 0.636363636364, 0.84410586, 1.00000000, 1.00000000, 1.00000000
0.111111111111, 0.646464646465, 0.83727064, 1.00000000, 1.00000000, 1.00000000
0.111111111111, 0.656565656566, 0.83109046, 1.00000000, 1.00000000, 1.00000000
0.111111111111, 0.666666666667, 0.82558984, 1.00000000, 1.00000000, 1.00000000
0.111111111111, 0.676767676768, 0.82079062, 1.00000000, 1.00000000, 1.00000000
0.111111111111, 0.686868686869, 0.81671185, 1.00000000, 1.00000000, 1.00000000
0.111111111111, 0.696969696970, 0.81336972, 1.00000000, 1.00000000, 1.00000000
0.111111111111, 0.707070707071, 0.81077751, 1.00000000, 1.00000000, 1.00000000
0.111111111111, 0.717171717172, 0.80894556, 1.00000000, 1.00000000, 1.00000000
0.111111111111, 0.727272727273, 0.80788121, 1.00000000, 1.00000000, 1.00000000
0.111111111111, 0.737373737374, 0.80758878, 1.00000000, 1.00000000, 1.00000000
0.111111111111, 0.747474747475, 0.80806937, 1.00000000, 1.00000000, 1.00000000
0.111111111111, 0.757575757576, 0.80932100, 1.00000000, 1.00000000, 1.00000000
0.111111111111, 0.767676767677, 0.81133864, 1.00000000, 1.00000000, 1.00000000
0.111111111111, 0.777777777778, 0.81411428, 1.00000000, 1.00000000, 1.00000000
0.111111111111, 0.787878787879, 0.81763688, 1.00000000, 1.00000000, 1.00000000
0.111111111111, 0.797979797980, 0.82189248, 1.00000000, 1.00000000, 1.00000000
0.111111111111, 0.808080808081, 0.82686422, 1.00000000, 1.00000000, 1.00000000
0.111111111111, 0.818181818182, 0.83253239, 1.00000000, 1.00000000, 1.00000000
0.111111111111, 0.828282828283, 0.83887450, 1.00000000, 1.00000000, 1.00000000
0.111111111111, 0.838383838384, 0.84586537, 1.00000000, 1.00000000, 1.00000000
0.111111111111, 0.848484848485, 0.85347724, 1.00000000, 1.00000000, 1.00000000
0.111111111111, 0.858585858586, 0.86167984, 1.00000000, 1.00000000, 1.00000000
0.111111111111, 0.868686868687, 0.87044051, 1.00000000, 1.00000000, 1.00000000
0.111111111111, 0.878787878788, 0.87972433, 1.00000000, 1.00000000, 1.00000000
0.111111111111, 0.888888888889, 0.88949428, 1.00000000, 1.00000000, 1.00000000
0.111111111111, 0.898989898990, 0.89971132, 1.00000000, 1.00000000, 1.00000000
0.111111111111, 0.909090909091, 0.91033460, 1.00000000, 1.00000000, 1.00000000
0.111111111111, 0.919191919192, 0.92132155, 1.00000000, 1.00000000, 1.00000000
0.111111111111, 0.929292929293, 0.93262799, 1.00000000, 1.00000000, 1.00000000
0.111111111111, 0.939393939394, 0.94420802, 1.00000000, 1.00000000, 1.00000000
0.111111111111, 0.949494949495, 0.95601358, 1.00000000, 1.00000000, 1.00000000
0.111111111111, 0.959595959596, 0.96799314, 1.00000000, 1.00000000, 1.00000000
0.121212121212, -0.000000000000, 1.04002435, 1.00000000, 1.00000000, 1.00000000
0.121212121212, 0.010101010101, 1.05127125, 1.00000000, 1.00000000, 1.00000000
0.121212121212, 0.020202020202, 1.06205760, 1.00000000, 1.00000000, 1.00000000
0.121212121212, 0.030303030303, 1.07236769, 1.00000000, 1.00000000, 1.00000000
0.121212121212, 0.040404040404, 1.08225123, 1.00000000, 1.00000000, 1.00000000
0.121212121212, 0.050505050505, 1.09180661, 1.00000000, 1.00000000, 1.00000000
0.121212121212, 0.060606060606, 1.10114175, 1.00000000, 1.00000000, 1.00000000
0.121212121212, 0.070707070707, 1.11033029, 1.00000000, 1.00000000, 1.00000000
0.121212121212, 0.080808080808, 1.11938400, 1.00000000, 1.00000000, 1.00000000
0.121212121212, 0.090909090909, 1.12825187, 1.00000000, 1.00000000, 1.00000000
0.121212121212, 0.101010101010, 1.13684112, 1.00000000, 1.00000000, 1.00000000
0.121212121212, 0.111111111111, 1.14504550, 1.00000000, 1.00000000, 1.00000000
0.121212121212, 0.121212121212, 1.15276763, 1.00000000, 1.00000000, 1.00000000
0.121212121212, 0.131313131313, 1.15992965, 1.00000000, 1.00000000, 1.00000000
0.121212121212, 0.141414141414, 1.16647398, 1.00000000, 1.00000000, 1.00000000
0.121212121212, 0.151515151515, 1.17235895, 1.00000000, 1.00000000, 1.00000000
0.121212121212, 0.161616161616, 1.17755367, 1.00000000, 1.00000000, 1.00000000
0.121212121212, 0.171717171717, 1.18203420, 1.00000000, 1.00000000, 1.00000000
0.121212121212, 0.181818181818, 1.18578131, 1.00000000, 1.00000000, 1.00000000
0.121212121212, 0.191919191919, 1.18877944, 1.00000000, 1.00000000, 1.00000000
0.121212121212, 0.202020202020, 1.19101629, 1.00000000, 1.00000000, 1.00000000
0.121212121212, 0.212121212121, 1.19248270, 1.00000000, 1.00000000, 1.00000000
0.121212121212, 0.222222222222, 1.19317265, 1.00000000, 1.00000000, 1.00000000
0.121212121212, 0.232323232323, 1.19308333, 1.00000000, 1.00000000, 1.00000000
0.121212121212, 0.242424242424, 1.19221518, 1.00000000, 1.00000000, 1.00000000
0.121212121212, 0.252525252525, 1.19057177, 1.00000000, 1.00000000, 1.00000000
0.121212121212, 0.262626262626, 1.18815984, 1.00000000, 1.00000000, 1.00000000
0.121212121212, 0.272727272727, 1.18498923, 1.00000000, 1.00000000, 1.00000000
0.121212121212, 0.282828282828, 1.18107283, 1.00000000, 1.00000000, 1.00000000
0.121212121212, 0.292929292929, 1.17642660, 1.00000000, 1.00000000, 1.00000000
0.121212121212, 0.303030303030, 1.17106939, 1.00000000, 1.00000000, 1.00000000
0.121212121212, 0.313131313131, 1.16502300, 1.00000000, 1.00000000, 1.00000000
0.121212121212, 0.323232323232, 1.15831197, 1.00000000, 1.00000000, 1.00000000
0.121212121212, 0.333333333333, 1.15096356, 1.00000000, 1.00000000, 1.00000000
0.121212121212, 0.343434343434, 1.14300760, 1.00000000, 1.00000000, 1.00000000
0.121212121212, 0.353535353535, 1.13447638, 1.00000000, 1.00000000, 1.00000000
0.121212121212, 0.363636363636, 1.12540452, 1.00000000, 1.00000000, 1.00000000
0.121212121212, 0.373737373737, 1.11582882, 1.00000000, 1.00000000, 1.00000000
0.121212121212, 0.383838383838, 1.10578810, 1.00000000, 1.00000000, 1.00000000
0.121212121212, 0.393939393939, 1.09532306, 1.00000000, 1.00000000, 1.00000000
0.121212121212, 0.404040404040, 1.08447612, 1.00000000, 1.00000000, 1.00000000
0.121212121212, 0.414141414141, 1.07329119, 1.00000000, 1.00000000, 1.00000000
0.121212121212, 0.424242424242, 1.06181357, 1.00000000, 1.00000000, 1.00000000
0.121212121212, 0.434343434343, 1.05008970, 1.00000000, 1.00000000, 1.00000000
0.121212121212, 0.444444444444, 1.03816698, 1.00000000, 1.00000000, 1.00000000
0.121212121212, 0.454545454545, 1.02609360, 1.00000000, 1.00000000, 1.00000000
0.121212121212, 0.464646464646, 1.01391834, 1.00000000, 1.00000000, 1.00000000
0.121212121212, 0.474747474747, 1.00169034, 1.00000000, 1.00000000, 1.00000000
0.121212121212, 0.484848484848, 0.98945891, 1.00000000, 1.00000000, 1.00000000
0.121212121212, 0.494949494949, 0.97727336, 1.00000000, 1.00000000, 1.00000000
0.121212121212, 0.505050505051, 0.96518275, 1.00000000, 1.00000000, 1.00000000
0.121212121212, 0.515151515152, 0.95323572, 1.00000000, 1.00000000, 1.00000000
0.121212121212, 0.525252525253, 0.94148032, 1.00000000, 1.00000000, 1.00000000
0.121212121212, 0.535353535354, 0.92996373, 1.00000000, 1.00000000, 1.00000000
0.121212121212, 0.545454545455, 0.91873217, 1.00000000, 1.00000000, 1.00000000
0.121212121212, 0.555555555556, 0.90783064, 1.00000000, 1.00000000, 1.00000000
0.121212121212, 0.565656565657, 0.89730279, 1.00000000, 1.00000000, 1.00000000
0.121212121212, 0.575757575758, 0.88719073, 1.00000000, 1.00000000, 1.00000000
0.121212121212, 0.585858585859, 0.87753485, 1.00000000, 1.00000000, 1.00000000
0.121212121212, 0.595959595960, 0.86837369, 1.00000000, 1.00000000, 1.00000000
0.121212121212, 0.606060606061, 0.85974376, 1.00000000, 1.00000000, 1.00000000
0.121212121212, 0.616161616162, 0.85167943, 1.00000000, 1.00000000, 1.00000000
0.121212121212, 0.626262626263, 0.84421279, 1.00000000, 1.00000000, 1.00000000
0.121212121212, 0.636363636364, 0.83737351, 1.00000000, 1.00000000, 1.00000000
0.121212121212, 0.646464646465, 0.83118878, 1.00000000, 1.00000000, 1.00000000
0.121212121212, 0.656565656566, 0.82568314, 1.00000000, 1.00000000, 1.00000000
0.121212121212, 0.666666666667, 0.82087844, 1.00000000, 1.00000000, 1.00000000
0.121212121212, 0.676767676768, 0.81679375, 1.00000000, 1.00000000, 1.00000000
0.121212121212, 0.686868686869, 0.81344531, 1.00000000, 1.00000000, 1.00000000
0.121212121212, 0.696969696970, 0.81084642, 1.00000000, 1.00000000, 1.00000000
0.121212121212, 0.707070707071, 0.80900745, 1.00000000, 1.00000000, 1.00000000
0.121212121212, 0.717171717172, 0.80793578, 1.00000000, 1.00000000, 1.00000000
0.121212121212, 0.727272727273, 0.80763577, 1.00000000, 1.00000000, 1.00000000
0.121212121212, 0.737373737374, 0.80810857, 1.00000000, 1.00000000, 1.00000000
0.121212121212, 0.747474747475, 0.80935223, 1.00000000, 1.00000000, 1.00000000
0.121212121212, 0.757575757576, 0.81136178, 1.00000000, 1.00000000, 1.00000000
0.121212121212, 0.767676767677, 0.81412923, 1.00000000, 1.00000000, 1.00000000
0.121212121212, 0.777777777778, 0.81764361, 1.00000000, 1.00000000, 1.00000000
0.121212121212, 0.787878787879, 0.82189098, 1.00000000, 1.00000000, 1.00000000
0.121212121212, 0.797979797980, 0.82685454, 1.00000000, 1.00000000, 1.00000000
0.121212121212, 0.808080808081, 0.83251462, 1.00000000, 1.00000000, 1.00000000
0.121212121212, 0.818181818182, 0.83884876, 1.00000000, 1.00000000, 1.00000000
0.121212121212, 0.828282828283, 0.84583185, 1.00000000, 1.00000000, 1.00000000
0.121212121212, 0.838383838384, 0.85343615, 1.00000000, 1.00000000, 1.00000000
0.121212121212, 0.848484848485, 0.86163142, 1.00000000, 1.00000000, 1.00000000
0.121212121212, 0.858585858586, 0.87038504, 1.00000000, 1.00000000, 1.00000000
0.121212121212, 0.868686868687, 0.87966213, 1.00000000, 1.00000000, 1.00000000
0.121212121212, 0.878787878788, 0.88942569, 1.00000000, 1.00000000, 1.00000000
0.121212121212, 0.888888888889, 0.89963671, 1.00000000, 1.00000000, 1.00000000
0.121212121212, 0.898989898990, 0.91025438, 1.00000000, 1.00000000, 1.00000000
0.121212121212, 0.909090909091, 0.92123618, 1.00000000, 1.00000000, 1.00000000
0.121212121212, 0.919191919192, 0.93253805, 1.00000000, 1.00000000, 1.00000000
0.121212121212, 0.929292929293, 0.94411451, 1.00000000, 1.00000000, 1.00000000
0.121212121212, 0.939393939394, 0.95591857, 1.00000000, 1.00000000, 1.00000000
0.121212121212, 0.949494949495, 0.96790127, 1.00000000, 1.00000000, 1.00000000
0.121212121212, 0.959595959596, 0.98001051, 1.00000000, 1.00000000, 1.00000000
0.131313131313, -0.000000000000, 1.05189354, 1.00000000, 1.00000000, 1.00000000
0.131313131313, 0.010101010101, 1.06295710, 1.00000000, 1.00000000, 1.00000000
0.131313131313, 0.020202020202, 1.07352427, 1.00000000, 1.00000000, 1.00000000
0.131313131313, 0.030303030303, 1.08358078, 1.00000000, 1.00000000, 1.00000000
0.131313131313, 0.040404040404, 1.09317607, 1.00000000, 1.00000000, 1.00000000
0.131313131313, 0.050505050505, 1.10240653, 1.00000000, 1.00000000, 1.00000000
0.131313131313, 0.060606060606, 1.11137713, 1.00000000, 1.00000000, 1.00000000
0.131313131313, 0.070707070707, 1.12015868, 1.00000000, 1.00000000, 1.00000000
0.131313131313, 0.080808080808, 1.12876137, 1.00000000, 1.00000000, 1.00000000
0.131313131313, 0.090909090909, 1.13713453, 1.00000000, 1.00000000, 1.00000000
0.131313131313, 0.101010101010, 1.14518740, 1.00000000, 1.00000000, 1.00000000
0.131313131313, 0.111111111111, 1.15281699, 1.00000000, 1.00000000, 1.00000000
0.131313131313, 0.121212121212, 1.15992965, 1.00000000, 1.00000000, 1.00000000
0.131313131313, 0.131313131313, 1.16645126, 1.00000000, 1.00000000, 1.00000000
0.131313131313, 0.141414141414, 1.17232770, 1.00000000, 1.00000000, 1.00000000
0.131313131313, 0.151515151515, 1.17752052, 1.00000000, 1.00000000, 1.00000000
0.131313131313, 0.161616161616, 1.18200192, 1.00000000, 1.00000000, 1.00000000
0.131313131313, 0.171717171717, 1.18575096, 1.00000000, 1.00000000, 1.00000000
0.131313131313, 0.181818181818, 1.18875140, 1.00000000, 1.00000000, 1.00000000
0.131313131313, 0.191919191919, 1.19099074, 1.00000000, 1.00000000, 1.00000000
0.131313131313, 0.202020202020, 1.19245974, 1.00000000, 1.00000000, 1.00000000
0.131313131313, 0.212121212121, 1.19315236, 1.00000000, 1.00000000, 1.00000000
0.131313131313, 0.222222222222, 1.19306578, 1.00000000, 1.00000000, 1.00000000
0.131313131313, 0.232323232323, 1.19220041, 1.00000000, 1.00000000, 1.00000000
0.131313131313, 0.242424242424, 1.19055985, 1.00000000, 1.00000000, 1.00000000
0.131313131313, 0.252525252525, 1.18815080, 1.00000000, 1.00000000, 1.00000000
0.131313131313, 0.262626262626, 1.18498311, 1.00000000, 1.00000000, 1.00000000
0.131313131313, 0.272727272727, 1.18106967, 1.00000000, 1.00000000, 1.00000000
0.131313131313, 0.282828282828, 1.17642641, 1.00000000, 1.00000000, 1.00000000
0.131313131313, 0.292929292929, 1.17107220, 1.00000000, 1.00000000, 1.00000000
0.131313131313, 0.303030303030, 1.16502880, 1.00000000, 1.00000000, 1.00000000
0.131313131313, 0.313131313131, 1.15832077, 1.00000000, 1.00000000, 1.00000000
0.131313131313, 0.323232323232, 1.15097535, 1.00000000, 1.00000000, 1.00000000
0.131313131313, 0.333333333333, 1.14302236, 1.00000000, 1.00000000, 1.00000000
0.131313131313, 0.343434343434, 1.13449410, 1.00000000, 1.00000000, 1.00000000
0.131313131313, 0.353535353535, 1.12542515, 1.00000000, 1.00000000, 1.00000000
0.131313131313, 0.363636363636, 1.11585232, 1.00000000, 1.00000000, 1.00000000
0.131313131313, 0.373737373737, 1.10581442, 1.00000000, 1.00000000, 1.00000000
0.131313131313, 0.383838383838, 1.09535214, 1.00000000, 1.00000000, 1.00000000
0.131313131313, 0.393939393939, 1.08450789, 1.00000000, 1.00000000, 1.00000000
0.131313131313, 0.404040404040, 1.07332557, 1.00000000, 1.00000000, 1.00000000
0.131313131313, 0.414141414141, 1.06185047, 1.00000000, 1.00000000, 1.00000000
0.131313131313, 0.424242424242, 1.05012901, 1.00000000, 1.00000000, 1.00000000
0.131313131313, 0.434343434343, 1.03820860, 1.00000000, 1.00000000, 1.00000000
0.131313131313, 0.444444444444, 1.02613741, 1.00000000, 1.00000000, 1.00000000
0.131313131313, 0.454545454545, 1.01396419, 1.00000000, 1.00000000, 1.00000000
0.131313131313, 0.464646464646, 1.00173809, 1.00000000, 1.00000000, 1.00000000
0.131313131313, 0.474747474747, 0.98950841, 1.00000000, 1.00000000, 1.00000000
0.131313131313, 0.484848484848, 0.97732444, 1.00000000, 1.00000000, 1.00000000
0.131313131313, 0.494949494949, 0.96523523, 1.00000000, 1.00000000, 1.00000000
0.131313131313, 0.505050505051, 0.95328943, 1.00000000, 1.00000000, 1.00000000
0.131313131313, 0.515151515152, 0.94153504, 1.00000000, 1.00000000, 1.00000000
0.131313131313, 0.525252525253, 0.93001926, 1.00000000, 1.00000000, 1.00000000
0.131313131313, 0.535353535354, 0.91878829, 1.00000000, 1.00000000, 1.00000000
0.131313131313, 0.545454545455, 0.90788712, 1.00000000, 1.00000000, 1.00000000
0.131313131313, 0.555555555556, 0.89735941, 1.00000000, 1.00000000, 1.00000000
0.131313131313, 0.565656565657, 0.88724723, 1.00000000, 1.00000000, 1.00000000
0.131313131313, 0.575757575758, 0.87759099, 1.00000000, 1.00000000, 1.00000000
0.131313131313, 0.585858585859, 0.86842921, 1.00000000, 1.00000000, 1.00000000
0.131313131313, 0.595959595960, 0.85979841, 1.00000000, 1.00000000, 1.00000000
0.131313131313, 0.606060606061, 0.85173295, 1.00000000, 1.00000000, 1.00000000
0.131313131313, 0.616161616162, 0.84426492, 1.00000000, 1.00000000, 1.00000000
0.131313131313, 0.626262626263, 0.83742401, 1.00000000, 1.00000000, 1.00000000
0.131313131313, 0.636363636364, 0.83123738, 1.00000000, 1.00000000, 1.00000000
0.131313131313, 0.646464646465, 0.82572960, 1.00000000, 1.00000000, 1.00000000
0.131313131313, 0.656565656566, 0.82092252, 1.00000000, 1.00000000, 1.00000000
0.131313131313, 0.666666666667, 0.81683524, 1.00000000, 1.00000000, 1.00000000
0.131313131313, 0.676767676768, 0.81348397, 1.00000000, 1.00000000, 1.00000000
0.131313131313, 0.686868686869, 0.81088206, 1.00000000, 1.00000000, 1.00000000
0.131313131313, 0.696969696970, 0.80903989, 1.00000000, 1.00000000, 1.00000000
0.131313131313, 0.707070707071, 0.80796485, 1.00000000, 1.00000000, 1.00000000
0.131313131313, 0.717171717172, 0.80766133, 1.00000000, 1.00000000, 1.00000000
0.131313131313, 0.727272727273, 0.80813049, 1.00000000, 1.00000000, 1.00000000
0.131313131313, 0.737373737374, 0.80937041, 1.00000000, 1.00000000, 1.00000000
0.131313131313, 0.747474747475, 0.81137613, 1.00000000, 1.00000000, 1.00000000
0.131313131313, 0.757575757576, 0.81413970, 1.00000000, 1.00000000, 1.00000000
0.131313131313, 0.767676767677, 0.81765015, 1.00000000, 1.00000000, 1.00000000
0.131313131313, 0.777777777778, 0.82189359, 1.00000000, 1.00000000, 1.00000000
0.131313131313, 0.787878787879, 0.82685322, 1.00000000, 1.00000000, 1.00000000
0.131313131313, 0.797979797980, 0.83250940, 1.00000000, 1.00000000, 1.00000000
0.131313131313, 0.808080808081, 0.83883971, 1.00000000, 1.00000000, 1.00000000
0.131313131313, 0.818181818182, 0.84581904, 1.00000000, 1.00000000, 1.00000000
0.131313131313, 0.828282828283, 0.85341967, 1.00000000, 1.00000000, 1.00000000
0.131313131313, 0.838383838384, 0.86161139, 1.00000000, 1.00000000, 1.00000000
0.131313131313, 0.848484848485, 0.87036159, 1.00000000, 1.00000000, 1.00000000
0.131313131313, 0.858585858586, 0.87963542, 1.00000000, 1.00000000, 1.00000000
0.131313131313, 0.868686868687, 0.88939588, 1.00000000, 1.00000000, 1.00000000
0.131313131313, 0.878787878788, 0.89960398, 1.00000000, 1.00000000, 1.00000000
0.131313131313, 0.888888888889, 0.91021892, 1.00000000, 1.00000000, 1.00000000
0.131313131313, 0.898989898990, 0.92119820, 1.00000000, 1.00000000, 1.00000000
0.131313131313, 0.909090909091, 0.93249780, 1.00000000, 1.00000000, 1.00000000
0.131313131313, 0.919191919192, 0.94407237, 1.00000000, 1.00000000, 1.00000000
0.131313131313, 0.929292929293, 0.95587526, 1.00000000, 1.00000000, 1.00000000
0.131313131313, 0.939393939394, 0.96785857, 1.00000000, 1.00000000, 1.00000000
0.131313131313, 0.949494949495, 0.97997264, 1.00000000, 1.00000000, 1.00000000
0.131313131313, 0.959595959596, 0.99216500, 1.00000000, 1.00000000, 1.00000000
0.141414141414, -0.000000000000, 1.06358620, 1.00000000, 1.00000000, 1.00000000
0.141414141414, 0.010101010101, 1.07442185, 1.00000000, 1.00000000, 1.00000000
0.141414141414, 0.020202020202, 1.08472724, 1.00000000, 1.00000000, 1.00000000
0.141414141414, 0.030303030303, 1.09448961, 1.00000000, 1.00000000, 1.00000000
0.141414141414, 0.040404040404, 1.10375791, 1.00000000, 1.00000000, 1.00000000
0.141414141414, 0.050505050505, 1.11262613, 1.00000000, 1.00000000, 1.00000000
0.141414141414, 0.060606060606, 1.12119574, 1.00000000, 1.00000000, 1.00000000
0.141414141414, 0.070707070707, 1.12953441, 1.00000000, 1.00000000, 1.00000000
0.141414141414, 0.080808080808, 1.13765074, 1.00000000, 1.00000000, 1.00000000
0.141414141414, 0.090909090909, 1.14549456, 1.00000000, 1.00000000, 1.00000000
0.141414141414, 0.101010101010, 1.15297761, 1.00000000, 1.00000000, 1.00000000
0.141414141414, 0.111111111111, 1.16000059, 1.00000000, 1.00000000, 1.00000000
0.141414141414, 0.121212121212, 1.16647398, 1.00000000, 1.00000000, 1.00000000
0.141414141414, 0.131313131313, 1.17232770, 1.00000000, 1.00000000, 1.00000000
0.141414141414, 0.141414141414, 1.17751131, 1.00000000, 1.00000000, 1.00000000
0.141414141414, 0.151515151515, 1.18198977, 1.00000000, 1.00000000, 1.00000000
0.141414141414, 0.161616161616, 1.18573842, 1.00000000, 1.00000000, 1.00000000
0.141414141414, 0.171717171717, 1.18873943, 1.00000000, 1.00000000, 1.00000000
0.141414141414, 0.181818181818, 1.19097965, 1.00000000, 1.00000000, 1.00000000
0.141414141414, 0.191919191919, 1.19244965, 1.00000000, 1.00000000, 1.00000000
0.141414141414, 0.202020202020, 1.19314332, 1.00000000, 1.00000000, 1.00000000
0.141414141414, 0.212121212121, 1.19305781, 1.00000000, 1.00000000, 1.00000000
0.141414141414, 0.222222222222, 1.19219355, 1.00000000, 1.00000000, 1.00000000
0.141414141414, 0.232323232323, 1.19055411, 1.00000000, 1.00000000, 1.00000000
0.141414141414, 0.242424242424, 1.18814621, 1.00000000, 1.00000000, 1.00000000
0.141414141414, 0.252525252525, 1.18497968, 1.00000000, 1.00000000, 1.00000000
0.141414141414, 0.262626262626, 1.18106741, 1.00000000, 1.00000000, 1.00000000
0.141414141414, 0.272727272727, 1.17642534, 1.00000000, 1.00000000, 1.00000000
0.141414141414, 0.282828282828, 1.17107233, 1.00000000, 1.00000000, 1.00000000
0.141414141414, 0.292929292929, 1.16503014, 1.00000000, 1.00000000, 1.00000000
0.141414141414, 0.303030303030, 1.15832332, 1.00000000, 1.00000000, 1.00000000
0.141414141414, 0.313131313131, 1.15097911, 1.00000000, 1.00000000, 1.00000000
0.141414141414, 0.323232323232, 1.14302734, 1.00000000, 1.00000000, 1.00000000
0.141414141414, 0.333333333333, 1.13450028, 1.00000000, 1.00000000, 1.00000000
0.141414141414, 0.343434343434, 1.12543254, 1.00000000, 1.00000000, 1.00000000
0.141414141414, 0.353535353535, 1.11586090, 1.00000000, 1.00000000, 1.00000000
0.141414141414, 0.363636363636, 1.10582418, 1.00000000, 1.00000000, 1.00000000
0.141414141414, 0.373737373737, 1.09536307, 1.00000000, 1.00000000, 1.00000000
0.141414141414, 0.383838383838, 1.08451996, 1.00000000, 1.00000000, 1.00000000
0.141414141414, 0.393939393939, 1.07333876, 1.00000000, 1.00000000, 1.00000000
0.141414141414, 0.404040404040, 1.06186475, 1.00000000, 1.00000000, 1.00000000
0.141414141414, 0.414141414141, 1.05014435, 1.00000000, 1.00000000, 1.00000000
0.141414141414, 0.424242424242, 1.03822496, 1.00000000, 1.00000000, 1.00000000
0.141414141414, 0.434343434343, 1.02615475, 1.00000000, 1.00000000, 1.00000000
0.141414141414, 0.444444444444, 1.01398247, 1.00000000, 1.00000000, 1.00000000
0.141414141414, 0.454545454545, 1.00175725, 1.00000000, 1.00000000, 1.00000000
0.141414141414, 0.464646464646, 0.98952840, 1.00000000, 1.00000000, 1.00000000
0.141414141414, 0.474747474747, 0.97734519, 1.00000000, 1.00000000, 1.00000000
0.141414141414, 0.484848484848, 0.96525668, 1.00000000, 1.00000000, 1.00000000
0.141414141414, 0.494949494949, 0.95331151, 1.00000000, 1.00000000, 1.00000000
0.141414141414, 0.505050505051, 0.94155767, 1.00000000, 1.00000000, 1.00000000
0.141414141414, 0.515151515152, 0.93004236, 1.00000000, 1.00000000, 1.00000000
0.141414141414, 0.525252525253, 0.91881177, 1.00000000, 1.00000000, 1.00000000
0.141414141414, 0.535353535354, 0.90791089, 1.00000000, 1.00000000, 1.00000000
0.141414141414, 0.545454545455, 0.89738337, 1.00000000, 1.00000000, 1.00000000
0.141414141414, 0.555555555556, 0.88727129, 1.00000000, 1.00000000, 1.00000000
0.141414141414, 0.565656565657, 0.87761503, 1.00000000, 1.00000000, 1.00000000
0.141414141414, 0.575757575758, 0.86845313, 1.00000000, 1.00000000, 1.00000000
0.141414141414, 0.585858585859, 0.85982210, 1.00000000, 1.00000000, 1.00000000
0.141414141414, 0.595959595960, 0.85175629, 1.00000000, 1.00000000, 1.00000000
0.141414141414, 0.606060606061, 0.84428781, 1.00000000, 1.00000000, 1.00000000
0.141414141414, 0.616161616162, 0.83744632, 1.00000000, 1.00000000, 1.00000000
0.141414141414, 0.626262626263, 0.83125900, 1.00000000, 1.00000000, 1.00000000
0.141414141414, 0.636363636364, 0.82575042, 1.00000000, 1.00000000, 1.00000000
0.141414141414, 0.646464646465, 0.82094243, 1.00000000, 1.00000000, 1.00000000
0.141414141414, 0.656565656566, 0.81685412, 1.00000000, 1.00000000, 1.00000000
0.141414141414, 0.666666666667, 0.81350173, 1.00000000, 1.00000000, 1.00000000
0.141414141414, 0.676767676768, 0.81089860, 1.00000000, 1.00000000, 1.00000000
0.141414141414, 0.686868686869, 0.80905512, 1.00000000, 1.00000000, 1.00000000
0.141414141414, 0.696969696970, 0.80797868, 1.00000000, 1.00000000, 1.00000000
0.141414141414, 0.707070707071, 0.80767370, 1.00000000, 1.00000000, 1.00000000
0.141414141414, 0.717171717172, 0.80814132, 1.00000000, 1.00000000, 1.00000000
0.141414141414, 0.727272727273, 0.80937966, 1.00000000, 1.00000000, 1.00000000
0.141414141414, 0.737373737374, 0.81138375, 1.00000000, 1.00000000, 1.00000000
0.141414141414, 0.747474747475, 0.81414564, 1.00000000, 1.00000000, 1.00000000
0.141414141414, 0.757575757576, 0.81765441, 1.00000000, 1.00000000, 1.00000000
0.141414141414, 0.767676767677, 0.82189615, 1.00000000, 1.00000000, 1.00000000
0.141414141414, 0.777777777778, 0.82685407, 1.00000000, 1.00000000, 1.00000000
0.141414141414, 0.787878787879, 0.83250856, 1.00000000, 1.00000000, 1.00000000
0.141414141414, 0.797979797980, 0.83883719, 1.00000000, 1.00000000, 1.00000000
0.141414141414, 0.808080808081, 0.84581487, 1.00000000, 1.00000000, 1.00000000
0.141414141414, 0.818181818182, 0.85341390, 1.00000000, 1.00000000, 1.00000000
0.141414141414, 0.828282828283, 0.86160406, 1.00000000, 1.00000000, 1.00000000
0.141414141414, 0.838383838384, 0.87035276, 1.00000000, 1.00000000, 1.00000000
0.141414141414, 0.848484848485, 0.87962516, 1.00000000, 1.00000000, 1.00000000
0.141414141414, 0.858585858586, 0.88938425, 1.00000000, 1.00000000, 1.00000000
0.141414141414, 0.868686868687, 0.89959107, 1.00000000, 1.00000000, 1.00000000
0.141414141414, 0.878787878788, 0.91020481, 1.00000000, 1.00000000, 1.00000000
0.141414141414, 0.888888888889, 0.92118297, 1.00000000, 1.00000000, 1.00000000
0.141414141414, 0.898989898990, 0.93248157, 1.00000000, 1.00000000, 1.00000000
0.141414141414, 0.909090909091, 0.94405526, 1.00000000, 1.00000000, 1.00000000
0.141414141414, 0.919191919192, 0.95585752, 1.00000000, 1.00000000, 1.00000000
0.141414141414, 0.929292929293, 0.96784079, 1.00000000, 1.00000000, 1.00000000
0.141414141414, 0.939393939394, 0.97995638, 1.00000000, 1.00000000, 1.00000000
0.141414141414, 0.949494949495, 0.99215417, 1.00000000, 1.00000000, 1.00000000
0.141414141414, 0.959595959596, 1.00438149, 1.00000000, 1.00000000, 1.00000000
0.151515151515, -0.000000000000, 1.07503822, 1.00000000, 1.00000000, 1.00000000
0.151515151515, 0.010101010101, 1.08560210, 1.00000000, 1.00000000, 1.00000000
0.151515151515, 0.020202020202, 1.09560401, 1.00000000, 1.00000000, 1.00000000
0.151515151515, 0.030303030303, 1.10503281, 1.00000000, 1.00000000, 1.00000000
0.151515151515, 0.040404040404, 1.11393672, 1.00000000, 1.00000000, 1.00000000
0.151515151515, 0.050505050505, 1.12240686, 1.00000000, 1.00000000, 1.00000000
0.151515151515, 0.060606060606, 1.13054076, 1.00000000, 1.00000000, 1.00000000
0.151515151515, 0.070707070707, 1.13840264, 1.00000000, 1.00000000, 1.00000000
0.151515151515, 0.080808080808, 1.14599943, 1.00000000, 1.00000000, 1.00000000
0.151515151515, 0.090909090909, 1.15328173, 1.00000000, 1.00000000, 1.00000000
0.151515151515, 0.101010101010, 1.16016417, 1.00000000, 1.00000000, 1.00000000
0.151515151515, 0.111111111111, 1.16655157, 1.00000000, 1.00000000, 1.00000000
0.151515151515, 0.121212121212, 1.17235895, 1.00000000, 1.00000000, 1.00000000
0.151515151515, 0.131313131313, 1.17752052, 1.00000000, 1.00000000, 1.00000000
0.151515151515, 0.141414141414, 1.18198977, 1.00000000, 1.00000000, 1.00000000
0.151515151515, 0.151515151515, 1.18573513, 1.00000000, 1.00000000, 1.00000000
0.151515151515, 0.161616161616, 1.18873526, 1.00000000, 1.00000000, 1.00000000
0.151515151515, 0.171717171717, 1.19097546, 1.00000000, 1.00000000, 1.00000000
0.151515151515, 0.181818181818, 1.19244572, 1.00000000, 1.00000000, 1.00000000
0.151515151515, 0.191919191919, 1.19313974, 1.00000000, 1.00000000, 1.00000000
0.151515151515, 0.202020202020, 1.19305461, 1.00000000, 1.00000000, 1.00000000
0.151515151515, 0.212121212121, 1.19219074, 1.00000000, 1.00000000, 1.00000000
0.151515151515, 0.222222222222, 1.19055170, 1.00000000, 1.00000000, 1.00000000
0.151515151515, 0.232323232323, 1.18814420, 1.00000000, 1.00000000, 1.00000000
0.151515151515, 0.242424242424, 1.18497809, 1.00000000, 1.00000000, 1.00000000
0.151515151515, 0.252525252525, 1.18106624, 1.00000000, 1.00000000, 1.00000000
0.151515151515, 0.262626262626, 1.17642459, 1.00000000, 1.00000000, 1.00000000
0.151515151515, 0.272727272727, 1.17107202, 1.00000000, 1.00000000, 1.00000000
0.151515151515, 0.282828282828, 1.16503026, 1.00000000, 1.00000000, 1.00000000
0.151515151515, 0.292929292929, 1.15832388, 1.00000000, 1.00000000, 1.00000000
0.151515151515, 0.303030303030, 1.15098012, 1.00000000, 1.00000000, 1.00000000
0.151515151515, 0.313131313131, 1.14302879, 1.00000000, 1.00000000, 1.00000000
0.151515151515, 0.323232323232, 1.13450218, 1.00000000, 1.00000000, 1.00000000
0.151515151515, 0.333333333333, 1.12543488, 1.00000000, 1.00000000, 1.00000000
0.151515151515, 0.343434343434, 1.11586369, 1.00000000, 1.00000000, 1.00000000
0.151515151515, 0.353535353535, 1.10582741, 1.00000000, 1.00000000, 1.00000000
0.151515151515, 0.363636363636, 1.09536674, 1.00000000, 1.00000000, 1.00000000
0.151515151515, 0.373737373737, 1.08452406, 1.00000000, 1.00000000, 1.00000000
0.151515151515, 0.383838383838, 1.07334329, 1.00000000, 1.00000000, 1.00000000
0.151515151515, 0.393939393939, 1.06186970, 1.00000000, 1.00000000, 1.00000000
0.151515151515, 0.404040404040, 1.05014971, 1.00000000, 1.00000000, 1.00000000
0.151515151515, 0.414141414141, 1.03823072, 1.00000000, 1.00000000, 1.00000000
0.151515151515, 0.424242424242, 1.02616090, 1.00000000, 1.00000000, 1.00000000
0.151515151515, 0.434343434343, 1.01398900, 1.00000000, 1.00000000, 1.00000000
0.151515151515, 0.444444444444, 1.00176414, 1.00000000, 1.00000000, 1.00000000
0.151515151515, 0.454545454545, 0.98953564, 1.00000000, 1.00000000, 1.00000000
0.151515151515, 0.464646464646, 0.97735276, 1.00000000, 1.00000000, 1.00000000
0.151515151515, 0.474747474747, 0.96526455, 1.00000000, 1.00000000, 1.00000000
0.151515151515, 0.484848484848, 0.95331966, 1.00000000, 1.00000000, 1.00000000
0.151515151515, 0.494949494949, 0.94156607, 1.00000000, 1.00000000, 1.00000000
0.151515151515, 0.505050505051, 0.93005099, 1.00000000, 1.00000000, 1.00000000
0.151515151515, 0.515151515152, 0.91882059, 1.00000000, 1.00000000, 1.00000000
0.151515151515, 0.525252525253, 0.90791988, 1.00000000, 1.00000000, 1.00000000
0.151515151515, 0.535353535354, 0.89739249, 1.00000000, 1.00000000, 1.00000000
0.151515151515, 0.545454545455, 0.88728049, 1.00000000, 1.00000000, 1.00000000
0.151515151515, 0.555555555556, 0.87762429, 1.00000000, 1.00000000, 1.00000000
0.151515151515, 0.565656565657, 0.86846240, 1.00000000, 1.00000000, 1.00000000
0.151515151515, 0.575757575758, 0.85983133, 1.00000000, 1.00000000, 1.00000000
0.151515151515, 0.585858585859, 0.85176545, 1.00000000, 1.00000000, 1.00000000
0.151515151515, 0.595959595960, 0.84429684, 1.00000000, 1.00000000, 1.00000000
0.151515151515, 0.606060606061, 0.83745518, 1.00000000, 1.00000000, 1.00000000
0.151515151515, 0.616161616162, 0.83126765, 1.00000000, 1.00000000, 1.00000000
0.151515151515, 0.626262626263, 0.82575880, 1.00000000, 1.00000000, 1.00000000
0.151515151515, 0.636363636364, 0.82095051, 1.00000000, 1.00000000, 1.00000000
0.151515151515, 0.646464646465, 0.81686184, 1.00000000, 1.00000000, 1.00000000
0.151515151515, 0.656565656566, 0.81350906, 1.00000000, 1.00000000, 1.00000000
0.151515151515, 0.666666666667, 0.81090549, 1.00000000, 1.00000000, 1.00000000
0.151515151515, 0.676767676768, 0.80906152, 1.00000000, 1.00000000, 1.00000000
0.151515151515, 0.686868686869, 0.80798457, 1.00000000, 1.00000000, 1.00000000
0.151515151515, 0.696969696970, 0.80767903, 1.00000000, 1.00000000, 1.00000000
0.151515151515, 0.707070707071, 0.80814608, 1.00000000, 1.00000000, 1.00000000
0.151515151515, 0.717171717172, 0.80938381, 1.00000000, 1.00000000, 1.00000000
0.151515151515, 0.727272727273, 0.81138727, 1.00000000, 1.00000000, 1.00000000
0.151515151515, 0.737373737374, 0.81414852, 1.00000000, 1.00000000, 1.00000000
0.151515151515, 0.747474747475, 0.81765663, 1.00000000, 1.00000000, 1.00000000
0.151515151515, 0.757575757576, 0.82189770, 1.00000000, 1.00000000, 1.00000000
0.151515151515, 0.767676767677, 0.82685496, 1.00000000, 1.00000000, 1.00000000
0.151515151515, 0.777777777778, 0.83250878, 1.00000000, 1.00000000, 1.00000000
0.151515151515, 0.787878787879, 0.83883675, 1.00000000, 1.00000000, 1.00000000
0.151515151515, 0.797979797980, 0.84581378, 1.00000000, 1.00000000, 1.00000000
0.151515151515, 0.808080808081, 0.85341217, 1.00000000, 1.00000000, 1.00000000
0.151515151515, 0.818181818182, 0.86160171, 1.00000000, 1.00000000, 1.00000000
0.151515151515, 0.828282828283, 0.87034982, 1.00000000, 1.00000000, 1.00000000
0.151515151515, 0.838383838384, 0.87962164, 1.00000000, 1.00000000, 1.00000000
0.151515151515, 0.848484848485, 0.88938020, 1.00000000, 1.00000000, 1.00000000
0.151515151515, 0.858585858586, 0.89958651, 1.00000000, 1.00000000, 1.00000000
0.151515151515, 0.868686868687, 0.91019977, 1.00000000, 1.00000000, 1.00000000
0.151515151515, 0.878787878788, 0.92117749, 1.00000000, 1.00000000, 1.00000000
0.151515151515, 0.888888888889, 0.93247568, 1.00000000, 1.00000000, 1.00000000
0.151515151515, 0.898989898990, 0.94404901, 1.00000000, 1.00000000, 1.00000000
0.151515151515, 0.909090909091, 0.95585099, 1.00000000, 1.00000000, 1.00000000
0.151515151515, 0.919191919192, 0.96783416, 1.00000000, 1.00000000, 1.00000000
0.151515151515, 0.929292929293, 0.97995015, 1.00000000, 1.00000000, 1.00000000
0.151515151515, 0.939393939394, 0.99214976, 1.00000000, 1.00000000, 1.00000000
0.151515151515, 0.949494949495, 1.00438255, 1.00000000, 1.00000000, 1.00000000
0.151515151515, 0.959595959596, 1.01659589, 1.00000000, 1.00000000, 1.00000000
0.161616161616, -0.000000000000, 1.08619512, 1.00000000, 1.00000000, 1.00000000
0.161616161616, 0.010101010101, 1.09644438, 1.00000000, 1.00000000, 1.00000000
0.161616161616, 0.020202020202, 1.10610231, 1.00000000, 1.00000000, 1.00000000
0.161616161616, 0.030303030303, 1.11515945, 1.00000000, 1.00000000, 1.00000000
0.161616161616, 0.040404040404, 1.12366306, 1.00000000, 1.00000000, 1.00000000
0.161616161616, 0.050505050505, 1.13170097, 1.00000000, 1.00000000, 1.00000000
0.161616161616, 0.060606060606, 1.13936630, 1.00000000, 1.00000000, 1.00000000
0.161616161616, 0.070707070707, 1.14671948, 1.00000000, 1.00000000, 1.00000000
0.161616161616, 0.080808080808, 1.15376578, 1.00000000, 1.00000000, 1.00000000
0.161616161616, 0.090909090909, 1.16045681, 1.00000000, 1.00000000, 1.00000000
0.161616161616, 0.101010101010, 1.16671046, 1.00000000, 1.00000000, 1.00000000
0.161616161616, 0.111111111111, 1.17243611, 1.00000000, 1.00000000, 1.00000000
0.161616161616, 0.121212121212, 1.17755367, 1.00000000, 1.00000000, 1.00000000
0.161616161616, 0.131313131313, 1.18200192, 1.00000000, 1.00000000, 1.00000000
0.161616161616, 0.141414141414, 1.18573842, 1.00000000, 1.00000000, 1.00000000
0.161616161616, 0.151515151515, 1.18873526, 1.00000000, 1.00000000, 1.00000000
0.161616161616, 0.161616161616, 1.19097443, 1.00000000, 1.00000000, 1.00000000
0.161616161616, 0.171717171717, 1.19244446, 1.00000000, 1.00000000, 1.00000000
0.161616161616, 0.181818181818, 1.19313850, 1.00000000, 1.00000000, 1.00000000
0.161616161616, 0.191919191919, 1.19305347, 1.00000000, 1.00000000, 1.00000000
0.161616161616, 0.202020202020, 1.19218972, 1.00000000, 1.00000000, 1.00000000
0.161616161616, 0.212121212121, 1.19055080, 1.00000000, 1.00000000, 1.00000000
0.161616161616, 0.222222222222, 1.18814344, 1.00000000, 1.00000000, 1.00000000
0.161616161616, 0.232323232323, 1.18497746, 1.00000000, 1.00000000, 1.00000000
0.161616161616, 0.242424242424, 1.18106575, 1.00000000, 1.00000000, 1.00000000
0.161616161616, 0.252525252525, 1.17642424, 1.00000000, 1.00000000, 1.00000000
0.161616161616, 0.262626262626, 1.17107180, 1.00000000, 1.00000000, 1.00000000
0.161616161616, 0.272727272727, 1.16503019, 1.00000000, 1.00000000, 1.00000000
0.161616161616, 0.282828282828, 1.15832395, 1.00000000, 1.00000000, 1.00000000
0.161616161616, 0.292929292929, 1.15098033, 1.00000000, 1.00000000, 1.00000000
0.161616161616, 0.303030303030, 1.14302915, 1.00000000, 1.00000000, 1.00000000
0.161616161616, 0.313131313131, 1.13450268, 1.00000000, 1.00000000, 1.00000000
0.161616161616, 0.323232323232, 1.12543553, 1.00000000, 1.00000000, 1.00000000
0.161616161616, 0.333333333333, 1.11586448, 1.00000000, 1.00000000, 1.00000000
0.161616161616, 0.343434343434, 1.10582835, 1.00000000, 1.00000000, 1.00000000
0.161616161616, 0.353535353535, 1.09536783, 1.00000000, 1.00000000, 1.00000000
0.161616161616, 0.363636363636, 1.08452530, 1.00000000, 1.00000000, 1.00000000
0.161616161616, 0.373737373737, 1.07334468, 1.00000000, 1.00000000, 1.00000000
0.161616161616, 0.383838383838, 1.06187123, 1.00000000, 1.00000000, 1.00000000
0.161616161616, 0.393939393939, 1.05015139, 1.00000000, 1.00000000, 1.00000000
0.161616161616, 0.404040404040, 1.03823254, 1.00000000, 1.00000000, 1.00000000
0.161616161616, 0.414141414141, 1.02616286, 1.00000000, 1.00000000, 1.00000000
0.161616161616, 0.424242424242, 1.01399109, 1.00000000, 1.00000000, 1.00000000
0.161616161616, 0.434343434343, 1.00176637, 1.00000000, 1.00000000, 1.00000000
0.161616161616, 0.444444444444, 0.98953799, 1.00000000, 1.00000000, 1.00000000
0.161616161616, 0.454545454545, 0.97735523, 1.00000000, 1.00000000, 1.00000000
0.161616161616, 0.464646464646, 0.96526714, 1.00000000, 1.00000000, 1.00000000
0.161616161616, 0.474747474747, 0.95332236, 1.00000000, 1.00000000, 1.00000000
0.161616161616, 0.484848484848, 0.94156887, 1.00000000, 1.00000000, 1.00000000
0.161616161616, 0.494949494949, 0.93005388, 1.00000000, 1.00000000, 1.00000000
0.161616161616, 0.505050505051, 0.91882357, 1.00000000, 1.00000000, 1.00000000
0.161616161616, 0.515151515152, 0.90792293, 1.00000000, 1.00000000, 1.00000000
0.161616161616, 0.525252525253, 0.89739560, 1.00000000, 1.00000000, 1.00000000
0.161616161616, 0.535353535354, 0.88728366, 1.00000000, 1.00000000, 1.00000000
0.161616161616, 0.545454545455, 0.87762749, 1.00000000, 1.00000000, 1.00000000
0.161616161616, 0.555555555556, 0.86846562, 1.00000000, 1.00000000, 1.00000000
0.161616161616, 0.565656565657, 0.85983456, 1.00000000, 1.00000000, 1.00000000
0.161616161616, 0.575757575758, 0.85176868, 1.00000000, 1.00000000, 1.00000000
0.161616161616, 0.585858585859, 0.84430004, 1.00000000, 1.00000000, 1.00000000
0.161616161616, 0.595959595960, 0.83745835, 1.00000000, 1.00000000, 1.00000000
0.161616161616, 0.606060606061, 0.83127076, 1.00000000, 1.00000000, 1.00000000
0.161616161616, 0.616161616162, 0.82576184, 1.00000000, 1.00000000, 1.00000000
0.161616161616, 0.626262626263, 0.82095345, 1.00000000, 1.00000000, 1.00000000
0.161616161616, 0.636363636364, 0.81686468, 1.00000000, 1.00000000, 1.00000000
0.161616161616, 0.646464646465, 0.81351176, 1.00000000, 1.00000000, 1.00000000
0.161616161616, 0.656565656566, 0.81090805, 1.00000000, 1.00000000, 1.00000000
0.161616161616, 0.666666666667, 0.80906393, 1.00000000, 1.00000000, 1.00000000
0.161616161616, 0.676767676768, 0.80798681, 1.00000000, 1.00000000, 1.00000000
0.161616161616, 0.686868686869, 0.80768108, 1.00000000, 1.00000000, 1.00000000
0.161616161616, 0.696969696970, 0.80814794, 1.00000000, 1.00000000, 1.00000000
0.161616161616, 0.707070707071, 0.80938546, 1.00000000, 1.00000000, 1.00000000
0.161616161616, 0.717171717172, 0.81138870, 1.00000000, 1.00000000, 1.00000000
0.161616161616, 0.727272727273, 0.81414973, 1.00000000, 1.00000000, 1.00000000
0.161616161616, 0.737373737374, 0.81765761, 1.00000000, 1.00000000, 1.00000000
0.161616161616, 0.747474747475, 0.82189845, 1.00000000, 1.00000000, 1.00000000
0.161616161616, 0.757575757576, 0.82685547, 1.00000000, 1.00000000, 1.00000000
0.161616161616, 0.767676767677, 0.83250905, 1.00000000, 1.00000000, 1.00000000
0.161616161616, 0.777777777778, 0.83883679, 1.00000000, 1.00000000, 1.00000000
0.161616161616, 0.787878787879, 0.84581359, 1.00000000, 1.00000000, 1.00000000
0.161616161616, 0.797979797980, 0.85341175, 1.00000000, 1.00000000, 1.00000000
0.161616161616, 0.808080808081, 0.86160107, 1.00000000, 1.00000000, 1.00000000
0.161616161616, 0.818181818182, 0.87034896, 1.00000000, 1.00000000, 1.00000000
0.161616161616, 0.828282828283, 0.87962058, 1.00000000, 1.00000000, 1.00000000
0.161616161616, 0.838383838384, 0.88937894, 1.00000000, 1.00000000, 1.00000000
0.161616161616, 0.848484848485, 0.89958506, 1.00000000, 1.00000000, 1.00000000
0.161616161616, 0.858585858586, 0.91019815, 1.00000000, 1.00000000, 1.00000000
0.161616161616, 0.868686868687, 0.92117571, 1.00000000, 1.00000000, 1.00000000
0.161616161616, 0.878787878788, 0.93247376, 1.00000000, 1.00000000, 1.00000000
0.161616161616, 0.888888888889, 0.94404696, 1.00000000, 1.00000000, 1.00000000
0.161616161616, 0.898989898990, 0.95584884, 1.00000000, 1.00000000, 1.00000000
0.161616161616, 0.909090909091, 0.96783194, 1.00000000, 1.00000000, 1.00000000
0.161616161616, 0.919191919192, 0.97994802, 1.00000000, 1.00000000, 1.00000000
0.161616161616, 0.929292929293, 0.99214816, 1.00000000, 1.00000000, 1.00000000
0.161616161616, 0.939393939394, 1.00438279, 1.00000000, 1.00000000, 1.00000000
0.161616161616, 0.949494949495, 1.01660141, 1.00000000, 1.00000000, 1.00000000
0.161616161616, 0.959595959596, 1.02875159, 1.00000000, 1.00000000, 1.00000000
0.171717171717, -0.000000000000, 1.09700827, 1.00000000, 1.00000000, 1.00000000
0.171717171717, 0.010101010101, 1.10690133, 1.00000000, 1.00000000, 1.00000000
0.171717171717, 0.020202020202, 1.11617617, 1.00000000, 1.00000000, 1.00000000
0.171717171717, 0.030303030303, 1.12482506, 1.00000000, 1.00000000, 1.00000000
0.171717171717, 0.040404040404, 1.13289410, 1.00000000, 1.00000000, 1.00000000
0.171717171717, 0.050505050505, 1.14046741, 1.00000000, 1.00000000, 1.00000000
0.171717171717, 0.060606060606, 1.14763323, 1.00000000, 1.00000000, 1.00000000
0.171717171717, 0.070707070707, 1.15444793, 1.00000000, 1.00000000, 1.00000000
0.171717171717, 0.080808080808, 1.16091509, 1.00000000, 1.00000000, 1.00000000
0.171717171717, 0.090909090909, 1.16698755, 1.00000000, 1.00000000, 1.00000000
0.171717171717, 0.101010101010, 1.17258687, 1.00000000, 1.00000000, 1.00000000
0.171717171717, 0.111111111111, 1.17762738, 1.00000000, 1.00000000, 1.00000000
0.171717171717, 0.121212121212, 1.18203420, 1.00000000, 1.00000000, 1.00000000
0.171717171717, 0.131313131313, 1.18575096, 1.00000000, 1.00000000, 1.00000000
0.171717171717, 0.141414141414, 1.18873943, 1.00000000, 1.00000000, 1.00000000
0.171717171717, 0.151515151515, 1.19097546, 1.00000000, 1.00000000, 1.00000000
0.171717171717, 0.161616161616, 1.19244446, 1.00000000, 1.00000000, 1.00000000
0.171717171717, 0.171717171717, 1.19313822, 1.00000000, 1.00000000, 1.00000000
0.171717171717, 0.181818181818, 1.19305313, 1.00000000, 1.00000000, 1.00000000
0.171717171717, 0.191919191919, 1.19218940, 1.00000000, 1.00000000, 1.00000000
0.171717171717, 0.202020202020, 1.19055051, 1.00000000, 1.00000000, 1.00000000
0.171717171717, 0.212121212121, 1.18814319, 1.00000000, 1.00000000, 1.00000000
0.171717171717, 0.222222222222, 1.18497724, 1.00000000, 1.00000000, 1.00000000
0.171717171717, 0.232323232323, 1.18106557, 1.00000000, 1.00000000, 1.00000000
0.171717171717, 0.242424242424, 1.17642410, 1.00000000, 1.00000000, 1.00000000
0.171717171717, 0.252525252525, 1.17107170, 1.00000000, 1.00000000, 1.00000000
0.171717171717, 0.262626262626, 1.16503013, 1.00000000, 1.00000000, 1.00000000
0.171717171717, 0.272727272727, 1.15832393, 1.00000000, 1.00000000, 1.00000000
0.171717171717, 0.282828282828, 1.15098036, 1.00000000, 1.00000000, 1.00000000
0.171717171717, 0.292929292929, 1.14302922, 1.00000000, 1.00000000, 1.00000000
0.171717171717, 0.303030303030, 1.13450279, 1.00000000, 1.00000000, 1.00000000
0.171717171717, 0.313131313131, 1.12543569, 1.00000000, 1.00000000, 1.00000000
0.171717171717, 0.323232323232, 1.11586468, 1.00000000, 1.00000000, 1.00000000
0.171717171717, 0.333333333333, 1.10582860, 1.00000000, 1.00000000, 1.00000000
0.171717171717, 0.343434343434, 1.09536812, 1.00000000, 1.00000000, 1.00000000
0.171717171717, 0.353535353535, 1.08452563, 1.00000000, 1.00000000, 1.00000000
0.171717171717, 0.363636363636, 1.07334506, 1.00000000, 1.00000000, 1.00000000
0.171717171717, 0.373737373737, 1.06187165, 1.00000000, 1.00000000, 1.00000000
0.171717171717, 0.383838383838, 1.05015185, 1.00000000, 1.00000000, 1.00000000
0.171717171717, 0.393939393939, 1.03823305, 1.00000000, 1.00000000, 1.00000000
0.171717171717, 0.404040404040, 1.02616341, 1.00000000, 1.00000000, 1.00000000
0.171717171717, 0.414141414141, 1.01399169, 1.00000000, 1.00000000, 1.00000000
0.171717171717, 0.424242424242, 1.00176701, 1.00000000, 1.00000000, 1.00000000
0.171717171717, 0.434343434343, 0.98953867, 1.00000000, 1.00000000, 1.00000000
0.171717171717, 0.444444444444, 0.97735595, 1.00000000, 1.00000000, 1.00000000
0.171717171717, 0.454545454545, 0.96526791, 1.00000000, 1.00000000, 1.00000000
0.171717171717, 0.464646464646, 0.95332316, 1.00000000, 1.00000000, 1.00000000
0.171717171717, 0.474747474747, 0.94156971, 1.00000000, 1.00000000, 1.00000000
0.171717171717, 0.484848484848, 0.93005475, 1.00000000, 1.00000000, 1.00000000
0.171717171717, 0.494949494949, 0.91882447, 1.00000000, 1.00000000, 1.00000000
0.171717171717, 0.505050505051, 0.90792386, 1.00000000, 1.00000000, 1.00000000
0.171717171717, 0.515151515152, 0.89739655, 1.00000000, 1.00000000, 1.00000000
0.171717171717, 0.525252525253, 0.88728463, 1.00000000, 1.00000000, 1.00000000
0.171717171717, 0.535353535354, 0.87762848, 1.00000000, 1.00000000, 1.00000000
0.171717171717, 0.545454545455, 0.86846663, 1.00000000, 1.00000000, 1.00000000
0.171717171717, 0.555555555556, 0.85983558, 1.00000000, 1.00000000, 1.00000000
0.171717171717, 0.565656565657, 0.85176969, 1.00000000, 1.00000000, 1.00000000
0.171717171717, 0.575757575758, 0.84430106, 1.00000000, 1.00000000, 1.00000000
0.171717171717, 0.585858585859, 0.83745936, 1.00000000, 1.00000000, 1.00000000
0.171717171717, 0.595959595960, 0.83127175, 1.00000000, 1.00000000, 1.00000000
0.171717171717, 0.606060606061, 0.82576282, 1.00000000, 1.00000000, 1.00000000
0.171717171717, 0.616161616162, 0.82095441, 1.00000000, 1.00000000, 1.00000000
0.171717171717, 0.626262626263, 0.81686561, 1.00000000, 1.00000000, 1.00000000
0.171717171717, 0.636363636364, 0.81351266, 1.00000000, 1.00000000, 1.00000000
0.171717171717, 0.646464646465, 0.81090891, 1.00000000, 1.00000000, 1.00000000
0.171717171717, 0.656565656566, 0.80906474, 1.00000000, 1.00000000, 1.00000000
0.171717171717, 0.666666666667, 0.80798757, 1.00000000, 1.00000000, 1.00000000
0.171717171717, 0.676767676768, 0.80768179, 1.00000000, 1.00000000, 1.00000000
0.171717171717, 0.686868686869, 0.80814858, 1.00000000, 1.00000000, 1.00000000
0.171717171717, 0.696969696970, 0.80938604, 1.00000000, 1.00000000, 1.00000000
0.171717171717, 0.707070707071, 0.81138922, 1.00000000, 1.00000000, 1.00000000
0.171717171717, 0.717171717172, 0.81415018, 1.00000000, 1.00000000, 1.00000000
0.171717171717, 0.727272727273, 0.81765798, 1.00000000, 1.00000000, 1.00000000
0.171717171717, 0.737373737374, 0.82189875, 1.00000000, 1.00000000, 1.00000000
0.171717171717, 0.747474747475, 0.82685570, 1.00000000, 1.00000000, 1.00000000
0.171717171717, 0.757575757576, 0.83250920, 1.00000000, 1.00000000, 1.00000000
0.171717171717, 0.767676767677, 0.83883686, 1.00000000, 1.00000000, 1.00000000
0.171717171717, 0.777777777778, 0.84581358, 1.00000000, 1.00000000, 1.00000000
0.171717171717, 0.787878787879, 0.85341167, 1.00000000, 1.00000000, 1.00000000
0.171717171717, 0.797979797980, 0.86160092, 1.00000000, 1.00000000, 1.00000000
0.171717171717, 0.808080808081, 0.87034875, 1.00000000, 1.00000000, 1.00000000
0.171717171717, 0.818181818182, 0.87962030, 1.00000000, 1.00000000, 1.00000000
0.171717171717, 0.828282828283, 0.88937859, 1.00000000, 1.00000000, 1.00000000
0.171717171717, 0.838383838384, 0.89958466, 1.00000000, 1.00000000, 1.00000000
0.171717171717, 0.848484848485, 0.91019769, 1.00000000, 1.00000000, 1.00000000
0.171717171717, 0.858585858586, 0.92117520, 1.00000000, 1.00000000, 1.00000000
0.171717171717, 0.868686868687, 0.93247320, 1.00000000, 1.00000000, 1.00000000
0.171717171717, 0.878787878788, 0.94404635, 1.00000000, 1.00000000, 1.00000000
0.171717171717, 0.888888888889, 0.95584820, 1.00000000, 1.00000000, 1.00000000
0.171717171717, 0.898989898990, 0.96783127, 1.00000000, 1.00000000, 1.00000000
0.171717171717, 0.909090909091, 0.97994736, 1.00000000, 1.00000000, 1.00000000
0.171717171717, 0.919191919192, 0.99214764, 1.00000000, 1.00000000, 1.00000000
0.171717171717, 0.929292929293, 1.00438282, 1.00000000, 1.00000000, 1.00000000
0.171717171717, 0.939393939394, 1.01660319, 1.00000000, 1.00000000, 1.00000000
0.171717171717, 0.949494949495, 1.02875835, 1.00000000, 1.00000000, 1.00000000
0.171717171717, 0.959595959596, 1.04079632, 1.00000000, 1.00000000, 1.00000000
0.181818181818, -0.000000000000, 1.10743260, 1.00000000, 1.00000000, 1.00000000
0.181818181818, 0.010101010101, 1.11692929, 1.00000000, 1.00000000, 1.00000000
0.181818181818, 0.020202020202, 1.12578348, 1.00000000, 1.00000000, 1.00000000
0.181818181818, 0.030303030303, 1.13398919, 1.00000000, 1.00000000, 1.00000000
0.181818181818, 0.040404040404, 1.14159118, 1.00000000, 1.00000000, 1.00000000
0.181818181818, 0.050505050505, 1.14866939, 1.00000000, 1.00000000, 1.00000000
0.181818181818, 0.060606060606, 1.15530680, 1.00000000, 1.00000000, 1.00000000
0.181818181818, 0.070707070707, 1.16155541, 1.00000000, 1.00000000, 1.00000000
0.181818181818, 0.080808080808, 1.16741714, 1.00000000, 1.00000000, 1.00000000
0.181818181818, 0.090909090909, 1.17284629, 1.00000000, 1.00000000, 1.00000000
0.181818181818, 0.101010101010, 1.17776842, 1.00000000, 1.00000000, 1.00000000
0.181818181818, 0.111111111111, 1.18210321, 1.00000000, 1.00000000, 1.00000000
0.181818181818, 0.121212121212, 1.18578131, 1.00000000, 1.00000000, 1.00000000
0.181818181818, 0.131313131313, 1.18875140, 1.00000000, 1.00000000, 1.00000000
0.181818181818, 0.141414141414, 1.19097965, 1.00000000, 1.00000000, 1.00000000
0.181818181818, 0.151515151515, 1.19244572, 1.00000000, 1.00000000, 1.00000000
0.181818181818, 0.161616161616, 1.19313850, 1.00000000, 1.00000000, 1.00000000
0.181818181818, 0.171717171717, 1.19305313, 1.00000000, 1.00000000, 1.00000000
0.181818181818, 0.181818181818, 1.19218933, 1.00000000, 1.00000000, 1.00000000
0.181818181818, 0.191919191919, 1.19055044, 1.00000000, 1.00000000, 1.00000000
0.181818181818, 0.202020202020, 1.18814312, 1.00000000, 1.00000000, 1.00000000
0.181818181818, 0.212121212121, 1.18497718, 1.00000000, 1.00000000, 1.00000000
0.181818181818, 0.222222222222, 1.18106552, 1.00000000, 1.00000000, 1.00000000
0.181818181818, 0.232323232323, 1.17642406, 1.00000000, 1.00000000, 1.00000000
0.181818181818, 0.242424242424, 1.17107167, 1.00000000, 1.00000000, 1.00000000
0.181818181818, 0.252525252525, 1.16503011, 1.00000000, 1.00000000, 1.00000000
0.181818181818, 0.262626262626, 1.15832392, 1.00000000, 1.00000000, 1.00000000
0.181818181818, 0.272727272727, 1.15098035, 1.00000000, 1.00000000, 1.00000000
0.181818181818, 0.282828282828, 1.14302923, 1.00000000, 1.00000000, 1.00000000
0.181818181818, 0.292929292929, 1.13450281, 1.00000000, 1.00000000, 1.00000000
0.181818181818, 0.303030303030, 1.12543572, 1.00000000, 1.00000000, 1.00000000
0.181818181818, 0.313131313131, 1.11586473, 1.00000000, 1.00000000, 1.00000000
0.181818181818, 0.323232323232, 1.10582865, 1.00000000, 1.00000000, 1.00000000
0.181818181818, 0.333333333333, 1.09536819, 1.00000000, 1.00000000, 1.00000000
0.181818181818, 0.343434343434, 1.08452571, 1.00000000, 1.00000000, 1.00000000
0.181818181818, 0.353535353535, 1.07334515, 1.00000000, 1.00000000, 1.00000000
0.181818181818, 0.363636363636, 1.06187176, 1.00000000, 1.00000000, 1.00000000
0.181818181818, 0.373737373737, 1.05015197, 1.00000000, 1.00000000, 1.00000000
0.181818181818, 0.383838383838, 1.03823318, 1.00000000, 1.00000000, 1.00000000
0.181818181818, 0.393939393939, 1.02616355, 1.00000000, 1.00000000, 1.00000000
0.181818181818, 0.404040404040, 1.01399184, 1.00000000, 1.00000000, 1.00000000
0.181818181818, 0.414141414141, 1.00176718, 1.00000000, 1.00000000, 1.00000000
0.181818181818, 0.424242424242, 0.98953885, 1.00000000, 1.00000000, 1.00000000
0.181818181818, 0.434343434343, 0.97735614, 1.00000000, 1.00000000, 1.00000000
0.181818181818, 0.444444444444, 0.96526811, 1.00000000, 1.00000000, 1.00000000
0.181818181818, 0.454545454545, 0.95332337, 1.00000000, 1.00000000, 1.00000000
0.181818181818, 0.464646464646, 0.94156993, 1.00000000, 1.00000000, 1.00000000
0.181818181818, 0.474747474747, 0.93005498, 1.00000000, 1.00000000, 1.00000000
0.181818181818, 0.484848484848, 0.91882471, 1.00000000, 1.00000000, 1.00000000
0.181818181818, 0.494949494949, 0.90792411, 1.00000000, 1.00000000, 1.00000000
0.181818181818, 0.505050505051, 0.89739681, 1.00000000, 1.00000000, 1.00000000
0.181818181818, 0.515151515152, 0.88728490, 1.00000000, 1.00000000, 1.00000000
0.181818181818, 0.525252525253, 0.87762876, 1.00000000, 1.00000000, 1.00000000
0.181818181818, 0.535353535354, 0.86846691, 1.00000000, 1.00000000, 1.00000000
0.181818181818, 0.545454545455, 0.85983586, 1.00000000, 1.00000000, 1.00000000
0.181818181818, 0.555555555556, 0.85176998, 1.00000000, 1.00000000, 1.00000000
0.181818181818, 0.565656565657, 0.84430135, 1.00000000, 1.00000000, 1.00000000
0.181818181818, 0.575757575758, 0.83745964, 1.00000000, 1.00000000, 1.00000000
0.181818181818, 0.585858585859, 0.83127204, 1.00000000, 1.00000000, 1.00000000
0.181818181818, 0.595959595960, 0.82576310, 1.00000000, 1.00000000, 1.00000000
0.181818181818, 0.606060606061, 0.82095469, 1.00000000, 1.00000000, 1.00000000
0.181818181818, 0.616161616162, 0.81686588, 1.00000000, 1.00000000, 1.00000000
0.181818181818, 0.626262626263, 0.81351293, 1.00000000, 1.00000000, 1.00000000
0.181818181818, 0.636363636364, 0.81090916, 1.00000000, 1.00000000, 1.00000000
0.181818181818, 0.646464646465, 0.80906499, 1.00000000, 1.00000000, 1.00000000
0.181818181818, 0.656565656566, 0.80798780, 1.00000000, 1.00000000, 1.00000000
0.181818181818, 0.666666666667, 0.80768200, 1.00000000, 1.00000000, 1.00000000
0.181818181818, 0.676767676768, 0.80814878, 1.00000000, 1.00000000, 1.00000000
0.181818181818, 0.686868686869, 0.80938622, 1.00000000, 1.00000000, 1.00000000
0.181818181818, 0.696969696970, 0.81138938, 1.00000000, 1.00000000, 1.00000000
0.181818181818, 0.707070707071, 0.81415032, 1.00000000, 1.00000000, 1.00000000
0.181818181818, 0.717171717172, 0.81765811, 1.00000000, 1.00000000, 1.00000000
0.181818181818, 0.727272727273, 0.82189885, 1.00000000, 1.00000000, 1.00000000
0.181818181818, 0.737373737374, 0.82685578, 1.00000000, 1.00000000, 1.00000000
0.181818181818, 0.747474747475, 0.83250926, 1.00000000, 1.00000000, 1.00000000
0.181818181818, 0.757575757576, 0.83883690, 1.00000000, 1.00000000, 1.00000000
0.181818181818, 0.767676767677, 0.84581360, 1.00000000, 1.00000000, 1.00000000
0.181818181818, 0.777777777778, 0.85341167, 1.00000000, 1.00000000, 1.00000000
0.181818181818, 0.787878787879, 0.86160089, 1.00000000, 1.00000000, 1.00000000
0.181818181818, 0.797979797980, 0.87034870, 1.00000000, 1.00000000, 1.00000000
0.181818181818, 0.808080808081, 0.87962023, 1.00000000, 1.00000000, 1.00000000
0.181818181818, 0.818181818182, 0.88937851, 1.00000000, 1.00000000, 1.00000000
0.181818181818, 0.828282828283, 0.89958456, 1.00000000, 1.00000000, 1.00000000
0.181818181818, 0.838383838384, 0.91019757, 1.00000000, 1.00000000, 1.00000000
0.181818181818, 0.848484848485, 0.92117507, 1.00000000, 1.00000000, 1.00000000
0.181818181818, 0.858585858586, 0.93247305, 1.00000000, 1.00000000, 1.00000000
0.181818181818, 0.868686868687, 0.94404620, 1.00000000, 1.00000000, 1.00000000
0.181818181818, 0.878787878788, 0.95584803, 1.00000000, 1.00000000, 1.00000000
0.181818181818, 0.888888888889, 0.96783110, 1.00000000, 1.00000000, 1.00000000
0.181818181818, 0.898989898990, 0.97994719, 1.00000000, 1.00000000, 1.00000000
0.181818181818, 0.909090909091, 0.99214750, 1.00000000, 1.00000000, 1.00000000
0.181818181818, 0.919191919192, 1.00438282, 1.00000000, 1.00000000, 1.00000000
0.181818181818, 0.929292929293, 1.01660371, 1.00000000, 1.00000000, 1.00000000
0.181818181818, 0.939393939394, 1.02876050, 1.00000000, 1.00000000, 1.00000000
0.181818181818, 0.949494949495, 1.04080309, 1.00000000, 1.00000000, 1.00000000
0.181818181818, 0.959595959596, 1.05268019, 1.00000000, 1.00000000, 1.00000000
0.191919191919, -0.000000000000, 1.11742543, 1.00000000, 1.00000000, 1.00000000
0.191919191919, 0.010101010101, 1.12648720, 1.00000000, 1.00000000, 1.00000000
0.191919191919, 0.020202020202, 1.13488487, 1.00000000, 1.00000000, 1.00000000
0.191919191919, 0.030303030303, 1.14261429, 1.00000000, 1.00000000, 1.00000000
0.191919191919, 0.040404040404, 1.14971860, 1.00000000, 1.00000000, 1.00000000
0.191919191919, 0.050505050505, 1.15627324, 1.00000000, 1.00000000, 1.00000000
0.191919191919, 0.060606060606, 1.16235546, 1.00000000, 1.00000000, 1.00000000
0.191919191919, 0.070707070707, 1.16801270, 1.00000000, 1.00000000, 1.00000000
0.191919191919, 0.080808080808, 1.17324517, 1.00000000, 1.00000000, 1.00000000
0.191919191919, 0.090909090909, 1.17800887, 1.00000000, 1.00000000, 1.00000000
0.191919191919, 0.101010101010, 1.18223371, 1.00000000, 1.00000000, 1.00000000
0.191919191919, 0.111111111111, 1.18584508, 1.00000000, 1.00000000, 1.00000000
0.191919191919, 0.121212121212, 1.18877944, 1.00000000, 1.00000000, 1.00000000
0.191919191919, 0.131313131313, 1.19099074, 1.00000000, 1.00000000, 1.00000000
0.191919191919, 0.141414141414, 1.19244965, 1.00000000, 1.00000000, 1.00000000
0.191919191919, 0.151515151515, 1.19313974, 1.00000000, 1.00000000, 1.00000000
0.191919191919, 0.161616161616, 1.19305347, 1.00000000, 1.00000000, 1.00000000
0.191919191919, 0.171717171717, 1.19218940, 1.00000000, 1.00000000, 1.00000000
0.191919191919, 0.181818181818, 1.19055044, 1.00000000, 1.00000000, 1.00000000
0.191919191919, 0.191919191919, 1.18814310, 1.00000000, 1.00000000, 1.00000000
0.191919191919, 0.202020202020, 1.18497716, 1.00000000, 1.00000000, 1.00000000
0.191919191919, 0.212121212121, 1.18106551, 1.00000000, 1.00000000, 1.00000000
0.191919191919, 0.222222222222, 1.17642405, 1.00000000, 1.00000000, 1.00000000
0.191919191919, 0.232323232323, 1.17107166, 1.00000000, 1.00000000, 1.00000000
0.191919191919, 0.242424242424, 1.16503010, 1.00000000, 1.00000000, 1.00000000
0.191919191919, 0.252525252525, 1.15832392, 1.00000000, 1.00000000, 1.00000000
0.191919191919, 0.262626262626, 1.15098035, 1.00000000, 1.00000000, 1.00000000
0.191919191919, 0.272727272727, 1.14302923, 1.00000000, 1.00000000, 1.00000000
0.191919191919, 0.282828282828, 1.13450282, 1.00000000, 1.00000000, 1.00000000
0.191919191919, 0.292929292929, 1.12543572, 1.00000000, 1.00000000, 1.00000000
0.191919191919, 0.303030303030, 1.11586473, 1.00000000, 1.00000000, 1.00000000
0.191919191919, 0.313131313131, 1.10582866, 1.00000000, 1.00000000, 1.00000000
0.191919191919, 0.323232323232, 1.09536820, 1.00000000, 1.00000000, 1.00000000
0.191919191919, 0.333333333333, 1.08452573, 1.00000000, 1.00000000, 1.00000000
0.191919191919, 0.343434343434, 1.07334517, 1.00000000, 1.00000000, 1.00000000
0.191919191919, 0.353535353535, 1.06187178, 1.00000000, 1.00000000, 1.00000000
0.191919191919, 0.363636363636, 1.05015200, 1.00000000, 1.00000000, 1.00000000
0.191919191919, 0.373737373737, 1.03823321, 1.00000000, 1.00000000, 1.00000000
0.191919191919, 0.383838383838, 1.02616359, 1.00000000, 1.00000000, 1.00000000
0.191919191919, 0.393939393939, 1.01399188, 1.00000000, 1.00000000, 1.00000000
0.191919191919, 0.404040404040, 1.00176721, 1.00000000, 1.00000000, 1.00000000
0.191919191919, 0.414141414141, 0.98953889, 1.00000000, 1.00000000, 1.00000000
0.191919191919, 0.424242424242, 0.97735619, 1.00000000, 1.00000000, 1.00000000
0.191919191919, 0.434343434343, 0.96526815, 1.00000000, 1.00000000, 1.00000000
0.191919191919, 0.444444444444, 0.95332342, 1.00000000, 1.00000000, 1.00000000
0.191919191919, 0.454545454545, 0.94156998, 1.00000000, 1.00000000, 1.00000000
0.191919191919, 0.464646464646, 0.93005504, 1.00000000, 1.00000000, 1.00000000
0.191919191919, 0.474747474747, 0.91882477, 1.00000000, 1.00000000, 1.00000000
0.191919191919, 0.484848484848, 0.90792417, 1.00000000, 1.00000000, 1.00000000
0.191919191919, 0.494949494949, 0.89739688, 1.00000000, 1.00000000, 1.00000000
0.191919191919, 0.505050505051, 0.88728496, 1.00000000, 1.00000000, 1.00000000
0.191919191919, 0.515151515152, 0.87762882, 1.00000000, 1.00000000, 1.00000000
0.191919191919, 0.525252525253, 0.86846698, 1.00000000, 1.00000000, 1.00000000
0.191919191919, 0.535353535354, 0.85983593, 1.00000000, 1.00000000, 1.00000000
0.191919191919, 0.545454545455, 0.85177005, 1.00000000, 1.00000000, 1.00000000
0.191919191919, 0.555555555556, 0.84430142, 1.00000000, 1.00000000, 1.00000000
0.191919191919, 0.565656565657, 0.83745972, 1.00000000, 1.00000000, 1.00000000
0.191919191919, 0.575757575758, 0.83127212, 1.00000000, 1.00000000, 1.00000000
0.191919191919, 0.585858585859, 0.82576317, 1.00000000, 1.00000000, 1.00000000
0.191919191919, 0.595959595960, 0.82095476, 1.00000000, 1.00000000, 1.00000000
0.191919191919, 0.606060606061, 0.81686595, 1.00000000, 1.00000000, 1.00000000
0.191919191919, 0.616161616162, 0.81351300, 1.00000000, 1.00000000, 1.00000000
0.191919191919, 0.626262626263, 0.81090923, 1.00000000, 1.00000000, 1.00000000
0.191919191919, 0.636363636364, 0.80906505, 1.00000000, 1.00000000, 1.00000000
0.191919191919, 0.646464646465, 0.80798786, 1.00000000, 1.00000000, 1.00000000
0.191919191919, 0.656565656566, 0.80768206, 1.00000000, 1.00000000, 1.00000000
0.191919191919, 0.666666666667, 0.80814884, 1.00000000, 1.00000000, 1.00000000
0.191919191919, 0.676767676768, 0.80938627, 1.00000000, 1.00000000, 1.00000000
0.191919191919, 0.686868686869, 0.81138943, 1.00000000, 1.00000000, 1.00000000
0.191919191919, 0.696969696970, 0.81415036, 1.00000000, 1.00000000, 1.00000000
0.191919191919, 0.707070707071, 0.81765814, 1.00000000, 1.00000000, 1.00000000
0.191919191919, 0.717171717172, 0.82189888, 1.00000000, 1.00000000, 1.00000000
0.191919191919, 0.727272727273, 0.82685580, 1.00000000, 1.00000000, 1.00000000
0.191919191919, 0.737373737374, 0.83250928, 1.00000000, 1.00000000, 1.00000000
0.191919191919, 0.747474747475, 0.83883692, 1.00000000, 1.00000000, 1.00000000
0.191919191919, 0.757575757576, 0.84581361, 1.00000000, 1.00000000, 1.00000000
0.191919191919, 0.767676767677, 0.85341167, 1.00000000, 1.00000000, 1.00000000
0.191919191919, 0.777777777778, 0.86160089, 1.00000000, 1.00000000, 1.00000000
0.191919191919, 0.787878787879, 0.87034869, 1.00000000, 1.00000000, 1.00000000
0.191919191919, 0.797979797980, 0.87962022, 1.00000000, 1.00000000, 1.00000000
0.191919191919, 0.808080808081, 0.88937849, 1.00000000, 1.00000000, 1.00000000
0.191919191919, 0.818181818182, 0.89958454, 1.00000000, 1.00000000, 1.00000000
0.191919191919, 0.828282828283, 0.91019754, 1.00000000, 1.00000000, 1.00000000
0.191919191919, 0.838383838384, 0.92117504, 1.00000000, 1.00000000, 1.00000000
0.191919191919, 0.848484848485, 0.93247302, 1.00000000, 1.00000000, 1.00000000
0.191919191919, 0.858585858586, 0.94404616, 1.00000000, 1.00000000, 1.00000000
0.191919191919, 0.868686868687, 0.95584799, 1.00000000, 1.00000000, 1.00000000
0.191919191919, 0.878787878788, 0.96783105, 1.00000000, 1.00000000, 1.00000000
0.191919191919, 0.888888888889, 0.97994714, 1.00000000, 1.00000000, 1.00000000
0.191919191919, 0.898989898990, 0.99214746, 1.00000000, 1.00000000, 1.00000000
0.191919191919, 0.909090909091, 1.00438282, 1.00000000, 1.00000000, 1.00000000
0.191919191919, 0.919191919192, 1.01660384, 1.00000000, 1.00000000, 1.00000000
0.191919191919, 0.929292929293, 1.02876110, 1.00000000, 1.00000000, 1.00000000
0.191919191919, 0.939393939394, 1.04080520, 1.00000000, 1.00000000, 1.00000000
0.191919191919, 0.949494949495, 1.05268656, 1.00000000, 1.00000000, 1.00000000
0.191919191919, 0.959595959596, 1.06435473, 1.00000000, 1.00000000, 1.00000000
0.202020202020, -0.000000000000, 1.12694615, 1.00000000, 1.00000000, 1.00000000
0.202020202020, 0.010101010101, 1.13553620, 1.00000000, 1.00000000, 1.00000000
0.202020202020, 0.020202020202, 1.14344334, 1.00000000, 1.00000000, 1.00000000
0.202020202020, 0.030303030303, 1.15066525, 1.00000000, 1.00000000, 1.00000000
0.202020202020, 0.040404040404, 1.15724329, 1.00000000, 1.00000000, 1.00000000
0.202020202020, 0.050505050505, 1.16324798, 1.00000000, 1.00000000, 1.00000000
0.202020202020, 0.060606060606, 1.16875050, 1.00000000, 1.00000000, 1.00000000
0.202020202020, 0.070707070707, 1.17379345, 1.00000000, 1.00000000, 1.00000000
0.202020202020, 0.080808080808, 1.17837538, 1.00000000, 1.00000000, 1.00000000
0.202020202020, 0.090909090909, 1.18245419, 1.00000000, 1.00000000, 1.00000000
0.202020202020, 0.101010101010, 1.18596448, 1.00000000, 1.00000000, 1.00000000
0.202020202020, 0.111111111111, 1.18883766, 1.00000000, 1.00000000, 1.00000000
0.202020202020, 0.121212121212, 1.19101629, 1.00000000, 1.00000000, 1.00000000
0.202020202020, 0.131313131313, 1.19245974, 1.00000000, 1.00000000, 1.00000000
0.202020202020, 0.141414141414, 1.19314332, 1.00000000, 1.00000000, 1.00000000
0.202020202020, 0.151515151515, 1.19305461, 1.00000000, 1.00000000, 1.00000000
0.202020202020, 0.161616161616, 1.19218972, 1.00000000, 1.00000000, 1.00000000
0.202020202020, 0.171717171717, 1.19055051, 1.00000000, 1.00000000, 1.00000000
0.202020202020, 0.181818181818, 1.18814312, 1.00000000, 1.00000000, 1.00000000
0.202020202020, 0.191919191919, 1.18497716, 1.00000000, 1.00000000, 1.00000000
0.202020202020, 0.202020202020, 1.18106550, 1.00000000, 1.00000000, 1.00000000
0.202020202020, 0.212121212121, 1.17642404, 1.00000000, 1.00000000, 1.00000000
0.202020202020, 0.222222222222, 1.17107166, 1.00000000, 1.00000000, 1.00000000
0.202020202020, 0.232323232323, 1.16503010, 1.00000000, 1.00000000, 1.00000000
0.202020202020, 0.242424242424, 1.15832392, 1.00000000, 1.00000000, 1.00000000
0.202020202020, 0.252525252525, 1.15098035, 1.00000000, 1.00000000, 1.00000000
0.202020202020, 0.262626262626, 1.14302923, 1.00000000, 1.00000000, 1.00000000
0.202020202020, 0.272727272727, 1.13450282, 1.00000000, 1.00000000, 1.00000000
0.202020202020, 0.282828282828, 1.12543572, 1.00000000, 1.00000000, 1.00000000
0.202020202020, 0.292929292929, 1.11586474, 1.00000000, 1.00000000, 1.00000000
0.202020202020, 0.303030303030, 1.10582867, 1.00000000, 1.00000000, 1.00000000
0.202020202020, 0.313131313131, 1.09536820, 1.00000000, 1.00000000, 1.00000000
0.202020202020, 0.323232323232, 1.08452573, 1.00000000, 1.00000000, 1.00000000
0.202020202020, 0.333333333333, 1.07334517, 1.00000000, 1.00000000, 1.00000000
0.202020202020, 0.343434343434, 1.06187178, 1.00000000, 1.00000000, 1.00000000
0.202020202020, 0.353535353535, 1.05015200, 1.00000000, 1.00000000, 1.00000000
0.202020202020, 0.363636363636, 1.03823321, 1.00000000, 1.00000000, 1.00000000
0.202020202020, 0.373737373737, 1.02616359, 1.00000000, 1.00000000, 1.00000000
0.202020202020, 0.383838383838, 1.01399189, 1.00000000, 1.00000000, 1.00000000
0.202020202020, 0.393939393939, 1.00176722, 1.00000000, 1.00000000, 1.00000000
0.202020202020, 0.404040404040, 0.98953890, 1.00000000, 1.00000000, 1.00000000
0.202020202020, 0.414141414141, 0.97735619, 1.00000000, 1.00000000, 1.00000000
0.202020202020, 0.424242424242, 0.96526816, 1.00000000, 1.00000000, 1.00000000
0.202020202020, 0.434343434343, 0.95332343, 1.00000000, 1.00000000, 1.00000000
0.202020202020, 0.444444444444, 0.94156999, 1.00000000, 1.00000000, 1.00000000
0.202020202020, 0.454545454545, 0.93005505, 1.00000000, 1.00000000, 1.00000000
0.202020202020, 0.464646464646, 0.91882478, 1.00000000, 1.00000000, 1.00000000
0.202020202020, 0.474747474747, 0.90792419, 1.00000000, 1.00000000, 1.00000000
0.202020202020, 0.484848484848, 0.89739689, 1.00000000, 1.00000000, 1.00000000
0.202020202020, 0.494949494949, 0.88728498, 1.00000000, 1.00000000, 1.00000000
0.202020202020, 0.505050505051, 0.87762884, 1.00000000, 1.00000000, 1.00000000
0.202020202020, 0.515151515152, 0.86846699, 1.00000000, 1.00000000, 1.00000000
0.202020202020, 0.525252525253, 0.85983595, 1.00000000, 1.00000000, 1.00000000
0.202020202020, 0.535353535354, 0.85177007, 1.00000000, 1.00000000, 1.00000000
0.202020202020, 0.545454545455, 0.84430144, 1.00000000, 1.00000000, 1.00000000
0.202020202020, 0.555555555556, 0.83745973, 1.00000000, 1.00000000, 1.00000000
0.202020202020, 0.565656565657, 0.83127213, 1.00000000, 1.00000000, 1.00000000
0.202020202020, 0.575757575758, 0.82576319, 1.00000000, 1.00000000, 1.00000000
0.202020202020, 0.585858585859, 0.82095477, 1.00000000, 1.00000000, 1.00000000
0.202020202020, 0.595959595960, 0.81686597, 1.00000000, 1.00000000, 1.00000000
0.202020202020, 0.606060606061, 0.81351301, 1.00000000, 1.00000000, 1.00000000
0.202020202020, 0.616161616162, 0.81090925, 1.00000000, 1.00000000, 1.00000000
0.202020202020, 0.626262626263, 0.80906507, 1.00000000, 1.00000000, 1.00000000
0.202020202020, 0.636363636364, 0.80798788, 1.00000000, 1.00000000, 1.00000000
0.202020202020, 0.646464646465, 0.80768208, 1.00000000, 1.00000000, 1.00000000
0.202020202020, 0.656565656566, 0.80814885, 1.00000000, 1.00000000, 1.00000000
0.202020202020, 0.666666666667, 0.80938628, 1.00000000, 1.00000000, 1.00000000
0.202020202020, 0.676767676768, 0.81138944, 1.00000000, 1.00000000, 1.00000000
0.202020202020, 0.686868686869, 0.81415037, 1.00000000, 1.00000000, 1.00000000
0.202020202020, 0.696969696970, 0.81765815, 1.00000000, 1.00000000, 1.00000000
0.202020202020, 0.707070707071, 0.82189889, 1.00000000, 1.00000000, 1.00000000
0.202020202020, 0.717171717172, 0.82685581, 1.00000000, 1.00000000, 1.00000000
0.202020202020, 0.727272727273, 0.83250929, 1.00000000, 1.00000000, 1.00000000
0.202020202020, 0.737373737374, 0.83883692, 1.00000000, 1.00000000, 1.00000000
0.202020202020, 0.747474747475, 0.84581361, 1.00000000, 1.00000000, 1.00000000
0.202020202020, 0.757575757576, 0.85341167, 1.00000000, 1.00000000, 1.00000000
0.202020202020, 0.767676767677, 0.86160089, 1.00000000, 1.00000000, 1.00000000
0.202020202020, 0.777777777778, 0.87034869, 1.00000000, 1.00000000, 1.00000000
0.202020202020, 0.787878787879, 0.87962022, 1.00000000, 1.00000000, 1.00000000
0.202020202020, 0.797979797980, 0.88937849, 1.00000000, 1.00000000, 1.00000000
0.202020202020, 0.808080808081, 0.89958453, 1.00000000, 1.00000000, 1.00000000
0.202020202020, 0.818181818182, 0.91019754, 1.00000000, 1.00000000, 1.00000000
0.202020202020, 0.828282828283, 0.92117503, 1.00000000, 1.00000000, 1.00000000
0.202020202020, 0.838383838384, 0.93247301, 1.00000000, 1.00000000, 1.00000000
0.202020202020, 0.848484848485, 0.94404615, 1.00000000, 1.00000000, 1.00000000
0.202020202020, 0.858585858586, 0.95584798, 1.00000000, 1.00000000, 1.00000000
0.202020202020, 0.868686868687, 0.96783104, 1.00000000, 1.00000000, 1.00000000
0.202020202020, 0.878787878788, 0.97994713, 1.00000000, 1.00000000, 1.00000000
0.202020202020, 0.888888888889, 0.99214745, 1.00000000, 1.00000000, 1.00000000
0.202020202020, 0.898989898990, 1.00438281, 1.00000000, 1.00000000, 1.00000000
0.202020202020, 0.909090909091, 1.01660387, 1.00000000, 1.00000000, 1.00000000
0.202020202020, 0.919191919192, 1.02876125, 1.00000000, 1.00000000, 1.00000000
0.202020202020, 0.929292929293, 1.04080578, 1.00000000, 1.00000000, 1.00000000
0.202020202020, 0.939393939394, 1.05268851, 1.00000000, 1.00000000, 1.00000000
0.202020202020, 0.949494949495, 1.06436058, 1.00000000, 1.00000000, 1.00000000
0.202020202020, 0.959595959596, 1.07577259, 1.00000000, 1.00000000, 1.00000000
0.212121212121, -0.000000000000, 1.13595615, 1.00000000, 1.00000000, 1.00000000
0.212121212121, 0.010101010101, 1.14403958, 1.00000000, 1.00000000, 1.00000000
0.212121212121, 0.020202020202, 1.15142415, 1.00000000, 1.00000000, 1.00000000
0.212121212121, 0.030303030303, 1.15810940, 1.00000000, 1.00000000, 1.00000000
0.212121212121, 0.040404040404, 1.16413469, 1.00000000, 1.00000000, 1.00000000
0.212121212121, 0.050505050505, 1.16956528, 1.00000000, 1.00000000, 1.00000000
0.212121212121, 0.060606060606, 1.17446590, 1.00000000, 1.00000000, 1.00000000
0.212121212121, 0.070707070707, 1.17887415, 1.00000000, 1.00000000, 1.00000000
0.212121212121, 0.080808080808, 1.18278688, 1.00000000, 1.00000000, 1.00000000
0.212121212121, 0.090909090909, 1.18616415, 1.00000000, 1.00000000, 1.00000000
0.212121212121, 0.101010101010, 1.18894552, 1.00000000, 1.00000000, 1.00000000
0.212121212121, 0.111111111111, 1.19106874, 1.00000000, 1.00000000, 1.00000000
0.212121212121, 0.121212121212, 1.19248270, 1.00000000, 1.00000000, 1.00000000
0.212121212121, 0.131313131313, 1.19315236, 1.00000000, 1.00000000, 1.00000000
0.212121212121, 0.141414141414, 1.19305781, 1.00000000, 1.00000000, 1.00000000
0.212121212121, 0.151515151515, 1.19219074, 1.00000000, 1.00000000, 1.00000000
0.212121212121, 0.161616161616, 1.19055080, 1.00000000, 1.00000000, 1.00000000
0.212121212121, 0.171717171717, 1.18814319, 1.00000000, 1.00000000, 1.00000000
0.212121212121, 0.181818181818, 1.18497718, 1.00000000, 1.00000000, 1.00000000
0.212121212121, 0.191919191919, 1.18106551, 1.00000000, 1.00000000, 1.00000000
0.212121212121, 0.202020202020, 1.17642404, 1.00000000, 1.00000000, 1.00000000
0.212121212121, 0.212121212121, 1.17107165, 1.00000000, 1.00000000, 1.00000000
0.212121212121, 0.222222222222, 1.16503010, 1.00000000, 1.00000000, 1.00000000
0.212121212121, 0.232323232323, 1.15832392, 1.00000000, 1.00000000, 1.00000000
0.212121212121, 0.242424242424, 1.15098035, 1.00000000, 1.00000000, 1.00000000
0.212121212121, 0.252525252525, 1.14302923, 1.00000000, 1.00000000, 1.00000000
0.212121212121, 0.262626262626, 1.13450282, 1.00000000, 1.00000000, 1.00000000
0.212121212121, 0.272727272727, 1.12543572, 1.00000000, 1.00000000, 1.00000000
0.212121212121, 0.282828282828, 1.11586474, 1.00000000, 1.00000000, 1.00000000
0.212121212121, 0.292929292929, 1.10582867, 1.00000000, 1.00000000, 1.00000000
0.212121212121, 0.303030303030, 1.09536820, 1.00000000, 1.00000000, 1.00000000
0.212121212121, 0.313131313131, 1.08452573, 1.00000000, 1.00000000, 1.00000000
0.212121212121, 0.323232323232, 1.07334517, 1.00000000, 1.00000000, 1.00000000
0.212121212121, 0.333333333333, 1.06187179, 1.00000000, 1.00000000, 1.00000000
0.212121212121, 0.343434343434, 1.05015200, 1.00000000, 1.00000000, 1.00000000
0.212121212121, 0.353535353535, 1.03823321, 1.00000000, 1.00000000, 1.00000000
0.212121212121, 0.363636363636, 1.02616359, 1.00000000, 1.00000000, 1.00000000
0.212121212121, 0.373737373737, 1.01399189, 1.00000000, 1.00000000, 1.00000000
0.212121212121, 0.383838383838, 1.00176722, 1.00000000, 1.00000000, 1.00000000
0.212121212121, 0.393939393939, 0.98953890, 1.00000000, 1.00000000, 1.00000000
0.212121212121, 0.404040404040, 0.97735620, 1.00000000, 1.00000000, 1.00000000
0.212121212121, 0.414141414141, 0.96526816, 1.00000000, 1.00000000, 1.00000000
0.212121212121, 0.424242424242, 0.95332343, 1.00000000, 1.00000000, 1.00000000
0.212121212121, 0.434343434343, 0.94157000, 1.00000000, 1.00000000, 1.00000000
0.212121212121, 0.444444444444, 0.93005505, 1.00000000, 1.00000000, 1.00000000
0.212121212121, 0.454545454545, 0.91882479, 1.00000000, 1.00000000, 1.00000000
0.212121212121, 0.464646464646, 0.90792419, 1.00000000, 1.00000000, 1.00000000
0.212121212121, 0.474747474747, 0.89739689, 1.00000000, 1.00000000, 1.00000000
0.212121212121, 0.484848484848, 0.88728498, 1.00000000, 1.00000000, 1.00000000
0.212121212121, 0.494949494949, 0.87762884, 1.00000000, 1.00000000, 1.00000000
0.212121212121, 0.505050505051, 0.86846699, 1.00000000, 1.00000000, 1.00000000
0.212121212121, 0.515151515152, 0.85983595, 1.00000000, 1.00000000, 1.00000000
0.212121212121, 0.525252525253, 0.85177007, 1.00000000, 1.00000000, 1.00000000
0.212121212121, 0.535353535354, 0.84430144, 1.00000000, 1.00000000, 1.00000000
0.212121212121, 0.545454545455, 0.83745974, 1.00000000, 1.00000000, 1.00000000
0.212121212121, 0.555555555556, 0.83127214, 1.00000000, 1.00000000, 1.00000000
0.212121212121, 0.565656565657, 0.82576319, 1.00000000, 1.00000000, 1.00000000
0.212121212121, 0.575757575758, 0.82095478, 1.00000000, 1.00000000, 1.00000000
0.212121212121, 0.585858585859, 0.81686597, 1.00000000, 1.00000000, 1.00000000
0.212121212121, 0.595959595960, 0.81351302, 1.00000000, 1.00000000, 1.00000000
0.212121212121, 0.606060606061, 0.81090925, 1.00000000, 1.00000000, 1.00000000
0.212121212121, 0.616161616162, 0.80906507, 1.00000000, 1.00000000, 1.00000000
0.212121212121, 0.626262626263, 0.80798788, 1.00000000, 1.00000000, 1.00000000
0.212121212121, 0.636363636364, 0.80768208, 1.00000000, 1.00000000, 1.00000000
0.212121212121, 0.646464646465, 0.80814885, 1.00000000, 1.00000000, 1.00000000
0.212121212121, 0.656565656566, 0.80938629, 1.00000000, 1.00000000, 1.00000000
0.212121212121, 0.666666666667, 0.81138944, 1.00000000, 1.00000000, 1.00000000
0.212121212121, 0.676767676768, 0.81415038, 1.00000000, 1.00000000, 1.00000000
0.212121212121, 0.686868686869, 0.81765815, 1.00000000, 1.00000000, 1.00000000
0.212121212121, 0.696969696970, 0.82189889, 1.00000000, 1.00000000, 1.00000000
0.212121212121, 0.707070707071, 0.82685581, 1.00000000, 1.00000000, 1.00000000
0.212121212121, 0.717171717172, 0.83250929, 1.00000000, 1.00000000, 1.00000000
0.212121212121, 0.727272727273, 0.83883692, 1.00000000, 1.00000000, 1.00000000
0.212121212121, 0.737373737374, 0.84581361, 1.00000000, 1.00000000, 1.00000000
0.212121212121, 0.747474747475, 0.85341167, 1.00000000, 1.00000000, 1.00000000
0.212121212121, 0.757575757576, 0.86160089, 1.00000000, 1.00000000, 1.00000000
0.212121212121, 0.767676767677, 0.87034869, 1.00000000, 1.00000000, 1.00000000
0.212121212121, 0.777777777778, 0.87962022, 1.00000000, 1.00000000, 1.00000000
0.212121212121, 0.787878787879, 0.88937849, 1.00000000, 1.00000000, 1.00000000
0.212121212121, 0.797979797980, 0.89958453, 1.00000000, 1.00000000, 1.00000000
0.212121212121, 0.808080808081, 0.91019754, 1.00000000, 1.00000000, 1.00000000
0.212121212121, 0.818181818182, 0.92117503, 1.00000000, 1.00000000, 1.00000000
0.212121212121, 0.828282828283, 0.93247301, 1.00000000, 1.00000000, 1.00000000
0.212121212121, 0.838383838384, 0.94404615, 1.00000000, 1.00000000, 1.00000000
0.212121212121, 0.848484848485, 0.95584798, 1.00000000, 1.00000000, 1.00000000
0.212121212121, 0.858585858586, 0.96783104, 1.00000000, 1.00000000, 1.00000000
0.212121212121, 0.868686868687, 0.97994713, 1.00000000, 1.00000000, 1.00000000
0.212121212121, 0.878787878788, 0.99214745, 1.00000000, 1.00000000, 1.00000000
0.212121212121, 0.888888888889, 1.00438281, 1.00000000, 1.00000000, 1.00000000
0.212121212121, 0.898989898990, 1.01660387, 1.00000000, 1.00000000, 1.00000000
0.212121212121, 0.909090909091, 1.02876128, 1.00000000, 1.00000000, 1.00000000
0.212121212121, 0.919191919192, 1.04080592, 1.00000000, 1.00000000, 1.00000000
0.212121212121, 0.929292929293, 1.05268904, 1.00000000, 1.00000000, 1.00000000
0.212121212121, 0.939393939394, 1.06436233, 1.00000000, 1.00000000, 1.00000000
0.212121212121, 0.949494949495, 1.07577787, 1.00000000, 1.00000000, 1.00000000
0.212121212121, 0.959595959596, 1.08688751, 1.00000000, 1.00000000, 1.00000000
0.222222222222, -0.000000000000, 1.14441888, 1.00000000, 1.00000000, 1.00000000
0.222222222222, 0.010101010101, 1.15196286, 1.00000000, 1.00000000, 1.00000000
0.222222222222, 0.020202020202, 1.15879494, 1.00000000, 1.00000000, 1.00000000
0.222222222222, 0.030303030303, 1.16491655, 1.00000000, 1.00000000, 1.00000000
0.222222222222, 0.040404040404, 1.17036483, 1.00000000, 1.00000000, 1.00000000
0.222222222222, 0.050505050505, 1.17519948, 1.00000000, 1.00000000, 1.00000000
0.222222222222, 0.060606060606, 1.17947844, 1.00000000, 1.00000000, 1.00000000
0.222222222222, 0.070707070707, 1.18323412, 1.00000000, 1.00000000, 1.00000000
0.222222222222, 0.080808080808, 1.18646173, 1.00000000, 1.00000000, 1.00000000
0.222222222222, 0.090909090909, 1.18912363, 1.00000000, 1.00000000, 1.00000000
0.222222222222, 0.101010101010, 1.19116467, 1.00000000, 1.00000000, 1.00000000
0.222222222222, 0.111111111111, 1.19252920, 1.00000000, 1.00000000, 1.00000000
0.222222222222, 0.121212121212, 1.19317265, 1.00000000, 1.00000000, 1.00000000
0.222222222222, 0.131313131313, 1.19306578, 1.00000000, 1.00000000, 1.00000000
0.222222222222, 0.141414141414, 1.19219355, 1.00000000, 1.00000000, 1.00000000
0.222222222222, 0.151515151515, 1.19055170, 1.00000000, 1.00000000, 1.00000000
0.222222222222, 0.161616161616, 1.18814344, 1.00000000, 1.00000000, 1.00000000
0.222222222222, 0.171717171717, 1.18497724, 1.00000000, 1.00000000, 1.00000000
0.222222222222, 0.181818181818, 1.18106552, 1.00000000, 1.00000000, 1.00000000
0.222222222222, 0.191919191919, 1.17642405, 1.00000000, 1.00000000, 1.00000000
0.222222222222, 0.202020202020, 1.17107166, 1.00000000, 1.00000000, 1.00000000
0.222222222222, 0.212121212121, 1.16503010, 1.00000000, 1.00000000, 1.00000000
0.222222222222, 0.222222222222, 1.15832392, 1.00000000, 1.00000000, 1.00000000
0.222222222222, 0.232323232323, 1.15098035, 1.00000000, 1.00000000, 1.00000000
0.222222222222, 0.242424242424, 1.14302923, 1.00000000, 1.00000000, 1.00000000
0.222222222222, 0.252525252525, 1.13450282, 1.00000000, 1.00000000, 1.00000000
0.222222222222, 0.262626262626, 1.12543572, 1.00000000, 1.00000000, 1.00000000
0.222222222222, 0.272727272727, 1.11586474, 1.00000000, 1.00000000, 1.00000000
0.222222222222, 0.282828282828, 1.10582867, 1.00000000, 1.00000000, 1.00000000
0.222222222222, 0.292929292929, 1.09536820, 1.00000000, 1.00000000, 1.00000000
0.222222222222, 0.303030303030, 1.08452573, 1.00000000, 1.00000000, 1.00000000
0.222222222222, 0.313131313131, 1.07334517, 1.00000000, 1.00000000, 1.00000000
0.222222222222, 0.323232323232, 1.06187179, 1.00000000, 1.00000000, 1.00000000
0.222222222222, 0.333333333333, 1.05015200, 1.00000000, 1.00000000, 1.00000000
0.222222222222, 0.343434343434, 1.03823321, 1.00000000, 1.00000000, 1.00000000
0.222222222222, 0.353535353535, 1.02616359, 1.00000000, 1.00000000, 1.00000000
0.222222222222, 0.363636363636, 1.01399189, 1.00000000, 1.00000000, 1.00000000
0.222222222222, 0.373737373737, 1.00176722, 1.00000000, 1.00000000, 1.00000000
0.222222222222, 0.383838383838, 0.98953890, 1.00000000, 1.00000000, 1.00000000
0.222222222222, 0.393939393939, 0.97735620, 1.00000000, 1.00000000, 1.00000000
0.222222222222, 0.404040404040, 0.96526816, 1.00000000, 1.00000000, 1.00000000
0.222222222222, 0.414141414141, 0.95332343, 1.00000000, 1.00000000, 1.00000000
0.222222222222, 0.424242424242, 0.94157000, 1.00000000, 1.00000000, 1.00000000
0.222222222222, 0.434343434343, 0.93005505, 1.00000000, 1.00000000, 1.00000000
0.222222222222, 0.444444444444, 0.91882479, 1.00000000, 1.00000000, 1.00000000
0.222222222222, 0.454545454545, 0.90792419, 1.00000000, 1.00000000, 1.00000000
0.222222222222, 0.464646464646, 0.89739689, 1.00000000, 1.00000000, 1.00000000
0.222222222222, 0.474747474747, 0.88728498, 1.00000000, 1.00000000, 1.00000000
0.222222222222, 0.484848484848, 0.87762884, 1.00000000, 1.00000000, 1.00000000
0.222222222222, 0.494949494949, 0.86846699, 1.00000000, 1.00000000, 1.00000000
0.222222222222, 0.505050505051, 0.85983595, 1.00000000, 1.00000000, 1.00000000
0.222222222222, 0.515151515152, 0.85177007, 1.00000000, 1.00000000, 1.00000000
0.222222222222, 0.525252525253, 0.84430144, 1.00000000, 1.00000000, 1.00000000
0.222222222222, 0.535353535354, 0.83745974, 1.00000000, 1.00000000, 1.00000000
0.222222222222, 0.545454545455, 0.83127214, 1.00000000, 1.00000000, 1.00000000
0.222222222222, 0.555555555556, 0.82576320, 1.00000000, 1.00000000, 1.00000000
0.222222222222, 0.565656565657, 0.82095478, 1.00000000, 1.00000000, 1.00000000
0.222222222222, 0.575757575758, 0.81686597, 1.00000000, 1.00000000, 1.00000000
0.222222222222, 0.585858585859, 0.81351302, 1.00000000, 1.00000000, 1.00000000
0.222222222222, 0.595959595960, 0.81090925, 1.00000000, 1.00000000, 1.00000000
0.222222222222, 0.606060606061, 0.80906507, 1.00000000, 1.00000000, 1.00000000
0.222222222222, 0.616161616162, 0.80798788, 1.00000000, 1.00000000, 1.00000000
0.222222222222, 0.626262626263, 0.80768208, 1.00000000, 1.00000000, 1.00000000
0.222222222222, 0.636363636364, 0.80814885, 1.00000000, 1.00000000, 1.00000000
0.222222222222, 0.646464646465, 0.80938629, 1.00000000, 1.00000000, 1.00000000
0.222222222222, 0.656565656566, 0.81138944, 1.00000000, 1.00000000, 1.00000000
0.222222222222, 0.666666666667, 0.81415038, 1.00000000, 1.00000000, 1.00000000
0.222222222222, 0.676767676768, 0.81765815, 1.00000000, 1.00000000, 1.00000000
0.222222222222, 0.686868686869, 0.82189889, 1.00000000, 1.00000000, 1.00000000
0.222222222222, 0.696969696970, 0.82685581, 1.00000000, 1.00000000, 1.00000000
0.222222222222, 0.707070707071, 0.83250929, 1.00000000, 1.00000000, 1.00000000
0.222222222222, 0.717171717172, 0.83883692, 1.00000000, 1.00000000, 1.00000000
0.222222222222, 0.727272727273, 0.84581361, 1.00000000, 1.00000000, 1.00000000
0.222222222222, 0.737373737374, 0.85341167, 1.00000000, 1.00000000, 1.00000000
0.222222222222, 0.747474747475, 0.86160089, 1.00000000, 1.00000000, 1.00000000
0.222222222222, 0.757575757576, 0.87034869, 1.00000000, 1.00000000, 1.00000000
0.222222222222, 0.767676767677, 0.87962022, 1.00000000, 1.00000000, 1.00000000
0.222222222222, 0.777777777778, 0.88937849, 1.00000000, 1.00000000, 1.00000000
0.222222222222, 0.787878787879, 0.89958453, 1.00000000, 1.00000000, 1.00000000
0.222222222222, 0.797979797980, 0.91019754, 1.00000000, 1.00000000, 1.00000000
0.222222222222, 0.808080808081, 0.92117503, 1.00000000, 1.00000000, 1.00000000
0.222222222222, 0.818181818182, 0.93247301, 1.00000000, 1.00000000, 1.00000000
0.222222222222, 0.828282828283, 0.94404615, 1.00000000, 1.00000000, 1.00000000
0.222222222222, 0.838383838384, 0.95584798, 1.00000000, 1.00000000, 1.00000000
0.222222222222, 0.848484848485, 0.96783104, 1.00000000, 1.00000000, 1.00000000
0.222222222222, 0.858585858586, 0.97994713, 1.00000000, 1.00000000, 1.00000000
0.222222222222, 0.868686868687, 0.99214745, 1.00000000, 1.00000000, 1.00000000
0.222222222222, 0.878787878788, 1.00438281, 1.00000000, 1.00000000, 1.00000000
0.222222222222, 0.888888888889, 1.01660387, 1.00000000, 1.00000000, 1.00000000
0.222222222222, 0.898989898990, 1.02876129, 1.00000000, 1.00000000, 1.00000000
0.222222222222, 0.909090909091, 1.04080595, 1.00000000, 1.00000000, 1.00000000
0.222222222222, 0.919191919192, 1.05268916, 1.00000000, 1.00000000, 1.00000000
0.222222222222, 0.929292929293, 1.06436280, 1.00000000, 1.00000000, 1.00000000
0.222222222222, 0.939393939394, 1.07577943, 1.00000000, 1.00000000, 1.00000000
0.222222222222, 0.949494949495, 1.08689221, 1.00000000, 1.00000000, 1.00000000
0.222222222222, 0.959595959596, 1.09765446, 1.00000000, 1.00000000, 1.00000000
0.232323232323, -0.000000000000, 1.15230004, 1.00000000, 1.00000000, 1.00000000
0.232323232323, 0.010101010101, 1.15927392, 1.00000000, 1.00000000, 1.00000000
0.232323232323, 0.020202020202, 1.16552584, 1.00000000, 1.00000000, 1.00000000
0.232323232323, 0.030303030303, 1.17105909, 1.00000000, 1.00000000, 1.00000000
0.232323232323, 0.040404040404, 1.17590844, 1.00000000, 1.00000000, 1.00000000
0.232323232323, 0.050505050505, 1.18012770, 1.00000000, 1.00000000, 1.00000000
0.232323232323, 0.060606060606, 1.18376773, 1.00000000, 1.00000000, 1.00000000
0.232323232323, 0.070707070707, 1.18685561, 1.00000000, 1.00000000, 1.00000000
0.232323232323, 0.080808080808, 1.18938493, 1.00000000, 1.00000000, 1.00000000
0.232323232323, 0.090909090909, 1.19132056, 1.00000000, 1.00000000, 1.00000000
0.232323232323, 0.101010101010, 1.19261287, 1.00000000, 1.00000000, 1.00000000
0.232323232323, 0.111111111111, 1.19321306, 1.00000000, 1.00000000, 1.00000000
0.232323232323, 0.121212121212, 1.19308333, 1.00000000, 1.00000000, 1.00000000
0.232323232323, 0.131313131313, 1.19220041, 1.00000000, 1.00000000, 1.00000000
0.232323232323, 0.141414141414, 1.19055411, 1.00000000, 1.00000000, 1.00000000
0.232323232323, 0.151515151515, 1.18814420, 1.00000000, 1.00000000, 1.00000000
0.232323232323, 0.161616161616, 1.18497746, 1.00000000, 1.00000000, 1.00000000
0.232323232323, 0.171717171717, 1.18106557, 1.00000000, 1.00000000, 1.00000000
0.232323232323, 0.181818181818, 1.17642406, 1.00000000, 1.00000000, 1.00000000
0.232323232323, 0.191919191919, 1.17107166, 1.00000000, 1.00000000, 1.00000000
0.232323232323, 0.202020202020, 1.16503010, 1.00000000, 1.00000000, 1.00000000
0.232323232323, 0.212121212121, 1.15832392, 1.00000000, 1.00000000, 1.00000000
0.232323232323, 0.222222222222, 1.15098035, 1.00000000, 1.00000000, 1.00000000
0.232323232323, 0.232323232323, 1.14302923, 1.00000000, 1.00000000, 1.00000000
0.232323232323, 0.242424242424, 1.13450282, 1.00000000, 1.00000000, 1.00000000
0.232323232323, 0.252525252525, 1.12543572, 1.00000000, 1.00000000, 1.00000000
0.232323232323, 0.262626262626, 1.11586474, 1.00000000, 1.00000000, 1.00000000
0.232323232323, 0.272727272727, 1.10582867, 1.00000000, 1.00000000, 1.00000000
0.232323232323, 0.282828282828, 1.09536820, 1.00000000, 1.00000000, 1.00000000
0.232323232323, 0.292929292929, 1.08452573, 1.00000000, 1.00000000, 1.00000000
0.232323232323, 0.303030303030, 1.07334517, 1.00000000, 1.00000000, 1.00000000
0.232323232323, 0.313131313131, 1.06187179, 1.00000000, 1.00000000, 1.00000000
0.232323232323, 0.323232323232, 1.05015200, 1.00000000, 1.00000000, 1.00000000
0.232323232323, 0.333333333333, 1.03823321, 1.00000000, 1.00000000, 1.00000000
0.232323232323, 0.343434343434, 1.02616359, 1.00000000, 1.00000000, 1.00000000
0.232323232323, 0.353535353535, 1.01399189, 1.00000000, 1.00000000, 1.00000000
0.232323232323, 0.363636363636, 1.00176722, 1.00000000, 1.00000000, 1.00000000
0.232323232323, 0.373737373737, 0.98953890, 1.00000000, 1.00000000, 1.00000000
0.232323232323, 0.383838383838, 0.97735620, 1.00000000, 1.00000000, 1.00000000
0.232323232323, 0.393939393939, 0.96526816, 1.00000000, 1.00000000, 1.00000000
0.232323232323, 0.404040404040, 0.95332343, 1.00000000, 1.00000000, 1.00000000
0.232323232323, 0.414141414141, 0.94157000, 1.00000000, 1.00000000, 1.00000000
0.232323232323, 0.424242424242, 0.93005505, 1.00000000, 1.00000000, 1.00000000
0.232323232323, 0.434343434343, 0.91882479, 1.00000000, 1.00000000, 1.00000000
0.232323232323, 0.444444444444, 0.90792419, 1.00000000, 1.00000000, 1.00000000
0.232323232323, 0.454545454545, 0.89739689, 1.00000000, 1.00000000, 1.00000000
0.232323232323, 0.464646464646, 0.88728498, 1.00000000, 1.00000000, 1.00000000
0.232323232323, 0.474747474747, 0.87762884, 1.00000000, 1.00000000, 1.00000000
0.232323232323, 0.484848484848, 0.86846699, 1.00000000, 1.00000000, 1.00000000
0.232323232323, 0.494949494949, 0.85983595, 1.00000000, 1.00000000, 1.00000000
0.232323232323, 0.505050505051, 0.85177007, 1.00000000, 1.00000000, 1.00000000
0.232323232323, 0.515151515152, 0.84430144, 1.00000000, 1.00000000, 1.00000000
0.232323232323, 0.525252525253, 0.83745974, 1.00000000, 1.00000000, 1.00000000
0.232323232323, 0.535353535354, 0.83127214, 1.00000000, 1.00000000, 1.00000000
0.232323232323, 0.545454545455, 0.82576320, 1.00000000, 1.00000000, 1.00000000
0.232323232323, 0.555555555556, 0.82095478, 1.00000000, 1.00000000, 1.00000000
0.232323232323, 0.565656565657, 0.81686597, 1.00000000, 1.00000000, 1.00000000
0.232323232323, 0.575757575758, 0.81351302, 1.00000000, 1.00000000, 1.00000000
0.232323232323, 0.585858585859, 0.81090925, 1.00000000, 1.00000000, 1.00000000
0.232323232323, 0.595959595960, 0.80906507, 1.00000000, 1.00000000, 1.00000000
0.232323232323, 0.606060606061, 0.80798788, 1.00000000, 1.00000000, 1.00000000
0.232323232323, 0.616161616162, 0.80768208, 1.00000000, 1.00000000, 1.00000000
0.232323232323, 0.626262626263, 0.80814885, 1.00000000, 1.00000000, 1.00000000
0.232323232323, 0.636363636364, 0.80938629, 1.00000000, 1.00000000, 1.00000000
0.232323232323, 0.646464646465, 0.81138944, 1.00000000, 1.00000000, 1.00000000
0.232323232323, 0.656565656566, 0.81415038, 1.00000000, 1.00000000, 1.00000000
0.232323232323, 0.666666666667, 0.81765815, 1.00000000, 1.00000000, 1.00000000
0.232323232323, 0.676767676768, 0.82189889, 1.00000000, 1.00000000, 1.00000000
0.232323232323, 0.686868686869, 0.82685581, 1.00000000, 1.00000000, 1.00000000
0.232323232323, 0.696969696970, 0.83250929, 1.00000000, 1.00000000, 1.00000000
0.232323232323, 0.707070707071, 0.83883692, 1.00000000, 1.00000000, 1.00000000
0.232323232323, 0.717171717172, 0.84581361, 1.00000000, 1.00000000, 1.00000000
0.232323232323, 0.727272727273, 0.85341167, 1.00000000, 1.00000000, 1.00000000
0.232323232323, 0.737373737374, 0.86160089, 1.00000000, 1.00000000, 1.00000000
0.232323232323, 0.747474747475, 0.87034869, 1.00000000, 1.00000000, 1.00000000
0.232323232323, 0.757575757576, 0.87962022, 1.00000000, 1.00000000, 1.00000000
0.232323232323, 0.767676767677, 0.88937849, 1.00000000, 1.00000000, 1.00000000
0.232323232323, 0.777777777778, 0.89958453, 1.00000000, 1.00000000, 1.00000000
0.232323232323, 0.787878787879, 0.91019754, 1.00000000, 1.00000000, 1.00000000
0.232323232323, 0.797979797980, 0.92117503, 1.00000000, 1.00000000, 1.00000000
0.232323232323, 0.808080808081, 0.93247301, 1.00000000, 1.00000000, 1.00000000
0.232323232323, 0.818181818182, 0.94404615, 1.00000000, 1.00000000, 1.00000000
0.232323232323, 0.828282828283, 0.95584798, 1.00000000, 1.00000000, 1.00000000
0.232323232323, 0.838383838384, 0.96783104, 1.00000000, 1.00000000, 1.00000000
0.232323232323, 0.848484848485, 0.97994713, 1.00000000, 1.00000000, 1.00000000
0.232323232323, 0.858585858586, 0.99214745, 1.00000000, 1.00000000, 1.00000000
0.232323232323, 0.868686868687, 1.00438281, 1.00000000, 1.00000000, 1.00000000
0.232323232323, 0.878787878788, 1.01660387, 1.00000000, 1.00000000, 1.00000000
0.232323232323, 0.888888888889, 1.02876129, 1.00000000, 1.00000000, 1.00000000
0.232323232323, 0.898989898990, 1.04080596, 1.00000000, 1.00000000, 1.00000000
0.232323232323, 0.909090909091, 1.05268919, 1.00000000, 1.00000000, 1.00000000
0.232323232323, 0.919191919192, 1.06436291, 1.00000000, 1.00000000, 1.00000000
0.232323232323, 0.929292929293, 1.07577983, 1.00000000, 1.00000000, 1.00000000
0.232323232323, 0.939393939394, 1.08689357, 1.00000000, 1.00000000, 1.00000000
0.232323232323, 0.949494949495, 1.09765858, 1.00000000, 1.00000000, 1.00000000
0.232323232323, 0.959595959596, 1.10802983, 1.00000000, 1.00000000, 1.00000000
0.242424242424, -0.000000000000, 1.15956768, 1.00000000, 1.00000000, 1.00000000
0.242424242424, 0.010101010101, 1.16594313, 1.00000000, 1.00000000, 1.00000000
0.242424242424, 0.020202020202, 1.17158955, 1.00000000, 1.00000000, 1.00000000
0.242424242424, 0.030303030303, 1.17651211, 1.00000000, 1.00000000, 1.00000000
0.242424242424, 0.040404040404, 1.18074301, 1.00000000, 1.00000000, 1.00000000
0.242424242424, 0.050505050505, 1.18432989, 1.00000000, 1.00000000, 1.00000000
0.242424242424, 0.060606060606, 1.18731632, 1.00000000, 1.00000000, 1.00000000
0.242424242424, 0.070707070707, 1.18972387, 1.00000000, 1.00000000, 1.00000000
0.242424242424, 0.080808080808, 1.19154456, 1.00000000, 1.00000000, 1.00000000
0.242424242424, 0.090909090909, 1.19274594, 1.00000000, 1.00000000, 1.00000000
0.242424242424, 0.101010101010, 1.19328415, 1.00000000, 1.00000000, 1.00000000
0.242424242424, 0.111111111111, 1.19311750, 1.00000000, 1.00000000, 1.00000000
0.242424242424, 0.121212121212, 1.19221518, 1.00000000, 1.00000000, 1.00000000
0.242424242424, 0.131313131313, 1.19055985, 1.00000000, 1.00000000, 1.00000000
0.242424242424, 0.141414141414, 1.18814621, 1.00000000, 1.00000000, 1.00000000
0.242424242424, 0.151515151515, 1.18497809, 1.00000000, 1.00000000, 1.00000000
0.242424242424, 0.161616161616, 1.18106575, 1.00000000, 1.00000000, 1.00000000
0.242424242424, 0.171717171717, 1.17642410, 1.00000000, 1.00000000, 1.00000000
0.242424242424, 0.181818181818, 1.17107167, 1.00000000, 1.00000000, 1.00000000
0.242424242424, 0.191919191919, 1.16503010, 1.00000000, 1.00000000, 1.00000000
0.242424242424, 0.202020202020, 1.15832392, 1.00000000, 1.00000000, 1.00000000
0.242424242424, 0.212121212121, 1.15098035, 1.00000000, 1.00000000, 1.00000000
0.242424242424, 0.222222222222, 1.14302923, 1.00000000, 1.00000000, 1.00000000
0.242424242424, 0.232323232323, 1.13450282, 1.00000000, 1.00000000, 1.00000000
0.242424242424, 0.242424242424, 1.12543572, 1.00000000, 1.00000000, 1.00000000
0.242424242424, 0.252525252525, 1.11586474, 1.00000000, 1.00000000, 1.00000000
0.242424242424, 0.262626262626, 1.10582867, 1.00000000, 1.00000000, 1.00000000
0.242424242424, 0.272727272727, 1.09536820, 1.00000000, 1.00000000, 1.00000000
0.242424242424, 0.282828282828, 1.08452573, 1.00000000, 1.00000000, 1.00000000
0.242424242424, 0.292929292929, 1.07334517, 1.00000000, 1.00000000, 1.00000000
0.242424242424, 0.303030303030, 1.06187179, 1.00000000, 1.00000000, 1.00000000
0.242424242424, 0.313131313131, 1.05015200, 1.00000000, 1.00000000, 1.00000000
0.242424242424, 0.323232323232, 1.03823321, 1.00000000, 1.00000000, 1.00000000
0.242424242424, 0.333333333333, 1.02616359, 1.00000000, 1.00000000, 1.00000000
0.242424242424, 0.343434343434, 1.01399189, 1.00000000, 1.00000000, 1.00000000
0.242424242424, 0.353535353535, 1.00176722, 1.00000000, 1.00000000, 1.00000000
0.242424242424, 0.363636363636, 0.98953890, 1.00000000, 1.00000000, 1.00000000
0.242424242424, 0.373737373737, 0.97735620, 1.00000000, 1.00000000, 1.00000000
0.242424242424, 0.383838383838, 0.96526816, 1.00000000, 1.00000000, 1.00000000
0.242424242424, 0.393939393939, 0.95332343, 1.00000000, 1.00000000, 1.00000000
0.242424242424, 0.404040404040, 0.94157000, 1.00000000, 1.00000000, 1.00000000
0.242424242424, 0.414141414141, 0.93005505, 1.00000000, 1.00000000, 1.00000000
0.242424242424, 0.424242424242, 0.91882479, 1.00000000, 1.00000000, 1.00000000
0.242424242424, 0.434343434343, 0.90792419, 1.00000000, 1.00000000, 1.00000000
0.242424242424, 0.444444444444, 0.89739689, 1.00000000, 1.00000000, 1.00000000
0.242424242424, 0.454545454545, 0.88728498, 1.00000000, 1.00000000, 1.00000000
0.242424242424, 0.464646464646, 0.87762884, 1.00000000, 1.00000000, 1.00000000
0.242424242424, 0.474747474747, 0.86846699, 1.00000000, 1.00000000, 1.00000000
0.242424242424, 0.484848484848, 0.85983595, 1.00000000, 1.00000000, 1.00000000
0.242424242424, 0.494949494949, 0.85177007, 1.00000000, 1.00000000, 1.00000000
0.242424242424, 0.505050505051, 0.84430144, 1.00000000, 1.00000000, 1.00000000
0.242424242424, 0.515151515152, 0.83745974, 1.00000000, 1.00000000, 1.00000000
0.242424242424, 0.525252525253, 0.83127214, 1.00000000, 1.00000000, 1.00000000
0.242424242424, 0.535353535354, 0.82576320, 1.00000000, 1.00000000, 1.00000000
0.242424242424, 0.545454545455, 0.82095478, 1.00000000, 1.00000000, 1.00000000
0.242424242424, 0.555555555556, 0.81686597, 1.00000000, 1.00000000, 1.00000000
0.242424242424, 0.565656565657, 0.81351302, 1.00000000, 1.00000000, 1.00000000
0.242424242424, 0.575757575758, 0.81090925, 1.00000000, 1.00000000, 1.00000000
0.242424242424, 0.585858585859, 0.80906507, 1.00000000, 1.00000000, 1.00000000
0.242424242424, 0.595959595960, 0.80798788, 1.00000000, 1.00000000, 1.00000000
0.242424242424, 0.606060606061, 0.80768208, 1.00000000, 1.00000000, 1.00000000
0.242424242424, 0.616161616162, 0.80814885, 1.00000000, 1.00000000, 1.00000000
0.242424242424, 0.626262626263, 0.80938629, 1.00000000, 1.00000000, 1.00000000
0.242424242424, 0.636363636364, 0.81138944, 1.00000000, 1.00000000, 1.00000000
0.242424242424, 0.646464646465, 0.81415038, 1.00000000, 1.00000000, 1.00000000
0.242424242424, 0.656565656566, 0.81765815, 1.00000000, 1.00000000, 1.00000000
0.242424242424, 0.666666666667, 0.82189889, 1.00000000, 1.00000000, 1.00000000
0.242424242424, 0.676767676768, 0.82685581, 1.00000000, 1.00000000, 1.00000000
0.242424242424, 0.686868686869, 0.83250929, 1.00000000, 1.00000000, 1.00000000
0.242424242424, 0.696969696970, 0.83883692, 1.00000000, 1.00000000, 1.00000000
0.242424242424, 0.707070707071, 0.84581361, 1.00000000, 1.00000000, 1.00000000
0.242424242424, 0.717171717172, 0.85341167, 1.00000000, 1.00000000, 1.00000000
0.242424242424, 0.727272727273, 0.86160089, 1.00000000, 1.00000000, 1.00000000
0.242424242424, 0.737373737374, 0.87034869, 1.00000000, 1.00000000, 1.00000000
0.242424242424, 0.747474747475, 0.87962022, 1.00000000, 1.00000000, 1.00000000
0.242424242424, 0.757575757576, 0.88937849, 1.00000000, 1.00000000, 1.00000000
0.242424242424, 0.767676767677, 0.89958453, 1.00000000, 1.00000000, 1.00000000
0.242424242424, 0.777777777778, 0.91019754, 1.00000000, 1.00000000, 1.00000000
0.242424242424, 0.787878787879, 0.92117503, 1.00000000, 1.00000000, 1.00000000
0.242424242424, 0.797979797980, 0.93247301, 1.00000000, 1.00000000, 1.00000000
0.242424242424, 0.808080808081, 0.94404615, 1.00000000, 1.00000000, 1.00000000
0.242424242424, 0.818181818182, 0.95584798, 1.00000000, 1.00000000, 1.00000000
0.242424242424, 0.828282828283, 0.96783104, 1.00000000, 1.00000000, 1.00000000
0.242424242424, 0.838383838384, 0.97994713, 1.00000000, 1.00000000, 1.00000000
0.242424242424, 0.848484848485, 0.99214745, 1.00000000, 1.00000000, 1.00000000
0.242424242424, 0.858585858586, 1.00438281, 1.00000000, 1.00000000, 1.00000000
0.242424242424, 0.868686868687, 1.01660387, 1.00000000, 1.00000000, 1.00000000
0.242424242424, 0.878787878788, 1.02876129, 1.00000000, 1.00000000, 1.00000000
0.242424242424, 0.888888888889, 1.04080596, 1.00000000, 1.00000000, 1.00000000
0.242424242424, 0.898989898990, 1.05268919, 1.00000000, 1.00000000, 1.00000000
0.242424242424, 0.909090909091, 1.06436293, 1.00000000, 1.00000000, 1.00000000
0.242424242424, 0.919191919192, 1.07577992, 1.00000000, 1.00000000, 1.00000000
0.242424242424, 0.929292929293, 1.08689391, 1.00000000, 1.00000000, 1.00000000
0.242424242424, 0.939393939394, 1.09765974, 1.00000000, 1.00000000, 1.00000000
0.242424242424, 0.949494949495, 1.10803337, 1.00000000, 1.00000000, 1.00000000
0.242424242424, 0.959595959596, 1.11797157, 1.00000000, 1.00000000, 1.00000000
0.252525252525, -0.000000000000, 1.16619235, 1.00000000, 1.00000000, 1.00000000
0.252525252525, 0.010101010101, 1.17194346, 1.00000000, 1.00000000, 1.00000000
0.252525252525, 0.020202020202, 1.17696151, 1.00000000, 1.00000000, 1.00000000
0.252525252525, 0.030303030303, 1.18125350, 1.00000000, 1.00000000, 1.00000000
0.252525252525, 0.040404040404, 1.18484892, 1.00000000, 1.00000000, 1.00000000
0.252525252525, 0.050505050505, 1.18778899, 1.00000000, 1.00000000, 1.00000000
0.252525252525, 0.060606060606, 1.19010974, 1.00000000, 1.00000000, 1.00000000
0.252525252525, 0.070707070707, 1.19182717, 1.00000000, 1.00000000, 1.00000000
0.252525252525, 0.080808080808, 1.19293177, 1.00000000, 1.00000000, 1.00000000
0.252525252525, 0.090909090909, 1.19339391, 1.00000000, 1.00000000, 1.00000000
0.252525252525, 0.101010101010, 1.19317576, 1.00000000, 1.00000000, 1.00000000
0.252525252525, 0.111111111111, 1.19224298, 1.00000000, 1.00000000, 1.00000000
0.252525252525, 0.121212121212, 1.19057177, 1.00000000, 1.00000000, 1.00000000
0.252525252525, 0.131313131313, 1.18815080, 1.00000000, 1.00000000, 1.00000000
0.252525252525, 0.141414141414, 1.18497968, 1.00000000, 1.00000000, 1.00000000
0.252525252525, 0.151515151515, 1.18106624, 1.00000000, 1.00000000, 1.00000000
0.252525252525, 0.161616161616, 1.17642424, 1.00000000, 1.00000000, 1.00000000
0.252525252525, 0.171717171717, 1.17107170, 1.00000000, 1.00000000, 1.00000000
0.252525252525, 0.181818181818, 1.16503011, 1.00000000, 1.00000000, 1.00000000
0.252525252525, 0.191919191919, 1.15832392, 1.00000000, 1.00000000, 1.00000000
0.252525252525, 0.202020202020, 1.15098035, 1.00000000, 1.00000000, 1.00000000
0.252525252525, 0.212121212121, 1.14302923, 1.00000000, 1.00000000, 1.00000000
0.252525252525, 0.222222222222, 1.13450282, 1.00000000, 1.00000000, 1.00000000
0.252525252525, 0.232323232323, 1.12543572, 1.00000000, 1.00000000, 1.00000000
0.252525252525, 0.242424242424, 1.11586474, 1.00000000, 1.00000000, 1.00000000
0.252525252525, 0.252525252525, 1.10582867, 1.00000000, 1.00000000, 1.00000000
0.252525252525, 0.262626262626, 1.09536820, 1.00000000, 1.00000000, 1.00000000
0.252525252525, 0.272727272727, 1.08452573, 1.00000000, 1.00000000, 1.00000000
0.252525252525, 0.282828282828, 1.07334517, 1.00000000, 1.00000000, 1.00000000
0.252525252525, 0.292929292929, 1.06187179, 1.00000000, 1.00000000, 1.00000000
0.252525252525, 0.303030303030, 1.05015200, 1.00000000, 1.00000000, 1.00000000
0.252525252525, 0.313131313131, 1.03823321, 1.00000000, 1.00000000, 1.00000000
0.252525252525, 0.323232323232, 1.02616359, 1.00000000, 1.00000000, 1.00000000
0.252525252525, 0.333333333333, 1.01399189, 1.00000000, 1.00000000, 1.00000000
0.252525252525, 0.343434343434, 1.00176722, 1.00000000, 1.00000000, 1.00000000
0.252525252525, 0.353535353535, 0.98953890, 1.00000000, 1.00000000, 1.00000000
0.252525252525, 0.363636363636, 0.97735620, 1.00000000, 1.00000000, 1.00000000
0.252525252525, 0.373737373737, 0.96526816, 1.00000000, 1.00000000, 1.00000000
0.252525252525, 0.383838383838, 0.95332343, 1.00000000, 1.00000000, 1.00000000
0.252525252525, 0.393939393939, 0.94157000, 1.00000000, 1.00000000, 1.00000000
0.252525252525, 0.404040404040, 0.93005505, 1.00000000, 1.00000000, 1.00000000
0.252525252525, 0.414141414141, 0.91882479, 1.00000000, 1.00000000, 1.00000000
0.252525252525, 0.424242424242, 0.90792419, 1.00000000, 1.00000000, 1.00000000
0.252525252525, 0.434343434343, 0.89739689, 1.00000000, 1.00000000, 1.00000000
0.252525252525, 0.444444444444, 0.88728498, 1.00000000, 1.00000000, 1.00000000
0.252525252525, 0.454545454545, 0.87762884, 1.00000000, 1.00000000, 1.00000000
0.252525252525, 0.464646464646, 0.86846699, 1.00000000, 1.00000000, 1.00000000
0.252525252525, 0.474747474747, 0.85983595, 1.00000000, 1.00000000, 1.00000000
0.252525252525, 0.484848484848, 0.85177007, 1.00000000, 1.00000000, 1.00000000
0.252525252525, 0.494949494949, 0.84430144, 1.00000000, 1.00000000, 1.00000000
0.252525252525, 0.505050505051, 0.83745974, 1.00000000, 1.00000000, 1.00000000
0.252525252525, 0.515151515152, 0.83127214, 1.00000000, 1.00000000, 1.00000000
0.252525252525, 0.525252525253, 0.82576320, 1.00000000, 1.00000000, 1.00000000
0.252525252525, 0.535353535354, 0.82095478, 1.00000000, 1.00000000, 1.00000000
0.252525252525, 0.545454545455, 0.81686597, 1.00000000, 1.00000000, 1.00000000
0.252525252525, 0.555555555556, 0.81351302, 1.00000000, 1.00000000, 1.00000000
0.252525252525, 0.565656565657, 0.81090925, 1.00000000, 1.00000000, 1.00000000
0.252525252525, 0.575757575758, 0.80906507, 1.00000000, 1.00000000, 1.00000000
0.252525252525, 0.585858585859, 0.80798788, 1.00000000, 1.00000000, 1.00000000
0.252525252525, 0.595959595960, 0.80768208, 1.00000000, 1.00000000, 1.00000000
0.252525252525, 0.606060606061, 0.80814885, 1.00000000, 1.00000000, 1.00000000
0.252525252525, 0.616161616162, 0.80938629, 1.00000000, 1.00000000, 1.00000000
0.252525252525, 0.626262626263, 0.81138944, 1.00000000, 1.00000000, 1.00000000
0.252525252525, 0.636363636364, 0.81415038, 1.00000000, 1.00000000, 1.00000000
0.252525252525, 0.646464646465, 0.81765815, 1.00000000, 1.00000000, 1.00000000
0.252525252525, 0.656565656566, 0.82189889, 1.00000000, 1.00000000, 1.00000000
0.252525252525, 0.666666666667, 0.82685581, 1.00000000, 1.00000000, 1.00000000
0.252525252525, 0.676767676768, 0.83250929, 1.00000000, 1.00000000, 1.00000000
0.252525252525, 0.686868686869, 0.83883692, 1.00000000, 1.00000000, 1.00000000
0.252525252525, 0.696969696970, 0.84581361, 1.00000000, 1.00000000, 1.00000000
0.252525252525, 0.707070707071, 0.85341167, 1.00000000, 1.00000000, 1.00000000
0.252525252525, 0.717171717172, 0.86160089, 1.00000000, 1.00000000, 1.00000000
0.252525252525, 0.727272727273, 0.87034869, 1.00000000, 1.00000000, 1.00000000
0.252525252525, 0.737373737374, 0.87962022, 1.00000000, 1.00000000, 1.00000000
0.252525252525, 0.747474747475, 0.88937849, 1.00000000, 1.00000000, 1.00000000
0.252525252525, 0.757575757576, 0.89958453, 1.00000000, 1.00000000, 1.00000000
0.252525252525, 0.767676767677, 0.91019754, 1.00000000, 1.00000000, 1.00000000
0.252525252525, 0.777777777778, 0.92117503, 1.00000000, 1.00000000, 1.00000000
0.252525252525, 0.787878787879, 0.93247301, 1.00000000, 1.00000000, 1.00000000
0.252525252525, 0.797979797980, 0.94404615, 1.00000000, 1.00000000, 1.00000000
0.252525252525, 0.808080808081, 0.95584798, 1.00000000, 1.00000000, 1.00000000
0.252525252525, 0.818181818182, 0.96783104, 1.00000000, 1.00000000, 1.00000000
0.252525252525, 0.828282828283, 0.97994713, 1.00000000, 1.00000000, 1.00000000
0.252525252525, 0.838383838384, 0.99214745, 1.00000000, 1.00000000, 1.00000000
0.252525252525, 0.848484848485, 1.00438281, 1.00000000, 1.00000000, 1.00000000
0.252525252525, 0.858585858586, 1.01660387, 1.00000000, 1.00000000, 1.00000000
0.252525252525, 0.868686868687, 1.02876129, 1.00000000, 1.00000000, 1.00000000
0.252525252525, 0.878787878788, 1.04080596, 1.00000000, 1.00000000, 1.00000000
0.252525252525, 0.888888888889, 1.05268919, 1.00000000, 1.00000000, 1.00000000
0.252525252525, 0.898989898990, 1.06436293, 1.00000000, 1.00000000, 1.00000000
0.252525252525, 0.909090909091, 1.07577994, 1.00000000, 1.00000000, 1.00000000
0.252525252525, 0.919191919192, 1.08689398, 1.00000000, 1.00000000, 1.00000000
0.252525252525, 0.929292929293, 1.09766003, 1.00000000, 1.00000000, 1.00000000
0.252525252525, 0.939393939394, 1.10803433, 1.00000000, 1.00000000, 1.00000000
0.252525252525, 0.949494949495, 1.11797452, 1.00000000, 1.00000000, 1.00000000
0.252525252525, 0.959595959596, 1.12743937, 1.00000000, 1.00000000, 1.00000000
0.262626262626, -0.000000000000, 1.17214719, 1.00000000, 1.00000000, 1.00000000
0.262626262626, 0.010101010101, 1.17725059, 1.00000000, 1.00000000, 1.00000000
0.262626262626, 0.020202020202, 1.18161993, 1.00000000, 1.00000000, 1.00000000
0.262626262626, 0.030303030303, 1.18526402, 1.00000000, 1.00000000, 1.00000000
0.262626262626, 0.040404040404, 1.18820948, 1.00000000, 1.00000000, 1.00000000
0.262626262626, 0.050505050505, 1.19049090, 1.00000000, 1.00000000, 1.00000000
0.262626262626, 0.060606060606, 1.19213659, 1.00000000, 1.00000000, 1.00000000
0.262626262626, 0.070707070707, 1.19315689, 1.00000000, 1.00000000, 1.00000000
0.262626262626, 0.080808080808, 1.19354081, 1.00000000, 1.00000000, 1.00000000
0.262626262626, 0.090909090909, 1.19326178, 1.00000000, 1.00000000, 1.00000000
0.262626262626, 0.101010101010, 1.19228820, 1.00000000, 1.00000000, 1.00000000
0.262626262626, 0.111111111111, 1.19059311, 1.00000000, 1.00000000, 1.00000000
0.262626262626, 0.121212121212, 1.18815984, 1.00000000, 1.00000000, 1.00000000
0.262626262626, 0.131313131313, 1.18498311, 1.00000000, 1.00000000, 1.00000000
0.262626262626, 0.141414141414, 1.18106741, 1.00000000, 1.00000000, 1.00000000
0.262626262626, 0.151515151515, 1.17642459, 1.00000000, 1.00000000, 1.00000000
0.262626262626, 0.161616161616, 1.17107180, 1.00000000, 1.00000000, 1.00000000
0.262626262626, 0.171717171717, 1.16503013, 1.00000000, 1.00000000, 1.00000000
0.262626262626, 0.181818181818, 1.15832392, 1.00000000, 1.00000000, 1.00000000
0.262626262626, 0.191919191919, 1.15098035, 1.00000000, 1.00000000, 1.00000000
0.262626262626, 0.202020202020, 1.14302923, 1.00000000, 1.00000000, 1.00000000
0.262626262626, 0.212121212121, 1.13450282, 1.00000000, 1.00000000, 1.00000000
0.262626262626, 0.222222222222, 1.12543572, 1.00000000, 1.00000000, 1.00000000
0.262626262626, 0.232323232323, 1.11586474, 1.00000000, 1.00000000, 1.00000000
0.262626262626, 0.242424242424, 1.10582867, 1.00000000, 1.00000000, 1.00000000
0.262626262626, 0.252525252525, 1.09536820, 1.00000000, 1.00000000, 1.00000000
0.262626262626, 0.262626262626, 1.08452573, 1.00000000, 1.00000000, 1.00000000
0.262626262626, 0.272727272727, 1.07334517, 1.00000000, 1.00000000, 1.00000000
0.262626262626, 0.282828282828, 1.06187179, 1.00000000, 1.00000000, 1.00000000
0.262626262626, 0.292929292929, 1.05015200, 1.00000000, 1.00000000, 1.00000000
0.262626262626, 0.303030303030, 1.03823321, 1.00000000, 1.00000000, 1.00000000
0.262626262626, 0.313131313131, 1.02616359, 1.00000000, 1.00000000, 1.00000000
0.262626262626, 0.323232323232, 1.01399189, 1.00000000, 1.00000000, 1.00000000
0.262626262626, 0.333333333333, 1.00176722, 1.00000000, 1.00000000, 1.00000000
0.262626262626, 0.343434343434, 0.98953890, 1.00000000, 1.00000000, 1.00000000
0.262626262626, 0.353535353535, 0.97735620, 1.00000000, 1.00000000, 1.00000000
0.262626262626, 0.363636363636, 0.96526816, 1.00000000, 1.00000000, 1.00000000
0.262626262626, 0.373737373737, 0.95332343, 1.00000000, 1.00000000, 1.00000000
0.262626262626, 0.383838383838, 0.94157000, 1.00000000, 1.00000000, 1.00000000
0.262626262626, 0.393939393939, 0.93005505, 1.00000000, 1.00000000, 1.00000000
0.262626262626, 0.404040404040, 0.91882479, 1.00000000, 1.00000000, 1.00000000
0.262626262626, 0.414141414141, 0.90792419, 1.00000000, 1.00000000, 1.00000000
0.262626262626, 0.424242424242, 0.89739689, 1.00000000, 1.00000000, 1.00000000
0.262626262626, 0.434343434343, 0.88728498, 1.00000000, 1.00000000, 1.00000000
0.262626262626, 0.444444444444, 0.87762884, 1.00000000, 1.00000000, 1.00000000
0.262626262626, 0.454545454545, 0.86846699, 1.00000000, 1.00000000, 1.00000000
0.262626262626, 0.464646464646, 0.85983595, 1.00000000, 1.00000000, 1.00000000
0.262626262626, 0.474747474747, 0.85177007, 1.00000000, 1.00000000, 1.00000000
0.262626262626, 0.484848484848, 0.84430144, 1.00000000, 1.00000000, 1.00000000
0.262626262626, 0.494949494949, 0.83745974, 1.00000000, 1.00000000, 1.00000000
0.262626262626, 0.505050505051, 0.83127214, 1.00000000, 1.00000000, 1.00000000
0.262626262626, 0.515151515152, 0.82576320, 1.00000000, 1.00000000, 1.00000000
0.262626262626, 0.525252525253, 0.82095478, 1.00000000, 1.00000000, 1.00000000
0.262626262626, 0.535353535354, 0.81686597, 1.00000000, 1.00000000, 1.00000000
0.262626262626, 0.545454545455, 0.81351302, 1.00000000, 1.00000000, 1.00000000
0.262626262626, 0.555555555556, 0.81090925, 1.00000000, 1.00000000, 1.00000000
0.262626262626, 0.565656565657, 0.80906507, 1.00000000, 1.00000000, 1.00000000
0.262626262626, 0.575757575758, 0.80798788, 1.00000000, 1.00000000, 1.00000000
0.262626262626, 0.585858585859, 0.80768208, 1.00000000, 1.00000000, 1.00000000
0.262626262626, 0.595959595960, 0.80814885, 1.00000000, 1.00000000, 1.00000000
0.262626262626, 0.606060606061, 0.80938629, 1.00000000, 1.00000000, 1.00000000
0.262626262626, 0.616161616162, 0.81138944, 1.00000000, 1.00000000, 1.00000000
0.262626262626, 0.626262626263, 0.81415038, 1.00000000, 1.00000000, 1.00000000
0.262626262626, 0.636363636364, 0.81765815, 1.00000000, 1.00000000, 1.00000000
0.262626262626, 0.646464646465, 0.82189889, 1.00000000, 1.00000000, 1.00000000
0.262626262626, 0.656565656566, 0.82685581, 1.00000000, 1.00000000, 1.00000000
0.262626262626, 0.666666666667, 0.83250929, 1.00000000, 1.00000000, 1.00000000
0.262626262626, 0.676767676768, 0.83883692, 1.00000000, 1.00000000, 1.00000000
0.262626262626, 0.686868686869, 0.84581361, 1.00000000, 1.00000000, 1.00000000
0.262626262626, 0.696969696970, 0.85341167, 1.00000000, 1.00000000, 1.00000000
0.262626262626, 0.707070707071, 0.86160089, 1.00000000, 1.00000000, 1.00000000
0.262626262626, 0.717171717172, 0.87034869, 1.00000000, 1.00000000, 1.00000000
0.262626262626, 0.727272727273, 0.87962022, 1.00000000, 1.00000000, 1.00000000
0.262626262626, 0.737373737374, 0.88937849, 1.00000000, 1.00000000, 1.00000000
0.262626262626, 0.747474747475, 0.89958453, 1.00000000, 1.00000000, 1.00000000
0.262626262626, 0.757575757576, 0.91019754, 1.00000000, 1.00000000, 1.00000000
0.262626262626, 0.767676767677, 0.92117503, 1.00000000, 1.00000000, 1.00000000
0.262626262626, 0.777777777778, 0.93247301, 1.00000000, 1.00000000, 1.00000000
0.262626262626, 0.787878787879, 0.94404615, 1.00000000, 1.00000000, 1.00000000
0.262626262626, 0.797979797980, 0.95584798, 1.00000000, 1.00000000, 1.00000000
0.262626262626, 0.808080808081, 0.96783104, 1.00000000, 1.00000000, 1.00000000
0.262626262626, 0.818181818182, 0.97994713, 1.00000000, 1.00000000, 1.00000000
0.262626262626, 0.828282828283, 0.99214745, 1.00000000, 1.00000000, 1.00000000
0.262626262626, 0.838383838384, 1.00438281, 1.00000000, 1.00000000, 1.00000000
0.262626262626, 0.848484848485, 1.01660387, 1.00000000, 1.00000000, 1.00000000
0.262626262626, 0.858585858586, 1.02876129, 1.00000000, 1.00000000, 1.00000000
0.262626262626, 0.868686868687, 1.04080596, 1.00000000, 1.00000000, 1.00000000
0.262626262626, 0.878787878788, 1.05268919, 1.00000000, 1.00000000, 1.00000000
0.262626262626, 0.888888888889, 1.06436293, 1.00000000, 1.00000000, 1.00000000
0.262626262626, 0.898989898990, 1.07577994, 1.00000000, 1.00000000, 1.00000000
0.262626262626, 0.909090909091, 1.08689400, 1.00000000, 1.00000000, 1.00000000
0.262626262626, 0.919191919192, 1.09766008, 1.00000000, 1.00000000, 1.00000000
0.262626262626, 0.929292929293, 1.10803456, 1.00000000, 1.00000000, 1.00000000
0.262626262626, 0.939393939394, 1.11797529, 1.00000000, 1.00000000, 1.00000000
0.262626262626, 0.949494949495, 1.12744174, 1.00000000, 1.00000000, 1.00000000
0.262626262626, 0.959595959596, 1.13639483, 1.00000000, 1.00000000, 1.00000000
0.272727272727, -0.000000000000, 1.17740806, 1.00000000, 1.00000000, 1.00000000
0.272727272727, 0.010101010101, 1.18184302, 1.00000000, 1.00000000, 1.00000000
0.272727272727, 0.020202020202, 1.18554595, 1.00000000, 1.00000000, 1.00000000
0.272727272727, 0.030303030303, 1.18852741, 1.00000000, 1.00000000, 1.00000000
0.272727272727, 0.040404040404, 1.19081103, 1.00000000, 1.00000000, 1.00000000
0.272727272727, 0.050505050505, 1.19242459, 1.00000000, 1.00000000, 1.00000000
0.272727272727, 0.060606060606, 1.19338855, 1.00000000, 1.00000000, 1.00000000
0.272727272727, 0.070707070707, 1.19370752, 1.00000000, 1.00000000, 1.00000000
0.272727272727, 0.080808080808, 1.19336918, 1.00000000, 1.00000000, 1.00000000
0.272727272727, 0.090909090909, 1.19235015, 1.00000000, 1.00000000, 1.00000000
0.272727272727, 0.101010101010, 1.19062511, 1.00000000, 1.00000000, 1.00000000
0.272727272727, 0.111111111111, 1.18817464, 1.00000000, 1.00000000, 1.00000000
0.272727272727, 0.121212121212, 1.18498923, 1.00000000, 1.00000000, 1.00000000
0.272727272727, 0.131313131313, 1.18106967, 1.00000000, 1.00000000, 1.00000000
0.272727272727, 0.141414141414, 1.17642534, 1.00000000, 1.00000000, 1.00000000
0.272727272727, 0.151515151515, 1.17107202, 1.00000000, 1.00000000, 1.00000000
0.272727272727, 0.161616161616, 1.16503019, 1.00000000, 1.00000000, 1.00000000
0.272727272727, 0.171717171717, 1.15832393, 1.00000000, 1.00000000, 1.00000000
0.272727272727, 0.181818181818, 1.15098035, 1.00000000, 1.00000000, 1.00000000
0.272727272727, 0.191919191919, 1.14302923, 1.00000000, 1.00000000, 1.00000000
0.272727272727, 0.202020202020, 1.13450282, 1.00000000, 1.00000000, 1.00000000
0.272727272727, 0.212121212121, 1.12543572, 1.00000000, 1.00000000, 1.00000000
0.272727272727, 0.222222222222, 1.11586474, 1.00000000, 1.00000000, 1.00000000
0.272727272727, 0.232323232323, 1.10582867, 1.00000000, 1.00000000, 1.00000000
0.272727272727, 0.242424242424, 1.09536820, 1.00000000, 1.00000000, 1.00000000
0.272727272727, 0.252525252525, 1.08452573, 1.00000000, 1.00000000, 1.00000000
0.272727272727, 0.262626262626, 1.07334517, 1.00000000, 1.00000000, 1.00000000
0.272727272727, 0.272727272727, 1.06187179, 1.00000000, 1.00000000, 1.00000000
0.272727272727, 0.282828282828, 1.05015200, 1.00000000, 1.00000000, 1.00000000
0.272727272727, 0.292929292929, 1.03823321, 1.00000000, 1.00000000, 1.00000000
0.272727272727, 0.303030303030, 1.02616359, 1.00000000, 1.00000000, 1.00000000
0.272727272727, 0.313131313131, 1.01399189, 1.00000000, 1.00000000, 1.00000000
0.272727272727, 0.323232323232, 1.00176722, 1.00000000, 1.00000000, 1.00000000
0.272727272727, 0.333333333333, 0.98953890, 1.00000000, 1.00000000, 1.00000000
0.272727272727, 0.343434343434, 0.97735620, 1.00000000, 1.00000000, 1.00000000
0.272727272727, 0.353535353535, 0.96526816, 1.00000000, 1.00000000, 1.00000000
0.272727272727, 0.363636363636, 0.95332343, 1.00000000, 1.00000000, 1.00000000
0.272727272727, 0.373737373737, 0.94157000, 1.00000000, 1.00000000, 1.00000000
0.272727272727, 0.383838383838, 0.93005505, 1.00000000, 1.00000000, 1.00000000
0.272727272727, 0.393939393939, 0.91882479, 1.00000000, 1.00000000, 1.00000000
0.272727272727, 0.404040404040, 0.90792419, 1.00000000, 1.00000000, 1.00000000
0.272727272727, 0.414141414141, 0.89739689, 1.00000000, 1.00000000, 1.00000000
0.272727272727, 0.424242424242, 0.88728498, 1.00000000, 1.00000000, 1.00000000
0.272727272727, 0.434343434343, 0.87762884, 1.00000000, 1.00000000, 1.00000000
0.272727272727, 0.444444444444, 0.86846699, 1.00000000, 1.00000000, 1.00000000
0.272727272727, 0.454545454545, 0.85983595, 1.00000000, 1.00000000, 1.00000000
0.272727272727, 0.464646464646, 0.85177007, 1.00000000, 1.00000000, 1.00000000
0.272727272727, 0.474747474747, 0.84430144, 1.00000000, 1.00000000, 1.00000000
0.272727272727, 0.484848484848, 0.83745974, 1.00000000, 1.00000000, 1.00000000
0.272727272727, 0.494949494949, 0.83127214, 1.00000000, 1.00000000, 1.00000000
0.272727272727, 0.505050505051, 0.82576320, 1.00000000, 1.00000000, 1.00000000
0.272727272727, 0.515151515152, 0.82095478, 1.00000000, 1.00000000, 1.00000000
0.272727272727, 0.525252525253, 0.81686597, 1.00000000, 1.00000000, 1.00000000
0.272727272727, 0.535353535354, 0.81351302, 1.00000000, 1.00000000, 1.00000000
0.272727272727, 0.545454545455, 0.81090925, 1.00000000, 1.00000000, 1.00000000
0.272727272727, 0.555555555556, 0.80906507, 1.00000000, 1.00000000, 1.00000000
0.272727272727, 0.565656565657, 0.80798788, 1.00000000, 1.00000000, 1.00000000
0.272727272727, 0.575757575758, 0.80768208, 1.00000000, 1.00000000, 1.00000000
0.272727272727, 0.585858585859, 0.80814885, 1.00000000, 1.00000000, 1.00000000
0.272727272727, 0.595959595960, 0.80938629, 1.00000000, 1.00000000, 1.00000000
0.272727272727, 0.606060606061, 0.81138944, 1.00000000, 1.00000000, 1.00000000
0.272727272727, 0.616161616162, 0.81415038, 1.00000000, 1.00000000, 1.00000000
0.272727272727, 0.626262626263, 0.81765815, 1.00000000, 1.00000000, 1.00000000
0.272727272727, 0.636363636364, 0.82189889, 1.00000000, 1.00000000, 1.00000000
0.272727272727, 0.646464646465, 0.82685581, 1.00000000, 1.00000000, 1.00000000
0.272727272727, 0.656565656566, 0.83250929, 1.00000000, 1.00000000, 1.00000000
0.272727272727, 0.666666666667, 0.83883692, 1.00000000, 1.00000000, 1.00000000
0.272727272727, 0.676767676768, 0.84581361, 1.00000000, 1.00000000, 1.00000000
0.272727272727, 0.686868686869, 0.85341167, 1.00000000, 1.00000000, 1.00000000
0.272727272727, 0.696969696970, 0.86160089, 1.00000000, 1.00000000, 1.00000000
0.272727272727, 0.707070707071, 0.87034869, 1.00000000, 1.00000000, 1.00000000
0.272727272727, 0.717171717172, 0.87962022, 1.00000000, 1.00000000, 1.00000000
0.272727272727, 0.727272727273, 0.88937849, 1.00000000, 1.00000000, 1.00000000
0.272727272727, 0.737373737374, 0.89958453, 1.00000000, 1.00000000, 1.00000000
0.272727272727, 0.747474747475, 0.91019754, 1.00000000, 1.00000000, 1.00000000
0.272727272727, 0.757575757576, 0.92117503, 1.00000000, 1.00000000, 1.00000000
0.272727272727, 0.767676767677, 0.93247301, 1.00000000, 1.00000000, 1.00000000
0.272727272727, 0.777777777778, 0.94404615, 1.00000000, 1.00000000, 1.00000000
0.272727272727, 0.787878787879, 0.95584798, 1.00000000, 1.00000000, 1.00000000
0.272727272727, 0.797979797980, 0.96783104, 1.00000000, 1.00000000, 1.00000000
0.272727272727, 0.808080808081, 0.97994713, 1.00000000, 1.00000000, 1.00000000
0.272727272727, 0.818181818182, 0.99214745, 1.00000000, 1.00000000, 1.00000000
0.272727272727, 0.828282828283, 1.00438281, 1.00000000, 1.00000000, 1.00000000
0.272727272727, 0.838383838384, 1.01660387, 1.00000000, 1.00000000, 1.00000000
0.272727272727, 0.848484848485, 1.02876129, 1.00000000, 1.00000000, 1.00000000
0.272727272727, 0.858585858586, 1.04080596, 1.00000000, 1.00000000, 1.00000000
0.272727272727, 0.868686868687, 1.05268919, 1.00000000, 1.00000000, 1.00000000
0.272727272727, 0.878787878788, 1.06436293, 1.00000000, 1.00000000, 1.00000000
0.272727272727, 0.888888888889, 1.07577994, 1.00000000, 1.00000000, 1.00000000
0.272727272727, 0.898989898990, 1.08689400, 1.00000000, 1.00000000, 1.00000000
0.272727272727, 0.909090909091, 1.09766009, 1.00000000, 1.00000000, 1.00000000
0.272727272727, 0.919191919192, 1.10803460, 1.00000000, 1.00000000, 1.00000000
0.272727272727, 0.929292929293, 1.11797546, 1.00000000, 1.00000000, 1.00000000
0.272727272727, 0.939393939394, 1.12744232, 1.00000000, 1.00000000, 1.00000000
0.272727272727, 0.949494949495, 1.13639662, 1.00000000, 1.00000000, 1.00000000
0.272727272727, 0.959595959596, 1.14480164, 1.00000000, 1.00000000, 1.00000000
0.282828282828, -0.000000000000, 1.18195364, 1.00000000, 1.00000000, 1.00000000
0.282828282828, 0.010101010101, 1.18570215, 1.00000000, 1.00000000, 1.00000000
0.282828282828, 0.020202020202, 1.18872365, 1.00000000, 1.00000000, 1.00000000
0.282828282828, 0.030303030303, 1.19103043, 1.00000000, 1.00000000, 1.00000000
0.282828282828, 0.040404040404, 1.19264299, 1.00000000, 1.00000000, 1.00000000
0.282828282828, 0.050505050505, 1.19358216, 1.00000000, 1.00000000, 1.00000000
0.282828282828, 0.060606060606, 1.19386044, 1.00000000, 1.00000000, 1.00000000
0.282828282828, 0.070707070707, 1.19347679, 1.00000000, 1.00000000, 1.00000000
0.282828282828, 0.080808080808, 1.19241760, 1.00000000, 1.00000000, 1.00000000
0.282828282828, 0.090909090909, 1.19066273, 1.00000000, 1.00000000, 1.00000000
0.282828282828, 0.101010101010, 1.18819328, 1.00000000, 1.00000000, 1.00000000
0.282828282828, 0.111111111111, 1.18499741, 1.00000000, 1.00000000, 1.00000000
0.282828282828, 0.121212121212, 1.18107283, 1.00000000, 1.00000000, 1.00000000
0.282828282828, 0.131313131313, 1.17642641, 1.00000000, 1.00000000, 1.00000000
0.282828282828, 0.141414141414, 1.17107233, 1.00000000, 1.00000000, 1.00000000
0.282828282828, 0.151515151515, 1.16503026, 1.00000000, 1.00000000, 1.00000000
0.282828282828, 0.161616161616, 1.15832395, 1.00000000, 1.00000000, 1.00000000
0.282828282828, 0.171717171717, 1.15098036, 1.00000000, 1.00000000, 1.00000000
0.282828282828, 0.181818181818, 1.14302923, 1.00000000, 1.00000000, 1.00000000
0.282828282828, 0.191919191919, 1.13450282, 1.00000000, 1.00000000, 1.00000000
0.282828282828, 0.202020202020, 1.12543572, 1.00000000, 1.00000000, 1.00000000
0.282828282828, 0.212121212121, 1.11586474, 1.00000000, 1.00000000, 1.00000000
0.282828282828, 0.222222222222, 1.10582867, 1.00000000, 1.00000000, 1.00000000
0.282828282828, 0.232323232323, 1.09536820, 1.00000000, 1.00000000, 1.00000000
0.282828282828, 0.242424242424, 1.08452573, 1.00000000, 1.00000000, 1.00000000
0.282828282828, 0.252525252525, 1.07334517, 1.00000000, 1.00000000, 1.00000000
0.282828282828, 0.262626262626, 1.06187179, 1.00000000, 1.00000000, 1.00000000
0.282828282828, 0.272727272727, 1.05015200, 1.00000000, 1.00000000, 1.00000000
0.282828282828, 0.282828282828, 1.03823321, 1.00000000, 1.00000000, 1.00000000
0.282828282828, 0.292929292929, 1.02616359, 1.00000000, 1.00000000, 1.00000000
0.282828282828, 0.303030303030, 1.01399189, 1.00000000, 1.00000000, 1.00000000
0.282828282828, 0.313131313131, 1.00176722, 1.00000000, 1.00000000, 1.00000000
0.282828282828, 0.323232323232, 0.98953890, 1.00000000, 1.00000000, 1.00000000
0.282828282828, 0.333333333333, 0.97735620, 1.00000000, 1.00000000, 1.00000000
0.282828282828, 0.343434343434, 0.96526816, 1.00000000, 1.00000000, 1.00000000
0.282828282828, 0.353535353535, 0.95332343, 1.00000000, 1.00000000, 1.00000000
0.282828282828, 0.363636363636, 0.94157000, 1.00000000, 1.00000000, 1.00000000
0.282828282828, 0.373737373737, 0.93005505, 1.00000000, 1.00000000, 1.00000000
0.282828282828, 0.383838383838, 0.91882479, 1.00000000, 1.00000000, 1.00000000
0.282828282828, 0.393939393939, 0.90792419, 1.00000000, 1.00000000, 1.00000000
0.282828282828, 0.404040404040, 0.89739689, 1.00000000, 1.00000000, 1.00000000
0.282828282828, 0.414141414141, 0.88728498, 1.00000000, 1.00000000, 1.00000000
0.282828282828, 0.424242424242, 0.87762884, 1.00000000, 1.00000000, 1.00000000
0.282828282828, 0.434343434343, 0.86846699, 1.00000000, 1.00000000, 1.00000000
0.282828282828, 0.444444444444, 0.85983595, 1.00000000, 1.00000000, 1.00000000
0.282828282828, 0.454545454545, 0.85177007, 1.00000000, 1.00000000, 1.00000000
0.282828282828, 0.464646464646, 0.84430144, 1.00000000, 1.00000000, 1.00000000
0.282828282828, 0.474747474747, 0.83745974, 1.00000000, 1.00000000, 1.00000000
0.282828282828, 0.484848484848, 0.83127214, 1.00000000, 1.00000000, 1.00000000
0.282828282828, 0.494949494949, 0.82576320, 1.00000000, 1.00000000, 1.00000000
0.282828282828, 0.505050505051, 0.82095478, 1.00000000, 1.00000000, 1.00000000
0.282828282828, 0.515151515152, 0.81686597, 1.00000000, 1.00000000, 1.00000000
0.282828282828, 0.525252525253, 0.81351302, 1.00000000, 1.00000000, 1.00000000
0.282828282828, 0.535353535354, 0.81090925, 1.00000000, 1.00000000, 1.00000000
0.282828282828, 0.545454545455, 0.80906507, 1.00000000, 1.00000000, 1.00000000
0.282828282828, 0.555555555556, 0.80798788, 1.00000000, 1.00000000, 1.00000000
0.282828282828, 0.565656565657, 0.80768208, 1.00000000, 1.00000000, 1.00000000
0.282828282828, 0.575757575758, 0.80814885, 1.00000000, 1.00000000, 1.00000000
0.282828282828, 0.585858585859, 0.80938629, 1.00000000, 1.00000000, 1.00000000
0.282828282828, 0.595959595960, 0.81138944, 1.00000000, 1.00000000, 1.00000000
0.282828282828, 0.606060606061, 0.81415038, 1.00000000, 1.00000000, 1.00000000
0.282828282828, 0.616161616162, 0.81765815, 1.00000000, 1.00000000, 1.00000000
0.282828282828, 0.626262626263, 0.82189889, 1.00000000, 1.00000000, 1.00000000
0.282828282828, 0.636363636364, 0.82685581, 1.00000000, 1.00000000, 1.00000000
0.282828282828, 0.646464646465, 0.83250929, 1.00000000, 1.00000000, 1.00000000
0.282828282828, 0.656565656566, 0.83883692, 1.00000000, 1.00000000, 1.00000000
0.282828282828, 0.666666666667, 0.84581361, 1.00000000, 1.00000000, 1.00000000
0.282828282828, 0.676767676768, 0.85341167, 1.00000000, 1.00000000, 1.00000000
0.282828282828, 0.686868686869, 0.86160089, 1.00000000, 1.00000000, 1.00000000
0.282828282828, 0.696969696970, 0.87034869, 1.00000000, 1.00000000, 1.00000000
0.282828282828, 0.707070707071, 0.87962022, 1.00000000, 1.00000000, 1.00000000
0.282828282828, 0.717171717172, 0.88937849, 1.00000000, 1.00000000, 1.00000000
0.282828282828, 0.727272727273, 0.89958453, 1.00000000, 1.00000000, 1.00000000
0.282828282828, 0.737373737374, 0.91019754, 1.00000000, 1.00000000, 1.00000000
0.282828282828, 0.747474747475, 0.92117503, 1.00000000, 1.00000000, 1.00000000
0.282828282828, 0.757575757576, 0.93247301, 1.00000000, 1.00000000, 1.00000000
0.282828282828, 0.767676767677, 0.94404615, 1.00000000, 1.00000000, 1.00000000
0.282828282828, 0.777777777778, 0.95584798, 1.00000000, 1.00000000, 1.00000000
0.282828282828, 0.787878787879, 0.96783104, 1.00000000, 1.00000000, 1.00000000
0.282828282828, 0.797979797980, 0.97994713, 1.00000000, 1.00000000, 1.00000000
0.282828282828, 0.808080808081, 0.99214745, 1.00000000, 1.00000000, 1.00000000
0.282828282828, 0.818181818182, 1.00438281, 1.00000000, 1.00000000, 1.00000000
0.282828282828, 0.828282828283, 1.01660387, 1.00000000, 1.00000000, 1.00000000
0.282828282828, 0.838383838384, 1.02876129, 1.00000000, 1.00000000, 1.00000000
0.282828282828, 0.848484848485, 1.04080596, 1.00000000, 1.00000000, 1.00000000
0.282828282828, 0.858585858586, 1.05268919, 1.00000000, 1.00000000, 1.00000000
0.282828282828, 0.868686868687, 1.06436293, 1.00000000, 1.00000000, 1.00000000
0.282828282828, 0.878787878788, 1.07577994, 1.00000000, 1.00000000, 1.00000000
0.282828282828, 0.888888888889, 1.08689400, 1.00000000, 1.00000000, 1.00000000
0.282828282828, 0.898989898990, 1.09766010, 1.00000000, 1.00000000, 1.00000000
0.282828282828, 0.909090909091, 1.10803461, 1.00000000, 1.00000000, 1.00000000
0.282828282828, 0.919191919192, 1.11797549, 1.00000000, 1.00000000, 1.00000000
0.282828282828, 0.929292929293, 1.12744242, 1.00000000, 1.00000000, 1.00000000
0.282828282828, 0.939393939394, 1.13639701, 1.00000000, 1.00000000, 1.00000000
0.282828282828, 0.949494949495, 1.14480285, 1.00000000, 1.00000000, 1.00000000
0.282828282828, 0.959595959596, 1.15262568, 1.00000000, 1.00000000, 1.00000000
0.292929292929, -0.000000000000, 1.18576551, 1.00000000, 1.00000000, 1.00000000
0.292929292929, 0.010101010101, 1.18881233, 1.00000000, 1.00000000, 1.00000000
0.292929292929, 0.020202020202, 1.19114015, 1.00000000, 1.00000000, 1.00000000
0.292929292929, 0.030303030303, 1.19276291, 1.00000000, 1.00000000, 1.00000000
0.292929292929, 0.040404040404, 1.19369787, 1.00000000, 1.00000000, 1.00000000
0.292929292929, 0.050505050505, 1.19395883, 1.00000000, 1.00000000, 1.00000000
0.292929292929, 0.060606060606, 1.19355032, 1.00000000, 1.00000000, 1.00000000
0.292929292929, 0.070707070707, 1.19246565, 1.00000000, 1.00000000, 1.00000000
0.292929292929, 0.080808080808, 1.19068995, 1.00000000, 1.00000000, 1.00000000
0.292929292929, 0.090909090909, 1.18820641, 1.00000000, 1.00000000, 1.00000000
0.292929292929, 0.101010101010, 1.18500260, 1.00000000, 1.00000000, 1.00000000
0.292929292929, 0.111111111111, 1.18107436, 1.00000000, 1.00000000, 1.00000000
0.292929292929, 0.121212121212, 1.17642660, 1.00000000, 1.00000000, 1.00000000
0.292929292929, 0.131313131313, 1.17107220, 1.00000000, 1.00000000, 1.00000000
0.292929292929, 0.141414141414, 1.16503014, 1.00000000, 1.00000000, 1.00000000
0.292929292929, 0.151515151515, 1.15832388, 1.00000000, 1.00000000, 1.00000000
0.292929292929, 0.161616161616, 1.15098033, 1.00000000, 1.00000000, 1.00000000
0.292929292929, 0.171717171717, 1.14302922, 1.00000000, 1.00000000, 1.00000000
0.292929292929, 0.181818181818, 1.13450281, 1.00000000, 1.00000000, 1.00000000
0.292929292929, 0.191919191919, 1.12543572, 1.00000000, 1.00000000, 1.00000000
0.292929292929, 0.202020202020, 1.11586474, 1.00000000, 1.00000000, 1.00000000
0.292929292929, 0.212121212121, 1.10582867, 1.00000000, 1.00000000, 1.00000000
0.292929292929, 0.222222222222, 1.09536820, 1.00000000, 1.00000000, 1.00000000
0.292929292929, 0.232323232323, 1.08452573, 1.00000000, 1.00000000, 1.00000000
0.292929292929, 0.242424242424, 1.07334517, 1.00000000, 1.00000000, 1.00000000
0.292929292929, 0.252525252525, 1.06187179, 1.00000000, 1.00000000, 1.00000000
0.292929292929, 0.262626262626, 1.05015200, 1.00000000, 1.00000000, 1.00000000
0.292929292929, 0.272727272727, 1.03823321, 1.00000000, 1.00000000, 1.00000000
0.292929292929, 0.282828282828, 1.02616359, 1.00000000, 1.00000000, 1.00000000
0.292929292929, 0.292929292929, 1.01399189, 1.00000000, 1.00000000, 1.00000000
0.292929292929, 0.303030303030, 1.00176722, 1.00000000, 1.00000000, 1.00000000
0.292929292929, 0.313131313131, 0.98953890, 1.00000000, 1.00000000, 1.00000000
0.292929292929, 0.323232323232, 0.97735620, 1.00000000, 1.00000000, 1.00000000
0.292929292929, 0.333333333333, 0.96526816, 1.00000000, 1.00000000, 1.00000000
0.292929292929, 0.343434343434, 0.95332343, 1.00000000, 1.00000000, 1.00000000
0.292929292929, 0.353535353535, 0.94157000, 1.00000000, 1.00000000, 1.00000000
0.292929292929, 0.363636363636, 0.93005505, 1.00000000, 1.00000000, 1.00000000
0.292929292929, 0.373737373737, 0.91882479, 1.00000000, 1.00000000, 1.00000000
0.292929292929, 0.383838383838, 0.90792419, 1.00000000, 1.00000000, 1.00000000
0.292929292929, 0.393939393939, 0.89739689, 1.00000000, 1.00000000, 1.00000000
0.292929292929, 0.404040404040, 0.88728498, 1.00000000, 1.00000000, 1.00000000
0.292929292929, 0.414141414141, 0.87762884, 1.00000000, 1.00000000, 1.00000000
0.292929292929, 0.424242424242, 0.86846699, 1.00000000, 1.00000000, 1.00000000
0.292929292929, 0.434343434343, 0.85983595, 1.00000000, 1.00000000, 1.00000000
0.292929292929, 0.444444444444, 0.85177007, 1.00000000, 1.00000000, 1.00000000
0.292929292929, 0.454545454545, 0.84430144, 1.00000000, 1.00000000, 1.00000000
0.292929292929, 0.464646464646, 0.83745974, 1.00000000, 1.00000000, 1.00000000
0.292929292929, 0.474747474747, 0.83127214, 1.00000000, 1.00000000, 1.00000000
0.292929292929, 0.484848484848, 0.82576320, 1.00000000, 1.00000000, 1.00000000
0.292929292929, 0.494949494949, 0.82095478, 1.00000000, 1.00000000, 1.00000000
0.292929292929, 0.505050505051, 0.81686597, 1.00000000, 1.00000000, 1.00000000
0.292929292929, 0.515151515152, 0.81351302, 1.00000000, 1.00000000, 1.00000000
0.292929292929, 0.525252525253, 0.81090925, 1.00000000, 1.00000000, 1.00000000
0.292929292929, 0.535353535354, 0.80906507, 1.00000000, 1.00000000, 1.00000000
0.292929292929, 0.545454545455, 0.80798788, 1.00000000, 1.00000000, 1.00000000
0.292929292929, 0.555555555556, 0.80768208, 1.00000000, 1.00000000, 1.00000000
0.292929292929, 0.565656565657, 0.80814885, 1.00000000, 1.00000000, 1.00000000
0.292929292929, 0.575757575758, 0.80938629, 1.00000000, 1.00000000, 1.00000000
0.292929292929, 0.585858585859, 0.81138944, 1.00000000, 1.00000000, 1.00000000
0.292929292929, 0.595959595960, 0.81415038, 1.00000000, 1.00000000, 1.00000000
0.292929292929, 0.606060606061, 0.81765815, 1.00000000, 1.00000000, 1.00000000
0.292929292929, 0.616161616162, 0.82189889, 1.00000000, 1.00000000, 1.00000000
0.292929292929, 0.626262626263, 0.82685581, 1.00000000, 1.00000000, 1.00000000
0.292929292929, 0.636363636364, 0.83250929, 1.00000000, 1.00000000, 1.00000000
0.292929292929, 0.646464646465, 0.83883692, 1.00000000, 1.00000000, 1.00000000
0.292929292929, 0.656565656566, 0.84581361, 1.00000000, 1.00000000, 1.00000000
0.292929292929, 0.666666666667, 0.85341167, 1.00000000, 1.00000000, 1.00000000
0.292929292929, 0.676767676768, 0.86160089, 1.00000000, 1.00000000, 1.00000000
0.292929292929, 0.686868686869, 0.87034869, 1.00000000, 1.00000000, 1.00000000
0.292929292929, 0.696969696970, 0.87962022, 1.00000000, 1.00000000, 1.00000000
0.292929292929, 0.707070707071, 0.88937849, 1.00000000, 1.00000000, 1.00000000
0.292929292929, 0.717171717172, 0.89958453, 1.00000000, 1.00000000, 1.00000000
0.292929292929, 0.727272727273, 0.91019754, 1.00000000, 1.00000000, 1.00000000
0.292929292929, 0.737373737374, 0.92117503, 1.00000000, 1.00000000, 1.00000000
0.292929292929, 0.747474747475, 0.93247301, 1.00000000, 1.00000000, 1.00000000
0.292929292929, 0.757575757576, 0.94404615, 1.00000000, 1.00000000, 1.00000000
0.292929292929, 0.767676767677, 0.95584798, 1.00000000, 1.00000000, 1.00000000
0.292929292929, 0.777777777778, 0.96783104, 1.00000000, 1.00000000, 1.00000000
0.292929292929, 0.787878787879, 0.97994713, 1.00000000, 1.00000000, 1.00000000
0.292929292929, 0.797979797980, 0.99214745, 1.00000000, 1.00000000, 1.00000000
0.292929292929, 0.808080808081, 1.00438281, 1.00000000, 1.00000000, 1.00000000
0.292929292929, 0.818181818182, 1.01660387, 1.00000000, 1.00000000, 1.00000000
0.292929292929, 0.828282828283, 1.02876129, 1.00000000, 1.00000000, 1.00000000
0.292929292929, 0.838383838384, 1.04080596, 1.00000000, 1.00000000, 1.00000000
0.292929292929, 0.848484848485, 1.05268919, 1.00000000, 1.00000000, 1.00000000
0.292929292929, 0.858585858586, 1.06436293, 1.00000000, 1.00000000, 1.00000000
0.292929292929, 0.868686868687, 1.07577994, 1.00000000, 1.00000000, 1.00000000
0.292929292929, 0.878787878788, 1.08689400, 1.00000000, 1.00000000, 1.00000000
0.292929292929, 0.888888888889, 1.09766010, 1.00000000, 1.00000000, 1.00000000
0.292929292929, 0.898989898990, 1.10803461, 1.00000000, 1.00000000, 1.00000000
0.292929292929, 0.909090909091, 1.11797549, 1.00000000, 1.00000000, 1.00000000
0.292929292929, 0.919191919192, 1.12744244, 1.00000000, 1.00000000, 1.00000000
0.292929292929, 0.929292929293, 1.13639706, 1.00000000, 1.00000000, 1.00000000
0.292929292929, 0.939393939394, 1.14480305, 1.00000000, 1.00000000, 1.00000000
0.292929292929, 0.949494949495, 1.15262632, 1.00000000, 1.00000000, 1.00000000
0.292929292929, 0.959595959596, 1.15983521, 1.00000000, 1.00000000, 1.00000000
0.303030303030, -0.000000000000, 1.18882823, 1.00000000, 1.00000000, 1.00000000
0.303030303030, 0.010101010101, 1.19116098, 1.00000000, 1.00000000, 1.00000000
0.303030303030, 0.020202020202, 1.19278566, 1.00000000, 1.00000000, 1.00000000
0.303030303030, 0.030303030303, 1.19371781, 1.00000000, 1.00000000, 1.00000000
0.303030303030, 0.040404040404, 1.19397135, 1.00000000, 1.00000000, 1.00000000
0.303030303030, 0.050505050505, 1.19355307, 1.00000000, 1.00000000, 1.00000000
0.303030303030, 0.060606060606, 1.19245948, 1.00000000, 1.00000000, 1.00000000
0.303030303030, 0.070707070707, 1.19067823, 1.00000000, 1.00000000, 1.00000000
0.303030303030, 0.080808080808, 1.18819324, 1.00000000, 1.00000000, 1.00000000
0.303030303030, 0.090909090909, 1.18499115, 1.00000000, 1.00000000, 1.00000000
0.303030303030, 0.101010101010, 1.18106605, 1.00000000, 1.00000000, 1.00000000
0.303030303030, 0.111111111111, 1.17642143, 1.00000000, 1.00000000, 1.00000000
0.303030303030, 0.121212121212, 1.17106939, 1.00000000, 1.00000000, 1.00000000
0.303030303030, 0.131313131313, 1.16502880, 1.00000000, 1.00000000, 1.00000000
0.303030303030, 0.141414141414, 1.15832332, 1.00000000, 1.00000000, 1.00000000
0.303030303030, 0.151515151515, 1.15098012, 1.00000000, 1.00000000, 1.00000000
0.303030303030, 0.161616161616, 1.14302915, 1.00000000, 1.00000000, 1.00000000
0.303030303030, 0.171717171717, 1.13450279, 1.00000000, 1.00000000, 1.00000000
0.303030303030, 0.181818181818, 1.12543572, 1.00000000, 1.00000000, 1.00000000
0.303030303030, 0.191919191919, 1.11586473, 1.00000000, 1.00000000, 1.00000000
0.303030303030, 0.202020202020, 1.10582867, 1.00000000, 1.00000000, 1.00000000
0.303030303030, 0.212121212121, 1.09536820, 1.00000000, 1.00000000, 1.00000000
0.303030303030, 0.222222222222, 1.08452573, 1.00000000, 1.00000000, 1.00000000
0.303030303030, 0.232323232323, 1.07334517, 1.00000000, 1.00000000, 1.00000000
0.303030303030, 0.242424242424, 1.06187179, 1.00000000, 1.00000000, 1.00000000
0.303030303030, 0.252525252525, 1.05015200, 1.00000000, 1.00000000, 1.00000000
0.303030303030, 0.262626262626, 1.03823321, 1.00000000, 1.00000000, 1.00000000
0.303030303030, 0.272727272727, 1.02616359, 1.00000000, 1.00000000, 1.00000000
0.303030303030, 0.282828282828, 1.01399189, 1.00000000, 1.00000000, 1.00000000
0.303030303030, 0.292929292929, 1.00176722, 1.00000000, 1.00000000, 1.00000000
0.303030303030, 0.303030303030, 0.98953890, 1.00000000, 1.00000000, 1.00000000
0.303030303030, 0.313131313131, 0.97735620, 1.00000000, 1.00000000, 1.00000000
0.303030303030, 0.323232323232, 0.96526816, 1.00000000, 1.00000000, 1.00000000
0.303030303030, 0.333333333333, 0.95332343, 1.00000000, 1.00000000, 1.00000000
0.303030303030, 0.343434343434, 0.94157000, 1.00000000, 1.00000000, 1.00000000
0.303030303030, 0.353535353535, 0.93005505, 1.00000000, 1.00000000, 1.00000000
0.303030303030, 0.363636363636, 0.91882479, 1.00000000, 1.00000000, 1.00000000
0.303030303030, 0.373737373737, 0.90792419, 1.00000000, 1.00000000, 1.00000000
0.303030303030, 0.383838383838, 0.89739689, 1.00000000, 1.00000000, 1.00000000
0.303030303030, 0.393939393939, 0.88728498, 1.00000000, 1.00000000, 1.00000000
0.303030303030, 0.404040404040, 0.87762884, 1.00000000, 1.00000000, 1.00000000
0.303030303030, 0.414141414141, 0.86846699, 1.00000000, 1.00000000, 1.00000000
0.303030303030, 0.424242424242, 0.85983595, 1.00000000, 1.00000000, 1.00000000
0.303030303030, 0.434343434343, 0.85177007, 1.00000000, 1.00000000, 1.00000000
0.303030303030, 0.444444444444, 0.84430144, 1.00000000, 1.00000000, 1.00000000
0.303030303030, 0.454545454545, 0.83745974, 1.00000000, 1.00000000, 1.00000000
0.303030303030, 0.464646464646, 0.83127214, 1.00000000, 1.00000000, 1.00000000
0.303030303030, 0.474747474747, 0.82576320, 1.00000000, 1.00000000, 1.00000000
0.303030303030, 0.484848484848, 0.82095478, 1.00000000, 1.00000000, 1.00000000
0.303030303030, 0.494949494949, 0.81686597, 1.00000000, 1.00000000, 1.00000000
0.303030303030, 0.505050505051, 0.81351302, 1.00000000, 1.00000000, 1.00000000
0.303030303030, 0.515151515152, 0.81090925, 1.00000000, 1.00000000, 1.00000000
0.303030303030, 0.525252525253, 0.80906507, 1.00000000, 1.00000000, 1.00000000
0.303030303030, 0.535353535354, 0.80798788, 1.00000000, 1.00000000, 1.00000000
0.303030303030, 0.545454545455, 0.80768208, 1.00000000, 1.00000000, 1.00000000
0.303030303030, 0.555555555556, 0.80814885, 1.00000000, 1.00000000, 1.00000000
0.303030303030, 0.565656565657, 0.80938629, 1.00000000, 1.00000000, 1.00000000
0.303030303030, 0.575757575758, 0.81138944, 1.00000000, 1.00000000, 1.00000000
0.303030303030, 0.585858585859, 0.81415038, 1.00000000, 1.00000000, 1.00000000
0.303030303030, 0.595959595960, 0.81765815, 1.00000000, 1.00000000, 1.00000000
0.303030303030, 0.606060606061, 0.82189889, 1.00000000, 1.00000000, 1.00000000
0.303030303030, 0.616161616162, 0.82685581, 1.00000000, 1.00000000, 1.00000000
0.303030303030, 0.626262626263, 0.83250929, 1.00000000, 1.00000000, 1.00000000
0.303030303030, 0.636363636364, 0.83883692, 1.00000000, 1.00000000, 1.00000000
0.303030303030, 0.646464646465, 0.84581361, 1.00000000, 1.00000000, 1.00000000
0.303030303030, 0.656565656566, 0.85341167, 1.00000000, 1.00000000, 1.00000000
0.303030303030, 0.666666666667, 0.86160089, 1.00000000, 1.00000000, 1.00000000
0.303030303030, 0.676767676768, 0.87034869, 1.00000000, 1.00000000, 1.00000000
0.303030303030, 0.686868686869, 0.87962022, 1.00000000, 1.00000000, 1.00000000
0.303030303030, 0.696969696970, 0.88937849, 1.00000000, 1.00000000, 1.00000000
0.303030303030, 0.707070707071, 0.89958453, 1.00000000, 1.00000000, 1.00000000
0.303030303030, 0.717171717172, 0.91019754, 1.00000000, 1.00000000, 1.00000000
0.303030303030, 0.727272727273, 0.92117503, 1.00000000, 1.00000000, 1.00000000
0.303030303030, 0.737373737374, 0.93247301, 1.00000000, 1.00000000, 1.00000000
0.303030303030, 0.747474747475, 0.94404615, 1.00000000, 1.00000000, 1.00000000
0.303030303030, 0.757575757576, 0.95584798, 1.00000000, 1.00000000, 1.00000000
0.303030303030, 0.767676767677, 0.96783104, 1.00000000, 1.00000000, 1.00000000
0.303030303030, 0.777777777778, 0.97994713, 1.00000000, 1.00000000, 1.00000000
0.303030303030, 0.787878787879, 0.99214745, 1.00000000, 1.00000000, 1.00000000
0.303030303030, 0.797979797980, 1.00438281, 1.00000000, 1.00000000, 1.00000000
0.303030303030, 0.808080808081, 1.01660387, 1.00000000, 1.00000000, 1.00000000
0.303030303030, 0.818181818182, 1.02876129, 1.00000000, 1.00000000, 1.00000000
0.303030303030, 0.828282828283, 1.04080596, 1.00000000, 1.00000000, 1.00000000
0.303030303030, 0.838383838384, 1.05268919, 1.00000000, 1.00000000, 1.00000000
0.303030303030, 0.848484848485, 1.06436293, 1.00000000, 1.00000000, 1.00000000
0.303030303030, 0.858585858586, 1.07577994, 1.00000000, 1.00000000, 1.00000000
0.303030303030, 0.868686868687, 1.08689400, 1.00000000, 1.00000000, 1.00000000
0.303030303030, 0.878787878788, 1.09766010, 1.00000000, 1.00000000, 1.00000000
0.303030303030, 0.888888888889, 1.10803461, 1.00000000, 1.00000000, 1.00000000
0.303030303030, 0.898989898990, 1.11797549, 1.00000000, 1.00000000, 1.00000000
0.303030303030, 0.909090909091, 1.12744244, 1.00000000, 1.00000000, 1.00000000
0.303030303030, 0.919191919192, 1.13639706, 1.00000000, 1.00000000, 1.00000000
0.303030303030, 0.929292929293, 1.14480305, 1.00000000, 1.00000000, 1.00000000
0.303030303030, 0.939393939394, 1.15262633, 1.00000000, 1.00000000, 1.00000000
0.303030303030, 0.949494949495, 1.15983528, 1.00000000, 1.00000000, 1.00000000
0.303030303030, 0.959595959596, 1.16640096, 1.00000000, 1.00000000, 1.00000000
0.313131313131, -0.000000000000, 1.19112937, 1.00000000, 1.00000000, 1.00000000
0.313131313131, 0.010101010101, 1.19273856, 1.00000000, 1.00000000, 1.00000000
0.313131313131, 0.020202020202, 1.19365350, 1.00000000, 1.00000000, 1.00000000
0.313131313131, 0.030303030303, 1.19389123, 1.00000000, 1.00000000, 1.00000000
0.313131313131, 0.040404040404, 1.19346237, 1.00000000, 1.00000000, 1.00000000
0.313131313131, 0.050505050505, 1.19236658, 1.00000000, 1.00000000, 1.00000000
0.313131313131, 0.060606060606, 1.19059236, 1.00000000, 1.00000000, 1.00000000
0.313131313131, 0.070707070707, 1.18812177, 1.00000000, 1.00000000, 1.00000000
0.313131313131, 0.080808080808, 1.18493762, 1.00000000, 1.00000000, 1.00000000
0.313131313131, 0.090909090909, 1.18103001, 1.00000000, 1.00000000, 1.00000000
0.313131313131, 0.101010101010, 1.17639962, 1.00000000, 1.00000000, 1.00000000
0.313131313131, 0.111111111111, 1.17105753, 1.00000000, 1.00000000, 1.00000000
0.313131313131, 0.121212121212, 1.16502300, 1.00000000, 1.00000000, 1.00000000
0.313131313131, 0.131313131313, 1.15832077, 1.00000000, 1.00000000, 1.00000000
0.313131313131, 0.141414141414, 1.15097911, 1.00000000, 1.00000000, 1.00000000
0.313131313131, 0.151515151515, 1.14302879, 1.00000000, 1.00000000, 1.00000000
0.313131313131, 0.161616161616, 1.13450268, 1.00000000, 1.00000000, 1.00000000
0.313131313131, 0.171717171717, 1.12543569, 1.00000000, 1.00000000, 1.00000000
0.313131313131, 0.181818181818, 1.11586473, 1.00000000, 1.00000000, 1.00000000
0.313131313131, 0.191919191919, 1.10582866, 1.00000000, 1.00000000, 1.00000000
0.313131313131, 0.202020202020, 1.09536820, 1.00000000, 1.00000000, 1.00000000
0.313131313131, 0.212121212121, 1.08452573, 1.00000000, 1.00000000, 1.00000000
0.313131313131, 0.222222222222, 1.07334517, 1.00000000, 1.00000000, 1.00000000
0.313131313131, 0.232323232323, 1.06187179, 1.00000000, 1.00000000, 1.00000000
0.313131313131, 0.242424242424, 1.05015200, 1.00000000, 1.00000000, 1.00000000
0.313131313131, 0.252525252525, 1.03823321, 1.00000000, 1.00000000, 1.00000000
0.313131313131, 0.262626262626, 1.02616359, 1.00000000, 1.00000000, 1.00000000
0.313131313131, 0.272727272727, 1.01399189, 1.00000000, 1.00000000, 1.00000000
0.313131313131, 0.282828282828, 1.00176722, 1.00000000, 1.00000000, 1.00000000
0.313131313131, 0.292929292929, 0.98953890, 1.00000000, 1.00000000, 1.00000000
0.313131313131, 0.303030303030, 0.97735620, 1.00000000, 1.00000000, 1.00000000
0.313131313131, 0.313131313131, 0.96526816, 1.00000000, 1.00000000, 1.00000000
0.313131313131, 0.323232323232, 0.95332343, 1.00000000, 1.00000000, 1.00000000
0.313131313131, 0.333333333333, 0.94157000, 1.00000000, 1.00000000, 1.00000000
0.313131313131, 0.343434343434, 0.93005505, 1.00000000, 1.00000000, 1.00000000
0.313131313131, 0.353535353535, 0.91882479, 1.00000000, 1.00000000, 1.00000000
0.313131313131, 0.363636363636, 0.90792419, 1.00000000, 1.00000000, 1.00000000
0.313131313131, 0.373737373737, 0.89739689, 1.00000000, 1.00000000, 1.00000000
0.313131313131, 0.383838383838, 0.88728498, 1.00000000, 1.00000000, 1.00000000
0.313131313131, 0.393939393939, 0.87762884, 1.00000000, 1.00000000, 1.00000000
0.313131313131, 0.404040404040, 0.86846699, 1.00000000, 1.00000000, 1.00000000
0.313131313131, 0.414141414141, 0.85983595, 1.00000000, 1.00000000, 1.00000000
0.313131313131, 0.424242424242, 0.85177007, 1.00000000, 1.00000000, 1.00000000
0.313131313131, 0.434343434343, 0.84430144, 1.00000000, 1.00000000, 1.00000000
0.313131313131, 0.444444444444, 0.83745974, 1.00000000, 1.00000000, 1.00000000
0.313131313131, 0.454545454545, 0.83127214, 1.00000000, 1.00000000, 1.00000000
0.313131313131, 0.464646464646, 0.82576320, 1.00000000, 1.00000000, 1.00000000
0.313131313131, 0.474747474747, 0.82095478, 1.00000000, 1.00000000, 1.00000000
0.313131313131, 0.484848484848, 0.81686597, 1.00000000, 1.00000000, 1.00000000
0.313131313131, 0.494949494949, 0.81351302, 1.00000000, 1.00000000, 1.00000000
0.313131313131, 0.505050505051, 0.81090925, 1.00000000, 1.00000000, 1.00000000
0.313131313131, 0.515151515152, 0.80906507, 1.00000000, 1.00000000, 1.00000000
0.313131313131, 0.525252525253, 0.80798788, 1.00000000, 1.00000000, 1.00000000
0.313131313131, 0.535353535354, 0.80768208, 1.00000000, 1.00000000, 1.00000000
0.313131313131, 0.545454545455, 0.80814885, 1.00000000, 1.00000000, 1.00000000
0.313131313131, 0.555555555556, 0.80938629, 1.00000000, 1.00000000, 1.00000000
0.313131313131, 0.565656565657, 0.81138944, 1.00000000, 1.00000000, 1.00000000
0.313131313131, 0.575757575758, 0.81415038, 1.00000000, 1.00000000, 1.00000000
0.313131313131, 0.585858585859, 0.81765815, 1.00000000, 1.00000000, 1.00000000
0.313131313131, 0.595959595960, 0.82189889, 1.00000000, 1.00000000, 1.00000000
0.313131313131, 0.606060606061, 0.82685581, 1.00000000, 1.00000000, 1.00000000
0.313131313131, 0.616161616162, 0.83250929, 1.00000000, 1.00000000, 1.00000000
0.313131313131, 0.626262626263, 0.83883692, 1.00000000, 1.00000000, 1.00000000
0.313131313131, 0.636363636364, 0.84581361, 1.00000000, 1.00000000, 1.00000000
0.313131313131, 0.646464646465, 0.85341167, 1.00000000, 1.00000000, 1.00000000
0.313131313131, 0.656565656566, 0.86160089, 1.00000000, 1.00000000, 1.00000000
0.313131313131, 0.666666666667, 0.87034869, 1.00000000, 1.00000000, 1.00000000
0.313131313131, 0.676767676768, 0.87962022, 1.00000000, 1.00000000, 1.00000000
0.313131313131, 0.686868686869, 0.88937849, 1.00000000, 1.00000000, 1.00000000
0.313131313131, 0.696969696970, 0.89958453, 1.00000000, 1.00000000, 1.00000000
0.313131313131, 0.707070707071, 0.91019754, 1.00000000, 1.00000000, 1.00000000
0.313131313131, 0.717171717172, 0.92117503, 1.00000000, 1.00000000, 1.00000000
0.313131313131, 0.727272727273, 0.93247301, 1.00000000, 1.00000000, 1.00000000
0.313131313131, 0.737373737374, 0.94404615, 1.00000000, 1.00000000, 1.00000000
0.313131313131, 0.747474747475, 0.95584798, 1.00000000, 1.00000000, 1.00000000
0.313131313131, 0.757575757576, 0.96783104, 1.00000000, 1.00000000, 1.00000000
0.313131313131, 0.767676767677, 0.97994713, 1.00000000, 1.00000000, 1.00000000
0.313131313131, 0.777777777778, 0.99214745, 1.00000000, 1.00000000, 1.00000000
0.313131313131, 0.787878787879, 1.00438281, 1.00000000, 1.00000000, 1.00000000
0.313131313131, 0.797979797980, 1.01660387, 1.00000000, 1.00000000, 1.00000000
0.313131313131, 0.808080808081, 1.02876129, 1.00000000, 1.00000000, 1.00000000
0.313131313131, 0.818181818182, 1.04080596, 1.00000000, 1.00000000, 1.00000000
0.313131313131, 0.828282828283, 1.05268919, 1.00000000, 1.00000000, 1.00000000
0.313131313131, 0.838383838384, 1.06436293, 1.00000000, 1.00000000, 1.00000000
0.313131313131, 0.848484848485, 1.07577994, 1.00000000, 1.00000000, 1.00000000
0.313131313131, 0.858585858586, 1.08689400, 1.00000000, 1.00000000, 1.00000000
0.313131313131, 0.868686868687, 1.09766010, 1.00000000, 1.00000000, 1.00000000
0.313131313131, 0.878787878788, 1.10803461, 1.00000000, 1.00000000, 1.00000000
0.313131313131, 0.888888888889, 1.11797549, 1.00000000, 1.00000000, 1.00000000
0.313131313131, 0.898989898990, 1.12744243, 1.00000000, 1.00000000, 1.00000000
0.313131313131, 0.909090909091, 1.13639705, 1.00000000, 1.00000000, 1.00000000
0.313131313131, 0.919191919192, 1.14480303, 1.00000000, 1.00000000, 1.00000000
0.313131313131, 0.929292929293, 1.15262628, 1.00000000, 1.00000000, 1.00000000
0.313131313131, 0.939393939394, 1.15983511, 1.00000000, 1.00000000, 1.00000000
0.313131313131, 0.949494949495, 1.16640047, 1.00000000, 1.00000000, 1.00000000
0.313131313131, 0.959595959596, 1.17229628, 1.00000000, 1.00000000, 1.00000000
0.323232323232, -0.000000000000, 1.19265961, 1.00000000, 1.00000000, 1.00000000
0.323232323232, 0.010101010101, 1.19353870, 1.00000000, 1.00000000, 1.00000000
0.323232323232, 0.020202020202, 1.19374016, 1.00000000, 1.00000000, 1.00000000
0.323232323232, 0.030303030303, 1.19328255, 1.00000000, 1.00000000, 1.00000000
0.323232323232, 0.040404040404, 1.19217308, 1.00000000, 1.00000000, 1.00000000
0.323232323232, 0.050505050505, 1.19040422, 1.00000000, 1.00000000, 1.00000000
0.323232323232, 0.060606060606, 1.18795656, 1.00000000, 1.00000000, 1.00000000
0.323232323232, 0.070707070707, 1.18480665, 1.00000000, 1.00000000, 1.00000000
0.323232323232, 0.080808080808, 1.18093629, 1.00000000, 1.00000000, 1.00000000
0.323232323232, 0.090909090909, 1.17633909, 1.00000000, 1.00000000, 1.00000000
0.323232323232, 0.101010101010, 1.17102225, 1.00000000, 1.00000000, 1.00000000
0.323232323232, 0.111111111111, 1.16500445, 1.00000000, 1.00000000, 1.00000000
0.323232323232, 0.121212121212, 1.15831197, 1.00000000, 1.00000000, 1.00000000
0.323232323232, 0.131313131313, 1.15097535, 1.00000000, 1.00000000, 1.00000000
0.323232323232, 0.141414141414, 1.14302734, 1.00000000, 1.00000000, 1.00000000
0.323232323232, 0.151515151515, 1.13450218, 1.00000000, 1.00000000, 1.00000000
0.323232323232, 0.161616161616, 1.12543553, 1.00000000, 1.00000000, 1.00000000
0.323232323232, 0.171717171717, 1.11586468, 1.00000000, 1.00000000, 1.00000000
0.323232323232, 0.181818181818, 1.10582865, 1.00000000, 1.00000000, 1.00000000
0.323232323232, 0.191919191919, 1.09536820, 1.00000000, 1.00000000, 1.00000000
0.323232323232, 0.202020202020, 1.08452573, 1.00000000, 1.00000000, 1.00000000
0.323232323232, 0.212121212121, 1.07334517, 1.00000000, 1.00000000, 1.00000000
0.323232323232, 0.222222222222, 1.06187179, 1.00000000, 1.00000000, 1.00000000
0.323232323232, 0.232323232323, 1.05015200, 1.00000000, 1.00000000, 1.00000000
0.323232323232, 0.242424242424, 1.03823321, 1.00000000, 1.00000000, 1.00000000
0.323232323232, 0.252525252525, 1.02616359, 1.00000000, 1.00000000, 1.00000000
0.323232323232, 0.262626262626, 1.01399189, 1.00000000, 1.00000000, 1.00000000
0.323232323232, 0.272727272727, 1.00176722, 1.00000000, 1.00000000, 1.00000000
0.323232323232, 0.282828282828, 0.98953890, 1.00000000, 1.00000000, 1.00000000
0.323232323232, 0.292929292929, 0.97735620, 1.00000000, 1.00000000, 1.00000000
0.323232323232, 0.303030303030, 0.96526816, 1.00000000, 1.00000000, 1.00000000
0.323232323232, 0.313131313131, 0.95332343, 1.00000000, 1.00000000, 1.00000000
0.323232323232, 0.323232323232, 0.94157000, 1.00000000, 1.00000000, 1.00000000
0.323232323232, 0.333333333333, 0.93005505, 1.00000000, 1.00000000, 1.00000000
0.323232323232, 0.343434343434, 0.91882479, 1.00000000, 1.00000000, 1.00000000
0.323232323232, 0.353535353535, 0.90792419, 1.00000000, 1.00000000, 1.00000000
0.323232323232, 0.363636363636, 0.89739689, 1.00000000, 1.00000000, 1.00000000
0.323232323232, 0.373737373737, 0.88728498, 1.00000000, 1.00000000, 1.00000000
0.323232323232, 0.383838383838, 0.87762884, 1.00000000, 1.00000000, 1.00000000
0.323232323232, 0.393939393939, 0.86846699, 1.00000000, 1.00000000, 1.00000000
0.323232323232, 0.404040404040, 0.85983595, 1.00000000, 1.00000000, 1.00000000
0.323232323232, 0.414141414141, 0.85177007, 1.00000000, 1.00000000, 1.00000000
0.323232323232, 0.424242424242, 0.84430144, 1.00000000, 1.00000000, 1.00000000
0.323232323232, 0.434343434343, 0.83745974, 1.00000000, 1.00000000, 1.00000000
0.323232323232, 0.444444444444, 0.83127214, 1.00000000, 1.00000000, 1.00000000
0.323232323232, 0.454545454545, 0.82576320, 1.00000000, 1.00000000, 1.00000000
0.323232323232, 0.464646464646, 0.82095478, 1.00000000, 1.00000000, 1.00000000
0.323232323232, 0.474747474747, 0.81686597, 1.00000000, 1.00000000, 1.00000000
0.323232323232, 0.484848484848, 0.81351302, 1.00000000, 1.00000000, 1.00000000
0.323232323232, 0.494949494949, 0.81090925, 1.00000000, 1.00000000, 1.00000000
0.323232323232, 0.505050505051, 0.80906507, 1.00000000, 1.00000000, 1.00000000
0.323232323232, 0.515151515152, 0.80798788, 1.00000000, 1.00000000, 1.00000000
0.323232323232, 0.525252525253, 0.80768208, 1.00000000, 1.00000000, 1.00000000
0.323232323232, 0.535353535354, 0.80814885, 1.00000000, 1.00000000, 1.00000000
0.323232323232, 0.545454545455, 0.80938629, 1.00000000, 1.00000000, 1.00000000
0.323232323232, 0.555555555556, 0.81138944, 1.00000000, 1.00000000, 1.00000000
0.323232323232, 0.565656565657, 0.81415038, 1.00000000, 1.00000000, 1.00000000
0.323232323232, 0.575757575758, 0.81765815, 1.00000000, 1.00000000, 1.00000000
0.323232323232, 0.585858585859, 0.82189889, 1.00000000, 1.00000000, 1.00000000
0.323232323232, 0.595959595960, 0.82685581, 1.00000000, 1.00000000, 1.00000000
0.323232323232, 0.606060606061, 0.83250929, 1.00000000, 1.00000000, 1.00000000
0.323232323232, 0.616161616162, 0.83883692, 1.00000000, 1.00000000, 1.00000000
0.323232323232, 0.626262626263, 0.84581361, 1.00000000, 1.00000000, 1.00000000
0.323232323232, 0.636363636364, 0.85341167, 1.00000000, 1.00000000, 1.00000000
0.323232323232, 0.646464646465, 0.86160089, 1.00000000, 1.00000000, 1.00000000
0.323232323232, 0.656565656566, 0.87034869, 1.00000000, 1.00000000, 1.00000000
0.323232323232, 0.666666666667, 0.87962022, 1.00000000, 1.00000000, 1.00000000
0.323232323232, 0.676767676768, 0.88937849, 1.00000000, 1.00000000, 1.00000000
0.323232323232, 0.686868686869, 0.89958453, 1.00000000, 1.00000000, 1.00000000
0.323232323232, 0.696969696970, 0.91019754, 1.00000000, 1.00000000, 1.00000000
0.323232323232, 0.707070707071, 0.92117503, 1.00000000, 1.00000000, 1.00000000
0.323232323232, 0.717171717172, 0.93247301, 1.00000000, 1.00000000, 1.00000000
0.323232323232, 0.727272727273, 0.94404615, 1.00000000, 1.00000000, 1.00000000
0.323232323232, 0.737373737374, 0.95584798, 1.00000000, 1.00000000, 1.00000000
0.323232323232, 0.747474747475, 0.96783104, 1.00000000, 1.00000000, 1.00000000
0.323232323232, 0.757575757576, 0.97994713, 1.00000000, 1.00000000, 1.00000000
0.323232323232, 0.767676767677, 0.99214745, 1.00000000, 1.00000000, 1.00000000
0.323232323232, 0.777777777778, 1.00438281, 1.00000000, 1.00000000, 1.00000000
0.323232323232, 0.787878787879, 1.01660387, 1.00000000, 1.00000000, 1.00000000
0.323232323232, 0.797979797980, 1.02876129, 1.00000000, 1.00000000, 1.00000000
0.323232323232, 0.808080808081, 1.04080596, 1.00000000, 1.00000000, 1.00000000
0.323232323232, 0.818181818182, 1.05268919, 1.00000000, 1.00000000, 1.00000000
0.323232323232, 0.828282828283, 1.06436293, 1.00000000, 1.00000000, 1.00000000
0.323232323232, 0.838383838384, 1.07577994, 1.00000000, 1.00000000, 1.00000000
0.323232323232, 0.848484848485, 1.08689400, 1.00000000, 1.00000000, 1.00000000
0.323232323232, 0.858585858586, 1.09766010, 1.00000000, 1.00000000, 1.00000000
0.323232323232, 0.868686868687, 1.10803461, 1.00000000, 1.00000000, 1.00000000
0.323232323232, 0.878787878788, 1.11797549, 1.00000000, 1.00000000, 1.00000000
0.323232323232, 0.888888888889, 1.12744243, 1.00000000, 1.00000000, 1.00000000
0.323232323232, 0.898989898990, 1.13639705, 1.00000000, 1.00000000, 1.00000000
0.323232323232, 0.909090909091, 1.14480302, 1.00000000, 1.00000000, 1.00000000
0.323232323232, 0.919191919192, 1.15262625, 1.00000000, 1.00000000, 1.00000000
0.323232323232, 0.929292929293, 1.15983500, 1.00000000, 1.00000000, 1.00000000
0.323232323232, 0.939393939394, 1.16640012, 1.00000000, 1.00000000, 1.00000000
0.323232323232, 0.949494949495, 1.17229524, 1.00000000, 1.00000000, 1.00000000
0.323232323232, 0.959595959596, 1.17749724, 1.00000000, 1.00000000, 1.00000000
0.333333333333, -0.000000000000, 1.19341273, 1.00000000, 1.00000000, 1.00000000
0.333333333333, 0.010101010101, 1.19355816, 1.00000000, 1.00000000, 1.00000000
0.333333333333, 0.020202020202, 1.19304540, 1.00000000, 1.00000000, 1.00000000
0.333333333333, 0.030303030303, 1.19189437, 1.00000000, 1.00000000, 1.00000000
0.333333333333, 0.040404040404, 1.19010876, 1.00000000, 1.00000000, 1.00000000
0.333333333333, 0.050505050505, 1.18767398, 1.00000000, 1.00000000, 1.00000000
0.333333333333, 0.060606060606, 1.18456277, 1.00000000, 1.00000000, 1.00000000
0.333333333333, 0.070707070707, 1.18074632, 1.00000000, 1.00000000, 1.00000000
0.333333333333, 0.080808080808, 1.17620548, 1.00000000, 1.00000000, 1.00000000
0.333333333333, 0.090909090909, 1.17093740, 1.00000000, 1.00000000, 1.00000000
0.333333333333, 0.101010101010, 1.16495578, 1.00000000, 1.00000000, 1.00000000
0.333333333333, 0.111111111111, 1.15828676, 1.00000000, 1.00000000, 1.00000000
0.333333333333, 0.121212121212, 1.15096356, 1.00000000, 1.00000000, 1.00000000
0.333333333333, 0.131313131313, 1.14302236, 1.00000000, 1.00000000, 1.00000000
0.333333333333, 0.141414141414, 1.13450028, 1.00000000, 1.00000000, 1.00000000
0.333333333333, 0.151515151515, 1.12543488, 1.00000000, 1.00000000, 1.00000000
0.333333333333, 0.161616161616, 1.11586448, 1.00000000, 1.00000000, 1.00000000
0.333333333333, 0.171717171717, 1.10582860, 1.00000000, 1.00000000, 1.00000000
0.333333333333, 0.181818181818, 1.09536819, 1.00000000, 1.00000000, 1.00000000
0.333333333333, 0.191919191919, 1.08452573, 1.00000000, 1.00000000, 1.00000000
0.333333333333, 0.202020202020, 1.07334517, 1.00000000, 1.00000000, 1.00000000
0.333333333333, 0.212121212121, 1.06187179, 1.00000000, 1.00000000, 1.00000000
0.333333333333, 0.222222222222, 1.05015200, 1.00000000, 1.00000000, 1.00000000
0.333333333333, 0.232323232323, 1.03823321, 1.00000000, 1.00000000, 1.00000000
0.333333333333, 0.242424242424, 1.02616359, 1.00000000, 1.00000000, 1.00000000
0.333333333333, 0.252525252525, 1.01399189, 1.00000000, 1.00000000, 1.00000000
0.333333333333, 0.262626262626, 1.00176722, 1.00000000, 1.00000000, 1.00000000
0.333333333333, 0.272727272727, 0.98953890, 1.00000000, 1.00000000, 1.00000000
0.333333333333, 0.282828282828, 0.97735620, 1.00000000, 1.00000000, 1.00000000
0.333333333333, 0.292929292929, 0.96526816, 1.00000000, 1.00000000, 1.00000000
0.333333333333, 0.303030303030, 0.95332343, 1.00000000, 1.00000000, 1.00000000
0.333333333333, 0.313131313131, 0.94157000, 1.00000000, 1.00000000, 1.00000000
0.333333333333, 0.323232323232, 0.93005505, 1.00000000, 1.00000000, 1.00000000
0.333333333333, 0.333333333333, 0.91882479, 1.00000000, 1.00000000, 1.00000000
0.333333333333, 0.343434343434, 0.90792419, 1.00000000, 1.00000000, 1.00000000
0.333333333333, 0.353535353535, 0.89739689, 1.00000000, 1.00000000, 1.00000000
0.333333333333, 0.363636363636, 0.88728498, 1.00000000, 1.00000000, 1.00000000
0.333333333333, 0.373737373737, 0.87762884, 1.00000000, 1.00000000, 1.00000000
0.333333333333, 0.383838383838, 0.86846699, 1.00000000, 1.00000000, 1.00000000
0.333333333333, 0.393939393939, 0.85983595, 1.00000000, 1.00000000, 1.00000000
0.333333333333, 0.404040404040, 0.85177007, 1.00000000, 1.00000000, 1.00000000
0.333333333333, 0.414141414141, 0.84430144, 1.00000000, 1.00000000, 1.00000000
0.333333333333, 0.424242424242, 0.83745974, 1.00000000, 1.00000000, 1.00000000
0.333333333333, 0.434343434343, 0.83127214, 1.00000000, 1.00000000, 1.00000000
0.333333333333, 0.444444444444, 0.82576320, 1.00000000, 1.00000000, 1.00000000
0.333333333333, 0.454545454545, 0.82095478, 1.00000000, 1.00000000, 1.00000000
0.333333333333, 0.464646464646, 0.81686597, 1.00000000, 1.00000000, 1.00000000
0.333333333333, 0.474747474747, 0.81351302, 1.00000000, 1.00000000, 1.00000000
0.333333333333, 0.484848484848, 0.81090925, 1.00000000, 1.00000000, 1.00000000
0.333333333333, 0.494949494949, 0.80906507, 1.00000000, 1.00000000, 1.00000000
0.333333333333, 0.505050505051, 0.80798788, 1.00000000, 1.00000000, 1.00000000
0.333333333333, 0.515151515152, 0.80768208, 1.00000000, 1.00000000, 1.00000000
0.333333333333, 0.525252525253, 0.80814885, 1.00000000, 1.00000000, 1.00000000
0.333333333333, 0.535353535354, 0.80938629, 1.00000000, 1.00000000, 1.00000000
0.333333333333, 0.545454545455, 0.81138944, 1.00000000, 1.00000000, 1.00000000
0.333333333333, 0.555555555556, 0.81415038, 1.00000000, 1.00000000, 1.00000000
0.333333333333, 0.565656565657, 0.81765815, 1.00000000, 1.00000000, 1.00000000
0.333333333333, 0.575757575758, 0.82189889, 1.00000000, 1.00000000, 1.00000000
0.333333333333, 0.585858585859, 0.82685581, 1.00000000, 1.00000000, 1.00000000
0.333333333333, 0.595959595960, 0.83250929, 1.00000000, 1.00000000, 1.00000000
0.333333333333, 0.606060606061, 0.83883692, 1.00000000, 1.00000000, 1.00000000
0.333333333333, 0.616161616162, 0.84581361, 1.00000000, 1.00000000, 1.00000000
0.333333333333, 0.626262626263, 0.85341167, 1.00000000, 1.00000000, 1.00000000
0.333333333333, 0.636363636364, 0.86160089, 1.00000000, 1.00000000, 1.00000000
0.333333333333, 0.646464646465, 0.87034869, 1.00000000, 1.00000000, 1.00000000
0.333333333333, 0.656565656566, 0.87962022, 1.00000000, 1.00000000, 1.00000000
0.333333333333, 0.666666666667, 0.88937849, 1.00000000, 1.00000000, 1.00000000
0.333333333333, 0.676767676768, 0.89958453, 1.00000000, 1.00000000, 1.00000000
0.333333333333, 0.686868686869, 0.91019754, 1.00000000, 1.00000000, 1.00000000
0.333333333333, 0.696969696970, 0.92117503, 1.00000000, 1.00000000, 1.00000000
0.333333333333, 0.707070707071, 0.93247301, 1.00000000, 1.00000000, 1.00000000
0.333333333333, 0.717171717172, 0.94404615, 1.00000000, 1.00000000, 1.00000000
0.333333333333, 0.727272727273, 0.95584798, 1.00000000, 1.00000000, 1.00000000
0.333333333333, 0.737373737374, 0.96783104, 1.00000000, 1.00000000, 1.00000000
0.333333333333, 0.747474747475, 0.97994713, 1.00000000, 1.00000000, 1.00000000
0.333333333333, 0.757575757576, 0.99214745, 1.00000000, 1.00000000, 1.00000000
0.333333333333, 0.767676767677, 1.00438281, 1.00000000, 1.00000000, 1.00000000
0.333333333333, 0.777777777778, 1.01660387, 1.00000000, 1.00000000, 1.00000000
0.333333333333, 0.787878787879, 1.02876129, 1.00000000, 1.00000000, 1.00000000
0.333333333333, 0.797979797980, 1.04080596, 1.00000000, 1.00000000, 1.00000000
0.333333333333, 0.808080808081, 1.05268919, 1.00000000, 1.00000000, 1.00000000
0.333333333333, 0.818181818182, 1.06436293, 1.00000000, 1.00000000, 1.00000000
0.333333333333, 0.828282828283, 1.07577994, 1.00000000, 1.00000000, 1.00000000
0.333333333333, 0.838383838384, 1.08689400, 1.00000000, 1.00000000, 1.00000000
0.333333333333, 0.848484848485, 1.09766010, 1.00000000, 1.00000000, 1.00000000
0.333333333333, 0.858585858586, 1.10803461, 1.00000000, 1.00000000, 1.00000000
0.333333333333, 0.868686868687, 1.11797549, 1.00000000, 1.00000000, 1.00000000
0.333333333333, 0.878787878788, 1.12744243, 1.00000000, 1.00000000, 1.00000000
0.333333333333, 0.888888888889, 1.13639705, 1.00000000, 1.00000000, 1.00000000
0.333333333333, 0.898989898990, 1.14480302, 1.00000000, 1.00000000, 1.00000000
0.333333333333, 0.909090909091, 1.15262623, 1.00000000, 1.00000000, 1.00000000
0.333333333333, 0.919191919192, 1.15983495, 1.00000000, 1.00000000, 1.00000000
0.333333333333, 0.929292929293, 1.16639996, 1.00000000, 1.00000000, 1.00000000
0.333333333333, 0.939393939394, 1.17229471, 1.00000000, 1.00000000, 1.00000000
0.333333333333, 0.949494949495, 1.17749566, 1.00000000, 1.00000000, 1.00000000
0.333333333333, 0.959595959596, 1.18198272, 1.00000000, 1.00000000, 1.00000000
0.343434343434, -0.000000000000, 1.19338570, 1.00000000, 1.00000000, 1.00000000
0.343434343434, 0.010101010101, 1.19279697, 1.00000000, 1.00000000, 1.00000000
0.343434343434, 0.020202020202, 1.19157216, 1.00000000, 1.00000000, 1.00000000
0.343434343434, 0.030303030303, 1.18973239, 1.00000000, 1.00000000, 1.00000000
0.343434343434, 0.040404040404, 1.18727787, 1.00000000, 1.00000000, 1.00000000
0.343434343434, 0.050505050505, 1.18418697, 1.00000000, 1.00000000, 1.00000000
0.343434343434, 0.060606060606, 1.18042477, 1.00000000, 1.00000000, 1.00000000
0.343434343434, 0.070707070707, 1.17595723, 1.00000000, 1.00000000, 1.00000000
0.343434343434, 0.080808080808, 1.17076438, 1.00000000, 1.00000000, 1.00000000
0.343434343434, 0.090909090909, 1.16484687, 1.00000000, 1.00000000, 1.00000000
0.343434343434, 0.101010101010, 1.15822483, 1.00000000, 1.00000000, 1.00000000
0.343434343434, 0.111111111111, 1.15093175, 1.00000000, 1.00000000, 1.00000000
0.343434343434, 0.121212121212, 1.14300760, 1.00000000, 1.00000000, 1.00000000
0.343434343434, 0.131313131313, 1.13449410, 1.00000000, 1.00000000, 1.00000000
0.343434343434, 0.141414141414, 1.12543254, 1.00000000, 1.00000000, 1.00000000
0.343434343434, 0.151515151515, 1.11586369, 1.00000000, 1.00000000, 1.00000000
0.343434343434, 0.161616161616, 1.10582835, 1.00000000, 1.00000000, 1.00000000
0.343434343434, 0.171717171717, 1.09536812, 1.00000000, 1.00000000, 1.00000000
0.343434343434, 0.181818181818, 1.08452571, 1.00000000, 1.00000000, 1.00000000
0.343434343434, 0.191919191919, 1.07334517, 1.00000000, 1.00000000, 1.00000000
0.343434343434, 0.202020202020, 1.06187178, 1.00000000, 1.00000000, 1.00000000
0.343434343434, 0.212121212121, 1.05015200, 1.00000000, 1.00000000, 1.00000000
0.343434343434, 0.222222222222, 1.03823321, 1.00000000, 1.00000000, 1.00000000
0.343434343434, 0.232323232323, 1.02616359, 1.00000000, 1.00000000, 1.00000000
0.343434343434, 0.242424242424, 1.01399189, 1.00000000, 1.00000000, 1.00000000
0.343434343434, 0.252525252525, 1.00176722, 1.00000000, 1.00000000, 1.00000000
0.343434343434, 0.262626262626, 0.98953890, 1.00000000, 1.00000000, 1.00000000
0.343434343434, 0.272727272727, 0.97735620, 1.00000000, 1.00000000, 1.00000000
0.343434343434, 0.282828282828, 0.96526816, 1.00000000, 1.00000000, 1.00000000
0.343434343434, 0.292929292929, 0.95332343, 1.00000000, 1.00000000, 1.00000000
0.343434343434, 0.303030303030, 0.94157000, 1.00000000, 1.00000000, 1.00000000
0.343434343434, 0.313131313131, 0.93005505, 1.00000000, 1.00000000, 1.00000000
0.343434343434, 0.323232323232, 0.91882479, 1.00000000, 1.00000000, 1.00000000
0.343434343434, 0.333333333333, 0.90792419, 1.00000000, 1.00000000, 1.00000000
0.343434343434, 0.343434343434, 0.89739689, 1.00000000, 1.00000000, 1.00000000
0.343434343434, 0.353535353535, 0.88728498, 1.00000000, 1.00000000, 1.00000000
0.343434343434, 0.363636363636, 0.87762884, 1.00000000, 1.00000000, 1.00000000
0.343434343434, 0.373737373737, 0.86846699, 1.00000000, 1.00000000, 1.00000000
0.343434343434, 0.383838383838, 0.85983595, 1.00000000, 1.00000000, 1.00000000
0.343434343434, 0.393939393939, 0.85177007, 1.00000000, 1.00000000, 1.00000000
0.343434343434, 0.404040404040, 0.84430144, 1.00000000, 1.00000000, 1.00000000
0.343434343434, 0.414141414141, 0.83745974, 1.00000000, 1.00000000, 1.00000000
0.343434343434, 0.424242424242, 0.83127214, 1.00000000, 1.00000000, 1.00000000
0.343434343434, 0.434343434343, 0.82576320, 1.00000000, 1.00000000, 1.00000000
0.343434343434, 0.444444444444, 0.82095478, 1.00000000, 1.00000000, 1.00000000
0.343434343434, 0.454545454545, 0.81686597, 1.00000000, 1.00000000, 1.00000000
0.343434343434, 0.464646464646, 0.81351302, 1.00000000, 1.00000000, 1.00000000
0.343434343434, 0.474747474747, 0.81090925, 1.00000000, 1.00000000, 1.00000000
0.343434343434, 0.484848484848, 0.80906507, 1.00000000, 1.00000000, 1.00000000
0.343434343434, 0.494949494949, 0.80798788, 1.00000000, 1.00000000, 1.00000000
0.343434343434, 0.505050505051, 0.80768208, 1.00000000, 1.00000000, 1.00000000
0.343434343434, 0.515151515152, 0.80814885, 1.00000000, 1.00000000, 1.00000000
0.343434343434, 0.525252525253, 0.80938629, 1.00000000, 1.00000000, 1.00000000
0.343434343434, 0.535353535354, 0.81138944, 1.00000000, 1.00000000, 1.00000000
0.343434343434, 0.545454545455, 0.81415038, 1.00000000, 1.00000000, 1.00000000
0.343434343434, 0.555555555556, 0.81765815, 1.00000000, 1.00000000, 1.00000000
0.343434343434, 0.565656565657, 0.82189889, 1.00000000, 1.00000000, 1.00000000
0.343434343434, 0.575757575758, 0.82685581, 1.00000000, 1.00000000, 1.00000000
0.343434343434, 0.585858585859, 0.83250929, 1.00000000, 1.00000000, 1.00000000
0.343434343434, 0.595959595960, 0.83883692, 1.00000000, 1.00000000, 1.00000000
0.343434343434, 0.606060606061, 0.84581361, 1.00000000, 1.00000000, 1.00000000
0.343434343434, 0.616161616162, 0.85341167, 1.00000000, 1.00000000, 1.00000000
0.343434343434, 0.626262626263, 0.86160089, 1.00000000, 1.00000000, 1.00000000
0.343434343434, 0.636363636364, 0.87034869, 1.00000000, 1.00000000, 1.00000000
0.343434343434, 0.646464646465, 0.87962022, 1.00000000, 1.00000000, 1.00000000
0.343434343434, 0.656565656566, 0.88937849, 1.00000000, 1.00000000, 1.00000000
0.343434343434, 0.666666666667, 0.89958453, 1.00000000, 1.00000000, 1.00000000
0.343434343434, 0.676767676768, 0.91019754, 1.00000000, 1.00000000, 1.00000000
0.343434343434, 0.686868686869, 0.92117503, 1.00000000, 1.00000000, 1.00000000
0.343434343434, 0.696969696970, 0.93247301, 1.00000000, 1.00000000, 1.00000000
0.343434343434, 0.707070707071, 0.94404615, 1.00000000, 1.00000000, 1.00000000
0.343434343434, 0.717171717172, 0.95584798, 1.00000000, 1.00000000, 1.00000000
0.343434343434, 0.727272727273, 0.96783104, 1.00000000, 1.00000000, 1.00000000
0.343434343434, 0.737373737374, 0.97994713, 1.00000000, 1.00000000, 1.00000000
0.343434343434, 0.747474747475, 0.99214745, 1.00000000, 1.00000000, 1.00000000
0.343434343434, 0.757575757576, 1.00438281, 1.00000000, 1.00000000, 1.00000000
0.343434343434, 0.767676767677, 1.01660387, 1.00000000, 1.00000000, 1.00000000
0.343434343434, 0.777777777778, 1.02876129, 1.00000000, 1.00000000, 1.00000000
0.343434343434, 0.787878787879, 1.04080596, 1.00000000, 1.00000000, 1.00000000
0.343434343434, 0.797979797980, 1.05268919, 1.00000000, 1.00000000, 1.00000000
0.343434343434, 0.808080808081, 1.06436293, 1.00000000, 1.00000000, 1.00000000
0.343434343434, 0.818181818182, 1.07577994, 1.00000000, 1.00000000, 1.00000000
0.343434343434, 0.828282828283, 1.08689400, 1.00000000, 1.00000000, 1.00000000
0.343434343434, 0.838383838384, 1.09766010, 1.00000000, 1.00000000, 1.00000000
0.343434343434, 0.848484848485, 1.10803461, 1.00000000, 1.00000000, 1.00000000
0.343434343434, 0.858585858586, 1.11797549, 1.00000000, 1.00000000, 1.00000000
0.343434343434, 0.868686868687, 1.12744243, 1.00000000, 1.00000000, 1.00000000
0.343434343434, 0.878787878788, 1.13639705, 1.00000000, 1.00000000, 1.00000000
0.343434343434, 0.888888888889, 1.14480302, 1.00000000, 1.00000000, 1.00000000
0.343434343434, 0.898989898990, 1.15262623, 1.00000000, 1.00000000, 1.00000000
0.343434343434, 0.909090909091, 1.15983494, 1.00000000, 1.00000000, 1.00000000
0.343434343434, 0.919191919192, 1.16639990, 1.00000000, 1.00000000, 1.00000000
0.343434343434, 0.929292929293, 1.17229450, 1.00000000, 1.00000000, 1.00000000
0.343434343434, 0.939393939394, 1.17749495, 1.00000000, 1.00000000, 1.00000000
0.343434343434, 0.949494949495, 1.18198059, 1.00000000, 1.00000000, 1.00000000
0.343434343434, 0.959595959596, 1.18573448, 1.00000000, 1.00000000, 1.00000000
0.353535353535, -0.000000000000, 1.19257874, 1.00000000, 1.00000000, 1.00000000
0.353535353535, 0.010101010101, 1.19125837, 1.00000000, 1.00000000, 1.00000000
0.353535353535, 0.020202020202, 1.18932654, 1.00000000, 1.00000000, 1.00000000
0.353535353535, 0.030303030303, 1.18680548, 1.00000000, 1.00000000, 1.00000000
0.353535353535, 0.040404040404, 1.18369192, 1.00000000, 1.00000000, 1.00000000
0.353535353535, 0.050505050505, 1.17995735, 1.00000000, 1.00000000, 1.00000000
0.353535353535, 0.060606060606, 1.17555935, 1.00000000, 1.00000000, 1.00000000
0.353535353535, 0.070707070707, 1.17045883, 1.00000000, 1.00000000, 1.00000000
0.353535353535, 0.080808080808, 1.16463505, 1.00000000, 1.00000000, 1.00000000
0.353535353535, 0.090909090909, 1.15809222, 1.00000000, 1.00000000, 1.00000000
0.353535353535, 0.101010101010, 1.15085673, 1.00000000, 1.00000000, 1.00000000
0.353535353535, 0.111111111111, 1.14296925, 1.00000000, 1.00000000, 1.00000000
0.353535353535, 0.121212121212, 1.13447638, 1.00000000, 1.00000000, 1.00000000
0.353535353535, 0.131313131313, 1.12542515, 1.00000000, 1.00000000, 1.00000000
0.353535353535, 0.141414141414, 1.11586090, 1.00000000, 1.00000000, 1.00000000
0.353535353535, 0.151515151515, 1.10582741, 1.00000000, 1.00000000, 1.00000000
0.353535353535, 0.161616161616, 1.09536783, 1.00000000, 1.00000000, 1.00000000
0.353535353535, 0.171717171717, 1.08452563, 1.00000000, 1.00000000, 1.00000000
0.353535353535, 0.181818181818, 1.07334515, 1.00000000, 1.00000000, 1.00000000
0.353535353535, 0.191919191919, 1.06187178, 1.00000000, 1.00000000, 1.00000000
0.353535353535, 0.202020202020, 1.05015200, 1.00000000, 1.00000000, 1.00000000
0.353535353535, 0.212121212121, 1.03823321, 1.00000000, 1.00000000, 1.00000000
0.353535353535, 0.222222222222, 1.02616359, 1.00000000, 1.00000000, 1.00000000
0.353535353535, 0.232323232323, 1.01399189, 1.00000000, 1.00000000, 1.00000000
0.353535353535, 0.242424242424, 1.00176722, 1.00000000, 1.00000000, 1.00000000
0.353535353535, 0.252525252525, 0.98953890, 1.00000000, 1.00000000, 1.00000000
0.353535353535, 0.262626262626, 0.97735620, 1.00000000, 1.00000000, 1.00000000
0.353535353535, 0.272727272727, 0.96526816, 1.00000000, 1.00000000, 1.00000000
0.353535353535, 0.282828282828, 0.95332343, 1.00000000, 1.00000000, 1.00000000
0.353535353535, 0.292929292929, 0.94157000, 1.00000000, 1.00000000, 1.00000000
0.353535353535, 0.303030303030, 0.93005505, 1.00000000, 1.00000000, 1.00000000
0.353535353535, 0.313131313131, 0.91882479, 1.00000000, 1.00000000, 1.00000000
0.353535353535, 0.323232323232, 0.90792419, 1.00000000, 1.00000000, 1.00000000
0.353535353535, 0.333333333333, 0.89739689, 1.00000000, 1.00000000, 1.00000000
0.353535353535, 0.343434343434, 0.88728498, 1.00000000, 1.00000000, 1.00000000
0.353535353535, 0.353535353535, 0.87762884, 1.00000000, 1.00000000, 1.00000000
0.353535353535, 0.363636363636, 0.86846699, 1.00000000, 1.00000000, 1.00000000
0.353535353535, 0.373737373737, 0.85983595, 1.00000000, 1.00000000, 1.00000000
0.353535353535, 0.383838383838, 0.85177007, 1.00000000, 1.00000000, 1.00000000
0.353535353535, 0.393939393939, 0.84430144, 1.00000000, 1.00000000, 1.00000000
0.353535353535, 0.404040404040, 0.83745974, 1.00000000, 1.00000000, 1.00000000
0.353535353535, 0.414141414141, 0.83127214, 1.00000000, 1.00000000, 1.00000000
0.353535353535, 0.424242424242, 0.82576320, 1.00000000, 1.00000000, 1.00000000
0.353535353535, 0.434343434343, 0.82095478, 1.00000000, 1.00000000, 1.00000000
0.353535353535, 0.444444444444, 0.81686597, 1.00000000, 1.00000000, 1.00000000
0.353535353535, 0.454545454545, 0.81351302, 1.00000000, 1.00000000, 1.00000000
0.353535353535, 0.464646464646, 0.81090925, 1.00000000, 1.00000000, 1.00000000
0.353535353535, 0.474747474747, 0.80906507, 1.00000000, 1.00000000, 1.00000000
0.353535353535, 0.484848484848, 0.80798788, 1.00000000, 1.00000000, 1.00000000
0.353535353535, 0.494949494949, 0.80768208, 1.00000000, 1.00000000, 1.00000000
0.353535353535, 0.505050505051, 0.80814885, 1.00000000, 1.00000000, 1.00000000
0.353535353535, 0.515151515152, 0.80938629, 1.00000000, 1.00000000, 1.00000000
0.353535353535, 0.525252525253, 0.81138944, 1.00000000, 1.00000000, 1.00000000
0.353535353535, 0.535353535354, 0.81415038, 1.00000000, 1.00000000, 1.00000000
0.353535353535, 0.545454545455, 0.81765815, 1.00000000, 1.00000000, 1.00000000
0.353535353535, 0.555555555556, 0.82189889, 1.00000000, 1.00000000, 1.00000000
0.353535353535, 0.565656565657, 0.82685581, 1.00000000, 1.00000000, 1.00000000
0.353535353535, 0.575757575758, 0.83250929, 1.00000000, 1.00000000, 1.00000000
0.353535353535, 0.585858585859, 0.83883692, 1.00000000, 1.00000000, 1.00000000
0.353535353535, 0.595959595960, 0.84581361, 1.00000000, 1.00000000, 1.00000000
0.353535353535, 0.606060606061, 0.85341167, 1.00000000, 1.00000000, 1.00000000
0.353535353535, 0.616161616162, 0.86160089, 1.00000000, 1.00000000, 1.00000000
0.353535353535, 0.626262626263, 0.87034869, 1.00000000, 1.00000000, 1.00000000
0.353535353535, 0.636363636364, 0.87962022, 1.00000000, 1.00000000, 1.00000000
0.353535353535, 0.646464646465, 0.88937849, 1.00000000, 1.00000000, 1.00000000
0.353535353535, 0.656565656566, 0.89958453, 1.00000000, 1.00000000, 1.00000000
0.353535353535, 0.666666666667, 0.91019754, 1.00000000, 1.00000000, 1.00000000
0.353535353535, 0.676767676768, 0.92117503, 1.00000000, 1.00000000, 1.00000000
0.353535353535, 0.686868686869, 0.93247301, 1.00000000, 1.00000000, 1.00000000
0.353535353535, 0.696969696970, 0.94404615, 1.00000000, 1.00000000, 1.00000000
0.353535353535, 0.707070707071, 0.95584798, 1.00000000, 1.00000000, 1.00000000
0.353535353535, 0.717171717172, 0.96783104, 1.00000000, 1.00000000, 1.00000000
0.353535353535, 0.727272727273, 0.97994713, 1.00000000, 1.00000000, 1.00000000
0.353535353535, 0.737373737374, 0.99214745, 1.00000000, 1.00000000, 1.00000000
0.353535353535, 0.747474747475, 1.00438281, 1.00000000, 1.00000000, 1.00000000
0.353535353535, 0.757575757576, 1.01660387, 1.00000000, 1.00000000, 1.00000000
0.353535353535, 0.767676767677, 1.02876129, 1.00000000, 1.00000000, 1.00000000
0.353535353535, 0.777777777778, 1.04080596, 1.00000000, 1.00000000, 1.00000000
0.353535353535, 0.787878787879, 1.05268919, 1.00000000, 1.00000000, 1.00000000
0.353535353535, 0.797979797980, 1.06436293, 1.00000000, 1.00000000, 1.00000000
0.353535353535, 0.808080808081, 1.07577994, 1.00000000, 1.00000000, 1.00000000
0.353535353535, 0.818181818182, 1.08689400, 1.00000000, 1.00000000, 1.00000000
0.353535353535, 0.828282828283, 1.09766010, 1.00000000, 1.00000000, 1.00000000
0.353535353535, 0.838383838384, 1.10803461, 1.00000000, 1.00000000, 1.00000000
0.353535353535, 0.848484848485, 1.11797549, 1.00000000, 1.00000000, 1.00000000
0.353535353535, 0.858585858586, 1.12744243, 1.00000000, 1.00000000, 1.00000000
0.353535353535, 0.868686868687, 1.13639705, 1.00000000, 1.00000000, 1.00000000
0.353535353535, 0.878787878788, 1.14480302, 1.00000000, 1.00000000, 1.00000000
0.353535353535, 0.888888888889, 1.15262623, 1.00000000, 1.00000000, 1.00000000
0.353535353535, 0.898989898990, 1.15983494, 1.00000000, 1.00000000, 1.00000000
0.353535353535, 0.909090909091, 1.16639988, 1.00000000, 1.00000000, 1.00000000
0.353535353535, 0.919191919192, 1.17229442, 1.00000000, 1.00000000, 1.00000000
0.353535353535, 0.929292929293, 1.17749468, 1.00000000, 1.00000000, 1.00000000
0.353535353535, 0.939393939394, 1.18197970, 1.00000000, 1.00000000, 1.00000000
0.353535353535, 0.949494949495, 1.18573182, 1.00000000, 1.00000000, 1.00000000
0.353535353535, 0.959595959596, 1.18873728, 1.00000000, 1.00000000, 1.00000000
0.363636363636, -0.000000000000, 1.19099524, 1.00000000, 1.00000000, 1.00000000
0.363636363636, 0.010101010101, 1.18894869, 1.00000000, 1.00000000, 1.00000000
0.363636363636, 0.020202020202, 1.18631772, 1.00000000, 1.00000000, 1.00000000
0.363636363636, 0.030303030303, 1.18312558, 1.00000000, 1.00000000, 1.00000000
0.363636363636, 0.040404040404, 1.17936552, 1.00000000, 1.00000000, 1.00000000
0.363636363636, 0.050505050505, 1.17500231, 1.00000000, 1.00000000, 1.00000000
0.363636363636, 0.060606060606, 1.16998624, 1.00000000, 1.00000000, 1.00000000
0.363636363636, 0.070707070707, 1.16427339, 1.00000000, 1.00000000, 1.00000000
0.363636363636, 0.080808080808, 1.15784237, 1.00000000, 1.00000000, 1.00000000
0.363636363636, 0.090909090909, 1.15070083, 1.00000000, 1.00000000, 1.00000000
0.363636363636, 0.101010101010, 1.14288136, 1.00000000, 1.00000000, 1.00000000
0.363636363636, 0.111111111111, 1.13443159, 1.00000000, 1.00000000, 1.00000000
0.363636363636, 0.121212121212, 1.12540452, 1.00000000, 1.00000000, 1.00000000
0.363636363636, 0.131313131313, 1.11585232, 1.00000000, 1.00000000, 1.00000000
0.363636363636, 0.141414141414, 1.10582418, 1.00000000, 1.00000000, 1.00000000
0.363636363636, 0.151515151515, 1.09536674, 1.00000000, 1.00000000, 1.00000000
0.363636363636, 0.161616161616, 1.08452530, 1.00000000, 1.00000000, 1.00000000
0.363636363636, 0.171717171717, 1.07334506, 1.00000000, 1.00000000, 1.00000000
0.363636363636, 0.181818181818, 1.06187176, 1.00000000, 1.00000000, 1.00000000
0.363636363636, 0.191919191919, 1.05015200, 1.00000000, 1.00000000, 1.00000000
0.363636363636, 0.202020202020, 1.03823321, 1.00000000, 1.00000000, 1.00000000
0.363636363636, 0.212121212121, 1.02616359, 1.00000000, 1.00000000, 1.00000000
0.363636363636, 0.222222222222, 1.01399189, 1.00000000, 1.00000000, 1.00000000
0.363636363636, 0.232323232323, 1.00176722, 1.00000000, 1.00000000, 1.00000000
0.363636363636, 0.242424242424, 0.98953890, 1.00000000, 1.00000000, 1.00000000
0.363636363636, 0.252525252525, 0.97735620, 1.00000000, 1.00000000, 1.00000000
0.363636363636, 0.262626262626, 0.96526816, 1.00000000, 1.00000000, 1.00000000
0.363636363636, 0.272727272727, 0.95332343, 1.00000000, 1.00000000, 1.00000000
0.363636363636, 0.282828282828, 0.94157000, 1.00000000, 1.00000000, 1.00000000
0.363636363636, 0.292929292929, 0.93005505, 1.00000000, 1.00000000, 1.00000000
0.363636363636, 0.303030303030, 0.91882479, 1.00000000, 1.00000000, 1.00000000
0.363636363636, 0.313131313131, 0.90792419, 1.00000000, 1.00000000, 1.00000000
0.363636363636, 0.323232323232, 0.89739689, 1.00000000, 1.00000000, 1.00000000
0.363636363636, 0.333333333333, 0.88728498, 1.00000000, 1.00000000, 1.00000000
0.363636363636, 0.343434343434, 0.87762884, 1.00000000, 1.00000000, 1.00000000
0.363636363636, 0.353535353535, 0.86846699, 1.00000000, 1.00000000, 1.00000000
0.363636363636, 0.363636363636, 0.85983595, 1.00000000, 1.00000000, 1.00000000
0.363636363636, 0.373737373737, 0.85177007, 1.00000000, 1.00000000, 1.00000000
0.363636363636, 0.383838383838, 0.84430144, 1.00000000, 1.00000000, 1.00000000
0.363636363636, 0.393939393939, 0.83745974, 1.00000000, 1.00000000, 1.00000000
0.363636363636, 0.404040404040, 0.83127214, 1.00000000, 1.00000000, 1.00000000
0.363636363636, 0.414141414141, 0.82576320, 1.00000000, 1.00000000, 1.00000000
0.363636363636, 0.424242424242, 0.82095478, 1.00000000, 1.00000000, 1.00000000
0.363636363636, 0.434343434343, 0.81686597, 1.00000000, 1.00000000, 1.00000000
0.363636363636, 0.444444444444, 0.81351302, 1.00000000, 1.00000000, 1.00000000
0.363636363636, 0.454545454545, 0.81090925, 1.00000000, 1.00000000, 1.00000000
0.363636363636, 0.464646464646, 0.80906507, 1.00000000, 1.00000000, 1.00000000
0.363636363636, 0.474747474747, 0.80798788, 1.00000000, 1.00000000, 1.00000000
0.363636363636, 0.484848484848, 0.80768208, 1.00000000, 1.00000000, 1.00000000
0.363636363636, 0.494949494949, 0.80814885, 1.00000000, 1.00000000, 1.00000000
0.363636363636, 0.505050505051, 0.80938629, 1.00000000, 1.00000000, 1.00000000
0.363636363636, 0.515151515152, 0.81138944, 1.00000000, 1.00000000, 1.00000000
0.363636363636, 0.525252525253, 0.81415038, 1.00000000, 1.00000000, 1.00000000
0.363636363636, 0.535353535354, 0.81765815, 1.00000000, 1.00000000, 1.00000000
0.363636363636, 0.545454545455, 0.82189889, 1.00000000, 1.00000000, 1.00000000
0.363636363636, 0.555555555556, 0.82685581, 1.00000000, 1.00000000, 1.00000000
0.363636363636, 0.565656565657, 0.83250929, 1.00000000, 1.00000000, 1.00000000
0.363636363636, 0.575757575758, 0.83883692, 1.00000000, 1.00000000, 1.00000000
0.363636363636, 0.585858585859, 0.84581361, 1.00000000, 1.00000000, 1.00000000
0.363636363636, 0.595959595960, 0.85341167, 1.00000000, 1.00000000, 1.00000000
0.363636363636, 0.606060606061, 0.86160089, 1.00000000, 1.00000000, 1.00000000
0.363636363636, 0.616161616162, 0.87034869, 1.00000000, 1.00000000, 1.00000000
0.363636363636, 0.626262626263, 0.87962022, 1.00000000, 1.00000000, 1.00000000
0.363636363636, 0.636363636364, 0.88937849, 1.00000000, 1.00000000, 1.00000000
0.363636363636, 0.646464646465, 0.89958453, 1.00000000, 1.00000000, 1.00000000
0.363636363636, 0.656565656566, 0.91019754, 1.00000000, 1.00000000, 1.00000000
0.363636363636, 0.666666666667, 0.92117503, 1.00000000, 1.00000000, 1.00000000
0.363636363636, 0.676767676768, 0.93247301, 1.00000000, 1.00000000, 1.00000000
0.363636363636, 0.686868686869, 0.94404615, 1.00000000, 1.00000000, 1.00000000
0.363636363636, 0.696969696970, 0.95584798, 1.00000000, 1.00000000, 1.00000000
0.363636363636, 0.707070707071, 0.96783104, 1.00000000, 1.00000000, 1.00000000
0.363636363636, 0.717171717172, 0.97994713, 1.00000000, 1.00000000, 1.00000000
0.363636363636, 0.727272727273, 0.99214745, 1.00000000, 1.00000000, 1.00000000
0.363636363636, 0.737373737374, 1.00438281, 1.00000000, 1.00000000, 1.00000000
0.363636363636, 0.747474747475, 1.01660387, 1.00000000, 1.00000000, 1.00000000
0.363636363636, 0.757575757576, 1.02876129, 1.00000000, 1.00000000, 1.00000000
0.363636363636, 0.767676767677, 1.04080596, 1.00000000, 1.00000000, 1.00000000
0.363636363636, 0.777777777778, 1.05268919, 1.00000000, 1.00000000, 1.00000000
0.363636363636, 0.787878787879, 1.06436293, 1.00000000, 1.00000000, 1.00000000
0.363636363636, 0.797979797980, 1.07577994, 1.00000000, 1.00000000, 1.00000000
0.363636363636, 0.808080808081, 1.08689400, 1.00000000, 1.00000000, 1.00000000
0.363636363636, 0.818181818182, 1.09766010, 1.00000000, 1.00000000, 1.00000000
0.363636363636, 0.828282828283, 1.10803461, 1.00000000, 1.00000000, 1.00000000
0.363636363636, 0.838383838384, 1.11797549, 1.00000000, 1.00000000, 1.00000000
0.363636363636, 0.848484848485, 1.12744243, 1.00000000, 1.00000000, 1.00000000
0.363636363636, 0.858585858586, 1.13639705, 1.00000000, 1.00000000, 1.00000000
0.363636363636, 0.868686868687, 1.14480302, 1.00000000, 1.00000000, 1.00000000
0.363636363636, 0.878787878788, 1.15262623, 1.00000000, 1.00000000, 1.00000000
0.363636363636, 0.888888888889, 1.15983494, 1.00000000, 1.00000000, 1.00000000
0.363636363636, 0.898989898990, 1.16639988, 1.00000000, 1.00000000, 1.00000000
0.363636363636, 0.909090909091, 1.17229440, 1.00000000, 1.00000000, 1.00000000
0.363636363636, 0.919191919192, 1.17749460, 1.00000000, 1.00000000, 1.00000000
0.363636363636, 0.929292929293, 1.18197939, 1.00000000, 1.00000000, 1.00000000
0.363636363636, 0.939393939394, 1.18573076, 1.00000000, 1.00000000, 1.00000000
0.363636363636, 0.949494949495, 1.18873409, 1.00000000, 1.00000000, 1.00000000
0.363636363636, 0.959595959596, 1.19097889, 1.00000000, 1.00000000, 1.00000000
0.373737373737, -0.000000000000, 1.18864174, 1.00000000, 1.00000000, 1.00000000
0.373737373737, 0.010101010101, 1.18587742, 1.00000000, 1.00000000, 1.00000000
0.373737373737, 0.020202020202, 1.18255802, 1.00000000, 1.00000000, 1.00000000
0.373737373737, 0.030303030303, 1.17870769, 1.00000000, 1.00000000, 1.00000000
0.373737373737, 0.040404040404, 1.17431626, 1.00000000, 1.00000000, 1.00000000
0.373737373737, 0.050505050505, 1.16934195, 1.00000000, 1.00000000, 1.00000000
0.373737373737, 0.060606060606, 1.16372805, 1.00000000, 1.00000000, 1.00000000
0.373737373737, 0.070707070707, 1.15742601, 1.00000000, 1.00000000, 1.00000000
0.373737373737, 0.080808080808, 1.15041388, 1.00000000, 1.00000000, 1.00000000
0.373737373737, 0.090909090909, 1.14270271, 1.00000000, 1.00000000, 1.00000000
0.373737373737, 0.101010101010, 1.13433108, 1.00000000, 1.00000000, 1.00000000
0.373737373737, 0.111111111111, 1.12535340, 1.00000000, 1.00000000, 1.00000000
0.373737373737, 0.121212121212, 1.11582882, 1.00000000, 1.00000000, 1.00000000
0.373737373737, 0.131313131313, 1.10581442, 1.00000000, 1.00000000, 1.00000000
0.373737373737, 0.141414141414, 1.09536307, 1.00000000, 1.00000000, 1.00000000
0.373737373737, 0.151515151515, 1.08452406, 1.00000000, 1.00000000, 1.00000000
0.373737373737, 0.161616161616, 1.07334468, 1.00000000, 1.00000000, 1.00000000
0.373737373737, 0.171717171717, 1.06187165, 1.00000000, 1.00000000, 1.00000000
0.373737373737, 0.181818181818, 1.05015197, 1.00000000, 1.00000000, 1.00000000
0.373737373737, 0.191919191919, 1.03823321, 1.00000000, 1.00000000, 1.00000000
0.373737373737, 0.202020202020, 1.02616359, 1.00000000, 1.00000000, 1.00000000
0.373737373737, 0.212121212121, 1.01399189, 1.00000000, 1.00000000, 1.00000000
0.373737373737, 0.222222222222, 1.00176722, 1.00000000, 1.00000000, 1.00000000
0.373737373737, 0.232323232323, 0.98953890, 1.00000000, 1.00000000, 1.00000000
0.373737373737, 0.242424242424, 0.97735620, 1.00000000, 1.00000000, 1.00000000
0.373737373737, 0.252525252525, 0.96526816, 1.00000000, 1.00000000, 1.00000000
0.373737373737, 0.262626262626, 0.95332343, 1.00000000, 1.00000000, 1.00000000
0.373737373737, 0.272727272727, 0.94157000, 1.00000000, 1.00000000, 1.00000000
0.373737373737, 0.282828282828, 0.93005505, 1.00000000, 1.00000000, 1.00000000
0.373737373737, 0.292929292929, 0.91882479, 1.00000000, 1.00000000, 1.00000000
0.373737373737, 0.303030303030, 0.90792419, 1.00000000, 1.00000000, 1.00000000
0.373737373737, 0.313131313131, 0.89739689, 1.00000000, 1.00000000, 1.00000000
0.373737373737, 0.323232323232, 0.88728498, 1.00000000, 1.00000000, 1.00000000
0.373737373737, 0.333333333333, 0.87762884, 1.00000000, 1.00000000, 1.00000000
0.373737373737, 0.343434343434, 0.86846699, 1.00000000, 1.00000000, 1.00000000
0.373737373737, 0.353535353535, 0.85983595, 1.00000000, 1.00000000, 1.00000000
0.373737373737, 0.363636363636, 0.85177007, 1.00000000, 1.00000000, 1.00000000
0.373737373737, 0.373737373737, 0.84430144, 1.00000000, 1.00000000, 1.00000000
0.373737373737, 0.383838383838, 0.83745974, 1.00000000, 1.00000000, 1.00000000
0.373737373737, 0.393939393939, 0.83127214, 1.00000000, 1.00000000, 1.00000000
0.373737373737, 0.404040404040, 0.82576320, 1.00000000, 1.00000000, 1.00000000
0.373737373737, 0.414141414141, 0.82095478, 1.00000000, 1.00000000, 1.00000000
0.373737373737, 0.424242424242, 0.81686597, 1.00000000, 1.00000000, 1.00000000
0.373737373737, 0.434343434343, 0.81351302, 1.00000000, 1.00000000, 1.00000000
0.373737373737, 0.444444444444, 0.81090925, 1.00000000, 1.00000000, 1.00000000
0.373737373737, 0.454545454545, 0.80906507, 1.00000000, 1.00000000, 1.00000000
0.373737373737, 0.464646464646, 0.80798788, 1.00000000, 1.00000000, 1.00000000
0.373737373737, 0.474747474747, 0.80768208, 1.00000000, 1.00000000, 1.00000000
0.373737373737, 0.484848484848, 0.80814885, 1.00000000, 1.00000000, 1.00000000
0.373737373737, 0.494949494949, 0.80938629, 1.00000000, 1.00000000, 1.00000000
0.373737373737, 0.505050505051, 0.81138944, 1.00000000, 1.00000000, 1.00000000
0.373737373737, 0.515151515152, 0.81415038, 1.00000000, 1.00000000, 1.00000000
0.373737373737, 0.525252525253, 0.81765815, 1.00000000, 1.00000000, 1.00000000
0.373737373737, 0.535353535354, 0.82189889, 1.00000000, 1.00000000, 1.00000000
0.373737373737, 0.545454545455, 0.82685581, 1.00000000, 1.00000000, 1.00000000
0.373737373737, 0.555555555556, 0.83250929, 1.00000000, 1.00000000, 1.00000000
0.373737373737, 0.565656565657, 0.83883692, 1.00000000, 1.00000000, 1.00000000
0.373737373737, 0.575757575758, 0.84581361, 1.00000000, 1.00000000, 1.00000000
0.373737373737, 0.585858585859, 0.85341167, 1.00000000, 1.00000000, 1.00000000
0.373737373737, 0.595959595960, 0.86160089, 1.00000000, 1.00000000, 1.00000000
0.373737373737, 0.606060606061, 0.87034869, 1.00000000, 1.00000000, 1.00000000
0.373737373737, 0.616161616162, 0.87962022, 1.00000000, 1.00000000, 1.00000000
0.373737373737, 0.626262626263, 0.88937849, 1.00000000, 1.00000000, 1.00000000
0.373737373737, 0.636363636364, 0.89958453, 1.00000000, 1.00000000, 1.00000000
0.373737373737, 0.646464646465, 0.91019754, 1.00000000, 1.00000000, 1.00000000
0.373737373737, 0.656565656566, 0.92117503, 1.00000000, 1.00000000, 1.00000000
0.373737373737, 0.666666666667, 0.93247301, 1.00000000, 1.00000000, 1.00000000
0.373737373737, 0.676767676768, 0.94404615, 1.00000000, 1.00000000, 1.00000000
0.373737373737, 0.686868686869, 0.95584798, 1.00000000, 1.00000000, 1.00000000
0.373737373737, 0.696969696970, 0.96783104, 1.00000000, 1.00000000, 1.00000000
0.373737373737, 0.707070707071, 0.97994713, 1.00000000, 1.00000000, 1.00000000
0.373737373737, 0.717171717172, 0.99214745, 1.00000000, 1.00000000, 1.00000000
0.373737373737, 0.727272727273, 1.00438281, 1.00000000, 1.00000000, 1.00000000
0.373737373737, 0.737373737374, 1.01660387, 1.00000000, 1.00000000, 1.00000000
0.373737373737, 0.747474747475, 1.02876129, 1.00000000, 1.00000000, 1.00000000
0.373737373737, 0.757575757576, 1.04080596, 1.00000000, 1.00000000, 1.00000000
0.373737373737, 0.767676767677, 1.05268919, 1.00000000, 1.00000000, 1.00000000
0.373737373737, 0.777777777778, 1.06436293, 1.00000000, 1.00000000, 1.00000000
0.373737373737, 0.787878787879, 1.07577994, 1.00000000, 1.00000000, 1.00000000
0.373737373737, 0.797979797980, 1.08689400, 1.00000000, 1.00000000, 1.00000000
0.373737373737, 0.808080808081, 1.09766010, 1.00000000, 1.00000000, 1.00000000
0.373737373737, 0.818181818182, 1.10803461, 1.00000000, 1.00000000, 1.00000000
0.373737373737, 0.828282828283, 1.11797549, 1.00000000, 1.00000000, 1.00000000
0.373737373737, 0.838383838384, 1.12744243, 1.00000000, 1.00000000, 1.00000000
0.373737373737, 0.848484848485, 1.13639705, 1.00000000, 1.00000000, 1.00000000
0.373737373737, 0.858585858586, 1.14480302, 1.00000000, 1.00000000, 1.00000000
0.373737373737, 0.868686868687, 1.15262623, 1.00000000, 1.00000000, 1.00000000
0.373737373737, 0.878787878788, 1.15983494, 1.00000000, 1.00000000, 1.00000000
0.373737373737, 0.888888888889, 1.16639987, 1.00000000, 1.00000000, 1.00000000
0.373737373737, 0.898989898990, 1.17229440, 1.00000000, 1.00000000, 1.00000000
0.373737373737, 0.909090909091, 1.17749457, 1.00000000, 1.00000000, 1.00000000
0.373737373737, 0.919191919192, 1.18197929, 1.00000000, 1.00000000, 1.00000000
0.373737373737, 0.929292929293, 1.18573040, 1.00000000, 1.00000000, 1.00000000
0.373737373737, 0.939393939394, 1.18873287, 1.00000000, 1.00000000, 1.00000000
0.373737373737, 0.949494949495, 1.19097519, 1.00000000, 1.00000000, 1.00000000
0.373737373737, 0.959595959596, 1.19245018, 1.00000000, 1.00000000, 1.00000000
0.383838383838, -0.000000000000, 1.18552787, 1.00000000, 1.00000000, 1.00000000
0.383838383838, 0.010101010101, 1.18205709, 1.00000000, 1.00000000, 1.00000000
0.383838383838, 0.020202020202, 1.17806276, 1.00000000, 1.00000000, 1.00000000
0.383838383838, 0.030303030303, 1.17356979, 1.00000000, 1.00000000, 1.00000000
0.383838383838, 0.040404040404, 1.16856465, 1.00000000, 1.00000000, 1.00000000
0.383838383838, 0.050505050505, 1.16299925, 1.00000000, 1.00000000, 1.00000000
0.383838383838, 0.060606060606, 1.15681017, 1.00000000, 1.00000000, 1.00000000
0.383838383838, 0.070707070707, 1.14994447, 1.00000000, 1.00000000, 1.00000000
0.383838383838, 0.080808080808, 1.14237971, 1.00000000, 1.00000000, 1.00000000
0.383838383838, 0.090909090909, 1.13413029, 1.00000000, 1.00000000, 1.00000000
0.383838383838, 0.101010101010, 1.12524059, 1.00000000, 1.00000000, 1.00000000
0.383838383838, 0.111111111111, 1.11577151, 1.00000000, 1.00000000, 1.00000000
0.383838383838, 0.121212121212, 1.10578810, 1.00000000, 1.00000000, 1.00000000
0.383838383838, 0.131313131313, 1.09535214, 1.00000000, 1.00000000, 1.00000000
0.383838383838, 0.141414141414, 1.08451996, 1.00000000, 1.00000000, 1.00000000
0.383838383838, 0.151515151515, 1.07334329, 1.00000000, 1.00000000, 1.00000000
0.383838383838, 0.161616161616, 1.06187123, 1.00000000, 1.00000000, 1.00000000
0.383838383838, 0.171717171717, 1.05015185, 1.00000000, 1.00000000, 1.00000000
0.383838383838, 0.181818181818, 1.03823318, 1.00000000, 1.00000000, 1.00000000
0.383838383838, 0.191919191919, 1.02616359, 1.00000000, 1.00000000, 1.00000000
0.383838383838, 0.202020202020, 1.01399189, 1.00000000, 1.00000000, 1.00000000
0.383838383838, 0.212121212121, 1.00176722, 1.00000000, 1.00000000, 1.00000000
0.383838383838, 0.222222222222, 0.98953890, 1.00000000, 1.00000000, 1.00000000
0.383838383838, 0.232323232323, 0.97735620, 1.00000000, 1.00000000, 1.00000000
0.383838383838, 0.242424242424, 0.96526816, 1.00000000, 1.00000000, 1.00000000
0.383838383838, 0.252525252525, 0.95332343, 1.00000000, 1.00000000, 1.00000000
0.383838383838, 0.262626262626, 0.94157000, 1.00000000, 1.00000000, 1.00000000
0.383838383838, 0.272727272727, 0.93005505, 1.00000000, 1.00000000, 1.00000000
0.383838383838, 0.282828282828, 0.91882479, 1.00000000, 1.00000000, 1.00000000
0.383838383838, 0.292929292929, 0.90792419, 1.00000000, 1.00000000, 1.00000000
0.383838383838, 0.303030303030, 0.89739689, 1.00000000, 1.00000000, 1.00000000
0.383838383838, 0.313131313131, 0.88728498, 1.00000000, 1.00000000, 1.00000000
0.383838383838, 0.323232323232, 0.87762884, 1.00000000, 1.00000000, 1.00000000
0.383838383838, 0.333333333333, 0.86846699, 1.00000000, 1.00000000, 1.00000000
0.383838383838, 0.343434343434, 0.85983595, 1.00000000, 1.00000000, 1.00000000
0.383838383838, 0.353535353535, 0.85177007, 1.00000000, 1.00000000, 1.00000000
0.383838383838, 0.363636363636, 0.84430144, 1.00000000, 1.00000000, 1.00000000
0.383838383838, 0.373737373737, 0.83745974, 1.00000000, 1.00000000, 1.00000000
0.383838383838, 0.383838383838, 0.83127214, 1.00000000, 1.00000000, 1.00000000
0.383838383838, 0.393939393939, 0.82576320, 1.00000000, 1.00000000, 1.00000000
0.383838383838, 0.404040404040, 0.82095478, 1.00000000, 1.00000000, 1.00000000
0.383838383838, 0.414141414141, 0.81686597, 1.00000000, 1.00000000, 1.00000000
0.383838383838, 0.424242424242, 0.81351302, 1.00000000, 1.00000000, 1.00000000
0.383838383838, 0.434343434343, 0.81090925, 1.00000000, 1.00000000, 1.00000000
0.383838383838, 0.444444444444, 0.80906507, 1.00000000, 1.00000000, 1.00000000
0.383838383838, 0.454545454545, 0.80798788, 1.00000000, 1.00000000, 1.00000000
0.383838383838, 0.464646464646, 0.80768208, 1.00000000, 1.00000000, 1.00000000
0.383838383838, 0.474747474747, 0.80814885, 1.00000000, 1.00000000, 1.00000000
0.383838383838, 0.484848484848, 0.80938629, 1.00000000, 1.00000000, 1.00000000
0.383838383838, 0.494949494949, 0.81138944, 1.00000000, 1.00000000, 1.00000000
0.383838383838, 0.505050505051, 0.81415038, 1.00000000, 1.00000000, 1.00000000
0.383838383838, 0.515151515152, 0.81765815, 1.00000000, 1.00000000, 1.00000000
0.383838383838, 0.525252525253, 0.82189889, 1.00000000, 1.00000000, 1.00000000
0.383838383838, 0.535353535354, 0.82685581, 1.00000000, 1.00000000, 1.00000000
0.383838383838, 0.545454545455, 0.83250929, 1.00000000, 1.00000000, 1.00000000
0.383838383838, 0.555555555556, 0.83883692, 1.00000000, 1.00000000, 1.00000000
0.383838383838, 0.565656565657, 0.84581361, 1.00000000, 1.00000000, 1.00000000
0.383838383838, 0.575757575758, 0.85341167, 1.00000000, 1.00000000, 1.00000000
0.383838383838, 0.585858585859, 0.86160089, 1.00000000, 1.00000000, 1.00000000
0.383838383838, 0.595959595960, 0.87034869, 1.00000000, 1.00000000, 1.00000000
0.383838383838, 0.606060606061, 0.87962022, 1.00000000, 1.00000000, 1.00000000
0.383838383838, 0.616161616162, 0.88937849, 1.00000000, 1.00000000, 1.00000000
0.383838383838, 0.626262626263, 0.89958453, 1.00000000, 1.00000000, 1.00000000
0.383838383838, 0.636363636364, 0.91019754, 1.00000000, 1.00000000, 1.00000000
0.383838383838, 0.646464646465, 0.92117503, 1.00000000, 1.00000000, 1.00000000
0.383838383838, 0.656565656566, 0.93247301, 1.00000000, 1.00000000, 1.00000000
0.383838383838, 0.666666666667, 0.94404615, 1.00000000, 1.00000000, 1.00000000
0.383838383838, 0.676767676768, 0.95584798, 1.00000000, 1.00000000, 1.00000000
0.383838383838, 0.686868686869, 0.96783104, 1.00000000, 1.00000000, 1.00000000
0.383838383838, 0.696969696970, 0.97994713, 1.00000000, 1.00000000, 1.00000000
0.383838383838, 0.707070707071, 0.99214745, 1.00000000, 1.00000000, 1.00000000
0.383838383838, 0.717171717172, 1.00438281, 1.00000000, 1.00000000, 1.00000000
0.383838383838, 0.727272727273, 1.01660387, 1.00000000, 1.00000000, 1.00000000
0.383838383838, 0.737373737374, 1.02876129, 1.00000000, 1.00000000, 1.00000000
0.383838383838, 0.747474747475, 1.04080596, 1.00000000, 1.00000000, 1.00000000
0.383838383838, 0.757575757576, 1.05268919, 1.00000000, 1.00000000, 1.00000000
0.383838383838, 0.767676767677, 1.06436293, 1.00000000, 1.00000000, 1.00000000
0.383838383838, 0.777777777778, 1.07577994, 1.00000000, 1.00000000, 1.00000000
0.383838383838, 0.787878787879, 1.08689400, 1.00000000, 1.00000000, 1.00000000
0.383838383838, 0.797979797980, 1.09766010, 1.00000000, 1.00000000, 1.00000000
0.383838383838, 0.808080808081, 1.10803461, 1.00000000, 1.00000000, 1.00000000
0.383838383838, 0.818181818182, 1.11797549, 1.00000000, 1.00000000, 1.00000000
0.383838383838, 0.828282828283, 1.12744243, 1.00000000, 1.00000000, 1.00000000
0.383838383838, 0.838383838384, 1.13639705, 1.00000000, 1.00000000, 1.00000000
0.383838383838, 0.848484848485, 1.14480302, 1.00000000, 1.00000000, 1.00000000
0.383838383838, 0.858585858586, 1.15262623, 1.00000000, 1.00000000, 1.00000000
0.383838383838, 0.868686868687, 1.15983494, 1.00000000, 1.00000000, 1.00000000
0.383838383838, 0.878787878788, 1.16639987, 1.00000000, 1.00000000, 1.00000000
0.383838383838, 0.888888888889, 1.17229440, 1.00000000, 1.00000000, 1.00000000
0.383838383838, 0.898989898990, 1.17749457, 1.00000000, 1.00000000, 1.00000000
0.383838383838, 0.909090909091, 1.18197927, 1.00000000, 1.00000000, 1.00000000
0.383838383838, 0.919191919192, 1.18573029, 1.00000000, 1.00000000, 1.00000000
0.383838383838, 0.929292929293, 1.18873245, 1.00000000, 1.00000000, 1.00000000
0.383838383838, 0.939393939394, 1.19097380, 1.00000000, 1.00000000, 1.00000000
0.383838383838, 0.949494949495, 1.19244597, 1.00000000, 1.00000000, 1.00000000
0.383838383838, 0.959595959596, 1.19314512, 1.00000000, 1.00000000, 1.00000000
0.393939393939, -0.000000000000, 1.18166635, 1.00000000, 1.00000000, 1.00000000
0.393939393939, 0.010101010101, 1.17750329, 1.00000000, 1.00000000, 1.00000000
0.393939393939, 0.020202020202, 1.17285024, 1.00000000, 1.00000000, 1.00000000
0.393939393939, 0.030303030303, 1.16773278, 1.00000000, 1.00000000, 1.00000000
0.393939393939, 0.040404040404, 1.16213407, 1.00000000, 1.00000000, 1.00000000
0.393939393939, 0.050505050505, 1.15599997, 1.00000000, 1.00000000, 1.00000000
0.393939393939, 0.060606060606, 1.14926067, 1.00000000, 1.00000000, 1.00000000
0.393939393939, 0.070707070707, 1.14185910, 1.00000000, 1.00000000, 1.00000000
0.393939393939, 0.080808080808, 1.13377244, 1.00000000, 1.00000000, 1.00000000
0.393939393939, 0.090909090909, 1.12501834, 1.00000000, 1.00000000, 1.00000000
0.393939393939, 0.101010101010, 1.11564673, 1.00000000, 1.00000000, 1.00000000
0.393939393939, 0.111111111111, 1.10572475, 1.00000000, 1.00000000, 1.00000000
0.393939393939, 0.121212121212, 1.09532306, 1.00000000, 1.00000000, 1.00000000
0.393939393939, 0.131313131313, 1.08450789, 1.00000000, 1.00000000, 1.00000000
0.393939393939, 0.141414141414, 1.07333876, 1.00000000, 1.00000000, 1.00000000
0.393939393939, 0.151515151515, 1.06186970, 1.00000000, 1.00000000, 1.00000000
0.393939393939, 0.161616161616, 1.05015139, 1.00000000, 1.00000000, 1.00000000
0.393939393939, 0.171717171717, 1.03823305, 1.00000000, 1.00000000, 1.00000000
0.393939393939, 0.181818181818, 1.02616355, 1.00000000, 1.00000000, 1.00000000
0.393939393939, 0.191919191919, 1.01399188, 1.00000000, 1.00000000, 1.00000000
0.393939393939, 0.202020202020, 1.00176722, 1.00000000, 1.00000000, 1.00000000
0.393939393939, 0.212121212121, 0.98953890, 1.00000000, 1.00000000, 1.00000000
0.393939393939, 0.222222222222, 0.97735620, 1.00000000, 1.00000000, 1.00000000
0.393939393939, 0.232323232323, 0.96526816, 1.00000000, 1.00000000, 1.00000000
0.393939393939, 0.242424242424, 0.95332343, 1.00000000, 1.00000000, 1.00000000
0.393939393939, 0.252525252525, 0.94157000, 1.00000000, 1.00000000, 1.00000000
0.393939393939, 0.262626262626, 0.93005505, 1.00000000, 1.00000000, 1.00000000
0.393939393939, 0.272727272727, 0.91882479, 1.00000000, 1.00000000, 1.00000000
0.393939393939, 0.282828282828, 0.90792419, 1.00000000, 1.00000000, 1.00000000
0.393939393939, 0.292929292929, 0.89739689, 1.00000000, 1.00000000, 1.00000000
0.393939393939, 0.303030303030, 0.88728498, 1.00000000, 1.00000000, 1.00000000
0.393939393939, 0.313131313131, 0.87762884, 1.00000000, 1.00000000, 1.00000000
0.393939393939, 0.323232323232, 0.86846699, 1.00000000, 1.00000000, 1.00000000
0.393939393939, 0.333333333333, 0.85983595, 1.00000000, 1.00000000, 1.00000000
0.393939393939, 0.343434343434, 0.85177007, 1.00000000, 1.00000000, 1.00000000
0.393939393939, 0.353535353535, 0.84430144, 1.00000000, 1.00000000, 1.00000000
0.393939393939, 0.363636363636, 0.83745974, 1.00000000, 1.00000000, 1.00000000
0.393939393939, 0.373737373737, 0.83127214, 1.00000000, 1.00000000, 1.00000000
0.393939393939, 0.383838383838, 0.82576320, 1.00000000, 1.00000000, 1.00000000
0.393939393939, 0.393939393939, 0.82095478, 1.00000000, 1.00000000, 1.00000000
0.393939393939, 0.404040404040, 0.81686597, 1.00000000, 1.00000000, 1.00000000
0.393939393939, 0.414141414141, 0.81351302, 1.00000000, 1.00000000, 1.00000000
0.393939393939, 0.424242424242, 0.81090925, 1.00000000, 1.00000000, 1.00000000
0.393939393939, 0.434343434343, 0.80906507, 1.00000000, 1.00000000, 1.00000000
0.393939393939, 0.444444444444, 0.80798788, 1.00000000, 1.00000000, 1.00000000
0.393939393939, 0.454545454545, 0.80768208, 1.00000000, 1.00000000, 1.00000000
0.393939393939, 0.464646464646, 0.80814885, 1.00000000, 1.00000000, 1.00000000
0.393939393939, 0.474747474747, 0.80938629, 1.00000000, 1.00000000, 1.00000000
0.393939393939, 0.484848484848, 0.81138944, 1.00000000, 1.00000000, 1.00000000
0.393939393939, 0.494949494949, 0.81415038, 1.00000000, 1.00000000, 1.00000000
0.393939393939, 0.505050505051, 0.81765815, 1.00000000, 1.00000000, 1.00000000
0.393939393939, 0.515151515152, 0.82189889, 1.00000000, 1.00000000, 1.00000000
0.393939393939, 0.525252525253, 0.82685581, 1.00000000, 1.00000000, 1.00000000
0.393939393939, 0.535353535354, 0.83250929, 1.00000000, 1.00000000, 1.00000000
0.393939393939, 0.545454545455, 0.83883692, 1.00000000, 1.00000000, 1.00000000
0.393939393939, 0.555555555556, 0.84581361, 1.00000000, 1.00000000, 1.00000000
0.393939393939, 0.565656565657, 0.85341167, 1.00000000, 1.00000000, 1.00000000
0.393939393939, 0.575757575758, 0.86160089, 1.00000000, 1.00000000, 1.00000000
0.393939393939, 0.585858585859, 0.87034869, 1.00000000, 1.00000000, 1.00000000
0.393939393939, 0.595959595960, 0.87962022, 1.00000000, 1.00000000, 1.00000000
0.393939393939, 0.606060606061, 0.88937849, 1.00000000, 1.00000000, 1.00000000
0.393939393939, 0.616161616162, 0.89958453, 1.00000000, 1.00000000, 1.00000000
0.393939393939, 0.626262626263, 0.91019754, 1.00000000, 1.00000000, 1.00000000
0.393939393939, 0.636363636364, 0.92117503, 1.00000000, 1.00000000, 1.00000000
0.393939393939, 0.646464646465, 0.93247301, 1.00000000, 1.00000000, 1.00000000
0.393939393939, 0.656565656566, 0.94404615, 1.00000000, 1.00000000, 1.00000000
0.393939393939, 0.666666666667, 0.95584798, 1.00000000, 1.00000000, 1.00000000
0.393939393939, 0.676767676768, 0.96783104, 1.00000000, 1.00000000, 1.00000000
0.393939393939, 0.686868686869, 0.97994713, 1.00000000, 1.00000000, 1.00000000
0.393939393939, 0.696969696970, 0.99214745, 1.00000000, 1.00000000, 1.00000000
0.393939393939, 0.707070707071, 1.00438281, 1.00000000, 1.00000000, 1.00000000
0.393939393939, 0.717171717172, 1.01660387, 1.00000000, 1.00000000, 1.00000000
0.393939393939, 0.727272727273, 1.02876129, 1.00000000, 1.00000000, 1.00000000
0.393939393939, 0.737373737374, 1.04080596, 1.00000000, 1.00000000, 1.00000000
0.393939393939, 0.747474747475, 1.05268919, 1.00000000, 1.00000000, 1.00000000
0.393939393939, 0.757575757576, 1.06436293, 1.00000000, 1.00000000, 1.00000000
0.393939393939, 0.767676767677, 1.07577994, 1.00000000, 1.00000000, 1.00000000
0.393939393939, 0.777777777778, 1.08689400, 1.00000000, 1.00000000, 1.00000000
0.393939393939, 0.787878787879, 1.09766010, 1.00000000, 1.00000000, 1.00000000
0.393939393939, 0.797979797980, 1.10803461, 1.00000000, 1.00000000, 1.00000000
0.393939393939, 0.808080808081, 1.11797549, 1.00000000, 1.00000000, 1.00000000
0.393939393939, 0.818181818182, 1.12744243, 1.00000000, 1.00000000, 1.00000000
0.393939393939, 0.828282828283, 1.13639705, 1.00000000, 1.00000000, 1.00000000
0.393939393939, 0.838383838384, 1.14480302, 1.00000000, 1.00000000, 1.00000000
0.393939393939, 0.848484848485, 1.15262623, 1.00000000, 1.00000000, 1.00000000
0.393939393939, 0.858585858586, 1.15983494, 1.00000000, 1.00000000, 1.00000000
0.393939393939, 0.868686868687, 1.16639987, 1.00000000, 1.00000000, 1.00000000
0.393939393939, 0.878787878788, 1.17229440, 1.00000000, 1.00000000, 1.00000000
0.393939393939, 0.888888888889, 1.17749457, 1.00000000, 1.00000000, 1.00000000
0.393939393939, 0.898989898990, 1.18197926, 1.00000000, 1.00000000, 1.00000000
0.393939393939, 0.909090909091, 1.18573026, 1.00000000, 1.00000000, 1.00000000
0.393939393939, 0.919191919192, 1.18873233, 1.00000000, 1.00000000, 1.00000000
0.393939393939, 0.929292929293, 1.19097334, 1.00000000, 1.00000000, 1.00000000
0.393939393939, 0.939393939394, 1.19244441, 1.00000000, 1.00000000, 1.00000000
0.393939393939, 0.949494949495, 1.19314040, 1.00000000, 1.00000000, 1.00000000
0.393939393939, 0.959595959596, 1.19306087, 1.00000000, 1.00000000, 1.00000000
0.404040404040, -0.000000000000, 1.17707291, 1.00000000, 1.00000000, 1.00000000
0.404040404040, 0.010101010101, 1.17223457, 1.00000000, 1.00000000, 1.00000000
0.404040404040, 0.020202020202, 1.16694167, 1.00000000, 1.00000000, 1.00000000
0.404040404040, 0.030303030303, 1.16122037, 1.00000000, 1.00000000, 1.00000000
0.404040404040, 0.040404040404, 1.15505062, 1.00000000, 1.00000000, 1.00000000
0.404040404040, 0.050505050505, 1.14837249, 1.00000000, 1.00000000, 1.00000000
0.404040404040, 0.060606060606, 1.14111016, 1.00000000, 1.00000000, 1.00000000
0.404040404040, 0.070707070707, 1.13320269, 1.00000000, 1.00000000, 1.00000000
0.404040404040, 0.080808080808, 1.12462698, 1.00000000, 1.00000000, 1.00000000
0.404040404040, 0.090909090909, 1.11540380, 1.00000000, 1.00000000, 1.00000000
0.404040404040, 0.101010101010, 1.10558841, 1.00000000, 1.00000000, 1.00000000
0.404040404040, 0.111111111111, 1.09525386, 1.00000000, 1.00000000, 1.00000000
0.404040404040, 0.121212121212, 1.08447612, 1.00000000, 1.00000000, 1.00000000
0.404040404040, 0.131313131313, 1.07332557, 1.00000000, 1.00000000, 1.00000000
0.404040404040, 0.141414141414, 1.06186475, 1.00000000, 1.00000000, 1.00000000
0.404040404040, 0.151515151515, 1.05014971, 1.00000000, 1.00000000, 1.00000000
0.404040404040, 0.161616161616, 1.03823254, 1.00000000, 1.00000000, 1.00000000
0.404040404040, 0.171717171717, 1.02616341, 1.00000000, 1.00000000, 1.00000000
0.404040404040, 0.181818181818, 1.01399184, 1.00000000, 1.00000000, 1.00000000
0.404040404040, 0.191919191919, 1.00176721, 1.00000000, 1.00000000, 1.00000000
0.404040404040, 0.202020202020, 0.98953890, 1.00000000, 1.00000000, 1.00000000
0.404040404040, 0.212121212121, 0.97735620, 1.00000000, 1.00000000, 1.00000000
0.404040404040, 0.222222222222, 0.96526816, 1.00000000, 1.00000000, 1.00000000
0.404040404040, 0.232323232323, 0.95332343, 1.00000000, 1.00000000, 1.00000000
0.404040404040, 0.242424242424, 0.94157000, 1.00000000, 1.00000000, 1.00000000
0.404040404040, 0.252525252525, 0.93005505, 1.00000000, 1.00000000, 1.00000000
0.404040404040, 0.262626262626, 0.91882479, 1.00000000, 1.00000000, 1.00000000
0.404040404040, 0.272727272727, 0.90792419, 1.00000000, 1.00000000, 1.00000000
0.404040404040, 0.282828282828, 0.89739689, 1.00000000, 1.00000000, 1.00000000
0.404040404040, 0.292929292929, 0.88728498, 1.00000000, 1.00000000, 1.00000000
0.404040404040, 0.303030303030, 0.87762884, 1.00000000, 1.00000000, 1.00000000
0.404040404040, 0.313131313131, 0.86846699, 1.00000000, 1.00000000, 1.00000000
0.404040404040, 0.323232323232, 0.85983595, 1.00000000, 1.00000000, 1.00000000
0.404040404040, 0.333333333333, 0.85177007, 1.00000000, 1.00000000, 1.00000000
0.404040404040, 0.343434343434, 0.84430144, 1.00000000, 1.00000000, 1.00000000
0.404040404040, 0.353535353535, 0.83745974, 1.00000000, 1.00000000, 1.00000000
0.404040404040, 0.363636363636, 0.83127214, 1.00000000, 1.00000000, 1.00000000
0.404040404040, 0.373737373737, 0.82576320, 1.00000000, 1.00000000, 1.00000000
0.404040404040, 0.383838383838, 0.82095478, 1.00000000, 1.00000000, 1.00000000
0.404040404040, 0.393939393939, 0.81686597, 1.00000000, 1.00000000, 1.00000000
0.404040404040, 0.404040404040, 0.81351302, 1.00000000, 1.00000000, 1.00000000
0.404040404040, 0.414141414141, 0.81090925, 1.00000000, 1.00000000, 1.00000000
0.404040404040, 0.424242424242, 0.80906507, 1.00000000, 1.00000000, 1.00000000
0.404040404040, 0.434343434343, 0.80798788, 1.00000000, 1.00000000, 1.00000000
0.404040404040, 0.444444444444, 0.80768208, 1.00000000, 1.00000000, 1.00000000
0.404040404040, 0.454545454545, 0.80814885, 1.00000000, 1.00000000, 1.00000000
0.404040404040, 0.464646464646, 0.80938629, 1.00000000, 1.00000000, 1.00000000
0.404040404040, 0.474747474747, 0.81138944, 1.00000000, 1.00000000, 1.00000000
0.404040404040, 0.484848484848, 0.81415038, 1.00000000, 1.00000000, 1.00000000
0.404040404040, 0.494949494949, 0.81765815, 1.00000000, 1.00000000, 1.00000000
0.404040404040, 0.505050505051, 0.82189889, 1.00000000, 1.00000000, 1.00000000
0.404040404040, 0.515151515152, 0.82685581, 1.00000000, 1.00000000, 1.00000000
0.404040404040, 0.525252525253, 0.83250929, 1.00000000, 1.00000000, 1.00000000
0.404040404040, 0.535353535354, 0.83883692, 1.00000000, 1.00000000, 1.00000000
0.404040404040, 0.545454545455, 0.84581361, 1.00000000, 1.00000000, 1.00000000
0.404040404040, 0.555555555556, 0.85341167, 1.00000000, 1.00000000, 1.00000000
0.404040404040, 0.565656565657, 0.86160089, 1.00000000, 1.00000000, 1.00000000
0.404040404040, 0.575757575758, 0.87034869, 1.00000000, 1.00000000, 1.00000000
0.404040404040, 0.585858585859, 0.87962022, 1.00000000, 1.00000000, 1.00000000
0.404040404040, 0.595959595960, 0.88937849, 1.00000000, 1.00000000, 1.00000000
0.404040404040, 0.606060606061, 0.89958453, 1.00000000, 1.00000000, 1.00000000
0.404040404040, 0.616161616162, 0.91019754, 1.00000000, 1.00000000, 1.00000000
0.404040404040, 0.626262626263, 0.92117503, 1.00000000, 1.00000000, 1.00000000
0.404040404040, 0.636363636364, 0.93247301, 1.00000000, 1.00000000, 1.00000000
0.404040404040, 0.646464646465, 0.94404615, 1.00000000, 1.00000000, 1.00000000
0.404040404040, 0.656565656566, 0.95584798, 1.00000000, 1.00000000, 1.00000000
0.404040404040, 0.666666666667, 0.96783104, 1.00000000, 1.00000000, 1.00000000
0.404040404040, 0.676767676768, 0.97994713, 1.00000000, 1.00000000, 1.00000000
0.404040404040, 0.686868686869, 0.99214745, 1.00000000, 1.00000000, 1.00000000
0.404040404040, 0.696969696970, 1.00438281, 1.00000000, 1.00000000, 1.00000000
0.404040404040, 0.707070707071, 1.01660387, 1.00000000, 1.00000000, 1.00000000
0.404040404040, 0.717171717172, 1.02876129, 1.00000000, 1.00000000, 1.00000000
0.404040404040, 0.727272727273, 1.04080596, 1.00000000, 1.00000000, 1.00000000
0.404040404040, 0.737373737374, 1.05268919, 1.00000000, 1.00000000, 1.00000000
0.404040404040, 0.747474747475, 1.06436293, 1.00000000, 1.00000000, 1.00000000
0.404040404040, 0.757575757576, 1.07577994, 1.00000000, 1.00000000, 1.00000000
0.404040404040, 0.767676767677, 1.08689400, 1.00000000, 1.00000000, 1.00000000
0.404040404040, 0.777777777778, 1.09766010, 1.00000000, 1.00000000, 1.00000000
0.404040404040, 0.787878787879, 1.10803461, 1.00000000, 1.00000000, 1.00000000
0.404040404040, 0.797979797980, 1.11797549, 1.00000000, 1.00000000, 1.00000000
0.404040404040, 0.808080808081, 1.12744243, 1.00000000, 1.00000000, 1.00000000
0.404040404040, 0.818181818182, 1.13639705, 1.00000000, 1.00000000, 1.00000000
0.404040404040, 0.828282828283, 1.14480302, 1.00000000, 1.00000000, 1.00000000
0.404040404040, 0.838383838384, 1.15262623, 1.00000000, 1.00000000, 1.00000000
0.404040404040, 0.848484848485, 1.15983494, 1.00000000, 1.00000000, 1.00000000
0.404040404040, 0.858585858586, 1.16639987, 1.00000000, 1.00000000, 1.00000000
0.404040404040, 0.868686868687, 1.17229440, 1.00000000, 1.00000000, 1.00000000
0.404040404040, 0.878787878788, 1.17749457, 1.00000000, 1.00000000, 1.00000000
0.404040404040, 0.888888888889, 1.18197926, 1.00000000, 1.00000000, 1.00000000
0.404040404040, 0.898989898990, 1.18573025, 1.00000000, 1.00000000, 1.00000000
0.404040404040, 0.909090909091, 1.18873230, 1.00000000, 1.00000000, 1.00000000
0.404040404040, 0.919191919192, 1.19097320, 1.00000000, 1.00000000, 1.00000000
0.404040404040, 0.929292929293, 1.19244391, 1.00000000, 1.00000000, 1.00000000
0.404040404040, 0.939393939394, 1.19313869, 1.00000000, 1.00000000, 1.00000000
0.404040404040, 0.949494949495, 1.19305567, 1.00000000, 1.00000000, 1.00000000
0.404040404040, 0.959595959596, 1.19219786, 1.00000000, 1.00000000, 1.00000000
0.414141414141, -0.000000000000, 1.17176627, 1.00000000, 1.00000000, 1.00000000
0.414141414141, 0.010101010101, 1.16627235, 1.00000000, 1.00000000, 1.00000000
0.414141414141, 0.020202020202, 1.16036108, 1.00000000, 1.00000000, 1.00000000
0.414141414141, 0.030303030303, 1.15405903, 1.00000000, 1.00000000, 1.00000000
0.414141414141, 0.040404040404, 1.14734306, 1.00000000, 1.00000000, 1.00000000
0.414141414141, 0.050505050505, 1.14014778, 1.00000000, 1.00000000, 1.00000000
0.414141414141, 0.060606060606, 1.13239171, 1.00000000, 1.00000000, 1.00000000
0.414141414141, 0.070707070707, 1.12401036, 1.00000000, 1.00000000, 1.00000000
0.414141414141, 0.080808080808, 1.11498040, 1.00000000, 1.00000000, 1.00000000
0.414141414141, 0.090909090909, 1.10532566, 1.00000000, 1.00000000, 1.00000000
0.414141414141, 0.101010101010, 1.09510640, 1.00000000, 1.00000000, 1.00000000
0.414141414141, 0.111111111111, 1.08440126, 1.00000000, 1.00000000, 1.00000000
0.414141414141, 0.121212121212, 1.07329119, 1.00000000, 1.00000000, 1.00000000
0.414141414141, 0.131313131313, 1.06185047, 1.00000000, 1.00000000, 1.00000000
0.414141414141, 0.141414141414, 1.05014435, 1.00000000, 1.00000000, 1.00000000
0.414141414141, 0.151515151515, 1.03823072, 1.00000000, 1.00000000, 1.00000000
0.414141414141, 0.161616161616, 1.02616286, 1.00000000, 1.00000000, 1.00000000
0.414141414141, 0.171717171717, 1.01399169, 1.00000000, 1.00000000, 1.00000000
0.414141414141, 0.181818181818, 1.00176718, 1.00000000, 1.00000000, 1.00000000
0.414141414141, 0.191919191919, 0.98953889, 1.00000000, 1.00000000, 1.00000000
0.414141414141, 0.202020202020, 0.97735619, 1.00000000, 1.00000000, 1.00000000
0.414141414141, 0.212121212121, 0.96526816, 1.00000000, 1.00000000, 1.00000000
0.414141414141, 0.222222222222, 0.95332343, 1.00000000, 1.00000000, 1.00000000
0.414141414141, 0.232323232323, 0.94157000, 1.00000000, 1.00000000, 1.00000000
0.414141414141, 0.242424242424, 0.93005505, 1.00000000, 1.00000000, 1.00000000
0.414141414141, 0.252525252525, 0.91882479, 1.00000000, 1.00000000, 1.00000000
0.414141414141, 0.262626262626, 0.90792419, 1.00000000, 1.00000000, 1.00000000
0.414141414141, 0.272727272727, 0.89739689, 1.00000000, 1.00000000, 1.00000000
0.414141414141, 0.282828282828, 0.88728498, 1.00000000, 1.00000000, 1.00000000
0.414141414141, 0.292929292929, 0.87762884, 1.00000000, 1.00000000, 1.00000000
0.414141414141, 0.303030303030, 0.86846699, 1.00000000, 1.00000000, 1.00000000
0.414141414141, 0.313131313131, 0.85983595, 1.00000000, 1.00000000, 1.00000000
0.414141414141, 0.323232323232, 0.85177007, 1.00000000, 1.00000000, 1.00000000
0.414141414141, 0.333333333333, 0.84430144, 1.00000000, 1.00000000, 1.00000000
0.414141414141, 0.343434343434, 0.83745974, 1.00000000, 1.00000000, 1.00000000
0.414141414141, 0.353535353535, 0.83127214, 1.00000000, 1.00000000, 1.00000000
0.414141414141, 0.363636363636, 0.82576320, 1.00000000, 1.00000000, 1.00000000
0.414141414141, 0.373737373737, 0.82095478, 1.00000000, 1.00000000, 1.00000000
0.414141414141, 0.383838383838, 0.81686597, 1.00000000, 1.00000000, 1.00000000
0.414141414141, 0.393939393939, 0.81351302, 1.00000000, 1.00000000, 1.00000000
0.414141414141, 0.404040404040, 0.81090925, 1.00000000, 1.00000000, 1.00000000
0.414141414141, 0.414141414141, 0.80906507, 1.00000000, 1.00000000, 1.00000000
0.414141414141, 0.424242424242, 0.80798788, 1.00000000, 1.00000000, 1.00000000
0.414141414141, 0.434343434343, 0.80768208, 1.00000000, 1.00000000, 1.00000000
0.414141414141, 0.444444444444, 0.80814885, 1.00000000, 1.00000000, 1.00000000
0.414141414141, 0.454545454545, 0.80938629, 1.00000000, 1.00000000, 1.00000000
0.414141414141, 0.464646464646, 0.81138944, 1.00000000, 1.00000000, 1.00000000
0.414141414141, 0.474747474747, 0.81415038, 1.00000000, 1.00000000, 1.00000000
0.414141414141, 0.484848484848, 0.81765815, 1.00000000, 1.00000000, 1.00000000
0.414141414141, 0.494949494949, 0.82189889, 1.00000000, 1.00000000, 1.00000000
0.414141414141, 0.505050505051, 0.82685581, 1.00000000, 1.00000000, 1.00000000
0.414141414141, 0.515151515152, 0.83250929, 1.00000000, 1.00000000, 1.00000000
0.414141414141, 0.525252525253, 0.83883692, 1.00000000, 1.00000000, 1.00000000
0.414141414141, 0.535353535354, 0.84581361, 1.00000000, 1.00000000, 1.00000000
0.414141414141, 0.545454545455, 0.85341167, 1.00000000, 1.00000000, 1.00000000
0.414141414141, 0.555555555556, 0.86160089, 1.00000000, 1.00000000, 1.00000000
0.414141414141, 0.565656565657, 0.87034869, 1.00000000, 1.00000000, 1.00000000
0.414141414141, 0.575757575758, 0.87962022, 1.00000000, 1.00000000, 1.00000000
0.414141414141, 0.585858585859, 0.88937849, 1.00000000, 1.00000000, 1.00000000
0.414141414141, 0.595959595960, 0.89958453, 1.00000000, 1.00000000, 1.00000000
0.414141414141, 0.606060606061, 0.91019754, 1.00000000, 1.00000000, 1.00000000
0.414141414141, 0.616161616162, 0.92117503, 1.00000000, 1.00000000, 1.00000000
0.414141414141, 0.626262626263, 0.93247301, 1.00000000, 1.00000000, 1.00000000
0.414141414141, 0.636363636364, 0.94404615, 1.00000000, 1.00000000, 1.00000000
0.414141414141, 0.646464646465, 0.95584798, 1.00000000, 1.00000000, 1.00000000
0.414141414141, 0.656565656566, 0.96783104, 1.00000000, 1.00000000, 1.00000000
0.414141414141, 0.666666666667, 0.97994713, 1.00000000, 1.00000000, 1.00000000
0.414141414141, 0.676767676768, 0.99214745, 1.00000000, 1.00000000, 1.00000000
0.414141414141, 0.686868686869, 1.00438281, 1.00000000, 1.00000000, 1.00000000
0.414141414141, 0.696969696970, 1.01660387, 1.00000000, 1.00000000, 1.00000000
0.414141414141, 0.707070707071, 1.02876129, 1.00000000, 1.00000000, 1.00000000
0.414141414141, 0.717171717172, 1.04080596, 1.00000000, 1.00000000, 1.00000000
0.414141414141, 0.727272727273, 1.05268919, 1.00000000, 1.00000000, 1.00000000
0.414141414141, 0.737373737374, 1.06436293, 1.00000000, 1.00000000, 1.00000000
0.414141414141, 0.747474747475, 1.07577994, 1.00000000, 1.00000000, 1.00000000
0.414141414141, 0.757575757576, 1.08689400, 1.00000000, 1.00000000, 1.00000000
0.414141414141, 0.767676767677, 1.09766010, 1.00000000, 1.00000000, 1.00000000
0.414141414141, 0.777777777778, 1.10803461, 1.00000000, 1.00000000, 1.00000000
0.414141414141, 0.787878787879, 1.11797549, 1.00000000, 1.00000000, 1.00000000
0.414141414141, 0.797979797980, 1.12744243, 1.00000000, 1.00000000, 1.00000000
0.414141414141, 0.808080808081, 1.13639705, 1.00000000, 1.00000000, 1.00000000
0.414141414141, 0.818181818182, 1.14480302, 1.00000000, 1.00000000, 1.00000000
0.414141414141, 0.828282828283, 1.15262623, 1.00000000, 1.00000000, 1.00000000
0.414141414141, 0.838383838384, 1.15983494, 1.00000000, 1.00000000, 1.00000000
0.414141414141, 0.848484848485, 1.16639987, 1.00000000, 1.00000000, 1.00000000
0.414141414141, 0.858585858586, 1.17229440, 1.00000000, 1.00000000, 1.00000000
0.414141414141, 0.868686868687, 1.17749457, 1.00000000, 1.00000000, 1.00000000
0.414141414141, 0.878787878788, 1.18197926, 1.00000000, 1.00000000, 1.00000000
0.414141414141, 0.888888888889, 1.18573025, 1.00000000, 1.00000000, 1.00000000
0.414141414141, 0.898989898990, 1.18873229, 1.00000000, 1.00000000, 1.00000000
0.414141414141, 0.909090909091, 1.19097316, 1.00000000, 1.00000000, 1.00000000
0.414141414141, 0.919191919192, 1.19244376, 1.00000000, 1.00000000, 1.00000000
0.414141414141, 0.929292929293, 1.19313814, 1.00000000, 1.00000000, 1.00000000
0.414141414141, 0.939393939394, 1.19305380, 1.00000000, 1.00000000, 1.00000000
0.414141414141, 0.949494949495, 1.19219218, 1.00000000, 1.00000000, 1.00000000
0.414141414141, 0.959595959596, 1.19055967, 1.00000000, 1.00000000, 1.00000000
0.424242424242, -0.000000000000, 1.16576801, 1.00000000, 1.00000000, 1.00000000
0.424242424242, 0.010101010101, 1.15964087, 1.00000000, 1.00000000, 1.00000000
0.424242424242, 0.020202020202, 1.15313520, 1.00000000, 1.00000000, 1.00000000
0.424242424242, 0.030303030303, 1.14627783, 1.00000000, 1.00000000, 1.00000000
0.424242424242, 0.040404040404, 1.13904268, 1.00000000, 1.00000000, 1.00000000
0.424242424242, 0.050505050505, 1.13135920, 1.00000000, 1.00000000, 1.00000000
0.424242424242, 0.060606060606, 1.12314068, 1.00000000, 1.00000000, 1.00000000
0.424242424242, 0.070707070707, 1.11431936, 1.00000000, 1.00000000, 1.00000000
0.424242424242, 0.080808080808, 1.10487182, 1.00000000, 1.00000000, 1.00000000
0.424242424242, 0.090909090909, 1.09482475, 1.00000000, 1.00000000, 1.00000000
0.424242424242, 0.101010101010, 1.08424316, 1.00000000, 1.00000000, 1.00000000
0.424242424242, 0.111111111111, 1.07321090, 1.00000000, 1.00000000, 1.00000000
0.424242424242, 0.121212121212, 1.06181357, 1.00000000, 1.00000000, 1.00000000
0.424242424242, 0.131313131313, 1.05012901, 1.00000000, 1.00000000, 1.00000000
0.424242424242, 0.141414141414, 1.03822496, 1.00000000, 1.00000000, 1.00000000
0.424242424242, 0.151515151515, 1.02616090, 1.00000000, 1.00000000, 1.00000000
0.424242424242, 0.161616161616, 1.01399109, 1.00000000, 1.00000000, 1.00000000
0.424242424242, 0.171717171717, 1.00176701, 1.00000000, 1.00000000, 1.00000000
0.424242424242, 0.181818181818, 0.98953885, 1.00000000, 1.00000000, 1.00000000
0.424242424242, 0.191919191919, 0.97735619, 1.00000000, 1.00000000, 1.00000000
0.424242424242, 0.202020202020, 0.96526816, 1.00000000, 1.00000000, 1.00000000
0.424242424242, 0.212121212121, 0.95332343, 1.00000000, 1.00000000, 1.00000000
0.424242424242, 0.222222222222, 0.94157000, 1.00000000, 1.00000000, 1.00000000
0.424242424242, 0.232323232323, 0.93005505, 1.00000000, 1.00000000, 1.00000000
0.424242424242, 0.242424242424, 0.91882479, 1.00000000, 1.00000000, 1.00000000
0.424242424242, 0.252525252525, 0.90792419, 1.00000000, 1.00000000, 1.00000000
0.424242424242, 0.262626262626, 0.89739689, 1.00000000, 1.00000000, 1.00000000
0.424242424242, 0.272727272727, 0.88728498, 1.00000000, 1.00000000, 1.00000000
0.424242424242, 0.282828282828, 0.87762884, 1.00000000, 1.00000000, 1.00000000
0.424242424242, 0.292929292929, 0.86846699, 1.00000000, 1.00000000, 1.00000000
0.424242424242, 0.303030303030, 0.85983595, 1.00000000, 1.00000000, 1.00000000
0.424242424242, 0.313131313131, 0.85177007, 1.00000000, 1.00000000, 1.00000000
0.424242424242, 0.323232323232, 0.84430144, 1.00000000, 1.00000000, 1.00000000
0.424242424242, 0.333333333333, 0.83745974, 1.00000000, 1.00000000, 1.00000000
0.424242424242, 0.343434343434, 0.83127214, 1.00000000, 1.00000000, 1.00000000
0.424242424242, 0.353535353535, 0.82576320, 1.00000000, 1.00000000, 1.00000000
0.424242424242, 0.363636363636, 0.82095478, 1.00000000, 1.00000000, 1.00000000
0.424242424242, 0.373737373737, 0.81686597, 1.00000000, 1.00000000, 1.00000000
0.424242424242, 0.383838383838, 0.81351302, 1.00000000, 1.00000000, 1.00000000
0.424242424242, 0.393939393939, 0.81090925, 1.00000000, 1.00000000, 1.00000000
0.424242424242, 0.404040404040, 0.80906507, 1.00000000, 1.00000000, 1.00000000
0.424242424242, 0.414141414141, 0.80798788, 1.00000000, 1.00000000, 1.00000000
0.424242424242, 0.424242424242, 0.80768208, 1.00000000, 1.00000000, 1.00000000
0.424242424242, 0.434343434343, 0.80814885, 1.00000000, 1.00000000, 1.00000000
0.424242424242, 0.444444444444, 0.80938629, 1.00000000, 1.00000000, 1.00000000
0.424242424242, 0.454545454545, 0.81138944, 1.00000000, 1.00000000, 1.00000000
0.424242424242, 0.464646464646, 0.81415038, 1.00000000, 1.00000000, 1.00000000
0.424242424242, 0.474747474747, 0.81765815, 1.00000000, 1.00000000, 1.00000000
0.424242424242, 0.484848484848, 0.82189889, 1.00000000, 1.00000000, 1.00000000
0.424242424242, 0.494949494949, 0.82685581, 1.00000000, 1.00000000, 1.00000000
0.424242424242, 0.505050505051, 0.83250929, 1.00000000, 1.00000000, 1.00000000
0.424242424242, 0.515151515152, 0.83883692, 1.00000000, 1.00000000, 1.00000000
0.424242424242, 0.525252525253, 0.84581361, 1.00000000, 1.00000000, 1.00000000
0.424242424242, 0.535353535354, 0.85341167, 1.00000000, 1.00000000, 1.00000000
0.424242424242, 0.545454545455, 0.86160089, 1.00000000, 1.00000000, 1.00000000
0.424242424242, 0.555555555556, 0.87034869, 1.00000000, 1.00000000, 1.00000000
0.424242424242, 0.565656565657, 0.87962022, 1.00000000, 1.00000000, 1.00000000
0.424242424242, 0.575757575758, 0.88937849, 1.00000000, 1.00000000, 1.00000000
0.424242424242, 0.585858585859, 0.89958453, 1.00000000, 1.00000000, 1.00000000
0.424242424242, 0.595959595960, 0.91019754, 1.00000000, 1.00000000, 1.00000000
0.424242424242, 0.606060606061, 0.92117503, 1.00000000, 1.00000000, 1.00000000
0.424242424242, 0.616161616162, 0.93247301, 1.00000000, 1.00000000, 1.00000000
0.424242424242, 0.626262626263, 0.94404615, 1.00000000, 1.00000000, 1.00000000
0.424242424242, 0.636363636364, 0.95584798, 1.00000000, 1.00000000, 1.00000000
0.424242424242, 0.646464646465, 0.96783104, 1.00000000, 1.00000000, 1.00000000
0.424242424242, 0.656565656566, 0.97994713, 1.00000000, 1.00000000, 1.00000000
0.424242424242, 0.666666666667, 0.99214745, 1.00000000, 1.00000000, 1.00000000
0.424242424242, 0.676767676768, 1.00438281, 1.00000000, 1.00000000, 1.00000000
0.424242424242, 0.686868686869, 1.01660387, 1.00000000, 1.00000000, 1.00000000
0.424242424242, 0.696969696970, 1.02876129, 1.00000000, 1.00000000, 1.00000000
0.424242424242, 0.707070707071, 1.04080596, 1.00000000, 1.00000000, 1.00000000
0.424242424242, 0.717171717172, 1.05268919, 1.00000000, 1.00000000, 1.00000000
0.424242424242, 0.727272727273, 1.06436293, 1.00000000, 1.00000000, 1.00000000
0.424242424242, 0.737373737374, 1.07577994, 1.00000000, 1.00000000, 1.00000000
0.424242424242, 0.747474747475, 1.08689400, 1.00000000, 1.00000000, 1.00000000
0.424242424242, 0.757575757576, 1.09766010, 1.00000000, 1.00000000, 1.00000000
0.424242424242, 0.767676767677, 1.10803461, 1.00000000, 1.00000000, 1.00000000
0.424242424242, 0.777777777778, 1.11797549, 1.00000000, 1.00000000, 1.00000000
0.424242424242, 0.787878787879, 1.12744243, 1.00000000, 1.00000000, 1.00000000
0.424242424242, 0.797979797980, 1.13639705, 1.00000000, 1.00000000, 1.00000000
0.424242424242, 0.808080808081, 1.14480302, 1.00000000, 1.00000000, 1.00000000
0.424242424242, 0.818181818182, 1.15262623, 1.00000000, 1.00000000, 1.00000000
0.424242424242, 0.828282828283, 1.15983494, 1.00000000, 1.00000000, 1.00000000
0.424242424242, 0.838383838384, 1.16639987, 1.00000000, 1.00000000, 1.00000000
0.424242424242, 0.848484848485, 1.17229440, 1.00000000, 1.00000000, 1.00000000
0.424242424242, 0.858585858586, 1.17749457, 1.00000000, 1.00000000, 1.00000000
0.424242424242, 0.868686868687, 1.18197926, 1.00000000, 1.00000000, 1.00000000
0.424242424242, 0.878787878788, 1.18573025, 1.00000000, 1.00000000, 1.00000000
0.424242424242, 0.888888888889, 1.18873229, 1.00000000, 1.00000000, 1.00000000
0.424242424242, 0.898989898990, 1.19097316, 1.00000000, 1.00000000, 1.00000000
0.424242424242, 0.909090909091, 1.19244372, 1.00000000, 1.00000000, 1.00000000
0.424242424242, 0.919191919192, 1.19313798, 1.00000000, 1.00000000, 1.00000000
0.424242424242, 0.929292929293, 1.19305320, 1.00000000, 1.00000000, 1.00000000
0.424242424242, 0.939393939394, 1.19219016, 1.00000000, 1.00000000, 1.00000000
0.424242424242, 0.949494949495, 1.19055352, 1.00000000, 1.00000000, 1.00000000
0.424242424242, 0.959595959596, 1.18815301, 1.00000000, 1.00000000, 1.00000000
0.434343434343, -0.000000000000, 1.15910249, 1.00000000, 1.00000000, 1.00000000
0.434343434343, 0.010101010101, 1.15236708, 1.00000000, 1.00000000, 1.00000000
0.434343434343, 0.020202020202, 1.14529337, 1.00000000, 1.00000000, 1.00000000
0.434343434343, 0.030303030303, 1.13790837, 1.00000000, 1.00000000, 1.00000000
0.434343434343, 0.040404040404, 1.13018315, 1.00000000, 1.00000000, 1.00000000
0.434343434343, 0.050505050505, 1.12204240, 1.00000000, 1.00000000, 1.00000000
0.434343434343, 0.060606060606, 1.11339458, 1.00000000, 1.00000000, 1.00000000
0.434343434343, 0.070707070707, 1.10416900, 1.00000000, 1.00000000, 1.00000000
0.434343434343, 0.080808080808, 1.09434221, 1.00000000, 1.00000000, 1.00000000
0.434343434343, 0.090909090909, 1.08394363, 1.00000000, 1.00000000, 1.00000000
0.434343434343, 0.101010101010, 1.07304270, 1.00000000, 1.00000000, 1.00000000
0.434343434343, 0.111111111111, 1.06172809, 1.00000000, 1.00000000, 1.00000000
0.434343434343, 0.121212121212, 1.05008970, 1.00000000, 1.00000000, 1.00000000
0.434343434343, 0.131313131313, 1.03820860, 1.00000000, 1.00000000, 1.00000000
0.434343434343, 0.141414141414, 1.02615475, 1.00000000, 1.00000000, 1.00000000
0.434343434343, 0.151515151515, 1.01398900, 1.00000000, 1.00000000, 1.00000000
0.434343434343, 0.161616161616, 1.00176637, 1.00000000, 1.00000000, 1.00000000
0.434343434343, 0.171717171717, 0.98953867, 1.00000000, 1.00000000, 1.00000000
0.434343434343, 0.181818181818, 0.97735614, 1.00000000, 1.00000000, 1.00000000
0.434343434343, 0.191919191919, 0.96526815, 1.00000000, 1.00000000, 1.00000000
0.434343434343, 0.202020202020, 0.95332343, 1.00000000, 1.00000000, 1.00000000
0.434343434343, 0.212121212121, 0.94157000, 1.00000000, 1.00000000, 1.00000000
0.434343434343, 0.222222222222, 0.93005505, 1.00000000, 1.00000000, 1.00000000
0.434343434343, 0.232323232323, 0.91882479, 1.00000000, 1.00000000, 1.00000000
0.434343434343, 0.242424242424, 0.90792419, 1.00000000, 1.00000000, 1.00000000
0.434343434343, 0.252525252525, 0.89739689, 1.00000000, 1.00000000, 1.00000000
0.434343434343, 0.262626262626, 0.88728498, 1.00000000, 1.00000000, 1.00000000
0.434343434343, 0.272727272727, 0.87762884, 1.00000000, 1.00000000, 1.00000000
0.434343434343, 0.282828282828, 0.86846699, 1.00000000, 1.00000000, 1.00000000
0.434343434343, 0.292929292929, 0.85983595, 1.00000000, 1.00000000, 1.00000000
0.434343434343, 0.303030303030, 0.85177007, 1.00000000, 1.00000000, 1.00000000
0.434343434343, 0.313131313131, 0.84430144, 1.00000000, 1.00000000, 1.00000000
0.434343434343, 0.323232323232, 0.83745974, 1.00000000, 1.00000000, 1.00000000
0.434343434343, 0.333333333333, 0.83127214, 1.00000000, 1.00000000, 1.00000000
0.434343434343, 0.343434343434, 0.82576320, 1.00000000, 1.00000000, 1.00000000
0.434343434343, 0.353535353535, 0.82095478, 1.00000000, 1.00000000, 1.00000000
0.434343434343, 0.363636363636, 0.81686597, 1.00000000, 1.00000000, 1.00000000
0.434343434343, 0.373737373737, 0.81351302, 1.00000000, 1.00000000, 1.00000000
0.434343434343, 0.383838383838, 0.81090925, 1.00000000, 1.00000000, 1.00000000
0.434343434343, 0.393939393939, 0.80906507, 1.00000000, 1.00000000, 1.00000000
0.434343434343, 0.404040404040, 0.80798788, 1.00000000, 1.00000000, 1.00000000
0.434343434343, 0.414141414141, 0.80768208, 1.00000000, 1.00000000, 1.00000000
0.434343434343, 0.424242424242, 0.80814885, 1.00000000, 1.00000000, 1.00000000
0.434343434343, 0.434343434343, 0.80938629, 1.00000000, 1.00000000, 1.00000000
0.434343434343, 0.444444444444, 0.81138944, 1.00000000, 1.00000000, 1.00000000
0.434343434343, 0.454545454545, 0.81415038, 1.00000000, 1.00000000, 1.00000000
0.434343434343, 0.464646464646, 0.81765815, 1.00000000, 1.00000000, 1.00000000
0.434343434343, 0.474747474747, 0.82189889, 1.00000000, 1.00000000, 1.00000000
0.434343434343, 0.484848484848, 0.82685581, 1.00000000, 1.00000000, 1.00000000
0.434343434343, 0.494949494949, 0.83250929, 1.00000000, 1.00000000, 1.00000000
0.434343434343, 0.505050505051, 0.83883692, 1.00000000, 1.00000000, 1.00000000
0.434343434343, 0.515151515152, 0.84581361, 1.00000000, 1.00000000, 1.00000000
0.434343434343, 0.525252525253, 0.85341167, 1.00000000, 1.00000000, 1.00000000
0.434343434343, 0.535353535354, 0.86160089, 1.00000000, 1.00000000, 1.00000000
0.434343434343, 0.545454545455, 0.87034869, 1.00000000, 1.00000000, 1.00000000
0.434343434343, 0.555555555556, 0.87962022, 1.00000000, 1.00000000, 1.00000000
0.434343434343, 0.565656565657, 0.88937849, 1.00000000, 1.00000000, 1.00000000
0.434343434343, 0.575757575758, 0.89958453, 1.00000000, 1.00000000, 1.00000000
0.434343434343, 0.585858585859, 0.91019754, 1.00000000, 1.00000000, 1.00000000
0.434343434343, 0.595959595960, 0.92117503, 1.00000000, 1.00000000, 1.00000000
0.434343434343, 0.606060606061, 0.93247301, 1.00000000, 1.00000000, 1.00000000
0.434343434343, 0.616161616162, 0.94404615, 1.00000000, 1.00000000, 1.00000000
0.434343434343, 0.626262626263, 0.95584798, 1.00000000, 1.00000000, 1.00000000
0.434343434343, 0.636363636364, 0.96783104, 1.00000000, 1.00000000, 1.00000000
0.434343434343, 0.646464646465, 0.97994713, 1.00000000, 1.00000000, 1.00000000
0.434343434343, 0.656565656566, 0.99214745, 1.00000000, 1.00000000, 1.00000000
0.434343434343, 0.666666666667, 1.00438281, 1.00000000, 1.00000000, 1.00000000
0.434343434343, 0.676767676768, 1.01660387, 1.00000000, 1.00000000, 1.00000000
0.434343434343, 0.686868686869, 1.02876129, 1.00000000, 1.00000000, 1.00000000
0.434343434343, 0.696969696970, 1.04080596, 1.00000000, 1.00000000, 1.00000000
0.434343434343, 0.707070707071, 1.05268919, 1.00000000, 1.00000000, 1.00000000
0.434343434343, 0.717171717172, 1.06436293, 1.00000000, 1.00000000, 1.00000000
0.434343434343, 0.727272727273, 1.07577994, 1.00000000, 1.00000000, 1.00000000
0.434343434343, 0.737373737374, 1.08689400, 1.00000000, 1.00000000, 1.00000000
0.434343434343, 0.747474747475, 1.09766010, 1.00000000, 1.00000000, 1.00000000
0.434343434343, 0.757575757576, 1.10803461, 1.00000000, 1.00000000, 1.00000000
0.434343434343, 0.767676767677, 1.11797549, 1.00000000, 1.00000000, 1.00000000
0.434343434343, 0.777777777778, 1.12744243, 1.00000000, 1.00000000, 1.00000000
0.434343434343, 0.787878787879, 1.13639705, 1.00000000, 1.00000000, 1.00000000
0.434343434343, 0.797979797980, 1.14480302, 1.00000000, 1.00000000, 1.00000000
0.434343434343, 0.808080808081, 1.15262623, 1.00000000, 1.00000000, 1.00000000
0.434343434343, 0.818181818182, 1.15983494, 1.00000000, 1.00000000, 1.00000000
0.434343434343, 0.828282828283, 1.16639987, 1.00000000, 1.00000000, 1.00000000
0.434343434343, 0.838383838384, 1.17229440, 1.00000000, 1.00000000, 1.00000000
0.434343434343, 0.848484848485, 1.17749457, 1.00000000, 1.00000000, 1.00000000
0.434343434343, 0.858585858586, 1.18197926, 1.00000000, 1.00000000, 1.00000000
0.434343434343, 0.868686868687, 1.18573025, 1.00000000, 1.00000000, 1.00000000
0.434343434343, 0.878787878788, 1.18873229, 1.00000000, 1.00000000, 1.00000000
0.434343434343, 0.888888888889, 1.19097315, 1.00000000, 1.00000000, 1.00000000
0.434343434343, 0.898989898990, 1.19244371, 1.00000000, 1.00000000, 1.00000000
0.434343434343, 0.909090909091, 1.19313793, 1.00000000, 1.00000000, 1.00000000
0.434343434343, 0.919191919192, 1.19305302, 1.00000000, 1.00000000, 1.00000000
0.434343434343, 0.929292929293, 1.19218951, 1.00000000, 1.00000000, 1.00000000
0.434343434343, 0.939393939394, 1.19055135, 1.00000000, 1.00000000, 1.00000000
0.434343434343, 0.949494949495, 1.18814642, 1.00000000, 1.00000000, 1.00000000
0.434343434343, 0.959595959596, 1.18498771, 1.00000000, 1.00000000, 1.00000000
0.444444444444, -0.000000000000, 1.15179681, 1.00000000, 1.00000000, 1.00000000
0.444444444444, 0.010101010101, 1.14448052, 1.00000000, 1.00000000, 1.00000000
0.444444444444, 0.020202020202, 1.13686743, 1.00000000, 1.00000000, 1.00000000
0.444444444444, 0.030303030303, 1.12898459, 1.00000000, 1.00000000, 1.00000000
0.444444444444, 0.040404040404, 1.12080040, 1.00000000, 1.00000000, 1.00000000
0.444444444444, 0.050505050505, 1.11223515, 1.00000000, 1.00000000, 1.00000000
0.444444444444, 0.060606060606, 1.10319291, 1.00000000, 1.00000000, 1.00000000
0.444444444444, 0.070707070707, 1.09360040, 1.00000000, 1.00000000, 1.00000000
0.444444444444, 0.080808080808, 1.08343423, 1.00000000, 1.00000000, 1.00000000
0.444444444444, 0.090909090909, 1.07272637, 1.00000000, 1.00000000, 1.00000000
0.444444444444, 0.101010101010, 1.06155035, 1.00000000, 1.00000000, 1.00000000
0.444444444444, 0.111111111111, 1.04999930, 1.00000000, 1.00000000, 1.00000000
0.444444444444, 0.121212121212, 1.03816698, 1.00000000, 1.00000000, 1.00000000
0.444444444444, 0.131313131313, 1.02613741, 1.00000000, 1.00000000, 1.00000000
0.444444444444, 0.141414141414, 1.01398247, 1.00000000, 1.00000000, 1.00000000
0.444444444444, 0.151515151515, 1.00176414, 1.00000000, 1.00000000, 1.00000000
0.444444444444, 0.161616161616, 0.98953799, 1.00000000, 1.00000000, 1.00000000
0.444444444444, 0.171717171717, 0.97735595, 1.00000000, 1.00000000, 1.00000000
0.444444444444, 0.181818181818, 0.96526811, 1.00000000, 1.00000000, 1.00000000
0.444444444444, 0.191919191919, 0.95332342, 1.00000000, 1.00000000, 1.00000000
0.444444444444, 0.202020202020, 0.94156999, 1.00000000, 1.00000000, 1.00000000
0.444444444444, 0.212121212121, 0.93005505, 1.00000000, 1.00000000, 1.00000000
0.444444444444, 0.222222222222, 0.91882479, 1.00000000, 1.00000000, 1.00000000
0.444444444444, 0.232323232323, 0.90792419, 1.00000000, 1.00000000, 1.00000000
0.444444444444, 0.242424242424, 0.89739689, 1.00000000, 1.00000000, 1.00000000
0.444444444444, 0.252525252525, 0.88728498, 1.00000000, 1.00000000, 1.00000000
0.444444444444, 0.262626262626, 0.87762884, 1.00000000, 1.00000000, 1.00000000
0.444444444444, 0.272727272727, 0.86846699, 1.00000000, 1.00000000, 1.00000000
0.444444444444, 0.282828282828, 0.85983595, 1.00000000, 1.00000000, 1.00000000
0.444444444444, 0.292929292929, 0.85177007, 1.00000000, 1.00000000, 1.00000000
0.444444444444, 0.303030303030, 0.84430144, 1.00000000, 1.00000000, 1.00000000
0.444444444444, 0.313131313131, 0.83745974, 1.00000000, 1.00000000, 1.00000000
0.444444444444, 0.323232323232, 0.83127214, 1.00000000, 1.00000000, 1.00000000
0.444444444444, 0.333333333333, 0.82576320, 1.00000000, 1.00000000, 1.00000000
0.444444444444, 0.343434343434, 0.82095478, 1.00000000, 1.00000000, 1.00000000
0.444444444444, 0.353535353535, 0.81686597, 1.00000000, 1.00000000, 1.00000000
0.444444444444, 0.363636363636, 0.81351302, 1.00000000, 1.00000000, 1.00000000
0.444444444444, 0.373737373737, 0.81090925, 1.00000000, 1.00000000, 1.00000000
0.444444444444, 0.383838383838, 0.80906507, 1.00000000, 1.00000000, 1.00000000
0.444444444444, 0.393939393939, 0.80798788, 1.00000000, 1.00000000, 1.00000000
0.444444444444, 0.404040404040, 0.80768208, 1.00000000, 1.00000000, 1.00000000
0.444444444444, 0.414141414141, 0.80814885, 1.00000000, 1.00000000, 1.00000000
0.444444444444, 0.424242424242, 0.80938629, 1.00000000, 1.00000000, 1.00000000
0.444444444444, 0.434343434343, 0.81138944, 1.00000000, 1.00000000, 1.00000000
0.444444444444, 0.444444444444, 0.81415038, 1.00000000, 1.00000000, 1.00000000
0.444444444444, 0.454545454545, 0.81765815, 1.00000000, 1.00000000, 1.00000000
0.444444444444, 0.464646464646, 0.82189889, 1.00000000, 1.00000000, 1.00000000
0.444444444444, 0.474747474747, 0.82685581, 1.00000000, 1.00000000, 1.00000000
0.444444444444, 0.484848484848, 0.83250929, 1.00000000, 1.00000000, 1.00000000
0.444444444444, 0.494949494949, 0.83883692, 1.00000000, 1.00000000, 1.00000000
0.444444444444, 0.505050505051, 0.84581361, 1.00000000, 1.00000000, 1.00000000
0.444444444444, 0.515151515152, 0.85341167, 1.00000000, 1.00000000, 1.00000000
0.444444444444, 0.525252525253, 0.86160089, 1.00000000, 1.00000000, 1.00000000
0.444444444444, 0.535353535354, 0.87034869, 1.00000000, 1.00000000, 1.00000000
0.444444444444, 0.545454545455, 0.87962022, 1.00000000, 1.00000000, 1.00000000
0.444444444444, 0.555555555556, 0.88937849, 1.00000000, 1.00000000, 1.00000000
0.444444444444, 0.565656565657, 0.89958453, 1.00000000, 1.00000000, 1.00000000
0.444444444444, 0.575757575758, 0.91019754, 1.00000000, 1.00000000, 1.00000000
0.444444444444, 0.585858585859, 0.92117503, 1.00000000, 1.00000000, 1.00000000
0.444444444444, 0.595959595960, 0.93247301, 1.00000000, 1.00000000, 1.00000000
0.444444444444, 0.606060606061, 0.94404615, 1.00000000, 1.00000000, 1.00000000
0.444444444444, 0.616161616162, 0.95584798, 1.00000000, 1.00000000, 1.00000000
0.444444444444, 0.626262626263, 0.96783104, 1.00000000, 1.00000000, 1.00000000
0.444444444444, 0.636363636364, 0.97994713, 1.00000000, 1.00000000, 1.00000000
0.444444444444, 0.646464646465, 0.99214745, 1.00000000, 1.00000000, 1.00000000
0.444444444444, 0.656565656566, 1.00438281, 1.00000000, 1.00000000, 1.00000000
0.444444444444, 0.666666666667, 1.01660387, 1.00000000, 1.00000000, 1.00000000
0.444444444444, 0.676767676768, 1.02876129, 1.00000000, 1.00000000, 1.00000000
0.444444444444, 0.686868686869, 1.04080596, 1.00000000, 1.00000000, 1.00000000
0.444444444444, 0.696969696970, 1.05268919, 1.00000000, 1.00000000, 1.00000000
0.444444444444, 0.707070707071, 1.06436293, 1.00000000, 1.00000000, 1.00000000
0.444444444444, 0.717171717172, 1.07577994, 1.00000000, 1.00000000, 1.00000000
0.444444444444, 0.727272727273, 1.08689400, 1.00000000, 1.00000000, 1.00000000
0.444444444444, 0.737373737374, 1.09766010, 1.00000000, 1.00000000, 1.00000000
0.444444444444, 0.747474747475, 1.10803461, 1.00000000, 1.00000000, 1.00000000
0.444444444444, 0.757575757576, 1.11797549, 1.00000000, 1.00000000, 1.00000000
0.444444444444, 0.767676767677, 1.12744243, 1.00000000, 1.00000000, 1.00000000
0.444444444444, 0.777777777778, 1.13639705, 1.00000000, 1.00000000, 1.00000000
0.444444444444, 0.787878787879, 1.14480302, 1.00000000, 1.00000000, 1.00000000
0.444444444444, 0.797979797980, 1.15262623, 1.00000000, 1.00000000, 1.00000000
0.444444444444, 0.808080808081, 1.15983494, 1.00000000, 1.00000000, 1.00000000
0.444444444444, 0.818181818182, 1.16639987, 1.00000000, 1.00000000, 1.00000000
0.444444444444, 0.828282828283, 1.17229440, 1.00000000, 1.00000000, 1.00000000
0.444444444444, 0.838383838384, 1.17749457, 1.00000000, 1.00000000, 1.00000000
0.444444444444, 0.848484848485, 1.18197926, 1.00000000, 1.00000000, 1.00000000
0.444444444444, 0.858585858586, 1.18573025, 1.00000000, 1.00000000, 1.00000000
0.444444444444, 0.868686868687, 1.18873229, 1.00000000, 1.00000000, 1.00000000
0.444444444444, 0.878787878788, 1.19097315, 1.00000000, 1.00000000, 1.00000000
0.444444444444, 0.888888888889, 1.19244371, 1.00000000, 1.00000000, 1.00000000
0.444444444444, 0.898989898990, 1.19313792, 1.00000000, 1.00000000, 1.00000000
0.444444444444, 0.909090909091, 1.19305298, 1.00000000, 1.00000000, 1.00000000
0.444444444444, 0.919191919192, 1.19218933, 1.00000000, 1.00000000, 1.00000000
0.444444444444, 0.929292929293, 1.19055066, 1.00000000, 1.00000000, 1.00000000
0.444444444444, 0.939393939394, 1.18814410, 1.00000000, 1.00000000, 1.00000000
0.444444444444, 0.949494949495, 1.18498068, 1.00000000, 1.00000000, 1.00000000
0.444444444444, 0.959595959596, 1.18107667, 1.00000000, 1.00000000, 1.00000000
0.454545454545, -0.000000000000, 1.14388063, 1.00000000, 1.00000000, 1.00000000
0.454545454545, 0.010101010101, 1.13601319, 1.00000000, 1.00000000, 1.00000000
0.454545454545, 0.020202020202, 1.12789156, 1.00000000, 1.00000000, 1.00000000
0.454545454545, 0.030303030303, 1.11954270, 1.00000000, 1.00000000, 1.00000000
0.454545454545, 0.040404040404, 1.11093249, 1.00000000, 1.00000000, 1.00000000
0.454545454545, 0.050505050505, 1.10197721, 1.00000000, 1.00000000, 1.00000000
0.454545454545, 0.060606060606, 1.09257704, 1.00000000, 1.00000000, 1.00000000
0.454545454545, 0.070707070707, 1.08265641, 1.00000000, 1.00000000, 1.00000000
0.454545454545, 0.080808080808, 1.07219206, 1.00000000, 1.00000000, 1.00000000
0.454545454545, 0.090909090909, 1.06121838, 1.00000000, 1.00000000, 1.00000000
0.454545454545, 0.101010101010, 1.04981263, 1.00000000, 1.00000000, 1.00000000
0.454545454545, 0.111111111111, 1.03807195, 1.00000000, 1.00000000, 1.00000000
0.454545454545, 0.121212121212, 1.02609360, 1.00000000, 1.00000000, 1.00000000
0.454545454545, 0.131313131313, 1.01396419, 1.00000000, 1.00000000, 1.00000000
0.454545454545, 0.141414141414, 1.00175725, 1.00000000, 1.00000000, 1.00000000
0.454545454545, 0.151515151515, 0.98953564, 1.00000000, 1.00000000, 1.00000000
0.454545454545, 0.161616161616, 0.97735523, 1.00000000, 1.00000000, 1.00000000
0.454545454545, 0.171717171717, 0.96526791, 1.00000000, 1.00000000, 1.00000000
0.454545454545, 0.181818181818, 0.95332337, 1.00000000, 1.00000000, 1.00000000
0.454545454545, 0.191919191919, 0.94156998, 1.00000000, 1.00000000, 1.00000000
0.454545454545, 0.202020202020, 0.93005505, 1.00000000, 1.00000000, 1.00000000
0.454545454545, 0.212121212121, 0.91882479, 1.00000000, 1.00000000, 1.00000000
0.454545454545, 0.222222222222, 0.90792419, 1.00000000, 1.00000000, 1.00000000
0.454545454545, 0.232323232323, 0.89739689, 1.00000000, 1.00000000, 1.00000000
0.454545454545, 0.242424242424, 0.88728498, 1.00000000, 1.00000000, 1.00000000
0.454545454545, 0.252525252525, 0.87762884, 1.00000000, 1.00000000, 1.00000000
0.454545454545, 0.262626262626, 0.86846699, 1.00000000, 1.00000000, 1.00000000
0.454545454545, 0.272727272727, 0.85983595, 1.00000000, 1.00000000, 1.00000000
0.454545454545, 0.282828282828, 0.85177007, 1.00000000, 1.00000000, 1.00000000
0.454545454545, 0.292929292929, 0.84430144, 1.00000000, 1.00000000, 1.00000000
0.454545454545, 0.303030303030, 0.83745974, 1.00000000, 1.00000000, 1.00000000
0.454545454545, 0.313131313131, 0.83127214, 1.00000000, 1.00000000, 1.00000000
0.454545454545, 0.323232323232, 0.82576320, 1.00000000, 1.00000000, 1.00000000
0.454545454545, 0.333333333333, 0.82095478, 1.00000000, 1.00000000, 1.00000000
0.454545454545, 0.343434343434, 0.81686597, 1.00000000, 1.00000000, 1.00000000
0.454545454545, 0.353535353535, 0.81351302, 1.00000000, 1.00000000, 1.00000000
0.454545454545, 0.363636363636, 0.81090925, 1.00000000, 1.00000000, 1.00000000
0.454545454545, 0.373737373737, 0.80906507, 1.00000000, 1.00000000, 1.00000000
0.454545454545, 0.383838383838, 0.80798788, 1.00000000, 1.00000000, 1.00000000
0.454545454545, 0.393939393939, 0.80768208, 1.00000000, 1.00000000, 1.00000000
0.454545454545, 0.404040404040, 0.80814885, 1.00000000, 1.00000000, 1.00000000
0.454545454545, 0.414141414141, 0.80938629, 1.00000000, 1.00000000, 1.00000000
0.454545454545, 0.424242424242, 0.81138944, 1.00000000, 1.00000000, 1.00000000
0.454545454545, 0.434343434343, 0.81415038, 1.00000000, 1.00000000, 1.00000000
0.454545454545, 0.444444444444, 0.81765815, 1.00000000, 1.00000000, 1.00000000
0.454545454545, 0.454545454545, 0.82189889, 1.00000000, 1.00000000, 1.00000000
0.454545454545, 0.464646464646, 0.82685581, 1.00000000, 1.00000000, 1.00000000
0.454545454545, 0.474747474747, 0.83250929, 1.00000000, 1.00000000, 1.00000000
0.454545454545, 0.484848484848, 0.83883692, 1.00000000, 1.00000000, 1.00000000
0.454545454545, 0.494949494949, 0.84581361, 1.00000000, 1.00000000, 1.00000000
0.454545454545, 0.505050505051, 0.85341167, 1.00000000, 1.00000000, 1.00000000
0.454545454545, 0.515151515152, 0.86160089, 1.00000000, 1.00000000, 1.00000000
0.454545454545, 0.525252525253, 0.87034869, 1.00000000, 1.00000000, 1.00000000
0.454545454545, 0.535353535354, 0.87962022, 1.00000000, 1.00000000, 1.00000000
0.454545454545, 0.545454545455, 0.88937849, 1.00000000, 1.00000000, 1.00000000
0.454545454545, 0.555555555556, 0.89958453, 1.00000000, 1.00000000, 1.00000000
0.454545454545, 0.565656565657, 0.91019754, 1.00000000, 1.00000000, 1.00000000
0.454545454545, 0.575757575758, 0.92117503, 1.00000000, 1.00000000, 1.00000000
0.454545454545, 0.585858585859, 0.93247301, 1.00000000, 1.00000000, 1.00000000
0.454545454545, 0.595959595960, 0.94404615, 1.00000000, 1.00000000, 1.00000000
0.454545454545, 0.606060606061, 0.95584798, 1.00000000, 1.00000000, 1.00000000
0.454545454545, 0.616161616162, 0.96783104, 1.00000000, 1.00000000, 1.00000000
0.454545454545, 0.626262626263, 0.97994713, 1.00000000, 1.00000000, 1.00000000
0.454545454545, 0.636363636364, 0.99214745, 1.00000000, 1.00000000, 1.00000000
0.454545454545, 0.646464646465, 1.00438281, 1.00000000, 1.00000000, 1.00000000
0.454545454545, 0.656565656566, 1.01660387, 1.00000000, 1.00000000, 1.00000000
0.454545454545, 0.666666666667, 1.02876129, 1.00000000, 1.00000000, 1.00000000
0.454545454545, 0.676767676768, 1.04080596, 1.00000000, 1.00000000, 1.00000000
0.454545454545, 0.686868686869, 1.05268919, 1.00000000, 1.00000000, 1.00000000
0.454545454545, 0.696969696970, 1.06436293, 1.00000000, 1.00000000, 1.00000000
0.454545454545, 0.707070707071, 1.07577994, 1.00000000, 1.00000000, 1.00000000
0.454545454545, 0.717171717172, 1.08689400, 1.00000000, 1.00000000, 1.00000000
0.454545454545, 0.727272727273, 1.09766010, 1.00000000, 1.00000000, 1.00000000
0.454545454545, 0.737373737374, 1.10803461, 1.00000000, 1.00000000, 1.00000000
0.454545454545, 0.747474747475, 1.11797549, 1.00000000, 1.00000000, 1.00000000
0.454545454545, 0.757575757576, 1.12744243, 1.00000000, 1.00000000, 1.00000000
0.454545454545, 0.767676767677, 1.13639705, 1.00000000, 1.00000000, 1.00000000
0.454545454545, 0.777777777778, 1.14480302, 1.00000000, 1.00000000, 1.00000000
0.454545454545, 0.787878787879, 1.15262623, 1.00000000, 1.00000000, 1.00000000
0.454545454545, 0.797979797980, 1.15983494, 1.00000000, 1.00000000, 1.00000000
0.454545454545, 0.808080808081, 1.16639987, 1.00000000, 1.00000000, 1.00000000
0.454545454545, 0.818181818182, 1.17229440, 1.00000000, 1.00000000, 1.00000000
0.454545454545, 0.828282828283, 1.17749457, 1.00000000, 1.00000000, 1.00000000
0.454545454545, 0.838383838384, 1.18197926, 1.00000000, 1.00000000, 1.00000000
0.454545454545, 0.848484848485, 1.18573025, 1.00000000, 1.00000000, 1.00000000
0.454545454545, 0.858585858586, 1.18873229, 1.00000000, 1.00000000, 1.00000000
0.454545454545, 0.868686868687, 1.19097315, 1.00000000, 1.00000000, 1.00000000
0.454545454545, 0.878787878788, 1.19244371, 1.00000000, 1.00000000, 1.00000000
0.454545454545, 0.888888888889, 1.19313792, 1.00000000, 1.00000000, 1.00000000
0.454545454545, 0.898989898990, 1.19305297, 1.00000000, 1.00000000, 1.00000000
0.454545454545, 0.909090909091, 1.19218928, 1.00000000, 1.00000000, 1.00000000
0.454545454545, 0.919191919192, 1.19055047, 1.00000000, 1.00000000, 1.00000000
0.454545454545, 0.929292929293, 1.18814336, 1.00000000, 1.00000000, 1.00000000
0.454545454545, 0.939393939394, 1.18497822, 1.00000000, 1.00000000, 1.00000000
0.454545454545, 0.949494949495, 1.18106922, 1.00000000, 1.00000000, 1.00000000
0.454545454545, 0.959595959596, 1.17643580, 1.00000000, 1.00000000, 1.00000000
0.464646464646, -0.000000000000, 1.13538608, 1.00000000, 1.00000000, 1.00000000
0.464646464646, 0.010101010101, 1.12699945, 1.00000000, 1.00000000, 1.00000000
0.464646464646, 0.020202020202, 1.11840216, 1.00000000, 1.00000000, 1.00000000
0.464646464646, 0.030303030303, 1.10962097, 1.00000000, 1.00000000, 1.00000000
0.464646464646, 0.040404040404, 1.10061941, 1.00000000, 1.00000000, 1.00000000
0.464646464646, 0.050505050505, 1.09131017, 1.00000000, 1.00000000, 1.00000000
0.464646464646, 0.060606060606, 1.08158998, 1.00000000, 1.00000000, 1.00000000
0.464646464646, 0.070707070707, 1.07138135, 1.00000000, 1.00000000, 1.00000000
0.464646464646, 0.080808080808, 1.06066124, 1.00000000, 1.00000000, 1.00000000
0.464646464646, 0.090909090909, 1.04946625, 1.00000000, 1.00000000, 1.00000000
0.464646464646, 0.101010101010, 1.03787701, 1.00000000, 1.00000000, 1.00000000
0.464646464646, 0.111111111111, 1.02599426, 1.00000000, 1.00000000, 1.00000000
0.464646464646, 0.121212121212, 1.01391834, 1.00000000, 1.00000000, 1.00000000
0.464646464646, 0.131313131313, 1.00173809, 1.00000000, 1.00000000, 1.00000000
0.464646464646, 0.141414141414, 0.98952840, 1.00000000, 1.00000000, 1.00000000
0.464646464646, 0.151515151515, 0.97735276, 1.00000000, 1.00000000, 1.00000000
0.464646464646, 0.161616161616, 0.96526714, 1.00000000, 1.00000000, 1.00000000
0.464646464646, 0.171717171717, 0.95332316, 1.00000000, 1.00000000, 1.00000000
0.464646464646, 0.181818181818, 0.94156993, 1.00000000, 1.00000000, 1.00000000
0.464646464646, 0.191919191919, 0.93005504, 1.00000000, 1.00000000, 1.00000000
0.464646464646, 0.202020202020, 0.91882478, 1.00000000, 1.00000000, 1.00000000
0.464646464646, 0.212121212121, 0.90792419, 1.00000000, 1.00000000, 1.00000000
0.464646464646, 0.222222222222, 0.89739689, 1.00000000, 1.00000000, 1.00000000
0.464646464646, 0.232323232323, 0.88728498, 1.00000000, 1.00000000, 1.00000000
0.464646464646, 0.242424242424, 0.87762884, 1.00000000, 1.00000000, 1.00000000
0.464646464646, 0.252525252525, 0.86846699, 1.00000000, 1.00000000, 1.00000000
0.464646464646, 0.262626262626, 0.85983595, 1.00000000, 1.00000000, 1.00000000
0.464646464646, 0.272727272727, 0.85177007, 1.00000000, 1.00000000, 1.00000000
0.464646464646, 0.282828282828, 0.84430144, 1.00000000, 1.00000000, 1.00000000
0.464646464646, 0.292929292929, 0.83745974, 1.00000000, 1.00000000, 1.00000000
0.464646464646, 0.303030303030, 0.83127214, 1.00000000, 1.00000000, 1.00000000
0.464646464646, 0.313131313131, 0.82576320, 1.00000000, 1.00000000, 1.00000000
0.464646464646, 0.323232323232, 0.82095478, 1.00000000, 1.00000000, 1.00000000
0.464646464646, 0.333333333333, 0.81686597, 1.00000000, 1.00000000, 1.00000000
0.464646464646, 0.343434343434, 0.81351302, 1.00000000, 1.00000000, 1.00000000
0.464646464646, 0.353535353535, 0.81090925, 1.00000000, 1.00000000, 1.00000000
0.464646464646, 0.363636363636, 0.80906507, 1.00000000, 1.00000000, 1.00000000
0.464646464646, 0.373737373737, 0.80798788, 1.00000000, 1.00000000, 1.00000000
0.464646464646, 0.383838383838, 0.80768208, 1.00000000, 1.00000000, 1.00000000
0.464646464646, 0.393939393939, 0.80814885, 1.00000000, 1.00000000, 1.00000000
0.464646464646, 0.404040404040, 0.80938629, 1.00000000, 1.00000000, 1.00000000
0.464646464646, 0.414141414141, 0.81138944, 1.00000000, 1.00000000, 1.00000000
0.464646464646, 0.424242424242, 0.81415038, 1.00000000, 1.00000000, 1.00000000
0.464646464646, 0.434343434343, 0.81765815, 1.00000000, 1.00000000, 1.00000000
0.464646464646, 0.444444444444, 0.82189889, 1.00000000, 1.00000000, 1.00000000
0.464646464646, 0.454545454545, 0.82685581, 1.00000000, 1.00000000, 1.00000000
0.464646464646, 0.464646464646, 0.83250929, 1.00000000, 1.00000000, 1.00000000
0.464646464646, 0.474747474747, 0.83883692, 1.00000000, 1.00000000, 1.00000000
0.464646464646, 0.484848484848, 0.84581361, 1.00000000, 1.00000000, 1.00000000
0.464646464646, 0.494949494949, 0.85341167, 1.00000000, 1.00000000, 1.00000000
0.464646464646, 0.505050505051, 0.86160089, 1.00000000, 1.00000000, 1.00000000
0.464646464646, 0.515151515152, 0.87034869, 1.00000000, 1.00000000, 1.00000000
0.464646464646, 0.525252525253, 0.87962022, 1.00000000, 1.00000000, 1.00000000
0.464646464646, 0.535353535354, 0.88937849, 1.00000000, 1.00000000, 1.00000000
0.464646464646, 0.545454545455, 0.89958453, 1.00000000, 1.00000000, 1.00000000
0.464646464646, 0.555555555556, 0.91019754, 1.00000000, 1.00000000, 1.00000000
0.464646464646, 0.565656565657, 0.92117503, 1.00000000, 1.00000000, 1.00000000
0.464646464646, 0.575757575758, 0.93247301, 1.00000000, 1.00000000, 1.00000000
0.464646464646, 0.585858585859, 0.94404615, 1.00000000, 1.00000000, 1.00000000
0.464646464646, 0.595959595960, 0.95584798, 1.00000000, 1.00000000, 1.00000000
0.464646464646, 0.606060606061, 0.96783104, 1.00000000, 1.00000000, 1.00000000
0.464646464646, 0.616161616162, 0.97994713, 1.00000000, 1.00000000, 1.00000000
0.464646464646, 0.626262626263, 0.99214745, 1.00000000, 1.00000000, 1.00000000
0.464646464646, 0.636363636364, 1.00438281, 1.00000000, 1.00000000, 1.00000000
0.464646464646, 0.646464646465, 1.01660387, 1.00000000, 1.00000000, 1.00000000
0.464646464646, 0.656565656566, 1.02876129, 1.00000000, 1.00000000, 1.00000000
0.464646464646, 0.666666666667, 1.04080596, 1.00000000, 1.00000000, 1.00000000
0.464646464646, 0.676767676768, 1.05268919, 1.00000000, 1.00000000, 1.00000000
0.464646464646, 0.686868686869, 1.06436293, 1.00000000, 1.00000000, 1.00000000
0.464646464646, 0.696969696970, 1.07577994, 1.00000000, 1.00000000, 1.00000000
0.464646464646, 0.707070707071, 1.08689400, 1.00000000, 1.00000000, 1.00000000
0.464646464646, 0.717171717172, 1.09766010, 1.00000000, 1.00000000, 1.00000000
0.464646464646, 0.727272727273, 1.10803461, 1.00000000, 1.00000000, 1.00000000
0.464646464646, 0.737373737374, 1.11797549, 1.00000000, 1.00000000, 1.00000000
0.464646464646, 0.747474747475, 1.12744243, 1.00000000, 1.00000000, 1.00000000
0.464646464646, 0.757575757576, 1.13639705, 1.00000000, 1.00000000, 1.00000000
0.464646464646, 0.767676767677, 1.14480302, 1.00000000, 1.00000000, 1.00000000
0.464646464646, 0.777777777778, 1.15262623, 1.00000000, 1.00000000, 1.00000000
0.464646464646, 0.787878787879, 1.15983494, 1.00000000, 1.00000000, 1.00000000
0.464646464646, 0.797979797980, 1.16639987, 1.00000000, 1.00000000, 1.00000000
0.464646464646, 0.808080808081, 1.17229440, 1.00000000, 1.00000000, 1.00000000
0.464646464646, 0.818181818182, 1.17749457, 1.00000000, 1.00000000, 1.00000000
0.464646464646, 0.828282828283, 1.18197926, 1.00000000, 1.00000000, 1.00000000
0.464646464646, 0.838383838384, 1.18573025, 1.00000000, 1.00000000, 1.00000000
0.464646464646, 0.848484848485, 1.18873229, 1.00000000, 1.00000000, 1.00000000
0.464646464646, 0.858585858586, 1.19097315, 1.00000000, 1.00000000, 1.00000000
0.464646464646, 0.868686868687, 1.19244371, 1.00000000, 1.00000000, 1.00000000
0.464646464646, 0.878787878788, 1.19313792, 1.00000000, 1.00000000, 1.00000000
0.464646464646, 0.888888888889, 1.19305297, 1.00000000, 1.00000000, 1.00000000
0.464646464646, 0.898989898990, 1.19218927, 1.00000000, 1.00000000, 1.00000000
0.464646464646, 0.909090909091, 1.19055042, 1.00000000, 1.00000000, 1.00000000
0.464646464646, 0.919191919192, 1.18814316, 1.00000000, 1.00000000, 1.00000000
0.464646464646, 0.929292929293, 1.18497745, 1.00000000, 1.00000000, 1.00000000
0.464646464646, 0.939393939394, 1.18106662, 1.00000000, 1.00000000, 1.00000000
0.464646464646, 0.949494949495, 1.17642794, 1.00000000, 1.00000000, 1.00000000
0.464646464646, 0.959595959596, 1.17108398, 1.00000000, 1.00000000, 1.00000000
0.474747474747, -0.000000000000, 1.12634761, 1.00000000, 1.00000000, 1.00000000
0.474747474747, 0.010101010101, 1.11747585, 1.00000000, 1.00000000, 1.00000000
0.474747474747, 0.020202020202, 1.10843770, 1.00000000, 1.00000000, 1.00000000
0.474747474747, 0.030303030303, 1.09925961, 1.00000000, 1.00000000, 1.00000000
0.474747474747, 0.040404040404, 1.08990296, 1.00000000, 1.00000000, 1.00000000
0.474747474747, 0.050505050505, 1.08027723, 1.00000000, 1.00000000, 1.00000000
0.474747474747, 0.060606060606, 1.07027624, 1.00000000, 1.00000000, 1.00000000
0.474747474747, 0.070707070707, 1.05982087, 1.00000000, 1.00000000, 1.00000000
0.474747474747, 0.080808080808, 1.04888843, 1.00000000, 1.00000000, 1.00000000
0.474747474747, 0.090909090909, 1.03751750, 1.00000000, 1.00000000, 1.00000000
0.474747474747, 0.101010101010, 1.02579174, 1.00000000, 1.00000000, 1.00000000
0.474747474747, 0.111111111111, 1.01381501, 1.00000000, 1.00000000, 1.00000000
0.474747474747, 0.121212121212, 1.00169034, 1.00000000, 1.00000000, 1.00000000
0.474747474747, 0.131313131313, 0.98950841, 1.00000000, 1.00000000, 1.00000000
0.474747474747, 0.141414141414, 0.97734519, 1.00000000, 1.00000000, 1.00000000
0.474747474747, 0.151515151515, 0.96526455, 1.00000000, 1.00000000, 1.00000000
0.474747474747, 0.161616161616, 0.95332236, 1.00000000, 1.00000000, 1.00000000
0.474747474747, 0.171717171717, 0.94156971, 1.00000000, 1.00000000, 1.00000000
0.474747474747, 0.181818181818, 0.93005498, 1.00000000, 1.00000000, 1.00000000
0.474747474747, 0.191919191919, 0.91882477, 1.00000000, 1.00000000, 1.00000000
0.474747474747, 0.202020202020, 0.90792419, 1.00000000, 1.00000000, 1.00000000
0.474747474747, 0.212121212121, 0.89739689, 1.00000000, 1.00000000, 1.00000000
0.474747474747, 0.222222222222, 0.88728498, 1.00000000, 1.00000000, 1.00000000
0.474747474747, 0.232323232323, 0.87762884, 1.00000000, 1.00000000, 1.00000000
0.474747474747, 0.242424242424, 0.86846699, 1.00000000, 1.00000000, 1.00000000
0.474747474747, 0.252525252525, 0.85983595, 1.00000000, 1.00000000, 1.00000000
0.474747474747, 0.262626262626, 0.85177007, 1.00000000, 1.00000000, 1.00000000
0.474747474747, 0.272727272727, 0.84430144, 1.00000000, 1.00000000, 1.00000000
0.474747474747, 0.282828282828, 0.83745974, 1.00000000, 1.00000000, 1.00000000
0.474747474747, 0.292929292929, 0.83127214, 1.00000000, 1.00000000, 1.00000000
0.474747474747, 0.303030303030, 0.82576320, 1.00000000, 1.00000000, 1.00000000
0.474747474747, 0.313131313131, 0.82095478, 1.00000000, 1.00000000, 1.00000000
0.474747474747, 0.323232323232, 0.81686597, 1.00000000, 1.00000000, 1.00000000
0.474747474747, 0.333333333333, 0.81351302, 1.00000000, 1.00000000, 1.00000000
0.474747474747, 0.343434343434, 0.81090925, 1.00000000, 1.00000000, 1.00000000
0.474747474747, 0.353535353535, 0.80906507, 1.00000000, 1.00000000, 1.00000000
0.474747474747, 0.363636363636, 0.80798788, 1.00000000, 1.00000000, 1.00000000
0.474747474747, 0.373737373737, 0.80768208, 1.00000000, 1.00000000, 1.00000000
0.474747474747, 0.383838383838, 0.80814885, 1.00000000, 1.00000000, 1.00000000
0.474747474747, 0.393939393939, 0.80938629, 1.00000000, 1.00000000, 1.00000000
0.474747474747, 0.404040404040, 0.81138944, 1.00000000, 1.00000000, 1.00000000
0.474747474747, 0.414141414141, 0.81415038, 1.00000000, 1.00000000, 1.00000000
0.474747474747, 0.424242424242, 0.81765815, 1.00000000, 1.00000000, 1.00000000
0.474747474747, 0.434343434343, 0.82189889, 1.00000000, 1.00000000, 1.00000000
0.474747474747, 0.444444444444, 0.82685581, 1.00000000, 1.00000000, 1.00000000
0.474747474747, 0.454545454545, 0.83250929, 1.00000000, 1.00000000, 1.00000000
0.474747474747, 0.464646464646, 0.83883692, 1.00000000, 1.00000000, 1.00000000
0.474747474747, 0.474747474747, 0.84581361, 1.00000000, 1.00000000, 1.00000000
0.474747474747, 0.484848484848, 0.85341167, 1.00000000, 1.00000000, 1.00000000
0.474747474747, 0.494949494949, 0.86160089, 1.00000000, 1.00000000, 1.00000000
0.474747474747, 0.505050505051, 0.87034869, 1.00000000, 1.00000000, 1.00000000
0.474747474747, 0.515151515152, 0.87962022, 1.00000000, 1.00000000, 1.00000000
0.474747474747, 0.525252525253, 0.88937849, 1.00000000, 1.00000000, 1.00000000
0.474747474747, 0.535353535354, 0.89958453, 1.00000000, 1.00000000, 1.00000000
0.474747474747, 0.545454545455, 0.91019754, 1.00000000, 1.00000000, 1.00000000
0.474747474747, 0.555555555556, 0.92117503, 1.00000000, 1.00000000, 1.00000000
0.474747474747, 0.565656565657, 0.93247301, 1.00000000, 1.00000000, 1.00000000
0.474747474747, 0.575757575758, 0.94404615, 1.00000000, 1.00000000, 1.00000000
0.474747474747, 0.585858585859, 0.95584798, 1.00000000, 1.00000000, 1.00000000
0.474747474747, 0.595959595960, 0.96783104, 1.00000000, 1.00000000, 1.00000000
0.474747474747, 0.606060606061, 0.97994713, 1.00000000, 1.00000000, 1.00000000
0.474747474747, 0.616161616162, 0.99214745, 1.00000000, 1.00000000, 1.00000000
0.474747474747, 0.626262626263, 1.00438281, 1.00000000, 1.00000000, 1.00000000
0.474747474747, 0.636363636364, 1.01660387, 1.00000000, 1.00000000, 1.00000000
0.474747474747, 0.646464646465, 1.02876129, 1.00000000, 1.00000000, 1.00000000
0.474747474747, 0.656565656566, 1.04080596, 1.00000000, 1.00000000, 1.00000000
0.474747474747, 0.666666666667, 1.05268919, 1.00000000, 1.00000000, 1.00000000
0.474747474747, 0.676767676768, 1.06436293, 1.00000000, 1.00000000, 1.00000000
0.474747474747, 0.686868686869, 1.07577994, 1.00000000, 1.00000000, 1.00000000
0.474747474747, 0.696969696970, 1.08689400, 1.00000000, 1.00000000, 1.00000000
0.474747474747, 0.707070707071, 1.09766010, 1.00000000, 1.00000000, 1.00000000
0.474747474747, 0.717171717172, 1.10803461, 1.00000000, 1.00000000, 1.00000000
0.474747474747, 0.727272727273, 1.11797549, 1.00000000, 1.00000000, 1.00000000
0.474747474747, 0.737373737374, 1.12744243, 1.00000000, 1.00000000, 1.00000000
0.474747474747, 0.747474747475, 1.13639705, 1.00000000, 1.00000000, 1.00000000
0.474747474747, 0.757575757576, 1.14480302, 1.00000000, 1.00000000, 1.00000000
0.474747474747, 0.767676767677, 1.15262623, 1.00000000, 1.00000000, 1.00000000
0.474747474747, 0.777777777778, 1.15983494, 1.00000000, 1.00000000, 1.00000000
0.474747474747, 0.787878787879, 1.16639987, 1.00000000, 1.00000000, 1.00000000
0.474747474747, 0.797979797980, 1.17229440, 1.00000000, 1.00000000, 1.00000000
0.474747474747, 0.808080808081, 1.17749457, 1.00000000, 1.00000000, 1.00000000
0.474747474747, 0.818181818182, 1.18197926, 1.00000000, 1.00000000, 1.00000000
0.474747474747, 0.828282828283, 1.18573025, 1.00000000, 1.00000000, 1.00000000
0.474747474747, 0.838383838384, 1.18873229, 1.00000000, 1.00000000, 1.00000000
0.474747474747, 0.848484848485, 1.19097315, 1.00000000, 1.00000000, 1.00000000
0.474747474747, 0.858585858586, 1.19244371, 1.00000000, 1.00000000, 1.00000000
0.474747474747, 0.868686868687, 1.19313792, 1.00000000, 1.00000000, 1.00000000
0.474747474747, 0.878787878788, 1.19305297, 1.00000000, 1.00000000, 1.00000000
0.474747474747, 0.888888888889, 1.19218927, 1.00000000, 1.00000000, 1.00000000
0.474747474747, 0.898989898990, 1.19055041, 1.00000000, 1.00000000, 1.00000000
0.474747474747, 0.909090909091, 1.18814311, 1.00000000, 1.00000000, 1.00000000
0.474747474747, 0.919191919192, 1.18497723, 1.00000000, 1.00000000, 1.00000000
0.474747474747, 0.929292929293, 1.18106580, 1.00000000, 1.00000000, 1.00000000
0.474747474747, 0.939393939394, 1.17642521, 1.00000000, 1.00000000, 1.00000000
0.474747474747, 0.949494949495, 1.17107573, 1.00000000, 1.00000000, 1.00000000
0.474747474747, 0.959595959596, 1.16504295, 1.00000000, 1.00000000, 1.00000000
0.484848484848, -0.000000000000, 1.11680187, 1.00000000, 1.00000000, 1.00000000
0.484848484848, 0.010101010101, 1.10748097, 1.00000000, 1.00000000, 1.00000000
0.484848484848, 0.020202020202, 1.09803855, 1.00000000, 1.00000000, 1.00000000
0.484848484848, 0.030303030303, 1.08850059, 1.00000000, 1.00000000, 1.00000000
0.484848484848, 0.040404040404, 1.07882652, 1.00000000, 1.00000000, 1.00000000
0.484848484848, 0.050505050505, 1.06892309, 1.00000000, 1.00000000, 1.00000000
0.484848484848, 0.060606060606, 1.05868163, 1.00000000, 1.00000000, 1.00000000
0.484848484848, 0.070707070707, 1.04802179, 1.00000000, 1.00000000, 1.00000000
0.484848484848, 0.080808080808, 1.03692127, 1.00000000, 1.00000000, 1.00000000
0.484848484848, 0.090909090909, 1.02542047, 1.00000000, 1.00000000, 1.00000000
0.484848484848, 0.101010101010, 1.01360565, 1.00000000, 1.00000000, 1.00000000
0.484848484848, 0.111111111111, 1.00158338, 1.00000000, 1.00000000, 1.00000000
0.484848484848, 0.121212121212, 0.98945891, 1.00000000, 1.00000000, 1.00000000
0.484848484848, 0.131313131313, 0.97732444, 1.00000000, 1.00000000, 1.00000000
0.484848484848, 0.141414141414, 0.96525668, 1.00000000, 1.00000000, 1.00000000
0.484848484848, 0.151515151515, 0.95331966, 1.00000000, 1.00000000, 1.00000000
0.484848484848, 0.161616161616, 0.94156887, 1.00000000, 1.00000000, 1.00000000
0.484848484848, 0.171717171717, 0.93005475, 1.00000000, 1.00000000, 1.00000000
0.484848484848, 0.181818181818, 0.91882471, 1.00000000, 1.00000000, 1.00000000
0.484848484848, 0.191919191919, 0.90792417, 1.00000000, 1.00000000, 1.00000000
0.484848484848, 0.202020202020, 0.89739689, 1.00000000, 1.00000000, 1.00000000
0.484848484848, 0.212121212121, 0.88728498, 1.00000000, 1.00000000, 1.00000000
0.484848484848, 0.222222222222, 0.87762884, 1.00000000, 1.00000000, 1.00000000
0.484848484848, 0.232323232323, 0.86846699, 1.00000000, 1.00000000, 1.00000000
0.484848484848, 0.242424242424, 0.85983595, 1.00000000, 1.00000000, 1.00000000
0.484848484848, 0.252525252525, 0.85177007, 1.00000000, 1.00000000, 1.00000000
0.484848484848, 0.262626262626, 0.84430144, 1.00000000, 1.00000000, 1.00000000
0.484848484848, 0.272727272727, 0.83745974, 1.00000000, 1.00000000, 1.00000000
0.484848484848, 0.282828282828, 0.83127214, 1.00000000, 1.00000000, 1.00000000
0.484848484848, 0.292929292929, 0.82576320, 1.00000000, 1.00000000, 1.00000000
0.484848484848, 0.303030303030, 0.82095478, 1.00000000, 1.00000000, 1.00000000
0.484848484848, 0.313131313131, 0.81686597, 1.00000000, 1.00000000, 1.00000000
0.484848484848, 0.323232323232, 0.81351302, 1.00000000, 1.00000000, 1.00000000
0.484848484848, 0.333333333333, 0.81090925, 1.00000000, 1.00000000, 1.00000000
0.484848484848, 0.343434343434, 0.80906507, 1.00000000, 1.00000000, 1.00000000
0.484848484848, 0.353535353535, 0.80798788, 1.00000000, 1.00000000, 1.00000000
0.484848484848, 0.363636363636, 0.80768208, 1.00000000, 1.00000000, 1.00000000
0.484848484848, 0.373737373737, 0.80814885, 1.00000000, 1.00000000, 1.00000000
0.484848484848, 0.383838383838, 0.80938629, 1.00000000, 1.00000000, 1.00000000
0.484848484848, 0.393939393939, 0.81138944, 1.00000000, 1.00000000, 1.00000000
0.484848484848, 0.404040404040, 0.81415038, 1.00000000, 1.00000000, 1.00000000
0.484848484848, 0.414141414141, 0.81765815, 1.00000000, 1.00000000, 1.00000000
0.484848484848, 0.424242424242, 0.82189889, 1.00000000, 1.00000000, 1.00000000
0.484848484848, 0.434343434343, 0.82685581, 1.00000000, 1.00000000, 1.00000000
0.484848484848, 0.444444444444, 0.83250929, 1.00000000, 1.00000000, 1.00000000
0.484848484848, 0.454545454545, 0.83883692, 1.00000000, 1.00000000, 1.00000000
0.484848484848, 0.464646464646, 0.84581361, 1.00000000, 1.00000000, 1.00000000
0.484848484848, 0.474747474747, 0.85341167, 1.00000000, 1.00000000, 1.00000000
0.484848484848, 0.484848484848, 0.86160089, 1.00000000, 1.00000000, 1.00000000
0.484848484848, 0.494949494949, 0.87034869, 1.00000000, 1.00000000, 1.00000000
0.484848484848, 0.505050505051, 0.87962022, 1.00000000, 1.00000000, 1.00000000
0.484848484848, 0.515151515152, 0.88937849, 1.00000000, 1.00000000, 1.00000000
0.484848484848, 0.525252525253, 0.89958453, 1.00000000, 1.00000000, 1.00000000
0.484848484848, 0.535353535354, 0.91019754, 1.00000000, 1.00000000, 1.00000000
0.484848484848, 0.545454545455, 0.92117503, 1.00000000, 1.00000000, 1.00000000
0.484848484848, 0.555555555556, 0.93247301, 1.00000000, 1.00000000, 1.00000000
0.484848484848, 0.565656565657, 0.94404615, 1.00000000, 1.00000000, 1.00000000
0.484848484848, 0.575757575758, 0.95584798, 1.00000000, 1.00000000, 1.00000000
0.484848484848, 0.585858585859, 0.96783104, 1.00000000, 1.00000000, 1.00000000
0.484848484848, 0.595959595960, 0.97994713, 1.00000000, 1.00000000, 1.00000000
0.484848484848, 0.606060606061, 0.99214745, 1.00000000, 1.00000000, 1.00000000
0.484848484848, 0.616161616162, 1.00438281, 1.00000000, 1.00000000, 1.00000000
0.484848484848, 0.626262626263, 1.01660387, 1.00000000, 1.00000000, 1.00000000
0.484848484848, 0.636363636364, 1.02876129, 1.00000000, 1.00000000, 1.00000000
0.484848484848, 0.646464646465, 1.04080596, 1.00000000, 1.00000000, 1.00000000
0.484848484848, 0.656565656566, 1.05268919, 1.00000000, 1.00000000, 1.00000000
0.484848484848, 0.666666666667, 1.06436293, 1.00000000, 1.00000000, 1.00000000
0.484848484848, 0.676767676768, 1.07577994, 1.00000000, 1.00000000, 1.00000000
0.484848484848, 0.686868686869, 1.08689400, 1.00000000, 1.00000000, 1.00000000
0.484848484848, 0.696969696970, 1.09766010, 1.00000000, 1.00000000, 1.00000000
0.484848484848, 0.707070707071, 1.10803461, 1.00000000, 1.00000000, 1.00000000
0.484848484848, 0.717171717172, 1.11797549, 1.00000000, 1.00000000, 1.00000000
0.484848484848, 0.727272727273, 1.12744243, 1.00000000, 1.00000000, 1.00000000
0.484848484848, 0.737373737374, 1.13639705, 1.00000000, 1.00000000, 1.00000000
0.484848484848, 0.747474747475, 1.14480302, 1.00000000, 1.00000000, 1.00000000
0.484848484848, 0.757575757576, 1.15262623, 1.00000000, 1.00000000, 1.00000000
0.484848484848, 0.767676767677, 1.15983494, 1.00000000, 1.00000000, 1.00000000
0.484848484848, 0.777777777778, 1.16639987, 1.00000000, 1.00000000, 1.00000000
0.484848484848, 0.787878787879, 1.17229440, 1.00000000, 1.00000000, 1.00000000
0.484848484848, 0.797979797980, 1.17749457, 1.00000000, 1.00000000, 1.00000000
0.484848484848, 0.808080808081, 1.18197926, 1.00000000, 1.00000000, 1.00000000
0.484848484848, 0.818181818182, 1.18573025, 1.00000000, 1.00000000, 1.00000000
0.484848484848, 0.828282828283, 1.18873229, 1.00000000, 1.00000000, 1.00000000
0.484848484848, 0.838383838384, 1.19097315, 1.00000000, 1.00000000, 1.00000000
0.484848484848, 0.848484848485, 1.19244371, 1.00000000, 1.00000000, 1.00000000
0.484848484848, 0.858585858586, 1.19313792, 1.00000000, 1.00000000, 1.00000000
0.484848484848, 0.868686868687, 1.19305297, 1.00000000, 1.00000000, 1.00000000
0.484848484848, 0.878787878788, 1.19218927, 1.00000000, 1.00000000, 1.00000000
0.484848484848, 0.888888888889, 1.19055040, 1.00000000, 1.00000000, 1.00000000
0.484848484848, 0.898989898990, 1.18814309, 1.00000000, 1.00000000, 1.00000000
0.484848484848, 0.909090909091, 1.18497717, 1.00000000, 1.00000000, 1.00000000
0.484848484848, 0.919191919192, 1.18106558, 1.00000000, 1.00000000, 1.00000000
0.484848484848, 0.929292929293, 1.17642436, 1.00000000, 1.00000000, 1.00000000
0.484848484848, 0.939393939394, 1.17107288, 1.00000000, 1.00000000, 1.00000000
0.484848484848, 0.949494949495, 1.16503435, 1.00000000, 1.00000000, 1.00000000
0.484848484848, 0.959595959596, 1.15833728, 1.00000000, 1.00000000, 1.00000000
0.494949494949, -0.000000000000, 1.10678756, 1.00000000, 1.00000000, 1.00000000
0.494949494949, 0.010101010101, 1.09705532, 1.00000000, 1.00000000, 1.00000000
0.494949494949, 0.020202020202, 1.08724681, 1.00000000, 1.00000000, 1.00000000
0.494949494949, 0.030303030303, 1.07738747, 1.00000000, 1.00000000, 1.00000000
0.494949494949, 0.040404040404, 1.06743495, 1.00000000, 1.00000000, 1.00000000
0.494949494949, 0.050505050505, 1.05729370, 1.00000000, 1.00000000, 1.00000000
0.494949494949, 0.060606060606, 1.04685308, 1.00000000, 1.00000000, 1.00000000
0.494949494949, 0.070707070707, 1.03603185, 1.00000000, 1.00000000, 1.00000000
0.494949494949, 0.080808080808, 1.02480816, 1.00000000, 1.00000000, 1.00000000
0.494949494949, 0.090909090909, 1.01322402, 1.00000000, 1.00000000, 1.00000000
0.494949494949, 0.101010101010, 1.00136793, 1.00000000, 1.00000000, 1.00000000
0.494949494949, 0.111111111111, 0.98934870, 1.00000000, 1.00000000, 1.00000000
0.494949494949, 0.121212121212, 0.97727336, 1.00000000, 1.00000000, 1.00000000
0.494949494949, 0.131313131313, 0.96523523, 1.00000000, 1.00000000, 1.00000000
0.494949494949, 0.141414141414, 0.95331151, 1.00000000, 1.00000000, 1.00000000
0.494949494949, 0.151515151515, 0.94156607, 1.00000000, 1.00000000, 1.00000000
0.494949494949, 0.161616161616, 0.93005388, 1.00000000, 1.00000000, 1.00000000
0.494949494949, 0.171717171717, 0.91882447, 1.00000000, 1.00000000, 1.00000000
0.494949494949, 0.181818181818, 0.90792411, 1.00000000, 1.00000000, 1.00000000
0.494949494949, 0.191919191919, 0.89739688, 1.00000000, 1.00000000, 1.00000000
0.494949494949, 0.202020202020, 0.88728498, 1.00000000, 1.00000000, 1.00000000
0.494949494949, 0.212121212121, 0.87762884, 1.00000000, 1.00000000, 1.00000000
0.494949494949, 0.222222222222, 0.86846699, 1.00000000, 1.00000000, 1.00000000
0.494949494949, 0.232323232323, 0.85983595, 1.00000000, 1.00000000, 1.00000000
0.494949494949, 0.242424242424, 0.85177007, 1.00000000, 1.00000000, 1.00000000
0.494949494949, 0.252525252525, 0.84430144, 1.00000000, 1.00000000, 1.00000000
0.494949494949, 0.262626262626, 0.83745974, 1.00000000, 1.00000000, 1.00000000
0.494949494949, 0.272727272727, 0.83127214, 1.00000000, 1.00000000, 1.00000000
0.494949494949, 0.282828282828, 0.82576320, 1.00000000, 1.00000000, 1.00000000
0.494949494949, 0.292929292929, 0.82095478, 1.00000000, 1.00000000, 1.00000000
0.494949494949, 0.303030303030, 0.81686597, 1.00000000, 1.00000000, 1.00000000
0.494949494949, 0.313131313131, 0.81351302, 1.00000000, 1.00000000, 1.00000000
0.494949494949, 0.323232323232, 0.81090925, 1.00000000, 1.00000000, 1.00000000
0.494949494949, 0.333333333333, 0.80906507, 1.00000000, 1.00000000, 1.00000000
0.494949494949, 0.343434343434, 0.80798788, 1.00000000, 1.00000000, 1.00000000
0.494949494949, 0.353535353535, 0.80768208, 1.00000000, 1.00000000, 1.00000000
0.494949494949, 0.363636363636, 0.80814885, 1.00000000, 1.00000000, 1.00000000
0.494949494949, 0.373737373737, 0.80938629, 1.00000000, 1.00000000, 1.00000000
0.494949494949, 0.383838383838, 0.81138944, 1.00000000, 1.00000000, 1.00000000
0.494949494949, 0.393939393939, 0.81415038, 1.00000000, 1.00000000, 1.00000000
0.494949494949, 0.404040404040, 0.81765815, 1.00000000, 1.00000000, 1.00000000
0.494949494949, 0.414141414141, 0.82189889, 1.00000000, 1.00000000, 1.00000000
0.494949494949, 0.424242424242, 0.82685581, 1.00000000, 1.00000000, 1.00000000
0.494949494949, 0.434343434343, 0.83250929, 1.00000000, 1.00000000, 1.00000000
0.494949494949, 0.444444444444, 0.83883692, 1.00000000, 1.00000000, 1.00000000
0.494949494949, 0.454545454545, 0.84581361, 1.00000000, 1.00000000, 1.00000000
0.494949494949, 0.464646464646, 0.85341167, 1.00000000, 1.00000000, 1.00000000
0.494949494949, 0.474747474747, 0.86160089, 1.00000000, 1.00000000, 1.00000000
0.494949494949, 0.484848484848, 0.87034869, 1.00000000, 1.00000000, 1.00000000
0.494949494949, 0.494949494949, 0.87962022, 1.00000000, 1.00000000, 1.00000000
0.494949494949, 0.505050505051, 0.88937849, 1.00000000, 1.00000000, 1.00000000
0.494949494949, 0.515151515152, 0.89958453, 1.00000000, 1.00000000, 1.00000000
0.494949494949, 0.525252525253, 0.91019754, 1.00000000, 1.00000000, 1.00000000
0.494949494949, 0.535353535354, 0.92117503, 1.00000000, 1.00000000, 1.00000000
0.494949494949, 0.545454545455, 0.93247301, 1.00000000, 1.00000000, 1.00000000
0.494949494949, 0.555555555556, 0.94404615, 1.00000000, 1.00000000, 1.00000000
0.494949494949, 0.565656565657, 0.95584798, 1.00000000, 1.00000000, 1.00000000
0.494949494949, 0.575757575758, 0.96783104, 1.00000000, 1.00000000, 1.00000000
0.494949494949, 0.585858585859, 0.97994713, 1.00000000, 1.00000000, 1.00000000
0.494949494949, 0.595959595960, 0.99214745, 1.00000000, 1.00000000, 1.00000000
0.494949494949, 0.606060606061, 1.00438281, 1.00000000, 1.00000000, 1.00000000
0.494949494949, 0.616161616162, 1.01660387, 1.00000000, 1.00000000, 1.00000000
0.494949494949, 0.626262626263, 1.02876129, 1.00000000, 1.00000000, 1.00000000
0.494949494949, 0.636363636364, 1.04080596, 1.00000000, 1.00000000, 1.00000000
0.494949494949, 0.646464646465, 1.05268919, 1.00000000, 1.00000000, 1.00000000
0.494949494949, 0.656565656566, 1.06436293, 1.00000000, 1.00000000, 1.00000000
0.494949494949, 0.666666666667, 1.07577994, 1.00000000, 1.00000000, 1.00000000
0.494949494949, 0.676767676768, 1.08689400, 1.00000000, 1.00000000, 1.00000000
0.494949494949, 0.686868686869, 1.09766010, 1.00000000, 1.00000000, 1.00000000
0.494949494949, 0.696969696970, 1.10803461, 1.00000000, 1.00000000, 1.00000000
0.494949494949, 0.707070707071, 1.11797549, 1.00000000, 1.00000000, 1.00000000
0.494949494949, 0.717171717172, 1.12744243, 1.00000000, 1.00000000, 1.00000000
0.494949494949, 0.727272727273, 1.13639705, 1.00000000, 1.00000000, 1.00000000
0.494949494949, 0.737373737374, 1.14480302, 1.00000000, 1.00000000, 1.00000000
0.494949494949, 0.747474747475, 1.15262623, 1.00000000, 1.00000000, 1.00000000
0.494949494949, 0.757575757576, 1.15983494, 1.00000000, 1.00000000, 1.00000000
0.494949494949, 0.767676767677, 1.16639987, 1.00000000, 1.00000000, 1.00000000
0.494949494949, 0.777777777778, 1.17229440, 1.00000000, 1.00000000, 1.00000000
0.494949494949, 0.787878787879, 1.17749457, 1.00000000, 1.00000000, 1.00000000
0.494949494949, 0.797979797980, 1.18197926, 1.00000000, 1.00000000, 1.00000000
0.494949494949, 0.808080808081, 1.18573025, 1.00000000, 1.00000000, 1.00000000
0.494949494949, 0.818181818182, 1.18873229, 1.00000000, 1.00000000, 1.00000000
0.494949494949, 0.828282828283, 1.19097315, 1.00000000, 1.00000000, 1.00000000
0.494949494949, 0.838383838384, 1.19244371, 1.00000000, 1.00000000, 1.00000000
0.494949494949, 0.848484848485, 1.19313792, 1.00000000, 1.00000000, 1.00000000
0.494949494949, 0.858585858586, 1.19305297, 1.00000000, 1.00000000, 1.00000000
0.494949494949, 0.868686868687, 1.19218927, 1.00000000, 1.00000000, 1.00000000
0.494949494949, 0.878787878788, 1.19055040, 1.00000000, 1.00000000, 1.00000000
0.494949494949, 0.888888888889, 1.18814309, 1.00000000, 1.00000000, 1.00000000
0.494949494949, 0.898989898990, 1.18497716, 1.00000000, 1.00000000, 1.00000000
0.494949494949, 0.909090909091, 1.18106552, 1.00000000, 1.00000000, 1.00000000
0.494949494949, 0.919191919192, 1.17642412, 1.00000000, 1.00000000, 1.00000000
0.494949494949, 0.929292929293, 1.17107199, 1.00000000, 1.00000000, 1.00000000
0.494949494949, 0.939393939394, 1.16503137, 1.00000000, 1.00000000, 1.00000000
0.494949494949, 0.949494949495, 1.15832833, 1.00000000, 1.00000000, 1.00000000
0.494949494949, 0.959595959596, 1.15099418, 1.00000000, 1.00000000, 1.00000000
0.505050505051, -0.000000000000, 1.09634523, 1.00000000, 1.00000000, 1.00000000
0.505050505051, 0.010101010101, 1.08624111, 1.00000000, 1.00000000, 1.00000000
0.505050505051, 0.020202020202, 1.07610616, 1.00000000, 1.00000000, 1.00000000
0.505050505051, 0.030303030303, 1.06596521, 1.00000000, 1.00000000, 1.00000000
0.505050505051, 0.040404040404, 1.05577435, 1.00000000, 1.00000000, 1.00000000
0.505050505051, 0.050505050505, 1.04543613, 1.00000000, 1.00000000, 1.00000000
0.505050505051, 0.060606060606, 1.03483845, 1.00000000, 1.00000000, 1.00000000
0.505050505051, 0.070707070707, 1.02389953, 1.00000000, 1.00000000, 1.00000000
0.505050505051, 0.080808080808, 1.01259805, 1.00000000, 1.00000000, 1.00000000
0.505050505051, 0.090909090909, 1.00097743, 1.00000000, 1.00000000, 1.00000000
0.505050505051, 0.101010101010, 0.98912798, 1.00000000, 1.00000000, 1.00000000
0.505050505051, 0.111111111111, 0.97716029, 1.00000000, 1.00000000, 1.00000000
0.505050505051, 0.121212121212, 0.96518275, 1.00000000, 1.00000000, 1.00000000
0.505050505051, 0.131313131313, 0.95328943, 1.00000000, 1.00000000, 1.00000000
0.505050505051, 0.141414141414, 0.94155767, 1.00000000, 1.00000000, 1.00000000
0.505050505051, 0.151515151515, 0.93005099, 1.00000000, 1.00000000, 1.00000000
0.505050505051, 0.161616161616, 0.91882357, 1.00000000, 1.00000000, 1.00000000
0.505050505051, 0.171717171717, 0.90792386, 1.00000000, 1.00000000, 1.00000000
0.505050505051, 0.181818181818, 0.89739681, 1.00000000, 1.00000000, 1.00000000
0.505050505051, 0.191919191919, 0.88728496, 1.00000000, 1.00000000, 1.00000000
0.505050505051, 0.202020202020, 0.87762884, 1.00000000, 1.00000000, 1.00000000
0.505050505051, 0.212121212121, 0.86846699, 1.00000000, 1.00000000, 1.00000000
0.505050505051, 0.222222222222, 0.85983595, 1.00000000, 1.00000000, 1.00000000
0.505050505051, 0.232323232323, 0.85177007, 1.00000000, 1.00000000, 1.00000000
0.505050505051, 0.242424242424, 0.84430144, 1.00000000, 1.00000000, 1.00000000
0.505050505051, 0.252525252525, 0.83745974, 1.00000000, 1.00000000, 1.00000000
0.505050505051, 0.262626262626, 0.83127214, 1.00000000, 1.00000000, 1.00000000
0.505050505051, 0.272727272727, 0.82576320, 1.00000000, 1.00000000, 1.00000000
0.505050505051, 0.282828282828, 0.82095478, 1.00000000, 1.00000000, 1.00000000
0.505050505051, 0.292929292929, 0.81686597, 1.00000000, 1.00000000, 1.00000000
0.505050505051, 0.303030303030, 0.81351302, 1.00000000, 1.00000000, 1.00000000
0.505050505051, 0.313131313131, 0.81090925, 1.00000000, 1.00000000, 1.00000000
0.505050505051, 0.323232323232, 0.80906507, 1.00000000, 1.00000000, 1.00000000
0.505050505051, 0.333333333333, 0.80798788, 1.00000000, 1.00000000, 1.00000000
0.505050505051, 0.343434343434, 0.80768208, 1.00000000, 1.00000000, 1.00000000
0.505050505051, 0.353535353535, 0.80814885, 1.00000000, 1.00000000, 1.00000000
0.505050505051, 0.363636363636, 0.80938629, 1.00000000, 1.00000000, 1.00000000
0.505050505051, 0.373737373737, 0.81138944, 1.00000000, 1.00000000, 1.00000000
0.505050505051, 0.383838383838, 0.81415038, 1.00000000, 1.00000000, 1.00000000
0.505050505051, 0.393939393939, 0.81765815, 1.00000000, 1.00000000, 1.00000000
0.505050505051, 0.404040404040, 0.82189889, 1.00000000, 1.00000000, 1.00000000
0.505050505051, 0.414141414141, 0.82685581, 1.00000000, 1.00000000, 1.00000000
0.505050505051, 0.424242424242, 0.83250929, 1.00000000, 1.00000000, 1.00000000
0.505050505051, 0.434343434343, 0.83883692, 1.00000000, 1.00000000, 1.00000000
0.505050505051, 0.444444444444, 0.84581361, 1.00000000, 1.00000000, 1.00000000
0.505050505051, 0.454545454545, 0.85341167, 1.00000000, 1.00000000, 1.00000000
0.505050505051, 0.464646464646, 0.86160089, 1.00000000, 1.00000000, 1.00000000
0.505050505051, 0.474747474747, 0.87034869, 1.00000000, 1.00000000, 1.00000000
0.505050505051, 0.484848484848, 0.87962022, 1.00000000, 1.00000000, 1.00000000
0.505050505051, 0.494949494949, 0.88937849, 1.00000000, 1.00000000, 1.00000000
0.505050505051, 0.505050505051, 0.89958453, 1.00000000, 1.00000000, 1.00000000
0.505050505051, 0.515151515152, 0.91019754, 1.00000000, 1.00000000, 1.00000000
0.505050505051, 0.525252525253, 0.92117503, 1.00000000, 1.00000000, 1.00000000
0.505050505051, 0.535353535354, 0.93247301, 1.00000000, 1.00000000, 1.00000000
0.505050505051, 0.545454545455, 0.94404615, 1.00000000, 1.00000000, 1.00000000
0.505050505051, 0.555555555556, 0.95584798, 1.00000000, 1.00000000, 1.00000000
0.505050505051, 0.565656565657, 0.96783104, 1.00000000, 1.00000000, 1.00000000
0.505050505051, 0.575757575758, 0.97994713, 1.00000000, 1.00000000, 1.00000000
0.505050505051, 0.585858585859, 0.99214745, 1.00000000, 1.00000000, 1.00000000
0.505050505051, 0.595959595960, 1.00438281, 1.00000000, 1.00000000, 1.00000000
0.505050505051, 0.606060606061, 1.01660387, 1.00000000, 1.00000000, 1.00000000
0.505050505051, 0.616161616162, 1.02876129, 1.00000000, 1.00000000, 1.00000000
0.505050505051, 0.626262626263, 1.04080596, 1.00000000, 1.00000000, 1.00000000
0.505050505051, 0.636363636364, 1.05268919, 1.00000000, 1.00000000, 1.00000000
0.505050505051, 0.646464646465, 1.06436293, 1.00000000, 1.00000000, 1.00000000
0.505050505051, 0.656565656566, 1.07577994, 1.00000000, 1.00000000, 1.00000000
0.505050505051, 0.666666666667, 1.08689400, 1.00000000, 1.00000000, 1.00000000
0.505050505051, 0.676767676768, 1.09766010, 1.00000000, 1.00000000, 1.00000000
0.505050505051, 0.686868686869, 1.10803461, 1.00000000, 1.00000000, 1.00000000
0.505050505051, 0.696969696970, 1.11797549, 1.00000000, 1.00000000, 1.00000000
0.505050505051, 0.707070707071, 1.12744243, 1.00000000, 1.00000000, 1.00000000
0.505050505051, 0.717171717172, 1.13639705, 1.00000000, 1.00000000, 1.00000000
0.505050505051, 0.727272727273, 1.14480302, 1.00000000, 1.00000000, 1.00000000
0.505050505051, 0.737373737374, 1.15262623, 1.00000000, 1.00000000, 1.00000000
0.505050505051, 0.747474747475, 1.15983494, 1.00000000, 1.00000000, 1.00000000
0.505050505051, 0.757575757576, 1.16639987, 1.00000000, 1.00000000, 1.00000000
0.505050505051, 0.767676767677, 1.17229440, 1.00000000, 1.00000000, 1.00000000
0.505050505051, 0.777777777778, 1.17749457, 1.00000000, 1.00000000, 1.00000000
0.505050505051, 0.787878787879, 1.18197926, 1.00000000, 1.00000000, 1.00000000
0.505050505051, 0.797979797980, 1.18573025, 1.00000000, 1.00000000, 1.00000000
0.505050505051, 0.808080808081, 1.18873229, 1.00000000, 1.00000000, 1.00000000
0.505050505051, 0.818181818182, 1.19097315, 1.00000000, 1.00000000, 1.00000000
0.505050505051, 0.828282828283, 1.19244371, 1.00000000, 1.00000000, 1.00000000
0.505050505051, 0.838383838384, 1.19313792, 1.00000000, 1.00000000, 1.00000000
0.505050505051, 0.848484848485, 1.19305297, 1.00000000, 1.00000000, 1.00000000
0.505050505051, 0.858585858586, 1.19218927, 1.00000000, 1.00000000, 1.00000000
0.505050505051, 0.868686868687, 1.19055040, 1.00000000, 1.00000000, 1.00000000
0.505050505051, 0.878787878788, 1.18814309, 1.00000000, 1.00000000, 1.00000000
0.505050505051, 0.888888888889, 1.18497716, 1.00000000, 1.00000000, 1.00000000
0.505050505051, 0.898989898990, 1.18106550, 1.00000000, 1.00000000, 1.00000000
0.505050505051, 0.909090909091, 1.17642406, 1.00000000, 1.00000000, 1.00000000
0.505050505051, 0.919191919192, 1.17107174, 1.00000000, 1.00000000, 1.00000000
0.505050505051, 0.929292929293, 1.16503044, 1.00000000, 1.00000000, 1.00000000
0.505050505051, 0.939393939394, 1.15832523, 1.00000000, 1.00000000, 1.00000000
0.505050505051, 0.949494949495, 1.15098491, 1.00000000, 1.00000000, 1.00000000
0.505050505051, 0.959595959596, 1.14304349, 1.00000000, 1.00000000, 1.00000000
0.515151515152, -0.000000000000, 1.08551718, 1.00000000, 1.00000000, 1.00000000
0.515151515152, 0.010101010101, 1.07508208, 1.00000000, 1.00000000, 1.00000000
0.515151515152, 0.020202020202, 1.06466167, 1.00000000, 1.00000000, 1.00000000
0.515151515152, 0.030303030303, 1.05428002, 1.00000000, 1.00000000, 1.00000000
0.515151515152, 0.040404040404, 1.04389186, 1.00000000, 1.00000000, 1.00000000
0.515151515152, 0.050505050505, 1.03339833, 1.00000000, 1.00000000, 1.00000000
0.515151515152, 0.060606060606, 1.02268633, 1.00000000, 1.00000000, 1.00000000
0.515151515152, 0.070707070707, 1.01167388, 1.00000000, 1.00000000, 1.00000000
0.515151515152, 0.080808080808, 1.00034026, 1.00000000, 1.00000000, 1.00000000
0.515151515152, 0.090909090909, 0.98873010, 1.00000000, 1.00000000, 1.00000000
0.515151515152, 0.101010101010, 0.97693513, 1.00000000, 1.00000000, 1.00000000
0.515151515152, 0.111111111111, 0.96506725, 1.00000000, 1.00000000, 1.00000000
0.515151515152, 0.121212121212, 0.95323572, 1.00000000, 1.00000000, 1.00000000
0.515151515152, 0.131313131313, 0.94153504, 1.00000000, 1.00000000, 1.00000000
0.515151515152, 0.141414141414, 0.93004236, 1.00000000, 1.00000000, 1.00000000
0.515151515152, 0.151515151515, 0.91882059, 1.00000000, 1.00000000, 1.00000000
0.515151515152, 0.161616161616, 0.90792293, 1.00000000, 1.00000000, 1.00000000
0.515151515152, 0.171717171717, 0.89739655, 1.00000000, 1.00000000, 1.00000000
0.515151515152, 0.181818181818, 0.88728490, 1.00000000, 1.00000000, 1.00000000
0.515151515152, 0.191919191919, 0.87762882, 1.00000000, 1.00000000, 1.00000000
0.515151515152, 0.202020202020, 0.86846699, 1.00000000, 1.00000000, 1.00000000
0.515151515152, 0.212121212121, 0.85983595, 1.00000000, 1.00000000, 1.00000000
0.515151515152, 0.222222222222, 0.85177007, 1.00000000, 1.00000000, 1.00000000
0.515151515152, 0.232323232323, 0.84430144, 1.00000000, 1.00000000, 1.00000000
0.515151515152, 0.242424242424, 0.83745974, 1.00000000, 1.00000000, 1.00000000
0.515151515152, 0.252525252525, 0.83127214, 1.00000000, 1.00000000, 1.00000000
0.515151515152, 0.262626262626, 0.82576320, 1.00000000, 1.00000000, 1.00000000
0.515151515152, 0.272727272727, 0.82095478, 1.00000000, 1.00000000, 1.00000000
0.515151515152, 0.282828282828, 0.81686597, 1.00000000, 1.00000000, 1.00000000
0.515151515152, 0.292929292929, 0.81351302, 1.00000000, 1.00000000, 1.00000000
0.515151515152, 0.303030303030, 0.81090925, 1.00000000, 1.00000000, 1.00000000
0.515151515152, 0.313131313131, 0.80906507, 1.00000000, 1.00000000, 1.00000000
0.515151515152, 0.323232323232, 0.80798788, 1.00000000, 1.00000000, 1.00000000
0.515151515152, 0.333333333333, 0.80768208, 1.00000000, 1.00000000, 1.00000000
0.515151515152, 0.343434343434, 0.80814885, 1.00000000, 1.00000000, 1.00000000
0.515151515152, 0.353535353535, 0.80938629, 1.00000000, 1.00000000, 1.00000000
0.515151515152, 0.363636363636, 0.81138944, 1.00000000, 1.00000000, 1.00000000
0.515151515152, 0.373737373737, 0.81415038, 1.00000000, 1.00000000, 1.00000000
0.515151515152, 0.383838383838, 0.81765815, 1.00000000, 1.00000000, 1.00000000
0.515151515152, 0.393939393939, 0.82189889, 1.00000000, 1.00000000, 1.00000000
0.515151515152, 0.404040404040, 0.82685581, 1.00000000, 1.00000000, 1.00000000
0.515151515152, 0.414141414141, 0.83250929, 1.00000000, 1.00000000, 1.00000000
0.515151515152, 0.424242424242, 0.83883692, 1.00000000, 1.00000000, 1.00000000
0.515151515152, 0.434343434343, 0.84581361, 1.00000000, 1.00000000, 1.00000000
0.515151515152, 0.444444444444, 0.85341167, 1.00000000, 1.00000000, 1.00000000
0.515151515152, 0.454545454545, 0.86160089, 1.00000000, 1.00000000, 1.00000000
0.515151515152, 0.464646464646, 0.87034869, 1.00000000, 1.00000000, 1.00000000
0.515151515152, 0.474747474747, 0.87962022, 1.00000000, 1.00000000, 1.00000000
0.515151515152, 0.484848484848, 0.88937849, 1.00000000, 1.00000000, 1.00000000
0.515151515152, 0.494949494949, 0.89958453, 1.00000000, 1.00000000, 1.00000000
0.515151515152, 0.505050505051, 0.91019754, 1.00000000, 1.00000000, 1.00000000
0.515151515152, 0.515151515152, 0.92117503, 1.00000000, 1.00000000, 1.00000000
0.515151515152, 0.525252525253, 0.93247301, 1.00000000, 1.00000000, 1.00000000
0.515151515152, 0.535353535354, 0.94404615, 1.00000000, 1.00000000, 1.00000000
0.515151515152, 0.545454545455, 0.95584798, 1.00000000, 1.00000000, 1.00000000
0.515151515152, 0.555555555556, 0.96783104, 1.00000000, 1.00000000, 1.00000000
0.515151515152, 0.565656565657, 0.97994713, 1.00000000, 1.00000000, 1.00000000
0.515151515152, 0.575757575758, 0.99214745, 1.00000000, 1.00000000, 1.00000000
0.515151515152, 0.585858585859, 1.00438281, 1.00000000, 1.00000000, 1.00000000
0.515151515152, 0.595959595960, 1.01660387, 1.00000000, 1.00000000, 1.00000000
0.515151515152, 0.606060606061, 1.02876129, 1.00000000, 1.00000000, 1.00000000
0.515151515152, 0.616161616162, 1.04080596, 1.00000000, 1.00000000, 1.00000000
0.515151515152, 0.626262626263, 1.05268919, 1.00000000, 1.00000000, 1.00000000
0.515151515152, 0.636363636364, 1.06436293, 1.00000000, 1.00000000, 1.00000000
0.515151515152, 0.646464646465, 1.07577994, 1.00000000, 1.00000000, 1.00000000
0.515151515152, 0.656565656566, 1.08689400, 1.00000000, 1.00000000, 1.00000000
0.515151515152, 0.666666666667, 1.09766010, 1.00000000, 1.00000000, 1.00000000
0.515151515152, 0.676767676768, 1.10803461, 1.00000000, 1.00000000, 1.00000000
0.515151515152, 0.686868686869, 1.11797549, 1.00000000, 1.00000000, 1.00000000
0.515151515152, 0.696969696970, 1.12744243, 1.00000000, 1.00000000, 1.00000000
0.515151515152, 0.707070707071, 1.13639705, 1.00000000, 1.00000000, 1.00000000
0.515151515152, 0.717171717172, 1.14480302, 1.00000000, 1.00000000, 1.00000000
0.515151515152, 0.727272727273, 1.15262623, 1.00000000, 1.00000000, 1.00000000
0.515151515152, 0.737373737374, 1.15983494, 1.00000000, 1.00000000, 1.00000000
0.515151515152, 0.747474747475, 1.16639987, 1.00000000, 1.00000000, 1.00000000
0.515151515152, 0.757575757576, 1.17229440, 1.00000000, 1.00000000, 1.00000000
0.515151515152, 0.767676767677, 1.17749457, 1.00000000, 1.00000000, 1.00000000
0.515151515152, 0.777777777778, 1.18197926, 1.00000000, 1.00000000, 1.00000000
0.515151515152, 0.787878787879, 1.18573025, 1.00000000, 1.00000000, 1.00000000
0.515151515152, 0.797979797980, 1.18873229, 1.00000000, 1.00000000, 1.00000000
0.515151515152, 0.808080808081, 1.19097315, 1.00000000, 1.00000000, 1.00000000
0.515151515152, 0.818181818182, 1.19244371, 1.00000000, 1.00000000, 1.00000000
0.515151515152, 0.828282828283, 1.19313792, 1.00000000, 1.00000000, 1.00000000
0.515151515152, 0.838383838384, 1.19305297, 1.00000000, 1.00000000, 1.00000000
0.515151515152, 0.848484848485, 1.19218927, 1.00000000, 1.00000000, 1.00000000
0.515151515152, 0.858585858586, 1.19055040, 1.00000000, 1.00000000, 1.00000000
0.515151515152, 0.868686868687, 1.18814309, 1.00000000, 1.00000000, 1.00000000
0.515151515152, 0.878787878788, 1.18497716, 1.00000000, 1.00000000, 1.00000000
0.515151515152, 0.888888888889, 1.18106550, 1.00000000, 1.00000000, 1.00000000
0.515151515152, 0.898989898990, 1.17642405, 1.00000000, 1.00000000, 1.00000000
0.515151515152, 0.909090909091, 1.17107167, 1.00000000, 1.00000000, 1.00000000
0.515151515152, 0.919191919192, 1.16503018, 1.00000000, 1.00000000, 1.00000000
0.515151515152, 0.929292929293, 1.15832427, 1.00000000, 1.00000000, 1.00000000
0.515151515152, 0.939393939394, 1.15098171, 1.00000000, 1.00000000, 1.00000000
0.515151515152, 0.949494949495, 1.14303393, 1.00000000, 1.00000000, 1.00000000
0.515151515152, 0.959595959596, 1.13451748, 1.00000000, 1.00000000, 1.00000000
0.525252525253, -0.000000000000, 1.07434721, 1.00000000, 1.00000000, 1.00000000
0.525252525253, 0.010101010101, 1.06362338, 1.00000000, 1.00000000, 1.00000000
0.525252525253, 0.020202020202, 1.05295961, 1.00000000, 1.00000000, 1.00000000
0.525252525253, 0.030303030303, 1.04237913, 1.00000000, 1.00000000, 1.00000000
0.525252525253, 0.040404040404, 1.03183553, 1.00000000, 1.00000000, 1.00000000
0.525252525253, 0.050505050505, 1.02122895, 1.00000000, 1.00000000, 1.00000000
0.525252525253, 0.060606060606, 1.01044583, 1.00000000, 1.00000000, 1.00000000
0.525252525253, 0.070707070707, 0.99940428, 1.00000000, 1.00000000, 1.00000000
0.525252525253, 0.080808080808, 0.98808429, 1.00000000, 1.00000000, 1.00000000
0.525252525253, 0.090909090909, 0.97653144, 1.00000000, 1.00000000, 1.00000000
0.525252525253, 0.101010101010, 0.96483852, 1.00000000, 1.00000000, 1.00000000
0.525252525253, 0.111111111111, 0.95311822, 1.00000000, 1.00000000, 1.00000000
0.525252525253, 0.121212121212, 0.94148032, 1.00000000, 1.00000000, 1.00000000
0.525252525253, 0.131313131313, 0.93001926, 1.00000000, 1.00000000, 1.00000000
0.525252525253, 0.141414141414, 0.91881177, 1.00000000, 1.00000000, 1.00000000
0.525252525253, 0.151515151515, 0.90791988, 1.00000000, 1.00000000, 1.00000000
0.525252525253, 0.161616161616, 0.89739560, 1.00000000, 1.00000000, 1.00000000
0.525252525253, 0.171717171717, 0.88728463, 1.00000000, 1.00000000, 1.00000000
0.525252525253, 0.181818181818, 0.87762876, 1.00000000, 1.00000000, 1.00000000
0.525252525253, 0.191919191919, 0.86846698, 1.00000000, 1.00000000, 1.00000000
0.525252525253, 0.202020202020, 0.85983595, 1.00000000, 1.00000000, 1.00000000
0.525252525253, 0.212121212121, 0.85177007, 1.00000000, 1.00000000, 1.00000000
0.525252525253, 0.222222222222, 0.84430144, 1.00000000, 1.00000000, 1.00000000
0.525252525253, 0.232323232323, 0.83745974, 1.00000000, 1.00000000, 1.00000000
0.525252525253, 0.242424242424, 0.83127214, 1.00000000, 1.00000000, 1.00000000
0.525252525253, 0.252525252525, 0.82576320, 1.00000000, 1.00000000, 1.00000000
0.525252525253, 0.262626262626, 0.82095478, 1.00000000, 1.00000000, 1.00000000
0.525252525253, 0.272727272727, 0.81686597, 1.00000000, 1.00000000, 1.00000000
0.525252525253, 0.282828282828, 0.81351302, 1.00000000, 1.00000000, 1.00000000
0.525252525253, 0.292929292929, 0.81090925, 1.00000000, 1.00000000, 1.00000000
0.525252525253, 0.303030303030, 0.80906507, 1.00000000, 1.00000000, 1.00000000
0.525252525253, 0.313131313131, 0.80798788, 1.00000000, 1.00000000, 1.00000000
0.525252525253, 0.323232323232, 0.80768208, 1.00000000, 1.00000000, 1.00000000
0.525252525253, 0.333333333333, 0.80814885, 1.00000000, 1.00000000, 1.00000000
0.525252525253, 0.343434343434, 0.80938629, 1.00000000, 1.00000000, 1.00000000
0.525252525253, 0.353535353535, 0.81138944, 1.00000000, 1.00000000, 1.00000000
0.525252525253, 0.363636363636, 0.81415038, 1.00000000, 1.00000000, 1.00000000
0.525252525253, 0.373737373737, 0.81765815, 1.00000000, 1.00000000, 1.00000000
0.525252525253, 0.383838383838, 0.82189889, 1.00000000, 1.00000000, 1.00000000
0.525252525253, 0.393939393939, 0.82685581, 1.00000000, 1.00000000, 1.00000000
0.525252525253, 0.404040404040, 0.83250929, 1.00000000, 1.00000000, 1.00000000
0.525252525253, 0.414141414141, 0.83883692, 1.00000000, 1.00000000, 1.00000000
0.525252525253, 0.424242424242, 0.84581361, 1.00000000, 1.00000000, 1.00000000
0.525252525253, 0.434343434343, 0.85341167, 1.00000000, 1.00000000, 1.00000000
0.525252525253, 0.444444444444, 0.86160089, 1.00000000, 1.00000000, 1.00000000
0.525252525253, 0.454545454545, 0.87034869, 1.00000000, 1.00000000, 1.00000000
0.525252525253, 0.464646464646, 0.87962022, 1.00000000, 1.00000000, 1.00000000
0.525252525253, 0.474747474747, 0.88937849, 1.00000000, 1.00000000, 1.00000000
0.525252525253, 0.484848484848, 0.89958453, 1.00000000, 1.00000000, 1.00000000
0.525252525253, 0.494949494949, 0.91019754, 1.00000000, 1.00000000, 1.00000000
0.525252525253, 0.505050505051, 0.92117503, 1.00000000, 1.00000000, 1.00000000
0.525252525253, 0.515151515152, 0.93247301, 1.00000000, 1.00000000, 1.00000000
0.525252525253, 0.525252525253, 0.94404615, 1.00000000, 1.00000000, 1.00000000
0.525252525253, 0.535353535354, 0.95584798, 1.00000000, 1.00000000, 1.00000000
0.525252525253, 0.545454545455, 0.96783104, 1.00000000, 1.00000000, 1.00000000
0.525252525253, 0.555555555556, 0.97994713, 1.00000000, 1.00000000, 1.00000000
0.525252525253, 0.565656565657, 0.99214745, 1.00000000, 1.00000000, 1.00000000
0.525252525253, 0.575757575758, 1.00438281, 1.00000000, 1.00000000, 1.00000000
0.525252525253, 0.585858585859, 1.01660387, 1.00000000, 1.00000000, 1.00000000
0.525252525253, 0.595959595960, 1.02876129, 1.00000000, 1.00000000, 1.00000000
0.525252525253, 0.606060606061, 1.04080596, 1.00000000, 1.00000000, 1.00000000
0.525252525253, 0.616161616162, 1.05268919, 1.00000000, 1.00000000, 1.00000000
0.525252525253, 0.626262626263, 1.06436293, 1.00000000, 1.00000000, 1.00000000
0.525252525253, 0.636363636364, 1.07577994, 1.00000000, 1.00000000, 1.00000000
0.525252525253, 0.646464646465, 1.08689400, 1.00000000, 1.00000000, 1.00000000
0.525252525253, 0.656565656566, 1.09766010, 1.00000000, 1.00000000, 1.00000000
0.525252525253, 0.666666666667, 1.10803461, 1.00000000, 1.00000000, 1.00000000
0.525252525253, 0.676767676768, 1.11797549, 1.00000000, 1.00000000, 1.00000000
0.525252525253, 0.686868686869, 1.12744243, 1.00000000, 1.00000000, 1.00000000
0.525252525253, 0.696969696970, 1.13639705, 1.00000000, 1.00000000, 1.00000000
0.525252525253, 0.707070707071, 1.14480302, 1.00000000, 1.00000000, 1.00000000
0.525252525253, 0.717171717172, 1.15262623, 1.00000000, 1.00000000, 1.00000000
0.525252525253, 0.727272727273, 1.15983494, 1.00000000, 1.00000000, 1.00000000
0.525252525253, 0.737373737374, 1.16639987, 1.00000000, 1.00000000, 1.00000000
0.525252525253, 0.747474747475, 1.17229440, 1.00000000, 1.00000000, 1.00000000
0.525252525253, 0.757575757576, 1.17749457, 1.00000000, 1.00000000, 1.00000000
0.525252525253, 0.767676767677, 1.18197926, 1.00000000, 1.00000000, 1.00000000
0.525252525253, 0.777777777778, 1.18573025, 1.00000000, 1.00000000, 1.00000000
0.525252525253, 0.787878787879, 1.18873229, 1.00000000, 1.00000000, 1.00000000
0.525252525253, 0.797979797980, 1.19097315, 1.00000000, 1.00000000, 1.00000000
0.525252525253, 0.808080808081, 1.19244371, 1.00000000, 1.00000000, 1.00000000
0.525252525253, 0.818181818182, 1.19313792, 1.00000000, 1.00000000, 1.00000000
0.525252525253, 0.828282828283, 1.19305297, 1.00000000, 1.00000000, 1.00000000
0.525252525253, 0.838383838384, 1.19218927, 1.00000000, 1.00000000, 1.00000000
0.525252525253, 0.848484848485, 1.19055040, 1.00000000, 1.00000000, 1.00000000
0.525252525253, 0.858585858586, 1.18814309, 1.00000000, 1.00000000, 1.00000000
0.525252525253, 0.868686868687, 1.18497716, 1.00000000, 1.00000000, 1.00000000
0.525252525253, 0.878787878788, 1.18106550, 1.00000000, 1.00000000, 1.00000000
0.525252525253, 0.888888888889, 1.17642404, 1.00000000, 1.00000000, 1.00000000
0.525252525253, 0.898989898990, 1.17107166, 1.00000000, 1.00000000, 1.00000000
0.525252525253, 0.909090909091, 1.16503012, 1.00000000, 1.00000000, 1.00000000
0.525252525253, 0.919191919192, 1.15832400, 1.00000000, 1.00000000, 1.00000000
0.525252525253, 0.929292929293, 1.15098072, 1.00000000, 1.00000000, 1.00000000
0.525252525253, 0.939393939394, 1.14303063, 1.00000000, 1.00000000, 1.00000000
0.525252525253, 0.949494949495, 1.13450764, 1.00000000, 1.00000000, 1.00000000
0.525252525253, 0.959595959596, 1.12545074, 1.00000000, 1.00000000, 1.00000000
0.535353535354, -0.000000000000, 1.06288051, 1.00000000, 1.00000000, 1.00000000
0.535353535354, 0.010101010101, 1.05191133, 1.00000000, 1.00000000, 1.00000000
0.535353535354, 0.020202020202, 1.04104725, 1.00000000, 1.00000000, 1.00000000
0.535353535354, 0.030303030303, 1.03031061, 1.00000000, 1.00000000, 1.00000000
0.535353535354, 0.040404040404, 1.01965405, 1.00000000, 1.00000000, 1.00000000
0.535353535354, 0.050505050505, 1.00897717, 1.00000000, 1.00000000, 1.00000000
0.535353535354, 0.060606060606, 0.99816638, 1.00000000, 1.00000000, 1.00000000
0.535353535354, 0.070707070707, 0.98714028, 1.00000000, 1.00000000, 1.00000000
0.535353535354, 0.080808080808, 0.97587956, 1.00000000, 1.00000000, 1.00000000
0.535353535354, 0.090909090909, 0.96443061, 1.00000000, 1.00000000, 1.00000000
0.535353535354, 0.101010101010, 0.95288682, 1.00000000, 1.00000000, 1.00000000
0.535353535354, 0.111111111111, 0.94136127, 1.00000000, 1.00000000, 1.00000000
0.535353535354, 0.121212121212, 0.92996373, 1.00000000, 1.00000000, 1.00000000
0.535353535354, 0.131313131313, 0.91878829, 1.00000000, 1.00000000, 1.00000000
0.535353535354, 0.141414141414, 0.90791089, 1.00000000, 1.00000000, 1.00000000
0.535353535354, 0.151515151515, 0.89739249, 1.00000000, 1.00000000, 1.00000000
0.535353535354, 0.161616161616, 0.88728366, 1.00000000, 1.00000000, 1.00000000
0.535353535354, 0.171717171717, 0.87762848, 1.00000000, 1.00000000, 1.00000000
0.535353535354, 0.181818181818, 0.86846691, 1.00000000, 1.00000000, 1.00000000
0.535353535354, 0.191919191919, 0.85983593, 1.00000000, 1.00000000, 1.00000000
0.535353535354, 0.202020202020, 0.85177007, 1.00000000, 1.00000000, 1.00000000
0.535353535354, 0.212121212121, 0.84430144, 1.00000000, 1.00000000, 1.00000000
0.535353535354, 0.222222222222, 0.83745974, 1.00000000, 1.00000000, 1.00000000
0.535353535354, 0.232323232323, 0.83127214, 1.00000000, 1.00000000, 1.00000000
0.535353535354, 0.242424242424, 0.82576320, 1.00000000, 1.00000000, 1.00000000
0.535353535354, 0.252525252525, 0.82095478, 1.00000000, 1.00000000, 1.00000000
0.535353535354, 0.262626262626, 0.81686597, 1.00000000, 1.00000000, 1.00000000
0.535353535354, 0.272727272727, 0.81351302, 1.00000000, 1.00000000, 1.00000000
0.535353535354, 0.282828282828, 0.81090925, 1.00000000, 1.00000000, 1.00000000
0.535353535354, 0.292929292929, 0.80906507, 1.00000000, 1.00000000, 1.00000000
0.535353535354, 0.303030303030, 0.80798788, 1.00000000, 1.00000000, 1.00000000
0.535353535354, 0.313131313131, 0.80768208, 1.00000000, 1.00000000, 1.00000000
0.535353535354, 0.323232323232, 0.80814885, 1.00000000, 1.00000000, 1.00000000
0.535353535354, 0.333333333333, 0.80938629, 1.00000000, 1.00000000, 1.00000000
0.535353535354, 0.343434343434, 0.81138944, 1.00000000, 1.00000000, 1.00000000
0.535353535354, 0.353535353535, 0.81415038, 1.00000000, 1.00000000, 1.00000000
0.535353535354, 0.363636363636, 0.81765815, 1.00000000, 1.00000000, 1.00000000
0.535353535354, 0.373737373737, 0.82189889, 1.00000000, 1.00000000, 1.00000000
0.535353535354, 0.383838383838, 0.82685581, 1.00000000, 1.00000000, 1.00000000
0.535353535354, 0.393939393939, 0.83250929, 1.00000000, 1.00000000, 1.00000000
0.535353535354, 0.404040404040, 0.83883692, 1.00000000, 1.00000000, 1.00000000
0.535353535354, 0.414141414141, 0.84581361, 1.00000000, 1.00000000, 1.00000000
0.535353535354, 0.424242424242, 0.85341167, 1.00000000, 1.00000000, 1.00000000
0.535353535354, 0.434343434343, 0.86160089, 1.00000000, 1.00000000, 1.00000000
0.535353535354, 0.444444444444, 0.87034869, 1.00000000, 1.00000000, 1.00000000
0.535353535354, 0.454545454545, 0.87962022, 1.00000000, 1.00000000, 1.00000000
0.535353535354, 0.464646464646, 0.88937849, 1.00000000, 1.00000000, 1.00000000
0.535353535354, 0.474747474747, 0.89958453, 1.00000000, 1.00000000, 1.00000000
0.535353535354, 0.484848484848, 0.91019754, 1.00000000, 1.00000000, 1.00000000
0.535353535354, 0.494949494949, 0.92117503, 1.00000000, 1.00000000, 1.00000000
0.535353535354, 0.505050505051, 0.93247301, 1.00000000, 1.00000000, 1.00000000
0.535353535354, 0.515151515152, 0.94404615, 1.00000000, 1.00000000, 1.00000000
0.535353535354, 0.525252525253, 0.95584798, 1.00000000, 1.00000000, 1.00000000
0.535353535354, 0.535353535354, 0.96783104, 1.00000000, 1.00000000, 1.00000000
0.535353535354, 0.545454545455, 0.97994713, 1.00000000, 1.00000000, 1.00000000
0.535353535354, 0.555555555556, 0.99214745, 1.00000000, 1.00000000, 1.00000000
0.535353535354, 0.565656565657, 1.00438281, 1.00000000, 1.00000000, 1.00000000
0.535353535354, 0.575757575758, 1.01660387, 1.00000000, 1.00000000, 1.00000000
0.535353535354, 0.585858585859, 1.02876129, 1.00000000, 1.00000000, 1.00000000
0.535353535354, 0.595959595960, 1.04080596, 1.00000000, 1.00000000, 1.00000000
0.535353535354, 0.606060606061, 1.05268919, 1.00000000, 1.00000000, 1.00000000
0.535353535354, 0.616161616162, 1.06436293, 1.00000000, 1.00000000, 1.00000000
0.535353535354, 0.626262626263, 1.07577994, 1.00000000, 1.00000000, 1.00000000
0.535353535354, 0.636363636364, 1.08689400, 1.00000000, 1.00000000, 1.00000000
0.535353535354, 0.646464646465, 1.09766010, 1.00000000, 1.00000000, 1.00000000
0.535353535354, 0.656565656566, 1.10803461, 1.00000000, 1.00000000, 1.00000000
0.535353535354, 0.666666666667, 1.11797549, 1.00000000, 1.00000000, 1.00000000
0.535353535354, 0.676767676768, 1.12744243, 1.00000000, 1.00000000, 1.00000000
0.535353535354, 0.686868686869, 1.13639705, 1.00000000, 1.00000000, 1.00000000
0.535353535354, 0.696969696970, 1.14480302, 1.00000000, 1.00000000, 1.00000000
0.535353535354, 0.707070707071, 1.15262623, 1.00000000, 1.00000000, 1.00000000
0.535353535354, 0.717171717172, 1.15983494, 1.00000000, 1.00000000, 1.00000000
0.535353535354, 0.727272727273, 1.16639987, 1.00000000, 1.00000000, 1.00000000
0.535353535354, 0.737373737374, 1.17229440, 1.00000000, 1.00000000, 1.00000000
0.535353535354, 0.747474747475, 1.17749457, 1.00000000, 1.00000000, 1.00000000
0.535353535354, 0.757575757576, 1.18197926, 1.00000000, 1.00000000, 1.00000000
0.535353535354, 0.767676767677, 1.18573025, 1.00000000, 1.00000000, 1.00000000
0.535353535354, 0.777777777778, 1.18873229, 1.00000000, 1.00000000, 1.00000000
0.535353535354, 0.787878787879, 1.19097315, 1.00000000, 1.00000000, 1.00000000
0.535353535354, 0.797979797980, 1.19244371, 1.00000000, 1.00000000, 1.00000000
0.535353535354, 0.808080808081, 1.19313792, 1.00000000, 1.00000000, 1.00000000
0.535353535354, 0.818181818182, 1.19305297, 1.00000000, 1.00000000, 1.00000000
0.535353535354, 0.828282828283, 1.19218927, 1.00000000, 1.00000000, 1.00000000
0.535353535354, 0.838383838384, 1.19055040, 1.00000000, 1.00000000, 1.00000000
0.535353535354, 0.848484848485, 1.18814309, 1.00000000, 1.00000000, 1.00000000
0.535353535354, 0.858585858586, 1.18497716, 1.00000000, 1.00000000, 1.00000000
0.535353535354, 0.868686868687, 1.18106550, 1.00000000, 1.00000000, 1.00000000
0.535353535354, 0.878787878788, 1.17642404, 1.00000000, 1.00000000, 1.00000000
0.535353535354, 0.888888888889, 1.17107166, 1.00000000, 1.00000000, 1.00000000
0.535353535354, 0.898989898990, 1.16503010, 1.00000000, 1.00000000, 1.00000000
0.535353535354, 0.909090909091, 1.15832393, 1.00000000, 1.00000000, 1.00000000
0.535353535354, 0.919191919192, 1.15098044, 1.00000000, 1.00000000, 1.00000000
0.535353535354, 0.929292929293, 1.14302961, 1.00000000, 1.00000000, 1.00000000
0.535353535354, 0.939393939394, 1.13450426, 1.00000000, 1.00000000, 1.00000000
0.535353535354, 0.949494949495, 1.12544067, 1.00000000, 1.00000000, 1.00000000
0.535353535354, 0.959595959596, 1.11588006, 1.00000000, 1.00000000, 1.00000000
0.545454545455, -0.000000000000, 1.05116342, 1.00000000, 1.00000000, 1.00000000
0.545454545455, 0.010101010101, 1.03999322, 1.00000000, 1.00000000, 1.00000000
0.545454545455, 0.020202020202, 1.02897270, 1.00000000, 1.00000000, 1.00000000
0.545454545455, 0.030303030303, 1.01812317, 1.00000000, 1.00000000, 1.00000000
0.545454545455, 0.040404040404, 1.00739660, 1.00000000, 1.00000000, 1.00000000
0.545454545455, 0.050505050505, 0.99669244, 1.00000000, 1.00000000, 1.00000000
0.545454545455, 0.060606060606, 0.98589755, 1.00000000, 1.00000000, 1.00000000
0.545454545455, 0.070707070707, 0.97493134, 1.00000000, 1.00000000, 1.00000000
0.545454545455, 0.080808080808, 0.96377528, 1.00000000, 1.00000000, 1.00000000
0.545454545455, 0.090909090909, 0.95247632, 1.00000000, 1.00000000, 1.00000000
0.545454545455, 0.101010101010, 0.94112810, 1.00000000, 1.00000000, 1.00000000
0.545454545455, 0.111111111111, 0.92984361, 1.00000000, 1.00000000, 1.00000000
0.545454545455, 0.121212121212, 0.91873217, 1.00000000, 1.00000000, 1.00000000
0.545454545455, 0.131313131313, 0.90788712, 1.00000000, 1.00000000, 1.00000000
0.545454545455, 0.141414141414, 0.89738337, 1.00000000, 1.00000000, 1.00000000
0.545454545455, 0.151515151515, 0.88728049, 1.00000000, 1.00000000, 1.00000000
0.545454545455, 0.161616161616, 0.87762749, 1.00000000, 1.00000000, 1.00000000
0.545454545455, 0.171717171717, 0.86846663, 1.00000000, 1.00000000, 1.00000000
0.545454545455, 0.181818181818, 0.85983586, 1.00000000, 1.00000000, 1.00000000
0.545454545455, 0.191919191919, 0.85177005, 1.00000000, 1.00000000, 1.00000000
0.545454545455, 0.202020202020, 0.84430144, 1.00000000, 1.00000000, 1.00000000
0.545454545455, 0.212121212121, 0.83745974, 1.00000000, 1.00000000, 1.00000000
0.545454545455, 0.222222222222, 0.83127214, 1.00000000, 1.00000000, 1.00000000
0.545454545455, 0.232323232323, 0.82576320, 1.00000000, 1.00000000, 1.00000000
0.545454545455, 0.242424242424, 0.82095478, 1.00000000, 1.00000000, 1.00000000
0.545454545455, 0.252525252525, 0.81686597, 1.00000000, 1.00000000, 1.00000000
0.545454545455, 0.262626262626, 0.81351302, 1.00000000, 1.00000000, 1.00000000
0.545454545455, 0.272727272727, 0.81090925, 1.00000000, 1.00000000, 1.00000000
0.545454545455, 0.282828282828, 0.80906507, 1.00000000, 1.00000000, 1.00000000
0.545454545455, 0.292929292929, 0.80798788, 1.00000000, 1.00000000, 1.00000000
0.545454545455, 0.303030303030, 0.80768208, 1.00000000, 1.00000000, 1.00000000
0.545454545455, 0.313131313131, 0.80814885, 1.00000000, 1.00000000, 1.00000000
0.545454545455, 0.323232323232, 0.80938629, 1.00000000, 1.00000000, 1.00000000
0.545454545455, 0.333333333333, 0.81138944, 1.00000000, 1.00000000, 1.00000000
0.545454545455, 0.343434343434, 0.81415038, 1.00000000, 1.00000000, 1.00000000
0.545454545455, 0.353535353535, 0.81765815, 1.00000000, 1.00000000, 1.00000000
0.545454545455, 0.363636363636, 0.82189889, 1.00000000, 1.00000000, 1.00000000
0.545454545455, 0.373737373737, 0.82685581, 1.00000000, 1.00000000, 1.00000000
0.545454545455, 0.383838383838, 0.83250929, 1.00000000, 1.00000000, 1.00000000
0.545454545455, 0.393939393939, 0.83883692, 1.00000000, 1.00000000, 1.00000000
0.545454545455, 0.404040404040, 0.84581361, 1.00000000, 1.00000000, 1.00000000
0.545454545455, 0.414141414141, 0.85341167, 1.00000000, 1.00000000, 1.00000000
0.545454545455, 0.424242424242, 0.86160089, 1.00000000, 1.00000000, 1.00000000
0.545454545455, 0.434343434343, 0.87034869, 1.00000000, 1.00000000, 1.00000000
0.545454545455, 0.444444444444, 0.87962022, 1.00000000, 1.00000000, 1.00000000
0.545454545455, 0.454545454545, 0.88937849, 1.00000000, 1.00000000, 1.00000000
0.545454545455, 0.464646464646, 0.89958453, 1.00000000, 1.00000000, 1.00000000
0.545454545455, 0.474747474747, 0.91019754, 1.00000000, 1.00000000, 1.00000000
0.545454545455, 0.484848484848, 0.92117503, 1.00000000, 1.00000000, 1.00000000
0.545454545455, 0.494949494949, 0.93247301, 1.00000000, 1.00000000, 1.00000000
0.545454545455, 0.505050505051, 0.94404615, 1.00000000, 1.00000000, 1.00000000
0.545454545455, 0.515151515152, 0.95584798, 1.00000000, 1.00000000, 1.00000000
0.545454545455, 0.525252525253, 0.96783104, 1.00000000, 1.00000000, 1.00000000
0.545454545455, 0.535353535354, 0.97994713, 1.00000000, 1.00000000, 1.00000000
0.545454545455, 0.545454545455, 0.99214745, 1.00000000, 1.00000000, 1.00000000
0.545454545455, 0.555555555556, 1.00438281, 1.00000000, 1.00000000, 1.00000000
0.545454545455, 0.565656565657, 1.01660387, 1.00000000, 1.00000000, 1.00000000
0.545454545455, 0.575757575758, 1.02876129, 1.00000000, 1.00000000, 1.00000000
0.545454545455, 0.585858585859, 1.04080596, 1.00000000, 1.00000000, 1.00000000
0.545454545455, 0.595959595960, 1.05268919, 1.00000000, 1.00000000, 1.00000000
0.545454545455, 0.606060606061, 1.06436293, 1.00000000, 1.00000000, 1.00000000
0.545454545455, 0.616161616162, 1.07577994, 1.00000000, 1.00000000, 1.00000000
0.545454545455, 0.626262626263, 1.08689400, 1.00000000, 1.00000000, 1.00000000
0.545454545455, 0.636363636364, 1.09766010, 1.00000000, 1.00000000, 1.00000000
0.545454545455, 0.646464646465, 1.10803461, 1.00000000, 1.00000000, 1.00000000
0.545454545455, 0.656565656566, 1.11797549, 1.00000000, 1.00000000, 1.00000000
0.545454545455, 0.666666666667, 1.12744243, 1.00000000, 1.00000000, 1.00000000
0.545454545455, 0.676767676768, 1.13639705, 1.00000000, 1.00000000, 1.00000000
0.545454545455, 0.686868686869, 1.14480302, 1.00000000, 1.00000000, 1.00000000
0.545454545455, 0.696969696970, 1.15262623, 1.00000000, 1.00000000, 1.00000000
0.545454545455, 0.707070707071, 1.15983494, 1.00000000, 1.00000000, 1.00000000
0.545454545455, 0.717171717172, 1.16639987, 1.00000000, 1.00000000, 1.00000000
0.545454545455, 0.727272727273, 1.17229440, 1.00000000, 1.00000000, 1.00000000
0.545454545455, 0.737373737374, 1.17749457, 1.00000000, 1.00000000, 1.00000000
0.545454545455, 0.747474747475, 1.18197926, 1.00000000, 1.00000000, 1.00000000
0.545454545455, 0.757575757576, 1.18573025, 1.00000000, 1.00000000, 1.00000000
0.545454545455, 0.767676767677, 1.18873229, 1.00000000, 1.00000000, 1.00000000
0.545454545455, 0.777777777778, 1.19097315, 1.00000000, 1.00000000, 1.00000000
0.545454545455, 0.787878787879, 1.19244371, 1.00000000, 1.00000000, 1.00000000
0.545454545455, 0.797979797980, 1.19313792, 1.00000000, 1.00000000, 1.00000000
0.545454545455, 0.808080808081, 1.19305297, 1.00000000, 1.00000000, 1.00000000
0.545454545455, 0.818181818182, 1.19218927, 1.00000000, 1.00000000, 1.00000000
0.545454545455, 0.828282828283, 1.19055040, 1.00000000, 1.00000000, 1.00000000
0.545454545455, 0.838383838384, 1.18814309, 1.00000000, 1.00000000, 1.00000000
0.545454545455, 0.848484848485, 1.18497716, 1.00000000, 1.00000000, 1.00000000
0.545454545455, 0.858585858586, 1.18106550, 1.00000000, 1.00000000, 1.00000000
0.545454545455, 0.868686868687, 1.17642404, 1.00000000, 1.00000000, 1.00000000
0.545454545455, 0.878787878788, 1.17107165, 1.00000000, 1.00000000, 1.00000000
0.545454545455, 0.888888888889, 1.16503010, 1.00000000, 1.00000000, 1.00000000
0.545454545455, 0.898989898990, 1.15832392, 1.00000000, 1.00000000, 1.00000000
0.545454545455, 0.909090909091, 1.15098037, 1.00000000, 1.00000000, 1.00000000
0.545454545455, 0.919191919192, 1.14302932, 1.00000000, 1.00000000, 1.00000000
0.545454545455, 0.929292929293, 1.13450321, 1.00000000, 1.00000000, 1.00000000
0.545454545455, 0.939393939394, 1.12543720, 1.00000000, 1.00000000, 1.00000000
0.545454545455, 0.949494949495, 1.11586978, 1.00000000, 1.00000000, 1.00000000
0.545454545455, 0.959595959596, 1.10584425, 1.00000000, 1.00000000, 1.00000000
0.555555555556, -0.000000000000, 1.03924329, 1.00000000, 1.00000000, 1.00000000
0.555555555556, 0.010101010101, 1.02791718, 1.00000000, 1.00000000, 1.00000000
0.555555555556, 0.020202020202, 1.01678467, 1.00000000, 1.00000000, 1.00000000
0.555555555556, 0.030303030303, 1.00586600, 1.00000000, 1.00000000, 1.00000000
0.555555555556, 0.040404040404, 0.99511263, 1.00000000, 1.00000000, 1.00000000
0.555555555556, 0.050505050505, 0.98442431, 1.00000000, 1.00000000, 1.00000000
0.555555555556, 0.060606060606, 0.97368883, 1.00000000, 1.00000000, 1.00000000
0.555555555556, 0.070707070707, 0.96282668, 1.00000000, 1.00000000, 1.00000000
0.555555555556, 0.080808080808, 0.95182020, 1.00000000, 1.00000000, 1.00000000
0.555555555556, 0.090909090909, 0.94071668, 1.00000000, 1.00000000, 1.00000000
0.555555555556, 0.101010101010, 0.92960962, 1.00000000, 1.00000000, 1.00000000
0.555555555556, 0.111111111111, 0.91861145, 1.00000000, 1.00000000, 1.00000000
0.555555555556, 0.121212121212, 0.90783064, 1.00000000, 1.00000000, 1.00000000
0.555555555556, 0.131313131313, 0.89735941, 1.00000000, 1.00000000, 1.00000000
0.555555555556, 0.141414141414, 0.88727129, 1.00000000, 1.00000000, 1.00000000
0.555555555556, 0.151515151515, 0.87762429, 1.00000000, 1.00000000, 1.00000000
0.555555555556, 0.161616161616, 0.86846562, 1.00000000, 1.00000000, 1.00000000
0.555555555556, 0.171717171717, 0.85983558, 1.00000000, 1.00000000, 1.00000000
0.555555555556, 0.181818181818, 0.85176998, 1.00000000, 1.00000000, 1.00000000
0.555555555556, 0.191919191919, 0.84430142, 1.00000000, 1.00000000, 1.00000000
0.555555555556, 0.202020202020, 0.83745973, 1.00000000, 1.00000000, 1.00000000
0.555555555556, 0.212121212121, 0.83127214, 1.00000000, 1.00000000, 1.00000000
0.555555555556, 0.222222222222, 0.82576320, 1.00000000, 1.00000000, 1.00000000
0.555555555556, 0.232323232323, 0.82095478, 1.00000000, 1.00000000, 1.00000000
0.555555555556, 0.242424242424, 0.81686597, 1.00000000, 1.00000000, 1.00000000
0.555555555556, 0.252525252525, 0.81351302, 1.00000000, 1.00000000, 1.00000000
0.555555555556, 0.262626262626, 0.81090925, 1.00000000, 1.00000000, 1.00000000
0.555555555556, 0.272727272727, 0.80906507, 1.00000000, 1.00000000, 1.00000000
0.555555555556, 0.282828282828, 0.80798788, 1.00000000, 1.00000000, 1.00000000
0.555555555556, 0.292929292929, 0.80768208, 1.00000000, 1.00000000, 1.00000000
0.555555555556, 0.303030303030, 0.80814885, 1.00000000, 1.00000000, 1.00000000
0.555555555556, 0.313131313131, 0.80938629, 1.00000000, 1.00000000, 1.00000000
0.555555555556, 0.323232323232, 0.81138944, 1.00000000, 1.00000000, 1.00000000
0.555555555556, 0.333333333333, 0.81415038, 1.00000000, 1.00000000, 1.00000000
0.555555555556, 0.343434343434, 0.81765815, 1.00000000, 1.00000000, 1.00000000
0.555555555556, 0.353535353535, 0.82189889, 1.00000000, 1.00000000, 1.00000000
0.555555555556, 0.363636363636, 0.82685581, 1.00000000, 1.00000000, 1.00000000
0.555555555556, 0.373737373737, 0.83250929, 1.00000000, 1.00000000, 1.00000000
0.555555555556, 0.383838383838, 0.83883692, 1.00000000, 1.00000000, 1.00000000
0.555555555556, 0.393939393939, 0.84581361, 1.00000000, 1.00000000, 1.00000000
0.555555555556, 0.404040404040, 0.85341167, 1.00000000, 1.00000000, 1.00000000
0.555555555556, 0.414141414141, 0.86160089, 1.00000000, 1.00000000, 1.00000000
0.555555555556, 0.424242424242, 0.87034869, 1.00000000, 1.00000000, 1.00000000
0.555555555556, 0.434343434343, 0.87962022, 1.00000000, 1.00000000, 1.00000000
0.555555555556, 0.444444444444, 0.88937849, 1.00000000, 1.00000000, 1.00000000
0.555555555556, 0.454545454545, 0.89958453, 1.00000000, 1.00000000, 1.00000000
0.555555555556, 0.464646464646, 0.91019754, 1.00000000, 1.00000000, 1.00000000
0.555555555556, 0.474747474747, 0.92117503, 1.00000000, 1.00000000, 1.00000000
0.555555555556, 0.484848484848, 0.93247301, 1.00000000, 1.00000000, 1.00000000
0.555555555556, 0.494949494949, 0.94404615, 1.00000000, 1.00000000, 1.00000000
0.555555555556, 0.505050505051, 0.95584798, 1.00000000, 1.00000000, 1.00000000
0.555555555556, 0.515151515152, 0.96783104, 1.00000000, 1.00000000, 1.00000000
0.555555555556, 0.525252525253, 0.97994713, 1.00000000, 1.00000000, 1.00000000
0.555555555556, 0.535353535354, 0.99214745, 1.00000000, 1.00000000, 1.00000000
0.555555555556, 0.545454545455, 1.00438281, 1.00000000, 1.00000000, 1.00000000
0.555555555556, 0.555555555556, 1.01660387, 1.00000000, 1.00000000, 1.00000000
0.555555555556, 0.565656565657, 1.02876129, 1.00000000, 1.00000000, 1.00000000
0.555555555556, 0.575757575758, 1.04080596, 1.00000000, 1.00000000, 1.00000000
0.555555555556, 0.585858585859, 1.05268919, 1.00000000, 1.00000000, 1.00000000
0.555555555556, 0.595959595960, 1.06436293, 1.00000000, 1.00000000, 1.00000000
0.555555555556, 0.606060606061, 1.07577994, 1.00000000, 1.00000000, 1.00000000
0.555555555556, 0.616161616162, 1.08689400, 1.00000000, 1.00000000, 1.00000000
0.555555555556, 0.626262626263, 1.09766010, 1.00000000, 1.00000000, 1.00000000
0.555555555556, 0.636363636364, 1.10803461, 1.00000000, 1.00000000, 1.00000000
0.555555555556, 0.646464646465, 1.11797549, 1.00000000, 1.00000000, 1.00000000
0.555555555556, 0.656565656566, 1.12744243, 1.00000000, 1.00000000, 1.00000000
0.555555555556, 0.666666666667, 1.13639705, 1.00000000, 1.00000000, 1.00000000
0.555555555556, 0.676767676768, 1.14480302, 1.00000000, 1.00000000, 1.00000000
0.555555555556, 0.686868686869, 1.15262623, 1.00000000, 1.00000000, 1.00000000
0.555555555556, 0.696969696970, 1.15983494, 1.00000000, 1.00000000, 1.00000000
0.555555555556, 0.707070707071, 1.16639987, 1.00000000, 1.00000000, 1.00000000
0.555555555556, 0.717171717172, 1.17229440, 1.00000000, 1.00000000, 1.00000000
0.555555555556, 0.727272727273, 1.17749457, 1.00000000, 1.00000000, 1.00000000
0.555555555556, 0.737373737374, 1.18197926, 1.00000000, 1.00000000, 1.00000000
0.555555555556, 0.747474747475, 1.18573025, 1.00000000, 1.00000000, 1.00000000
0.555555555556, 0.757575757576, 1.18873229, 1.00000000, 1.00000000, 1.00000000
0.555555555556, 0.767676767677, 1.19097315, 1.00000000, 1.00000000, 1.00000000
0.555555555556, 0.777777777778, 1.19244371, 1.00000000, 1.00000000, 1.00000000
0.555555555556, 0.787878787879, 1.19313792, 1.00000000, 1.00000000, 1.00000000
0.555555555556, 0.797979797980, 1.19305297, 1.00000000, 1.00000000, 1.00000000
0.555555555556, 0.808080808081, 1.19218927, 1.00000000, 1.00000000, 1.00000000
0.555555555556, 0.818181818182, 1.19055040, 1.00000000, 1.00000000, 1.00000000
0.555555555556, 0.828282828283, 1.18814309, 1.00000000, 1.00000000, 1.00000000
0.555555555556, 0.838383838384, 1.18497716, 1.00000000, 1.00000000, 1.00000000
0.555555555556, 0.848484848485, 1.18106550, 1.00000000, 1.00000000, 1.00000000
0.555555555556, 0.858585858586, 1.17642404, 1.00000000, 1.00000000, 1.00000000
0.555555555556, 0.868686868687, 1.17107165, 1.00000000, 1.00000000, 1.00000000
0.555555555556, 0.878787878788, 1.16503010, 1.00000000, 1.00000000, 1.00000000
0.555555555556, 0.888888888889, 1.15832392, 1.00000000, 1.00000000, 1.00000000
0.555555555556, 0.898989898990, 1.15098036, 1.00000000, 1.00000000, 1.00000000
0.555555555556, 0.909090909091, 1.14302925, 1.00000000, 1.00000000, 1.00000000
0.555555555556, 0.919191919192, 1.13450291, 1.00000000, 1.00000000, 1.00000000
0.555555555556, 0.929292929293, 1.12543612, 1.00000000, 1.00000000, 1.00000000
0.555555555556, 0.939393939394, 1.11586624, 1.00000000, 1.00000000, 1.00000000
0.555555555556, 0.949494949495, 1.10583379, 1.00000000, 1.00000000, 1.00000000
0.555555555556, 0.959595959596, 1.09538399, 1.00000000, 1.00000000, 1.00000000
0.565656565657, -0.000000000000, 1.02716822, 1.00000000, 1.00000000, 1.00000000
0.565656565657, 0.010101010101, 1.01573191, 1.00000000, 1.00000000, 1.00000000
0.565656565657, 0.020202020202, 1.00453230, 1.00000000, 1.00000000, 1.00000000
0.565656565657, 0.030303030303, 0.99358849, 1.00000000, 1.00000000, 1.00000000
0.565656565657, 0.040404040404, 0.98285166, 1.00000000, 1.00000000, 1.00000000
0.565656565657, 0.050505050505, 0.97222225, 1.00000000, 1.00000000, 1.00000000
0.565656565657, 0.060606060606, 0.96158942, 1.00000000, 1.00000000, 1.00000000
0.565656565657, 0.070707070707, 0.95087506, 1.00000000, 1.00000000, 1.00000000
0.565656565657, 0.080808080808, 0.94006242, 1.00000000, 1.00000000, 1.00000000
0.565656565657, 0.090909090909, 0.92919895, 1.00000000, 1.00000000, 1.00000000
0.565656565657, 0.101010101010, 0.91837761, 1.00000000, 1.00000000, 1.00000000
0.565656565657, 0.111111111111, 0.90770983, 1.00000000, 1.00000000, 1.00000000
0.565656565657, 0.121212121212, 0.89730279, 1.00000000, 1.00000000, 1.00000000
0.565656565657, 0.131313131313, 0.88724723, 1.00000000, 1.00000000, 1.00000000
0.565656565657, 0.141414141414, 0.87761503, 1.00000000, 1.00000000, 1.00000000
0.565656565657, 0.151515151515, 0.86846240, 1.00000000, 1.00000000, 1.00000000
0.565656565657, 0.161616161616, 0.85983456, 1.00000000, 1.00000000, 1.00000000
0.565656565657, 0.171717171717, 0.85176969, 1.00000000, 1.00000000, 1.00000000
0.565656565657, 0.181818181818, 0.84430135, 1.00000000, 1.00000000, 1.00000000
0.565656565657, 0.191919191919, 0.83745972, 1.00000000, 1.00000000, 1.00000000
0.565656565657, 0.202020202020, 0.83127213, 1.00000000, 1.00000000, 1.00000000
0.565656565657, 0.212121212121, 0.82576319, 1.00000000, 1.00000000, 1.00000000
0.565656565657, 0.222222222222, 0.82095478, 1.00000000, 1.00000000, 1.00000000
0.565656565657, 0.232323232323, 0.81686597, 1.00000000, 1.00000000, 1.00000000
0.565656565657, 0.242424242424, 0.81351302, 1.00000000, 1.00000000, 1.00000000
0.565656565657, 0.252525252525, 0.81090925, 1.00000000, 1.00000000, 1.00000000
0.565656565657, 0.262626262626, 0.80906507, 1.00000000, 1.00000000, 1.00000000
0.565656565657, 0.272727272727, 0.80798788, 1.00000000, 1.00000000, 1.00000000
0.565656565657, 0.282828282828, 0.80768208, 1.00000000, 1.00000000, 1.00000000
0.565656565657, 0.292929292929, 0.80814885, 1.00000000, 1.00000000, 1.00000000
0.565656565657, 0.303030303030, 0.80938629, 1.00000000, 1.00000000, 1.00000000
0.565656565657, 0.313131313131, 0.81138944, 1.00000000, 1.00000000, 1.00000000
0.565656565657, 0.323232323232, 0.81415038, 1.00000000, 1.00000000, 1.00000000
0.565656565657, 0.333333333333, 0.81765815, 1.00000000, 1.00000000, 1.00000000
0.565656565657, 0.343434343434, 0.82189889, 1.00000000, 1.00000000, 1.00000000
0.565656565657, 0.353535353535, 0.82685581, 1.00000000, 1.00000000, 1.00000000
0.565656565657, 0.363636363636, 0.83250929, 1.00000000, 1.00000000, 1.00000000
0.565656565657, 0.373737373737, 0.83883692, 1.00000000, 1.00000000, 1.00000000
0.565656565657, 0.383838383838, 0.84581361, 1.00000000, 1.00000000, 1.00000000
0.565656565657, 0.393939393939, 0.85341167, 1.00000000, 1.00000000, 1.00000000
0.565656565657, 0.404040404040, 0.86160089, 1.00000000, 1.00000000, 1.00000000
0.565656565657, 0.414141414141, 0.87034869, 1.00000000, 1.00000000, 1.00000000
0.565656565657, 0.424242424242, 0.87962022, 1.00000000, 1.00000000, 1.00000000
0.565656565657, 0.434343434343, 0.88937849, 1.00000000, 1.00000000, 1.00000000
0.565656565657, 0.444444444444, 0.89958453, 1.00000000, 1.00000000, 1.00000000
0.565656565657, 0.454545454545, 0.91019754, 1.00000000, 1.00000000, 1.00000000
0.565656565657, 0.464646464646, 0.92117503, 1.00000000, 1.00000000, 1.00000000
0.565656565657, 0.474747474747, 0.93247301, 1.00000000, 1.00000000, 1.00000000
0.565656565657, 0.484848484848, 0.94404615, 1.00000000, 1.00000000, 1.00000000
0.565656565657, 0.494949494949, 0.95584798, 1.00000000, 1.00000000, 1.00000000
0.565656565657, 0.505050505051, 0.96783104, 1.00000000, 1.00000000, 1.00000000
0.565656565657, 0.515151515152, 0.97994713, 1.00000000, 1.00000000, 1.00000000
0.565656565657, 0.525252525253, 0.99214745, 1.00000000, 1.00000000, 1.00000000
0.565656565657, 0.535353535354, 1.00438281, 1.00000000, 1.00000000, 1.00000000
0.565656565657, 0.545454545455, 1.01660387, 1.00000000, 1.00000000, 1.00000000
0.565656565657, 0.555555555556, 1.02876129, 1.00000000, 1.00000000, 1.00000000
0.565656565657, 0.565656565657, 1.04080596, 1.00000000, 1.00000000, 1.00000000
0.565656565657, 0.575757575758, 1.05268919, 1.00000000, 1.00000000, 1.00000000
0.565656565657, 0.585858585859, 1.06436293, 1.00000000, 1.00000000, 1.00000000
0.565656565657, 0.595959595960, 1.07577994, 1.00000000, 1.00000000, 1.00000000
0.565656565657, 0.606060606061, 1.08689400, 1.00000000, 1.00000000, 1.00000000
0.565656565657, 0.616161616162, 1.09766010, 1.00000000, 1.00000000, 1.00000000
0.565656565657, 0.626262626263, 1.10803461, 1.00000000, 1.00000000, 1.00000000
0.565656565657, 0.636363636364, 1.11797549, 1.00000000, 1.00000000, 1.00000000
0.565656565657, 0.646464646465, 1.12744243, 1.00000000, 1.00000000, 1.00000000
0.565656565657, 0.656565656566, 1.13639705, 1.00000000, 1.00000000, 1.00000000
0.565656565657, 0.666666666667, 1.14480302, 1.00000000, 1.00000000, 1.00000000
0.565656565657, 0.676767676768, 1.15262623, 1.00000000, 1.00000000, 1.00000000
0.565656565657, 0.686868686869, 1.15983494, 1.00000000, 1.00000000, 1.00000000
0.565656565657, 0.696969696970, 1.16639987, 1.00000000, 1.00000000, 1.00000000
0.565656565657, 0.707070707071, 1.17229440, 1.00000000, 1.00000000, 1.00000000
0.565656565657, 0.717171717172, 1.17749457, 1.00000000, 1.00000000, 1.00000000
0.565656565657, 0.727272727273, 1.18197926, 1.00000000, 1.00000000, 1.00000000
0.565656565657, 0.737373737374, 1.18573025, 1.00000000, 1.00000000, 1.00000000
0.565656565657, 0.747474747475, 1.18873229, 1.00000000, 1.00000000, 1.00000000
0.565656565657, 0.757575757576, 1.19097315, 1.00000000, 1.00000000, 1.00000000
0.565656565657, 0.767676767677, 1.19244371, 1.00000000, 1.00000000, 1.00000000
0.565656565657, 0.777777777778, 1.19313792, 1.00000000, 1.00000000, 1.00000000
0.565656565657, 0.787878787879, 1.19305297, 1.00000000, 1.00000000, 1.00000000
0.565656565657, 0.797979797980, 1.19218927, 1.00000000, 1.00000000, 1.00000000
0.565656565657, 0.808080808081, 1.19055040, 1.00000000, 1.00000000, 1.00000000
0.565656565657, 0.818181818182, 1.18814309, 1.00000000, 1.00000000, 1.00000000
0.565656565657, 0.828282828283, 1.18497716, 1.00000000, 1.00000000, 1.00000000
0.565656565657, 0.838383838384, 1.18106550, 1.00000000, 1.00000000, 1.00000000
0.565656565657, 0.848484848485, 1.17642404, 1.00000000, 1.00000000, 1.00000000
0.565656565657, 0.858585858586, 1.17107165, 1.00000000, 1.00000000, 1.00000000
0.565656565657, 0.868686868687, 1.16503010, 1.00000000, 1.00000000, 1.00000000
0.565656565657, 0.878787878788, 1.15832392, 1.00000000, 1.00000000, 1.00000000
0.565656565657, 0.888888888889, 1.15098035, 1.00000000, 1.00000000, 1.00000000
0.565656565657, 0.898989898990, 1.14302923, 1.00000000, 1.00000000, 1.00000000
0.565656565657, 0.909090909091, 1.13450284, 1.00000000, 1.00000000, 1.00000000
0.565656565657, 0.919191919192, 1.12543582, 1.00000000, 1.00000000, 1.00000000
0.565656565657, 0.929292929293, 1.11586514, 1.00000000, 1.00000000, 1.00000000
0.565656565657, 0.939393939394, 1.10583020, 1.00000000, 1.00000000, 1.00000000
0.565656565657, 0.949494949495, 1.09537339, 1.00000000, 1.00000000, 1.00000000
0.565656565657, 0.959595959596, 1.08454167, 1.00000000, 1.00000000, 1.00000000
0.575757575758, -0.000000000000, 1.01498695, 1.00000000, 1.00000000, 1.00000000
0.575757575758, 0.010101010101, 1.00348655, 1.00000000, 1.00000000, 1.00000000
0.575757575758, 0.020202020202, 0.99226496, 1.00000000, 1.00000000, 1.00000000
0.575757575758, 0.030303030303, 0.98134011, 1.00000000, 1.00000000, 1.00000000
0.575757575758, 0.040404040404, 0.97066306, 1.00000000, 1.00000000, 1.00000000
0.575757575758, 0.050505050505, 0.96013539, 1.00000000, 1.00000000, 1.00000000
0.575757575758, 0.060606060606, 0.94964803, 1.00000000, 1.00000000, 1.00000000
0.575757575758, 0.070707070707, 0.93912458, 1.00000000, 1.00000000, 1.00000000
0.575757575758, 0.080808080808, 0.92854922, 1.00000000, 1.00000000, 1.00000000
0.575757575758, 0.090909090909, 0.91796937, 1.00000000, 1.00000000, 1.00000000
0.575757575758, 0.101010101010, 0.90747710, 1.00000000, 1.00000000, 1.00000000
0.575757575758, 0.111111111111, 0.89718240, 1.00000000, 1.00000000, 1.00000000
0.575757575758, 0.121212121212, 0.88719073, 1.00000000, 1.00000000, 1.00000000
0.575757575758, 0.131313131313, 0.87759099, 1.00000000, 1.00000000, 1.00000000
0.575757575758, 0.141414141414, 0.86845313, 1.00000000, 1.00000000, 1.00000000
0.575757575758, 0.151515151515, 0.85983133, 1.00000000, 1.00000000, 1.00000000
0.575757575758, 0.161616161616, 0.85176868, 1.00000000, 1.00000000, 1.00000000
0.575757575758, 0.171717171717, 0.84430106, 1.00000000, 1.00000000, 1.00000000
0.575757575758, 0.181818181818, 0.83745964, 1.00000000, 1.00000000, 1.00000000
0.575757575758, 0.191919191919, 0.83127212, 1.00000000, 1.00000000, 1.00000000
0.575757575758, 0.202020202020, 0.82576319, 1.00000000, 1.00000000, 1.00000000
0.575757575758, 0.212121212121, 0.82095478, 1.00000000, 1.00000000, 1.00000000
0.575757575758, 0.222222222222, 0.81686597, 1.00000000, 1.00000000, 1.00000000
0.575757575758, 0.232323232323, 0.81351302, 1.00000000, 1.00000000, 1.00000000
0.575757575758, 0.242424242424, 0.81090925, 1.00000000, 1.00000000, 1.00000000
0.575757575758, 0.252525252525, 0.80906507, 1.00000000, 1.00000000, 1.00000000
0.575757575758, 0.262626262626, 0.80798788, 1.00000000, 1.00000000, 1.00000000
0.575757575758, 0.272727272727, 0.80768208, 1.00000000, 1.00000000, 1.00000000
0.575757575758, 0.282828282828, 0.80814885, 1.00000000, 1.00000000, 1.00000000
0.575757575758, 0.292929292929, 0.80938629, 1.00000000, 1.00000000, 1.00000000
0.575757575758, 0.303030303030, 0.81138944, 1.00000000, 1.00000000, 1.00000000
0.575757575758, 0.313131313131, 0.81415038, 1.00000000, 1.00000000, 1.00000000
0.575757575758, 0.323232323232, 0.81765815, 1.00000000, 1.00000000, 1.00000000
0.575757575758, 0.333333333333, 0.82189889, 1.00000000, 1.00000000, 1.00000000
0.575757575758, 0.343434343434, 0.82685581, 1.00000000, 1.00000000, 1.00000000
0.575757575758, 0.353535353535, 0.83250929, 1.00000000, 1.00000000, 1.00000000
0.575757575758, 0.363636363636, 0.83883692, 1.00000000, 1.00000000, 1.00000000
0.575757575758, 0.373737373737, 0.84581361, 1.00000000, 1.00000000, 1.00000000
0.575757575758, 0.383838383838, 0.85341167, 1.00000000, 1.00000000, 1.00000000
0.575757575758, 0.393939393939, 0.86160089, 1.00000000, 1.00000000, 1.00000000
0.575757575758, 0.404040404040, 0.87034869, 1.00000000, 1.00000000, 1.00000000
0.575757575758, 0.414141414141, 0.87962022, 1.00000000, 1.00000000, 1.00000000
0.575757575758, 0.424242424242, 0.88937849, 1.00000000, 1.00000000, 1.00000000
0.575757575758, 0.434343434343, 0.89958453, 1.00000000, 1.00000000, 1.00000000
0.575757575758, 0.444444444444, 0.91019754, 1.00000000, 1.00000000, 1.00000000
0.575757575758, 0.454545454545, 0.92117503, 1.00000000, 1.00000000, 1.00000000
0.575757575758, 0.464646464646, 0.93247301, 1.00000000, 1.00000000, 1.00000000
0.575757575758, 0.474747474747, 0.94404615, 1.00000000, 1.00000000, 1.00000000
0.575757575758, 0.484848484848, 0.95584798, 1.00000000, 1.00000000, 1.00000000
0.575757575758, 0.494949494949, 0.96783104, 1.00000000, 1.00000000, 1.00000000
0.575757575758, 0.505050505051, 0.97994713, 1.00000000, 1.00000000, 1.00000000
0.575757575758, 0.515151515152, 0.99214745, 1.00000000, 1.00000000, 1.00000000
0.575757575758, 0.525252525253, 1.00438281, 1.00000000, 1.00000000, 1.00000000
0.575757575758, 0.535353535354, 1.01660387, 1.00000000, 1.00000000, 1.00000000
0.575757575758, 0.545454545455, 1.02876129, 1.00000000, 1.00000000, 1.00000000
0.575757575758, 0.555555555556, 1.04080596, 1.00000000, 1.00000000, 1.00000000
0.575757575758, 0.565656565657, 1.05268919, 1.00000000, 1.00000000, 1.00000000
0.575757575758, 0.575757575758, 1.06436293, 1.00000000, 1.00000000, 1.00000000
0.575757575758, 0.585858585859, 1.07577994, 1.00000000, 1.00000000, 1.00000000
0.575757575758, 0.595959595960, 1.08689400, 1.00000000, 1.00000000, 1.00000000
0.575757575758, 0.606060606061, 1.09766010, 1.00000000, 1.00000000, 1.00000000
0.575757575758, 0.616161616162, 1.10803461, 1.00000000, 1.00000000, 1.00000000
0.575757575758, 0.626262626263, 1.11797549, 1.00000000, 1.00000000, 1.00000000
0.575757575758, 0.636363636364, 1.12744243, 1.00000000, 1.00000000, 1.00000000
0.575757575758, 0.646464646465, 1.13639705, 1.00000000, 1.00000000, 1.00000000
0.575757575758, 0.656565656566, 1.14480302, 1.00000000, 1.00000000, 1.00000000
0.575757575758, 0.666666666667, 1.15262623, 1.00000000, 1.00000000, 1.00000000
0.575757575758, 0.676767676768, 1.15983494, 1.00000000, 1.00000000, 1.00000000
0.575757575758, 0.686868686869, 1.16639987, 1.00000000, 1.00000000, 1.00000000
0.575757575758, 0.696969696970, 1.17229440, 1.00000000, 1.00000000, 1.00000000
0.575757575758, 0.707070707071, 1.17749457, 1.00000000, 1.00000000, 1.00000000
0.575757575758, 0.717171717172, 1.18197926, 1.00000000, 1.00000000, 1.00000000
0.575757575758, 0.727272727273, 1.18573025, 1.00000000, 1.00000000, 1.00000000
0.575757575758, 0.737373737374, 1.18873229, 1.00000000, 1.00000000, 1.00000000
0.575757575758, 0.747474747475, 1.19097315, 1.00000000, 1.00000000, 1.00000000
0.575757575758, 0.757575757576, 1.19244371, 1.00000000, 1.00000000, 1.00000000
0.575757575758, 0.767676767677, 1.19313792, 1.00000000, 1.00000000, 1.00000000
0.575757575758, 0.777777777778, 1.19305297, 1.00000000, 1.00000000, 1.00000000
0.575757575758, 0.787878787879, 1.19218927, 1.00000000, 1.00000000, 1.00000000
0.575757575758, 0.797979797980, 1.19055040, 1.00000000, 1.00000000, 1.00000000
0.575757575758, 0.808080808081, 1.18814309, 1.00000000, 1.00000000, 1.00000000
0.575757575758, 0.818181818182, 1.18497716, 1.00000000, 1.00000000, 1.00000000
0.575757575758, 0.828282828283, 1.18106550, 1.00000000, 1.00000000, 1.00000000
0.575757575758, 0.838383838384, 1.17642404, 1.00000000, 1.00000000, 1.00000000
0.575757575758, 0.848484848485, 1.17107165, 1.00000000, 1.00000000, 1.00000000
0.575757575758, 0.858585858586, 1.16503010, 1.00000000, 1.00000000, 1.00000000
0.575757575758, 0.868686868687, 1.15832392, 1.00000000, 1.00000000, 1.00000000
0.575757575758, 0.878787878788, 1.15098035, 1.00000000, 1.00000000, 1.00000000
0.575757575758, 0.888888888889, 1.14302923, 1.00000000, 1.00000000, 1.00000000
0.575757575758, 0.898989898990, 1.13450282, 1.00000000, 1.00000000, 1.00000000
0.575757575758, 0.909090909091, 1.12543575, 1.00000000, 1.00000000, 1.00000000
0.575757575758, 0.919191919192, 1.11586484, 1.00000000, 1.00000000, 1.00000000
0.575757575758, 0.929292929293, 1.10582908, 1.00000000, 1.00000000, 1.00000000
0.575757575758, 0.939393939394, 1.09536975, 1.00000000, 1.00000000, 1.00000000
0.575757575758, 0.949494949495, 1.08453097, 1.00000000, 1.00000000, 1.00000000
0.575757575758, 0.959595959596, 1.07336119, 1.00000000, 1.00000000, 1.00000000
0.585858585859, -0.000000000000, 1.00274858, 1.00000000, 1.00000000, 1.00000000
0.585858585859, 0.010101010101, 0.99123041, 1.00000000, 1.00000000, 1.00000000
0.585858585859, 0.020202020202, 0.98003205, 1.00000000, 1.00000000, 1.00000000
0.585858585859, 0.030303030303, 0.96917014, 1.00000000, 1.00000000, 1.00000000
0.585858585859, 0.040404040404, 0.95859590, 1.00000000, 1.00000000, 1.00000000
0.585858585859, 0.050505050505, 0.94821237, 1.00000000, 1.00000000, 1.00000000
0.585858585859, 0.060606060606, 0.93791270, 1.00000000, 1.00000000, 1.00000000
0.585858585859, 0.070707070707, 0.92762246, 1.00000000, 1.00000000, 1.00000000
0.585858585859, 0.080808080808, 0.91732682, 1.00000000, 1.00000000, 1.00000000
0.585858585859, 0.090909090909, 0.90707298, 1.00000000, 1.00000000, 1.00000000
0.585858585859, 0.101010101010, 0.89695176, 1.00000000, 1.00000000, 1.00000000
0.585858585859, 0.111111111111, 0.88707127, 1.00000000, 1.00000000, 1.00000000
0.585858585859, 0.121212121212, 0.87753485, 1.00000000, 1.00000000, 1.00000000
0.585858585859, 0.131313131313, 0.86842921, 1.00000000, 1.00000000, 1.00000000
0.585858585859, 0.141414141414, 0.85982210, 1.00000000, 1.00000000, 1.00000000
0.585858585859, 0.151515151515, 0.85176545, 1.00000000, 1.00000000, 1.00000000
0.585858585859, 0.161616161616, 0.84430004, 1.00000000, 1.00000000, 1.00000000
0.585858585859, 0.171717171717, 0.83745936, 1.00000000, 1.00000000, 1.00000000
0.585858585859, 0.181818181818, 0.83127204, 1.00000000, 1.00000000, 1.00000000
0.585858585859, 0.191919191919, 0.82576317, 1.00000000, 1.00000000, 1.00000000
0.585858585859, 0.202020202020, 0.82095477, 1.00000000, 1.00000000, 1.00000000
0.585858585859, 0.212121212121, 0.81686597, 1.00000000, 1.00000000, 1.00000000
0.585858585859, 0.222222222222, 0.81351302, 1.00000000, 1.00000000, 1.00000000
0.585858585859, 0.232323232323, 0.81090925, 1.00000000, 1.00000000, 1.00000000
0.585858585859, 0.242424242424, 0.80906507, 1.00000000, 1.00000000, 1.00000000
0.585858585859, 0.252525252525, 0.80798788, 1.00000000, 1.00000000, 1.00000000
0.585858585859, 0.262626262626, 0.80768208, 1.00000000, 1.00000000, 1.00000000
0.585858585859, 0.272727272727, 0.80814885, 1.00000000, 1.00000000, 1.00000000
0.585858585859, 0.282828282828, 0.80938629, 1.00000000, 1.00000000, 1.00000000
0.585858585859, 0.292929292929, 0.81138944, 1.00000000, 1.00000000, 1.00000000
0.585858585859, 0.303030303030, 0.81415038, 1.00000000, 1.00000000, 1.00000000
0.585858585859, 0.313131313131, 0.81765815, 1.00000000, 1.00000000, 1.00000000
0.585858585859, 0.323232323232, 0.82189889, 1.00000000, 1.00000000, 1.00000000
0.585858585859, 0.333333333333, 0.82685581, 1.00000000, 1.00000000, 1.00000000
0.585858585859, 0.343434343434, 0.83250929, 1.00000000, 1.00000000, 1.00000000
0.585858585859, 0.353535353535, 0.83883692, 1.00000000, 1.00000000, 1.00000000
0.585858585859, 0.363636363636, 0.84581361, 1.00000000, 1.00000000, 1.00000000
0.585858585859, 0.373737373737, 0.85341167, 1.00000000, 1.00000000, 1.00000000
0.585858585859, 0.383838383838, 0.86160089, 1.00000000, 1.00000000, 1.00000000
0.585858585859, 0.393939393939, 0.87034869, 1.00000000, 1.00000000, 1.00000000
0.585858585859, 0.404040404040, 0.87962022, 1.00000000, 1.00000000, 1.00000000
0.585858585859, 0.414141414141, 0.88937849, 1.00000000, 1.00000000, 1.00000000
0.585858585859, 0.424242424242, 0.89958453, 1.00000000, 1.00000000, 1.00000000
0.585858585859, 0.434343434343, 0.91019754, 1.00000000, 1.00000000, 1.00000000
0.585858585859, 0.444444444444, 0.92117503, 1.00000000, 1.00000000, 1.00000000
0.585858585859, 0.454545454545, 0.93247301, 1.00000000, 1.00000000, 1.00000000
0.585858585859, 0.464646464646, 0.94404615, 1.00000000, 1.00000000, 1.00000000
0.585858585859, 0.474747474747, 0.95584798, 1.00000000, 1.00000000, 1.00000000
0.585858585859, 0.484848484848, 0.96783104, 1.00000000, 1.00000000, 1.00000000
0.585858585859, 0.494949494949, 0.97994713, 1.00000000, 1.00000000, 1.00000000
0.585858585859, 0.505050505051, 0.99214745, 1.00000000, 1.00000000, 1.00000000
0.585858585859, 0.515151515152, 1.00438281, 1.00000000, 1.00000000, 1.00000000
0.585858585859, 0.525252525253, 1.01660387, 1.00000000, 1.00000000, 1.00000000
0.585858585859, 0.535353535354, 1.02876129, 1.00000000, 1.00000000, 1.00000000
0.585858585859, 0.545454545455, 1.04080596, 1.00000000, 1.00000000, 1.00000000
0.585858585859, 0.555555555556, 1.05268919, 1.00000000, 1.00000000, 1.00000000
0.585858585859, 0.565656565657, 1.06436293, 1.00000000, 1.00000000, 1.00000000
0.585858585859, 0.575757575758, 1.07577994, 1.00000000, 1.00000000, 1.00000000
0.585858585859, 0.585858585859, 1.08689400, 1.00000000, 1.00000000, 1.00000000
0.585858585859, 0.595959595960, 1.09766010, 1.00000000, 1.00000000, 1.00000000
0.585858585859, 0.606060606061, 1.10803461, 1.00000000, 1.00000000, 1.00000000
0.585858585859, 0.616161616162, 1.11797549, 1.00000000, 1.00000000, 1.00000000
0.585858585859, 0.626262626263, 1.12744243, 1.00000000, 1.00000000, 1.00000000
0.585858585859, 0.636363636364, 1.13639705, 1.00000000, 1.00000000, 1.00000000
0.585858585859, 0.646464646465, 1.14480302, 1.00000000, 1.00000000, 1.00000000
0.585858585859, 0.656565656566, 1.15262623, 1.00000000, 1.00000000, 1.00000000
0.585858585859, 0.666666666667, 1.15983494, 1.00000000, 1.00000000, 1.00000000
0.585858585859, 0.676767676768, 1.16639987, 1.00000000, 1.00000000, 1.00000000
0.585858585859, 0.686868686869, 1.17229440, 1.00000000, 1.00000000, 1.00000000
0.585858585859, 0.696969696970, 1.17749457, 1.00000000, 1.00000000, 1.00000000
0.585858585859, 0.707070707071, 1.18197926, 1.00000000, 1.00000000, 1.00000000
0.585858585859, 0.717171717172, 1.18573025, 1.00000000, 1.00000000, 1.00000000
0.585858585859, 0.727272727273, 1.18873229, 1.00000000, 1.00000000, 1.00000000
0.585858585859, 0.737373737374, 1.19097315, 1.00000000, 1.00000000, 1.00000000
0.585858585859, 0.747474747475, 1.19244371, 1.00000000, 1.00000000, 1.00000000
0.585858585859, 0.757575757576, 1.19313792, 1.00000000, 1.00000000, 1.00000000
0.585858585859, 0.767676767677, 1.19305297, 1.00000000, 1.00000000, 1.00000000
0.585858585859, 0.777777777778, 1.19218927, 1.00000000, 1.00000000, 1.00000000
0.585858585859, 0.787878787879, 1.19055040, 1.00000000, 1.00000000, 1.00000000
0.585858585859, 0.797979797980, 1.18814309, 1.00000000, 1.00000000, 1.00000000
0.585858585859, 0.808080808081, 1.18497716, 1.00000000, 1.00000000, 1.00000000
0.585858585859, 0.818181818182, 1.18106550, 1.00000000, 1.00000000, 1.00000000
0.585858585859, 0.828282828283, 1.17642404, 1.00000000, 1.00000000, 1.00000000
0.585858585859, 0.838383838384, 1.17107165, 1.00000000, 1.00000000, 1.00000000
0.585858585859, 0.848484848485, 1.16503010, 1.00000000, 1.00000000, 1.00000000
0.585858585859, 0.858585858586, 1.15832392, 1.00000000, 1.00000000, 1.00000000
0.585858585859, 0.868686868687, 1.15098035, 1.00000000, 1.00000000, 1.00000000
0.585858585859, 0.878787878788, 1.14302923, 1.00000000, 1.00000000, 1.00000000
0.585858585859, 0.888888888889, 1.13450282, 1.00000000, 1.00000000, 1.00000000
0.585858585859, 0.898989898990, 1.12543573, 1.00000000, 1.00000000, 1.00000000
0.585858585859, 0.909090909091, 1.11586476, 1.00000000, 1.00000000, 1.00000000
0.585858585859, 0.919191919192, 1.10582877, 1.00000000, 1.00000000, 1.00000000
0.585858585859, 0.929292929293, 1.09536862, 1.00000000, 1.00000000, 1.00000000
0.585858585859, 0.939393939394, 1.08452730, 1.00000000, 1.00000000, 1.00000000
0.585858585859, 0.949494949495, 1.07335044, 1.00000000, 1.00000000, 1.00000000
0.585858585859, 0.959595959596, 1.06188783, 1.00000000, 1.00000000, 1.00000000
0.595959595960, -0.000000000000, 0.99050240, 1.00000000, 1.00000000, 1.00000000
0.595959595960, 0.010101010101, 0.97901284, 1.00000000, 1.00000000, 1.00000000
0.595959595960, 0.020202020202, 0.96788276, 1.00000000, 1.00000000, 1.00000000
0.595959595960, 0.030303030303, 0.95712754, 1.00000000, 1.00000000, 1.00000000
0.595959595960, 0.040404040404, 0.94669870, 1.00000000, 1.00000000, 1.00000000
0.595959595960, 0.050505050505, 0.93650114, 1.00000000, 1.00000000, 1.00000000
0.595959595960, 0.060606060606, 0.92643061, 1.00000000, 1.00000000, 1.00000000
0.595959595960, 0.070707070707, 0.91641491, 1.00000000, 1.00000000, 1.00000000
0.595959595960, 0.080808080808, 0.90644027, 1.00000000, 1.00000000, 1.00000000
0.595959595960, 0.090909090909, 0.89655347, 1.00000000, 1.00000000, 1.00000000
0.595959595960, 0.101010101010, 0.88684371, 1.00000000, 1.00000000, 1.00000000
0.595959595960, 0.111111111111, 0.87741685, 1.00000000, 1.00000000, 1.00000000
0.595959595960, 0.121212121212, 0.86837369, 1.00000000, 1.00000000, 1.00000000
0.595959595960, 0.131313131313, 0.85979841, 1.00000000, 1.00000000, 1.00000000
0.595959595960, 0.141414141414, 0.85175629, 1.00000000, 1.00000000, 1.00000000
0.595959595960, 0.151515151515, 0.84429684, 1.00000000, 1.00000000, 1.00000000
0.595959595960, 0.161616161616, 0.83745835, 1.00000000, 1.00000000, 1.00000000
0.595959595960, 0.171717171717, 0.83127175, 1.00000000, 1.00000000, 1.00000000
0.595959595960, 0.181818181818, 0.82576310, 1.00000000, 1.00000000, 1.00000000
0.595959595960, 0.191919191919, 0.82095476, 1.00000000, 1.00000000, 1.00000000
0.595959595960, 0.202020202020, 0.81686597, 1.00000000, 1.00000000, 1.00000000
0.595959595960, 0.212121212121, 0.81351302, 1.00000000, 1.00000000, 1.00000000
0.595959595960, 0.222222222222, 0.81090925, 1.00000000, 1.00000000, 1.00000000
0.595959595960, 0.232323232323, 0.80906507, 1.00000000, 1.00000000, 1.00000000
0.595959595960, 0.242424242424, 0.80798788, 1.00000000, 1.00000000, 1.00000000
0.595959595960, 0.252525252525, 0.80768208, 1.00000000, 1.00000000, 1.00000000
0.595959595960, 0.262626262626, 0.80814885, 1.00000000, 1.00000000, 1.00000000
0.595959595960, 0.272727272727, 0.80938629, 1.00000000, 1.00000000, 1.00000000
0.595959595960, 0.282828282828, 0.81138944, 1.00000000, 1.00000000, 1.00000000
0.595959595960, 0.292929292929, 0.81415038, 1.00000000, 1.00000000, 1.00000000
0.595959595960, 0.303030303030, 0.81765815, 1.00000000, 1.00000000, 1.00000000
0.595959595960, 0.313131313131, 0.82189889, 1.00000000, 1.00000000, 1.00000000
0.595959595960, 0.323232323232, 0.82685581, 1.00000000, 1.00000000, 1.00000000
0.595959595960, 0.333333333333, 0.83250929, 1.00000000, 1.00000000, 1.00000000
0.595959595960, 0.343434343434, 0.83883692, 1.00000000, 1.00000000, 1.00000000
0.595959595960, 0.353535353535, 0.84581361, 1.00000000, 1.00000000, 1.00000000
0.595959595960, 0.363636363636, 0.85341167, 1.00000000, 1.00000000, 1.00000000
0.595959595960, 0.373737373737, 0.86160089, 1.00000000, 1.00000000, 1.00000000
0.595959595960, 0.383838383838, 0.87034869, 1.00000000, 1.00000000, 1.00000000
0.595959595960, 0.393939393939, 0.87962022, 1.00000000, 1.00000000, 1.00000000
0.595959595960, 0.404040404040, 0.88937849, 1.00000000, 1.00000000, 1.00000000
0.595959595960, 0.414141414141, 0.89958453, 1.00000000, 1.00000000, 1.00000000
0.595959595960, 0.424242424242, 0.91019754, 1.00000000, 1.00000000, 1.00000000
0.595959595960, 0.434343434343, 0.92117503, 1.00000000, 1.00000000, 1.00000000
0.595959595960, 0.444444444444, 0.93247301, 1.00000000, 1.00000000, 1.00000000
0.595959595960, 0.454545454545, 0.94404615, 1.00000000, 1.00000000, 1.00000000
0.595959595960, 0.464646464646, 0.95584798, 1.00000000, 1.00000000, 1.00000000
0.595959595960, 0.474747474747, 0.96783104, 1.00000000, 1.00000000, 1.00000000
0.595959595960, 0.484848484848, 0.97994713, 1.00000000, 1.00000000, 1.00000000
0.595959595960, 0.494949494949, 0.99214745, 1.00000000, 1.00000000, 1.00000000
0.595959595960, 0.505050505051, 1.00438281, 1.00000000, 1.00000000, 1.00000000
0.595959595960, 0.515151515152, 1.01660387, 1.00000000, 1.00000000, 1.00000000
0.595959595960, 0.525252525253, 1.02876129, 1.00000000, 1.00000000, 1.00000000
0.595959595960, 0.535353535354, 1.04080596, 1.00000000, 1.00000000, 1.00000000
0.595959595960, 0.545454545455, 1.05268919, 1.00000000, 1.00000000, 1.00000000
0.595959595960, 0.555555555556, 1.06436293, 1.00000000, 1.00000000, 1.00000000
0.595959595960, 0.565656565657, 1.07577994, 1.00000000, 1.00000000, 1.00000000
0.595959595960, 0.575757575758, 1.08689400, 1.00000000, 1.00000000, 1.00000000
0.595959595960, 0.585858585859, 1.09766010, 1.00000000, 1.00000000, 1.00000000
0.595959595960, 0.595959595960, 1.10803461, 1.00000000, 1.00000000, 1.00000000
0.595959595960, 0.606060606061, 1.11797549, 1.00000000, 1.00000000, 1.00000000
0.595959595960, 0.616161616162, 1.12744243, 1.00000000, 1.00000000, 1.00000000
0.595959595960, 0.626262626263, 1.13639705, 1.00000000, 1.00000000, 1.00000000
0.595959595960, 0.636363636364, 1.14480302, 1.00000000, 1.00000000, 1.00000000
0.595959595960, 0.646464646465, 1.15262623, 1.00000000, 1.00000000, 1.00000000
0.595959595960, 0.656565656566, 1.15983494, 1.00000000, 1.00000000, 1.00000000
0.595959595960, 0.666666666667, 1.16639987, 1.00000000, 1.00000000, 1.00000000
0.595959595960, 0.676767676768, 1.17229440, 1.00000000, 1.00000000, 1.00000000
0.595959595960, 0.686868686869, 1.17749457, 1.00000000, 1.00000000, 1.00000000
0.595959595960, 0.696969696970, 1.18197926, 1.00000000, 1.00000000, 1.00000000
0.595959595960, 0.707070707071, 1.18573025, 1.00000000, 1.00000000, 1.00000000
0.595959595960, 0.717171717172, 1.18873229, 1.00000000, 1.00000000, 1.00000000
0.595959595960, 0.727272727273, 1.19097315, 1.00000000, 1.00000000, 1.00000000
0.595959595960, 0.737373737374, 1.19244371, 1.00000000, 1.00000000, 1.00000000
0.595959595960, 0.747474747475, 1.19313792, 1.00000000, 1.00000000, 1.00000000
0.595959595960, 0.757575757576, 1.19305297, 1.00000000, 1.00000000, 1.00000000
0.595959595960, 0.767676767677, 1.19218927, 1.00000000, 1.00000000, 1.00000000
0.595959595960, 0.777777777778, 1.19055040, 1.00000000, 1.00000000, 1.00000000
0.595959595960, 0.787878787879, 1.18814309, 1.00000000, 1.00000000, 1.00000000
0.595959595960, 0.797979797980, 1.18497716, 1.00000000, 1.00000000, 1.00000000
0.595959595960, 0.808080808081, 1.18106550, 1.00000000, 1.00000000, 1.00000000
0.595959595960, 0.818181818182, 1.17642404, 1.00000000, 1.00000000, 1.00000000
0.595959595960, 0.828282828283, 1.17107165, 1.00000000, 1.00000000, 1.00000000
0.595959595960, 0.838383838384, 1.16503010, 1.00000000, 1.00000000, 1.00000000
0.595959595960, 0.848484848485, 1.15832392, 1.00000000, 1.00000000, 1.00000000
0.595959595960, 0.858585858586, 1.15098035, 1.00000000, 1.00000000, 1.00000000
0.595959595960, 0.868686868687, 1.14302923, 1.00000000, 1.00000000, 1.00000000
0.595959595960, 0.878787878788, 1.13450282, 1.00000000, 1.00000000, 1.00000000
0.595959595960, 0.888888888889, 1.12543572, 1.00000000, 1.00000000, 1.00000000
0.595959595960, 0.898989898990, 1.11586474, 1.00000000, 1.00000000, 1.00000000
0.595959595960, 0.909090909091, 1.10582869, 1.00000000, 1.00000000, 1.00000000
0.595959595960, 0.919191919192, 1.09536831, 1.00000000, 1.00000000, 1.00000000
0.595959595960, 0.929292929293, 1.08452615, 1.00000000, 1.00000000, 1.00000000
0.595959595960, 0.939393939394, 1.07334674, 1.00000000, 1.00000000, 1.00000000
0.595959595960, 0.949494949495, 1.06187706, 1.00000000, 1.00000000, 1.00000000
0.595959595960, 0.959595959596, 1.05016800, 1.00000000, 1.00000000, 1.00000000
0.606060606061, -0.000000000000, 0.97829772, 1.00000000, 1.00000000, 1.00000000
0.606060606061, 0.010101010101, 0.96688296, 1.00000000, 1.00000000, 1.00000000
0.606060606061, 0.020202020202, 0.95586593, 1.00000000, 1.00000000, 1.00000000
0.606060606061, 0.030303030303, 0.94526068, 1.00000000, 1.00000000, 1.00000000
0.606060606061, 0.040404040404, 0.93501924, 1.00000000, 1.00000000, 1.00000000
0.606060606061, 0.050505050505, 0.92504872, 1.00000000, 1.00000000, 1.00000000
0.606060606061, 0.060606060606, 0.91524784, 1.00000000, 1.00000000, 1.00000000
0.606060606061, 0.070707070707, 0.90554689, 1.00000000, 1.00000000, 1.00000000
0.606060606061, 0.080808080808, 0.89593319, 1.00000000, 1.00000000, 1.00000000
0.606060606061, 0.090909090909, 0.88645291, 1.00000000, 1.00000000, 1.00000000
0.606060606061, 0.101010101010, 0.87719335, 1.00000000, 1.00000000, 1.00000000
0.606060606061, 0.111111111111, 0.86825767, 1.00000000, 1.00000000, 1.00000000
0.606060606061, 0.121212121212, 0.85974376, 1.00000000, 1.00000000, 1.00000000
0.606060606061, 0.131313131313, 0.85173295, 1.00000000, 1.00000000, 1.00000000
0.606060606061, 0.141414141414, 0.84428781, 1.00000000, 1.00000000, 1.00000000
0.606060606061, 0.151515151515, 0.83745518, 1.00000000, 1.00000000, 1.00000000
0.606060606061, 0.161616161616, 0.83127076, 1.00000000, 1.00000000, 1.00000000
0.606060606061, 0.171717171717, 0.82576282, 1.00000000, 1.00000000, 1.00000000
0.606060606061, 0.181818181818, 0.82095469, 1.00000000, 1.00000000, 1.00000000
0.606060606061, 0.191919191919, 0.81686595, 1.00000000, 1.00000000, 1.00000000
0.606060606061, 0.202020202020, 0.81351301, 1.00000000, 1.00000000, 1.00000000
0.606060606061, 0.212121212121, 0.81090925, 1.00000000, 1.00000000, 1.00000000
0.606060606061, 0.222222222222, 0.80906507, 1.00000000, 1.00000000, 1.00000000
0.606060606061, 0.232323232323, 0.80798788, 1.00000000, 1.00000000, 1.00000000
0.606060606061, 0.242424242424, 0.80768208, 1.00000000, 1.00000000, 1.00000000
0.606060606061, 0.252525252525, 0.80814885, 1.00000000, 1.00000000, 1.00000000
0.606060606061, 0.262626262626, 0.80938629, 1.00000000, 1.00000000, 1.00000000
0.606060606061, 0.272727272727, 0.81138944, 1.00000000, 1.00000000, 1.00000000
0.606060606061, 0.282828282828, 0.81415038, 1.00000000, 1.00000000, 1.00000000
0.606060606061, 0.292929292929, 0.81765815, 1.00000000, 1.00000000, 1.00000000
0.606060606061, 0.303030303030, 0.82189889, 1.00000000, 1.00000000, 1.00000000
0.606060606061, 0.313131313131, 0.82685581, 1.00000000, 1.00000000, 1.00000000
0.606060606061, 0.323232323232, 0.83250929, 1.00000000, 1.00000000, 1.00000000
0.606060606061, 0.333333333333, 0.83883692, 1.00000000, 1.00000000, 1.00000000
0.606060606061, 0.343434343434, 0.84581361, 1.00000000, 1.00000000, 1.00000000
0.606060606061, 0.353535353535, 0.85341167, 1.00000000, 1.00000000, 1.00000000
0.606060606061, 0.363636363636, 0.86160089, 1.00000000, 1.00000000, 1.00000000
0.606060606061, 0.373737373737, 0.87034869, 1.00000000, 1.00000000, 1.00000000
0.606060606061, 0.383838383838, 0.87962022, 1.00000000, 1.00000000, 1.00000000
0.606060606061, 0.393939393939, 0.88937849, 1.00000000, 1.00000000, 1.00000000
0.606060606061, 0.404040404040, 0.89958453, 1.00000000, 1.00000000, 1.00000000
0.606060606061, 0.414141414141, 0.91019754, 1.00000000, 1.00000000, 1.00000000
0.606060606061, 0.424242424242, 0.92117503, 1.00000000, 1.00000000, 1.00000000
0.606060606061, 0.434343434343, 0.93247301, 1.00000000, 1.00000000, 1.00000000
0.606060606061, 0.444444444444, 0.94404615, 1.00000000, 1.00000000, 1.00000000
0.606060606061, 0.454545454545, 0.95584798, 1.00000000, 1.00000000, 1.00000000
0.606060606061, 0.464646464646, 0.96783104, 1.00000000, 1.00000000, 1.00000000
0.606060606061, 0.474747474747, 0.97994713, 1.00000000, 1.00000000, 1.00000000
0.606060606061, 0.484848484848, 0.99214745, 1.00000000, 1.00000000, 1.00000000
0.606060606061, 0.494949494949, 1.00438281, 1.00000000, 1.00000000, 1.00000000
0.606060606061, 0.505050505051, 1.01660387, 1.00000000, 1.00000000, 1.00000000
0.606060606061, 0.515151515152, 1.02876129, 1.00000000, 1.00000000, 1.00000000
0.606060606061, 0.525252525253, 1.04080596, 1.00000000, 1.00000000, 1.00000000
0.606060606061, 0.535353535354, 1.05268919, 1.00000000, 1.00000000, 1.00000000
0.606060606061, 0.545454545455, 1.06436293, 1.00000000, 1.00000000, 1.00000000
0.606060606061, 0.555555555556, 1.07577994, 1.00000000, 1.00000000, 1.00000000
0.606060606061, 0.565656565657, 1.08689400, 1.00000000, 1.00000000, 1.00000000
0.606060606061, 0.575757575758, 1.09766010, 1.00000000, 1.00000000, 1.00000000
0.606060606061, 0.585858585859, 1.10803461, 1.00000000, 1.00000000, 1.00000000
0.606060606061, 0.595959595960, 1.11797549, 1.00000000, 1.00000000, 1.00000000
0.606060606061, 0.606060606061, 1.12744243, 1.00000000, 1.00000000, 1.00000000
0.606060606061, 0.616161616162, 1.13639705, 1.00000000, 1.00000000, 1.00000000
0.606060606061, 0.626262626263, 1.14480302, 1.00000000, 1.00000000, 1.00000000
0.606060606061, 0.636363636364, 1.15262623, 1.00000000, 1.00000000, 1.00000000
0.606060606061, 0.646464646465, 1.15983494, 1.00000000, 1.00000000, 1.00000000
0.606060606061, 0.656565656566, 1.16639987, 1.00000000, 1.00000000, 1.00000000
0.606060606061, 0.666666666667, 1.17229440, 1.00000000, 1.00000000, 1.00000000
0.606060606061, 0.676767676768, 1.17749457, 1.00000000, 1.00000000, 1.00000000
0.606060606061, 0.686868686869, 1.18197926, 1.00000000, 1.00000000, 1.00000000
0.606060606061, 0.696969696970, 1.18573025, 1.00000000, 1.00000000, 1.00000000
0.606060606061, 0.707070707071, 1.18873229, 1.00000000, 1.00000000, 1.00000000
0.606060606061, 0.717171717172, 1.19097315, 1.00000000, 1.00000000, 1.00000000
0.606060606061, 0.727272727273, 1.19244371, 1.00000000, 1.00000000, 1.00000000
0.606060606061, 0.737373737374, 1.19313792, 1.00000000, 1.00000000, 1.00000000
0.606060606061, 0.747474747475, 1.19305297, 1.00000000, 1.00000000, 1.00000000
0.606060606061, 0.757575757576, 1.19218927, 1.00000000, 1.00000000, 1.00000000
0.606060606061, 0.767676767677, 1.19055040, 1.00000000, 1.00000000, 1.00000000
0.606060606061, 0.777777777778, 1.18814309, 1.00000000, 1.00000000, 1.00000000
0.606060606061, 0.787878787879, 1.18497716, 1.00000000, 1.00000000, 1.00000000
0.606060606061, 0.797979797980, 1.18106550, 1.00000000, 1.00000000, 1.00000000
0.606060606061, 0.808080808081, 1.17642404, 1.00000000, 1.00000000, 1.00000000
0.606060606061, 0.818181818182, 1.17107165, 1.00000000, 1.00000000, 1.00000000
0.606060606061, 0.828282828283, 1.16503010, 1.00000000, 1.00000000, 1.00000000
0.606060606061, 0.838383838384, 1.15832392, 1.00000000, 1.00000000, 1.00000000
0.606060606061, 0.848484848485, 1.15098035, 1.00000000, 1.00000000, 1.00000000
0.606060606061, 0.858585858586, 1.14302923, 1.00000000, 1.00000000, 1.00000000
0.606060606061, 0.868686868687, 1.13450282, 1.00000000, 1.00000000, 1.00000000
0.606060606061, 0.878787878788, 1.12543572, 1.00000000, 1.00000000, 1.00000000
0.606060606061, 0.888888888889, 1.11586474, 1.00000000, 1.00000000, 1.00000000
0.606060606061, 0.898989898990, 1.10582867, 1.00000000, 1.00000000, 1.00000000
0.606060606061, 0.909090909091, 1.09536822, 1.00000000, 1.00000000, 1.00000000
0.606060606061, 0.919191919192, 1.08452584, 1.00000000, 1.00000000, 1.00000000
0.606060606061, 0.929292929293, 1.07334560, 1.00000000, 1.00000000, 1.00000000
0.606060606061, 0.939393939394, 1.06187336, 1.00000000, 1.00000000, 1.00000000
0.606060606061, 0.949494949495, 1.05015725, 1.00000000, 1.00000000, 1.00000000
0.606060606061, 0.959595959596, 1.03824910, 1.00000000, 1.00000000, 1.00000000
0.616161616162, -0.000000000000, 0.96618363, 1.00000000, 1.00000000, 1.00000000
0.616161616162, 0.010101010101, 0.95488952, 1.00000000, 1.00000000, 1.00000000
0.616161616162, 0.020202020202, 0.94402982, 1.00000000, 1.00000000, 1.00000000
0.616161616162, 0.030303030303, 0.93361720, 1.00000000, 1.00000000, 1.00000000
0.616161616162, 0.040404040404, 0.92360440, 1.00000000, 1.00000000, 1.00000000
0.616161616162, 0.050505050505, 0.91390107, 1.00000000, 1.00000000, 1.00000000
0.616161616162, 0.060606060606, 0.90440925, 1.00000000, 1.00000000, 1.00000000
0.616161616162, 0.070707070707, 0.89506196, 1.00000000, 1.00000000, 1.00000000
0.616161616162, 0.080808080808, 0.88584764, 1.00000000, 1.00000000, 1.00000000
0.616161616162, 0.090909090909, 0.87681171, 1.00000000, 1.00000000, 1.00000000
0.616161616162, 0.101010101010, 0.86803921, 1.00000000, 1.00000000, 1.00000000
0.616161616162, 0.111111111111, 0.85963024, 1.00000000, 1.00000000, 1.00000000
0.616161616162, 0.121212121212, 0.85167943, 1.00000000, 1.00000000, 1.00000000
0.616161616162, 0.131313131313, 0.84426492, 1.00000000, 1.00000000, 1.00000000
0.616161616162, 0.141414141414, 0.83744632, 1.00000000, 1.00000000, 1.00000000
0.616161616162, 0.151515151515, 0.83126765, 1.00000000, 1.00000000, 1.00000000
0.616161616162, 0.161616161616, 0.82576184, 1.00000000, 1.00000000, 1.00000000
0.616161616162, 0.171717171717, 0.82095441, 1.00000000, 1.00000000, 1.00000000
0.616161616162, 0.181818181818, 0.81686588, 1.00000000, 1.00000000, 1.00000000
0.616161616162, 0.191919191919, 0.81351300, 1.00000000, 1.00000000, 1.00000000
0.616161616162, 0.202020202020, 0.81090925, 1.00000000, 1.00000000, 1.00000000
0.616161616162, 0.212121212121, 0.80906507, 1.00000000, 1.00000000, 1.00000000
0.616161616162, 0.222222222222, 0.80798788, 1.00000000, 1.00000000, 1.00000000
0.616161616162, 0.232323232323, 0.80768208, 1.00000000, 1.00000000, 1.00000000
0.616161616162, 0.242424242424, 0.80814885, 1.00000000, 1.00000000, 1.00000000
0.616161616162, 0.252525252525, 0.80938629, 1.00000000, 1.00000000, 1.00000000
0.616161616162, 0.262626262626, 0.81138944, 1.00000000, 1.00000000, 1.00000000
0.616161616162, 0.272727272727, 0.81415038, 1.00000000, 1.00000000, 1.00000000
0.616161616162, 0.282828282828, 0.81765815, 1.00000000, 1.00000000, 1.00000000
0.616161616162, 0.292929292929, 0.82189889, 1.00000000, 1.00000000, 1.00000000
0.616161616162, 0.303030303030, 0.82685581, 1.00000000, 1.00000000, 1.00000000
0.616161616162, 0.313131313131, 0.83250929, 1.00000000, 1.00000000, 1.00000000
0.616161616162, 0.323232323232, 0.83883692, 1.00000000, 1.00000000, 1.00000000
0.616161616162, 0.333333333333, 0.84581361, 1.00000000, 1.00000000, 1.00000000
0.616161616162, 0.343434343434, 0.85341167, 1.00000000, 1.00000000, 1.00000000
0.616161616162, 0.353535353535, 0.86160089, 1.00000000, 1.00000000, 1.00000000
0.616161616162, 0.363636363636, 0.87034869, 1.00000000, 1.00000000, 1.00000000
0.616161616162, 0.373737373737, 0.87962022, 1.00000000, 1.00000000, 1.00000000
0.616161616162, 0.383838383838, 0.88937849, 1.00000000, 1.00000000, 1.00000000
0.616161616162, 0.393939393939, 0.89958453, 1.00000000, 1.00000000, 1.00000000
0.616161616162, 0.404040404040, 0.91019754, 1.00000000, 1.00000000, 1.00000000
0.616161616162, 0.414141414141, 0.92117503, 1.00000000, 1.00000000, 1.00000000
0.616161616162, 0.424242424242, 0.93247301, 1.00000000, 1.00000000, 1.00000000
0.616161616162, 0.434343434343, 0.94404615, 1.00000000, 1.00000000, 1.00000000
0.616161616162, 0.444444444444, 0.95584798, 1.00000000, 1.00000000, 1.00000000
0.616161616162, 0.454545454545, 0.96783104, 1.00000000, 1.00000000, 1.00000000
0.616161616162, 0.464646464646, 0.97994713, 1.00000000, 1.00000000, 1.00000000
0.616161616162, 0.474747474747, 0.99214745, 1.00000000, 1.00000000, 1.00000000
0.616161616162, 0.484848484848, 1.00438281, 1.00000000, 1.00000000, 1.00000000
0.616161616162, 0.494949494949, 1.01660387, 1.00000000, 1.00000000, 1.00000000
0.616161616162, 0.505050505051, 1.02876129, 1.00000000, 1.00000000, 1.00000000
0.616161616162, 0.515151515152, 1.04080596, 1.00000000, 1.00000000, 1.00000000
0.616161616162, 0.525252525253, 1.05268919, 1.00000000, 1.00000000, 1.00000000
0.616161616162, 0.535353535354, 1.06436293, 1.00000000, 1.00000000, 1.00000000
0.616161616162, 0.545454545455, 1.07577994, 1.00000000, 1.00000000, 1.00000000
0.616161616162, 0.555555555556, 1.08689400, 1.00000000, 1.00000000, 1.00000000
0.616161616162, 0.565656565657, 1.09766010, 1.00000000, 1.00000000, 1.00000000
0.616161616162, 0.575757575758, 1.10803461, 1.00000000, 1.00000000, 1.00000000
0.616161616162, 0.585858585859, 1.11797549, 1.00000000, 1.00000000, 1.00000000
0.616161616162, 0.595959595960, 1.12744243, 1.00000000, 1.00000000, 1.00000000
0.616161616162, 0.606060606061, 1.13639705, 1.00000000, 1.00000000, 1.00000000
0.616161616162, 0.616161616162, 1.14480302, 1.00000000, 1.00000000, 1.00000000
0.616161616162, 0.626262626263, 1.15262623, 1.00000000, 1.00000000, 1.00000000
0.616161616162, 0.636363636364, 1.15983494, 1.00000000, 1.00000000, 1.00000000
0.616161616162, 0.646464646465, 1.16639987, 1.00000000, 1.00000000, 1.00000000
0.616161616162, 0.656565656566, 1.17229440, 1.00000000, 1.00000000, 1.00000000
0.616161616162, 0.666666666667, 1.17749457, 1.00000000, 1.00000000, 1.00000000
0.616161616162, 0.676767676768, 1.18197926, 1.00000000, 1.00000000, 1.00000000
0.616161616162, 0.686868686869, 1.18573025, 1.00000000, 1.00000000, 1.00000000
0.616161616162, 0.696969696970, 1.18873229, 1.00000000, 1.00000000, 1.00000000
0.616161616162, 0.707070707071, 1.19097315, 1.00000000, 1.00000000, 1.00000000
0.616161616162, 0.717171717172, 1.19244371, 1.00000000, 1.00000000, 1.00000000
0.616161616162, 0.727272727273, 1.19313792, 1.00000000, 1.00000000, 1.00000000
0.616161616162, 0.737373737374, 1.19305297, 1.00000000, 1.00000000, 1.00000000
0.616161616162, 0.747474747475, 1.19218927, 1.00000000, 1.00000000, 1.00000000
0.616161616162, 0.757575757576, 1.19055040, 1.00000000, 1.00000000, 1.00000000
0.616161616162, 0.767676767677, 1.18814309, 1.00000000, 1.00000000, 1.00000000
0.616161616162, 0.777777777778, 1.18497716, 1.00000000, 1.00000000, 1.00000000
0.616161616162, 0.787878787879, 1.18106550, 1.00000000, 1.00000000, 1.00000000
0.616161616162, 0.797979797980, 1.17642404, 1.00000000, 1.00000000, 1.00000000
0.616161616162, 0.808080808081, 1.17107165, 1.00000000, 1.00000000, 1.00000000
0.616161616162, 0.818181818182, 1.16503010, 1.00000000, 1.00000000, 1.00000000
0.616161616162, 0.828282828283, 1.15832392, 1.00000000, 1.00000000, 1.00000000
0.616161616162, 0.838383838384, 1.15098035, 1.00000000, 1.00000000, 1.00000000
0.616161616162, 0.848484848485, 1.14302923, 1.00000000, 1.00000000, 1.00000000
0.616161616162, 0.858585858586, 1.13450282, 1.00000000, 1.00000000, 1.00000000
0.616161616162, 0.868686868687, 1.12543572, 1.00000000, 1.00000000, 1.00000000
0.616161616162, 0.878787878788, 1.11586474, 1.00000000, 1.00000000, 1.00000000
0.616161616162, 0.888888888889, 1.10582867, 1.00000000, 1.00000000, 1.00000000
0.616161616162, 0.898989898990, 1.09536821, 1.00000000, 1.00000000, 1.00000000
0.616161616162, 0.909090909091, 1.08452575, 1.00000000, 1.00000000, 1.00000000
0.616161616162, 0.919191919192, 1.07334528, 1.00000000, 1.00000000, 1.00000000
0.616161616162, 0.929292929293, 1.06187221, 1.00000000, 1.00000000, 1.00000000
0.616161616162, 0.939393939394, 1.05015357, 1.00000000, 1.00000000, 1.00000000
0.616161616162, 0.949494949495, 1.03823842, 1.00000000, 1.00000000, 1.00000000
0.616161616162, 0.959595959596, 1.02617928, 1.00000000, 1.00000000, 1.00000000
0.626262626263, -0.000000000000, 0.95420880, 1.00000000, 1.00000000, 1.00000000
0.626262626263, 0.010101010101, 0.94308068, 1.00000000, 1.00000000, 1.00000000
0.626262626263, 0.020202020202, 0.93242191, 1.00000000, 1.00000000, 1.00000000
0.626262626263, 0.030303030303, 0.92224379, 1.00000000, 1.00000000, 1.00000000
0.626262626263, 0.040404040404, 0.91249994, 1.00000000, 1.00000000, 1.00000000
0.626262626263, 0.050505050505, 0.90310287, 1.00000000, 1.00000000, 1.00000000
0.626262626263, 0.060606060606, 0.89395826, 1.00000000, 1.00000000, 1.00000000
0.626262626263, 0.070707070707, 0.88500209, 1.00000000, 1.00000000, 1.00000000
0.626262626263, 0.080808080808, 0.87622395, 1.00000000, 1.00000000, 1.00000000
0.626262626263, 0.090909090909, 0.86766836, 1.00000000, 1.00000000, 1.00000000
0.626262626263, 0.101010101010, 0.85941780, 1.00000000, 1.00000000, 1.00000000
0.626262626263, 0.111111111111, 0.85156895, 1.00000000, 1.00000000, 1.00000000
0.626262626263, 0.121212121212, 0.84421279, 1.00000000, 1.00000000, 1.00000000
0.626262626263, 0.131313131313, 0.83742401, 1.00000000, 1.00000000, 1.00000000
0.626262626263, 0.141414141414, 0.83125900, 1.00000000, 1.00000000, 1.00000000
0.626262626263, 0.151515151515, 0.82575880, 1.00000000, 1.00000000, 1.00000000
0.626262626263, 0.161616161616, 0.82095345, 1.00000000, 1.00000000, 1.00000000
0.626262626263, 0.171717171717, 0.81686561, 1.00000000, 1.00000000, 1.00000000
0.626262626263, 0.181818181818, 0.81351293, 1.00000000, 1.00000000, 1.00000000
0.626262626263, 0.191919191919, 0.81090923, 1.00000000, 1.00000000, 1.00000000
0.626262626263, 0.202020202020, 0.80906507, 1.00000000, 1.00000000, 1.00000000
0.626262626263, 0.212121212121, 0.80798788, 1.00000000, 1.00000000, 1.00000000
0.626262626263, 0.222222222222, 0.80768208, 1.00000000, 1.00000000, 1.00000000
0.626262626263, 0.232323232323, 0.80814885, 1.00000000, 1.00000000, 1.00000000
0.626262626263, 0.242424242424, 0.80938629, 1.00000000, 1.00000000, 1.00000000
0.626262626263, 0.252525252525, 0.81138944, 1.00000000, 1.00000000, 1.00000000
0.626262626263, 0.262626262626, 0.81415038, 1.00000000, 1.00000000, 1.00000000
0.626262626263, 0.272727272727, 0.81765815, 1.00000000, 1.00000000, 1.00000000
0.626262626263, 0.282828282828, 0.82189889, 1.00000000, 1.00000000, 1.00000000
0.626262626263, 0.292929292929, 0.82685581, 1.00000000, 1.00000000, 1.00000000
0.626262626263, 0.303030303030, 0.83250929, 1.00000000, 1.00000000, 1.00000000
0.626262626263, 0.313131313131, 0.83883692, 1.00000000, 1.00000000, 1.00000000
0.626262626263, 0.323232323232, 0.84581361, 1.00000000, 1.00000000, 1.00000000
0.626262626263, 0.333333333333, 0.85341167, 1.00000000, 1.00000000, 1.00000000
0.626262626263, 0.343434343434, 0.86160089, 1.00000000, 1.00000000, 1.00000000
0.626262626263, 0.353535353535, 0.87034869, 1.00000000, 1.00000000, 1.00000000
0.626262626263, 0.363636363636, 0.87962022, 1.00000000, 1.00000000, 1.00000000
0.626262626263, 0.373737373737, 0.88937849, 1.00000000, 1.00000000, 1.00000000
0.626262626263, 0.383838383838, 0.89958453, 1.00000000, 1.00000000, 1.00000000
0.626262626263, 0.393939393939, 0.91019754, 1.00000000, 1.00000000, 1.00000000
0.626262626263, 0.404040404040, 0.92117503, 1.00000000, 1.00000000, 1.00000000
0.626262626263, 0.414141414141, 0.93247301, 1.00000000, 1.00000000, 1.00000000
0.626262626263, 0.424242424242, 0.94404615, 1.00000000, 1.00000000, 1.00000000
0.626262626263, 0.434343434343, 0.95584798, 1.00000000, 1.00000000, 1.00000000
0.626262626263, 0.444444444444, 0.96783104, 1.00000000, 1.00000000, 1.00000000
0.626262626263, 0.454545454545, 0.97994713, 1.00000000, 1.00000000, 1.00000000
0.626262626263, 0.464646464646, 0.99214745, 1.00000000, 1.00000000, 1.00000000
0.626262626263, 0.474747474747, 1.00438281, 1.00000000, 1.00000000, 1.00000000
0.626262626263, 0.484848484848, 1.01660387, 1.00000000, 1.00000000, 1.00000000
0.626262626263, 0.494949494949, 1.02876129, 1.00000000, 1.00000000, 1.00000000
0.626262626263, 0.505050505051, 1.04080596, 1.00000000, 1.00000000, 1.00000000
0.626262626263, 0.515151515152, 1.05268919, 1.00000000, 1.00000000, 1.00000000
0.626262626263, 0.525252525253, 1.06436293, 1.00000000, 1.00000000, 1.00000000
0.626262626263, 0.535353535354, 1.07577994, 1.00000000, 1.00000000, 1.00000000
0.626262626263, 0.545454545455, 1.08689400, 1.00000000, 1.00000000, 1.00000000
0.626262626263, 0.555555555556, 1.09766010, 1.00000000, 1.00000000, 1.00000000
0.626262626263, 0.565656565657, 1.10803461, 1.00000000, 1.00000000, 1.00000000
0.626262626263, 0.575757575758, 1.11797549, 1.00000000, 1.00000000, 1.00000000
0.626262626263, 0.585858585859, 1.12744243, 1.00000000, 1.00000000, 1.00000000
0.626262626263, 0.595959595960, 1.13639705, 1.00000000, 1.00000000, 1.00000000
0.626262626263, 0.606060606061, 1.14480302, 1.00000000, 1.00000000, 1.00000000
0.626262626263, 0.616161616162, 1.15262623, 1.00000000, 1.00000000, 1.00000000
0.626262626263, 0.626262626263, 1.15983494, 1.00000000, 1.00000000, 1.00000000
0.626262626263, 0.636363636364, 1.16639987, 1.00000000, 1.00000000, 1.00000000
0.626262626263, 0.646464646465, 1.17229440, 1.00000000, 1.00000000, 1.00000000
0.626262626263, 0.656565656566, 1.17749457, 1.00000000, 1.00000000, 1.00000000
0.626262626263, 0.666666666667, 1.18197926, 1.00000000, 1.00000000, 1.00000000
0.626262626263, 0.676767676768, 1.18573025, 1.00000000, 1.00000000, 1.00000000
0.626262626263, 0.686868686869, 1.18873229, 1.00000000, 1.00000000, 1.00000000
0.626262626263, 0.696969696970, 1.19097315, 1.00000000, 1.00000000, 1.00000000
0.626262626263, 0.707070707071, 1.19244371, 1.00000000, 1.00000000, 1.00000000
0.626262626263, 0.717171717172, 1.19313792, 1.00000000, 1.00000000, 1.00000000
0.626262626263, 0.727272727273, 1.19305297, 1.00000000, 1.00000000, 1.00000000
0.626262626263, 0.737373737374, 1.19218927, 1.00000000, 1.00000000, 1.00000000
0.626262626263, 0.747474747475, 1.19055040, 1.00000000, 1.00000000, 1.00000000
0.626262626263, 0.757575757576, 1.18814309, 1.00000000, 1.00000000, 1.00000000
0.626262626263, 0.767676767677, 1.18497716, 1.00000000, 1.00000000, 1.00000000
0.626262626263, 0.777777777778, 1.18106550, 1.00000000, 1.00000000, 1.00000000
0.626262626263, 0.787878787879, 1.17642404, 1.00000000, 1.00000000, 1.00000000
0.626262626263, 0.797979797980, 1.17107165, 1.00000000, 1.00000000, 1.00000000
0.626262626263, 0.808080808081, 1.16503010, 1.00000000, 1.00000000, 1.00000000
0.626262626263, 0.818181818182, 1.15832392, 1.00000000, 1.00000000, 1.00000000
0.626262626263, 0.828282828283, 1.15098035, 1.00000000, 1.00000000, 1.00000000
0.626262626263, 0.838383838384, 1.14302923, 1.00000000, 1.00000000, 1.00000000
0.626262626263, 0.848484848485, 1.13450282, 1.00000000, 1.00000000, 1.00000000
0.626262626263, 0.858585858586, 1.12543572, 1.00000000, 1.00000000, 1.00000000
0.626262626263, 0.868686868687, 1.11586474, 1.00000000, 1.00000000, 1.00000000
0.626262626263, 0.878787878788, 1.10582867, 1.00000000, 1.00000000, 1.00000000
0.626262626263, 0.888888888889, 1.09536820, 1.00000000, 1.00000000, 1.00000000
0.626262626263, 0.898989898990, 1.08452574, 1.00000000, 1.00000000, 1.00000000
0.626262626263, 0.909090909091, 1.07334519, 1.00000000, 1.00000000, 1.00000000
0.626262626263, 0.919191919192, 1.06187189, 1.00000000, 1.00000000, 1.00000000
0.626262626263, 0.929292929293, 1.05015242, 1.00000000, 1.00000000, 1.00000000
0.626262626263, 0.939393939394, 1.03823476, 1.00000000, 1.00000000, 1.00000000
0.626262626263, 0.949494949495, 1.02616873, 1.00000000, 1.00000000, 1.00000000
0.626262626263, 0.959595959596, 1.01400730, 1.00000000, 1.00000000, 1.00000000
0.636363636364, -0.000000000000, 0.94242132, 1.00000000, 1.00000000, 1.00000000
0.636363636364, 0.010101010101, 0.93150379, 1.00000000, 1.00000000, 1.00000000
0.636363636364, 0.020202020202, 0.92108874, 1.00000000, 1.00000000, 1.00000000
0.636363636364, 0.030303030303, 0.91118603, 1.00000000, 1.00000000, 1.00000000
0.636363636364, 0.040404040404, 0.90175034, 1.00000000, 1.00000000, 1.00000000
0.636363636364, 0.050505050505, 0.89269735, 1.00000000, 1.00000000, 1.00000000
0.636363636364, 0.060606060606, 0.88393668, 1.00000000, 1.00000000, 1.00000000
0.636363636364, 0.070707070707, 0.87540749, 1.00000000, 1.00000000, 1.00000000
0.636363636364, 0.080808080808, 0.86710057, 1.00000000, 1.00000000, 1.00000000
0.636363636364, 0.090909090909, 0.85905934, 1.00000000, 1.00000000, 1.00000000
0.636363636364, 0.101010101010, 0.85136347, 1.00000000, 1.00000000, 1.00000000
0.636363636364, 0.111111111111, 0.84410586, 1.00000000, 1.00000000, 1.00000000
0.636363636364, 0.121212121212, 0.83737351, 1.00000000, 1.00000000, 1.00000000
0.636363636364, 0.131313131313, 0.83123738, 1.00000000, 1.00000000, 1.00000000
0.636363636364, 0.141414141414, 0.82575042, 1.00000000, 1.00000000, 1.00000000
0.636363636364, 0.151515151515, 0.82095051, 1.00000000, 1.00000000, 1.00000000
0.636363636364, 0.161616161616, 0.81686468, 1.00000000, 1.00000000, 1.00000000
0.636363636364, 0.171717171717, 0.81351266, 1.00000000, 1.00000000, 1.00000000
0.636363636364, 0.181818181818, 0.81090916, 1.00000000, 1.00000000, 1.00000000
0.636363636364, 0.191919191919, 0.80906505, 1.00000000, 1.00000000, 1.00000000
0.636363636364, 0.202020202020, 0.80798788, 1.00000000, 1.00000000, 1.00000000
0.636363636364, 0.212121212121, 0.80768208, 1.00000000, 1.00000000, 1.00000000
0.636363636364, 0.222222222222, 0.80814885, 1.00000000, 1.00000000, 1.00000000
0.636363636364, 0.232323232323, 0.80938629, 1.00000000, 1.00000000, 1.00000000
0.636363636364, 0.242424242424, 0.81138944, 1.00000000, 1.00000000, 1.00000000
0.636363636364, 0.252525252525, 0.81415038, 1.00000000, 1.00000000, 1.00000000
0.636363636364, 0.262626262626, 0.81765815, 1.00000000, 1.00000000, 1.00000000
0.636363636364, 0.272727272727, 0.82189889, 1.00000000, 1.00000000, 1.00000000
0.636363636364, 0.282828282828, 0.82685581, 1.00000000, 1.00000000, 1.00000000
0.636363636364, 0.292929292929, 0.83250929, 1.00000000, 1.00000000, 1.00000000
0.636363636364, 0.303030303030, 0.83883692, 1.00000000, 1.00000000, 1.00000000
0.636363636364, 0.313131313131, 0.84581361, 1.00000000, 1.00000000, 1.00000000
0.636363636364, 0.323232323232, 0.85341167, 1.00000000, 1.00000000, 1.00000000
0.636363636364, 0.333333333333, 0.86160089, 1.00000000, 1.00000000, 1.00000000
0.636363636364, 0.343434343434, 0.87034869, 1.00000000, 1.00000000, 1.00000000
0.636363636364, 0.353535353535, 0.87962022, 1.00000000, 1.00000000, 1.00000000
0.636363636364, 0.363636363636, 0.88937849, 1.00000000, 1.00000000, 1.00000000
0.636363636364, 0.373737373737, 0.89958453, 1.00000000, 1.00000000, 1.00000000
0.636363636364, 0.383838383838, 0.91019754, 1.00000000, 1.00000000, 1.00000000
0.636363636364, 0.393939393939, 0.92117503, 1.00000000, 1.00000000, 1.00000000
0.636363636364, 0.404040404040, 0.93247301, 1.00000000, 1.00000000, 1.00000000
0.636363636364, 0.414141414141, 0.94404615, 1.00000000, 1.00000000, 1.00000000
0.636363636364, 0.424242424242, 0.95584798, 1.00000000, 1.00000000, 1.00000000
0.636363636364, 0.434343434343, 0.96783104, 1.00000000, 1.00000000, 1.00000000
0.636363636364, 0.444444444444, 0.97994713, 1.00000000, 1.00000000, 1.00000000
0.636363636364, 0.454545454545, 0.99214745, 1.00000000, 1.00000000, 1.00000000
0.636363636364, 0.464646464646, 1.00438281, 1.00000000, 1.00000000, 1.00000000
0.636363636364, 0.474747474747, 1.01660387, 1.00000000, 1.00000000, 1.00000000
0.636363636364, 0.484848484848, 1.02876129, 1.00000000, 1.00000000, 1.00000000
0.636363636364, 0.494949494949, 1.04080596, 1.00000000, 1.00000000, 1.00000000
0.636363636364, 0.505050505051, 1.05268919, 1.00000000, 1.00000000, 1.00000000
0.636363636364, 0.515151515152, 1.06436293, 1.00000000, 1.00000000, 1.00000000
0.636363636364, 0.525252525253, 1.07577994, 1.00000000, 1.00000000, 1.00000000
0.636363636364, 0.535353535354, 1.08689400, 1.00000000, 1.00000000, 1.00000000
0.636363636364, 0.545454545455, 1.09766010, 1.00000000, 1.00000000, 1.00000000
0.636363636364, 0.555555555556, 1.10803461, 1.00000000, 1.00000000, 1.00000000
0.636363636364, 0.565656565657, 1.11797549, 1.00000000, 1.00000000, 1.00000000
0.636363636364, 0.575757575758, 1.12744243, 1.00000000, 1.00000000, 1.00000000
0.636363636364, 0.585858585859, 1.13639705, 1.00000000, 1.00000000, 1.00000000
0.636363636364, 0.595959595960, 1.14480302, 1.00000000, 1.00000000, 1.00000000
0.636363636364, 0.606060606061, 1.15262623, 1.00000000, 1.00000000, 1.00000000
0.636363636364, 0.616161616162, 1.15983494, 1.00000000, 1.00000000, 1.00000000
0.636363636364, 0.626262626263, 1.16639987, 1.00000000, 1.00000000, 1.00000000
0.636363636364, 0.636363636364, 1.17229440, 1.00000000, 1.00000000, 1.00000000
0.636363636364, 0.646464646465, 1.17749457, 1.00000000, 1.00000000, 1.00000000
0.636363636364, 0.656565656566, 1.18197926, 1.00000000, 1.00000000, 1.00000000
0.636363636364, 0.666666666667, 1.18573025, 1.00000000, 1.00000000, 1.00000000
0.636363636364, 0.676767676768, 1.18873229, 1.00000000, 1.00000000, 1.00000000
0.636363636364, 0.686868686869, 1.19097315, 1.00000000, 1.00000000, 1.00000000
0.636363636364, 0.696969696970, 1.19244371, 1.00000000, 1.00000000, 1.00000000
0.636363636364, 0.707070707071, 1.19313792, 1.00000000, 1.00000000, 1.00000000
0.636363636364, 0.717171717172, 1.19305297, 1.00000000, 1.00000000, 1.00000000
0.636363636364, 0.727272727273, 1.19218927, 1.00000000, 1.00000000, 1.00000000
0.636363636364, 0.737373737374, 1.19055040, 1.00000000, 1.00000000, 1.00000000
0.636363636364, 0.747474747475, 1.18814309, 1.00000000, 1.00000000, 1.00000000
0.636363636364, 0.757575757576, 1.18497716, 1.00000000, 1.00000000, 1.00000000
0.636363636364, 0.767676767677, 1.18106550, 1.00000000, 1.00000000, 1.00000000
0.636363636364, 0.777777777778, 1.17642404, 1.00000000, 1.00000000, 1.00000000
0.636363636364, 0.787878787879, 1.17107165, 1.00000000, 1.00000000, 1.00000000
0.636363636364, 0.797979797980, 1.16503010, 1.00000000, 1.00000000, 1.00000000
0.636363636364, 0.808080808081, 1.15832392, 1.00000000, 1.00000000, 1.00000000
0.636363636364, 0.818181818182, 1.15098035, 1.00000000, 1.00000000, 1.00000000
0.636363636364, 0.828282828283, 1.14302923, 1.00000000, 1.00000000, 1.00000000
0.636363636364, 0.838383838384, 1.13450282, 1.00000000, 1.00000000, 1.00000000
0.636363636364, 0.848484848485, 1.12543572, 1.00000000, 1.00000000, 1.00000000
0.636363636364, 0.858585858586, 1.11586474, 1.00000000, 1.00000000, 1.00000000
0.636363636364, 0.868686868687, 1.10582867, 1.00000000, 1.00000000, 1.00000000
0.636363636364, 0.878787878788, 1.09536820, 1.00000000, 1.00000000, 1.00000000
0.636363636364, 0.888888888889, 1.08452573, 1.00000000, 1.00000000, 1.00000000
0.636363636364, 0.898989898990, 1.07334518, 1.00000000, 1.00000000, 1.00000000
0.636363636364, 0.909090909091, 1.06187181, 1.00000000, 1.00000000, 1.00000000
0.636363636364, 0.919191919192, 1.05015211, 1.00000000, 1.00000000, 1.00000000
0.636363636364, 0.929292929293, 1.03823363, 1.00000000, 1.00000000, 1.00000000
0.636363636364, 0.939393939394, 1.02616512, 1.00000000, 1.00000000, 1.00000000
0.636363636364, 0.949494949495, 1.01399692, 1.00000000, 1.00000000, 1.00000000
0.636363636364, 0.959595959596, 1.00178228, 1.00000000, 1.00000000, 1.00000000
0.646464646465, -0.000000000000, 0.93086848, 1.00000000, 1.00000000, 1.00000000
0.646464646465, 0.010101010101, 0.92020527, 1.00000000, 1.00000000, 1.00000000
0.646464646465, 0.020202020202, 0.91007568, 1.00000000, 1.00000000, 1.00000000
0.646464646465, 0.030303030303, 0.90048816, 1.00000000, 1.00000000, 1.00000000
0.646464646465, 0.040404040404, 0.89139861, 1.00000000, 1.00000000, 1.00000000
0.646464646465, 0.050505050505, 0.88272612, 1.00000000, 1.00000000, 1.00000000
0.646464646465, 0.060606060606, 0.87438458, 1.00000000, 1.00000000, 1.00000000
0.646464646465, 0.070707070707, 0.86631649, 1.00000000, 1.00000000, 1.00000000
0.646464646465, 0.080808080808, 0.85851387, 1.00000000, 1.00000000, 1.00000000
0.646464646465, 0.090909090909, 0.85101895, 1.00000000, 1.00000000, 1.00000000
0.646464646465, 0.101010101010, 0.84390827, 1.00000000, 1.00000000, 1.00000000
0.646464646465, 0.111111111111, 0.83727064, 1.00000000, 1.00000000, 1.00000000
0.646464646465, 0.121212121212, 0.83118878, 1.00000000, 1.00000000, 1.00000000
0.646464646465, 0.131313131313, 0.82572960, 1.00000000, 1.00000000, 1.00000000
0.646464646465, 0.141414141414, 0.82094243, 1.00000000, 1.00000000, 1.00000000
0.646464646465, 0.151515151515, 0.81686184, 1.00000000, 1.00000000, 1.00000000
0.646464646465, 0.161616161616, 0.81351176, 1.00000000, 1.00000000, 1.00000000
0.646464646465, 0.171717171717, 0.81090891, 1.00000000, 1.00000000, 1.00000000
0.646464646465, 0.181818181818, 0.80906499, 1.00000000, 1.00000000, 1.00000000
0.646464646465, 0.191919191919, 0.80798786, 1.00000000, 1.00000000, 1.00000000
0.646464646465, 0.202020202020, 0.80768208, 1.00000000, 1.00000000, 1.00000000
0.646464646465, 0.212121212121, 0.80814885, 1.00000000, 1.00000000, 1.00000000
0.646464646465, 0.222222222222, 0.80938629, 1.00000000, 1.00000000, 1.00000000
0.646464646465, 0.232323232323, 0.81138944, 1.00000000, 1.00000000, 1.00000000
0.646464646465, 0.242424242424, 0.81415038, 1.00000000, 1.00000000, 1.00000000
0.646464646465, 0.252525252525, 0.81765815, 1.00000000, 1.00000000, 1.00000000
0.646464646465, 0.262626262626, 0.82189889, 1.00000000, 1.00000000, 1.00000000
0.646464646465, 0.272727272727, 0.82685581, 1.00000000, 1.00000000, 1.00000000
0.646464646465, 0.282828282828, 0.83250929, 1.00000000, 1.00000000, 1.00000000
0.646464646465, 0.292929292929, 0.83883692, 1.00000000, 1.00000000, 1.00000000
0.646464646465, 0.303030303030, 0.84581361, 1.00000000, 1.00000000, 1.00000000
0.646464646465, 0.313131313131, 0.85341167, 1.00000000, 1.00000000, 1.00000000
0.646464646465, 0.323232323232, 0.86160089, 1.00000000, 1.00000000, 1.00000000
0.646464646465, 0.333333333333, 0.87034869, 1.00000000, 1.00000000, 1.00000000
0.646464646465, 0.343434343434, 0.87962022, 1.00000000, 1.00000000, 1.00000000
0.646464646465, 0.353535353535, 0.88937849, 1.00000000, 1.00000000, 1.00000000
0.646464646465, 0.363636363636, 0.89958453, 1.00000000, 1.00000000, 1.00000000
0.646464646465, 0.373737373737, 0.91019754, 1.00000000, 1.00000000, 1.00000000
0.646464646465, 0.383838383838, 0.92117503, 1.00000000, 1.00000000, 1.00000000
0.646464646465, 0.393939393939, 0.93247301, 1.00000000, 1.00000000, 1.00000000
0.646464646465, 0.404040404040, 0.94404615, 1.00000000, 1.00000000, 1.00000000
0.646464646465, 0.414141414141, 0.95584798, 1.00000000, 1.00000000, 1.00000000
0.646464646465, 0.424242424242, 0.96783104, 1.00000000, 1.00000000, 1.00000000
0.646464646465, 0.434343434343, 0.97994713, 1.00000000, 1.00000000, 1.00000000
0.646464646465, 0.444444444444, 0.99214745, 1.00000000, 1.00000000, 1.00000000
0.646464646465, 0.454545454545, 1.00438281, 1.00000000, 1.00000000, 1.00000000
0.646464646465, 0.464646464646, 1.01660387, 1.00000000, 1.00000000, 1.00000000
0.646464646465, 0.474747474747, 1.02876129, 1.00000000, 1.00000000, 1.00000000
0.646464646465, 0.484848484848, 1.04080596, 1.00000000, 1.00000000, 1.00000000
0.646464646465, 0.494949494949, 1.05268919, 1.00000000, 1.00000000, 1.00000000
0.646464646465, 0.505050505051, 1.06436293, 1.00000000, 1.00000000, 1.00000000
0.646464646465, 0.515151515152, 1.07577994, 1.00000000, 1.00000000, 1.00000000
0.646464646465, 0.525252525253, 1.08689400, 1.00000000, 1.00000000, 1.00000000
0.646464646465, 0.535353535354, 1.09766010, 1.00000000, 1.00000000, 1.00000000
0.646464646465, 0.545454545455, 1.10803461, 1.00000000, 1.00000000, 1.00000000
0.646464646465, 0.555555555556, 1.11797549, 1.00000000, 1.00000000, 1.00000000
0.646464646465, 0.565656565657, 1.12744243, 1.00000000, 1.00000000, 1.00000000
0.646464646465, 0.575757575758, 1.13639705, 1.00000000, 1.00000000, 1.00000000
0.646464646465, 0.585858585859, 1.14480302, 1.00000000, 1.00000000, 1.00000000
0.646464646465, 0.595959595960, 1.15262623, 1.00000000, 1.00000000, 1.00000000
0.646464646465, 0.606060606061, 1.15983494, 1.00000000, 1.00000000, 1.00000000
0.646464646465, 0.616161616162, 1.16639987, 1.00000000, 1.00000000, 1.00000000
0.646464646465, 0.626262626263, 1.17229440, 1.00000000, 1.00000000, 1.00000000
0.646464646465, 0.636363636364, 1.17749457, 1.00000000, 1.00000000, 1.00000000
0.646464646465, 0.646464646465, 1.18197926, 1.00000000, 1.00000000, 1.00000000
0.646464646465, 0.656565656566, 1.18573025, 1.00000000, 1.00000000, 1.00000000
0.646464646465, 0.666666666667, 1.18873229, 1.00000000, 1.00000000, 1.00000000
0.646464646465, 0.676767676768, 1.19097315, 1.00000000, 1.00000000, 1.00000000
0.646464646465, 0.686868686869, 1.19244371, 1.00000000, 1.00000000, 1.00000000
0.646464646465, 0.696969696970, 1.19313792, 1.00000000, 1.00000000, 1.00000000
0.646464646465, 0.707070707071, 1.19305297, 1.00000000, 1.00000000, 1.00000000
0.646464646465, 0.717171717172, 1.19218927, 1.00000000, 1.00000000, 1.00000000
0.646464646465, 0.727272727273, 1.19055040, 1.00000000, 1.00000000, 1.00000000
0.646464646465, 0.737373737374, 1.18814309, 1.00000000, 1.00000000, 1.00000000
0.646464646465, 0.747474747475, 1.18497716, 1.00000000, 1.00000000, 1.00000000
0.646464646465, 0.757575757576, 1.18106550, 1.00000000, 1.00000000, 1.00000000
0.646464646465, 0.767676767677, 1.17642404, 1.00000000, 1.00000000, 1.00000000
0.646464646465, 0.777777777778, 1.17107165, 1.00000000, 1.00000000, 1.00000000
0.646464646465, 0.787878787879, 1.16503010, 1.00000000, 1.00000000, 1.00000000
0.646464646465, 0.797979797980, 1.15832392, 1.00000000, 1.00000000, 1.00000000
0.646464646465, 0.808080808081, 1.15098035, 1.00000000, 1.00000000, 1.00000000
0.646464646465, 0.818181818182, 1.14302923, 1.00000000, 1.00000000, 1.00000000
0.646464646465, 0.828282828283, 1.13450282, 1.00000000, 1.00000000, 1.00000000
0.646464646465, 0.838383838384, 1.12543572, 1.00000000, 1.00000000, 1.00000000
0.646464646465, 0.848484848485, 1.11586474, 1.00000000, 1.00000000, 1.00000000
0.646464646465, 0.858585858586, 1.10582867, 1.00000000, 1.00000000, 1.00000000
0.646464646465, 0.868686868687, 1.09536820, 1.00000000, 1.00000000, 1.00000000
0.646464646465, 0.878787878788, 1.08452573, 1.00000000, 1.00000000, 1.00000000
0.646464646465, 0.888888888889, 1.07334517, 1.00000000, 1.00000000, 1.00000000
0.646464646465, 0.898989898990, 1.06187179, 1.00000000, 1.00000000, 1.00000000
0.646464646465, 0.909090909091, 1.05015202, 1.00000000, 1.00000000, 1.00000000
0.646464646465, 0.919191919192, 1.03823332, 1.00000000, 1.00000000, 1.00000000
0.646464646465, 0.929292929293, 1.02616400, 1.00000000, 1.00000000, 1.00000000
0.646464646465, 0.939393939394, 1.01399338, 1.00000000, 1.00000000, 1.00000000
0.646464646465, 0.949494949495, 1.00177213, 1.00000000, 1.00000000, 1.00000000
0.646464646465, 0.959595959596, 0.98955352, 1.00000000, 1.00000000, 1.00000000
0.656565656566, -0.000000000000, 0.91959658, 1.00000000, 1.00000000, 1.00000000
0.656565656566, 0.010101010101, 0.90923034, 1.00000000, 1.00000000, 1.00000000
0.656565656566, 0.020202020202, 0.89942680, 1.00000000, 1.00000000, 1.00000000
0.656565656566, 0.030303030303, 0.89019297, 1.00000000, 1.00000000, 1.00000000
0.656565656566, 0.040404040404, 0.88148612, 1.00000000, 1.00000000, 1.00000000
0.656565656566, 0.050505050505, 0.87322901, 1.00000000, 1.00000000, 1.00000000
0.656565656566, 0.060606060606, 0.86534008, 1.00000000, 1.00000000, 1.00000000
0.656565656566, 0.070707070707, 0.85776535, 1.00000000, 1.00000000, 1.00000000
0.656565656566, 0.080808080808, 0.85049809, 1.00000000, 1.00000000, 1.00000000
0.656565656566, 0.090909090909, 0.84357920, 1.00000000, 1.00000000, 1.00000000
0.656565656566, 0.101010101010, 0.83708186, 1.00000000, 1.00000000, 1.00000000
0.656565656566, 0.111111111111, 0.83109046, 1.00000000, 1.00000000, 1.00000000
0.656565656566, 0.121212121212, 0.82568314, 1.00000000, 1.00000000, 1.00000000
0.656565656566, 0.131313131313, 0.82092252, 1.00000000, 1.00000000, 1.00000000
0.656565656566, 0.141414141414, 0.81685412, 1.00000000, 1.00000000, 1.00000000
0.656565656566, 0.151515151515, 0.81350906, 1.00000000, 1.00000000, 1.00000000
0.656565656566, 0.161616161616, 0.81090805, 1.00000000, 1.00000000, 1.00000000
0.656565656566, 0.171717171717, 0.80906474, 1.00000000, 1.00000000, 1.00000000
0.656565656566, 0.181818181818, 0.80798780, 1.00000000, 1.00000000, 1.00000000
0.656565656566, 0.191919191919, 0.80768206, 1.00000000, 1.00000000, 1.00000000
0.656565656566, 0.202020202020, 0.80814885, 1.00000000, 1.00000000, 1.00000000
0.656565656566, 0.212121212121, 0.80938629, 1.00000000, 1.00000000, 1.00000000
0.656565656566, 0.222222222222, 0.81138944, 1.00000000, 1.00000000, 1.00000000
0.656565656566, 0.232323232323, 0.81415038, 1.00000000, 1.00000000, 1.00000000
0.656565656566, 0.242424242424, 0.81765815, 1.00000000, 1.00000000, 1.00000000
0.656565656566, 0.252525252525, 0.82189889, 1.00000000, 1.00000000, 1.00000000
0.656565656566, 0.262626262626, 0.82685581, 1.00000000, 1.00000000, 1.00000000
0.656565656566, 0.272727272727, 0.83250929, 1.00000000, 1.00000000, 1.00000000
0.656565656566, 0.282828282828, 0.83883692, 1.00000000, 1.00000000, 1.00000000
0.656565656566, 0.292929292929, 0.84581361, 1.00000000, 1.00000000, 1.00000000
0.656565656566, 0.303030303030, 0.85341167, 1.00000000, 1.00000000, 1.00000000
0.656565656566, 0.313131313131, 0.86160089, 1.00000000, 1.00000000, 1.00000000
0.656565656566, 0.323232323232, 0.87034869, 1.00000000, 1.00000000, 1.00000000
0.656565656566, 0.333333333333, 0.87962022, 1.00000000, 1.00000000, 1.00000000
0.656565656566, 0.343434343434, 0.88937849, 1.00000000, 1.00000000, 1.00000000
0.656565656566, 0.353535353535, 0.89958453, 1.00000000, 1.00000000, 1.00000000
0.656565656566, 0.363636363636, 0.91019754, 1.00000000, 1.00000000, 1.00000000
0.656565656566, 0.373737373737, 0.92117503, 1.00000000, 1.00000000, 1.00000000
0.656565656566, 0.383838383838, 0.93247301, 1.00000000, 1.00000000, 1.00000000
0.656565656566, 0.393939393939, 0.94404615, 1.00000000, 1.00000000, 1.00000000
0.656565656566, 0.404040404040, 0.95584798, 1.00000000, 1.00000000, 1.00000000
0.656565656566, 0.414141414141, 0.96783104, 1.00000000, 1.00000000, 1.00000000
0.656565656566, 0.424242424242, 0.97994713, 1.00000000, 1.00000000, 1.00000000
0.656565656566, 0.434343434343, 0.99214745, 1.00000000, 1.00000000, 1.00000000
0.656565656566, 0.444444444444, 1.00438281, 1.00000000, 1.00000000, 1.00000000
0.656565656566, 0.454545454545, 1.01660387, 1.00000000, 1.00000000, 1.00000000
0.656565656566, 0.464646464646, 1.02876129, 1.00000000, 1.00000000, 1.00000000
0.656565656566, 0.474747474747, 1.04080596, 1.00000000, 1.00000000, 1.00000000
0.656565656566, 0.484848484848, 1.05268919, 1.00000000, 1.00000000, 1.00000000
0.656565656566, 0.494949494949, 1.06436293, 1.00000000, 1.00000000, 1.00000000
0.656565656566, 0.505050505051, 1.07577994, 1.00000000, 1.00000000, 1.00000000
0.656565656566, 0.515151515152, 1.08689400, 1.00000000, 1.00000000, 1.00000000
0.656565656566, 0.525252525253, 1.09766010, 1.00000000, 1.00000000, 1.00000000
0.656565656566, 0.535353535354, 1.10803461, 1.00000000, 1.00000000, 1.00000000
0.656565656566, 0.545454545455, 1.11797549, 1.00000000, 1.00000000, 1.00000000
0.656565656566, 0.555555555556, 1.12744243, 1.00000000, 1.00000000, 1.00000000
0.656565656566, 0.565656565657, 1.13639705, 1.00000000, 1.00000000, 1.00000000
0.656565656566, 0.575757575758, 1.14480302, 1.00000000, 1.00000000, 1.00000000
0.656565656566, 0.585858585859, 1.15262623, 1.00000000, 1.00000000, 1.00000000
0.656565656566, 0.595959595960, 1.15983494, 1.00000000, 1.00000000, 1.00000000
0.656565656566, 0.606060606061, 1.16639987, 1.00000000, 1.00000000, 1.00000000
0.656565656566, 0.616161616162, 1.17229440, 1.00000000, 1.00000000, 1.00000000
0.656565656566, 0.626262626263, 1.17749457, 1.00000000, 1.00000000, 1.00000000
0.656565656566, 0.636363636364, 1.18197926, 1.00000000, 1.00000000, 1.00000000
0.656565656566, 0.646464646465, 1.18573025, 1.00000000, 1.00000000, 1.00000000
0.656565656566, 0.656565656566, 1.18873229, 1.00000000, 1.00000000, 1.00000000
0.656565656566, 0.666666666667, 1.19097315, 1.00000000, 1.00000000, 1.00000000
0.656565656566, 0.676767676768, 1.19244371, 1.00000000, 1.00000000, 1.00000000
0.656565656566, 0.686868686869, 1.19313792, 1.00000000, 1.00000000, 1.00000000
0.656565656566, 0.696969696970, 1.19305297, 1.00000000, 1.00000000, 1.00000000
0.656565656566, 0.707070707071, 1.19218927, 1.00000000, 1.00000000, 1.00000000
0.656565656566, 0.717171717172, 1.19055040, 1.00000000, 1.00000000, 1.00000000
0.656565656566, 0.727272727273, 1.18814309, 1.00000000, 1.00000000, 1.00000000
0.656565656566, 0.737373737374, 1.18497716, 1.00000000, 1.00000000, 1.00000000
0.656565656566, 0.747474747475, 1.18106550, 1.00000000, 1.00000000, 1.00000000
0.656565656566, 0.757575757576, 1.17642404, 1.00000000, 1.00000000, 1.00000000
0.656565656566, 0.767676767677, 1.17107165, 1.00000000, 1.00000000, 1.00000000
0.656565656566, 0.777777777778, 1.16503010, 1.00000000, 1.00000000, 1.00000000
0.656565656566, 0.787878787879, 1.15832392, 1.00000000, 1.00000000, 1.00000000
0.656565656566, 0.797979797980, 1.15098035, 1.00000000, 1.00000000, 1.00000000
0.656565656566, 0.808080808081, 1.14302923, 1.00000000, 1.00000000, 1.00000000
0.656565656566, 0.818181818182, 1.13450282, 1.00000000, 1.00000000, 1.00000000
0.656565656566, 0.828282828283, 1.12543572, 1.00000000, 1.00000000, 1.00000000
0.656565656566, 0.838383838384, 1.11586474, 1.00000000, 1.00000000, 1.00000000
0.656565656566, 0.848484848485, 1.10582867, 1.00000000, 1.00000000, 1.00000000
0.656565656566, 0.858585858586, 1.09536820, 1.00000000, 1.00000000, 1.00000000
0.656565656566, 0.868686868687, 1.08452573, 1.00000000, 1.00000000, 1.00000000
0.656565656566, 0.878787878788, 1.07334517, 1.00000000, 1.00000000, 1.00000000
0.656565656566, 0.888888888889, 1.06187179, 1.00000000, 1.00000000, 1.00000000
0.656565656566, 0.898989898990, 1.05015201, 1.00000000, 1.00000000, 1.00000000
0.656565656566, 0.909090909091, 1.03823324, 1.00000000, 1.00000000, 1.00000000
0.656565656566, 0.919191919192, 1.02616369, 1.00000000, 1.00000000, 1.00000000
0.656565656566, 0.929292929293, 1.01399229, 1.00000000, 1.00000000, 1.00000000
0.656565656566, 0.939393939394, 1.00176867, 1.00000000, 1.00000000, 1.00000000
0.656565656566, 0.949494949495, 0.98954365, 1.00000000, 1.00000000, 1.00000000
0.656565656566, 0.959595959596, 0.97737029, 1.00000000, 1.00000000, 1.00000000
0.666666666667, -0.000000000000, 0.90865076, 1.00000000, 1.00000000, 1.00000000
0.666666666667, 0.010101010101, 0.89862292, 1.00000000, 1.00000000, 1.00000000
0.666666666667, 0.020202020202, 0.88918467, 1.00000000, 1.00000000, 1.00000000
0.666666666667, 0.030303030303, 0.88034158, 1.00000000, 1.00000000, 1.00000000
0.666666666667, 0.040404040404, 0.87205243, 1.00000000, 1.00000000, 1.00000000
0.666666666667, 0.050505050505, 0.86424393, 1.00000000, 1.00000000, 1.00000000
0.666666666667, 0.060606060606, 0.85683924, 1.00000000, 1.00000000, 1.00000000
0.666666666667, 0.070707070707, 0.84978812, 1.00000000, 1.00000000, 1.00000000
0.666666666667, 0.080808080808, 0.84308512, 1.00000000, 1.00000000, 1.00000000
0.666666666667, 0.090909090909, 0.83676966, 1.00000000, 1.00000000, 1.00000000
0.666666666667, 0.101010101010, 0.83091133, 1.00000000, 1.00000000, 1.00000000
0.666666666667, 0.111111111111, 0.82558984, 1.00000000, 1.00000000, 1.00000000
0.666666666667, 0.121212121212, 0.82087844, 1.00000000, 1.00000000, 1.00000000
0.666666666667, 0.131313131313, 0.81683524, 1.00000000, 1.00000000, 1.00000000
0.666666666667, 0.141414141414, 0.81350173, 1.00000000, 1.00000000, 1.00000000
0.666666666667, 0.151515151515, 0.81090549, 1.00000000, 1.00000000, 1.00000000
0.666666666667, 0.161616161616, 0.80906393, 1.00000000, 1.00000000, 1.00000000
0.666666666667, 0.171717171717, 0.80798757, 1.00000000, 1.00000000, 1.00000000
0.666666666667, 0.181818181818, 0.80768200, 1.00000000, 1.00000000, 1.00000000
0.666666666667, 0.191919191919, 0.80814884, 1.00000000, 1.00000000, 1.00000000
0.666666666667, 0.202020202020, 0.80938628, 1.00000000, 1.00000000, 1.00000000
0.666666666667, 0.212121212121, 0.81138944, 1.00000000, 1.00000000, 1.00000000
0.666666666667, 0.222222222222, 0.81415038, 1.00000000, 1.00000000, 1.00000000
0.666666666667, 0.232323232323, 0.81765815, 1.00000000, 1.00000000, 1.00000000
0.666666666667, 0.242424242424, 0.82189889, 1.00000000, 1.00000000, 1.00000000
0.666666666667, 0.252525252525, 0.82685581, 1.00000000, 1.00000000, 1.00000000
0.666666666667, 0.262626262626, 0.83250929, 1.00000000, 1.00000000, 1.00000000
0.666666666667, 0.272727272727, 0.83883692, 1.00000000, 1.00000000, 1.00000000
0.666666666667, 0.282828282828, 0.84581361, 1.00000000, 1.00000000, 1.00000000
0.666666666667, 0.292929292929, 0.85341167, 1.00000000, 1.00000000, 1.00000000
0.666666666667, 0.303030303030, 0.86160089, 1.00000000, 1.00000000, 1.00000000
0.666666666667, 0.313131313131, 0.87034869, 1.00000000, 1.00000000, 1.00000000
0.666666666667, 0.323232323232, 0.87962022, 1.00000000, 1.00000000, 1.00000000
0.666666666667, 0.333333333333, 0.88937849, 1.00000000, 1.00000000, 1.00000000
0.666666666667, 0.343434343434, 0.89958453, 1.00000000, 1.00000000, 1.00000000
0.666666666667, 0.353535353535, 0.91019754, 1.00000000, 1.00000000, 1.00000000
0.666666666667, 0.363636363636, 0.92117503, 1.00000000, 1.00000000, 1.00000000
0.666666666667, 0.373737373737, 0.93247301, 1.00000000, 1.00000000, 1.00000000
0.666666666667, 0.383838383838, 0.94404615, 1.00000000, 1.00000000, 1.00000000
0.666666666667, 0.393939393939, 0.95584798, 1.00000000, 1.00000000, 1.00000000
0.666666666667, 0.404040404040, 0.96783104, 1.00000000, 1.00000000, 1.00000000
0.666666666667, 0.414141414141, 0.97994713, 1.00000000, 1.00000000, 1.00000000
0.666666666667, 0.424242424242, 0.99214745, 1.00000000, 1.00000000, 1.00000000
0.666666666667, 0.434343434343, 1.00438281, 1.00000000, 1.00000000, 1.00000000
0.666666666667, 0.444444444444, 1.01660387, 1.00000000, 1.00000000, 1.00000000
0.666666666667, 0.454545454545, 1.02876129, 1.00000000, 1.00000000, 1.00000000
0.666666666667, 0.464646464646, 1.04080596, 1.00000000, 1.00000000, 1.00000000
0.666666666667, 0.474747474747, 1.05268919, 1.00000000, 1.00000000, 1.00000000
0.666666666667, 0.484848484848, 1.06436293, 1.00000000, 1.00000000, 1.00000000
0.666666666667, 0.494949494949, 1.07577994, 1.00000000, 1.00000000, 1.00000000
0.666666666667, 0.505050505051, 1.08689400, 1.00000000, 1.00000000, 1.00000000
0.666666666667, 0.515151515152, 1.09766010, 1.00000000, 1.00000000, 1.00000000
0.666666666667, 0.525252525253, 1.10803461, 1.00000000, 1.00000000, 1.00000000
0.666666666667, 0.535353535354, 1.11797549, 1.00000000, 1.00000000, 1.00000000
0.666666666667, 0.545454545455, 1.12744243, 1.00000000, 1.00000000, 1.00000000
0.666666666667, 0.555555555556, 1.13639705, 1.00000000, 1.00000000, 1.00000000
0.666666666667, 0.565656565657, 1.14480302, 1.00000000, 1.00000000, 1.00000000
0.666666666667, 0.575757575758, 1.15262623, 1.00000000, 1.00000000, 1.00000000
0.666666666667, 0.585858585859, 1.15983494, 1.00000000, 1.00000000, 1.00000000
0.666666666667, 0.595959595960, 1.16639987, 1.00000000, 1.00000000, 1.00000000
0.666666666667, 0.606060606061, 1.17229440, 1.00000000, 1.00000000, 1.00000000
0.666666666667, 0.616161616162, 1.17749457, 1.00000000, 1.00000000, 1.00000000
0.666666666667, 0.626262626263, 1.18197926, 1.00000000, 1.00000000, 1.00000000
0.666666666667, 0.636363636364, 1.18573025, 1.00000000, 1.00000000, 1.00000000
0.666666666667, 0.646464646465, 1.18873229, 1.00000000, 1.00000000, 1.00000000
0.666666666667, 0.656565656566, 1.19097315, 1.00000000, 1.00000000, 1.00000000
0.666666666667, 0.666666666667, 1.19244371, 1.00000000, 1.00000000, 1.00000000
0.666666666667, 0.676767676768, 1.19313792, 1.00000000, 1.00000000, 1.00000000
0.666666666667, 0.686868686869, 1.19305297, 1.00000000, 1.00000000, 1.00000000
0.666666666667, 0.696969696970, 1.19218927, 1.00000000, 1.00000000, 1.00000000
0.666666666667, 0.707070707071, 1.19055040, 1.00000000, 1.00000000, 1.00000000
0.666666666667, 0.717171717172, 1.18814309, 1.00000000, 1.00000000, 1.00000000
0.666666666667, 0.727272727273, 1.18497716, 1.00000000, 1.00000000, 1.00000000
0.666666666667, 0.737373737374, 1.18106550, 1.00000000, 1.00000000, 1.00000000
0.666666666667, 0.747474747475, 1.17642404, 1.00000000, 1.00000000, 1.00000000
0.666666666667, 0.757575757576, 1.17107165, 1.00000000, 1.00000000, 1.00000000
0.666666666667, 0.767676767677, 1.16503010, 1.00000000, 1.00000000, 1.00000000
0.666666666667, 0.777777777778, 1.15832392, 1.00000000, 1.00000000, 1.00000000
0.666666666667, 0.787878787879, 1.15098035, 1.00000000, 1.00000000, 1.00000000
0.666666666667, 0.797979797980, 1.14302923, 1.00000000, 1.00000000, 1.00000000
0.666666666667, 0.808080808081, 1.13450282, 1.00000000, 1.00000000, 1.00000000
0.666666666667, 0.818181818182, 1.12543572, 1.00000000, 1.00000000, 1.00000000
0.666666666667, 0.828282828283, 1.11586474, 1.00000000, 1.00000000, 1.00000000
0.666666666667, 0.838383838384, 1.10582867, 1.00000000, 1.00000000, 1.00000000
0.666666666667, 0.848484848485, 1.09536820, 1.00000000, 1.00000000, 1.00000000
0.666666666667, 0.858585858586, 1.08452573, 1.00000000, 1.00000000, 1.00000000
0.666666666667, 0.868686868687, 1.07334517, 1.00000000, 1.00000000, 1.00000000
0.666666666667, 0.878787878788, 1.06187179, 1.00000000, 1.00000000, 1.00000000
0.666666666667, 0.888888888889, 1.05015200, 1.00000000, 1.00000000, 1.00000000
0.666666666667, 0.898989898990, 1.03823322, 1.00000000, 1.00000000, 1.00000000
0.666666666667, 0.909090909091, 1.02616362, 1.00000000, 1.00000000, 1.00000000
0.666666666667, 0.919191919192, 1.01399198, 1.00000000, 1.00000000, 1.00000000
0.666666666667, 0.929292929293, 1.00176761, 1.00000000, 1.00000000, 1.00000000
0.666666666667, 0.939393939394, 0.98954030, 1.00000000, 1.00000000, 1.00000000
0.666666666667, 0.949494949495, 0.97736076, 1.00000000, 1.00000000, 1.00000000
0.666666666667, 0.959595959596, 0.96528165, 1.00000000, 1.00000000, 1.00000000
0.676767676768, -0.000000000000, 0.89807481, 1.00000000, 1.00000000, 1.00000000
0.676767676768, 0.010101010101, 0.88842540, 1.00000000, 1.00000000, 1.00000000
0.676767676768, 0.020202020202, 0.87939018, 1.00000000, 1.00000000, 1.00000000
0.676767676768, 0.030303030303, 0.87097331, 1.00000000, 1.00000000, 1.00000000
0.676767676768, 0.040404040404, 0.86313519, 1.00000000, 1.00000000, 1.00000000
0.676767676768, 0.050505050505, 0.85580667, 1.00000000, 1.00000000, 1.00000000
0.676767676768, 0.060606060606, 0.84891593, 1.00000000, 1.00000000, 1.00000000
0.676767676768, 0.070707070707, 0.84241657, 1.00000000, 1.00000000, 1.00000000
0.676767676768, 0.080808080808, 0.83630444, 1.00000000, 1.00000000, 1.00000000
0.676767676768, 0.090909090909, 0.83061739, 1.00000000, 1.00000000, 1.00000000
0.676767676768, 0.101010101010, 0.82542121, 1.00000000, 1.00000000, 1.00000000
0.676767676768, 0.111111111111, 0.82079062, 1.00000000, 1.00000000, 1.00000000
0.676767676768, 0.121212121212, 0.81679375, 1.00000000, 1.00000000, 1.00000000
0.676767676768, 0.131313131313, 0.81348397, 1.00000000, 1.00000000, 1.00000000
0.676767676768, 0.141414141414, 0.81089860, 1.00000000, 1.00000000, 1.00000000
0.676767676768, 0.151515151515, 0.80906152, 1.00000000, 1.00000000, 1.00000000
0.676767676768, 0.161616161616, 0.80798681, 1.00000000, 1.00000000, 1.00000000
0.676767676768, 0.171717171717, 0.80768179, 1.00000000, 1.00000000, 1.00000000
0.676767676768, 0.181818181818, 0.80814878, 1.00000000, 1.00000000, 1.00000000
0.676767676768, 0.191919191919, 0.80938627, 1.00000000, 1.00000000, 1.00000000
0.676767676768, 0.202020202020, 0.81138944, 1.00000000, 1.00000000, 1.00000000
0.676767676768, 0.212121212121, 0.81415038, 1.00000000, 1.00000000, 1.00000000
0.676767676768, 0.222222222222, 0.81765815, 1.00000000, 1.00000000, 1.00000000
0.676767676768, 0.232323232323, 0.82189889, 1.00000000, 1.00000000, 1.00000000
0.676767676768, 0.242424242424, 0.82685581, 1.00000000, 1.00000000, 1.00000000
0.676767676768, 0.252525252525, 0.83250929, 1.00000000, 1.00000000, 1.00000000
0.676767676768, 0.262626262626, 0.83883692, 1.00000000, 1.00000000, 1.00000000
0.676767676768, 0.272727272727, 0.84581361, 1.00000000, 1.00000000, 1.00000000
0.676767676768, 0.282828282828, 0.85341167, 1.00000000, 1.00000000, 1.00000000
0.676767676768, 0.292929292929, 0.86160089, 1.00000000, 1.00000000, 1.00000000
0.676767676768, 0.303030303030, 0.87034869, 1.00000000, 1.00000000, 1.00000000
0.676767676768, 0.313131313131, 0.87962022, 1.00000000, 1.00000000, 1.00000000
0.676767676768, 0.323232323232, 0.88937849, 1.00000000, 1.00000000, 1.00000000
0.676767676768, 0.333333333333, 0.89958453, 1.00000000, 1.00000000, 1.00000000
0.676767676768, 0.343434343434, 0.91019754, 1.00000000, 1.00000000, 1.00000000
0.676767676768, 0.353535353535, 0.92117503, 1.00000000, 1.00000000, 1.00000000
0.676767676768, 0.363636363636, 0.93247301, 1.00000000, 1.00000000, 1.00000000
0.676767676768, 0.373737373737, 0.94404615, 1.00000000, 1.00000000, 1.00000000
0.676767676768, 0.383838383838, 0.95584798, 1.00000000, 1.00000000, 1.00000000
0.676767676768, 0.393939393939, 0.96783104, 1.00000000, 1.00000000, 1.00000000
0.676767676768, 0.404040404040, 0.97994713, 1.00000000, 1.00000000, 1.00000000
0.676767676768, 0.414141414141, 0.99214745, 1.00000000, 1.00000000, 1.00000000
0.676767676768, 0.424242424242, 1.00438281, 1.00000000, 1.00000000, 1.00000000
0.676767676768, 0.434343434343, 1.01660387, 1.00000000, 1.00000000, 1.00000000
0.676767676768, 0.444444444444, 1.02876129, 1.00000000, 1.00000000, 1.00000000
0.676767676768, 0.454545454545, 1.04080596, 1.00000000, 1.00000000, 1.00000000
0.676767676768, 0.464646464646, 1.05268919, 1.00000000, 1.00000000, 1.00000000
0.676767676768, 0.474747474747, 1.06436293, 1.00000000, 1.00000000, 1.00000000
0.676767676768, 0.484848484848, 1.07577994, 1.00000000, 1.00000000, 1.00000000
0.676767676768, 0.494949494949, 1.08689400, 1.00000000, 1.00000000, 1.00000000
0.676767676768, 0.505050505051, 1.09766010, 1.00000000, 1.00000000, 1.00000000
0.676767676768, 0.515151515152, 1.10803461, 1.00000000, 1.00000000, 1.00000000
0.676767676768, 0.525252525253, 1.11797549, 1.00000000, 1.00000000, 1.00000000
0.676767676768, 0.535353535354, 1.12744243, 1.00000000, 1.00000000, 1.00000000
0.676767676768, 0.545454545455, 1.13639705, 1.00000000, 1.00000000, 1.00000000
0.676767676768, 0.555555555556, 1.14480302, 1.00000000, 1.00000000, 1.00000000
0.676767676768, 0.565656565657, 1.15262623, 1.00000000, 1.00000000, 1.00000000
0.676767676768, 0.575757575758, 1.15983494, 1.00000000, 1.00000000, 1.00000000
0.676767676768, 0.585858585859, 1.16639987, 1.00000000, 1.00000000, 1.00000000
0.676767676768, 0.595959595960, 1.17229440, 1.00000000, 1.00000000, 1.00000000
0.676767676768, 0.606060606061, 1.17749457, 1.00000000, 1.00000000, 1.00000000
0.676767676768, 0.616161616162, 1.18197926, 1.00000000, 1.00000000, 1.00000000
0.676767676768, 0.626262626263, 1.18573025, 1.00000000, 1.00000000, 1.00000000
0.676767676768, 0.636363636364, 1.18873229, 1.00000000, 1.00000000, 1.00000000
0.676767676768, 0.646464646465, 1.19097315, 1.00000000, 1.00000000, 1.00000000
0.676767676768, 0.656565656566, 1.19244371, 1.00000000, 1.00000000, 1.00000000
0.676767676768, 0.666666666667, 1.19313792, 1.00000000, 1.00000000, 1.00000000
0.676767676768, 0.676767676768, 1.19305297, 1.00000000, 1.00000000, 1.00000000
0.676767676768, 0.686868686869, 1.19218927, 1.00000000, 1.00000000, 1.00000000
0.676767676768, 0.696969696970, 1.19055040, 1.00000000, 1.00000000, 1.00000000
0.676767676768, 0.707070707071, 1.18814309, 1.00000000, 1.00000000, 1.00000000
0.676767676768, 0.717171717172, 1.18497716, 1.00000000, 1.00000000, 1.00000000
0.676767676768, 0.727272727273, 1.18106550, 1.00000000, 1.00000000, 1.00000000
0.676767676768, 0.737373737374, 1.17642404, 1.00000000, 1.00000000, 1.00000000
0.676767676768, 0.747474747475, 1.17107165, 1.00000000, 1.00000000, 1.00000000
0.676767676768, 0.757575757576, 1.16503010, 1.00000000, 1.00000000, 1.00000000
0.676767676768, 0.767676767677, 1.15832392, 1.00000000, 1.00000000, 1.00000000
0.676767676768, 0.777777777778, 1.15098035, 1.00000000, 1.00000000, 1.00000000
0.676767676768, 0.787878787879, 1.14302923, 1.00000000, 1.00000000, 1.00000000
0.676767676768, 0.797979797980, 1.13450282, 1.00000000, 1.00000000, 1.00000000
0.676767676768, 0.808080808081, 1.12543572, 1.00000000, 1.00000000, 1.00000000
0.676767676768, 0.818181818182, 1.11586474, 1.00000000, 1.00000000, 1.00000000
0.676767676768, 0.828282828283, 1.10582867, 1.00000000, 1.00000000, 1.00000000
0.676767676768, 0.838383838384, 1.09536820, 1.00000000, 1.00000000, 1.00000000
0.676767676768, 0.848484848485, 1.08452573, 1.00000000, 1.00000000, 1.00000000
0.676767676768, 0.858585858586, 1.07334517, 1.00000000, 1.00000000, 1.00000000
0.676767676768, 0.868686868687, 1.06187179, 1.00000000, 1.00000000, 1.00000000
0.676767676768, 0.878787878788, 1.05015200, 1.00000000, 1.00000000, 1.00000000
0.676767676768, 0.888888888889, 1.03823321, 1.00000000, 1.00000000, 1.00000000
0.676767676768, 0.898989898990, 1.02616360, 1.00000000, 1.00000000, 1.00000000
0.676767676768, 0.909090909091, 1.01399191, 1.00000000, 1.00000000, 1.00000000
0.676767676768, 0.919191919192, 1.00176732, 1.00000000, 1.00000000, 1.00000000
0.676767676768, 0.929292929293, 0.98953927, 1.00000000, 1.00000000, 1.00000000
0.676767676768, 0.939393939394, 0.97735753, 1.00000000, 1.00000000, 1.00000000
0.676767676768, 0.949494949495, 0.96527250, 1.00000000, 1.00000000, 1.00000000
0.676767676768, 0.959595959596, 0.95333621, 1.00000000, 1.00000000, 1.00000000
0.686868686869, -0.000000000000, 0.88791099, 1.00000000, 1.00000000, 1.00000000
0.686868686869, 0.010101010101, 0.87867850, 1.00000000, 1.00000000, 1.00000000
0.686868686869, 0.020202020202, 0.87008243, 1.00000000, 1.00000000, 1.00000000
0.686868686869, 0.030303030303, 0.86212550, 1.00000000, 1.00000000, 1.00000000
0.686868686869, 0.040404040404, 0.85476991, 1.00000000, 1.00000000, 1.00000000
0.686868686869, 0.050505050505, 0.84795083, 1.00000000, 1.00000000, 1.00000000
0.686868686869, 0.060606060606, 0.84160165, 1.00000000, 1.00000000, 1.00000000
0.686868686869, 0.070707070707, 0.83567997, 1.00000000, 1.00000000, 1.00000000
0.686868686869, 0.080808080808, 0.83018297, 1.00000000, 1.00000000, 1.00000000
0.686868686869, 0.090909090909, 0.82514681, 1.00000000, 1.00000000, 1.00000000
0.686868686869, 0.101010101010, 0.82063326, 1.00000000, 1.00000000, 1.00000000
0.686868686869, 0.111111111111, 0.81671185, 1.00000000, 1.00000000, 1.00000000
0.686868686869, 0.121212121212, 0.81344531, 1.00000000, 1.00000000, 1.00000000
0.686868686869, 0.131313131313, 0.81088206, 1.00000000, 1.00000000, 1.00000000
0.686868686869, 0.141414141414, 0.80905512, 1.00000000, 1.00000000, 1.00000000
0.686868686869, 0.151515151515, 0.80798457, 1.00000000, 1.00000000, 1.00000000
0.686868686869, 0.161616161616, 0.80768108, 1.00000000, 1.00000000, 1.00000000
0.686868686869, 0.171717171717, 0.80814858, 1.00000000, 1.00000000, 1.00000000
0.686868686869, 0.181818181818, 0.80938622, 1.00000000, 1.00000000, 1.00000000
0.686868686869, 0.191919191919, 0.81138943, 1.00000000, 1.00000000, 1.00000000
0.686868686869, 0.202020202020, 0.81415037, 1.00000000, 1.00000000, 1.00000000
0.686868686869, 0.212121212121, 0.81765815, 1.00000000, 1.00000000, 1.00000000
0.686868686869, 0.222222222222, 0.82189889, 1.00000000, 1.00000000, 1.00000000
0.686868686869, 0.232323232323, 0.82685581, 1.00000000, 1.00000000, 1.00000000
0.686868686869, 0.242424242424, 0.83250929, 1.00000000, 1.00000000, 1.00000000
0.686868686869, 0.252525252525, 0.83883692, 1.00000000, 1.00000000, 1.00000000
0.686868686869, 0.262626262626, 0.84581361, 1.00000000, 1.00000000, 1.00000000
0.686868686869, 0.272727272727, 0.85341167, 1.00000000, 1.00000000, 1.00000000
0.686868686869, 0.282828282828, 0.86160089, 1.00000000, 1.00000000, 1.00000000
0.686868686869, 0.292929292929, 0.87034869, 1.00000000, 1.00000000, 1.00000000
0.686868686869, 0.303030303030, 0.87962022, 1.00000000, 1.00000000, 1.00000000
0.686868686869, 0.313131313131, 0.88937849, 1.00000000, 1.00000000, 1.00000000
0.686868686869, 0.323232323232, 0.89958453, 1.00000000, 1.00000000, 1.00000000
0.686868686869, 0.333333333333, 0.91019754, 1.00000000, 1.00000000, 1.00000000
0.686868686869, 0.343434343434, 0.92117503, 1.00000000, 1.00000000, 1.00000000
0.686868686869, 0.353535353535, 0.93247301, 1.00000000, 1.00000000, 1.00000000
0.686868686869, 0.363636363636, 0.94404615, 1.00000000, 1.00000000, 1.00000000
0.686868686869, 0.373737373737, 0.95584798, 1.00000000, 1.00000000, 1.00000000
0.686868686869, 0.383838383838, 0.96783104, 1.00000000, 1.00000000, 1.00000000
0.686868686869, 0.393939393939, 0.97994713, 1.00000000, 1.00000000, 1.00000000
0.686868686869, 0.404040404040, 0.99214745, 1.00000000, 1.00000000, 1.00000000
0.686868686869, 0.414141414141, 1.00438281, 1.00000000, 1.00000000, 1.00000000
0.686868686869, 0.424242424242, 1.01660387, 1.00000000, 1.00000000, 1.00000000
0.686868686869, 0.434343434343, 1.02876129, 1.00000000, 1.00000000, 1.00000000
0.686868686869, 0.444444444444, 1.04080596, 1.00000000, 1.00000000, 1.00000000
0.686868686869, 0.454545454545, 1.05268919, 1.00000000, 1.00000000, 1.00000000
0.686868686869, 0.464646464646, 1.06436293, 1.00000000, 1.00000000, 1.00000000
0.686868686869, 0.474747474747, 1.07577994, 1.00000000, 1.00000000, 1.00000000
0.686868686869, 0.484848484848, 1.08689400, 1.00000000, 1.00000000, 1.00000000
0.686868686869, 0.494949494949, 1.09766010, 1.00000000, 1.00000000, 1.00000000
0.686868686869, 0.505050505051, 1.10803461, 1.00000000, 1.00000000, 1.00000000
0.686868686869, 0.515151515152, 1.11797549, 1.00000000, 1.00000000, 1.00000000
0.686868686869, 0.525252525253, 1.12744243, 1.00000000, 1.00000000, 1.00000000
0.686868686869, 0.535353535354, 1.13639705, 1.00000000, 1.00000000, 1.00000000
0.686868686869, 0.545454545455, 1.14480302, 1.00000000, 1.00000000, 1.00000000
0.686868686869, 0.555555555556, 1.15262623, 1.00000000, 1.00000000, 1.00000000
0.686868686869, 0.565656565657, 1.15983494, 1.00000000, 1.00000000, 1.00000000
0.686868686869, 0.575757575758, 1.16639987, 1.00000000, 1.00000000, 1.00000000
0.686868686869, 0.585858585859, 1.17229440, 1.00000000, 1.00000000, 1.00000000
0.686868686869, 0.595959595960, 1.17749457, 1.00000000, 1.00000000, 1.00000000
0.686868686869, 0.606060606061, 1.18197926, 1.00000000, 1.00000000, 1.00000000
0.686868686869, 0.616161616162, 1.18573025, 1.00000000, 1.00000000, 1.00000000
0.686868686869, 0.626262626263, 1.18873229, 1.00000000, 1.00000000, 1.00000000
0.686868686869, 0.636363636364, 1.19097315, 1.00000000, 1.00000000, 1.00000000
0.686868686869, 0.646464646465, 1.19244371, 1.00000000, 1.00000000, 1.00000000
0.686868686869, 0.656565656566, 1.19313792, 1.00000000, 1.00000000, 1.00000000
0.686868686869, 0.666666666667, 1.19305297, 1.00000000, 1.00000000, 1.00000000
0.686868686869, 0.676767676768, 1.19218927, 1.00000000, 1.00000000, 1.00000000
0.686868686869, 0.686868686869, 1.19055040, 1.00000000, 1.00000000, 1.00000000
0.686868686869, 0.696969696970, 1.18814309, 1.00000000, 1.00000000, 1.00000000
0.686868686869, 0.707070707071, 1.18497716, 1.00000000, 1.00000000, 1.00000000
0.686868686869, 0.717171717172, 1.18106550, 1.00000000, 1.00000000, 1.00000000
0.686868686869, 0.727272727273, 1.17642404, 1.00000000, 1.00000000, 1.00000000
0.686868686869, 0.737373737374, 1.17107165, 1.00000000, 1.00000000, 1.00000000
0.686868686869, 0.747474747475, 1.16503010, 1.00000000, 1.00000000, 1.00000000
0.686868686869, 0.757575757576, 1.15832392, 1.00000000, 1.00000000, 1.00000000
0.686868686869, 0.767676767677, 1.15098035, 1.00000000, 1.00000000, 1.00000000
0.686868686869, 0.777777777778, 1.14302923, 1.00000000, 1.00000000, 1.00000000
0.686868686869, 0.787878787879, 1.13450282, 1.00000000, 1.00000000, 1.00000000
0.686868686869, 0.797979797980, 1.12543572, 1.00000000, 1.00000000, 1.00000000
0.686868686869, 0.808080808081, 1.11586474, 1.00000000, 1.00000000, 1.00000000
0.686868686869, 0.818181818182, 1.10582867, 1.00000000, 1.00000000, 1.00000000
0.686868686869, 0.828282828283, 1.09536820, 1.00000000, 1.00000000, 1.00000000
0.686868686869, 0.838383838384, 1.08452573, 1.00000000, 1.00000000, 1.00000000
0.686868686869, 0.848484848485, 1.07334517, 1.00000000, 1.00000000, 1.00000000
0.686868686869, 0.858585858586, 1.06187179, 1.00000000, 1.00000000, 1.00000000
0.686868686869, 0.868686868687, 1.05015200, 1.00000000, 1.00000000, 1.00000000
0.686868686869, 0.878787878788, 1.03823321, 1.00000000, 1.00000000, 1.00000000
0.686868686869, 0.888888888889, 1.02616359, 1.00000000, 1.00000000, 1.00000000
0.686868686869, 0.898989898990, 1.01399189, 1.00000000, 1.00000000, 1.00000000
0.686868686869, 0.909090909091, 1.00176724, 1.00000000, 1.00000000, 1.00000000
0.686868686869, 0.919191919192, 0.98953899, 1.00000000, 1.00000000, 1.00000000
0.686868686869, 0.929292929293, 0.97735655, 1.00000000, 1.00000000, 1.00000000
0.686868686869, 0.939393939394, 0.96526943, 1.00000000, 1.00000000, 1.00000000
0.686868686869, 0.949494949495, 0.95332752, 1.00000000, 1.00000000, 1.00000000
0.686868686869, 0.959595959596, 0.94158199, 1.00000000, 1.00000000, 1.00000000
0.696969696970, -0.000000000000, 0.87819991, 1.00000000, 1.00000000, 1.00000000
0.696969696970, 0.010101010101, 0.86942111, 1.00000000, 1.00000000, 1.00000000
0.696969696970, 0.020202020202, 0.86129851, 1.00000000, 1.00000000, 1.00000000
0.696969696970, 0.030303030303, 0.85383341, 1.00000000, 1.00000000, 1.00000000
0.696969696970, 0.040404040404, 0.84698988, 1.00000000, 1.00000000, 1.00000000
0.696969696970, 0.050505050505, 0.84070765, 1.00000000, 1.00000000, 1.00000000
0.696969696970, 0.060606060606, 0.83492548, 1.00000000, 1.00000000, 1.00000000
0.696969696970, 0.070707070707, 0.82960509, 1.00000000, 1.00000000, 1.00000000
0.696969696970, 0.080808080808, 0.82474500, 1.00000000, 1.00000000, 1.00000000
0.696969696970, 0.090909090909, 0.82037961, 1.00000000, 1.00000000, 1.00000000
0.696969696970, 0.101010101010, 0.81656649, 1.00000000, 1.00000000, 1.00000000
0.696969696970, 0.111111111111, 0.81336972, 1.00000000, 1.00000000, 1.00000000
0.696969696970, 0.121212121212, 0.81084642, 1.00000000, 1.00000000, 1.00000000
0.696969696970, 0.131313131313, 0.80903989, 1.00000000, 1.00000000, 1.00000000
0.696969696970, 0.141414141414, 0.80797868, 1.00000000, 1.00000000, 1.00000000
0.696969696970, 0.151515151515, 0.80767903, 1.00000000, 1.00000000, 1.00000000
0.696969696970, 0.161616161616, 0.80814794, 1.00000000, 1.00000000, 1.00000000
0.696969696970, 0.171717171717, 0.80938604, 1.00000000, 1.00000000, 1.00000000
0.696969696970, 0.181818181818, 0.81138938, 1.00000000, 1.00000000, 1.00000000
0.696969696970, 0.191919191919, 0.81415036, 1.00000000, 1.00000000, 1.00000000
0.696969696970, 0.202020202020, 0.81765815, 1.00000000, 1.00000000, 1.00000000
0.696969696970, 0.212121212121, 0.82189889, 1.00000000, 1.00000000, 1.00000000
0.696969696970, 0.222222222222, 0.82685581, 1.00000000, 1.00000000, 1.00000000
0.696969696970, 0.232323232323, 0.83250929, 1.00000000, 1.00000000, 1.00000000
0.696969696970, 0.242424242424, 0.83883692, 1.00000000, 1.00000000, 1.00000000
0.696969696970, 0.252525252525, 0.84581361, 1.00000000, 1.00000000, 1.00000000
0.696969696970, 0.262626262626, 0.85341167, 1.00000000, 1.00000000, 1.00000000
0.696969696970, 0.272727272727, 0.86160089, 1.00000000, 1.00000000, 1.00000000
0.696969696970, 0.282828282828, 0.87034869, 1.00000000, 1.00000000, 1.00000000
0.696969696970, 0.292929292929, 0.87962022, 1.00000000, 1.00000000, 1.00000000
0.696969696970, 0.303030303030, 0.88937849, 1.00000000, 1.00000000, 1.00000000
0.696969696970, 0.313131313131, 0.89958453, 1.00000000, 1.00000000, 1.00000000
0.696969696970, 0.323232323232, 0.91019754, 1.00000000, 1.00000000, 1.00000000
0.696969696970, 0.333333333333, 0.92117503, 1.00000000, 1.00000000, 1.00000000
0.696969696970, 0.343434343434, 0.93247301, 1.00000000, 1.00000000, 1.00000000
0.696969696970, 0.353535353535, 0.94404615, 1.00000000, 1.00000000, 1.00000000
0.696969696970, 0.363636363636, 0.95584798, 1.00000000, 1.00000000, 1.00000000
0.696969696970, 0.373737373737, 0.96783104, 1.00000000, 1.00000000, 1.00000000
0.696969696970, 0.383838383838, 0.97994713, 1.00000000, 1.00000000, 1.00000000
0.696969696970, 0.393939393939, 0.99214745, 1.00000000, 1.00000000, 1.00000000
0.696969696970, 0.404040404040, 1.00438281, 1.00000000, 1.00000000, 1.00000000
0.696969696970, 0.414141414141, 1.01660387, 1.00000000, 1.00000000, 1.00000000
0.696969696970, 0.424242424242, 1.02876129, 1.00000000, 1.00000000, 1.00000000
0.696969696970, 0.434343434343, 1.04080596, 1.00000000, 1.00000000, 1.00000000
0.696969696970, 0.444444444444, 1.05268919, 1.00000000, 1.00000000, 1.00000000
0.696969696970, 0.454545454545, 1.06436293, 1.00000000, 1.00000000, 1.00000000
0.696969696970, 0.464646464646, 1.07577994, 1.00000000, 1.00000000, 1.00000000
0.696969696970, 0.474747474747, 1.08689400, 1.00000000, 1.00000000, 1.00000000
0.696969696970, 0.484848484848, 1.09766010, 1.00000000, 1.00000000, 1.00000000
0.696969696970, 0.494949494949, 1.10803461, 1.00000000, 1.00000000, 1.00000000
0.696969696970, 0.505050505051, 1.11797549, 1.00000000, 1.00000000, 1.00000000
0.696969696970, 0.515151515152, 1.12744243, 1.00000000, 1.00000000, 1.00000000
0.696969696970, 0.525252525253, 1.13639705, 1.00000000, 1.00000000, 1.00000000
0.696969696970, 0.535353535354, 1.14480302, 1.00000000, 1.00000000, 1.00000000
0.696969696970, 0.545454545455, 1.15262623, 1.00000000, 1.00000000, 1.00000000
0.696969696970, 0.555555555556, 1.15983494, 1.00000000, 1.00000000, 1.00000000
0.696969696970, 0.565656565657, 1.16639987, 1.00000000, 1.00000000, 1.00000000
0.696969696970, 0.575757575758, 1.17229440, 1.00000000, 1.00000000, 1.00000000
0.696969696970, 0.585858585859, 1.17749457, 1.00000000, 1.00000000, 1.00000000
0.696969696970, 0.595959595960, 1.18197926, 1.00000000, 1.00000000, 1.00000000
0.696969696970, 0.606060606061, 1.18573025, 1.00000000, 1.00000000, 1.00000000
0.696969696970, 0.616161616162, 1.18873229, 1.00000000, 1.00000000, 1.00000000
0.696969696970, 0.626262626263, 1.19097315, 1.00000000, 1.00000000, 1.00000000
0.696969696970, 0.636363636364, 1.19244371, 1.00000000, 1.00000000, 1.00000000
0.696969696970, 0.646464646465, 1.19313792, 1.00000000, 1.00000000, 1.00000000
0.696969696970, 0.656565656566, 1.19305297, 1.00000000, 1.00000000, 1.00000000
0.696969696970, 0.666666666667, 1.19218927, 1.00000000, 1.00000000, 1.00000000
0.696969696970, 0.676767676768, 1.19055040, 1.00000000, 1.00000000, 1.00000000
0.696969696970, 0.686868686869, 1.18814309, 1.00000000, 1.00000000, 1.00000000
0.696969696970, 0.696969696970, 1.18497716, 1.00000000, 1.00000000, 1.00000000
0.696969696970, 0.707070707071, 1.18106550, 1.00000000, 1.00000000, 1.00000000
0.696969696970, 0.717171717172, 1.17642404, 1.00000000, 1.00000000, 1.00000000
0.696969696970, 0.727272727273, 1.17107165, 1.00000000, 1.00000000, 1.00000000
0.696969696970, 0.737373737374, 1.16503010, 1.00000000, 1.00000000, 1.00000000
0.696969696970, 0.747474747475, 1.15832392, 1.00000000, 1.00000000, 1.00000000
0.696969696970, 0.757575757576, 1.15098035, 1.00000000, 1.00000000, 1.00000000
0.696969696970, 0.767676767677, 1.14302923, 1.00000000, 1.00000000, 1.00000000
0.696969696970, 0.777777777778, 1.13450282, 1.00000000, 1.00000000, 1.00000000
0.696969696970, 0.787878787879, 1.12543572, 1.00000000, 1.00000000, 1.00000000
0.696969696970, 0.797979797980, 1.11586474, 1.00000000, 1.00000000, 1.00000000
0.696969696970, 0.808080808081, 1.10582867, 1.00000000, 1.00000000, 1.00000000
0.696969696970, 0.818181818182, 1.09536820, 1.00000000, 1.00000000, 1.00000000
0.696969696970, 0.828282828283, 1.08452573, 1.00000000, 1.00000000, 1.00000000
0.696969696970, 0.838383838384, 1.07334517, 1.00000000, 1.00000000, 1.00000000
0.696969696970, 0.848484848485, 1.06187179, 1.00000000, 1.00000000, 1.00000000
0.696969696970, 0.858585858586, 1.05015200, 1.00000000, 1.00000000, 1.00000000
0.696969696970, 0.868686868687, 1.03823321, 1.00000000, 1.00000000, 1.00000000
0.696969696970, 0.878787878788, 1.02616359, 1.00000000, 1.00000000, 1.00000000
0.696969696970, 0.888888888889, 1.01399189, 1.00000000, 1.00000000, 1.00000000
0.696969696970, 0.898989898990, 1.00176723, 1.00000000, 1.00000000, 1.00000000
0.696969696970, 0.909090909091, 0.98953892, 1.00000000, 1.00000000, 1.00000000
0.696969696970, 0.919191919192, 0.97735628, 1.00000000, 1.00000000, 1.00000000
0.696969696970, 0.929292929293, 0.96526850, 1.00000000, 1.00000000, 1.00000000
0.696969696970, 0.939393939394, 0.95332461, 1.00000000, 1.00000000, 1.00000000
0.696969696970, 0.949494949495, 0.94157380, 1.00000000, 1.00000000, 1.00000000
0.696969696970, 0.959595959596, 0.93006617, 1.00000000, 1.00000000, 1.00000000
0.707070707071, -0.000000000000, 0.86898031, 1.00000000, 1.00000000, 1.00000000
0.707070707071, 0.010101010101, 0.86069014, 1.00000000, 1.00000000, 1.00000000
0.707070707071, 0.020202020202, 0.85307342, 1.00000000, 1.00000000, 1.00000000
0.707070707071, 0.030303030303, 0.84613004, 1.00000000, 1.00000000, 1.00000000
0.707070707071, 0.040404040404, 0.83982607, 1.00000000, 1.00000000, 1.00000000
0.707070707071, 0.050505050505, 0.83410592, 1.00000000, 1.00000000, 1.00000000
0.707070707071, 0.060606060606, 0.82891391, 1.00000000, 1.00000000, 1.00000000
0.707070707071, 0.070707070707, 0.82421601, 1.00000000, 1.00000000, 1.00000000
0.707070707071, 0.080808080808, 0.82001210, 1.00000000, 1.00000000, 1.00000000
0.707070707071, 0.090909090909, 0.81633471, 1.00000000, 1.00000000, 1.00000000
0.707070707071, 0.101010101010, 0.81323703, 1.00000000, 1.00000000, 1.00000000
0.707070707071, 0.111111111111, 0.81077751, 1.00000000, 1.00000000, 1.00000000
0.707070707071, 0.121212121212, 0.80900745, 1.00000000, 1.00000000, 1.00000000
0.707070707071, 0.131313131313, 0.80796485, 1.00000000, 1.00000000, 1.00000000
0.707070707071, 0.141414141414, 0.80767370, 1.00000000, 1.00000000, 1.00000000
0.707070707071, 0.151515151515, 0.80814608, 1.00000000, 1.00000000, 1.00000000
0.707070707071, 0.161616161616, 0.80938546, 1.00000000, 1.00000000, 1.00000000
0.707070707071, 0.171717171717, 0.81138922, 1.00000000, 1.00000000, 1.00000000
0.707070707071, 0.181818181818, 0.81415032, 1.00000000, 1.00000000, 1.00000000
0.707070707071, 0.191919191919, 0.81765814, 1.00000000, 1.00000000, 1.00000000
0.707070707071, 0.202020202020, 0.82189889, 1.00000000, 1.00000000, 1.00000000
0.707070707071, 0.212121212121, 0.82685581, 1.00000000, 1.00000000, 1.00000000
0.707070707071, 0.222222222222, 0.83250929, 1.00000000, 1.00000000, 1.00000000
0.707070707071, 0.232323232323, 0.83883692, 1.00000000, 1.00000000, 1.00000000
0.707070707071, 0.242424242424, 0.84581361, 1.00000000, 1.00000000, 1.00000000
0.707070707071, 0.252525252525, 0.85341167, 1.00000000, 1.00000000, 1.00000000
0.707070707071, 0.262626262626, 0.86160089, 1.00000000, 1.00000000, 1.00000000
0.707070707071, 0.272727272727, 0.87034869, 1.00000000, 1.00000000, 1.00000000
0.707070707071, 0.282828282828, 0.87962022, 1.00000000, 1.00000000, 1.00000000
0.707070707071, 0.292929292929, 0.88937849, 1.00000000, 1.00000000, 1.00000000
0.707070707071, 0.303030303030, 0.89958453, 1.00000000, 1.00000000, 1.00000000
0.707070707071, 0.313131313131, 0.91019754, 1.00000000, 1.00000000, 1.00000000
0.707070707071, 0.323232323232, 0.92117503, 1.00000000, 1.00000000, 1.00000000
0.707070707071, 0.333333333333, 0.93247301, 1.00000000, 1.00000000, 1.00000000
0.707070707071, 0.343434343434, 0.94404615, 1.00000000, 1.00000000, 1.00000000
0.707070707071, 0.353535353535, 0.95584798, 1.00000000, 1.00000000, 1.00000000
0.707070707071, 0.363636363636, 0.96783104, 1.00000000, 1.00000000, 1.00000000
0.707070707071, 0.373737373737, 0.97994713, 1.00000000, 1.00000000, 1.00000000
0.707070707071, 0.383838383838, 0.99214745, 1.00000000, 1.00000000, 1.00000000
0.707070707071, 0.393939393939, 1.00438281, 1.00000000, 1.00000000, 1.00000000
0.707070707071, 0.404040404040, 1.01660387, 1.00000000, 1.00000000, 1.00000000
0.707070707071, 0.414141414141, 1.02876129, 1.00000000, 1.00000000, 1.00000000
0.707070707071, 0.424242424242, 1.04080596, 1.00000000, 1.00000000, 1.00000000
0.707070707071, 0.434343434343, 1.05268919, 1.00000000, 1.00000000, 1.00000000
0.707070707071, 0.444444444444, 1.06436293, 1.00000000, 1.00000000, 1.00000000
0.707070707071, 0.454545454545, 1.07577994, 1.00000000, 1.00000000, 1.00000000
0.707070707071, 0.464646464646, 1.08689400, 1.00000000, 1.00000000, 1.00000000
0.707070707071, 0.474747474747, 1.09766010, 1.00000000, 1.00000000, 1.00000000
0.707070707071, 0.484848484848, 1.10803461, 1.00000000, 1.00000000, 1.00000000
0.707070707071, 0.494949494949, 1.11797549, 1.00000000, 1.00000000, 1.00000000
0.707070707071, 0.505050505051, 1.12744243, 1.00000000, 1.00000000, 1.00000000
0.707070707071, 0.515151515152, 1.13639705, 1.00000000, 1.00000000, 1.00000000
0.707070707071, 0.525252525253, 1.14480302, 1.00000000, 1.00000000, 1.00000000
0.707070707071, 0.535353535354, 1.15262623, 1.00000000, 1.00000000, 1.00000000
0.707070707071, 0.545454545455, 1.15983494, 1.00000000, 1.00000000, 1.00000000
0.707070707071, 0.555555555556, 1.16639987, 1.00000000, 1.00000000, 1.00000000
0.707070707071, 0.565656565657, 1.17229440, 1.00000000, 1.00000000, 1.00000000
0.707070707071, 0.575757575758, 1.17749457, 1.00000000, 1.00000000, 1.00000000
0.707070707071, 0.585858585859, 1.18197926, 1.00000000, 1.00000000, 1.00000000
0.707070707071, 0.595959595960, 1.18573025, 1.00000000, 1.00000000, 1.00000000
0.707070707071, 0.606060606061, 1.18873229, 1.00000000, 1.00000000, 1.00000000
0.707070707071, 0.616161616162, 1.19097315, 1.00000000, 1.00000000, 1.00000000
0.707070707071, 0.626262626263, 1.19244371, 1.00000000, 1.00000000, 1.00000000
0.707070707071, 0.636363636364, 1.19313792, 1.00000000, 1.00000000, 1.00000000
0.707070707071, 0.646464646465, 1.19305297, 1.00000000, 1.00000000, 1.00000000
0.707070707071, 0.656565656566, 1.19218927, 1.00000000, 1.00000000, 1.00000000
0.707070707071, 0.666666666667, 1.19055040, 1.00000000, 1.00000000, 1.00000000
0.707070707071, 0.676767676768, 1.18814309, 1.00000000, 1.00000000, 1.00000000
0.707070707071, 0.686868686869, 1.18497716, 1.00000000, 1.00000000, 1.00000000
0.707070707071, 0.696969696970, 1.18106550, 1.00000000, 1.00000000, 1.00000000
0.707070707071, 0.707070707071, 1.17642404, 1.00000000, 1.00000000, 1.00000000
0.707070707071, 0.717171717172, 1.17107165, 1.00000000, 1.00000000, 1.00000000
0.707070707071, 0.727272727273, 1.16503010, 1.00000000, 1.00000000, 1.00000000
0.707070707071, 0.737373737374, 1.15832392, 1.00000000, 1.00000000, 1.00000000
0.707070707071, 0.747474747475, 1.15098035, 1.00000000, 1.00000000, 1.00000000
0.707070707071, 0.757575757576, 1.14302923, 1.00000000, 1.00000000, 1.00000000
0.707070707071, 0.767676767677, 1.13450282, 1.00000000, 1.00000000, 1.00000000
0.707070707071, 0.777777777778, 1.12543572, 1.00000000, 1.00000000, 1.00000000
0.707070707071, 0.787878787879, 1.11586474, 1.00000000, 1.00000000, 1.00000000
0.707070707071, 0.797979797980, 1.10582867, 1.00000000, 1.00000000, 1.00000000
0.707070707071, 0.808080808081, 1.09536820, 1.00000000, 1.00000000, 1.00000000
0.707070707071, 0.818181818182, 1.08452573, 1.00000000, 1.00000000, 1.00000000
0.707070707071, 0.828282828283, 1.07334517, 1.00000000, 1.00000000, 1.00000000
0.707070707071, 0.838383838384, 1.06187179, 1.00000000, 1.00000000, 1.00000000
0.707070707071, 0.848484848485, 1.05015200, 1.00000000, 1.00000000, 1.00000000
0.707070707071, 0.858585858586, 1.03823321, 1.00000000, 1.00000000, 1.00000000
0.707070707071, 0.868686868687, 1.02616359, 1.00000000, 1.00000000, 1.00000000
0.707070707071, 0.878787878788, 1.01399189, 1.00000000, 1.00000000, 1.00000000
0.707070707071, 0.888888888889, 1.00176722, 1.00000000, 1.00000000, 1.00000000
0.707070707071, 0.898989898990, 0.98953890, 1.00000000, 1.00000000, 1.00000000
0.707070707071, 0.909090909091, 0.97735621, 1.00000000, 1.00000000, 1.00000000
0.707070707071, 0.919191919192, 0.96526824, 1.00000000, 1.00000000, 1.00000000
0.707070707071, 0.929292929293, 0.95332373, 1.00000000, 1.00000000, 1.00000000
0.707070707071, 0.939393939394, 0.94157108, 1.00000000, 1.00000000, 1.00000000
0.707070707071, 0.949494949495, 0.93005854, 1.00000000, 1.00000000, 1.00000000
0.707070707071, 0.959595959596, 0.91883495, 1.00000000, 1.00000000, 1.00000000
0.717171717172, -0.000000000000, 0.86028894, 1.00000000, 1.00000000, 1.00000000
0.717171717172, 0.010101010101, 0.85252037, 1.00000000, 1.00000000, 1.00000000
0.717171717172, 0.020202020202, 0.84543991, 1.00000000, 1.00000000, 1.00000000
0.717171717172, 0.030303030303, 0.83904604, 1.00000000, 1.00000000, 1.00000000
0.717171717172, 0.040404040404, 0.83330692, 1.00000000, 1.00000000, 1.00000000
0.717171717172, 0.050505050505, 0.82817183, 1.00000000, 1.00000000, 1.00000000
0.717171717172, 0.060606060606, 0.82359079, 1.00000000, 1.00000000, 1.00000000
0.717171717172, 0.070707070707, 0.81953410, 1.00000000, 1.00000000, 1.00000000
0.717171717172, 0.080808080808, 0.81600302, 1.00000000, 1.00000000, 1.00000000
0.717171717172, 0.090909090909, 0.81302813, 1.00000000, 1.00000000, 1.00000000
0.717171717172, 0.101010101010, 0.81065812, 1.00000000, 1.00000000, 1.00000000
0.717171717172, 0.111111111111, 0.80894556, 1.00000000, 1.00000000, 1.00000000
0.717171717172, 0.121212121212, 0.80793578, 1.00000000, 1.00000000, 1.00000000
0.717171717172, 0.131313131313, 0.80766133, 1.00000000, 1.00000000, 1.00000000
0.717171717172, 0.141414141414, 0.80814132, 1.00000000, 1.00000000, 1.00000000
0.717171717172, 0.151515151515, 0.80938381, 1.00000000, 1.00000000, 1.00000000
0.717171717172, 0.161616161616, 0.81138870, 1.00000000, 1.00000000, 1.00000000
0.717171717172, 0.171717171717, 0.81415018, 1.00000000, 1.00000000, 1.00000000
0.717171717172, 0.181818181818, 0.81765811, 1.00000000, 1.00000000, 1.00000000
0.717171717172, 0.191919191919, 0.82189888, 1.00000000, 1.00000000, 1.00000000
0.717171717172, 0.202020202020, 0.82685581, 1.00000000, 1.00000000, 1.00000000
0.717171717172, 0.212121212121, 0.83250929, 1.00000000, 1.00000000, 1.00000000
0.717171717172, 0.222222222222, 0.83883692, 1.00000000, 1.00000000, 1.00000000
0.717171717172, 0.232323232323, 0.84581361, 1.00000000, 1.00000000, 1.00000000
0.717171717172, 0.242424242424, 0.85341167, 1.00000000, 1.00000000, 1.00000000
0.717171717172, 0.252525252525, 0.86160089, 1.00000000, 1.00000000, 1.00000000
0.717171717172, 0.262626262626, 0.87034869, 1.00000000, 1.00000000, 1.00000000
0.717171717172, 0.272727272727, 0.87962022, 1.00000000, 1.00000000, 1.00000000
0.717171717172, 0.282828282828, 0.88937849, 1.00000000, 1.00000000, 1.00000000
0.717171717172, 0.292929292929, 0.89958453, 1.00000000, 1.00000000, 1.00000000
0.717171717172, 0.303030303030, 0.91019754, 1.00000000, 1.00000000, 1.00000000
0.717171717172, 0.313131313131, 0.92117503, 1.00000000, 1.00000000, 1.00000000
0.717171717172, 0.323232323232, 0.93247301, 1.00000000, 1.00000000, 1.00000000
0.717171717172, 0.333333333333, 0.94404615, 1.00000000, 1.00000000, 1.00000000
0.717171717172, 0.343434343434, 0.95584798, 1.00000000, 1.00000000, 1.00000000
0.717171717172, 0.353535353535, 0.96783104, 1.00000000, 1.00000000, 1.00000000
0.717171717172, 0.363636363636, 0.97994713, 1.00000000, 1.00000000, 1.00000000
0.717171717172, 0.373737373737, 0.99214745, 1.00000000, 1.00000000, 1.00000000
0.717171717172, 0.383838383838, 1.00438281, 1.00000000, 1.00000000, 1.00000000
0.717171717172, 0.393939393939, 1.01660387, 1.00000000, 1.00000000, 1.00000000
0.717171717172, 0.404040404040, 1.02876129, 1.00000000, 1.00000000, 1.00000000
0.717171717172, 0.414141414141, 1.04080596, 1.00000000, 1.00000000, 1.00000000
0.717171717172, 0.424242424242, 1.05268919, 1.00000000, 1.00000000, 1.00000000
0.717171717172, 0.434343434343, 1.06436293, 1.00000000, 1.00000000, 1.00000000
0.717171717172, 0.444444444444, 1.07577994, 1.00000000, 1.00000000, 1.00000000
0.717171717172, 0.454545454545, 1.08689400, 1.00000000, 1.00000000, 1.00000000
0.717171717172, 0.464646464646, 1.09766010, 1.00000000, 1.00000000, 1.00000000
0.717171717172, 0.474747474747, 1.10803461, 1.00000000, 1.00000000, 1.00000000
0.717171717172, 0.484848484848, 1.11797549, 1.00000000, 1.00000000, 1.00000000
0.717171717172, 0.494949494949, 1.12744243, 1.00000000, 1.00000000, 1.00000000
0.717171717172, 0.505050505051, 1.13639705, 1.00000000, 1.00000000, 1.00000000
0.717171717172, 0.515151515152, 1.14480302, 1.00000000, 1.00000000, 1.00000000
0.717171717172, 0.525252525253, 1.15262623, 1.00000000, 1.00000000, 1.00000000
0.717171717172, 0.535353535354, 1.15983494, 1.00000000, 1.00000000, 1.00000000
0.717171717172, 0.545454545455, 1.16639987, 1.00000000, 1.00000000, 1.00000000
0.717171717172, 0.555555555556, 1.17229440, 1.00000000, 1.00000000, 1.00000000
0.717171717172, 0.565656565657, 1.17749457, 1.00000000, 1.00000000, 1.00000000
0.717171717172, 0.575757575758, 1.18197926, 1.00000000, 1.00000000, 1.00000000
0.717171717172, 0.585858585859, 1.18573025, 1.00000000, 1.00000000, 1.00000000
0.717171717172, 0.595959595960, 1.18873229, 1.00000000, 1.00000000, 1.00000000
0.717171717172, 0.606060606061, 1.19097315, 1.00000000, 1.00000000, 1.00000000
0.717171717172, 0.616161616162, 1.19244371, 1.00000000, 1.00000000, 1.00000000
0.717171717172, 0.626262626263, 1.19313792, 1.00000000, 1.00000000, 1.00000000
0.717171717172, 0.636363636364, 1.19305297, 1.00000000, 1.00000000, 1.00000000
0.717171717172, 0.646464646465, 1.19218927, 1.00000000, 1.00000000, 1.00000000
0.717171717172, 0.656565656566, 1.19055040, 1.00000000, 1.00000000, 1.00000000
0.717171717172, 0.666666666667, 1.18814309, 1.00000000, 1.00000000, 1.00000000
0.717171717172, 0.676767676768, 1.18497716, 1.00000000, 1.00000000, 1.00000000
0.717171717172, 0.686868686869, 1.18106550, 1.00000000, 1.00000000, 1.00000000
0.717171717172, 0.696969696970, 1.17642404, 1.00000000, 1.00000000, 1.00000000
0.717171717172, 0.707070707071, 1.17107165, 1.00000000, 1.00000000, 1.00000000
0.717171717172, 0.717171717172, 1.16503010, 1.00000000, 1.00000000, 1.00000000
0.717171717172, 0.727272727273, 1.15832392, 1.00000000, 1.00000000, 1.00000000
0.717171717172, 0.737373737374, 1.15098035, 1.00000000, 1.00000000, 1.00000000
0.717171717172, 0.747474747475, 1.14302923, 1.00000000, 1.00000000, 1.00000000
0.717171717172, 0.757575757576, 1.13450282, 1.00000000, 1.00000000, 1.00000000
0.717171717172, 0.767676767677, 1.12543572, 1.00000000, 1.00000000, 1.00000000
0.717171717172, 0.777777777778, 1.11586474, 1.00000000, 1.00000000, 1.00000000
0.717171717172, 0.787878787879, 1.10582867, 1.00000000, 1.00000000, 1.00000000
0.717171717172, 0.797979797980, 1.09536820, 1.00000000, 1.00000000, 1.00000000
0.717171717172, 0.808080808081, 1.08452573, 1.00000000, 1.00000000, 1.00000000
0.717171717172, 0.818181818182, 1.07334517, 1.00000000, 1.00000000, 1.00000000
0.717171717172, 0.828282828283, 1.06187179, 1.00000000, 1.00000000, 1.00000000
0.717171717172, 0.838383838384, 1.05015200, 1.00000000, 1.00000000, 1.00000000
0.717171717172, 0.848484848485, 1.03823321, 1.00000000, 1.00000000, 1.00000000
0.717171717172, 0.858585858586, 1.02616359, 1.00000000, 1.00000000, 1.00000000
0.717171717172, 0.868686868687, 1.01399189, 1.00000000, 1.00000000, 1.00000000
0.717171717172, 0.878787878788, 1.00176722, 1.00000000, 1.00000000, 1.00000000
0.717171717172, 0.888888888889, 0.98953890, 1.00000000, 1.00000000, 1.00000000
0.717171717172, 0.898989898990, 0.97735620, 1.00000000, 1.00000000, 1.00000000
0.717171717172, 0.909090909091, 0.96526818, 1.00000000, 1.00000000, 1.00000000
0.717171717172, 0.919191919192, 0.95332350, 1.00000000, 1.00000000, 1.00000000
0.717171717172, 0.929292929293, 0.94157027, 1.00000000, 1.00000000, 1.00000000
0.717171717172, 0.939393939394, 0.93005603, 1.00000000, 1.00000000, 1.00000000
0.717171717172, 0.949494949495, 0.91882792, 1.00000000, 1.00000000, 1.00000000
0.717171717172, 0.959595959596, 0.90793331, 1.00000000, 1.00000000, 1.00000000
0.727272727273, -0.000000000000, 0.85216044, 1.00000000, 1.00000000, 1.00000000
0.727272727273, 0.010101010101, 0.84494433, 1.00000000, 1.00000000, 1.00000000
0.727272727273, 0.020202020202, 0.83842834, 1.00000000, 1.00000000, 1.00000000
0.727272727273, 0.030303030303, 0.83260956, 1.00000000, 1.00000000, 1.00000000
0.727272727273, 0.040404040404, 0.82745834, 1.00000000, 1.00000000, 1.00000000
0.727272727273, 0.050505050505, 0.82292894, 1.00000000, 1.00000000, 1.00000000
0.727272727273, 0.060606060606, 0.81897722, 1.00000000, 1.00000000, 1.00000000
0.727272727273, 0.070707070707, 0.81557790, 1.00000000, 1.00000000, 1.00000000
0.727272727273, 0.080808080808, 0.81273364, 1.00000000, 1.00000000, 1.00000000
0.727272727273, 0.090909090909, 0.81047301, 1.00000000, 1.00000000, 1.00000000
0.727272727273, 0.101010101010, 0.80884001, 1.00000000, 1.00000000, 1.00000000
0.727272727273, 0.111111111111, 0.80788121, 1.00000000, 1.00000000, 1.00000000
0.727272727273, 0.121212121212, 0.80763577, 1.00000000, 1.00000000, 1.00000000
0.727272727273, 0.131313131313, 0.80813049, 1.00000000, 1.00000000, 1.00000000
0.727272727273, 0.141414141414, 0.80937966, 1.00000000, 1.00000000, 1.00000000
0.727272727273, 0.151515151515, 0.81138727, 1.00000000, 1.00000000, 1.00000000
0.727272727273, 0.161616161616, 0.81414973, 1.00000000, 1.00000000, 1.00000000
0.727272727273, 0.171717171717, 0.81765798, 1.00000000, 1.00000000, 1.00000000
0.727272727273, 0.181818181818, 0.82189885, 1.00000000, 1.00000000, 1.00000000
0.727272727273, 0.191919191919, 0.82685580, 1.00000000, 1.00000000, 1.00000000
0.727272727273, 0.202020202020, 0.83250929, 1.00000000, 1.00000000, 1.00000000
0.727272727273, 0.212121212121, 0.83883692, 1.00000000, 1.00000000, 1.00000000
0.727272727273, 0.222222222222, 0.84581361, 1.00000000, 1.00000000, 1.00000000
0.727272727273, 0.232323232323, 0.85341167, 1.00000000, 1.00000000, 1.00000000
0.727272727273, 0.242424242424, 0.86160089, 1.00000000, 1.00000000, 1.00000000
0.727272727273, 0.252525252525, 0.87034869, 1.00000000, 1.00000000, 1.00000000
0.727272727273, 0.262626262626, 0.87962022, 1.00000000, 1.00000000, 1.00000000
0.727272727273, 0.272727272727, 0.88937849, 1.00000000, 1.00000000, 1.00000000
0.727272727273, 0.282828282828, 0.89958453, 1.00000000, 1.00000000, 1.00000000
0.727272727273, 0.292929292929, 0.91019754, 1.00000000, 1.00000000, 1.00000000
0.727272727273, 0.303030303030, 0.92117503, 1.00000000, 1.00000000, 1.00000000
0.727272727273, 0.313131313131, 0.93247301, 1.00000000, 1.00000000, 1.00000000
0.727272727273, 0.323232323232, 0.94404615, 1.00000000, 1.00000000, 1.00000000
0.727272727273, 0.333333333333, 0.95584798, 1.00000000, 1.00000000, 1.00000000
0.727272727273, 0.343434343434, 0.96783104, 1.00000000, 1.00000000, 1.00000000
0.727272727273, 0.353535353535, 0.97994713, 1.00000000, 1.00000000, 1.00000000
0.727272727273, 0.363636363636, 0.99214745, 1.00000000, 1.00000000, 1.00000000
0.727272727273, 0.373737373737, 1.00438281, 1.00000000, 1.00000000, 1.00000000
0.727272727273, 0.383838383838, 1.01660387, 1.00000000, 1.00000000, 1.00000000
0.727272727273, 0.393939393939, 1.02876129, 1.00000000, 1.00000000, 1.00000000
0.727272727273, 0.404040404040, 1.04080596, 1.00000000, 1.00000000, 1.00000000
0.727272727273, 0.414141414141, 1.05268919, 1.00000000, 1.00000000, 1.00000000
0.727272727273, 0.424242424242, 1.06436293, 1.00000000, 1.00000000, 1.00000000
0.727272727273, 0.434343434343, 1.07577994, 1.00000000, 1.00000000, 1.00000000
0.727272727273, 0.444444444444, 1.08689400, 1.00000000, 1.00000000, 1.00000000
0.727272727273, 0.454545454545, 1.09766010, 1.00000000, 1.00000000, 1.00000000
0.727272727273, 0.464646464646, 1.10803461, 1.00000000, 1.00000000, 1.00000000
0.727272727273, 0.474747474747, 1.11797549, 1.00000000, 1.00000000, 1.00000000
0.727272727273, 0.484848484848, 1.12744243, 1.00000000, 1.00000000, 1.00000000
0.727272727273, 0.494949494949, 1.13639705, 1.00000000, 1.00000000, 1.00000000
0.727272727273, 0.505050505051, 1.14480302, 1.00000000, 1.00000000, 1.00000000
0.727272727273, 0.515151515152, 1.15262623, 1.00000000, 1.00000000, 1.00000000
0.727272727273, 0.525252525253, 1.15983494, 1.00000000, 1.00000000, 1.00000000
0.727272727273, 0.535353535354, 1.16639987, 1.00000000, 1.00000000, 1.00000000
0.727272727273, 0.545454545455, 1.17229440, 1.00000000, 1.00000000, 1.00000000
0.727272727273, 0.555555555556, 1.17749457, 1.00000000, 1.00000000, 1.00000000
0.727272727273, 0.565656565657, 1.18197926, 1.00000000, 1.00000000, 1.00000000
0.727272727273, 0.575757575758, 1.18573025, 1.00000000, 1.00000000, 1.00000000
0.727272727273, 0.585858585859, 1.18873229, 1.00000000, 1.00000000, 1.00000000
0.727272727273, 0.595959595960, 1.19097315, 1.00000000, 1.00000000, 1.00000000
0.727272727273, 0.606060606061, 1.19244371, 1.00000000, 1.00000000, 1.00000000
0.727272727273, 0.616161616162, 1.19313792, 1.00000000, 1.00000000, 1.00000000
0.727272727273, 0.626262626263, 1.19305297, 1.00000000, 1.00000000, 1.00000000
0.727272727273, 0.636363636364, 1.19218927, 1.00000000, 1.00000000, 1.00000000
0.727272727273, 0.646464646465, 1.19055040, 1.00000000, 1.00000000, 1.00000000
0.727272727273, 0.656565656566, 1.18814309, 1.00000000, 1.00000000, 1.00000000
0.727272727273, 0.666666666667, 1.18497716, 1.00000000, 1.00000000, 1.00000000
0.727272727273, 0.676767676768, 1.18106550, 1.00000000, 1.00000000, 1.00000000
0.727272727273, 0.686868686869, 1.17642404, 1.00000000, 1.00000000, 1.00000000
0.727272727273, 0.696969696970, 1.17107165, 1.00000000, 1.00000000, 1.00000000
0.727272727273, 0.707070707071, 1.16503010, 1.00000000, 1.00000000, 1.00000000
0.727272727273, 0.717171717172, 1.15832392, 1.00000000, 1.00000000, 1.00000000
0.727272727273, 0.727272727273, 1.15098035, 1.00000000, 1.00000000, 1.00000000
0.727272727273, 0.737373737374, 1.14302923, 1.00000000, 1.00000000, 1.00000000
0.727272727273, 0.747474747475, 1.13450282, 1.00000000, 1.00000000, 1.00000000
0.727272727273, 0.757575757576, 1.12543572, 1.00000000, 1.00000000, 1.00000000
0.727272727273, 0.767676767677, 1.11586474, 1.00000000, 1.00000000, 1.00000000
0.727272727273, 0.777777777778, 1.10582867, 1.00000000, 1.00000000, 1.00000000
0.727272727273, 0.787878787879, 1.09536820, 1.00000000, 1.00000000, 1.00000000
0.727272727273, 0.797979797980, 1.08452573, 1.00000000, 1.00000000, 1.00000000
0.727272727273, 0.808080808081, 1.07334517, 1.00000000, 1.00000000, 1.00000000
0.727272727273, 0.818181818182, 1.06187179, 1.00000000, 1.00000000, 1.00000000
0.727272727273, 0.828282828283, 1.05015200, 1.00000000, 1.00000000, 1.00000000
0.727272727273, 0.838383838384, 1.03823321, 1.00000000, 1.00000000, 1.00000000
0.727272727273, 0.848484848485, 1.02616359, 1.00000000, 1.00000000, 1.00000000
0.727272727273, 0.858585858586, 1.01399189, 1.00000000, 1.00000000, 1.00000000
0.727272727273, 0.868686868687, 1.00176722, 1.00000000, 1.00000000, 1.00000000
0.727272727273, 0.878787878788, 0.98953890, 1.00000000, 1.00000000, 1.00000000
0.727272727273, 0.888888888889, 0.97735620, 1.00000000, 1.00000000, 1.00000000
0.727272727273, 0.898989898990, 0.96526817, 1.00000000, 1.00000000, 1.00000000
0.727272727273, 0.909090909091, 0.95332344, 1.00000000, 1.00000000, 1.00000000
0.727272727273, 0.919191919192, 0.94157006, 1.00000000, 1.00000000, 1.00000000
0.727272727273, 0.929292929293, 0.93005530, 1.00000000, 1.00000000, 1.00000000
0.727272727273, 0.939393939394, 0.91882565, 1.00000000, 1.00000000, 1.00000000
0.727272727273, 0.949494949495, 0.90792695, 1.00000000, 1.00000000, 1.00000000
0.727272727273, 0.959595959596, 0.89740490, 1.00000000, 1.00000000, 1.00000000
0.737373737374, -0.000000000000, 0.84462716, 1.00000000, 1.00000000, 1.00000000
0.737373737374, 0.010101010101, 0.83799218, 1.00000000, 1.00000000, 1.00000000
0.737373737374, 0.020202020202, 0.83206660, 1.00000000, 1.00000000, 1.00000000
0.737373737374, 0.030303030303, 0.82684619, 1.00000000, 1.00000000, 1.00000000
0.737373737374, 0.040404040404, 0.82230355, 1.00000000, 1.00000000, 1.00000000
0.737373737374, 0.050505050505, 0.81839803, 1.00000000, 1.00000000, 1.00000000
0.737373737374, 0.060606060606, 0.81509147, 1.00000000, 1.00000000, 1.00000000
0.737373737374, 0.070707070707, 0.81236308, 1.00000000, 1.00000000, 1.00000000
0.737373737374, 0.080808080808, 0.81021693, 1.00000000, 1.00000000, 1.00000000
0.737373737374, 0.090909090909, 0.80867949, 1.00000000, 1.00000000, 1.00000000
0.737373737374, 0.101010101010, 0.80778997, 1.00000000, 1.00000000, 1.00000000
0.737373737374, 0.111111111111, 0.80758878, 1.00000000, 1.00000000, 1.00000000
0.737373737374, 0.121212121212, 0.80810857, 1.00000000, 1.00000000, 1.00000000
0.737373737374, 0.131313131313, 0.80937041, 1.00000000, 1.00000000, 1.00000000
0.737373737374, 0.141414141414, 0.81138375, 1.00000000, 1.00000000, 1.00000000
0.737373737374, 0.151515151515, 0.81414852, 1.00000000, 1.00000000, 1.00000000
0.737373737374, 0.161616161616, 0.81765761, 1.00000000, 1.00000000, 1.00000000
0.737373737374, 0.171717171717, 0.82189875, 1.00000000, 1.00000000, 1.00000000
0.737373737374, 0.181818181818, 0.82685578, 1.00000000, 1.00000000, 1.00000000
0.737373737374, 0.191919191919, 0.83250928, 1.00000000, 1.00000000, 1.00000000
0.737373737374, 0.202020202020, 0.83883692, 1.00000000, 1.00000000, 1.00000000
0.737373737374, 0.212121212121, 0.84581361, 1.00000000, 1.00000000, 1.00000000
0.737373737374, 0.222222222222, 0.85341167, 1.00000000, 1.00000000, 1.00000000
0.737373737374, 0.232323232323, 0.86160089, 1.00000000, 1.00000000, 1.00000000
0.737373737374, 0.242424242424, 0.87034869, 1.00000000, 1.00000000, 1.00000000
0.737373737374, 0.252525252525, 0.87962022, 1.00000000, 1.00000000, 1.00000000
0.737373737374, 0.262626262626, 0.88937849, 1.00000000, 1.00000000, 1.00000000
0.737373737374, 0.272727272727, 0.89958453, 1.00000000, 1.00000000, 1.00000000
0.737373737374, 0.282828282828, 0.91019754, 1.00000000, 1.00000000, 1.00000000
0.737373737374, 0.292929292929, 0.92117503, 1.00000000, 1.00000000, 1.00000000
0.737373737374, 0.303030303030, 0.93247301, 1.00000000, 1.00000000, 1.00000000
0.737373737374, 0.313131313131, 0.94404615, 1.00000000, 1.00000000, 1.00000000
0.737373737374, 0.323232323232, 0.95584798, 1.00000000, 1.00000000, 1.00000000
0.737373737374, 0.333333333333, 0.96783104, 1.00000000, 1.00000000, 1.00000000
0.737373737374, 0.343434343434, 0.97994713, 1.00000000, 1.00000000, 1.00000000
0.737373737374, 0.353535353535, 0.99214745, 1.00000000, 1.00000000, 1.00000000
0.737373737374, 0.363636363636, 1.00438281, 1.00000000, 1.00000000, 1.00000000
0.737373737374, 0.373737373737, 1.01660387, 1.00000000, 1.00000000, 1.00000000
0.737373737374, 0.383838383838, 1.02876129, 1.00000000, 1.00000000, 1.00000000
0.737373737374, 0.393939393939, 1.04080596, 1.00000000, 1.00000000, 1.00000000
0.737373737374, 0.404040404040, 1.05268919, 1.00000000, 1.00000000, 1.00000000
0.737373737374, 0.414141414141, 1.06436293, 1.00000000, 1.00000000, 1.00000000
0.737373737374, 0.424242424242, 1.07577994, 1.00000000, 1.00000000, 1.00000000
0.737373737374, 0.434343434343, 1.08689400, 1.00000000, 1.00000000, 1.00000000
0.737373737374, 0.444444444444, 1.09766010, 1.00000000, 1.00000000, 1.00000000
0.737373737374, 0.454545454545, 1.10803461, 1.00000000, 1.00000000, 1.00000000
0.737373737374, 0.464646464646, 1.11797549, 1.00000000, 1.00000000, 1.00000000
0.737373737374, 0.474747474747, 1.12744243, 1.00000000, 1.00000000, 1.00000000
0.737373737374, 0.484848484848, 1.13639705, 1.00000000, 1.00000000, 1.00000000
0.737373737374, 0.494949494949, 1.14480302, 1.00000000, 1.00000000, 1.00000000
0.737373737374, 0.505050505051, 1.15262623, 1.00000000, 1.00000000, 1.00000000
0.737373737374, 0.515151515152, 1.15983494, 1.00000000, 1.00000000, 1.00000000
0.737373737374, 0.525252525253, 1.16639987, 1.00000000, 1.00000000, 1.00000000
0.737373737374, 0.535353535354, 1.17229440, 1.00000000, 1.00000000, 1.00000000
0.737373737374, 0.545454545455, 1.17749457, 1.00000000, 1.00000000, 1.00000000
0.737373737374, 0.555555555556, 1.18197926, 1.00000000, 1.00000000, 1.00000000
0.737373737374, 0.565656565657, 1.18573025, 1.00000000, 1.00000000, 1.00000000
0.737373737374, 0.575757575758, 1.18873229, 1.00000000, 1.00000000, 1.00000000
0.737373737374, 0.585858585859, 1.19097315, 1.00000000, 1.00000000, 1.00000000
0.737373737374, 0.595959595960, 1.19244371, 1.00000000, 1.00000000, 1.00000000
0.737373737374, 0.606060606061, 1.19313792, 1.00000000, 1.00000000, 1.00000000
0.737373737374, 0.616161616162, 1.19305297, 1.00000000, 1.00000000, 1.00000000
0.737373737374, 0.626262626263, 1.19218927, 1.00000000, 1.00000000, 1.00000000
0.737373737374, 0.636363636364, 1.19055040, 1.00000000, 1.00000000, 1.00000000
0.737373737374, 0.646464646465, 1.18814309, 1.00000000, 1.00000000, 1.00000000
0.737373737374, 0.656565656566, 1.18497716, 1.00000000, 1.00000000, 1.00000000
0.737373737374, 0.666666666667, 1.18106550, 1.00000000, 1.00000000, 1.00000000
0.737373737374, 0.676767676768, 1.17642404, 1.00000000, 1.00000000, 1.00000000
0.737373737374, 0.686868686869, 1.17107165, 1.00000000, 1.00000000, 1.00000000
0.737373737374, 0.696969696970, 1.16503010, 1.00000000, 1.00000000, 1.00000000
0.737373737374, 0.707070707071, 1.15832392, 1.00000000, 1.00000000, 1.00000000
0.737373737374, 0.717171717172, 1.15098035, 1.00000000, 1.00000000, 1.00000000
0.737373737374, 0.727272727273, 1.14302923, 1.00000000, 1.00000000, 1.00000000
0.737373737374, 0.737373737374, 1.13450282, 1.00000000, 1.00000000, 1.00000000
0.737373737374, 0.747474747475, 1.12543572, 1.00000000, 1.00000000, 1.00000000
0.737373737374, 0.757575757576, 1.11586474, 1.00000000, 1.00000000, 1.00000000
0.737373737374, 0.767676767677, 1.10582867, 1.00000000, 1.00000000, 1.00000000
0.737373737374, 0.777777777778, 1.09536820, 1.00000000, 1.00000000, 1.00000000
0.737373737374, 0.787878787879, 1.08452573, 1.00000000, 1.00000000, 1.00000000
0.737373737374, 0.797979797980, 1.07334517, 1.00000000, 1.00000000, 1.00000000
0.737373737374, 0.808080808081, 1.06187179, 1.00000000, 1.00000000, 1.00000000
0.737373737374, 0.818181818182, 1.05015200, 1.00000000, 1.00000000, 1.00000000
0.737373737374, 0.828282828283, 1.03823321, 1.00000000, 1.00000000, 1.00000000
0.737373737374, 0.838383838384, 1.02616359, 1.00000000, 1.00000000, 1.00000000
0.737373737374, 0.848484848485, 1.01399189, 1.00000000, 1.00000000, 1.00000000
0.737373737374, 0.858585858586, 1.00176722, 1.00000000, 1.00000000, 1.00000000
0.737373737374, 0.868686868687, 0.98953890, 1.00000000, 1.00000000, 1.00000000
0.737373737374, 0.878787878788, 0.97735620, 1.00000000, 1.00000000, 1.00000000
0.737373737374, 0.888888888889, 0.96526817, 1.00000000, 1.00000000, 1.00000000
0.737373737374, 0.898989898990, 0.95332343, 1.00000000, 1.00000000, 1.00000000
0.737373737374, 0.909090909091, 0.94157001, 1.00000000, 1.00000000, 1.00000000
0.737373737374, 0.919191919192, 0.93005511, 1.00000000, 1.00000000, 1.00000000
0.737373737374, 0.929292929293, 0.91882499, 1.00000000, 1.00000000, 1.00000000
0.737373737374, 0.939393939394, 0.90792493, 1.00000000, 1.00000000, 1.00000000
0.737373737374, 0.949494949495, 0.89739925, 1.00000000, 1.00000000, 1.00000000
0.737373737374, 0.959595959596, 0.88729180, 1.00000000, 1.00000000, 1.00000000
0.747474747475, -0.000000000000, 0.83771910, 1.00000000, 1.00000000, 1.00000000
0.747474747475, 0.010101010101, 0.83169156, 1.00000000, 1.00000000, 1.00000000
0.747474747475, 0.020202020202, 0.82638000, 1.00000000, 1.00000000, 1.00000000
0.747474747475, 0.030303030303, 0.82177883, 1.00000000, 1.00000000, 1.00000000
0.747474747475, 0.040404040404, 0.81786300, 1.00000000, 1.00000000, 1.00000000
0.747474747475, 0.050505050505, 0.81459708, 1.00000000, 1.00000000, 1.00000000
0.747474747475, 0.060606060606, 0.81194894, 1.00000000, 1.00000000, 1.00000000
0.747474747475, 0.070707070707, 0.80990239, 1.00000000, 1.00000000, 1.00000000
0.747474747475, 0.080808080808, 0.80846288, 1.00000000, 1.00000000, 1.00000000
0.747474747475, 0.090909090909, 0.80765474, 1.00000000, 1.00000000, 1.00000000
0.747474747475, 0.101010101010, 0.80751227, 1.00000000, 1.00000000, 1.00000000
0.747474747475, 0.111111111111, 0.80806937, 1.00000000, 1.00000000, 1.00000000
0.747474747475, 0.121212121212, 0.80935223, 1.00000000, 1.00000000, 1.00000000
0.747474747475, 0.131313131313, 0.81137613, 1.00000000, 1.00000000, 1.00000000
0.747474747475, 0.141414141414, 0.81414564, 1.00000000, 1.00000000, 1.00000000
0.747474747475, 0.151515151515, 0.81765663, 1.00000000, 1.00000000, 1.00000000
0.747474747475, 0.161616161616, 0.82189845, 1.00000000, 1.00000000, 1.00000000
0.747474747475, 0.171717171717, 0.82685570, 1.00000000, 1.00000000, 1.00000000
0.747474747475, 0.181818181818, 0.83250926, 1.00000000, 1.00000000, 1.00000000
0.747474747475, 0.191919191919, 0.83883692, 1.00000000, 1.00000000, 1.00000000
0.747474747475, 0.202020202020, 0.84581361, 1.00000000, 1.00000000, 1.00000000
0.747474747475, 0.212121212121, 0.85341167, 1.00000000, 1.00000000, 1.00000000
0.747474747475, 0.222222222222, 0.86160089, 1.00000000, 1.00000000, 1.00000000
0.747474747475, 0.232323232323, 0.87034869, 1.00000000, 1.00000000, 1.00000000
0.747474747475, 0.242424242424, 0.87962022, 1.00000000, 1.00000000, 1.00000000
0.747474747475, 0.252525252525, 0.88937849, 1.00000000, 1.00000000, 1.00000000
0.747474747475, 0.262626262626, 0.89958453, 1.00000000, 1.00000000, 1.00000000
0.747474747475, 0.272727272727, 0.91019754, 1.00000000, 1.00000000, 1.00000000
0.747474747475, 0.282828282828, 0.92117503, 1.00000000, 1.00000000, 1.00000000
0.747474747475, 0.292929292929, 0.93247301, 1.00000000, 1.00000000, 1.00000000
0.747474747475, 0.303030303030, 0.94404615, 1.00000000, 1.00000000, 1.00000000
0.747474747475, 0.313131313131, 0.95584798, 1.00000000, 1.00000000, 1.00000000
0.747474747475, 0.323232323232, 0.96783104, 1.00000000, 1.00000000, 1.00000000
0.747474747475, 0.333333333333, 0.97994713, 1.00000000, 1.00000000, 1.00000000
0.747474747475, 0.343434343434, 0.99214745, 1.00000000, 1.00000000, 1.00000000
0.747474747475, 0.353535353535, 1.00438281, 1.00000000, 1.00000000, 1.00000000
0.747474747475, 0.363636363636, 1.01660387, 1.00000000, 1.00000000, 1.00000000
0.747474747475, 0.373737373737, 1.02876129, 1.00000000, 1.00000000, 1.00000000
0.747474747475, 0.383838383838, 1.04080596, 1.00000000, 1.00000000, 1.00000000
0.747474747475, 0.393939393939, 1.05268919, 1.00000000, 1.00000000, 1.00000000
0.747474747475, 0.404040404040, 1.06436293, 1.00000000, 1.00000000, 1.00000000
0.747474747475, 0.414141414141, 1.07577994, 1.00000000, 1.00000000, 1.00000000
0.747474747475, 0.424242424242, 1.08689400, 1.00000000, 1.00000000, 1.00000000
0.747474747475, 0.434343434343, 1.09766010, 1.00000000, 1.00000000, 1.00000000
0.747474747475, 0.444444444444, 1.10803461, 1.00000000, 1.00000000, 1.00000000
0.747474747475, 0.454545454545, 1.11797549, 1.00000000, 1.00000000, 1.00000000
0.747474747475, 0.464646464646, 1.12744243, 1.00000000, 1.00000000, 1.00000000
0.747474747475, 0.474747474747, 1.13639705, 1.00000000, 1.00000000, 1.00000000
0.747474747475, 0.484848484848, 1.14480302, 1.00000000, 1.00000000, 1.00000000
0.747474747475, 0.494949494949, 1.15262623, 1.00000000, 1.00000000, 1.00000000
0.747474747475, 0.505050505051, 1.15983494, 1.00000000, 1.00000000, 1.00000000
0.747474747475, 0.515151515152, 1.16639987, 1.00000000, 1.00000000, 1.00000000
0.747474747475, 0.525252525253, 1.17229440, 1.00000000, 1.00000000, 1.00000000
0.747474747475, 0.535353535354, 1.17749457, 1.00000000, 1.00000000, 1.00000000
0.747474747475, 0.545454545455, 1.18197926, 1.00000000, 1.00000000, 1.00000000
0.747474747475, 0.555555555556, 1.18573025, 1.00000000, 1.00000000, 1.00000000
0.747474747475, 0.565656565657, 1.18873229, 1.00000000, 1.00000000, 1.00000000
0.747474747475, 0.575757575758, 1.19097315, 1.00000000, 1.00000000, 1.00000000
0.747474747475, 0.585858585859, 1.19244371, 1.00000000, 1.00000000, 1.00000000
0.747474747475, 0.595959595960, 1.19313792, 1.00000000, 1.00000000, 1.00000000
0.747474747475, 0.606060606061, 1.19305297, 1.00000000, 1.00000000, 1.00000000
0.747474747475, 0.616161616162, 1.19218927, 1.00000000, 1.00000000, 1.00000000
0.747474747475, 0.626262626263, 1.19055040, 1.00000000, 1.00000000, 1.00000000
0.747474747475, 0.636363636364, 1.18814309, 1.00000000, 1.00000000, 1.00000000
0.747474747475, 0.646464646465, 1.18497716, 1.00000000, 1.00000000, 1.00000000
0.747474747475, 0.656565656566, 1.18106550, 1.00000000, 1.00000000, 1.00000000
0.747474747475, 0.666666666667, 1.17642404, 1.00000000, 1.00000000, 1.00000000
0.747474747475, 0.676767676768, 1.17107165, 1.00000000, 1.00000000, 1.00000000
0.747474747475, 0.686868686869, 1.16503010, 1.00000000, 1.00000000, 1.00000000
0.747474747475, 0.696969696970, 1.15832392, 1.00000000, 1.00000000, 1.00000000
0.747474747475, 0.707070707071, 1.15098035, 1.00000000, 1.00000000, 1.00000000
0.747474747475, 0.717171717172, 1.14302923, 1.00000000, 1.00000000, 1.00000000
0.747474747475, 0.727272727273, 1.13450282, 1.00000000, 1.00000000, 1.00000000
0.747474747475, 0.737373737374, 1.12543572, 1.00000000, 1.00000000, 1.00000000
0.747474747475, 0.747474747475, 1.11586474, 1.00000000, 1.00000000, 1.00000000
0.747474747475, 0.757575757576, 1.10582867, 1.00000000, 1.00000000, 1.00000000
0.747474747475, 0.767676767677, 1.09536820, 1.00000000, 1.00000000, 1.00000000
0.747474747475, 0.777777777778, 1.08452573, 1.00000000, 1.00000000, 1.00000000
0.747474747475, 0.787878787879, 1.07334517, 1.00000000, 1.00000000, 1.00000000
0.747474747475, 0.797979797980, 1.06187179, 1.00000000, 1.00000000, 1.00000000
0.747474747475, 0.808080808081, 1.05015200, 1.00000000, 1.00000000, 1.00000000
0.747474747475, 0.818181818182, 1.03823321, 1.00000000, 1.00000000, 1.00000000
0.747474747475, 0.828282828283, 1.02616359, 1.00000000, 1.00000000, 1.00000000
0.747474747475, 0.838383838384, 1.01399189, 1.00000000, 1.00000000, 1.00000000
0.747474747475, 0.848484848485, 1.00176722, 1.00000000, 1.00000000, 1.00000000
0.747474747475, 0.858585858586, 0.98953890, 1.00000000, 1.00000000, 1.00000000
0.747474747475, 0.868686868687, 0.97735620, 1.00000000, 1.00000000, 1.00000000
0.747474747475, 0.878787878788, 0.96526816, 1.00000000, 1.00000000, 1.00000000
0.747474747475, 0.888888888889, 0.95332343, 1.00000000, 1.00000000, 1.00000000
0.747474747475, 0.898989898990, 0.94157000, 1.00000000, 1.00000000, 1.00000000
0.747474747475, 0.909090909091, 0.93005506, 1.00000000, 1.00000000, 1.00000000
0.747474747475, 0.919191919192, 0.91882483, 1.00000000, 1.00000000, 1.00000000
0.747474747475, 0.929292929293, 0.90792436, 1.00000000, 1.00000000, 1.00000000
0.747474747475, 0.939393939394, 0.89739750, 1.00000000, 1.00000000, 1.00000000
0.747474747475, 0.949494949495, 0.88728691, 1.00000000, 1.00000000, 1.00000000
0.747474747475, 0.959595959596, 0.87763441, 1.00000000, 1.00000000, 1.00000000
0.757575757576, -0.000000000000, 0.83146372, 1.00000000, 1.00000000, 1.00000000
0.757575757576, 0.010101010101, 0.82606756, 1.00000000, 1.00000000, 1.00000000
0.757575757576, 0.020202020202, 0.82139116, 1.00000000, 1.00000000, 1.00000000
0.757575757576, 0.030303030303, 0.81742763, 1.00000000, 1.00000000, 1.00000000
0.757575757576, 0.040404040404, 0.81415435, 1.00000000, 1.00000000, 1.00000000
0.757575757576, 0.050505050505, 0.81154116, 1.00000000, 1.00000000, 1.00000000
0.757575757576, 0.060606060606, 0.80956210, 1.00000000, 1.00000000, 1.00000000
0.757575757576, 0.070707070707, 0.80820559, 1.00000000, 1.00000000, 1.00000000
0.757575757576, 0.080808080808, 0.80747848, 1.00000000, 1.00000000, 1.00000000
0.757575757576, 0.090909090909, 0.80740290, 1.00000000, 1.00000000, 1.00000000
0.757575757576, 0.101010101010, 0.80800792, 1.00000000, 1.00000000, 1.00000000
0.757575757576, 0.111111111111, 0.80932100, 1.00000000, 1.00000000, 1.00000000
0.757575757576, 0.121212121212, 0.81136178, 1.00000000, 1.00000000, 1.00000000
0.757575757576, 0.131313131313, 0.81413970, 1.00000000, 1.00000000, 1.00000000
0.757575757576, 0.141414141414, 0.81765441, 1.00000000, 1.00000000, 1.00000000
0.757575757576, 0.151515151515, 0.82189770, 1.00000000, 1.00000000, 1.00000000
0.757575757576, 0.161616161616, 0.82685547, 1.00000000, 1.00000000, 1.00000000
0.757575757576, 0.171717171717, 0.83250920, 1.00000000, 1.00000000, 1.00000000
0.757575757576, 0.181818181818, 0.83883690, 1.00000000, 1.00000000, 1.00000000
0.757575757576, 0.191919191919, 0.84581361, 1.00000000, 1.00000000, 1.00000000
0.757575757576, 0.202020202020, 0.85341167, 1.00000000, 1.00000000, 1.00000000
0.757575757576, 0.212121212121, 0.86160089, 1.00000000, 1.00000000, 1.00000000
0.757575757576, 0.222222222222, 0.87034869, 1.00000000, 1.00000000, 1.00000000
0.757575757576, 0.232323232323, 0.87962022, 1.00000000, 1.00000000, 1.00000000
0.757575757576, 0.242424242424, 0.88937849, 1.00000000, 1.00000000, 1.00000000
0.757575757576, 0.252525252525, 0.89958453, 1.00000000, 1.00000000, 1.00000000
0.757575757576, 0.262626262626, 0.91019754, 1.00000000, 1.00000000, 1.00000000
0.757575757576, 0.272727272727, 0.92117503, 1.00000000, 1.00000000, 1.00000000
0.757575757576, 0.282828282828, 0.93247301, 1.00000000, 1.00000000, 1.00000000
0.757575757576, 0.292929292929, 0.94404615, 1.00000000, 1.00000000, 1.00000000
0.757575757576, 0.303030303030, 0.95584798, 1.00000000, 1.00000000, 1.00000000
0.757575757576, 0.313131313131, 0.96783104, 1.00000000, 1.00000000, 1.00000000
0.757575757576, 0.323232323232, 0.97994713, 1.00000000, 1.00000000, 1.00000000
0.757575757576, 0.333333333333, 0.99214745, 1.00000000, 1.00000000, 1.00000000
0.757575757576, 0.343434343434, 1.00438281, 1.00000000, 1.00000000, 1.00000000
0.757575757576, 0.353535353535, 1.01660387, 1.00000000, 1.00000000, 1.00000000
0.757575757576, 0.363636363636, 1.02876129, 1.00000000, 1.00000000, 1.00000000
0.757575757576, 0.373737373737, 1.04080596, 1.00000000, 1.00000000, 1.00000000
0.757575757576, 0.383838383838, 1.05268919, 1.00000000, 1.00000000, 1.00000000
0.757575757576, 0.393939393939, 1.06436293, 1.00000000, 1.00000000, 1.00000000
0.757575757576, 0.404040404040, 1.07577994, 1.00000000, 1.00000000, 1.00000000
0.757575757576, 0.414141414141, 1.08689400, 1.00000000, 1.00000000, 1.00000000
0.757575757576, 0.424242424242, 1.09766010, 1.00000000, 1.00000000, 1.00000000
0.757575757576, 0.434343434343, 1.10803461, 1.00000000, 1.00000000, 1.00000000
0.757575757576, 0.444444444444, 1.11797549, 1.00000000, 1.00000000, 1.00000000
0.757575757576, 0.454545454545, 1.12744243, 1.00000000, 1.00000000, 1.00000000
0.757575757576, 0.464646464646, 1.13639705, 1.00000000, 1.00000000, 1.00000000
0.757575757576, 0.474747474747, 1.14480302, 1.00000000, 1.00000000, 1.00000000
0.757575757576, 0.484848484848, 1.15262623, 1.00000000, 1.00000000, 1.00000000
0.757575757576, 0.494949494949, 1.15983494, 1.00000000, 1.00000000, 1.00000000
0.757575757576, 0.505050505051, 1.16639987, 1.00000000, 1.00000000, 1.00000000
0.757575757576, 0.515151515152, 1.17229440, 1.00000000, 1.00000000, 1.00000000
0.757575757576, 0.525252525253, 1.17749457, 1.00000000, 1.00000000, 1.00000000
0.757575757576, 0.535353535354, 1.18197926, 1.00000000, 1.00000000, 1.00000000
0.757575757576, 0.545454545455, 1.18573025, 1.00000000, 1.00000000, 1.00000000
0.757575757576, 0.555555555556, 1.18873229, 1.00000000, 1.00000000, 1.00000000
0.757575757576, 0.565656565657, 1.19097315, 1.00000000, 1.00000000, 1.00000000
0.757575757576, 0.575757575758, 1.19244371, 1.00000000, 1.00000000, 1.00000000
0.757575757576, 0.585858585859, 1.19313792, 1.00000000, 1.00000000, 1.00000000
0.757575757576, 0.595959595960, 1.19305297, 1.00000000, 1.00000000, 1.00000000
0.757575757576, 0.606060606061, 1.19218927, 1.00000000, 1.00000000, 1.00000000
0.757575757576, 0.616161616162, 1.19055040, 1.00000000, 1.00000000, 1.00000000
0.757575757576, 0.626262626263, 1.18814309, 1.00000000, 1.00000000, 1.00000000
0.757575757576, 0.636363636364, 1.18497716, 1.00000000, 1.00000000, 1.00000000
0.757575757576, 0.646464646465, 1.18106550, 1.00000000, 1.00000000, 1.00000000
0.757575757576, 0.656565656566, 1.17642404, 1.00000000, 1.00000000, 1.00000000
0.757575757576, 0.666666666667, 1.17107165, 1.00000000, 1.00000000, 1.00000000
0.757575757576, 0.676767676768, 1.16503010, 1.00000000, 1.00000000, 1.00000000
0.757575757576, 0.686868686869, 1.15832392, 1.00000000, 1.00000000, 1.00000000
0.757575757576, 0.696969696970, 1.15098035, 1.00000000, 1.00000000, 1.00000000
0.757575757576, 0.707070707071, 1.14302923, 1.00000000, 1.00000000, 1.00000000
0.757575757576, 0.717171717172, 1.13450282, 1.00000000, 1.00000000, 1.00000000
0.757575757576, 0.727272727273, 1.12543572, 1.00000000, 1.00000000, 1.00000000
0.757575757576, 0.737373737374, 1.11586474, 1.00000000, 1.00000000, 1.00000000
0.757575757576, 0.747474747475, 1.10582867, 1.00000000, 1.00000000, 1.00000000
0.757575757576, 0.757575757576, 1.09536820, 1.00000000, 1.00000000, 1.00000000
0.757575757576, 0.767676767677, 1.08452573, 1.00000000, 1.00000000, 1.00000000
0.757575757576, 0.777777777778, 1.07334517, 1.00000000, 1.00000000, 1.00000000
0.757575757576, 0.787878787879, 1.06187179, 1.00000000, 1.00000000, 1.00000000
0.757575757576, 0.797979797980, 1.05015200, 1.00000000, 1.00000000, 1.00000000
0.757575757576, 0.808080808081, 1.03823321, 1.00000000, 1.00000000, 1.00000000
0.757575757576, 0.818181818182, 1.02616359, 1.00000000, 1.00000000, 1.00000000
0.757575757576, 0.828282828283, 1.01399189, 1.00000000, 1.00000000, 1.00000000
0.757575757576, 0.838383838384, 1.00176722, 1.00000000, 1.00000000, 1.00000000
0.757575757576, 0.848484848485, 0.98953890, 1.00000000, 1.00000000, 1.00000000
0.757575757576, 0.858585858586, 0.97735620, 1.00000000, 1.00000000, 1.00000000
0.757575757576, 0.868686868687, 0.96526816, 1.00000000, 1.00000000, 1.00000000
0.757575757576, 0.878787878788, 0.95332343, 1.00000000, 1.00000000, 1.00000000
0.757575757576, 0.888888888889, 0.94157000, 1.00000000, 1.00000000, 1.00000000
0.757575757576, 0.898989898990, 0.93005505, 1.00000000, 1.00000000, 1.00000000
0.757575757576, 0.909090909091, 0.91882479, 1.00000000, 1.00000000, 1.00000000
0.757575757576, 0.919191919192, 0.90792422, 1.00000000, 1.00000000, 1.00000000
0.757575757576, 0.929292929293, 0.89739702, 1.00000000, 1.00000000, 1.00000000
0.757575757576, 0.939393939394, 0.88728544, 1.00000000, 1.00000000, 1.00000000
0.757575757576, 0.949494949495, 0.87763031, 1.00000000, 1.00000000, 1.00000000
0.757575757576, 0.959595959596, 0.86847125, 1.00000000, 1.00000000, 1.00000000
0.767676767677, -0.000000000000, 0.82588593, 1.00000000, 1.00000000, 1.00000000
0.767676767677, 0.010101010101, 0.82114254, 1.00000000, 1.00000000, 1.00000000
0.767676767677, 0.020202020202, 0.81711993, 1.00000000, 1.00000000, 1.00000000
0.767676767677, 0.030303030303, 0.81380991, 1.00000000, 1.00000000, 1.00000000
0.767676767677, 0.040404040404, 0.81119233, 1.00000000, 1.00000000, 1.00000000
0.767676767677, 0.050505050505, 0.80924241, 1.00000000, 1.00000000, 1.00000000
0.767676767677, 0.060606060606, 0.80794042, 1.00000000, 1.00000000, 1.00000000
0.767676767677, 0.070707070707, 0.80727943, 1.00000000, 1.00000000, 1.00000000
0.767676767677, 0.080808080808, 0.80726769, 1.00000000, 1.00000000, 1.00000000
0.767676767677, 0.090909090909, 0.80792484, 1.00000000, 1.00000000, 1.00000000
0.767676767677, 0.101010101010, 0.80927486, 1.00000000, 1.00000000, 1.00000000
0.767676767677, 0.111111111111, 0.81133864, 1.00000000, 1.00000000, 1.00000000
0.767676767677, 0.121212121212, 0.81412923, 1.00000000, 1.00000000, 1.00000000
0.767676767677, 0.131313131313, 0.81765015, 1.00000000, 1.00000000, 1.00000000
0.767676767677, 0.141414141414, 0.82189615, 1.00000000, 1.00000000, 1.00000000
0.767676767677, 0.151515151515, 0.82685496, 1.00000000, 1.00000000, 1.00000000
0.767676767677, 0.161616161616, 0.83250905, 1.00000000, 1.00000000, 1.00000000
0.767676767677, 0.171717171717, 0.83883686, 1.00000000, 1.00000000, 1.00000000
0.767676767677, 0.181818181818, 0.84581360, 1.00000000, 1.00000000, 1.00000000
0.767676767677, 0.191919191919, 0.85341167, 1.00000000, 1.00000000, 1.00000000
0.767676767677, 0.202020202020, 0.86160089, 1.00000000, 1.00000000, 1.00000000
0.767676767677, 0.212121212121, 0.87034869, 1.00000000, 1.00000000, 1.00000000
0.767676767677, 0.222222222222, 0.87962022, 1.00000000, 1.00000000, 1.00000000
0.767676767677, 0.232323232323, 0.88937849, 1.00000000, 1.00000000, 1.00000000
0.767676767677, 0.242424242424, 0.89958453, 1.00000000, 1.00000000, 1.00000000
0.767676767677, 0.252525252525, 0.91019754, 1.00000000, 1.00000000, 1.00000000
0.767676767677, 0.262626262626, 0.92117503, 1.00000000, 1.00000000, 1.00000000
0.767676767677, 0.272727272727, 0.93247301, 1.00000000, 1.00000000, 1.00000000
0.767676767677, 0.282828282828, 0.94404615, 1.00000000, 1.00000000, 1.00000000
0.767676767677, 0.292929292929, 0.95584798, 1.00000000, 1.00000000, 1.00000000
0.767676767677, 0.303030303030, 0.96783104, 1.00000000, 1.00000000, 1.00000000
0.767676767677, 0.313131313131, 0.97994713, 1.00000000, 1.00000000, 1.00000000
0.767676767677, 0.323232323232, 0.99214745, 1.00000000, 1.00000000, 1.00000000
0.767676767677, 0.333333333333, 1.00438281, 1.00000000, 1.00000000, 1.00000000
0.767676767677, 0.343434343434, 1.01660387, 1.00000000, 1.00000000, 1.00000000
0.767676767677, 0.353535353535, 1.02876129, 1.00000000, 1.00000000, 1.00000000
0.767676767677, 0.363636363636, 1.04080596, 1.00000000, 1.00000000, 1.00000000
0.767676767677, 0.373737373737, 1.05268919, 1.00000000, 1.00000000, 1.00000000
0.767676767677, 0.383838383838, 1.06436293, 1.00000000, 1.00000000, 1.00000000
0.767676767677, 0.393939393939, 1.07577994, 1.00000000, 1.00000000, 1.00000000
0.767676767677, 0.404040404040, 1.08689400, 1.00000000, 1.00000000, 1.00000000
0.767676767677, 0.414141414141, 1.09766010, 1.00000000, 1.00000000, 1.00000000
0.767676767677, 0.424242424242, 1.10803461, 1.00000000, 1.00000000, 1.00000000
0.767676767677, 0.434343434343, 1.11797549, 1.00000000, 1.00000000, 1.00000000
0.767676767677, 0.444444444444, 1.12744243, 1.00000000, 1.00000000, 1.00000000
0.767676767677, 0.454545454545, 1.13639705, 1.00000000, 1.00000000, 1.00000000
0.767676767677, 0.464646464646, 1.14480302, 1.00000000, 1.00000000, 1.00000000
0.767676767677, 0.474747474747, 1.15262623, 1.00000000, 1.00000000, 1.00000000
0.767676767677, 0.484848484848, 1.15983494, 1.00000000, 1.00000000, 1.00000000
0.767676767677, 0.494949494949, 1.16639987, 1.00000000, 1.00000000, 1.00000000
0.767676767677, 0.505050505051, 1.17229440, 1.00000000, 1.00000000, 1.00000000
0.767676767677, 0.515151515152, 1.17749457, 1.00000000, 1.00000000, 1.00000000
0.767676767677, 0.525252525253, 1.18197926, 1.00000000, 1.00000000, 1.00000000
0.767676767677, 0.535353535354, 1.18573025, 1.00000000, 1.00000000, 1.00000000
0.767676767677, 0.545454545455, 1.18873229, 1.00000000, 1.00000000, 1.00000000
0.767676767677, 0.555555555556, 1.19097315, 1.00000000, 1.00000000, 1.00000000
0.767676767677, 0.565656565657, 1.19244371, 1.00000000, 1.00000000, 1.00000000
0.767676767677, 0.575757575758, 1.19313792, 1.00000000, 1.00000000, 1.00000000
0.767676767677, 0.585858585859, 1.19305297, 1.00000000, 1.00000000, 1.00000000
0.767676767677, 0.595959595960, 1.19218927, 1.00000000, 1.00000000, 1.00000000
0.767676767677, 0.606060606061, 1.19055040, 1.00000000, 1.00000000, 1.00000000
0.767676767677, 0.616161616162, 1.18814309, 1.00000000, 1.00000000, 1.00000000
0.767676767677, 0.626262626263, 1.18497716, 1.00000000, 1.00000000, 1.00000000
0.767676767677, 0.636363636364, 1.18106550, 1.00000000, 1.00000000, 1.00000000
0.767676767677, 0.646464646465, 1.17642404, 1.00000000, 1.00000000, 1.00000000
0.767676767677, 0.656565656566, 1.17107165, 1.00000000, 1.00000000, 1.00000000
0.767676767677, 0.666666666667, 1.16503010, 1.00000000, 1.00000000, 1.00000000
0.767676767677, 0.676767676768, 1.15832392, 1.00000000, 1.00000000, 1.00000000
0.767676767677, 0.686868686869, 1.15098035, 1.00000000, 1.00000000, 1.00000000
0.767676767677, 0.696969696970, 1.14302923, 1.00000000, 1.00000000, 1.00000000
0.767676767677, 0.707070707071, 1.13450282, 1.00000000, 1.00000000, 1.00000000
0.767676767677, 0.717171717172, 1.12543572, 1.00000000, 1.00000000, 1.00000000
0.767676767677, 0.727272727273, 1.11586474, 1.00000000, 1.00000000, 1.00000000
0.767676767677, 0.737373737374, 1.10582867, 1.00000000, 1.00000000, 1.00000000
0.767676767677, 0.747474747475, 1.09536820, 1.00000000, 1.00000000, 1.00000000
0.767676767677, 0.757575757576, 1.08452573, 1.00000000, 1.00000000, 1.00000000
0.767676767677, 0.767676767677, 1.07334517, 1.00000000, 1.00000000, 1.00000000
0.767676767677, 0.777777777778, 1.06187179, 1.00000000, 1.00000000, 1.00000000
0.767676767677, 0.787878787879, 1.05015200, 1.00000000, 1.00000000, 1.00000000
0.767676767677, 0.797979797980, 1.03823321, 1.00000000, 1.00000000, 1.00000000
0.767676767677, 0.808080808081, 1.02616359, 1.00000000, 1.00000000, 1.00000000
0.767676767677, 0.818181818182, 1.01399189, 1.00000000, 1.00000000, 1.00000000
0.767676767677, 0.828282828283, 1.00176722, 1.00000000, 1.00000000, 1.00000000
0.767676767677, 0.838383838384, 0.98953890, 1.00000000, 1.00000000, 1.00000000
0.767676767677, 0.848484848485, 0.97735620, 1.00000000, 1.00000000, 1.00000000
0.767676767677, 0.858585858586, 0.96526816, 1.00000000, 1.00000000, 1.00000000
0.767676767677, 0.868686868687, 0.95332343, 1.00000000, 1.00000000, 1.00000000
0.767676767677, 0.878787878788, 0.94157000, 1.00000000, 1.00000000, 1.00000000
0.767676767677, 0.888888888889, 0.93005505, 1.00000000, 1.00000000, 1.00000000
0.767676767677, 0.898989898990, 0.91882479, 1.00000000, 1.00000000, 1.00000000
0.767676767677, 0.909090909091, 0.90792419, 1.00000000, 1.00000000, 1.00000000
0.767676767677, 0.919191919192, 0.89739691, 1.00000000, 1.00000000, 1.00000000
0.767676767677, 0.929292929293, 0.88728507, 1.00000000, 1.00000000, 1.00000000
0.767676767677, 0.939393939394, 0.87762915, 1.00000000, 1.00000000, 1.00000000
0.767676767677, 0.949494949495, 0.86846799, 1.00000000, 1.00000000, 1.00000000
0.767676767677, 0.959595959596, 0.85983884, 1.00000000, 1.00000000, 1.00000000
0.777777777778, -0.000000000000, 0.82100791, 1.00000000, 1.00000000, 1.00000000
0.777777777778, 0.010101010101, 0.81693612, 1.00000000, 1.00000000, 1.00000000
0.777777777778, 0.020202020202, 0.81358333, 1.00000000, 1.00000000, 1.00000000
0.777777777778, 0.030303030303, 0.81094009, 1.00000000, 1.00000000, 1.00000000
0.777777777778, 0.040404040404, 0.80898876, 1.00000000, 1.00000000, 1.00000000
0.777777777778, 0.050505050505, 0.80771002, 1.00000000, 1.00000000, 1.00000000
0.777777777778, 0.060606060606, 0.80709040, 1.00000000, 1.00000000, 1.00000000
0.777777777778, 0.070707070707, 0.80712764, 1.00000000, 1.00000000, 1.00000000
0.777777777778, 0.080808080808, 0.80783121, 1.00000000, 1.00000000, 1.00000000
0.777777777778, 0.090909090909, 0.80921841, 1.00000000, 1.00000000, 1.00000000
0.777777777778, 0.101010101010, 0.81130800, 1.00000000, 1.00000000, 1.00000000
0.777777777778, 0.111111111111, 0.81411428, 1.00000000, 1.00000000, 1.00000000
0.777777777778, 0.121212121212, 0.81764361, 1.00000000, 1.00000000, 1.00000000
0.777777777778, 0.131313131313, 0.82189359, 1.00000000, 1.00000000, 1.00000000
0.777777777778, 0.141414141414, 0.82685407, 1.00000000, 1.00000000, 1.00000000
0.777777777778, 0.151515151515, 0.83250878, 1.00000000, 1.00000000, 1.00000000
0.777777777778, 0.161616161616, 0.83883679, 1.00000000, 1.00000000, 1.00000000
0.777777777778, 0.171717171717, 0.84581358, 1.00000000, 1.00000000, 1.00000000
0.777777777778, 0.181818181818, 0.85341167, 1.00000000, 1.00000000, 1.00000000
0.777777777778, 0.191919191919, 0.86160089, 1.00000000, 1.00000000, 1.00000000
0.777777777778, 0.202020202020, 0.87034869, 1.00000000, 1.00000000, 1.00000000
0.777777777778, 0.212121212121, 0.87962022, 1.00000000, 1.00000000, 1.00000000
0.777777777778, 0.222222222222, 0.88937849, 1.00000000, 1.00000000, 1.00000000
0.777777777778, 0.232323232323, 0.89958453, 1.00000000, 1.00000000, 1.00000000
0.777777777778, 0.242424242424, 0.91019754, 1.00000000, 1.00000000, 1.00000000
0.777777777778, 0.252525252525, 0.92117503, 1.00000000, 1.00000000, 1.00000000
0.777777777778, 0.262626262626, 0.93247301, 1.00000000, 1.00000000, 1.00000000
0.777777777778, 0.272727272727, 0.94404615, 1.00000000, 1.00000000, 1.00000000
0.777777777778, 0.282828282828, 0.95584798, 1.00000000, 1.00000000, 1.00000000
0.777777777778, 0.292929292929, 0.96783104, 1.00000000, 1.00000000, 1.00000000
0.777777777778, 0.303030303030, 0.97994713, 1.00000000, 1.00000000, 1.00000000
0.777777777778, 0.313131313131, 0.99214745, 1.00000000, 1.00000000, 1.00000000
0.777777777778, 0.323232323232, 1.00438281, 1.00000000, 1.00000000, 1.00000000
0.777777777778, 0.333333333333, 1.01660387, 1.00000000, 1.00000000, 1.00000000
0.777777777778, 0.343434343434, 1.02876129, 1.00000000, 1.00000000, 1.00000000
0.777777777778, 0.353535353535, 1.04080596, 1.00000000, 1.00000000, 1.00000000
0.777777777778, 0.363636363636, 1.05268919, 1.00000000, 1.00000000, 1.00000000
0.777777777778, 0.373737373737, 1.06436293, 1.00000000, 1.00000000, 1.00000000
0.777777777778, 0.383838383838, 1.07577994, 1.00000000, 1.00000000, 1.00000000
0.777777777778, 0.393939393939, 1.08689400, 1.00000000, 1.00000000, 1.00000000
0.777777777778, 0.404040404040, 1.09766010, 1.00000000, 1.00000000, 1.00000000
0.777777777778, 0.414141414141, 1.10803461, 1.00000000, 1.00000000, 1.00000000
0.777777777778, 0.424242424242, 1.11797549, 1.00000000, 1.00000000, 1.00000000
0.777777777778, 0.434343434343, 1.12744243, 1.00000000, 1.00000000, 1.00000000
0.777777777778, 0.444444444444, 1.13639705, 1.00000000, 1.00000000, 1.00000000
0.777777777778, 0.454545454545, 1.14480302, 1.00000000, 1.00000000, 1.00000000
0.777777777778, 0.464646464646, 1.15262623, 1.00000000, 1.00000000, 1.00000000
0.777777777778, 0.474747474747, 1.15983494, 1.00000000, 1.00000000, 1.00000000
0.777777777778, 0.484848484848, 1.16639987, 1.00000000, 1.00000000, 1.00000000
0.777777777778, 0.494949494949, 1.17229440, 1.00000000, 1.00000000, 1.00000000
0.777777777778, 0.505050505051, 1.17749457, 1.00000000, 1.00000000, 1.00000000
0.777777777778, 0.515151515152, 1.18197926, 1.00000000, 1.00000000, 1.00000000
0.777777777778, 0.525252525253, 1.18573025, 1.00000000, 1.00000000, 1.00000000
0.777777777778, 0.535353535354, 1.18873229, 1.00000000, 1.00000000, 1.00000000
0.777777777778, 0.545454545455, 1.19097315, 1.00000000, 1.00000000, 1.00000000
0.777777777778, 0.555555555556, 1.19244371, 1.00000000, 1.00000000, 1.00000000
0.777777777778, 0.565656565657, 1.19313792, 1.00000000, 1.00000000, 1.00000000
0.777777777778, 0.575757575758, 1.19305297, 1.00000000, 1.00000000, 1.00000000
0.777777777778, 0.585858585859, 1.19218927, 1.00000000, 1.00000000, 1.00000000
0.777777777778, 0.595959595960, 1.19055040, 1.00000000, 1.00000000, 1.00000000
0.777777777778, 0.606060606061, 1.18814309, 1.00000000, 1.00000000, 1.00000000
0.777777777778, 0.616161616162, 1.18497716, 1.00000000, 1.00000000, 1.00000000
0.777777777778, 0.626262626263, 1.18106550, 1.00000000, 1.00000000, 1.00000000
0.777777777778, 0.636363636364, 1.17642404, 1.00000000, 1.00000000, 1.00000000
0.777777777778, 0.646464646465, 1.17107165, 1.00000000, 1.00000000, 1.00000000
0.777777777778, 0.656565656566, 1.16503010, 1.00000000, 1.00000000, 1.00000000
0.777777777778, 0.666666666667, 1.15832392, 1.00000000, 1.00000000, 1.00000000
0.777777777778, 0.676767676768, 1.15098035, 1.00000000, 1.00000000, 1.00000000
0.777777777778, 0.686868686869, 1.14302923, 1.00000000, 1.00000000, 1.00000000
0.777777777778, 0.696969696970, 1.13450282, 1.00000000, 1.00000000, 1.00000000
0.777777777778, 0.707070707071, 1.12543572, 1.00000000, 1.00000000, 1.00000000
0.777777777778, 0.717171717172, 1.11586474, 1.00000000, 1.00000000, 1.00000000
0.777777777778, 0.727272727273, 1.10582867, 1.00000000, 1.00000000, 1.00000000
0.777777777778, 0.737373737374, 1.09536820, 1.00000000, 1.00000000, 1.00000000
0.777777777778, 0.747474747475, 1.08452573, 1.00000000, 1.00000000, 1.00000000
0.777777777778, 0.757575757576, 1.07334517, 1.00000000, 1.00000000, 1.00000000
0.777777777778, 0.767676767677, 1.06187179, 1.00000000, 1.00000000, 1.00000000
0.777777777778, 0.777777777778, 1.05015200, 1.00000000, 1.00000000, 1.00000000
0.777777777778, 0.787878787879, 1.03823321, 1.00000000, 1.00000000, 1.00000000
0.777777777778, 0.797979797980, 1.02616359, 1.00000000, 1.00000000, 1.00000000
0.777777777778, 0.808080808081, 1.01399189, 1.00000000, 1.00000000, 1.00000000
0.777777777778, 0.818181818182, 1.00176722, 1.00000000, 1.00000000, 1.00000000
0.777777777778, 0.828282828283, 0.98953890, 1.00000000, 1.00000000, 1.00000000
0.777777777778, 0.838383838384, 0.97735620, 1.00000000, 1.00000000, 1.00000000
0.777777777778, 0.848484848485, 0.96526816, 1.00000000, 1.00000000, 1.00000000
0.777777777778, 0.858585858586, 0.95332343, 1.00000000, 1.00000000, 1.00000000
0.777777777778, 0.868686868687, 0.94157000, 1.00000000, 1.00000000, 1.00000000
0.777777777778, 0.878787878788, 0.93005505, 1.00000000, 1.00000000, 1.00000000
0.777777777778, 0.888888888889, 0.91882479, 1.00000000, 1.00000000, 1.00000000
0.777777777778, 0.898989898990, 0.90792419, 1.00000000, 1.00000000, 1.00000000
0.777777777778, 0.909090909091, 0.89739689, 1.00000000, 1.00000000, 1.00000000
0.777777777778, 0.919191919192, 0.88728499, 1.00000000, 1.00000000, 1.00000000
0.777777777778, 0.929292929293, 0.87762888, 1.00000000, 1.00000000, 1.00000000
0.777777777778, 0.939393939394, 0.86846715, 1.00000000, 1.00000000, 1.00000000
0.777777777778, 0.949494949495, 0.85983646, 1.00000000, 1.00000000, 1.00000000
0.777777777778, 0.959595959596, 0.85177156, 1.00000000, 1.00000000, 1.00000000
0.787878787879, -0.000000000000, 0.81684909, 1.00000000, 1.00000000, 1.00000000
0.787878787879, 0.010101010101, 0.81346509, 1.00000000, 1.00000000, 1.00000000
0.787878787879, 0.020202020202, 0.81079550, 1.00000000, 1.00000000, 1.00000000
0.787878787879, 0.030303030303, 0.80882965, 1.00000000, 1.00000000, 1.00000000
0.787878787879, 0.040404040404, 0.80755247, 1.00000000, 1.00000000, 1.00000000
0.787878787879, 0.050505050505, 0.80695012, 1.00000000, 1.00000000, 1.00000000
0.787878787879, 0.060606060606, 0.80701543, 1.00000000, 1.00000000, 1.00000000
0.787878787879, 0.070707070707, 0.80775068, 1.00000000, 1.00000000, 1.00000000
0.787878787879, 0.080808080808, 0.80916669, 1.00000000, 1.00000000, 1.00000000
0.787878787879, 0.090909090909, 0.81127837, 1.00000000, 1.00000000, 1.00000000
0.787878787879, 0.101010101010, 0.81409922, 1.00000000, 1.00000000, 1.00000000
0.787878787879, 0.111111111111, 0.81763688, 1.00000000, 1.00000000, 1.00000000
0.787878787879, 0.121212121212, 0.82189098, 1.00000000, 1.00000000, 1.00000000
0.787878787879, 0.131313131313, 0.82685322, 1.00000000, 1.00000000, 1.00000000
0.787878787879, 0.141414141414, 0.83250856, 1.00000000, 1.00000000, 1.00000000
0.787878787879, 0.151515151515, 0.83883675, 1.00000000, 1.00000000, 1.00000000
0.787878787879, 0.161616161616, 0.84581359, 1.00000000, 1.00000000, 1.00000000
0.787878787879, 0.171717171717, 0.85341167, 1.00000000, 1.00000000, 1.00000000
0.787878787879, 0.181818181818, 0.86160089, 1.00000000, 1.00000000, 1.00000000
0.787878787879, 0.191919191919, 0.87034869, 1.00000000, 1.00000000, 1.00000000
0.787878787879, 0.202020202020, 0.87962022, 1.00000000, 1.00000000, 1.00000000
0.787878787879, 0.212121212121, 0.88937849, 1.00000000, 1.00000000, 1.00000000
0.787878787879, 0.222222222222, 0.89958453, 1.00000000, 1.00000000, 1.00000000
0.787878787879, 0.232323232323, 0.91019754, 1.00000000, 1.00000000, 1.00000000
0.787878787879, 0.242424242424, 0.92117503, 1.00000000, 1.00000000, 1.00000000
0.787878787879, 0.252525252525, 0.93247301, 1.00000000, 1.00000000, 1.00000000
0.787878787879, 0.262626262626, 0.94404615, 1.00000000, 1.00000000, 1.00000000
0.787878787879, 0.272727272727, 0.95584798, 1.00000000, 1.00000000, 1.00000000
0.787878787879, 0.282828282828, 0.96783104, 1.00000000, 1.00000000, 1.00000000
0.787878787879, 0.292929292929, 0.97994713, 1.00000000, 1.00000000, 1.00000000
0.787878787879, 0.303030303030, 0.99214745, 1.00000000, 1.00000000, 1.00000000
0.787878787879, 0.313131313131, 1.00438281, 1.00000000, 1.00000000, 1.00000000
0.787878787879, 0.323232323232, 1.01660387, 1.00000000, 1.00000000, 1.00000000
0.787878787879, 0.333333333333, 1.02876129, 1.00000000, 1.00000000, 1.00000000
0.787878787879, 0.343434343434, 1.04080596, 1.00000000, 1.00000000, 1.00000000
0.787878787879, 0.353535353535, 1.05268919, 1.00000000, 1.00000000, 1.00000000
0.787878787879, 0.363636363636, 1.06436293, 1.00000000, 1.00000000, 1.00000000
0.787878787879, 0.373737373737, 1.07577994, 1.00000000, 1.00000000, 1.00000000
0.787878787879, 0.383838383838, 1.08689400, 1.00000000, 1.00000000, 1.00000000
0.787878787879, 0.393939393939, 1.09766010, 1.00000000, 1.00000000, 1.00000000
0.787878787879, 0.404040404040, 1.10803461, 1.00000000, 1.00000000, 1.00000000
0.787878787879, 0.414141414141, 1.11797549, 1.00000000, 1.00000000, 1.00000000
0.787878787879, 0.424242424242, 1.12744243, 1.00000000, 1.00000000, 1.00000000
0.787878787879, 0.434343434343, 1.13639705, 1.00000000, 1.00000000, 1.00000000
0.787878787879, 0.444444444444, 1.14480302, 1.00000000, 1.00000000, 1.00000000
0.787878787879, 0.454545454545, 1.15262623, 1.00000000, 1.00000000, 1.00000000
0.787878787879, 0.464646464646, 1.15983494, 1.00000000, 1.00000000, 1.00000000
0.787878787879, 0.474747474747, 1.16639987, 1.00000000, 1.00000000, 1.00000000
0.787878787879, 0.484848484848, 1.17229440, 1.00000000, 1.00000000, 1.00000000
0.787878787879, 0.494949494949, 1.17749457, 1.00000000, 1.00000000, 1.00000000
0.787878787879, 0.505050505051, 1.18197926, 1.00000000, 1.00000000, 1.00000000
0.787878787879, 0.515151515152, 1.18573025, 1.00000000, 1.00000000, 1.00000000
0.787878787879, 0.525252525253, 1.18873229, 1.00000000, 1.00000000, 1.00000000
0.787878787879, 0.535353535354, 1.19097315, 1.00000000, 1.00000000, 1.00000000
0.787878787879, 0.545454545455, 1.19244371, 1.00000000, 1.00000000, 1.00000000
0.787878787879, 0.555555555556, 1.19313792, 1.00000000, 1.00000000, 1.00000000
0.787878787879, 0.565656565657, 1.19305297, 1.00000000, 1.00000000, 1.00000000
0.787878787879, 0.575757575758, 1.19218927, 1.00000000, 1.00000000, 1.00000000
0.787878787879, 0.585858585859, 1.19055040, 1.00000000, 1.00000000, 1.00000000
0.787878787879, 0.595959595960, 1.18814309, 1.00000000, 1.00000000, 1.00000000
0.787878787879, 0.606060606061, 1.18497716, 1.00000000, 1.00000000, 1.00000000
0.787878787879, 0.616161616162, 1.18106550, 1.00000000, 1.00000000, 1.00000000
0.787878787879, 0.626262626263, 1.17642404, 1.00000000, 1.00000000, 1.00000000
0.787878787879, 0.636363636364, 1.17107165, 1.00000000, 1.00000000, 1.00000000
0.787878787879, 0.646464646465, 1.16503010, 1.00000000, 1.00000000, 1.00000000
0.787878787879, 0.656565656566, 1.15832392, 1.00000000, 1.00000000, 1.00000000
0.787878787879, 0.666666666667, 1.15098035, 1.00000000, 1.00000000, 1.00000000
0.787878787879, 0.676767676768, 1.14302923, 1.00000000, 1.00000000, 1.00000000
0.787878787879, 0.686868686869, 1.13450282, 1.00000000, 1.00000000, 1.00000000
0.787878787879, 0.696969696970, 1.12543572, 1.00000000, 1.00000000, 1.00000000
0.787878787879, 0.707070707071, 1.11586474, 1.00000000, 1.00000000, 1.00000000
0.787878787879, 0.717171717172, 1.10582867, 1.00000000, 1.00000000, 1.00000000
0.787878787879, 0.727272727273, 1.09536820, 1.00000000, 1.00000000, 1.00000000
0.787878787879, 0.737373737374, 1.08452573, 1.00000000, 1.00000000, 1.00000000
0.787878787879, 0.747474747475, 1.07334517, 1.00000000, 1.00000000, 1.00000000
0.787878787879, 0.757575757576, 1.06187179, 1.00000000, 1.00000000, 1.00000000
0.787878787879, 0.767676767677, 1.05015200, 1.00000000, 1.00000000, 1.00000000
0.787878787879, 0.777777777778, 1.03823321, 1.00000000, 1.00000000, 1.00000000
0.787878787879, 0.787878787879, 1.02616359, 1.00000000, 1.00000000, 1.00000000
0.787878787879, 0.797979797980, 1.01399189, 1.00000000, 1.00000000, 1.00000000
0.787878787879, 0.808080808081, 1.00176722, 1.00000000, 1.00000000, 1.00000000
0.787878787879, 0.818181818182, 0.98953890, 1.00000000, 1.00000000, 1.00000000
0.787878787879, 0.828282828283, 0.97735620, 1.00000000, 1.00000000, 1.00000000
0.787878787879, 0.838383838384, 0.96526816, 1.00000000, 1.00000000, 1.00000000
0.787878787879, 0.848484848485, 0.95332343, 1.00000000, 1.00000000, 1.00000000
0.787878787879, 0.858585858586, 0.94157000, 1.00000000, 1.00000000, 1.00000000
0.787878787879, 0.868686868687, 0.93005505, 1.00000000, 1.00000000, 1.00000000
0.787878787879, 0.878787878788, 0.91882479, 1.00000000, 1.00000000, 1.00000000
0.787878787879, 0.888888888889, 0.90792419, 1.00000000, 1.00000000, 1.00000000
0.787878787879, 0.898989898990, 0.89739689, 1.00000000, 1.00000000, 1.00000000
0.787878787879, 0.909090909091, 0.88728498, 1.00000000, 1.00000000, 1.00000000
0.787878787879, 0.919191919192, 0.87762884, 1.00000000, 1.00000000, 1.00000000
0.787878787879, 0.929292929293, 0.86846699, 1.00000000, 1.00000000, 1.00000000
0.787878787879, 0.939393939394, 0.85983594, 1.00000000, 1.00000000, 1.00000000
0.787878787879, 0.949494949495, 0.85177008, 1.00000000, 1.00000000, 1.00000000
0.787878787879, 0.959595959596, 0.84430150, 1.00000000, 1.00000000, 1.00000000
0.797979797980, -0.000000000000, 0.81342606, 1.00000000, 1.00000000, 1.00000000
0.797979797980, 0.010101010101, 0.81074332, 1.00000000, 1.00000000, 1.00000000
0.797979797980, 0.020202020202, 0.80876762, 1.00000000, 1.00000000, 1.00000000
0.797979797980, 0.030303030303, 0.80748708, 1.00000000, 1.00000000, 1.00000000
0.797979797980, 0.040404040404, 0.80688926, 1.00000000, 1.00000000, 1.00000000
0.797979797980, 0.050505050505, 0.80696579, 1.00000000, 1.00000000, 1.00000000
0.797979797980, 0.060606060606, 0.80771569, 1.00000000, 1.00000000, 1.00000000
0.797979797980, 0.070707070707, 0.80914596, 1.00000000, 1.00000000, 1.00000000
0.797979797980, 0.080808080808, 0.81126874, 1.00000000, 1.00000000, 1.00000000
0.797979797980, 0.090909090909, 0.81409651, 1.00000000, 1.00000000, 1.00000000
0.797979797980, 0.101010101010, 0.81763745, 1.00000000, 1.00000000, 1.00000000
0.797979797980, 0.111111111111, 0.82189248, 1.00000000, 1.00000000, 1.00000000
0.797979797980, 0.121212121212, 0.82685454, 1.00000000, 1.00000000, 1.00000000
0.797979797980, 0.131313131313, 0.83250940, 1.00000000, 1.00000000, 1.00000000
0.797979797980, 0.141414141414, 0.83883719, 1.00000000, 1.00000000, 1.00000000
0.797979797980, 0.151515151515, 0.84581378, 1.00000000, 1.00000000, 1.00000000
0.797979797980, 0.161616161616, 0.85341175, 1.00000000, 1.00000000, 1.00000000
0.797979797980, 0.171717171717, 0.86160092, 1.00000000, 1.00000000, 1.00000000
0.797979797980, 0.181818181818, 0.87034870, 1.00000000, 1.00000000, 1.00000000
0.797979797980, 0.191919191919, 0.87962022, 1.00000000, 1.00000000, 1.00000000
0.797979797980, 0.202020202020, 0.88937849, 1.00000000, 1.00000000, 1.00000000
0.797979797980, 0.212121212121, 0.89958453, 1.00000000, 1.00000000, 1.00000000
0.797979797980, 0.222222222222, 0.91019754, 1.00000000, 1.00000000, 1.00000000
0.797979797980, 0.232323232323, 0.92117503, 1.00000000, 1.00000000, 1.00000000
0.797979797980, 0.242424242424, 0.93247301, 1.00000000, 1.00000000, 1.00000000
0.797979797980, 0.252525252525, 0.94404615, 1.00000000, 1.00000000, 1.00000000
0.797979797980, 0.262626262626, 0.95584798, 1.00000000, 1.00000000, 1.00000000
0.797979797980, 0.272727272727, 0.96783104, 1.00000000, 1.00000000, 1.00000000
0.797979797980, 0.282828282828, 0.97994713, 1.00000000, 1.00000000, 1.00000000
0.797979797980, 0.292929292929, 0.99214745, 1.00000000, 1.00000000, 1.00000000
0.797979797980, 0.303030303030, 1.00438281, 1.00000000, 1.00000000, 1.00000000
0.797979797980, 0.313131313131, 1.01660387, 1.00000000, 1.00000000, 1.00000000
0.797979797980, 0.323232323232, 1.02876129, 1.00000000, 1.00000000, 1.00000000
0.797979797980, 0.333333333333, 1.04080596, 1.00000000, 1.00000000, 1.00000000
0.797979797980, 0.343434343434, 1.05268919, 1.00000000, 1.00000000, 1.00000000
0.797979797980, 0.353535353535, 1.06436293, 1.00000000, 1.00000000, 1.00000000
0.797979797980, 0.363636363636, 1.07577994, 1.00000000, 1.00000000, 1.00000000
0.797979797980, 0.373737373737, 1.08689400, 1.00000000, 1.00000000, 1.00000000
0.797979797980, 0.383838383838, 1.09766010, 1.00000000, 1.00000000, 1.00000000
0.797979797980, 0.393939393939, 1.10803461, 1.00000000, 1.00000000, 1.00000000
0.797979797980, 0.404040404040, 1.11797549, 1.00000000, 1.00000000, 1.00000000
0.797979797980, 0.414141414141, 1.12744243, 1.00000000, 1.00000000, 1.00000000
0.797979797980, 0.424242424242, 1.13639705, 1.00000000, 1.00000000, 1.00000000
0.797979797980, 0.434343434343, 1.14480302, 1.00000000, 1.00000000, 1.00000000
0.797979797980, 0.444444444444, 1.15262623, 1.00000000, 1.00000000, 1.00000000
0.797979797980, 0.454545454545, 1.15983494, 1.00000000, 1.00000000, 1.00000000
0.797979797980, 0.464646464646, 1.16639987, 1.00000000, 1.00000000, 1.00000000
0.797979797980, 0.474747474747, 1.17229440, 1.00000000, 1.00000000, 1.00000000
0.797979797980, 0.484848484848, 1.17749457, 1.00000000, 1.00000000, 1.00000000
0.797979797980, 0.494949494949, 1.18197926, 1.00000000, 1.00000000, 1.00000000
0.797979797980, 0.505050505051, 1.18573025, 1.00000000, 1.00000000, 1.00000000
0.797979797980, 0.515151515152, 1.18873229, 1.00000000, 1.00000000, 1.00000000
0.797979797980, 0.525252525253, 1.19097315, 1.00000000, 1.00000000, 1.00000000
0.797979797980, 0.535353535354, 1.19244371, 1.00000000, 1.00000000, 1.00000000
0.797979797980, 0.545454545455, 1.19313792, 1.00000000, 1.00000000, 1.00000000
0.797979797980, 0.555555555556, 1.19305297, 1.00000000, 1.00000000, 1.00000000
0.797979797980, 0.565656565657, 1.19218927, 1.00000000, 1.00000000, 1.00000000
0.797979797980, 0.575757575758, 1.19055040, 1.00000000, 1.00000000, 1.00000000
0.797979797980, 0.585858585859, 1.18814309, 1.00000000, 1.00000000, 1.00000000
0.797979797980, 0.595959595960, 1.18497716, 1.00000000, 1.00000000, 1.00000000
0.797979797980, 0.606060606061, 1.18106550, 1.00000000, 1.00000000, 1.00000000
0.797979797980, 0.616161616162, 1.17642404, 1.00000000, 1.00000000, 1.00000000
0.797979797980, 0.626262626263, 1.17107165, 1.00000000, 1.00000000, 1.00000000
0.797979797980, 0.636363636364, 1.16503010, 1.00000000, 1.00000000, 1.00000000
0.797979797980, 0.646464646465, 1.15832392, 1.00000000, 1.00000000, 1.00000000
0.797979797980, 0.656565656566, 1.15098035, 1.00000000, 1.00000000, 1.00000000
0.797979797980, 0.666666666667, 1.14302923, 1.00000000, 1.00000000, 1.00000000
0.797979797980, 0.676767676768, 1.13450282, 1.00000000, 1.00000000, 1.00000000
0.797979797980, 0.686868686869, 1.12543572, 1.00000000, 1.00000000, 1.00000000
0.797979797980, 0.696969696970, 1.11586474, 1.00000000, 1.00000000, 1.00000000
0.797979797980, 0.707070707071, 1.10582867, 1.00000000, 1.00000000, 1.00000000
0.797979797980, 0.717171717172, 1.09536820, 1.00000000, 1.00000000, 1.00000000
0.797979797980, 0.727272727273, 1.08452573, 1.00000000, 1.00000000, 1.00000000
0.797979797980, 0.737373737374, 1.07334517, 1.00000000, 1.00000000, 1.00000000
0.797979797980, 0.747474747475, 1.06187179, 1.00000000, 1.00000000, 1.00000000
0.797979797980, 0.757575757576, 1.05015200, 1.00000000, 1.00000000, 1.00000000
0.797979797980, 0.767676767677, 1.03823321, 1.00000000, 1.00000000, 1.00000000
0.797979797980, 0.777777777778, 1.02616359, 1.00000000, 1.00000000, 1.00000000
0.797979797980, 0.787878787879, 1.01399189, 1.00000000, 1.00000000, 1.00000000
0.797979797980, 0.797979797980, 1.00176722, 1.00000000, 1.00000000, 1.00000000
0.797979797980, 0.808080808081, 0.98953890, 1.00000000, 1.00000000, 1.00000000
0.797979797980, 0.818181818182, 0.97735620, 1.00000000, 1.00000000, 1.00000000
0.797979797980, 0.828282828283, 0.96526816, 1.00000000, 1.00000000, 1.00000000
0.797979797980, 0.838383838384, 0.95332343, 1.00000000, 1.00000000, 1.00000000
0.797979797980, 0.848484848485, 0.94157000, 1.00000000, 1.00000000, 1.00000000
0.797979797980, 0.858585858586, 0.93005505, 1.00000000, 1.00000000, 1.00000000
0.797979797980, 0.868686868687, 0.91882479, 1.00000000, 1.00000000, 1.00000000
0.797979797980, 0.878787878788, 0.90792419, 1.00000000, 1.00000000, 1.00000000
0.797979797980, 0.888888888889, 0.89739689, 1.00000000, 1.00000000, 1.00000000
0.797979797980, 0.898989898990, 0.88728498, 1.00000000, 1.00000000, 1.00000000
0.797979797980, 0.909090909091, 0.87762884, 1.00000000, 1.00000000, 1.00000000
0.797979797980, 0.919191919192, 0.86846698, 1.00000000, 1.00000000, 1.00000000
0.797979797980, 0.929292929293, 0.85983590, 1.00000000, 1.00000000, 1.00000000
0.797979797980, 0.939393939394, 0.85176990, 1.00000000, 1.00000000, 1.00000000
0.797979797980, 0.949494949495, 0.84430094, 1.00000000, 1.00000000, 1.00000000
0.797979797980, 0.959595959596, 0.83745835, 1.00000000, 1.00000000, 1.00000000
0.808080808081, -0.000000000000, 0.81075250, 1.00000000, 1.00000000, 1.00000000
0.808080808081, 0.010101010101, 0.80878173, 1.00000000, 1.00000000, 1.00000000
0.808080808081, 0.020202020202, 0.80750787, 1.00000000, 1.00000000, 1.00000000
0.808080808081, 0.030303030303, 0.80691787, 1.00000000, 1.00000000, 1.00000000
0.808080808081, 0.040404040404, 0.80700184, 1.00000000, 1.00000000, 1.00000000
0.808080808081, 0.050505050505, 0.80775686, 1.00000000, 1.00000000, 1.00000000
0.808080808081, 0.060606060606, 0.80918830, 1.00000000, 1.00000000, 1.00000000
0.808080808081, 0.070707070707, 0.81130786, 1.00000000, 1.00000000, 1.00000000
0.808080808081, 0.080808080808, 0.81412895, 1.00000000, 1.00000000, 1.00000000
0.808080808081, 0.090909090909, 0.81766159, 1.00000000, 1.00000000, 1.00000000
0.808080808081, 0.101010101010, 0.82190862, 1.00000000, 1.00000000, 1.00000000
0.808080808081, 0.111111111111, 0.82686422, 1.00000000, 1.00000000, 1.00000000
0.808080808081, 0.121212121212, 0.83251462, 1.00000000, 1.00000000, 1.00000000
0.808080808081, 0.131313131313, 0.83883971, 1.00000000, 1.00000000, 1.00000000
0.808080808081, 0.141414141414, 0.84581487, 1.00000000, 1.00000000, 1.00000000
0.808080808081, 0.151515151515, 0.85341217, 1.00000000, 1.00000000, 1.00000000
0.808080808081, 0.161616161616, 0.86160107, 1.00000000, 1.00000000, 1.00000000
0.808080808081, 0.171717171717, 0.87034875, 1.00000000, 1.00000000, 1.00000000
0.808080808081, 0.181818181818, 0.87962023, 1.00000000, 1.00000000, 1.00000000
0.808080808081, 0.191919191919, 0.88937849, 1.00000000, 1.00000000, 1.00000000
0.808080808081, 0.202020202020, 0.89958453, 1.00000000, 1.00000000, 1.00000000
0.808080808081, 0.212121212121, 0.91019754, 1.00000000, 1.00000000, 1.00000000
0.808080808081, 0.222222222222, 0.92117503, 1.00000000, 1.00000000, 1.00000000
0.808080808081, 0.232323232323, 0.93247301, 1.00000000, 1.00000000, 1.00000000
0.808080808081, 0.242424242424, 0.94404615, 1.00000000, 1.00000000, 1.00000000
0.808080808081, 0.252525252525, 0.95584798, 1.00000000, 1.00000000, 1.00000000
0.808080808081, 0.262626262626, 0.96783104, 1.00000000, 1.00000000, 1.00000000
0.808080808081, 0.272727272727, 0.97994713, 1.00000000, 1.00000000, 1.00000000
0.808080808081, 0.282828282828, 0.99214745, 1.00000000, 1.00000000, 1.00000000
0.808080808081, 0.292929292929, 1.00438281, 1.00000000, 1.00000000, 1.00000000
0.808080808081, 0.303030303030, 1.01660387, 1.00000000, 1.00000000, 1.00000000
0.808080808081, 0.313131313131, 1.02876129, 1.00000000, 1.00000000, 1.00000000
0.808080808081, 0.323232323232, 1.04080596, 1.00000000, 1.00000000, 1.00000000
0.808080808081, 0.333333333333, 1.05268919, 1.00000000, 1.00000000, 1.00000000
0.808080808081, 0.343434343434, 1.06436293, 1.00000000, 1.00000000, 1.00000000
0.808080808081, 0.353535353535, 1.07577994, 1.00000000, 1.00000000, 1.00000000
0.808080808081, 0.363636363636, 1.08689400, 1.00000000, 1.00000000, 1.00000000
0.808080808081, 0.373737373737, 1.09766010, 1.00000000, 1.00000000, 1.00000000
0.808080808081, 0.383838383838, 1.10803461, 1.00000000, 1.00000000, 1.00000000
0.808080808081, 0.393939393939, 1.11797549, 1.00000000, 1.00000000, 1.00000000
0.808080808081, 0.404040404040, 1.12744243, 1.00000000, 1.00000000, 1.00000000
0.808080808081, 0.414141414141, 1.13639705, 1.00000000, 1.00000000, 1.00000000
0.808080808081, 0.424242424242, 1.14480302, 1.00000000, 1.00000000, 1.00000000
0.808080808081, 0.434343434343, 1.15262623, 1.00000000, 1.00000000, 1.00000000
0.808080808081, 0.444444444444, 1.15983494, 1.00000000, 1.00000000, 1.00000000
0.808080808081, 0.454545454545, 1.16639987, 1.00000000, 1.00000000, 1.00000000
0.808080808081, 0.464646464646, 1.17229440, 1.00000000, 1.00000000, 1.00000000
0.808080808081, 0.474747474747, 1.17749457, 1.00000000, 1.00000000, 1.00000000
0.808080808081, 0.484848484848, 1.18197926, 1.00000000, 1.00000000, 1.00000000
0.808080808081, 0.494949494949, 1.18573025, 1.00000000, 1.00000000, 1.00000000
0.808080808081, 0.505050505051, 1.18873229, 1.00000000, 1.00000000, 1.00000000
0.808080808081, 0.515151515152, 1.19097315, 1.00000000, 1.00000000, 1.00000000
0.808080808081, 0.525252525253, 1.19244371, 1.00000000, 1.00000000, 1.00000000
0.808080808081, 0.535353535354, 1.19313792, 1.00000000, 1.00000000, 1.00000000
0.808080808081, 0.545454545455, 1.19305297, 1.00000000, 1.00000000, 1.00000000
0.808080808081, 0.555555555556, 1.19218927, 1.00000000, 1.00000000, 1.00000000
0.808080808081, 0.565656565657, 1.19055040, 1.00000000, 1.00000000, 1.00000000
0.808080808081, 0.575757575758, 1.18814309, 1.00000000, 1.00000000, 1.00000000
0.808080808081, 0.585858585859, 1.18497716, 1.00000000, 1.00000000, 1.00000000
0.808080808081, 0.595959595960, 1.18106550, 1.00000000, 1.00000000, 1.00000000
0.808080808081, 0.606060606061, 1.17642404, 1.00000000, 1.00000000, 1.00000000
0.808080808081, 0.616161616162, 1.17107165, 1.00000000, 1.00000000, 1.00000000
0.808080808081, 0.626262626263, 1.16503010, 1.00000000, 1.00000000, 1.00000000
0.808080808081, 0.636363636364, 1.15832392, 1.00000000, 1.00000000, 1.00000000
0.808080808081, 0.646464646465, 1.15098035, 1.00000000, 1.00000000, 1.00000000
0.808080808081, 0.656565656566, 1.14302923, 1.00000000, 1.00000000, 1.00000000
0.808080808081, 0.666666666667, 1.13450282, 1.00000000, 1.00000000, 1.00000000
0.808080808081, 0.676767676768, 1.12543572, 1.00000000, 1.00000000, 1.00000000
0.808080808081, 0.686868686869, 1.11586474, 1.00000000, 1.00000000, 1.00000000
0.808080808081, 0.696969696970, 1.10582867, 1.00000000, 1.00000000, 1.00000000
0.808080808081, 0.707070707071, 1.09536820, 1.00000000, 1.00000000, 1.00000000
0.808080808081, 0.717171717172, 1.08452573, 1.00000000, 1.00000000, 1.00000000
0.808080808081, 0.727272727273, 1.07334517, 1.00000000, 1.00000000, 1.00000000
0.808080808081, 0.737373737374, 1.06187179, 1.00000000, 1.00000000, 1.00000000
0.808080808081, 0.747474747475, 1.05015200, 1.00000000, 1.00000000, 1.00000000
0.808080808081, 0.757575757576, 1.03823321, 1.00000000, 1.00000000, 1.00000000
0.808080808081, 0.767676767677, 1.02616359, 1.00000000, 1.00000000, 1.00000000
0.808080808081, 0.777777777778, 1.01399189, 1.00000000, 1.00000000, 1.00000000
0.808080808081, 0.787878787879, 1.00176722, 1.00000000, 1.00000000, 1.00000000
0.808080808081, 0.797979797980, 0.98953890, 1.00000000, 1.00000000, 1.00000000
0.808080808081, 0.808080808081, 0.97735620, 1.00000000, 1.00000000, 1.00000000
0.808080808081, 0.818181818182, 0.96526816, 1.00000000, 1.00000000, 1.00000000
0.808080808081, 0.828282828283, 0.95332343, 1.00000000, 1.00000000, 1.00000000
0.808080808081, 0.838383838384, 0.94157000, 1.00000000, 1.00000000, 1.00000000
0.808080808081, 0.848484848485, 0.93005505, 1.00000000, 1.00000000, 1.00000000
0.808080808081, 0.858585858586, 0.91882479, 1.00000000, 1.00000000, 1.00000000
0.808080808081, 0.868686868687, 0.90792419, 1.00000000, 1.00000000, 1.00000000
0.808080808081, 0.878787878788, 0.89739689, 1.00000000, 1.00000000, 1.00000000
0.808080808081, 0.888888888889, 0.88728498, 1.00000000, 1.00000000, 1.00000000
0.808080808081, 0.898989898990, 0.87762884, 1.00000000, 1.00000000, 1.00000000
0.808080808081, 0.909090909091, 0.86846699, 1.00000000, 1.00000000, 1.00000000
0.808080808081, 0.919191919192, 0.85983592, 1.00000000, 1.00000000, 1.00000000
0.808080808081, 0.929292929293, 0.85176997, 1.00000000, 1.00000000, 1.00000000
0.808080808081, 0.939393939394, 0.84430110, 1.00000000, 1.00000000, 1.00000000
0.808080808081, 0.949494949495, 0.83745872, 1.00000000, 1.00000000, 1.00000000
0.808080808081, 0.959595959596, 0.83126929, 1.00000000, 1.00000000, 1.00000000
0.818181818182, -0.000000000000, 0.80883913, 1.00000000, 1.00000000, 1.00000000
0.818181818182, 0.010101010101, 0.80758828, 1.00000000, 1.00000000, 1.00000000
0.818181818182, 0.020202020202, 0.80702145, 1.00000000, 1.00000000, 1.00000000
0.818181818182, 0.030303030303, 0.80712436, 1.00000000, 1.00000000, 1.00000000
0.818181818182, 0.040404040404, 0.80788971, 1.00000000, 1.00000000, 1.00000000
0.818181818182, 0.050505050505, 0.80932012, 1.00000000, 1.00000000, 1.00000000
0.818181818182, 0.060606060606, 0.81142734, 1.00000000, 1.00000000, 1.00000000
0.818181818182, 0.070707070707, 0.81422771, 1.00000000, 1.00000000, 1.00000000
0.818181818182, 0.080808080808, 0.81773592, 1.00000000, 1.00000000, 1.00000000
0.818181818182, 0.090909090909, 0.82195947, 1.00000000, 1.00000000, 1.00000000
0.818181818182, 0.101010101010, 0.82689580, 1.00000000, 1.00000000, 1.00000000
0.818181818182, 0.111111111111, 0.83253239, 1.00000000, 1.00000000, 1.00000000
0.818181818182, 0.121212121212, 0.83884876, 1.00000000, 1.00000000, 1.00000000
0.818181818182, 0.131313131313, 0.84581904, 1.00000000, 1.00000000, 1.00000000
0.818181818182, 0.141414141414, 0.85341390, 1.00000000, 1.00000000, 1.00000000
0.818181818182, 0.151515151515, 0.86160171, 1.00000000, 1.00000000, 1.00000000
0.818181818182, 0.161616161616, 0.87034896, 1.00000000, 1.00000000, 1.00000000
0.818181818182, 0.171717171717, 0.87962030, 1.00000000, 1.00000000, 1.00000000
0.818181818182, 0.181818181818, 0.88937851, 1.00000000, 1.00000000, 1.00000000
0.818181818182, 0.191919191919, 0.89958454, 1.00000000, 1.00000000, 1.00000000
0.818181818182, 0.202020202020, 0.91019754, 1.00000000, 1.00000000, 1.00000000
0.818181818182, 0.212121212121, 0.92117503, 1.00000000, 1.00000000, 1.00000000
0.818181818182, 0.222222222222, 0.93247301, 1.00000000, 1.00000000, 1.00000000
0.818181818182, 0.232323232323, 0.94404615, 1.00000000, 1.00000000, 1.00000000
0.818181818182, 0.242424242424, 0.95584798, 1.00000000, 1.00000000, 1.00000000
0.818181818182, 0.252525252525, 0.96783104, 1.00000000, 1.00000000, 1.00000000
0.818181818182, 0.262626262626, 0.97994713, 1.00000000, 1.00000000, 1.00000000
0.818181818182, 0.272727272727, 0.99214745, 1.00000000, 1.00000000, 1.00000000
0.818181818182, 0.282828282828, 1.00438281, 1.00000000, 1.00000000, 1.00000000
0.818181818182, 0.292929292929, 1.01660387, 1.00000000, 1.00000000, 1.00000000
0.818181818182, 0.303030303030, 1.02876129, 1.00000000, 1.00000000, 1.00000000
0.818181818182, 0.313131313131, 1.04080596, 1.00000000, 1.00000000, 1.00000000
0.818181818182, 0.323232323232, 1.05268919, 1.00000000, 1.00000000, 1.00000000
0.818181818182, 0.333333333333, 1.06436293, 1.00000000, 1.00000000, 1.00000000
0.818181818182, 0.343434343434, 1.07577994, 1.00000000, 1.00000000, 1.00000000
0.818181818182, 0.353535353535, 1.08689400, 1.00000000, 1.00000000, 1.00000000
0.818181818182, 0.363636363636, 1.09766010, 1.00000000, 1.00000000, 1.00000000
0.818181818182, 0.373737373737, 1.10803461, 1.00000000, 1.00000000, 1.00000000
0.818181818182, 0.383838383838, 1.11797549, 1.00000000, 1.00000000, 1.00000000
0.818181818182, 0.393939393939, 1.12744243, 1.00000000, 1.00000000, 1.00000000
0.818181818182, 0.404040404040, 1.13639705, 1.00000000, 1.00000000, 1.00000000
0.818181818182, 0.414141414141, 1.14480302, 1.00000000, 1.00000000, 1.00000000
0.818181818182, 0.424242424242, 1.15262623, 1.00000000, 1.00000000, 1.00000000
0.818181818182, 0.434343434343, 1.15983494, 1.00000000, 1.00000000, 1.00000000
0.818181818182, 0.444444444444, 1.16639987, 1.00000000, 1.00000000, 1.00000000
0.818181818182, 0.454545454545, 1.17229440, 1.00000000, 1.00000000, 1.00000000
0.818181818182, 0.464646464646, 1.17749457, 1.00000000, 1.00000000, 1.00000000
0.818181818182, 0.474747474747, 1.18197926, 1.00000000, 1.00000000, 1.00000000
0.818181818182, 0.484848484848, 1.18573025, 1.00000000, 1.00000000, 1.00000000
0.818181818182, 0.494949494949, 1.18873229, 1.00000000, 1.00000000, 1.00000000
0.818181818182, 0.505050505051, 1.19097315, 1.00000000, 1.00000000, 1.00000000
0.818181818182, 0.515151515152, 1.19244371, 1.00000000, 1.00000000, 1.00000000
0.818181818182, 0.525252525253, 1.19313792, 1.00000000, 1.00000000, 1.00000000
0.818181818182, 0.535353535354, 1.19305297, 1.00000000, 1.00000000, 1.00000000
0.818181818182, 0.545454545455, 1.19218927, 1.00000000, 1.00000000, 1.00000000
0.818181818182, 0.555555555556, 1.19055040, 1.00000000, 1.00000000, 1.00000000
0.818181818182, 0.565656565657, 1.18814309, 1.00000000, 1.00000000, 1.00000000
0.818181818182, 0.575757575758, 1.18497716, 1.00000000, 1.00000000, 1.00000000
0.818181818182, 0.585858585859, 1.18106550, 1.00000000, 1.00000000, 1.00000000
0.818181818182, 0.595959595960, 1.17642404, 1.00000000, 1.00000000, 1.00000000
0.818181818182, 0.606060606061, 1.17107165, 1.00000000, 1.00000000, 1.00000000
0.818181818182, 0.616161616162, 1.16503010, 1.00000000, 1.00000000, 1.00000000
0.818181818182, 0.626262626263, 1.15832392, 1.00000000, 1.00000000, 1.00000000
0.818181818182, 0.636363636364, 1.15098035, 1.00000000, 1.00000000, 1.00000000
0.818181818182, 0.646464646465, 1.14302923, 1.00000000, 1.00000000, 1.00000000
0.818181818182, 0.656565656566, 1.13450282, 1.00000000, 1.00000000, 1.00000000
0.818181818182, 0.666666666667, 1.12543572, 1.00000000, 1.00000000, 1.00000000
0.818181818182, 0.676767676768, 1.11586474, 1.00000000, 1.00000000, 1.00000000
0.818181818182, 0.686868686869, 1.10582867, 1.00000000, 1.00000000, 1.00000000
0.818181818182, 0.696969696970, 1.09536820, 1.00000000, 1.00000000, 1.00000000
0.818181818182, 0.707070707071, 1.08452573, 1.00000000, 1.00000000, 1.00000000
0.818181818182, 0.717171717172, 1.07334517, 1.00000000, 1.00000000, 1.00000000
0.818181818182, 0.727272727273, 1.06187179, 1.00000000, 1.00000000, 1.00000000
0.818181818182, 0.737373737374, 1.05015200, 1.00000000, 1.00000000, 1.00000000
0.818181818182, 0.747474747475, 1.03823321, 1.00000000, 1.00000000, 1.00000000
0.818181818182, 0.757575757576, 1.02616359, 1.00000000, 1.00000000, 1.00000000
0.818181818182, 0.767676767677, 1.01399189, 1.00000000, 1.00000000, 1.00000000
0.818181818182, 0.777777777778, 1.00176722, 1.00000000, 1.00000000, 1.00000000
0.818181818182, 0.787878787879, 0.98953890, 1.00000000, 1.00000000, 1.00000000
0.818181818182, 0.797979797980, 0.97735620, 1.00000000, 1.00000000, 1.00000000
0.818181818182, 0.808080808081, 0.96526816, 1.00000000, 1.00000000, 1.00000000
0.818181818182, 0.818181818182, 0.95332343, 1.00000000, 1.00000000, 1.00000000
0.818181818182, 0.828282828283, 0.94157000, 1.00000000, 1.00000000, 1.00000000
0.818181818182, 0.838383838384, 0.93005505, 1.00000000, 1.00000000, 1.00000000
0.818181818182, 0.848484848485, 0.91882479, 1.00000000, 1.00000000, 1.00000000
0.818181818182, 0.858585858586, 0.90792419, 1.00000000, 1.00000000, 1.00000000
0.818181818182, 0.868686868687, 0.89739689, 1.00000000, 1.00000000, 1.00000000
0.818181818182, 0.878787878788, 0.88728498, 1.00000000, 1.00000000, 1.00000000
0.818181818182, 0.888888888889, 0.87762884, 1.00000000, 1.00000000, 1.00000000
0.818181818182, 0.898989898990, 0.86846699, 1.00000000, 1.00000000, 1.00000000
0.818181818182, 0.909090909091, 0.85983594, 1.00000000, 1.00000000, 1.00000000
0.818181818182, 0.919191919192, 0.85177003, 1.00000000, 1.00000000, 1.00000000
0.818181818182, 0.929292929293, 0.84430129, 1.00000000, 1.00000000, 1.00000000
0.818181818182, 0.939393939394, 0.83745924, 1.00000000, 1.00000000, 1.00000000
0.818181818182, 0.949494949495, 0.83127060, 1.00000000, 1.00000000, 1.00000000
0.818181818182, 0.959595959596, 0.82575889, 1.00000000, 1.00000000, 1.00000000
0.828282828283, -0.000000000000, 0.80769372, 1.00000000, 1.00000000, 1.00000000
0.828282828283, 0.010101010101, 0.80716789, 1.00000000, 1.00000000, 1.00000000
0.828282828283, 0.020202020202, 0.80731037, 1.00000000, 1.00000000, 1.00000000
0.828282828283, 0.030303030303, 0.80810571, 1.00000000, 1.00000000, 1.00000000
0.828282828283, 0.040404040404, 0.80954930, 1.00000000, 1.00000000, 1.00000000
0.828282828283, 0.050505050505, 0.81164933, 1.00000000, 1.00000000, 1.00000000
0.828282828283, 0.060606060606, 0.81442387, 1.00000000, 1.00000000, 1.00000000
0.828282828283, 0.070707070707, 0.81789390, 1.00000000, 1.00000000, 1.00000000
0.828282828283, 0.080808080808, 0.82207531, 1.00000000, 1.00000000, 1.00000000
0.828282828283, 0.090909090909, 0.82697306, 1.00000000, 1.00000000, 1.00000000
0.828282828283, 0.101010101010, 0.83257920, 1.00000000, 1.00000000, 1.00000000
0.828282828283, 0.111111111111, 0.83887450, 1.00000000, 1.00000000, 1.00000000
0.828282828283, 0.121212121212, 0.84583185, 1.00000000, 1.00000000, 1.00000000
0.828282828283, 0.131313131313, 0.85341967, 1.00000000, 1.00000000, 1.00000000
0.828282828283, 0.141414141414, 0.86160406, 1.00000000, 1.00000000, 1.00000000
0.828282828283, 0.151515151515, 0.87034982, 1.00000000, 1.00000000, 1.00000000
0.828282828283, 0.161616161616, 0.87962058, 1.00000000, 1.00000000, 1.00000000
0.828282828283, 0.171717171717, 0.88937859, 1.00000000, 1.00000000, 1.00000000
0.828282828283, 0.181818181818, 0.89958456, 1.00000000, 1.00000000, 1.00000000
0.828282828283, 0.191919191919, 0.91019754, 1.00000000, 1.00000000, 1.00000000
0.828282828283, 0.202020202020, 0.92117503, 1.00000000, 1.00000000, 1.00000000
0.828282828283, 0.212121212121, 0.93247301, 1.00000000, 1.00000000, 1.00000000
0.828282828283, 0.222222222222, 0.94404615, 1.00000000, 1.00000000, 1.00000000
0.828282828283, 0.232323232323, 0.95584798, 1.00000000, 1.00000000, 1.00000000
0.828282828283, 0.242424242424, 0.96783104, 1.00000000, 1.00000000, 1.00000000
0.828282828283, 0.252525252525, 0.97994713, 1.00000000, 1.00000000, 1.00000000
0.828282828283, 0.262626262626, 0.99214745, 1.00000000, 1.00000000, 1.00000000
0.828282828283, 0.272727272727, 1.00438281, 1.00000000, 1.00000000, 1.00000000
0.828282828283, 0.282828282828, 1.01660387, 1.00000000, 1.00000000, 1.00000000
0.828282828283, 0.292929292929, 1.02876129, 1.00000000, 1.00000000, 1.00000000
0.828282828283, 0.303030303030, 1.04080596, 1.00000000, 1.00000000, 1.00000000
0.828282828283, 0.313131313131, 1.05268919, 1.00000000, 1.00000000, 1.00000000
0.828282828283, 0.323232323232, 1.06436293, 1.00000000, 1.00000000, 1.00000000
0.828282828283, 0.333333333333, 1.07577994, 1.00000000, 1.00000000, 1.00000000
0.828282828283, 0.343434343434, 1.08689400, 1.00000000, 1.00000000, 1.00000000
0.828282828283, 0.353535353535, 1.09766010, 1.00000000, 1.00000000, 1.00000000
0.828282828283, 0.363636363636, 1.10803461, 1.00000000, 1.00000000, 1.00000000
0.828282828283, 0.373737373737, 1.11797549, 1.00000000, 1.00000000, 1.00000000
0.828282828283, 0.383838383838, 1.12744243, 1.00000000, 1.00000000, 1.00000000
0.828282828283, 0.393939393939, 1.13639705, 1.00000000, 1.00000000, 1.00000000
0.828282828283, 0.404040404040, 1.14480302, 1.00000000, 1.00000000, 1.00000000
0.828282828283, 0.414141414141, 1.15262623, 1.00000000, 1.00000000, 1.00000000
0.828282828283, 0.424242424242, 1.15983494, 1.00000000, 1.00000000, 1.00000000
0.828282828283, 0.434343434343, 1.16639987, 1.00000000, 1.00000000, 1.00000000
0.828282828283, 0.444444444444, 1.17229440, 1.00000000, 1.00000000, 1.00000000
0.828282828283, 0.454545454545, 1.17749457, 1.00000000, 1.00000000, 1.00000000
0.828282828283, 0.464646464646, 1.18197926, 1.00000000, 1.00000000, 1.00000000
0.828282828283, 0.474747474747, 1.18573025, 1.00000000, 1.00000000, 1.00000000
0.828282828283, 0.484848484848, 1.18873229, 1.00000000, 1.00000000, 1.00000000
0.828282828283, 0.494949494949, 1.19097315, 1.00000000, 1.00000000, 1.00000000
0.828282828283, 0.505050505051, 1.19244371, 1.00000000, 1.00000000, 1.00000000
0.828282828283, 0.515151515152, 1.19313792, 1.00000000, 1.00000000, 1.00000000
0.828282828283, 0.525252525253, 1.19305297, 1.00000000, 1.00000000, 1.00000000
0.828282828283, 0.535353535354, 1.19218927, 1.00000000, 1.00000000, 1.00000000
0.828282828283, 0.545454545455, 1.19055040, 1.00000000, 1.00000000, 1.00000000
0.828282828283, 0.555555555556, 1.18814309, 1.00000000, 1.00000000, 1.00000000
0.828282828283, 0.565656565657, 1.18497716, 1.00000000, 1.00000000, 1.00000000
0.828282828283, 0.575757575758, 1.18106550, 1.00000000, 1.00000000, 1.00000000
0.828282828283, 0.585858585859, 1.17642404, 1.00000000, 1.00000000, 1.00000000
0.828282828283, 0.595959595960, 1.17107165, 1.00000000, 1.00000000, 1.00000000
0.828282828283, 0.606060606061, 1.16503010, 1.00000000, 1.00000000, 1.00000000
0.828282828283, 0.616161616162, 1.15832392, 1.00000000, 1.00000000, 1.00000000
0.828282828283, 0.626262626263, 1.15098035, 1.00000000, 1.00000000, 1.00000000
0.828282828283, 0.636363636364, 1.14302923, 1.00000000, 1.00000000, 1.00000000
0.828282828283, 0.646464646465, 1.13450282, 1.00000000, 1.00000000, 1.00000000
0.828282828283, 0.656565656566, 1.12543572, 1.00000000, 1.00000000, 1.00000000
0.828282828283, 0.666666666667, 1.11586474, 1.00000000, 1.00000000, 1.00000000
0.828282828283, 0.676767676768, 1.10582867, 1.00000000, 1.00000000, 1.00000000
0.828282828283, 0.686868686869, 1.09536820, 1.00000000, 1.00000000, 1.00000000
0.828282828283, 0.696969696970, 1.08452573, 1.00000000, 1.00000000, 1.00000000
0.828282828283, 0.707070707071, 1.07334517, 1.00000000, 1.00000000, 1.00000000
0.828282828283, 0.717171717172, 1.06187179, 1.00000000, 1.00000000, 1.00000000
0.828282828283, 0.727272727273, 1.05015200, 1.00000000, 1.00000000, 1.00000000
0.828282828283, 0.737373737374, 1.03823321, 1.00000000, 1.00000000, 1.00000000
0.828282828283, 0.747474747475, 1.02616359, 1.00000000, 1.00000000, 1.00000000
0.828282828283, 0.757575757576, 1.01399189, 1.00000000, 1.00000000, 1.00000000
0.828282828283, 0.767676767677, 1.00176722, 1.00000000, 1.00000000, 1.00000000
0.828282828283, 0.777777777778, 0.98953890, 1.00000000, 1.00000000, 1.00000000
0.828282828283, 0.787878787879, 0.97735620, 1.00000000, 1.00000000, 1.00000000
0.828282828283, 0.797979797980, 0.96526816, 1.00000000, 1.00000000, 1.00000000
0.828282828283, 0.808080808081, 0.95332343, 1.00000000, 1.00000000, 1.00000000
0.828282828283, 0.818181818182, 0.94157000, 1.00000000, 1.00000000, 1.00000000
0.828282828283, 0.828282828283, 0.93005505, 1.00000000, 1.00000000, 1.00000000
0.828282828283, 0.838383838384, 0.91882479, 1.00000000, 1.00000000, 1.00000000
0.828282828283, 0.848484848485, 0.90792419, 1.00000000, 1.00000000, 1.00000000
0.828282828283, 0.858585858586, 0.89739689, 1.00000000, 1.00000000, 1.00000000
0.828282828283, 0.868686868687, 0.88728498, 1.00000000, 1.00000000, 1.00000000
0.828282828283, 0.878787878788, 0.87762884, 1.00000000, 1.00000000, 1.00000000
0.828282828283, 0.888888888889, 0.86846699, 1.00000000, 1.00000000, 1.00000000
0.828282828283, 0.898989898990, 0.85983595, 1.00000000, 1.00000000, 1.00000000
0.828282828283, 0.909090909091, 0.85177006, 1.00000000, 1.00000000, 1.00000000
0.828282828283, 0.919191919192, 0.84430139, 1.00000000, 1.00000000, 1.00000000
0.828282828283, 0.929292929293, 0.83745954, 1.00000000, 1.00000000, 1.00000000
0.828282828283, 0.939393939394, 0.83127147, 1.00000000, 1.00000000, 1.00000000
0.828282828283, 0.949494949495, 0.82576115, 1.00000000, 1.00000000, 1.00000000
0.828282828283, 0.959595959596, 0.82094904, 1.00000000, 1.00000000, 1.00000000
0.838383838384, -0.000000000000, 0.80732099, 1.00000000, 1.00000000, 1.00000000
0.838383838384, 0.010101010101, 0.80752231, 1.00000000, 1.00000000, 1.00000000
0.838383838384, 0.020202020202, 0.80837349, 1.00000000, 1.00000000, 1.00000000
0.838383838384, 0.030303030303, 0.80985803, 1.00000000, 1.00000000, 1.00000000
0.838383838384, 0.040404040404, 0.81197402, 1.00000000, 1.00000000, 1.00000000
0.838383838384, 0.050505050505, 0.81473522, 1.00000000, 1.00000000, 1.00000000
0.838383838384, 0.060606060606, 0.81816597, 1.00000000, 1.00000000, 1.00000000
0.838383838384, 0.070707070707, 0.82229184, 1.00000000, 1.00000000, 1.00000000
0.838383838384, 0.080808080808, 0.82712988, 1.00000000, 1.00000000, 1.00000000
0.838383838384, 0.090909090909, 0.83268247, 1.00000000, 1.00000000, 1.00000000
0.838383838384, 0.101010101010, 0.83893627, 1.00000000, 1.00000000, 1.00000000
0.838383838384, 0.111111111111, 0.84586537, 1.00000000, 1.00000000, 1.00000000
0.838383838384, 0.121212121212, 0.85343615, 1.00000000, 1.00000000, 1.00000000
0.838383838384, 0.131313131313, 0.86161139, 1.00000000, 1.00000000, 1.00000000
0.838383838384, 0.141414141414, 0.87035276, 1.00000000, 1.00000000, 1.00000000
0.838383838384, 0.151515151515, 0.87962164, 1.00000000, 1.00000000, 1.00000000
0.838383838384, 0.161616161616, 0.88937894, 1.00000000, 1.00000000, 1.00000000
0.838383838384, 0.171717171717, 0.89958466, 1.00000000, 1.00000000, 1.00000000
0.838383838384, 0.181818181818, 0.91019757, 1.00000000, 1.00000000, 1.00000000
0.838383838384, 0.191919191919, 0.92117504, 1.00000000, 1.00000000, 1.00000000
0.838383838384, 0.202020202020, 0.93247301, 1.00000000, 1.00000000, 1.00000000
0.838383838384, 0.212121212121, 0.94404615, 1.00000000, 1.00000000, 1.00000000
0.838383838384, 0.222222222222, 0.95584798, 1.00000000, 1.00000000, 1.00000000
0.838383838384, 0.232323232323, 0.96783104, 1.00000000, 1.00000000, 1.00000000
0.838383838384, 0.242424242424, 0.97994713, 1.00000000, 1.00000000, 1.00000000
0.838383838384, 0.252525252525, 0.99214745, 1.00000000, 1.00000000, 1.00000000
0.838383838384, 0.262626262626, 1.00438281, 1.00000000, 1.00000000, 1.00000000
0.838383838384, 0.272727272727, 1.01660387, 1.00000000, 1.00000000, 1.00000000
0.838383838384, 0.282828282828, 1.02876129, 1.00000000, 1.00000000, 1.00000000
0.838383838384, 0.292929292929, 1.04080596, 1.00000000, 1.00000000, 1.00000000
0.838383838384, 0.303030303030, 1.05268919, 1.00000000, 1.00000000, 1.00000000
0.838383838384, 0.313131313131, 1.06436293, 1.00000000, 1.00000000, 1.00000000
0.838383838384, 0.323232323232, 1.07577994, 1.00000000, 1.00000000, 1.00000000
0.838383838384, 0.333333333333, 1.08689400, 1.00000000, 1.00000000, 1.00000000
0.838383838384, 0.343434343434, 1.09766010, 1.00000000, 1.00000000, 1.00000000
0.838383838384, 0.353535353535, 1.10803461, 1.00000000, 1.00000000, 1.00000000
0.838383838384, 0.363636363636, 1.11797549, 1.00000000, 1.00000000, 1.00000000
0.838383838384, 0.373737373737, 1.12744243, 1.00000000, 1.00000000, 1.00000000
0.838383838384, 0.383838383838, 1.13639705, 1.00000000, 1.00000000, 1.00000000
0.838383838384, 0.393939393939, 1.14480302, 1.00000000, 1.00000000, 1.00000000
0.838383838384, 0.404040404040, 1.15262623, 1.00000000, 1.00000000, 1.00000000
0.838383838384, 0.414141414141, 1.15983494, 1.00000000, 1.00000000, 1.00000000
0.838383838384, 0.424242424242, 1.16639987, 1.00000000, 1.00000000, 1.00000000
0.838383838384, 0.434343434343, 1.17229440, 1.00000000, 1.00000000, 1.00000000
0.838383838384, 0.444444444444, 1.17749457, 1.00000000, 1.00000000, 1.00000000
0.838383838384, 0.454545454545, 1.18197926, 1.00000000, 1.00000000, 1.00000000
0.838383838384, 0.464646464646, 1.18573025, 1.00000000, 1.00000000, 1.00000000
0.838383838384, 0.474747474747, 1.18873229, 1.00000000, 1.00000000, 1.00000000
0.838383838384, 0.484848484848, 1.19097315, 1.00000000, 1.00000000, 1.00000000
0.838383838384, 0.494949494949, 1.19244371, 1.00000000, 1.00000000, 1.00000000
0.838383838384, 0.505050505051, 1.19313792, 1.00000000, 1.00000000, 1.00000000
0.838383838384, 0.515151515152, 1.19305297, 1.00000000, 1.00000000, 1.00000000
0.838383838384, 0.525252525253, 1.19218927, 1.00000000, 1.00000000, 1.00000000
0.838383838384, 0.535353535354, 1.19055040, 1.00000000, 1.00000000, 1.00000000
0.838383838384, 0.545454545455, 1.18814309, 1.00000000, 1.00000000, 1.00000000
0.838383838384, 0.555555555556, 1.18497716, 1.00000000, 1.00000000, 1.00000000
0.838383838384, 0.565656565657, 1.18106550, 1.00000000, 1.00000000, 1.00000000
0.838383838384, 0.575757575758, 1.17642404, 1.00000000, 1.00000000, 1.00000000
0.838383838384, 0.585858585859, 1.17107165, 1.00000000, 1.00000000, 1.00000000
0.838383838384, 0.595959595960, 1.16503010, 1.00000000, 1.00000000, 1.00000000
0.838383838384, 0.606060606061, 1.15832392, 1.00000000, 1.00000000, 1.00000000
0.838383838384, 0.616161616162, 1.15098035, 1.00000000, 1.00000000, 1.00000000
0.838383838384, 0.626262626263, 1.14302923, 1.00000000, 1.00000000, 1.00000000
0.838383838384, 0.636363636364, 1.13450282, 1.00000000, 1.00000000, 1.00000000
0.838383838384, 0.646464646465, 1.12543572, 1.00000000, 1.00000000, 1.00000000
0.838383838384, 0.656565656566, 1.11586474, 1.00000000, 1.00000000, 1.00000000
0.838383838384, 0.666666666667, 1.10582867, 1.00000000, 1.00000000, 1.00000000
0.838383838384, 0.676767676768, 1.09536820, 1.00000000, 1.00000000, 1.00000000
0.838383838384, 0.686868686869, 1.08452573, 1.00000000, 1.00000000, 1.00000000
0.838383838384, 0.696969696970, 1.07334517, 1.00000000, 1.00000000, 1.00000000
0.838383838384, 0.707070707071, 1.06187179, 1.00000000, 1.00000000, 1.00000000
0.838383838384, 0.717171717172, 1.05015200, 1.00000000, 1.00000000, 1.00000000
0.838383838384, 0.727272727273, 1.03823321, 1.00000000, 1.00000000, 1.00000000
0.838383838384, 0.737373737374, 1.02616359, 1.00000000, 1.00000000, 1.00000000
0.838383838384, 0.747474747475, 1.01399189, 1.00000000, 1.00000000, 1.00000000
0.838383838384, 0.757575757576, 1.00176722, 1.00000000, 1.00000000, 1.00000000
0.838383838384, 0.767676767677, 0.98953890, 1.00000000, 1.00000000, 1.00000000
0.838383838384, 0.777777777778, 0.97735620, 1.00000000, 1.00000000, 1.00000000
0.838383838384, 0.787878787879, 0.96526816, 1.00000000, 1.00000000, 1.00000000
0.838383838384, 0.797979797980, 0.95332343, 1.00000000, 1.00000000, 1.00000000
0.838383838384, 0.808080808081, 0.94157000, 1.00000000, 1.00000000, 1.00000000
0.838383838384, 0.818181818182, 0.93005505, 1.00000000, 1.00000000, 1.00000000
0.838383838384, 0.828282828283, 0.91882479, 1.00000000, 1.00000000, 1.00000000
0.838383838384, 0.838383838384, 0.90792419, 1.00000000, 1.00000000, 1.00000000
0.838383838384, 0.848484848485, 0.89739689, 1.00000000, 1.00000000, 1.00000000
0.838383838384, 0.858585858586, 0.88728498, 1.00000000, 1.00000000, 1.00000000
0.838383838384, 0.868686868687, 0.87762884, 1.00000000, 1.00000000, 1.00000000
0.838383838384, 0.878787878788, 0.86846699, 1.00000000, 1.00000000, 1.00000000
0.838383838384, 0.888888888889, 0.85983595, 1.00000000, 1.00000000, 1.00000000
0.838383838384, 0.898989898990, 0.85177007, 1.00000000, 1.00000000, 1.00000000
0.838383838384, 0.909090909091, 0.84430142, 1.00000000, 1.00000000, 1.00000000
0.838383838384, 0.919191919192, 0.83745967, 1.00000000, 1.00000000, 1.00000000
0.838383838384, 0.929292929293, 0.83127189, 1.00000000, 1.00000000, 1.00000000
0.838383838384, 0.939393939394, 0.82576236, 1.00000000, 1.00000000, 1.00000000
0.838383838384, 0.949494949495, 0.82095223, 1.00000000, 1.00000000, 1.00000000
0.838383838384, 0.959595959596, 0.81685881, 1.00000000, 1.00000000, 1.00000000
0.848484848485, -0.000000000000, 0.80772248, 1.00000000, 1.00000000, 1.00000000
0.848484848485, 0.010101010101, 0.80865015, 1.00000000, 1.00000000, 1.00000000
0.848484848485, 0.020202020202, 0.81020662, 1.00000000, 1.00000000, 1.00000000
0.848484848485, 0.030303030303, 0.81237439, 1.00000000, 1.00000000, 1.00000000
0.848484848485, 0.040404040404, 0.81515427, 1.00000000, 1.00000000, 1.00000000
0.848484848485, 0.050505050505, 0.81856554, 1.00000000, 1.00000000, 1.00000000
0.848484848485, 0.060606060606, 0.82263878, 1.00000000, 1.00000000, 1.00000000
0.848484848485, 0.070707070707, 0.82740406, 1.00000000, 1.00000000, 1.00000000
0.848484848485, 0.080808080808, 0.83287955, 1.00000000, 1.00000000, 1.00000000
0.848484848485, 0.090909090909, 0.83906502, 1.00000000, 1.00000000, 1.00000000
0.848484848485, 0.101010101010, 0.84594175, 1.00000000, 1.00000000, 1.00000000
0.848484848485, 0.111111111111, 0.85347724, 1.00000000, 1.00000000, 1.00000000
0.848484848485, 0.121212121212, 0.86163142, 1.00000000, 1.00000000, 1.00000000
0.848484848485, 0.131313131313, 0.87036159, 1.00000000, 1.00000000, 1.00000000
0.848484848485, 0.141414141414, 0.87962516, 1.00000000, 1.00000000, 1.00000000
0.848484848485, 0.151515151515, 0.88938020, 1.00000000, 1.00000000, 1.00000000
0.848484848485, 0.161616161616, 0.89958506, 1.00000000, 1.00000000, 1.00000000
0.848484848485, 0.171717171717, 0.91019769, 1.00000000, 1.00000000, 1.00000000
0.848484848485, 0.181818181818, 0.92117507, 1.00000000, 1.00000000, 1.00000000
0.848484848485, 0.191919191919, 0.93247302, 1.00000000, 1.00000000, 1.00000000
0.848484848485, 0.202020202020, 0.94404615, 1.00000000, 1.00000000, 1.00000000
0.848484848485, 0.212121212121, 0.95584798, 1.00000000, 1.00000000, 1.00000000
0.848484848485, 0.222222222222, 0.96783104, 1.00000000, 1.00000000, 1.00000000
0.848484848485, 0.232323232323, 0.97994713, 1.00000000, 1.00000000, 1.00000000
0.848484848485, 0.242424242424, 0.99214745, 1.00000000, 1.00000000, 1.00000000
0.848484848485, 0.252525252525, 1.00438281, 1.00000000, 1.00000000, 1.00000000
0.848484848485, 0.262626262626, 1.01660387, 1.00000000, 1.00000000, 1.00000000
0.848484848485, 0.272727272727, 1.02876129, 1.00000000, 1.00000000, 1.00000000
0.848484848485, 0.282828282828, 1.04080596, 1.00000000, 1.00000000, 1.00000000
0.848484848485, 0.292929292929, 1.05268919, 1.00000000, 1.00000000, 1.00000000
0.848484848485, 0.303030303030, 1.06436293, 1.00000000, 1.00000000, 1.00000000
0.848484848485, 0.313131313131, 1.07577994, 1.00000000, 1.00000000, 1.00000000
0.848484848485, 0.323232323232, 1.08689400, 1.00000000, 1.00000000, 1.00000000
0.848484848485, 0.333333333333, 1.09766010, 1.00000000, 1.00000000, 1.00000000
0.848484848485, 0.343434343434, 1.10803461, 1.00000000, 1.00000000, 1.00000000
0.848484848485, 0.353535353535, 1.11797549, 1.00000000, 1.00000000, 1.00000000
0.848484848485, 0.363636363636, 1.12744243, 1.00000000, 1.00000000, 1.00000000
0.848484848485, 0.373737373737, 1.13639705, 1.00000000, 1.00000000, 1.00000000
0.848484848485, 0.383838383838, 1.14480302, 1.00000000, 1.00000000, 1.00000000
0.848484848485, 0.393939393939, 1.15262623, 1.00000000, 1.00000000, 1.00000000
0.848484848485, 0.404040404040, 1.15983494, 1.00000000, 1.00000000, 1.00000000
0.848484848485, 0.414141414141, 1.16639987, 1.00000000, 1.00000000, 1.00000000
0.848484848485, 0.424242424242, 1.17229440, 1.00000000, 1.00000000, 1.00000000
0.848484848485, 0.434343434343, 1.17749457, 1.00000000, 1.00000000, 1.00000000
0.848484848485, 0.444444444444, 1.18197926, 1.00000000, 1.00000000, 1.00000000
0.848484848485, 0.454545454545, 1.18573025, 1.00000000, 1.00000000, 1.00000000
0.848484848485, 0.464646464646, 1.18873229, 1.00000000, 1.00000000, 1.00000000
0.848484848485, 0.474747474747, 1.19097315, 1.00000000, 1.00000000, 1.00000000
0.848484848485, 0.484848484848, 1.19244371, 1.00000000, 1.00000000, 1.00000000
0.848484848485, 0.494949494949, 1.19313792, 1.00000000, 1.00000000, 1.00000000
0.848484848485, 0.505050505051, 1.19305297, 1.00000000, 1.00000000, 1.00000000
0.848484848485, 0.515151515152, 1.19218927, 1.00000000, 1.00000000, 1.00000000
0.848484848485, 0.525252525253, 1.19055040, 1.00000000, 1.00000000, 1.00000000
0.848484848485, 0.535353535354, 1.18814309, 1.00000000, 1.00000000, 1.00000000
0.848484848485, 0.545454545455, 1.18497716, 1.00000000, 1.00000000, 1.00000000
0.848484848485, 0.555555555556, 1.18106550, 1.00000000, 1.00000000, 1.00000000
0.848484848485, 0.565656565657, 1.17642404, 1.00000000, 1.00000000, 1.00000000
0.848484848485, 0.575757575758, 1.17107165, 1.00000000, 1.00000000, 1.00000000
0.848484848485, 0.585858585859, 1.16503010, 1.00000000, 1.00000000, 1.00000000
0.848484848485, 0.595959595960, 1.15832392, 1.00000000, 1.00000000, 1.00000000
0.848484848485, 0.606060606061, 1.15098035, 1.00000000, 1.00000000, 1.00000000
0.848484848485, 0.616161616162, 1.14302923, 1.00000000, 1.00000000, 1.00000000
0.848484848485, 0.626262626263, 1.13450282, 1.00000000, 1.00000000, 1.00000000
0.848484848485, 0.636363636364, 1.12543572, 1.00000000, 1.00000000, 1.00000000
0.848484848485, 0.646464646465, 1.11586474, 1.00000000, 1.00000000, 1.00000000
0.848484848485, 0.656565656566, 1.10582867, 1.00000000, 1.00000000, 1.00000000
0.848484848485, 0.666666666667, 1.09536820, 1.00000000, 1.00000000, 1.00000000
0.848484848485, 0.676767676768, 1.08452573, 1.00000000, 1.00000000, 1.00000000
0.848484848485, 0.686868686869, 1.07334517, 1.00000000, 1.00000000, 1.00000000
0.848484848485, 0.696969696970, 1.06187179, 1.00000000, 1.00000000, 1.00000000
0.848484848485, 0.707070707071, 1.05015200, 1.00000000, 1.00000000, 1.00000000
0.848484848485, 0.717171717172, 1.03823321, 1.00000000, 1.00000000, 1.00000000
0.848484848485, 0.727272727273, 1.02616359, 1.00000000, 1.00000000, 1.00000000
0.848484848485, 0.737373737374, 1.01399189, 1.00000000, 1.00000000, 1.00000000
0.848484848485, 0.747474747475, 1.00176722, 1.00000000, 1.00000000, 1.00000000
0.848484848485, 0.757575757576, 0.98953890, 1.00000000, 1.00000000, 1.00000000
0.848484848485, 0.767676767677, 0.97735620, 1.00000000, 1.00000000, 1.00000000
0.848484848485, 0.777777777778, 0.96526816, 1.00000000, 1.00000000, 1.00000000
0.848484848485, 0.787878787879, 0.95332343, 1.00000000, 1.00000000, 1.00000000
0.848484848485, 0.797979797980, 0.94157000, 1.00000000, 1.00000000, 1.00000000
0.848484848485, 0.808080808081, 0.93005505, 1.00000000, 1.00000000, 1.00000000
0.848484848485, 0.818181818182, 0.91882479, 1.00000000, 1.00000000, 1.00000000
0.848484848485, 0.828282828283, 0.90792419, 1.00000000, 1.00000000, 1.00000000
0.848484848485, 0.838383838384, 0.89739689, 1.00000000, 1.00000000, 1.00000000
0.848484848485, 0.848484848485, 0.88728498, 1.00000000, 1.00000000, 1.00000000
0.848484848485, 0.858585858586, 0.87762884, 1.00000000, 1.00000000, 1.00000000
0.848484848485, 0.868686868687, 0.86846699, 1.00000000, 1.00000000, 1.00000000
0.848484848485, 0.878787878788, 0.85983595, 1.00000000, 1.00000000, 1.00000000
0.848484848485, 0.888888888889, 0.85177007, 1.00000000, 1.00000000, 1.00000000
0.848484848485, 0.898989898990, 0.84430144, 1.00000000, 1.00000000, 1.00000000
0.848484848485, 0.909090909091, 0.83745972, 1.00000000, 1.00000000, 1.00000000
0.848484848485, 0.919191919192, 0.83127206, 1.00000000, 1.00000000, 1.00000000
0.848484848485, 0.929292929293, 0.82576290, 1.00000000, 1.00000000, 1.00000000
0.848484848485, 0.939393939394, 0.82095379, 1.00000000, 1.00000000, 1.00000000
0.848484848485, 0.949494949495, 0.81686293, 1.00000000, 1.00000000, 1.00000000
0.848484848485, 0.959595959596, 0.81350448, 1.00000000, 1.00000000, 1.00000000
0.858585858586, -0.000000000000, 0.80889661, 1.00000000, 1.00000000, 1.00000000
0.858585858586, 0.010101010101, 0.81054696, 1.00000000, 1.00000000, 1.00000000
0.858585858586, 0.020202020202, 0.81280253, 1.00000000, 1.00000000, 1.00000000
0.858585858586, 0.030303030303, 0.81564485, 1.00000000, 1.00000000, 1.00000000
0.858585858586, 0.040404040404, 0.81907746, 1.00000000, 1.00000000, 1.00000000
0.858585858586, 0.050505050505, 0.82312511, 1.00000000, 1.00000000, 1.00000000
0.858585858586, 0.060606060606, 0.82782453, 1.00000000, 1.00000000, 1.00000000
0.858585858586, 0.070707070707, 0.83321025, 1.00000000, 1.00000000, 1.00000000
0.858585858586, 0.080808080808, 0.83930148, 1.00000000, 1.00000000, 1.00000000
0.858585858586, 0.090909090909, 0.84609536, 1.00000000, 1.00000000, 1.00000000
0.858585858586, 0.101010101010, 0.85356782, 1.00000000, 1.00000000, 1.00000000
0.858585858586, 0.111111111111, 0.86167984, 1.00000000, 1.00000000, 1.00000000
0.858585858586, 0.121212121212, 0.87038504, 1.00000000, 1.00000000, 1.00000000
0.858585858586, 0.131313131313, 0.87963542, 1.00000000, 1.00000000, 1.00000000
0.858585858586, 0.141414141414, 0.88938425, 1.00000000, 1.00000000, 1.00000000
0.858585858586, 0.151515151515, 0.89958651, 1.00000000, 1.00000000, 1.00000000
0.858585858586, 0.161616161616, 0.91019815, 1.00000000, 1.00000000, 1.00000000
0.858585858586, 0.171717171717, 0.92117520, 1.00000000, 1.00000000, 1.00000000
0.858585858586, 0.181818181818, 0.93247305, 1.00000000, 1.00000000, 1.00000000
0.858585858586, 0.191919191919, 0.94404616, 1.00000000, 1.00000000, 1.00000000
0.858585858586, 0.202020202020, 0.95584798, 1.00000000, 1.00000000, 1.00000000
0.858585858586, 0.212121212121, 0.96783104, 1.00000000, 1.00000000, 1.00000000
0.858585858586, 0.222222222222, 0.97994713, 1.00000000, 1.00000000, 1.00000000
0.858585858586, 0.232323232323, 0.99214745, 1.00000000, 1.00000000, 1.00000000
0.858585858586, 0.242424242424, 1.00438281, 1.00000000, 1.00000000, 1.00000000
0.858585858586, 0.252525252525, 1.01660387, 1.00000000, 1.00000000, 1.00000000
0.858585858586, 0.262626262626, 1.02876129, 1.00000000, 1.00000000, 1.00000000
0.858585858586, 0.272727272727, 1.04080596, 1.00000000, 1.00000000, 1.00000000
0.858585858586, 0.282828282828, 1.05268919, 1.00000000, 1.00000000, 1.00000000
0.858585858586, 0.292929292929, 1.06436293, 1.00000000, 1.00000000, 1.00000000
0.858585858586, 0.303030303030, 1.07577994, 1.00000000, 1.00000000, 1.00000000
0.858585858586, 0.313131313131, 1.08689400, 1.00000000, 1.00000000, 1.00000000
0.858585858586, 0.323232323232, 1.09766010, 1.00000000, 1.00000000, 1.00000000
0.858585858586, 0.333333333333, 1.10803461, 1.00000000, 1.00000000, 1.00000000
0.858585858586, 0.343434343434, 1.11797549, 1.00000000, 1.00000000, 1.00000000
0.858585858586, 0.353535353535, 1.12744243, 1.00000000, 1.00000000, 1.00000000
0.858585858586, 0.363636363636, 1.13639705, 1.00000000, 1.00000000, 1.00000000
0.858585858586, 0.373737373737, 1.14480302, 1.00000000, 1.00000000, 1.00000000
0.858585858586, 0.383838383838, 1.15262623, 1.00000000, 1.00000000, 1.00000000
0.858585858586, 0.393939393939, 1.15983494, 1.00000000, 1.00000000, 1.00000000
0.858585858586, 0.404040404040, 1.16639987, 1.00000000, 1.00000000, 1.00000000
0.858585858586, 0.414141414141, 1.17229440, 1.00000000, 1.00000000, 1.00000000
0.858585858586, 0.424242424242, 1.17749457, 1.00000000, 1.00000000, 1.00000000
0.858585858586, 0.434343434343, 1.18197926, 1.00000000, 1.00000000, 1.00000000
0.858585858586, 0.444444444444, 1.18573025, 1.00000000, 1.00000000, 1.00000000
0.858585858586, 0.454545454545, 1.18873229, 1.00000000, 1.00000000, 1.00000000
0.858585858586, 0.464646464646, 1.19097315, 1.00000000, 1.00000000, 1.00000000
0.858585858586, 0.474747474747, 1.19244371, 1.00000000, 1.00000000, 1.00000000
0.858585858586, 0.484848484848, 1.19313792, 1.00000000, 1.00000000, 1.00000000
0.858585858586, 0.494949494949, 1.19305297, 1.00000000, 1.00000000, 1.00000000
0.858585858586, 0.505050505051, 1.19218927, 1.00000000, 1.00000000, 1.00000000
0.858585858586, 0.515151515152, 1.19055040, 1.00000000, 1.00000000, 1.00000000
0.858585858586, 0.525252525253, 1.18814309, 1.00000000, 1.00000000, 1.00000000
0.858585858586, 0.535353535354, 1.18497716, 1.00000000, 1.00000000, 1.00000000
0.858585858586, 0.545454545455, 1.18106550, 1.00000000, 1.00000000, 1.00000000
0.858585858586, 0.555555555556, 1.17642404, 1.00000000, 1.00000000, 1.00000000
0.858585858586, 0.565656565657, 1.17107165, 1.00000000, 1.00000000, 1.00000000
0.858585858586, 0.575757575758, 1.16503010, 1.00000000, 1.00000000, 1.00000000
0.858585858586, 0.585858585859, 1.15832392, 1.00000000, 1.00000000, 1.00000000
0.858585858586, 0.595959595960, 1.15098035, 1.00000000, 1.00000000, 1.00000000
0.858585858586, 0.606060606061, 1.14302923, 1.00000000, 1.00000000, 1.00000000
0.858585858586, 0.616161616162, 1.13450282, 1.00000000, 1.00000000, 1.00000000
0.858585858586, 0.626262626263, 1.12543572, 1.00000000, 1.00000000, 1.00000000
0.858585858586, 0.636363636364, 1.11586474, 1.00000000, 1.00000000, 1.00000000
0.858585858586, 0.646464646465, 1.10582867, 1.00000000, 1.00000000, 1.00000000
0.858585858586, 0.656565656566, 1.09536820, 1.00000000, 1.00000000, 1.00000000
0.858585858586, 0.666666666667, 1.08452573, 1.00000000, 1.00000000, 1.00000000
0.858585858586, 0.676767676768, 1.07334517, 1.00000000, 1.00000000, 1.00000000
0.858585858586, 0.686868686869, 1.06187179, 1.00000000, 1.00000000, 1.00000000
0.858585858586, 0.696969696970, 1.05015200, 1.00000000, 1.00000000, 1.00000000
0.858585858586, 0.707070707071, 1.03823321, 1.00000000, 1.00000000, 1.00000000
0.858585858586, 0.717171717172, 1.02616359, 1.00000000, 1.00000000, 1.00000000
0.858585858586, 0.727272727273, 1.01399189, 1.00000000, 1.00000000, 1.00000000
0.858585858586, 0.737373737374, 1.00176722, 1.00000000, 1.00000000, 1.00000000
0.858585858586, 0.747474747475, 0.98953890, 1.00000000, 1.00000000, 1.00000000
0.858585858586, 0.757575757576, 0.97735620, 1.00000000, 1.00000000, 1.00000000
0.858585858586, 0.767676767677, 0.96526816, 1.00000000, 1.00000000, 1.00000000
0.858585858586, 0.777777777778, 0.95332343, 1.00000000, 1.00000000, 1.00000000
0.858585858586, 0.787878787879, 0.94157000, 1.00000000, 1.00000000, 1.00000000
0.858585858586, 0.797979797980, 0.93005505, 1.00000000, 1.00000000, 1.00000000
0.858585858586, 0.808080808081, 0.91882479, 1.00000000, 1.00000000, 1.00000000
0.858585858586, 0.818181818182, 0.90792419, 1.00000000, 1.00000000, 1.00000000
0.858585858586, 0.828282828283, 0.89739689, 1.00000000, 1.00000000, 1.00000000
0.858585858586, 0.838383838384, 0.88728498, 1.00000000, 1.00000000, 1.00000000
0.858585858586, 0.848484848485, 0.87762884, 1.00000000, 1.00000000, 1.00000000
0.858585858586, 0.858585858586, 0.86846699, 1.00000000, 1.00000000, 1.00000000
0.858585858586, 0.868686868687, 0.85983595, 1.00000000, 1.00000000, 1.00000000
0.858585858586, 0.878787878788, 0.85177007, 1.00000000, 1.00000000, 1.00000000
0.858585858586, 0.888888888889, 0.84430144, 1.00000000, 1.00000000, 1.00000000
0.858585858586, 0.898989898990, 0.83745973, 1.00000000, 1.00000000, 1.00000000
0.858585858586, 0.909090909091, 0.83127211, 1.00000000, 1.00000000, 1.00000000
0.858585858586, 0.919191919192, 0.82576310, 1.00000000, 1.00000000, 1.00000000
0.858585858586, 0.929292929293, 0.82095444, 1.00000000, 1.00000000, 1.00000000
0.858585858586, 0.939393939394, 0.81686483, 1.00000000, 1.00000000, 1.00000000
0.858585858586, 0.949494949495, 0.81350950, 1.00000000, 1.00000000, 1.00000000
0.858585858586, 0.959595959596, 0.81089938, 1.00000000, 1.00000000, 1.00000000
0.868686868687, -0.000000000000, 0.81083874, 1.00000000, 1.00000000, 1.00000000
0.868686868687, 0.010101010101, 0.81320528, 1.00000000, 1.00000000, 1.00000000
0.868686868687, 0.020202020202, 0.81615100, 1.00000000, 1.00000000, 1.00000000
0.868686868687, 0.030303030303, 0.81965652, 1.00000000, 1.00000000, 1.00000000
0.868686868687, 0.040404040404, 0.82372807, 1.00000000, 1.00000000, 1.00000000
0.868686868687, 0.050505050505, 0.82839585, 1.00000000, 1.00000000, 1.00000000
0.868686868687, 0.060606060606, 0.83370266, 1.00000000, 1.00000000, 1.00000000
0.868686868687, 0.070707070707, 0.83968736, 1.00000000, 1.00000000, 1.00000000
0.868686868687, 0.080808080808, 0.84637016, 1.00000000, 1.00000000, 1.00000000
0.868686868687, 0.090909090909, 0.85374554, 1.00000000, 1.00000000, 1.00000000
0.868686868687, 0.101010101010, 0.86178413, 1.00000000, 1.00000000, 1.00000000
0.868686868687, 0.111111111111, 0.87044051, 1.00000000, 1.00000000, 1.00000000
0.868686868687, 0.121212121212, 0.87966213, 1.00000000, 1.00000000, 1.00000000
0.868686868687, 0.131313131313, 0.88939588, 1.00000000, 1.00000000, 1.00000000
0.868686868687, 0.141414141414, 0.89959107, 1.00000000, 1.00000000, 1.00000000
0.868686868687, 0.151515151515, 0.91019977, 1.00000000, 1.00000000, 1.00000000
0.868686868687, 0.161616161616, 0.92117571, 1.00000000, 1.00000000, 1.00000000
0.868686868687, 0.171717171717, 0.93247320, 1.00000000, 1.00000000, 1.00000000
0.868686868687, 0.181818181818, 0.94404620, 1.00000000, 1.00000000, 1.00000000
0.868686868687, 0.191919191919, 0.95584799, 1.00000000, 1.00000000, 1.00000000
0.868686868687, 0.202020202020, 0.96783104, 1.00000000, 1.00000000, 1.00000000
0.868686868687, 0.212121212121, 0.97994713, 1.00000000, 1.00000000, 1.00000000
0.868686868687, 0.222222222222, 0.99214745, 1.00000000, 1.00000000, 1.00000000
0.868686868687, 0.232323232323, 1.00438281, 1.00000000, 1.00000000, 1.00000000
0.868686868687, 0.242424242424, 1.01660387, 1.00000000, 1.00000000, 1.00000000
0.868686868687, 0.252525252525, 1.02876129, 1.00000000, 1.00000000, 1.00000000
0.868686868687, 0.262626262626, 1.04080596, 1.00000000, 1.00000000, 1.00000000
0.868686868687, 0.272727272727, 1.05268919, 1.00000000, 1.00000000, 1.00000000
0.868686868687, 0.282828282828, 1.06436293, 1.00000000, 1.00000000, 1.00000000
0.868686868687, 0.292929292929, 1.07577994, 1.00000000, 1.00000000, 1.00000000
0.868686868687, 0.303030303030, 1.08689400, 1.00000000, 1.00000000, 1.00000000
0.868686868687, 0.313131313131, 1.09766010, 1.00000000, 1.00000000, 1.00000000
0.868686868687, 0.323232323232, 1.10803461, 1.00000000, 1.00000000, 1.00000000
0.868686868687, 0.333333333333, 1.11797549, 1.00000000, 1.00000000, 1.00000000
0.868686868687, 0.343434343434, 1.12744243, 1.00000000, 1.00000000, 1.00000000
0.868686868687, 0.353535353535, 1.13639705, 1.00000000, 1.00000000, 1.00000000
0.868686868687, 0.363636363636, 1.14480302, 1.00000000, 1.00000000, 1.00000000
0.868686868687, 0.373737373737, 1.15262623, 1.00000000, 1.00000000, 1.00000000
0.868686868687, 0.383838383838, 1.15983494, 1.00000000, 1.00000000, 1.00000000
0.868686868687, 0.393939393939, 1.16639987, 1.00000000, 1.00000000, 1.00000000
0.868686868687, 0.404040404040, 1.17229440, 1.00000000, 1.00000000, 1.00000000
0.868686868687, 0.414141414141, 1.17749457, 1.00000000, 1.00000000, 1.00000000
0.868686868687, 0.424242424242, 1.18197926, 1.00000000, 1.00000000, 1.00000000
0.868686868687, 0.434343434343, 1.18573025, 1.00000000, 1.00000000, 1.00000000
0.868686868687, 0.444444444444, 1.18873229, 1.00000000, 1.00000000, 1.00000000
0.868686868687, 0.454545454545, 1.19097315, 1.00000000, 1.00000000, 1.00000000
0.868686868687, 0.464646464646, 1.19244371, 1.00000000, 1.00000000, 1.00000000
0.868686868687, 0.474747474747, 1.19313792, 1.00000000, 1.00000000, 1.00000000
0.868686868687, 0.484848484848, 1.19305297, 1.00000000, 1.00000000, 1.00000000
0.868686868687, 0.494949494949, 1.19218927, 1.00000000, 1.00000000, 1.00000000
0.868686868687, 0.505050505051, 1.19055040, 1.00000000, 1.00000000, 1.00000000
0.868686868687, 0.515151515152, 1.18814309, 1.00000000, 1.00000000, 1.00000000
0.868686868687, 0.525252525253, 1.18497716, 1.00000000, 1.00000000, 1.00000000
0.868686868687, 0.535353535354, 1.18106550, 1.00000000, 1.00000000, 1.00000000
0.868686868687, 0.545454545455, 1.17642404, 1.00000000, 1.00000000, 1.00000000
0.868686868687, 0.555555555556, 1.17107165, 1.00000000, 1.00000000, 1.00000000
0.868686868687, 0.565656565657, 1.16503010, 1.00000000, 1.00000000, 1.00000000
0.868686868687, 0.575757575758, 1.15832392, 1.00000000, 1.00000000, 1.00000000
0.868686868687, 0.585858585859, 1.15098035, 1.00000000, 1.00000000, 1.00000000
0.868686868687, 0.595959595960, 1.14302923, 1.00000000, 1.00000000, 1.00000000
0.868686868687, 0.606060606061, 1.13450282, 1.00000000, 1.00000000, 1.00000000
0.868686868687, 0.616161616162, 1.12543572, 1.00000000, 1.00000000, 1.00000000
0.868686868687, 0.626262626263, 1.11586474, 1.00000000, 1.00000000, 1.00000000
0.868686868687, 0.636363636364, 1.10582867, 1.00000000, 1.00000000, 1.00000000
0.868686868687, 0.646464646465, 1.09536820, 1.00000000, 1.00000000, 1.00000000
0.868686868687, 0.656565656566, 1.08452573, 1.00000000, 1.00000000, 1.00000000
0.868686868687, 0.666666666667, 1.07334517, 1.00000000, 1.00000000, 1.00000000
0.868686868687, 0.676767676768, 1.06187179, 1.00000000, 1.00000000, 1.00000000
0.868686868687, 0.686868686869, 1.05015200, 1.00000000, 1.00000000, 1.00000000
0.868686868687, 0.696969696970, 1.03823321, 1.00000000, 1.00000000, 1.00000000
0.868686868687, 0.707070707071, 1.02616359, 1.00000000, 1.00000000, 1.00000000
0.868686868687, 0.717171717172, 1.01399189, 1.00000000, 1.00000000, 1.00000000
0.868686868687, 0.727272727273, 1.00176722, 1.00000000, 1.00000000, 1.00000000
0.868686868687, 0.737373737374, 0.98953890, 1.00000000, 1.00000000, 1.00000000
0.868686868687, 0.747474747475, 0.97735620, 1.00000000, 1.00000000, 1.00000000
0.868686868687, 0.757575757576, 0.96526816, 1.00000000, 1.00000000, 1.00000000
0.868686868687, 0.767676767677, 0.95332343, 1.00000000, 1.00000000, 1.00000000
0.868686868687, 0.777777777778, 0.94157000, 1.00000000, 1.00000000, 1.00000000
0.868686868687, 0.787878787879, 0.93005505, 1.00000000, 1.00000000, 1.00000000
0.868686868687, 0.797979797980, 0.91882479, 1.00000000, 1.00000000, 1.00000000
0.868686868687, 0.808080808081, 0.90792419, 1.00000000, 1.00000000, 1.00000000
0.868686868687, 0.818181818182, 0.89739689, 1.00000000, 1.00000000, 1.00000000
0.868686868687, 0.828282828283, 0.88728498, 1.00000000, 1.00000000, 1.00000000
0.868686868687, 0.838383838384, 0.87762884, 1.00000000, 1.00000000, 1.00000000
0.868686868687, 0.848484848485, 0.86846699, 1.00000000, 1.00000000, 1.00000000
0.868686868687, 0.858585858586, 0.85983595, 1.00000000, 1.00000000, 1.00000000
0.868686868687, 0.868686868687, 0.85177007, 1.00000000, 1.00000000, 1.00000000
0.868686868687, 0.878787878788, 0.84430144, 1.00000000, 1.00000000, 1.00000000
0.868686868687, 0.888888888889, 0.83745974, 1.00000000, 1.00000000, 1.00000000
0.868686868687, 0.898989898990, 0.83127213, 1.00000000, 1.00000000, 1.00000000
0.868686868687, 0.909090909091, 0.82576317, 1.00000000, 1.00000000, 1.00000000
0.868686868687, 0.919191919192, 0.82095467, 1.00000000, 1.00000000, 1.00000000
0.868686868687, 0.929292929293, 0.81686559, 1.00000000, 1.00000000, 1.00000000
0.868686868687, 0.939393939394, 0.81351173, 1.00000000, 1.00000000, 1.00000000
0.868686868687, 0.949494949495, 0.81090529, 1.00000000, 1.00000000, 1.00000000
0.868686868687, 0.959595959596, 0.80905393, 1.00000000, 1.00000000, 1.00000000
0.878787878788, -0.000000000000, 0.81354122, 1.00000000, 1.00000000, 1.00000000
0.878787878788, 0.010101010101, 0.81661462, 1.00000000, 1.00000000, 1.00000000
0.878787878788, 0.020202020202, 0.82023881, 1.00000000, 1.00000000, 1.00000000
0.878787878788, 0.030303030303, 0.82439353, 1.00000000, 1.00000000, 1.00000000
0.878787878788, 0.040404040404, 0.82908769, 1.00000000, 1.00000000, 1.00000000
0.878787878788, 0.050505050505, 0.83435685, 1.00000000, 1.00000000, 1.00000000
0.878787878788, 0.060606060606, 0.84024981, 1.00000000, 1.00000000, 1.00000000
0.878787878788, 0.070707070707, 0.84680964, 1.00000000, 1.00000000, 1.00000000
0.878787878788, 0.080808080808, 0.85405747, 1.00000000, 1.00000000, 1.00000000
0.878787878788, 0.090909090909, 0.86198511, 1.00000000, 1.00000000, 1.00000000
0.878787878788, 0.101010101010, 0.87055797, 1.00000000, 1.00000000, 1.00000000
0.878787878788, 0.111111111111, 0.87972433, 1.00000000, 1.00000000, 1.00000000
0.878787878788, 0.121212121212, 0.88942569, 1.00000000, 1.00000000, 1.00000000
0.878787878788, 0.131313131313, 0.89960398, 1.00000000, 1.00000000, 1.00000000
0.878787878788, 0.141414141414, 0.91020481, 1.00000000, 1.00000000, 1.00000000
0.878787878788, 0.151515151515, 0.92117749, 1.00000000, 1.00000000, 1.00000000
0.878787878788, 0.161616161616, 0.93247376, 1.00000000, 1.00000000, 1.00000000
0.878787878788, 0.171717171717, 0.94404635, 1.00000000, 1.00000000, 1.00000000
0.878787878788, 0.181818181818, 0.95584803, 1.00000000, 1.00000000, 1.00000000
0.878787878788, 0.191919191919, 0.96783105, 1.00000000, 1.00000000, 1.00000000
0.878787878788, 0.202020202020, 0.97994713, 1.00000000, 1.00000000, 1.00000000
0.878787878788, 0.212121212121, 0.99214745, 1.00000000, 1.00000000, 1.00000000
0.878787878788, 0.222222222222, 1.00438281, 1.00000000, 1.00000000, 1.00000000
0.878787878788, 0.232323232323, 1.01660387, 1.00000000, 1.00000000, 1.00000000
0.878787878788, 0.242424242424, 1.02876129, 1.00000000, 1.00000000, 1.00000000
0.878787878788, 0.252525252525, 1.04080596, 1.00000000, 1.00000000, 1.00000000
0.878787878788, 0.262626262626, 1.05268919, 1.00000000, 1.00000000, 1.00000000
0.878787878788, 0.272727272727, 1.06436293, 1.00000000, 1.00000000, 1.00000000
0.878787878788, 0.282828282828, 1.07577994, 1.00000000, 1.00000000, 1.00000000
0.878787878788, 0.292929292929, 1.08689400, 1.00000000, 1.00000000, 1.00000000
0.878787878788, 0.303030303030, 1.09766010, 1.00000000, 1.00000000, 1.00000000
0.878787878788, 0.313131313131, 1.10803461, 1.00000000, 1.00000000, 1.00000000
0.878787878788, 0.323232323232, 1.11797549, 1.00000000, 1.00000000, 1.00000000
0.878787878788, 0.333333333333, 1.12744243, 1.00000000, 1.00000000, 1.00000000
0.878787878788, 0.343434343434, 1.13639705, 1.00000000, 1.00000000, 1.00000000
0.878787878788, 0.353535353535, 1.14480302, 1.00000000, 1.00000000, 1.00000000
0.878787878788, 0.363636363636, 1.15262623, 1.00000000, 1.00000000, 1.00000000
0.878787878788, 0.373737373737, 1.15983494, 1.00000000, 1.00000000, 1.00000000
0.878787878788, 0.383838383838, 1.16639987, 1.00000000, 1.00000000, 1.00000000
0.878787878788, 0.393939393939, 1.17229440, 1.00000000, 1.00000000, 1.00000000
0.878787878788, 0.404040404040, 1.17749457, 1.00000000, 1.00000000, 1.00000000
0.878787878788, 0.414141414141, 1.18197926, 1.00000000, 1.00000000, 1.00000000
0.878787878788, 0.424242424242, 1.18573025, 1.00000000, 1.00000000, 1.00000000
0.878787878788, 0.434343434343, 1.18873229, 1.00000000, 1.00000000, 1.00000000
0.878787878788, 0.444444444444, 1.19097315, 1.00000000, 1.00000000, 1.00000000
0.878787878788, 0.454545454545, 1.19244371, 1.00000000, 1.00000000, 1.00000000
0.878787878788, 0.464646464646, 1.19313792, 1.00000000, 1.00000000, 1.00000000
0.878787878788, 0.474747474747, 1.19305297, 1.00000000, 1.00000000, 1.00000000
0.878787878788, 0.484848484848, 1.19218927, 1.00000000, 1.00000000, 1.00000000
0.878787878788, 0.494949494949, 1.19055040, 1.00000000, 1.00000000, 1.00000000
0.878787878788, 0.505050505051, 1.18814309, 1.00000000, 1.00000000, 1.00000000
0.878787878788, 0.515151515152, 1.18497716, 1.00000000, 1.00000000, 1.00000000
0.878787878788, 0.525252525253, 1.18106550, 1.00000000, 1.00000000, 1.00000000
0.878787878788, 0.535353535354, 1.17642404, 1.00000000, 1.00000000, 1.00000000
0.878787878788, 0.545454545455, 1.17107165, 1.00000000, 1.00000000, 1.00000000
0.878787878788, 0.555555555556, 1.16503010, 1.00000000, 1.00000000, 1.00000000
0.878787878788, 0.565656565657, 1.15832392, 1.00000000, 1.00000000, 1.00000000
0.878787878788, 0.575757575758, 1.15098035, 1.00000000, 1.00000000, 1.00000000
0.878787878788, 0.585858585859, 1.14302923, 1.00000000, 1.00000000, 1.00000000
0.878787878788, 0.595959595960, 1.13450282, 1.00000000, 1.00000000, 1.00000000
0.878787878788, 0.606060606061, 1.12543572, 1.00000000, 1.00000000, 1.00000000
0.878787878788, 0.616161616162, 1.11586474, 1.00000000, 1.00000000, 1.00000000
0.878787878788, 0.626262626263, 1.10582867, 1.00000000, 1.00000000, 1.00000000
0.878787878788, 0.636363636364, 1.09536820, 1.00000000, 1.00000000, 1.00000000
0.878787878788, 0.646464646465, 1.08452573, 1.00000000, 1.00000000, 1.00000000
0.878787878788, 0.656565656566, 1.07334517, 1.00000000, 1.00000000, 1.00000000
0.878787878788, 0.666666666667, 1.06187179, 1.00000000, 1.00000000, 1.00000000
0.878787878788, 0.676767676768, 1.05015200, 1.00000000, 1.00000000, 1.00000000
0.878787878788, 0.686868686869, 1.03823321, 1.00000000, 1.00000000, 1.00000000
0.878787878788, 0.696969696970, 1.02616359, 1.00000000, 1.00000000, 1.00000000
0.878787878788, 0.707070707071, 1.01399189, 1.00000000, 1.00000000, 1.00000000
0.878787878788, 0.717171717172, 1.00176722, 1.00000000, 1.00000000, 1.00000000
0.878787878788, 0.727272727273, 0.98953890, 1.00000000, 1.00000000, 1.00000000
0.878787878788, 0.737373737374, 0.97735620, 1.00000000, 1.00000000, 1.00000000
0.878787878788, 0.747474747475, 0.96526816, 1.00000000, 1.00000000, 1.00000000
0.878787878788, 0.757575757576, 0.95332343, 1.00000000, 1.00000000, 1.00000000
0.878787878788, 0.767676767677, 0.94157000, 1.00000000, 1.00000000, 1.00000000
0.878787878788, 0.777777777778, 0.93005505, 1.00000000, 1.00000000, 1.00000000
0.878787878788, 0.787878787879, 0.91882479, 1.00000000, 1.00000000, 1.00000000
0.878787878788, 0.797979797980, 0.90792419, 1.00000000, 1.00000000, 1.00000000
0.878787878788, 0.808080808081, 0.89739689, 1.00000000, 1.00000000, 1.00000000
0.878787878788, 0.818181818182, 0.88728498, 1.00000000, 1.00000000, 1.00000000
0.878787878788, 0.828282828283, 0.87762884, 1.00000000, 1.00000000, 1.00000000
0.878787878788, 0.838383838384, 0.86846699, 1.00000000, 1.00000000, 1.00000000
0.878787878788, 0.848484848485, 0.85983595, 1.00000000, 1.00000000, 1.00000000
0.878787878788, 0.858585858586, 0.85177007, 1.00000000, 1.00000000, 1.00000000
0.878787878788, 0.868686868687, 0.84430144, 1.00000000, 1.00000000, 1.00000000
0.878787878788, 0.878787878788, 0.83745974, 1.00000000, 1.00000000, 1.00000000
0.878787878788, 0.888888888889, 0.83127213, 1.00000000, 1.00000000, 1.00000000
0.878787878788, 0.898989898990, 0.82576319, 1.00000000, 1.00000000, 1.00000000
0.878787878788, 0.909090909091, 0.82095475, 1.00000000, 1.00000000, 1.00000000
0.878787878788, 0.919191919192, 0.81686586, 1.00000000, 1.00000000, 1.00000000
0.878787878788, 0.929292929293, 0.81351259, 1.00000000, 1.00000000, 1.00000000
0.878787878788, 0.939393939394, 0.81090782, 1.00000000, 1.00000000, 1.00000000
0.878787878788, 0.949494949495, 0.80906068, 1.00000000, 1.00000000, 1.00000000
0.878787878788, 0.959595959596, 0.80797553, 1.00000000, 1.00000000, 1.00000000
0.888888888889, -0.000000000000, 0.81699337, 1.00000000, 1.00000000, 1.00000000
0.888888888889, 0.010101010101, 0.82076155, 1.00000000, 1.00000000, 1.00000000
0.888888888889, 0.020202020202, 0.82504984, 1.00000000, 1.00000000, 1.00000000
0.888888888889, 0.030303030303, 0.82983715, 1.00000000, 1.00000000, 1.00000000
0.888888888889, 0.040404040404, 0.83513509, 1.00000000, 1.00000000, 1.00000000
0.888888888889, 0.050505050505, 0.84098448, 1.00000000, 1.00000000, 1.00000000
0.888888888889, 0.060606060606, 0.84743997, 1.00000000, 1.00000000, 1.00000000
0.888888888889, 0.070707070707, 0.85454878, 1.00000000, 1.00000000, 1.00000000
0.888888888889, 0.080808080808, 0.86233283, 1.00000000, 1.00000000, 1.00000000
0.888888888889, 0.090909090909, 0.87078128, 1.00000000, 1.00000000, 1.00000000
0.888888888889, 0.101010101010, 0.87985437, 1.00000000, 1.00000000, 1.00000000
0.888888888889, 0.111111111111, 0.88949428, 1.00000000, 1.00000000, 1.00000000
0.888888888889, 0.121212121212, 0.89963671, 1.00000000, 1.00000000, 1.00000000
0.888888888889, 0.131313131313, 0.91021892, 1.00000000, 1.00000000, 1.00000000
0.888888888889, 0.141414141414, 0.92118297, 1.00000000, 1.00000000, 1.00000000
0.888888888889, 0.151515151515, 0.93247568, 1.00000000, 1.00000000, 1.00000000
0.888888888889, 0.161616161616, 0.94404696, 1.00000000, 1.00000000, 1.00000000
0.888888888889, 0.171717171717, 0.95584820, 1.00000000, 1.00000000, 1.00000000
0.888888888889, 0.181818181818, 0.96783110, 1.00000000, 1.00000000, 1.00000000
0.888888888889, 0.191919191919, 0.97994714, 1.00000000, 1.00000000, 1.00000000
0.888888888889, 0.202020202020, 0.99214745, 1.00000000, 1.00000000, 1.00000000
0.888888888889, 0.212121212121, 1.00438281, 1.00000000, 1.00000000, 1.00000000
0.888888888889, 0.222222222222, 1.01660387, 1.00000000, 1.00000000, 1.00000000
0.888888888889, 0.232323232323, 1.02876129, 1.00000000, 1.00000000, 1.00000000
0.888888888889, 0.242424242424, 1.04080596, 1.00000000, 1.00000000, 1.00000000
0.888888888889, 0.252525252525, 1.05268919, 1.00000000, 1.00000000, 1.00000000
0.888888888889, 0.262626262626, 1.06436293, 1.00000000, 1.00000000, 1.00000000
0.888888888889, 0.272727272727, 1.07577994, 1.00000000, 1.00000000, 1.00000000
0.888888888889, 0.282828282828, 1.08689400, 1.00000000, 1.00000000, 1.00000000
0.888888888889, 0.292929292929, 1.09766010, 1.00000000, 1.00000000, 1.00000000
0.888888888889, 0.303030303030, 1.10803461, 1.00000000, 1.00000000, 1.00000000
0.888888888889, 0.313131313131, 1.11797549, 1.00000000, 1.00000000, 1.00000000
0.888888888889, 0.323232323232, 1.12744243, 1.00000000, 1.00000000, 1.00000000
0.888888888889, 0.333333333333, 1.13639705, 1.00000000, 1.00000000, 1.00000000
0.888888888889, 0.343434343434, 1.14480302, 1.00000000, 1.00000000, 1.00000000
0.888888888889, 0.353535353535, 1.15262623, 1.00000000, 1.00000000, 1.00000000
0.888888888889, 0.363636363636, 1.15983494, 1.00000000, 1.00000000, 1.00000000
0.888888888889, 0.373737373737, 1.16639987, 1.00000000, 1.00000000, 1.00000000
0.888888888889, 0.383838383838, 1.17229440, 1.00000000, 1.00000000, 1.00000000
0.888888888889, 0.393939393939, 1.17749457, 1.00000000, 1.00000000, 1.00000000
0.888888888889, 0.404040404040, 1.18197926, 1.00000000, 1.00000000, 1.00000000
0.888888888889, 0.414141414141, 1.18573025, 1.00000000, 1.00000000, 1.00000000
0.888888888889, 0.424242424242, 1.18873229, 1.00000000, 1.00000000, 1.00000000
0.888888888889, 0.434343434343, 1.19097315, 1.00000000, 1.00000000, 1.00000000
0.888888888889, 0.444444444444, 1.19244371, 1.00000000, 1.00000000, 1.00000000
0.888888888889, 0.454545454545, 1.19313792, 1.00000000, 1.00000000, 1.00000000
0.888888888889, 0.464646464646, 1.19305297, 1.00000000, 1.00000000, 1.00000000
0.888888888889, 0.474747474747, 1.19218927, 1.00000000, 1.00000000, 1.00000000
0.888888888889, 0.484848484848, 1.19055040, 1.00000000, 1.00000000, 1.00000000
0.888888888889, 0.494949494949, 1.18814309, 1.00000000, 1.00000000, 1.00000000
0.888888888889, 0.505050505051, 1.18497716, 1.00000000, 1.00000000, 1.00000000
0.888888888889, 0.515151515152, 1.18106550, 1.00000000, 1.00000000, 1.00000000
0.888888888889, 0.525252525253, 1.17642404, 1.00000000, 1.00000000, 1.00000000
0.888888888889, 0.535353535354, 1.17107166, 1.00000000, 1.00000000, 1.00000000
0.888888888889, 0.545454545455, 1.16503010, 1.00000000, 1.00000000, 1.00000000
0.888888888889, 0.555555555556, 1.15832392, 1.00000000, 1.00000000, 1.00000000
0.888888888889, 0.565656565657, 1.15098035, 1.00000000, 1.00000000, 1.00000000
0.888888888889, 0.575757575758, 1.14302923, 1.00000000, 1.00000000, 1.00000000
0.888888888889, 0.585858585859, 1.13450282, 1.00000000, 1.00000000, 1.00000000
0.888888888889, 0.595959595960, 1.12543572, 1.00000000, 1.00000000, 1.00000000
0.888888888889, 0.606060606061, 1.11586474, 1.00000000, 1.00000000, 1.00000000
0.888888888889, 0.616161616162, 1.10582867, 1.00000000, 1.00000000, 1.00000000
0.888888888889, 0.626262626263, 1.09536820, 1.00000000, 1.00000000, 1.00000000
0.888888888889, 0.636363636364, 1.08452573, 1.00000000, 1.00000000, 1.00000000
0.888888888889, 0.646464646465, 1.07334517, 1.00000000, 1.00000000, 1.00000000
0.888888888889, 0.656565656566, 1.06187179, 1.00000000, 1.00000000, 1.00000000
0.888888888889, 0.666666666667, 1.05015200, 1.00000000, 1.00000000, 1.00000000
0.888888888889, 0.676767676768, 1.03823321, 1.00000000, 1.00000000, 1.00000000
0.888888888889, 0.686868686869, 1.02616359, 1.00000000, 1.00000000, 1.00000000
0.888888888889, 0.696969696970, 1.01399189, 1.00000000, 1.00000000, 1.00000000
0.888888888889, 0.707070707071, 1.00176722, 1.00000000, 1.00000000, 1.00000000
0.888888888889, 0.717171717172, 0.98953890, 1.00000000, 1.00000000, 1.00000000
0.888888888889, 0.727272727273, 0.97735620, 1.00000000, 1.00000000, 1.00000000
0.888888888889, 0.737373737374, 0.96526817, 1.00000000, 1.00000000, 1.00000000
0.888888888889, 0.747474747475, 0.95332343, 1.00000000, 1.00000000, 1.00000000
0.888888888889, 0.757575757576, 0.94157000, 1.00000000, 1.00000000, 1.00000000
0.888888888889, 0.767676767677, 0.93005505, 1.00000000, 1.00000000, 1.00000000
0.888888888889, 0.777777777778, 0.91882479, 1.00000000, 1.00000000, 1.00000000
0.888888888889, 0.787878787879, 0.90792419, 1.00000000, 1.00000000, 1.00000000
0.888888888889, 0.797979797980, 0.89739689, 1.00000000, 1.00000000, 1.00000000
0.888888888889, 0.808080808081, 0.88728498, 1.00000000, 1.00000000, 1.00000000
0.888888888889, 0.818181818182, 0.87762884, 1.00000000, 1.00000000, 1.00000000
0.888888888889, 0.828282828283, 0.86846699, 1.00000000, 1.00000000, 1.00000000
0.888888888889, 0.838383838384, 0.85983595, 1.00000000, 1.00000000, 1.00000000
0.888888888889, 0.848484848485, 0.85177007, 1.00000000, 1.00000000, 1.00000000
0.888888888889, 0.858585858586, 0.84430144, 1.00000000, 1.00000000, 1.00000000
0.888888888889, 0.868686868687, 0.83745974, 1.00000000, 1.00000000, 1.00000000
0.888888888889, 0.878787878788, 0.83127213, 1.00000000, 1.00000000, 1.00000000
0.888888888889, 0.888888888889, 0.82576319, 1.00000000, 1.00000000, 1.00000000
0.888888888889, 0.898989898990, 0.82095477, 1.00000000, 1.00000000, 1.00000000
0.888888888889, 0.909090909091, 0.81686594, 1.00000000, 1.00000000, 1.00000000
0.888888888889, 0.919191919192, 0.81351289, 1.00000000, 1.00000000, 1.00000000
0.888888888889, 0.929292929293, 0.81090879, 1.00000000, 1.00000000, 1.00000000
0.888888888889, 0.939393939394, 0.80906351, 1.00000000, 1.00000000, 1.00000000
0.888888888889, 0.949494949495, 0.80798309, 1.00000000, 1.00000000, 1.00000000
0.888888888889, 0.959595959596, 0.80766860, 1.00000000, 1.00000000, 1.00000000
0.898989898990, -0.000000000000, 0.82118158, 1.00000000, 1.00000000, 1.00000000
0.898989898990, 0.010101010101, 0.82562968, 1.00000000, 1.00000000, 1.00000000
0.898989898990, 0.020202020202, 0.83056504, 1.00000000, 1.00000000, 1.00000000
0.898989898990, 0.030303030303, 0.83596582, 1.00000000, 1.00000000, 1.00000000
0.898989898990, 0.040404040404, 0.84184627, 1.00000000, 1.00000000, 1.00000000
0.898989898990, 0.050505050505, 0.84825240, 1.00000000, 1.00000000, 1.00000000
0.898989898990, 0.060606060606, 0.85524456, 1.00000000, 1.00000000, 1.00000000
0.898989898990, 0.070707070707, 0.86287397, 1.00000000, 1.00000000, 1.00000000
0.898989898990, 0.080808080808, 0.87116328, 1.00000000, 1.00000000, 1.00000000
0.898989898990, 0.090909090909, 0.88009897, 1.00000000, 1.00000000, 1.00000000
0.898989898990, 0.101010101010, 0.88963624, 1.00000000, 1.00000000, 1.00000000
0.898989898990, 0.111111111111, 0.89971132, 1.00000000, 1.00000000, 1.00000000
0.898989898990, 0.121212121212, 0.91025438, 1.00000000, 1.00000000, 1.00000000
0.898989898990, 0.131313131313, 0.92119820, 1.00000000, 1.00000000, 1.00000000
0.898989898990, 0.141414141414, 0.93248157, 1.00000000, 1.00000000, 1.00000000
0.898989898990, 0.151515151515, 0.94404901, 1.00000000, 1.00000000, 1.00000000
0.898989898990, 0.161616161616, 0.95584884, 1.00000000, 1.00000000, 1.00000000
0.898989898990, 0.171717171717, 0.96783127, 1.00000000, 1.00000000, 1.00000000
0.898989898990, 0.181818181818, 0.97994719, 1.00000000, 1.00000000, 1.00000000
0.898989898990, 0.191919191919, 0.99214746, 1.00000000, 1.00000000, 1.00000000
0.898989898990, 0.202020202020, 1.00438281, 1.00000000, 1.00000000, 1.00000000
0.898989898990, 0.212121212121, 1.01660387, 1.00000000, 1.00000000, 1.00000000
0.898989898990, 0.222222222222, 1.02876129, 1.00000000, 1.00000000, 1.00000000
0.898989898990, 0.232323232323, 1.04080596, 1.00000000, 1.00000000, 1.00000000
0.898989898990, 0.242424242424, 1.05268919, 1.00000000, 1.00000000, 1.00000000
0.898989898990, 0.252525252525, 1.06436293, 1.00000000, 1.00000000, 1.00000000
0.898989898990, 0.262626262626, 1.07577994, 1.00000000, 1.00000000, 1.00000000
0.898989898990, 0.272727272727, 1.08689400, 1.00000000, 1.00000000, 1.00000000
0.898989898990, 0.282828282828, 1.09766010, 1.00000000, 1.00000000, 1.00000000
0.898989898990, 0.292929292929, 1.10803461, 1.00000000, 1.00000000, 1.00000000
0.898989898990, 0.303030303030, 1.11797549, 1.00000000, 1.00000000, 1.00000000
0.898989898990, 0.313131313131, 1.12744243, 1.00000000, 1.00000000, 1.00000000
0.898989898990, 0.323232323232, 1.13639705, 1.00000000, 1.00000000, 1.00000000
0.898989898990, 0.333333333333, 1.14480302, 1.00000000, 1.00000000, 1.00000000
0.898989898990, 0.343434343434, 1.15262623, 1.00000000, 1.00000000, 1.00000000
0.898989898990, 0.353535353535, 1.15983494, 1.00000000, 1.00000000, 1.00000000
0.898989898990, 0.363636363636, 1.16639988, 1.00000000, 1.00000000, 1.00000000
0.898989898990, 0.373737373737, 1.17229440, 1.00000000, 1.00000000, 1.00000000
0.898989898990, 0.383838383838, 1.17749457, 1.00000000, 1.00000000, 1.00000000
0.898989898990, 0.393939393939, 1.18197926, 1.00000000, 1.00000000, 1.00000000
0.898989898990, 0.404040404040, 1.18573025, 1.00000000, 1.00000000, 1.00000000
0.898989898990, 0.414141414141, 1.18873229, 1.00000000, 1.00000000, 1.00000000
0.898989898990, 0.424242424242, 1.19097316, 1.00000000, 1.00000000, 1.00000000
0.898989898990, 0.434343434343, 1.19244371, 1.00000000, 1.00000000, 1.00000000
0.898989898990, 0.444444444444, 1.19313792, 1.00000000, 1.00000000, 1.00000000
0.898989898990, 0.454545454545, 1.19305297, 1.00000000, 1.00000000, 1.00000000
0.898989898990, 0.464646464646, 1.19218927, 1.00000000, 1.00000000, 1.00000000
0.898989898990, 0.474747474747, 1.19055041, 1.00000000, 1.00000000, 1.00000000
0.898989898990, 0.484848484848, 1.18814309, 1.00000000, 1.00000000, 1.00000000
0.898989898990, 0.494949494949, 1.18497716, 1.00000000, 1.00000000, 1.00000000
0.898989898990, 0.505050505051, 1.18106550, 1.00000000, 1.00000000, 1.00000000
0.898989898990, 0.515151515152, 1.17642405, 1.00000000, 1.00000000, 1.00000000
0.898989898990, 0.525252525253, 1.17107166, 1.00000000, 1.00000000, 1.00000000
0.898989898990, 0.535353535354, 1.16503010, 1.00000000, 1.00000000, 1.00000000
0.898989898990, 0.545454545455, 1.15832392, 1.00000000, 1.00000000, 1.00000000
0.898989898990, 0.555555555556, 1.15098036, 1.00000000, 1.00000000, 1.00000000
0.898989898990, 0.565656565657, 1.14302923, 1.00000000, 1.00000000, 1.00000000
0.898989898990, 0.575757575758, 1.13450282, 1.00000000, 1.00000000, 1.00000000
0.898989898990, 0.585858585859, 1.12543573, 1.00000000, 1.00000000, 1.00000000
0.898989898990, 0.595959595960, 1.11586474, 1.00000000, 1.00000000, 1.00000000
0.898989898990, 0.606060606061, 1.10582867, 1.00000000, 1.00000000, 1.00000000
0.898989898990, 0.616161616162, 1.09536821, 1.00000000, 1.00000000, 1.00000000
0.898989898990, 0.626262626263, 1.08452574, 1.00000000, 1.00000000, 1.00000000
0.898989898990, 0.636363636364, 1.07334518, 1.00000000, 1.00000000, 1.00000000
0.898989898990, 0.646464646465, 1.06187179, 1.00000000, 1.00000000, 1.00000000
0.898989898990, 0.656565656566, 1.05015201, 1.00000000, 1.00000000, 1.00000000
0.898989898990, 0.666666666667, 1.03823322, 1.00000000, 1.00000000, 1.00000000
0.898989898990, 0.676767676768, 1.02616360, 1.00000000, 1.00000000, 1.00000000
0.898989898990, 0.686868686869, 1.01399189, 1.00000000, 1.00000000, 1.00000000
0.898989898990, 0.696969696970, 1.00176723, 1.00000000, 1.00000000, 1.00000000
0.898989898990, 0.707070707071, 0.98953890, 1.00000000, 1.00000000, 1.00000000
0.898989898990, 0.717171717172, 0.97735620, 1.00000000, 1.00000000, 1.00000000
0.898989898990, 0.727272727273, 0.96526817, 1.00000000, 1.00000000, 1.00000000
0.898989898990, 0.737373737374, 0.95332343, 1.00000000, 1.00000000, 1.00000000
0.898989898990, 0.747474747475, 0.94157000, 1.00000000, 1.00000000, 1.00000000
0.898989898990, 0.757575757576, 0.93005505, 1.00000000, 1.00000000, 1.00000000
0.898989898990, 0.767676767677, 0.91882479, 1.00000000, 1.00000000, 1.00000000
0.898989898990, 0.777777777778, 0.90792419, 1.00000000, 1.00000000, 1.00000000
0.898989898990, 0.787878787879, 0.89739689, 1.00000000, 1.00000000, 1.00000000
0.898989898990, 0.797979797980, 0.88728498, 1.00000000, 1.00000000, 1.00000000
0.898989898990, 0.808080808081, 0.87762884, 1.00000000, 1.00000000, 1.00000000
0.898989898990, 0.818181818182, 0.86846699, 1.00000000, 1.00000000, 1.00000000
0.898989898990, 0.828282828283, 0.85983595, 1.00000000, 1.00000000, 1.00000000
0.898989898990, 0.838383838384, 0.85177007, 1.00000000, 1.00000000, 1.00000000
0.898989898990, 0.848484848485, 0.84430144, 1.00000000, 1.00000000, 1.00000000
0.898989898990, 0.858585858586, 0.83745973, 1.00000000, 1.00000000, 1.00000000
0.898989898990, 0.868686868687, 0.83127213, 1.00000000, 1.00000000, 1.00000000
0.898989898990, 0.878787878788, 0.82576319, 1.00000000, 1.00000000, 1.00000000
0.898989898990, 0.888888888889, 0.82095477, 1.00000000, 1.00000000, 1.00000000
0.898989898990, 0.898989898990, 0.81686596, 1.00000000, 1.00000000, 1.00000000
0.898989898990, 0.909090909091, 0.81351297, 1.00000000, 1.00000000, 1.00000000
0.898989898990, 0.919191919192, 0.81090911, 1.00000000, 1.00000000, 1.00000000
0.898989898990, 0.929292929293, 0.80906457, 1.00000000, 1.00000000, 1.00000000
0.898989898990, 0.939393939394, 0.80798620, 1.00000000, 1.00000000, 1.00000000
0.898989898990, 0.949494949495, 0.80767692, 1.00000000, 1.00000000, 1.00000000
0.898989898990, 0.959595959596, 0.80813432, 1.00000000, 1.00000000, 1.00000000
0.909090909091, -0.000000000000, 0.82608928, 1.00000000, 1.00000000, 1.00000000
0.909090909091, 0.010101010101, 0.83119974, 1.00000000, 1.00000000, 1.00000000
0.909090909091, 0.020202020202, 0.83676258, 1.00000000, 1.00000000, 1.00000000
0.909090909091, 0.030303030303, 0.84275523, 1.00000000, 1.00000000, 1.00000000
0.909090909091, 0.040404040404, 0.84919459, 1.00000000, 1.00000000, 1.00000000
0.909090909091, 0.050505050505, 0.85613171, 1.00000000, 1.00000000, 1.00000000
0.909090909091, 0.060606060606, 0.86363252, 1.00000000, 1.00000000, 1.00000000
0.909090909091, 0.070707070707, 0.87175204, 1.00000000, 1.00000000, 1.00000000
0.909090909091, 0.080808080808, 0.88051360, 1.00000000, 1.00000000, 1.00000000
0.909090909091, 0.090909090909, 0.88990100, 1.00000000, 1.00000000, 1.00000000
0.909090909091, 0.101010101010, 0.89986450, 1.00000000, 1.00000000, 1.00000000
0.909090909091, 0.111111111111, 0.91033460, 1.00000000, 1.00000000, 1.00000000
0.909090909091, 0.121212121212, 0.92123618, 1.00000000, 1.00000000, 1.00000000
0.909090909091, 0.131313131313, 0.93249780, 1.00000000, 1.00000000, 1.00000000
0.909090909091, 0.141414141414, 0.94405526, 1.00000000, 1.00000000, 1.00000000
0.909090909091, 0.151515151515, 0.95585099, 1.00000000, 1.00000000, 1.00000000
0.909090909091, 0.161616161616, 0.96783194, 1.00000000, 1.00000000, 1.00000000
0.909090909091, 0.171717171717, 0.97994736, 1.00000000, 1.00000000, 1.00000000
0.909090909091, 0.181818181818, 0.99214750, 1.00000000, 1.00000000, 1.00000000
0.909090909091, 0.191919191919, 1.00438282, 1.00000000, 1.00000000, 1.00000000
0.909090909091, 0.202020202020, 1.01660387, 1.00000000, 1.00000000, 1.00000000
0.909090909091, 0.212121212121, 1.02876128, 1.00000000, 1.00000000, 1.00000000
0.909090909091, 0.222222222222, 1.04080595, 1.00000000, 1.00000000, 1.00000000
0.909090909091, 0.232323232323, 1.05268919, 1.00000000, 1.00000000, 1.00000000
0.909090909091, 0.242424242424, 1.06436293, 1.00000000, 1.00000000, 1.00000000
0.909090909091, 0.252525252525, 1.07577994, 1.00000000, 1.00000000, 1.00000000
0.909090909091, 0.262626262626, 1.08689400, 1.00000000, 1.00000000, 1.00000000
0.909090909091, 0.272727272727, 1.09766009, 1.00000000, 1.00000000, 1.00000000
0.909090909091, 0.282828282828, 1.10803461, 1.00000000, 1.00000000, 1.00000000
0.909090909091, 0.292929292929, 1.11797549, 1.00000000, 1.00000000, 1.00000000
0.909090909091, 0.303030303030, 1.12744244, 1.00000000, 1.00000000, 1.00000000
0.909090909091, 0.313131313131, 1.13639705, 1.00000000, 1.00000000, 1.00000000
0.909090909091, 0.323232323232, 1.14480302, 1.00000000, 1.00000000, 1.00000000
0.909090909091, 0.333333333333, 1.15262623, 1.00000000, 1.00000000, 1.00000000
0.909090909091, 0.343434343434, 1.15983494, 1.00000000, 1.00000000, 1.00000000
0.909090909091, 0.353535353535, 1.16639988, 1.00000000, 1.00000000, 1.00000000
0.909090909091, 0.363636363636, 1.17229440, 1.00000000, 1.00000000, 1.00000000
0.909090909091, 0.373737373737, 1.17749457, 1.00000000, 1.00000000, 1.00000000
0.909090909091, 0.383838383838, 1.18197927, 1.00000000, 1.00000000, 1.00000000
0.909090909091, 0.393939393939, 1.18573026, 1.00000000, 1.00000000, 1.00000000
0.909090909091, 0.404040404040, 1.18873230, 1.00000000, 1.00000000, 1.00000000
0.909090909091, 0.414141414141, 1.19097316, 1.00000000, 1.00000000, 1.00000000
0.909090909091, 0.424242424242, 1.19244372, 1.00000000, 1.00000000, 1.00000000
0.909090909091, 0.434343434343, 1.19313793, 1.00000000, 1.00000000, 1.00000000
0.909090909091, 0.444444444444, 1.19305298, 1.00000000, 1.00000000, 1.00000000
0.909090909091, 0.454545454545, 1.19218928, 1.00000000, 1.00000000, 1.00000000
0.909090909091, 0.464646464646, 1.19055042, 1.00000000, 1.00000000, 1.00000000
0.909090909091, 0.474747474747, 1.18814311, 1.00000000, 1.00000000, 1.00000000
0.909090909091, 0.484848484848, 1.18497717, 1.00000000, 1.00000000, 1.00000000
0.909090909091, 0.494949494949, 1.18106552, 1.00000000, 1.00000000, 1.00000000
0.909090909091, 0.505050505051, 1.17642406, 1.00000000, 1.00000000, 1.00000000
0.909090909091, 0.515151515152, 1.17107167, 1.00000000, 1.00000000, 1.00000000
0.909090909091, 0.525252525253, 1.16503012, 1.00000000, 1.00000000, 1.00000000
0.909090909091, 0.535353535354, 1.15832393, 1.00000000, 1.00000000, 1.00000000
0.909090909091, 0.545454545455, 1.15098037, 1.00000000, 1.00000000, 1.00000000
0.909090909091, 0.555555555556, 1.14302925, 1.00000000, 1.00000000, 1.00000000
0.909090909091, 0.565656565657, 1.13450284, 1.00000000, 1.00000000, 1.00000000
0.909090909091, 0.575757575758, 1.12543575, 1.00000000, 1.00000000, 1.00000000
0.909090909091, 0.585858585859, 1.11586476, 1.00000000, 1.00000000, 1.00000000
0.909090909091, 0.595959595960, 1.10582869, 1.00000000, 1.00000000, 1.00000000
0.909090909091, 0.606060606061, 1.09536822, 1.00000000, 1.00000000, 1.00000000
0.909090909091, 0.616161616162, 1.08452575, 1.00000000, 1.00000000, 1.00000000
0.909090909091, 0.626262626263, 1.07334519, 1.00000000, 1.00000000, 1.00000000
0.909090909091, 0.636363636364, 1.06187181, 1.00000000, 1.00000000, 1.00000000
0.909090909091, 0.646464646465, 1.05015202, 1.00000000, 1.00000000, 1.00000000
0.909090909091, 0.656565656566, 1.03823324, 1.00000000, 1.00000000, 1.00000000
0.909090909091, 0.666666666667, 1.02616362, 1.00000000, 1.00000000, 1.00000000
0.909090909091, 0.676767676768, 1.01399191, 1.00000000, 1.00000000, 1.00000000
0.909090909091, 0.686868686869, 1.00176724, 1.00000000, 1.00000000, 1.00000000
0.909090909091, 0.696969696970, 0.98953892, 1.00000000, 1.00000000, 1.00000000
0.909090909091, 0.707070707071, 0.97735621, 1.00000000, 1.00000000, 1.00000000
0.909090909091, 0.717171717172, 0.96526818, 1.00000000, 1.00000000, 1.00000000
0.909090909091, 0.727272727273, 0.95332344, 1.00000000, 1.00000000, 1.00000000
0.909090909091, 0.737373737374, 0.94157001, 1.00000000, 1.00000000, 1.00000000
0.909090909091, 0.747474747475, 0.93005506, 1.00000000, 1.00000000, 1.00000000
0.909090909091, 0.757575757576, 0.91882479, 1.00000000, 1.00000000, 1.00000000
0.909090909091, 0.767676767677, 0.90792419, 1.00000000, 1.00000000, 1.00000000
0.909090909091, 0.777777777778, 0.89739689, 1.00000000, 1.00000000, 1.00000000
0.909090909091, 0.787878787879, 0.88728498, 1.00000000, 1.00000000, 1.00000000
0.909090909091, 0.797979797980, 0.87762884, 1.00000000, 1.00000000, 1.00000000
0.909090909091, 0.808080808081, 0.86846699, 1.00000000, 1.00000000, 1.00000000
0.909090909091, 0.818181818182, 0.85983594, 1.00000000, 1.00000000, 1.00000000
0.909090909091, 0.828282828283, 0.85177006, 1.00000000, 1.00000000, 1.00000000
0.909090909091, 0.838383838384, 0.84430142, 1.00000000, 1.00000000, 1.00000000
0.909090909091, 0.848484848485, 0.83745972, 1.00000000, 1.00000000, 1.00000000
0.909090909091, 0.858585858586, 0.83127211, 1.00000000, 1.00000000, 1.00000000
0.909090909091, 0.868686868687, 0.82576317, 1.00000000, 1.00000000, 1.00000000
0.909090909091, 0.878787878788, 0.82095475, 1.00000000, 1.00000000, 1.00000000
0.909090909091, 0.888888888889, 0.81686594, 1.00000000, 1.00000000, 1.00000000
0.909090909091, 0.898989898990, 0.81351297, 1.00000000, 1.00000000, 1.00000000
0.909090909091, 0.909090909091, 0.81090918, 1.00000000, 1.00000000, 1.00000000
0.909090909091, 0.919191919192, 0.80906489, 1.00000000, 1.00000000, 1.00000000
0.909090909091, 0.929292929293, 0.80798731, 1.00000000, 1.00000000, 1.00000000
0.909090909091, 0.939393939394, 0.80768026, 1.00000000, 1.00000000, 1.00000000
0.909090909091, 0.949494949495, 0.80814333, 1.00000000, 1.00000000, 1.00000000
0.909090909091, 0.959595959596, 0.80937077, 1.00000000, 1.00000000, 1.00000000
0.919191919192, -0.000000000000, 0.83169697, 1.00000000, 1.00000000, 1.00000000
0.919191919192, 0.010101010101, 0.83744961, 1.00000000, 1.00000000, 1.00000000
0.919191919192, 0.020202020202, 0.84361781, 1.00000000, 1.00000000, 1.00000000
0.919191919192, 0.030303030303, 0.85017838, 1.00000000, 1.00000000, 1.00000000
0.919191919192, 0.040404040404, 0.85715077, 1.00000000, 1.00000000, 1.00000000
0.919191919192, 0.050505050505, 0.86459100, 1.00000000, 1.00000000, 1.00000000
0.919191919192, 0.060606060606, 0.87257037, 1.00000000, 1.00000000, 1.00000000
0.919191919192, 0.070707070707, 0.88114756, 1.00000000, 1.00000000, 1.00000000
0.919191919192, 0.080808080808, 0.89034643, 1.00000000, 1.00000000, 1.00000000
0.919191919192, 0.090909090909, 0.90014817, 1.00000000, 1.00000000, 1.00000000
0.919191919192, 0.101010101010, 0.91049821, 1.00000000, 1.00000000, 1.00000000
0.919191919192, 0.111111111111, 0.92132155, 1.00000000, 1.00000000, 1.00000000
0.919191919192, 0.121212121212, 0.93253805, 1.00000000, 1.00000000, 1.00000000
0.919191919192, 0.131313131313, 0.94407237, 1.00000000, 1.00000000, 1.00000000
0.919191919192, 0.141414141414, 0.95585752, 1.00000000, 1.00000000, 1.00000000
0.919191919192, 0.151515151515, 0.96783416, 1.00000000, 1.00000000, 1.00000000
0.919191919192, 0.161616161616, 0.97994802, 1.00000000, 1.00000000, 1.00000000
0.919191919192, 0.171717171717, 0.99214764, 1.00000000, 1.00000000, 1.00000000
0.919191919192, 0.181818181818, 1.00438282, 1.00000000, 1.00000000, 1.00000000
0.919191919192, 0.191919191919, 1.01660384, 1.00000000, 1.00000000, 1.00000000
0.919191919192, 0.202020202020, 1.02876125, 1.00000000, 1.00000000, 1.00000000
0.919191919192, 0.212121212121, 1.04080592, 1.00000000, 1.00000000, 1.00000000
0.919191919192, 0.222222222222, 1.05268916, 1.00000000, 1.00000000, 1.00000000
0.919191919192, 0.232323232323, 1.06436291, 1.00000000, 1.00000000, 1.00000000
0.919191919192, 0.242424242424, 1.07577992, 1.00000000, 1.00000000, 1.00000000
0.919191919192, 0.252525252525, 1.08689398, 1.00000000, 1.00000000, 1.00000000
0.919191919192, 0.262626262626, 1.09766008, 1.00000000, 1.00000000, 1.00000000
0.919191919192, 0.272727272727, 1.10803460, 1.00000000, 1.00000000, 1.00000000
0.919191919192, 0.282828282828, 1.11797549, 1.00000000, 1.00000000, 1.00000000
0.919191919192, 0.292929292929, 1.12744244, 1.00000000, 1.00000000, 1.00000000
0.919191919192, 0.303030303030, 1.13639706, 1.00000000, 1.00000000, 1.00000000
0.919191919192, 0.313131313131, 1.14480303, 1.00000000, 1.00000000, 1.00000000
0.919191919192, 0.323232323232, 1.15262625, 1.00000000, 1.00000000, 1.00000000
0.919191919192, 0.333333333333, 1.15983495, 1.00000000, 1.00000000, 1.00000000
0.919191919192, 0.343434343434, 1.16639990, 1.00000000, 1.00000000, 1.00000000
0.919191919192, 0.353535353535, 1.17229442, 1.00000000, 1.00000000, 1.00000000
0.919191919192, 0.363636363636, 1.17749460, 1.00000000, 1.00000000, 1.00000000
0.919191919192, 0.373737373737, 1.18197929, 1.00000000, 1.00000000, 1.00000000
0.919191919192, 0.383838383838, 1.18573029, 1.00000000, 1.00000000, 1.00000000
0.919191919192, 0.393939393939, 1.18873233, 1.00000000, 1.00000000, 1.00000000
0.919191919192, 0.404040404040, 1.19097320, 1.00000000, 1.00000000, 1.00000000
0.919191919192, 0.414141414141, 1.19244376, 1.00000000, 1.00000000, 1.00000000
0.919191919192, 0.424242424242, 1.19313798, 1.00000000, 1.00000000, 1.00000000
0.919191919192, 0.434343434343, 1.19305302, 1.00000000, 1.00000000, 1.00000000
0.919191919192, 0.444444444444, 1.19218933, 1.00000000, 1.00000000, 1.00000000
0.919191919192, 0.454545454545, 1.19055047, 1.00000000, 1.00000000, 1.00000000
0.919191919192, 0.464646464646, 1.18814316, 1.00000000, 1.00000000, 1.00000000
0.919191919192, 0.474747474747, 1.18497723, 1.00000000, 1.00000000, 1.00000000
0.919191919192, 0.484848484848, 1.18106558, 1.00000000, 1.00000000, 1.00000000
0.919191919192, 0.494949494949, 1.17642412, 1.00000000, 1.00000000, 1.00000000
0.919191919192, 0.505050505051, 1.17107174, 1.00000000, 1.00000000, 1.00000000
0.919191919192, 0.515151515152, 1.16503018, 1.00000000, 1.00000000, 1.00000000
0.919191919192, 0.525252525253, 1.15832400, 1.00000000, 1.00000000, 1.00000000
0.919191919192, 0.535353535354, 1.15098044, 1.00000000, 1.00000000, 1.00000000
0.919191919192, 0.545454545455, 1.14302932, 1.00000000, 1.00000000, 1.00000000
0.919191919192, 0.555555555556, 1.13450291, 1.00000000, 1.00000000, 1.00000000
0.919191919192, 0.565656565657, 1.12543582, 1.00000000, 1.00000000, 1.00000000
0.919191919192, 0.575757575758, 1.11586484, 1.00000000, 1.00000000, 1.00000000
0.919191919192, 0.585858585859, 1.10582877, 1.00000000, 1.00000000, 1.00000000
0.919191919192, 0.595959595960, 1.09536831, 1.00000000, 1.00000000, 1.00000000
0.919191919192, 0.606060606061, 1.08452584, 1.00000000, 1.00000000, 1.00000000
0.919191919192, 0.616161616162, 1.07334528, 1.00000000, 1.00000000, 1.00000000
0.919191919192, 0.626262626263, 1.06187189, 1.00000000, 1.00000000, 1.00000000
0.919191919192, 0.636363636364, 1.05015211, 1.00000000, 1.00000000, 1.00000000
0.919191919192, 0.646464646465, 1.03823332, 1.00000000, 1.00000000, 1.00000000
0.919191919192, 0.656565656566, 1.02616369, 1.00000000, 1.00000000, 1.00000000
0.919191919192, 0.666666666667, 1.01399198, 1.00000000, 1.00000000, 1.00000000
0.919191919192, 0.676767676768, 1.00176732, 1.00000000, 1.00000000, 1.00000000
0.919191919192, 0.686868686869, 0.98953899, 1.00000000, 1.00000000, 1.00000000
0.919191919192, 0.696969696970, 0.97735628, 1.00000000, 1.00000000, 1.00000000
0.919191919192, 0.707070707071, 0.96526824, 1.00000000, 1.00000000, 1.00000000
0.919191919192, 0.717171717172, 0.95332350, 1.00000000, 1.00000000, 1.00000000
0.919191919192, 0.727272727273, 0.94157006, 1.00000000, 1.00000000, 1.00000000
0.919191919192, 0.737373737374, 0.93005511, 1.00000000, 1.00000000, 1.00000000
0.919191919192, 0.747474747475, 0.91882483, 1.00000000, 1.00000000, 1.00000000
0.919191919192, 0.757575757576, 0.90792422, 1.00000000, 1.00000000, 1.00000000
0.919191919192, 0.767676767677, 0.89739691, 1.00000000, 1.00000000, 1.00000000
0.919191919192, 0.777777777778, 0.88728499, 1.00000000, 1.00000000, 1.00000000
0.919191919192, 0.787878787879, 0.87762884, 1.00000000, 1.00000000, 1.00000000
0.919191919192, 0.797979797980, 0.86846698, 1.00000000, 1.00000000, 1.00000000
0.919191919192, 0.808080808081, 0.85983592, 1.00000000, 1.00000000, 1.00000000
0.919191919192, 0.818181818182, 0.85177003, 1.00000000, 1.00000000, 1.00000000
0.919191919192, 0.828282828283, 0.84430139, 1.00000000, 1.00000000, 1.00000000
0.919191919192, 0.838383838384, 0.83745967, 1.00000000, 1.00000000, 1.00000000
0.919191919192, 0.848484848485, 0.83127206, 1.00000000, 1.00000000, 1.00000000
0.919191919192, 0.858585858586, 0.82576310, 1.00000000, 1.00000000, 1.00000000
0.919191919192, 0.868686868687, 0.82095467, 1.00000000, 1.00000000, 1.00000000
0.919191919192, 0.878787878788, 0.81686586, 1.00000000, 1.00000000, 1.00000000
0.919191919192, 0.888888888889, 0.81351289, 1.00000000, 1.00000000, 1.00000000
0.919191919192, 0.898989898990, 0.81090911, 1.00000000, 1.00000000, 1.00000000
0.919191919192, 0.909090909091, 0.80906489, 1.00000000, 1.00000000, 1.00000000
0.919191919192, 0.919191919192, 0.80798758, 1.00000000, 1.00000000, 1.00000000
0.919191919192, 0.929292929293, 0.80768137, 1.00000000, 1.00000000, 1.00000000
0.919191919192, 0.939393939394, 0.80814682, 1.00000000, 1.00000000, 1.00000000
0.919191919192, 0.949494949495, 0.80938034, 1.00000000, 1.00000000, 1.00000000
0.919191919192, 0.959595959596, 0.81137294, 1.00000000, 1.00000000, 1.00000000
0.929292929293, -0.000000000000, 0.83798221, 1.00000000, 1.00000000, 1.00000000
0.929292929293, 0.010101010101, 0.84435428, 1.00000000, 1.00000000, 1.00000000
0.929292929293, 0.020202020202, 0.85110329, 1.00000000, 1.00000000, 1.00000000
0.929292929293, 0.030303030303, 0.85820552, 1.00000000, 1.00000000, 1.00000000
0.929292929293, 0.040404040404, 0.86568295, 1.00000000, 1.00000000, 1.00000000
0.929292929293, 0.050505050505, 0.87359638, 1.00000000, 1.00000000, 1.00000000
0.929292929293, 0.060606060606, 0.88202228, 1.00000000, 1.00000000, 1.00000000
0.929292929293, 0.070707070707, 0.89102283, 1.00000000, 1.00000000, 1.00000000
0.929292929293, 0.080808080808, 0.90062233, 1.00000000, 1.00000000, 1.00000000
0.929292929293, 0.090909090909, 0.91079934, 1.00000000, 1.00000000, 1.00000000
0.929292929293, 0.101010101010, 0.92149465, 1.00000000, 1.00000000, 1.00000000
0.929292929293, 0.111111111111, 0.93262799, 1.00000000, 1.00000000, 1.00000000
0.929292929293, 0.121212121212, 0.94411451, 1.00000000, 1.00000000, 1.00000000
0.929292929293, 0.131313131313, 0.95587526, 1.00000000, 1.00000000, 1.00000000
0.929292929293, 0.141414141414, 0.96784079, 1.00000000, 1.00000000, 1.00000000
0.929292929293, 0.151515151515, 0.97995015, 1.00000000, 1.00000000, 1.00000000
0.929292929293, 0.161616161616, 0.99214816, 1.00000000, 1.00000000, 1.00000000
0.929292929293, 0.171717171717, 1.00438282, 1.00000000, 1.00000000, 1.00000000
0.929292929293, 0.181818181818, 1.01660371, 1.00000000, 1.00000000, 1.00000000
0.929292929293, 0.191919191919, 1.02876110, 1.00000000, 1.00000000, 1.00000000
0.929292929293, 0.202020202020, 1.04080578, 1.00000000, 1.00000000, 1.00000000
0.929292929293, 0.212121212121, 1.05268904, 1.00000000, 1.00000000, 1.00000000
0.929292929293, 0.222222222222, 1.06436280, 1.00000000, 1.00000000, 1.00000000
0.929292929293, 0.232323232323, 1.07577983, 1.00000000, 1.00000000, 1.00000000
0.929292929293, 0.242424242424, 1.08689391, 1.00000000, 1.00000000, 1.00000000
0.929292929293, 0.252525252525, 1.09766003, 1.00000000, 1.00000000, 1.00000000
0.929292929293, 0.262626262626, 1.10803456, 1.00000000, 1.00000000, 1.00000000
0.929292929293, 0.272727272727, 1.11797546, 1.00000000, 1.00000000, 1.00000000
0.929292929293, 0.282828282828, 1.12744242, 1.00000000, 1.00000000, 1.00000000
0.929292929293, 0.292929292929, 1.13639706, 1.00000000, 1.00000000, 1.00000000
0.929292929293, 0.303030303030, 1.14480305, 1.00000000, 1.00000000, 1.00000000
0.929292929293, 0.313131313131, 1.15262628, 1.00000000, 1.00000000, 1.00000000
0.929292929293, 0.323232323232, 1.15983500, 1.00000000, 1.00000000, 1.00000000
0.929292929293, 0.333333333333, 1.16639996, 1.00000000, 1.00000000, 1.00000000
0.929292929293, 0.343434343434, 1.17229450, 1.00000000, 1.00000000, 1.00000000
0.929292929293, 0.353535353535, 1.17749468, 1.00000000, 1.00000000, 1.00000000
0.929292929293, 0.363636363636, 1.18197939, 1.00000000, 1.00000000, 1.00000000
0.929292929293, 0.373737373737, 1.18573040, 1.00000000, 1.00000000, 1.00000000
0.929292929293, 0.383838383838, 1.18873245, 1.00000000, 1.00000000, 1.00000000
0.929292929293, 0.393939393939, 1.19097334, 1.00000000, 1.00000000, 1.00000000
0.929292929293, 0.404040404040, 1.19244391, 1.00000000, 1.00000000, 1.00000000
0.929292929293, 0.414141414141, 1.19313814, 1.00000000, 1.00000000, 1.00000000
0.929292929293, 0.424242424242, 1.19305320, 1.00000000, 1.00000000, 1.00000000
0.929292929293, 0.434343434343, 1.19218951, 1.00000000, 1.00000000, 1.00000000
0.929292929293, 0.444444444444, 1.19055066, 1.00000000, 1.00000000, 1.00000000
0.929292929293, 0.454545454545, 1.18814336, 1.00000000, 1.00000000, 1.00000000
0.929292929293, 0.464646464646, 1.18497745, 1.00000000, 1.00000000, 1.00000000
0.929292929293, 0.474747474747, 1.18106580, 1.00000000, 1.00000000, 1.00000000
0.929292929293, 0.484848484848, 1.17642436, 1.00000000, 1.00000000, 1.00000000
0.929292929293, 0.494949494949, 1.17107199, 1.00000000, 1.00000000, 1.00000000
0.929292929293, 0.505050505051, 1.16503044, 1.00000000, 1.00000000, 1.00000000
0.929292929293, 0.515151515152, 1.15832427, 1.00000000, 1.00000000, 1.00000000
0.929292929293, 0.525252525253, 1.15098072, 1.00000000, 1.00000000, 1.00000000
0.929292929293, 0.535353535354, 1.14302961, 1.00000000, 1.00000000, 1.00000000
0.929292929293, 0.545454545455, 1.13450321, 1.00000000, 1.00000000, 1.00000000
0.929292929293, 0.555555555556, 1.12543612, 1.00000000, 1.00000000, 1.00000000
0.929292929293, 0.565656565657, 1.11586514, 1.00000000, 1.00000000, 1.00000000
0.929292929293, 0.575757575758, 1.10582908, 1.00000000, 1.00000000, 1.00000000
0.929292929293, 0.585858585859, 1.09536862, 1.00000000, 1.00000000, 1.00000000
0.929292929293, 0.595959595960, 1.08452615, 1.00000000, 1.00000000, 1.00000000
0.929292929293, 0.606060606061, 1.07334560, 1.00000000, 1.00000000, 1.00000000
0.929292929293, 0.616161616162, 1.06187221, 1.00000000, 1.00000000, 1.00000000
0.929292929293, 0.626262626263, 1.05015242, 1.00000000, 1.00000000, 1.00000000
0.929292929293, 0.636363636364, 1.03823363, 1.00000000, 1.00000000, 1.00000000
0.929292929293, 0.646464646465, 1.02616400, 1.00000000, 1.00000000, 1.00000000
0.929292929293, 0.656565656566, 1.01399229, 1.00000000, 1.00000000, 1.00000000
0.929292929293, 0.666666666667, 1.00176761, 1.00000000, 1.00000000, 1.00000000
0.929292929293, 0.676767676768, 0.98953927, 1.00000000, 1.00000000, 1.00000000
0.929292929293, 0.686868686869, 0.97735655, 1.00000000, 1.00000000, 1.00000000
0.929292929293, 0.696969696970, 0.96526850, 1.00000000, 1.00000000, 1.00000000
0.929292929293, 0.707070707071, 0.95332373, 1.00000000, 1.00000000, 1.00000000
0.929292929293, 0.717171717172, 0.94157027, 1.00000000, 1.00000000, 1.00000000
0.929292929293, 0.727272727273, 0.93005530, 1.00000000, 1.00000000, 1.00000000
0.929292929293, 0.737373737374, 0.91882499, 1.00000000, 1.00000000, 1.00000000
0.929292929293, 0.747474747475, 0.90792436, 1.00000000, 1.00000000, 1.00000000
0.929292929293, 0.757575757576, 0.89739702, 1.00000000, 1.00000000, 1.00000000
0.929292929293, 0.767676767677, 0.88728507, 1.00000000, 1.00000000, 1.00000000
0.929292929293, 0.777777777778, 0.87762888, 1.00000000, 1.00000000, 1.00000000
0.929292929293, 0.787878787879, 0.86846699, 1.00000000, 1.00000000, 1.00000000
0.929292929293, 0.797979797980, 0.85983590, 1.00000000, 1.00000000, 1.00000000
0.929292929293, 0.808080808081, 0.85176997, 1.00000000, 1.00000000, 1.00000000
0.929292929293, 0.818181818182, 0.84430129, 1.00000000, 1.00000000, 1.00000000
0.929292929293, 0.828282828283, 0.83745954, 1.00000000, 1.00000000, 1.00000000
0.929292929293, 0.838383838384, 0.83127189, 1.00000000, 1.00000000, 1.00000000
0.929292929293, 0.848484848485, 0.82576290, 1.00000000, 1.00000000, 1.00000000
0.929292929293, 0.858585858586, 0.82095444, 1.00000000, 1.00000000, 1.00000000
0.929292929293, 0.868686868687, 0.81686559, 1.00000000, 1.00000000, 1.00000000
0.929292929293, 0.878787878788, 0.81351259, 1.00000000, 1.00000000, 1.00000000
0.929292929293, 0.888888888889, 0.81090879, 1.00000000, 1.00000000, 1.00000000
0.929292929293, 0.898989898990, 0.80906457, 1.00000000, 1.00000000, 1.00000000
0.929292929293, 0.909090909091, 0.80798731, 1.00000000, 1.00000000, 1.00000000
0.929292929293, 0.919191919192, 0.80768137, 1.00000000, 1.00000000, 1.00000000
0.929292929293, 0.929292929293, 0.80814770, 1.00000000, 1.00000000, 1.00000000
0.929292929293, 0.939393939394, 0.80938374, 1.00000000, 1.00000000, 1.00000000
0.929292929293, 0.949494949495, 0.81138280, 1.00000000, 1.00000000, 1.00000000
0.929292929293, 0.959595959596, 0.81413267, 1.00000000, 1.00000000, 1.00000000
0.939393939394, -0.000000000000, 0.84491934, 1.00000000, 1.00000000, 1.00000000
0.939393939394, 0.010101010101, 0.85188559, 1.00000000, 1.00000000, 1.00000000
0.939393939394, 0.020202020202, 0.85918855, 1.00000000, 1.00000000, 1.00000000
0.939393939394, 0.030303030303, 0.86680401, 1.00000000, 1.00000000, 1.00000000
0.939393939394, 0.040404040404, 0.87475643, 1.00000000, 1.00000000, 1.00000000
0.939393939394, 0.050505050505, 0.88311125, 1.00000000, 1.00000000, 1.00000000
0.939393939394, 0.060606060606, 0.89194989, 1.00000000, 1.00000000, 1.00000000
0.939393939394, 0.070707070707, 0.90133779, 1.00000000, 1.00000000, 1.00000000
0.939393939394, 0.080808080808, 0.91129959, 1.00000000, 1.00000000, 1.00000000
0.939393939394, 0.090909090909, 0.92181129, 1.00000000, 1.00000000, 1.00000000
0.939393939394, 0.101010101010, 0.93280918, 1.00000000, 1.00000000, 1.00000000
0.939393939394, 0.111111111111, 0.94420802, 1.00000000, 1.00000000, 1.00000000
0.939393939394, 0.121212121212, 0.95591857, 1.00000000, 1.00000000, 1.00000000
0.939393939394, 0.131313131313, 0.96785857, 1.00000000, 1.00000000, 1.00000000
0.939393939394, 0.141414141414, 0.97995638, 1.00000000, 1.00000000, 1.00000000
0.939393939394, 0.151515151515, 0.99214976, 1.00000000, 1.00000000, 1.00000000
0.939393939394, 0.161616161616, 1.00438279, 1.00000000, 1.00000000, 1.00000000
0.939393939394, 0.171717171717, 1.01660319, 1.00000000, 1.00000000, 1.00000000
0.939393939394, 0.181818181818, 1.02876050, 1.00000000, 1.00000000, 1.00000000
0.939393939394, 0.191919191919, 1.04080520, 1.00000000, 1.00000000, 1.00000000
0.939393939394, 0.202020202020, 1.05268851, 1.00000000, 1.00000000, 1.00000000
0.939393939394, 0.212121212121, 1.06436233, 1.00000000, 1.00000000, 1.00000000
0.939393939394, 0.222222222222, 1.07577943, 1.00000000, 1.00000000, 1.00000000
0.939393939394, 0.232323232323, 1.08689357, 1.00000000, 1.00000000, 1.00000000
0.939393939394, 0.242424242424, 1.09765974, 1.00000000, 1.00000000, 1.00000000
0.939393939394, 0.252525252525, 1.10803433, 1.00000000, 1.00000000, 1.00000000
0.939393939394, 0.262626262626, 1.11797529, 1.00000000, 1.00000000, 1.00000000
0.939393939394, 0.272727272727, 1.12744232, 1.00000000, 1.00000000, 1.00000000
0.939393939394, 0.282828282828, 1.13639701, 1.00000000, 1.00000000, 1.00000000
0.939393939394, 0.292929292929, 1.14480305, 1.00000000, 1.00000000, 1.00000000
0.939393939394, 0.303030303030, 1.15262633, 1.00000000, 1.00000000, 1.00000000
0.939393939394, 0.313131313131, 1.15983511, 1.00000000, 1.00000000, 1.00000000
0.939393939394, 0.323232323232, 1.16640012, 1.00000000, 1.00000000, 1.00000000
0.939393939394, 0.333333333333, 1.17229471, 1.00000000, 1.00000000, 1.00000000
0.939393939394, 0.343434343434, 1.17749495, 1.00000000, 1.00000000, 1.00000000
0.939393939394, 0.353535353535, 1.18197970, 1.00000000, 1.00000000, 1.00000000
0.939393939394, 0.363636363636, 1.18573076, 1.00000000, 1.00000000, 1.00000000
0.939393939394, 0.373737373737, 1.18873287, 1.00000000, 1.00000000, 1.00000000
0.939393939394, 0.383838383838, 1.19097380, 1.00000000, 1.00000000, 1.00000000
0.939393939394, 0.393939393939, 1.19244441, 1.00000000, 1.00000000, 1.00000000
0.939393939394, 0.404040404040, 1.19313869, 1.00000000, 1.00000000, 1.00000000
0.939393939394, 0.414141414141, 1.19305380, 1.00000000, 1.00000000, 1.00000000
0.939393939394, 0.424242424242, 1.19219016, 1.00000000, 1.00000000, 1.00000000
0.939393939394, 0.434343434343, 1.19055135, 1.00000000, 1.00000000, 1.00000000
0.939393939394, 0.444444444444, 1.18814410, 1.00000000, 1.00000000, 1.00000000
0.939393939394, 0.454545454545, 1.18497822, 1.00000000, 1.00000000, 1.00000000
0.939393939394, 0.464646464646, 1.18106662, 1.00000000, 1.00000000, 1.00000000
0.939393939394, 0.474747474747, 1.17642521, 1.00000000, 1.00000000, 1.00000000
0.939393939394, 0.484848484848, 1.17107288, 1.00000000, 1.00000000, 1.00000000
0.939393939394, 0.494949494949, 1.16503137, 1.00000000, 1.00000000, 1.00000000
0.939393939394, 0.505050505051, 1.15832523, 1.00000000, 1.00000000, 1.00000000
0.939393939394, 0.515151515152, 1.15098171, 1.00000000, 1.00000000, 1.00000000
0.939393939394, 0.525252525253, 1.14303063, 1.00000000, 1.00000000, 1.00000000
0.939393939394, 0.535353535354, 1.13450426, 1.00000000, 1.00000000, 1.00000000
0.939393939394, 0.545454545455, 1.12543720, 1.00000000, 1.00000000, 1.00000000
0.939393939394, 0.555555555556, 1.11586624, 1.00000000, 1.00000000, 1.00000000
0.939393939394, 0.565656565657, 1.10583020, 1.00000000, 1.00000000, 1.00000000
0.939393939394, 0.575757575758, 1.09536975, 1.00000000, 1.00000000, 1.00000000
0.939393939394, 0.585858585859, 1.08452730, 1.00000000, 1.00000000, 1.00000000
0.939393939394, 0.595959595960, 1.07334674, 1.00000000, 1.00000000, 1.00000000
0.939393939394, 0.606060606061, 1.06187336, 1.00000000, 1.00000000, 1.00000000
0.939393939394, 0.616161616162, 1.05015357, 1.00000000, 1.00000000, 1.00000000
0.939393939394, 0.626262626263, 1.03823476, 1.00000000, 1.00000000, 1.00000000
0.939393939394, 0.636363636364, 1.02616512, 1.00000000, 1.00000000, 1.00000000
0.939393939394, 0.646464646465, 1.01399338, 1.00000000, 1.00000000, 1.00000000
0.939393939394, 0.656565656566, 1.00176867, 1.00000000, 1.00000000, 1.00000000
0.939393939394, 0.666666666667, 0.98954030, 1.00000000, 1.00000000, 1.00000000
0.939393939394, 0.676767676768, 0.97735753, 1.00000000, 1.00000000, 1.00000000
0.939393939394, 0.686868686869, 0.96526943, 1.00000000, 1.00000000, 1.00000000
0.939393939394, 0.696969696970, 0.95332461, 1.00000000, 1.00000000, 1.00000000
0.939393939394, 0.707070707071, 0.94157108, 1.00000000, 1.00000000, 1.00000000
0.939393939394, 0.717171717172, 0.93005603, 1.00000000, 1.00000000, 1.00000000
0.939393939394, 0.727272727273, 0.91882565, 1.00000000, 1.00000000, 1.00000000
0.939393939394, 0.737373737374, 0.90792493, 1.00000000, 1.00000000, 1.00000000
0.939393939394, 0.747474747475, 0.89739750, 1.00000000, 1.00000000, 1.00000000
0.939393939394, 0.757575757576, 0.88728544, 1.00000000, 1.00000000, 1.00000000
0.939393939394, 0.767676767677, 0.87762915, 1.00000000, 1.00000000, 1.00000000
0.939393939394, 0.777777777778, 0.86846715, 1.00000000, 1.00000000, 1.00000000
0.939393939394, 0.787878787879, 0.85983594, 1.00000000, 1.00000000, 1.00000000
0.939393939394, 0.797979797980, 0.85176990, 1.00000000, 1.00000000, 1.00000000
0.939393939394, 0.808080808081, 0.84430110, 1.00000000, 1.00000000, 1.00000000
0.939393939394, 0.818181818182, 0.83745924, 1.00000000, 1.00000000, 1.00000000
0.939393939394, 0.828282828283, 0.83127147, 1.00000000, 1.00000000, 1.00000000
0.939393939394, 0.838383838384, 0.82576236, 1.00000000, 1.00000000, 1.00000000
0.939393939394, 0.848484848485, 0.82095379, 1.00000000, 1.00000000, 1.00000000
0.939393939394, 0.858585858586, 0.81686483, 1.00000000, 1.00000000, 1.00000000
0.939393939394, 0.868686868687, 0.81351173, 1.00000000, 1.00000000, 1.00000000
0.939393939394, 0.878787878788, 0.81090782, 1.00000000, 1.00000000, 1.00000000
0.939393939394, 0.888888888889, 0.80906351, 1.00000000, 1.00000000, 1.00000000
0.939393939394, 0.898989898990, 0.80798620, 1.00000000, 1.00000000, 1.00000000
0.939393939394, 0.909090909091, 0.80768026, 1.00000000, 1.00000000, 1.00000000
0.939393939394, 0.919191919192, 0.80814682, 1.00000000, 1.00000000, 1.00000000
0.939393939394, 0.929292929293, 0.80938374, 1.00000000, 1.00000000, 1.00000000
0.939393939394, 0.939393939394, 0.81138541, 1.00000000, 1.00000000, 1.00000000
0.939393939394, 0.949494949495, 0.81414205, 1.00000000, 1.00000000, 1.00000000
0.939393939394, 0.959595959596, 0.81763830, 1.00000000, 1.00000000, 1.00000000
0.949494949495, -0.000000000000, 0.85247877, 1.00000000, 1.00000000, 1.00000000
0.949494949495, 0.010101010101, 0.86001158, 1.00000000, 1.00000000, 1.00000000
0.949494949495, 0.020202020202, 0.86783939, 1.00000000, 1.00000000, 1.00000000
0.949494949495, 0.030303030303, 0.87593759, 1.00000000, 1.00000000, 1.00000000
0.949494949495, 0.040404040404, 0.88433308, 1.00000000, 1.00000000, 1.00000000
0.949494949495, 0.050505050505, 0.89309572, 1.00000000, 1.00000000, 1.00000000
0.949494949495, 0.060606060606, 0.90231166, 1.00000000, 1.00000000, 1.00000000
0.949494949495, 0.070707070707, 0.91204937, 1.00000000, 1.00000000, 1.00000000
0.949494949495, 0.080808080808, 0.92233373, 1.00000000, 1.00000000, 1.00000000
0.949494949495, 0.090909090909, 0.93313820, 1.00000000, 1.00000000, 1.00000000
0.949494949495, 0.101010101010, 0.94439479, 1.00000000, 1.00000000, 1.00000000
0.949494949495, 0.111111111111, 0.95601358, 1.00000000, 1.00000000, 1.00000000
0.949494949495, 0.121212121212, 0.96790127, 1.00000000, 1.00000000, 1.00000000
0.949494949495, 0.131313131313, 0.97997264, 1.00000000, 1.00000000, 1.00000000
0.949494949495, 0.141414141414, 0.99215417, 1.00000000, 1.00000000, 1.00000000
0.949494949495, 0.151515151515, 1.00438255, 1.00000000, 1.00000000, 1.00000000
0.949494949495, 0.161616161616, 1.01660141, 1.00000000, 1.00000000, 1.00000000
0.949494949495, 0.171717171717, 1.02875835, 1.00000000, 1.00000000, 1.00000000
0.949494949495, 0.181818181818, 1.04080309, 1.00000000, 1.00000000, 1.00000000
0.949494949495, 0.191919191919, 1.05268656, 1.00000000, 1.00000000, 1.00000000
0.949494949495, 0.202020202020, 1.06436058, 1.00000000, 1.00000000, 1.00000000
0.949494949495, 0.212121212121, 1.07577787, 1.00000000, 1.00000000, 1.00000000
0.949494949495, 0.222222222222, 1.08689221, 1.00000000, 1.00000000, 1.00000000
0.949494949495, 0.232323232323, 1.09765858, 1.00000000, 1.00000000, 1.00000000
0.949494949495, 0.242424242424, 1.10803337, 1.00000000, 1.00000000, 1.00000000
0.949494949495, 0.252525252525, 1.11797452, 1.00000000, 1.00000000, 1.00000000
0.949494949495, 0.262626262626, 1.12744174, 1.00000000, 1.00000000, 1.00000000
0.949494949495, 0.272727272727, 1.13639662, 1.00000000, 1.00000000, 1.00000000
0.949494949495, 0.282828282828, 1.14480285, 1.00000000, 1.00000000, 1.00000000
0.949494949495, 0.292929292929, 1.15262632, 1.00000000, 1.00000000, 1.00000000
0.949494949495, 0.303030303030, 1.15983528, 1.00000000, 1.00000000, 1.00000000
0.949494949495, 0.313131313131, 1.16640047, 1.00000000, 1.00000000, 1.00000000
0.949494949495, 0.323232323232, 1.17229524, 1.00000000, 1.00000000, 1.00000000
0.949494949495, 0.333333333333, 1.17749566, 1.00000000, 1.00000000, 1.00000000
0.949494949495, 0.343434343434, 1.18198059, 1.00000000, 1.00000000, 1.00000000
0.949494949495, 0.353535353535, 1.18573182, 1.00000000, 1.00000000, 1.00000000
0.949494949495, 0.363636363636, 1.18873409, 1.00000000, 1.00000000, 1.00000000
0.949494949495, 0.373737373737, 1.19097519, 1.00000000, 1.00000000, 1.00000000
0.949494949495, 0.383838383838, 1.19244597, 1.00000000, 1.00000000, 1.00000000
0.949494949495, 0.393939393939, 1.19314040, 1.00000000, 1.00000000, 1.00000000
0.949494949495, 0.404040404040, 1.19305567, 1.00000000, 1.00000000, 1.00000000
0.949494949495, 0.414141414141, 1.19219218, 1.00000000, 1.00000000, 1.00000000
0.949494949495, 0.424242424242, 1.19055352, 1.00000000, 1.00000000, 1.00000000
0.949494949495, 0.434343434343, 1.18814642, 1.00000000, 1.00000000, 1.00000000
0.949494949495, 0.444444444444, 1.18498068, 1.00000000, 1.00000000, 1.00000000
0.949494949495, 0.454545454545, 1.18106922, 1.00000000, 1.00000000, 1.00000000
0.949494949495, 0.464646464646, 1.17642794, 1.00000000, 1.00000000, 1.00000000
0.949494949495, 0.474747474747, 1.17107573, 1.00000000, 1.00000000, 1.00000000
0.949494949495, 0.484848484848, 1.16503435, 1.00000000, 1.00000000, 1.00000000
0.949494949495, 0.494949494949, 1.15832833, 1.00000000, 1.00000000, 1.00000000
0.949494949495, 0.505050505051, 1.15098491, 1.00000000, 1.00000000, 1.00000000
0.949494949495, 0.515151515152, 1.14303393, 1.00000000, 1.00000000, 1.00000000
0.949494949495, 0.525252525253, 1.13450764, 1.00000000, 1.00000000, 1.00000000
0.949494949495, 0.535353535354, 1.12544067, 1.00000000, 1.00000000, 1.00000000
0.949494949495, 0.545454545455, 1.11586978, 1.00000000, 1.00000000, 1.00000000
0.949494949495, 0.555555555556, 1.10583379, 1.00000000, 1.00000000, 1.00000000
0.949494949495, 0.565656565657, 1.09537339, 1.00000000, 1.00000000, 1.00000000
0.949494949495, 0.575757575758, 1.08453097, 1.00000000, 1.00000000, 1.00000000
0.949494949495, 0.585858585859, 1.07335044, 1.00000000, 1.00000000, 1.00000000
0.949494949495, 0.595959595960, 1.06187706, 1.00000000, 1.00000000, 1.00000000
0.949494949495, 0.606060606061, 1.05015725, 1.00000000, 1.00000000, 1.00000000
0.949494949495, 0.616161616162, 1.03823842, 1.00000000, 1.00000000, 1.00000000
0.949494949495, 0.626262626263, 1.02616873, 1.00000000, 1.00000000, 1.00000000
0.949494949495, 0.636363636364, 1.01399692, 1.00000000, 1.00000000, 1.00000000
0.949494949495, 0.646464646465, 1.00177213, 1.00000000, 1.00000000, 1.00000000
0.949494949495, 0.656565656566, 0.98954365, 1.00000000, 1.00000000, 1.00000000
0.949494949495, 0.666666666667, 0.97736076, 1.00000000, 1.00000000, 1.00000000
0.949494949495, 0.676767676768, 0.96527250, 1.00000000, 1.00000000, 1.00000000
0.949494949495, 0.686868686869, 0.95332752, 1.00000000, 1.00000000, 1.00000000
0.949494949495, 0.696969696970, 0.94157380, 1.00000000, 1.00000000, 1.00000000
0.949494949495, 0.707070707071, 0.93005854, 1.00000000, 1.00000000, 1.00000000
0.949494949495, 0.717171717172, 0.91882792, 1.00000000, 1.00000000, 1.00000000
0.949494949495, 0.727272727273, 0.90792695, 1.00000000, 1.00000000, 1.00000000
0.949494949495, 0.737373737374, 0.89739925, 1.00000000, 1.00000000, 1.00000000
0.949494949495, 0.747474747475, 0.88728691, 1.00000000, 1.00000000, 1.00000000
0.949494949495, 0.757575757576, 0.87763031, 1.00000000, 1.00000000, 1.00000000
0.949494949495, 0.767676767677, 0.86846799, 1.00000000, 1.00000000, 1.00000000
0.949494949495, 0.777777777778, 0.85983646, 1.00000000, 1.00000000, 1.00000000
0.949494949495, 0.787878787879, 0.85177008, 1.00000000, 1.00000000, 1.00000000
0.949494949495, 0.797979797980, 0.84430094, 1.00000000, 1.00000000, 1.00000000
0.949494949495, 0.808080808081, 0.83745872, 1.00000000, 1.00000000, 1.00000000
0.949494949495, 0.818181818182, 0.83127060, 1.00000000, 1.00000000, 1.00000000
0.949494949495, 0.828282828283, 0.82576115, 1.00000000, 1.00000000, 1.00000000
0.949494949495, 0.838383838384, 0.82095223, 1.00000000, 1.00000000, 1.00000000
0.949494949495, 0.848484848485, 0.81686293, 1.00000000, 1.00000000, 1.00000000
0.949494949495, 0.858585858586, 0.81350950, 1.00000000, 1.00000000, 1.00000000
0.949494949495, 0.868686868687, 0.81090529, 1.00000000, 1.00000000, 1.00000000
0.949494949495, 0.878787878788, 0.80906068, 1.00000000, 1.00000000, 1.00000000
0.949494949495, 0.888888888889, 0.80798309, 1.00000000, 1.00000000, 1.00000000
0.949494949495, 0.898989898990, 0.80767692, 1.00000000, 1.00000000, 1.00000000
0.949494949495, 0.909090909091, 0.80814333, 1.00000000, 1.00000000, 1.00000000
0.949494949495, 0.919191919192, 0.80938034, 1.00000000, 1.00000000, 1.00000000
0.949494949495, 0.929292929293, 0.81138280, 1.00000000, 1.00000000, 1.00000000
0.949494949495, 0.939393939394, 0.81414205, 1.00000000, 1.00000000, 1.00000000
0.949494949495, 0.949494949495, 0.81764529, 1.00000000, 1.00000000, 1.00000000
0.949494949495, 0.959595959596, 0.82187403, 1.00000000, 1.00000000, 1.00000000
0.959595959596, -0.000000000000, 0.86062539, 1.00000000, 1.00000000, 1.00000000
0.959595959596, 0.010101010101, 0.86869484, 1.00000000, 1.00000000, 1.00000000
0.959595959596, 0.020202020202, 0.87701630, 1.00000000, 1.00000000, 1.00000000
0.959595959596, 0.030303030303, 0.88556485, 1.00000000, 1.00000000, 1.00000000
0.959595959596, 0.040404040404, 0.89436973, 1.00000000, 1.00000000, 1.00000000
0.959595959596, 0.050505050505, 0.90350506, 1.00000000, 1.00000000, 1.00000000
0.959595959596, 0.060606060606, 0.91306140, 1.00000000, 1.00000000, 1.00000000
0.959595959596, 0.070707070707, 0.92311005, 1.00000000, 1.00000000, 1.00000000
0.959595959596, 0.080808080808, 0.93367602, 1.00000000, 1.00000000, 1.00000000
0.959595959596, 0.090909090909, 0.94473025, 1.00000000, 1.00000000, 1.00000000
0.959595959596, 0.101010101010, 0.95620072, 1.00000000, 1.00000000, 1.00000000
0.959595959596, 0.111111111111, 0.96799314, 1.00000000, 1.00000000, 1.00000000
0.959595959596, 0.121212121212, 0.98001051, 1.00000000, 1.00000000, 1.00000000
0.959595959596, 0.131313131313, 0.99216500, 1.00000000, 1.00000000, 1.00000000
0.959595959596, 0.141414141414, 1.00438149, 1.00000000, 1.00000000, 1.00000000
0.959595959596, 0.151515151515, 1.01659589, 1.00000000, 1.00000000, 1.00000000
0.959595959596, 0.161616161616, 1.02875159, 1.00000000, 1.00000000, 1.00000000
0.959595959596, 0.171717171717, 1.04079632, 1.00000000, 1.00000000, 1.00000000
0.959595959596, 0.181818181818, 1.05268019, 1.00000000, 1.00000000, 1.00000000
0.959595959596, 0.191919191919, 1.06435473, 1.00000000, 1.00000000, 1.00000000
0.959595959596, 0.202020202020, 1.07577259, 1.00000000, 1.00000000, 1.00000000
0.959595959596, 0.212121212121, 1.08688751, 1.00000000, 1.00000000, 1.00000000
0.959595959596, 0.222222222222, 1.09765446, 1.00000000, 1.00000000, 1.00000000
0.959595959596, 0.232323232323, 1.10802983, 1.00000000, 1.00000000, 1.00000000
0.959595959596, 0.242424242424, 1.11797157, 1.00000000, 1.00000000, 1.00000000
0.959595959596, 0.252525252525, 1.12743937, 1.00000000, 1.00000000, 1.00000000
0.959595959596, 0.262626262626, 1.13639483, 1.00000000, 1.00000000, 1.00000000
0.959595959596, 0.272727272727, 1.14480164, 1.00000000, 1.00000000, 1.00000000
0.959595959596, 0.282828282828, 1.15262568, 1.00000000, 1.00000000, 1.00000000
0.959595959596, 0.292929292929, 1.15983521, 1.00000000, 1.00000000, 1.00000000
0.959595959596, 0.303030303030, 1.16640096, 1.00000000, 1.00000000, 1.00000000
0.959595959596, 0.313131313131, 1.17229628, 1.00000000, 1.00000000, 1.00000000
0.959595959596, 0.323232323232, 1.17749724, 1.00000000, 1.00000000, 1.00000000
0.959595959596, 0.333333333333, 1.18198272, 1.00000000, 1.00000000, 1.00000000
0.959595959596, 0.343434343434, 1.18573448, 1.00000000, 1.00000000, 1.00000000
0.959595959596, 0.353535353535, 1.18873728, 1.00000000, 1.00000000, 1.00000000
0.959595959596, 0.363636363636, 1.19097889, 1.00000000, 1.00000000, 1.00000000
0.959595959596, 0.373737373737, 1.19245018, 1.00000000, 1.00000000, 1.00000000
0.959595959596, 0.383838383838, 1.19314512, 1.00000000, 1.00000000, 1.00000000
0.959595959596, 0.393939393939, 1.19306087, 1.00000000, 1.00000000, 1.00000000
0.959595959596, 0.404040404040, 1.19219786, 1.00000000, 1.00000000, 1.00000000
0.959595959596, 0.414141414141, 1.19055967, 1.00000000, 1.00000000, 1.00000000
0.959595959596, 0.424242424242, 1.18815301, 1.00000000, 1.00000000, 1.00000000
0.959595959596, 0.434343434343, 1.18498771, 1.00000000, 1.00000000, 1.00000000
0.959595959596, 0.444444444444, 1.18107667, 1.00000000, 1.00000000, 1.00000000
0.959595959596, 0.454545454545, 1.17643580, 1.00000000, 1.00000000, 1.00000000
0.959595959596, 0.464646464646, 1.17108398, 1.00000000, 1.00000000, 1.00000000
0.959595959596, 0.474747474747, 1.16504295, 1.00000000, 1.00000000, 1.00000000
0.959595959596, 0.484848484848, 1.15833728, 1.00000000, 1.00000000, 1.00000000
0.959595959596, 0.494949494949, 1.15099418, 1.00000000, 1.00000000, 1.00000000
0.959595959596, 0.505050505051, 1.14304349, 1.00000000, 1.00000000, 1.00000000
0.959595959596, 0.515151515152, 1.13451748, 1.00000000, 1.00000000, 1.00000000
0.959595959596, 0.525252525253, 1.12545074, 1.00000000, 1.00000000, 1.00000000
0.959595959596, 0.535353535354, 1.11588006, 1.00000000, 1.00000000, 1.00000000
0.959595959596, 0.545454545455, 1.10584425, 1.00000000, 1.00000000, 1.00000000
0.959595959596, 0.555555555556, 1.09538399, 1.00000000, 1.00000000, 1.00000000
0.959595959596, 0.565656565657, 1.08454167, 1.00000000, 1.00000000, 1.00000000
0.959595959596, 0.575757575758, 1.07336119, 1.00000000, 1.00000000, 1.00000000
0.959595959596, 0.585858585859, 1.06188783, 1.00000000, 1.00000000, 1.00000000
0.959595959596, 0.595959595960, 1.05016800, 1.00000000, 1.00000000, 1.00000000
0.959595959596, 0.606060606061, 1.03824910, 1.00000000, 1.00000000, 1.00000000
0.959595959596, 0.616161616162, 1.02617928, 1.00000000, 1.00000000, 1.00000000
0.959595959596, 0.626262626263, 1.01400730, 1.00000000, 1.00000000, 1.00000000
0.959595959596, 0.636363636364, 1.00178228, 1.00000000, 1.00000000, 1.00000000
0.959595959596, 0.646464646465, 0.98955352, 1.00000000, 1.00000000, 1.00000000
0.959595959596, 0.656565656566, 0.97737029, 1.00000000, 1.00000000, 1.00000000
0.959595959596, 0.666666666667, 0.96528165, 1.00000000, 1.00000000, 1.00000000
0.959595959596, 0.676767676768, 0.95333621, 1.00000000, 1.00000000, 1.00000000
0.959595959596, 0.686868686869, 0.94158199, 1.00000000, 1.00000000, 1.00000000
0.959595959596, 0.696969696970, 0.93006617, 1.00000000, 1.00000000, 1.00000000
0.959595959596, 0.707070707071, 0.91883495, 1.00000000, 1.00000000, 1.00000000
0.959595959596, 0.717171717172, 0.90793331, 1.00000000, 1.00000000, 1.00000000
0.959595959596, 0.727272727273, 0.89740490, 1.00000000, 1.00000000, 1.00000000
0.959595959596, 0.737373737374, 0.88729180, 1.00000000, 1.00000000, 1.00000000
0.959595959596, 0.747474747475, 0.87763441, 1.00000000, 1.00000000, 1.00000000
0.959595959596, 0.757575757576, 0.86847125, 1.00000000, 1.00000000, 1.00000000
0.959595959596, 0.767676767677, 0.85983884, 1.00000000, 1.00000000, 1.00000000
0.959595959596, 0.777777777778, 0.85177156, 1.00000000, 1.00000000, 1.00000000
0.959595959596, 0.787878787879, 0.84430150, 1.00000000, 1.00000000, 1.00000000
0.959595959596, 0.797979797980, 0.83745835, 1.00000000, 1.00000000, 1.00000000
0.959595959596, 0.808080808081, 0.83126929, 1.00000000, 1.00000000, 1.00000000
0.959595959596, 0.818181818182, 0.82575889, 1.00000000, 1.00000000, 1.00000000
0.959595959596, 0.828282828283, 0.82094904, 1.00000000, 1.00000000, 1.00000000
0.959595959596, 0.838383838384, 0.81685881, 1.00000000, 1.00000000, 1.00000000
0.959595959596, 0.848484848485, 0.81350448, 1.00000000, 1.00000000, 1.00000000
0.959595959596, 0.858585858586, 0.81089938, 1.00000000, 1.00000000, 1.00000000
0.959595959596, 0.868686868687, 0.80905393, 1.00000000, 1.00000000, 1.00000000
0.959595959596, 0.878787878788, 0.80797553, 1.00000000, 1.00000000, 1.00000000
0.959595959596, 0.888888888889, 0.80766860, 1.00000000, 1.00000000, 1.00000000
0.959595959596, 0.898989898990, 0.80813432, 1.00000000, 1.00000000, 1.00000000
0.959595959596, 0.909090909091, 0.80937077, 1.00000000, 1.00000000, 1.00000000
0.959595959596, 0.919191919192, 0.81137294, 1.00000000, 1.00000000, 1.00000000
0.959595959596, 0.929292929293, 0.81413267, 1.00000000, 1.00000000, 1.00000000
0.959595959596, 0.939393939394, 0.81763830, 1.00000000, 1.00000000, 1.00000000
0.959595959596, 0.949494949495, 0.82187403, 1.00000000, 1.00000000, 1.00000000
0.959595959596, 0.959595959596, 0.82681836, 1.00000000, 1.00000000, 1.00000000
