# Time: 0.0365
# x, y, density, x-velocity, y-velocity, pressure
-0.000000000000, -0.000000000000, 0.93349392, 1.00000000, 1.00000000, 1.00000000
-0.000000000000, 0.010101010101, 0.94412423, 1.00000000, 1.00000000, 1.00000000
-0.000000000000, 0.020202020202, 0.95459062, 1.00000000, 1.00000000, 1.00000000
-0.000000000000, 0.030303030303, 0.96497765, 1.00000000, 1.00000000, 1.00000000
-0.000000000000, 0.040404040404, 0.97546045, 1.00000000, 1.00000000, 1.00000000
-0.000000000000, 0.050505050505, 0.98622651, 1.00000000, 1.00000000, 1.00000000
-0.000000000000, 0.060606060606, 0.99739067, 1.00000000, 1.00000000, 1.00000000
-0.000000000000, 0.070707070707, 1.00895286, 1.00000000, 1.00000000, 1.00000000
-0.000000000000, 0.080808080808, 1.02081450, 1.00000000, 1.00000000, 1.00000000
-0.000000000000, 0.090909090909, 1.03282940, 1.00000000, 1.00000000, 1.00000000
-0.000000000000, 0.101010101010, 1.04485274, 1.00000000, 1.00000000, 1.00000000
-0.000000000000, 0.111111111111, 1.05676663, 1.00000000, 1.00000000, 1.00000000
-0.000000000000, 0.121212121212, 1.06848314, 1.00000000, 1.00000000, 1.00000000
-0.000000000000, 0.131313131313, 1.07993605, 1.00000000, 1.00000000, 1.00000000
-0.000000000000, 0.141414141414, 1.09107157, 1.00000000, 1.00000000, 1.00000000
-0.000000000000, 0.151515151515, 1.10184215, 1.00000000, 1.00000000, 1.00000000
-0.000000000000, 0.161616161616, 1.11220352, 1.00000000, 1.00000000, 1.00000000
-0.000000000000, 0.171717171717, 1.12211358, 1.00000000, 1.00000000, 1.00000000
-0.000000000000, 0.181818181818, 1.13153220, 1.00000000, 1.00000000, 1.00000000
-0.000000000000, 0.191919191919, 1.14042125, 1.00000000, 1.00000000, 1.00000000
-0.000000000000, 0.202020202020, 1.14874477, 1.00000000, 1.00000000, 1.00000000
-0.000000000000, 0.212121212121, 1.15646907, 1.00000000, 1.00000000, 1.00000000
-0.000000000000, 0.222222222222, 1.16356291, 1.00000000, 1.00000000, 1.00000000
-0.000000000000, 0.232323232323, 1.16999759, 1.00000000, 1.00000000, 1.00000000
-0.000000000000, 0.242424242424, 1.17574709, 1.00000000, 1.00000000, 1.00000000
-0.000000000000, 0.252525252525, 1.18078814, 1.00000000, 1.00000000, 1.00000000
-0.000000000000, 0.262626262626, 1.18510038, 1.00000000, 1.00000000, 1.00000000
-0.000000000000, 0.272727272727, 1.18866637, 1.00000000, 1.00000000, 1.00000000
-0.000000000000, 0.282828282828, 1.19147170, 1.00000000, 1.00000000, 1.00000000
-0.000000000000, 0.292929292929, 1.19350502, 1.00000000, 1.00000000, 1.00000000
-0.000000000000, 0.303030303030, 1.19475813, 1.00000000, 1.00000000, 1.00000000
-0.000000000000, 0.313131313131, 1.19522594, 1.00000000, 1.00000000, 1.00000000
-0.000000000000, 0.323232323232, 1.19490662, 1.00000000, 1.00000000, 1.00000000
-0.000000000000, 0.333333333333, 1.19380161, 1.00000000, 1.00000000, 1.00000000
-0.000000000000, 0.343434343434, 1.19191547, 1.00000000, 1.00000000, 1.00000000
-0.000000000000, 0.353535353535, 1.18925596, 1.00000000, 1.00000000, 1.00000000
-0.000000000000, 0.363636363636, 1.18583391, 1.00000000, 1.00000000, 1.00000000
-0.000000000000, 0.373737373737, 1.18166327, 1.00000000, 1.00000000, 1.00000000
-0.000000000000, 0.383838383838, 1.17676099, 1.00000000, 1.00000000, 1.00000000
-0.000000000000, 0.393939393939, 1.17114697, 1.00000000, 1.00000000, 1.00000000
-0.000000000000, 0.404040404040, 1.16484399, 1.00000000, 1.00000000, 1.00000000
-0.000000000000, 0.414141414141, 1.15787763, 1.00000000, 1.00000000, 1.00000000
-0.000000000000, 0.424242424242, 1.15027612, 1.00000000, 1.00000000, 1.00000000
-0.000000000000, 0.434343434343, 1.14207026, 1.00000000, 1.00000000, 1.00000000
-0.000000000000, 0.444444444444, 1.13329330, 1.00000000, 1.00000000, 1.00000000
-0.000000000000, 0.454545454545, 1.12398076, 1.00000000, 1.00000000, 1.00000000
-0.000000000000, 0.464646464646, 1.11417033, 1.00000000, 1.00000000, 1.00000000
-0.000000000000, 0.474747474747, 1.10390171, 1.00000000, 1.00000000, 1.00000000
-0.000000000000, 0.484848484848, 1.09321641, 1.00000000, 1.00000000, 1.00000000
-0.000000000000, 0.494949494949, 1.08215763, 1.00000000, 1.00000000, 1.00000000
-0.000000000000, 0.505050505051, 1.07077005, 1.00000000, 1.00000000, 1.00000000
-0.000000000000, 0.515151515152, 1.05909965, 1.00000000, 1.00000000, 1.00000000
-0.000000000000, 0.525252525253, 1.04719355, 1.00000000, 1.00000000, 1.00000000
-0.000000000000, 0.535353535354, 1.03509978, 1.00000000, 1.00000000, 1.00000000
-0.000000000000, 0.545454545455, 1.02286711, 1.00000000, 1.00000000, 1.00000000
-0.000000000000, 0.555555555556, 1.01054484, 1.00000000, 1.00000000, 1.00000000
-0.000000000000, 0.565656565657, 0.99818260, 1.00000000, 1.00000000, 1.00000000
-0.000000000000, 0.575757575758, 0.98583016, 1.00000000, 1.00000000, 1.00000000
-0.000000000000, 0.585858585859, 0.97353721, 1.00000000, 1.00000000, 1.00000000
-0.000000000000, 0.595959595960, 0.96135319, 1.00000000, 1.00000000, 1.00000000
-0.000000000000, 0.606060606061, 0.94932705, 1.00000000, 1.00000000, 1.00000000
-0.000000000000, 0.616161616162, 0.93750708, 1.00000000, 1.00000000, 1.00000000
-0.000000000000, 0.626262626263, 0.92594070, 1.00000000, 1.00000000, 1.00000000
-0.000000000000, 0.636363636364, 0.91467431, 1.00000000, 1.00000000, 1.00000000
-0.000000000000, 0.646464646465, 0.90375304, 1.00000000, 1.00000000, 1.00000000
-0.000000000000, 0.656565656566, 0.89322064, 1.00000000, 1.00000000, 1.00000000
-0.000000000000, 0.666666666667, 0.88311926, 1.00000000, 1.00000000, 1.00000000
-0.000000000000, 0.676767676768, 0.87348929, 1.00000000, 1.00000000, 1.00000000
-0.000000000000, 0.686868686869, 0.86436922, 1.00000000, 1.00000000, 1.00000000
-0.000000000000, 0.696969696970, 0.85579551, 1.00000000, 1.00000000, 1.00000000
-0.000000000000, 0.707070707071, 0.84780237, 1.00000000, 1.00000000, 1.00000000
-0.000000000000, 0.717171717172, 0.84042173, 1.00000000, 1.00000000, 1.00000000
-0.000000000000, 0.727272727273, 0.83368303, 1.00000000, 1.00000000, 1.00000000
-0.000000000000, 0.737373737374, 0.82761317, 1.00000000, 1.00000000, 1.00000000
-0.000000000000, 0.747474747475, 0.82223637, 1.00000000, 1.00000000, 1.00000000
-0.000000000000, 0.757575757576, 0.81757411, 1.00000000, 1.00000000, 1.00000000
-0.000000000000, 0.767676767677, 0.81364503, 1.00000000, 1.00000000, 1.00000000
-0.000000000000, 0.777777777778, 0.81046485, 1.00000000, 1.00000000, 1.00000000
-0.000000000000, 0.787878787879, 0.80804637, 1.00000000, 1.00000000, 1.00000000
-0.000000000000, 0.797979797980, 0.80639934, 1.00000000, 1.00000000, 1.00000000
-0.000000000000, 0.808080808081, 0.80553048, 1.00000000, 1.00000000, 1.00000000
-0.000000000000, 0.818181818182, 0.80544344, 1.00000000, 1.00000000, 1.00000000
-0.000000000000, 0.828282828283, 0.80613858, 1.00000000, 1.00000000, 1.00000000
-0.000000000000, 0.838383838384, 0.80761315, 1.00000000, 1.00000000, 1.00000000
-0.000000000000, 0.848484848485, 0.80986132, 1.00000000, 1.00000000, 1.00000000
-0.000000000000, 0.858585858586, 0.81287420, 1.00000000, 1.00000000, 1.00000000
-0.000000000000, 0.868686868687, 0.81663988, 1.00000000, 1.00000000, 1.00000000
-0.000000000000, 0.878787878788, 0.82114343, 1.00000000, 1.00000000, 1.00000000
-0.000000000000, 0.888888888889, 0.82636699, 1.00000000, 1.00000000, 1.00000000
-0.000000000000, 0.898989898990, 0.83228983, 1.00000000, 1.00000000, 1.00000000
-0.000000000000, 0.909090909091, 0.83888838, 1.00000000, 1.00000000, 1.00000000
-0.000000000000, 0.919191919192, 0.84613636, 1.00000000, 1.00000000, 1.00000000
-0.000000000000, 0.929292929293, 0.85400471, 1.00000000, 1.00000000, 1.00000000
-0.000000000000, 0.939393939394, 0.86246146, 1.00000000, 1.00000000, 1.00000000
-0.000000000000, 0.949494949495, 0.87147076, 1.00000000, 1.00000000, 1.00000000
-0.000000000000, 0.959595959596, 0.88099044, 1.00000000, 1.00000000, 1.00000000
0.010101010101, -0.000000000000, 0.94412423, 1.00000000, 1.00000000, 1.00000000
0.010101010101, 0.010101010101, 0.95495791, 1.00000000, 1.00000000, 1.00000000
0.010101010101, 0.020202020202, 0.96558373, 1.00000000, 1.00000000, 1.00000000
0.010101010101, 0.030303030303, 0.97608877, 1.00000000, 1.00000000, 1.00000000
0.010101010101, 0.040404040404, 0.98665166, 1.00000000, 1.00000000, 1.00000000
0.010101010101, 0.050505050505, 0.99746259, 1.00000000, 1.00000000, 1.00000000
0.010101010101, 0.060606060606, 1.00863681, 1.00000000, 1.00000000, 1.00000000
0.010101010101, 0.070707070707, 1.02017248, 1.00000000, 1.00000000, 1.00000000
0.010101010101, 0.080808080808, 1.03196820, 1.00000000, 1.00000000, 1.00000000
0.010101010101, 0.090909090909, 1.04387530, 1.00000000, 1.00000000, 1.00000000
0.010101010101, 0.101010101010, 1.05574754, 1.00000000, 1.00000000, 1.00000000
0.010101010101, 0.111111111111, 1.06746673, 1.00000000, 1.00000000, 1.00000000
0.010101010101, 0.121212121212, 1.07894535, 1.00000000, 1.00000000, 1.00000000
0.010101010101, 0.131313131313, 1.09011806, 1.00000000, 1.00000000, 1.00000000
0.010101010101, 0.141414141414, 1.10093220, 1.00000000, 1.00000000, 1.00000000
0.010101010101, 0.151515151515, 1.11134151, 1.00000000, 1.00000000, 1.00000000
0.010101010101, 0.161616161616, 1.12130319, 1.00000000, 1.00000000, 1.00000000
0.010101010101, 0.171717171717, 1.13077674, 1.00000000, 1.00000000, 1.00000000
0.010101010101, 0.181818181818, 1.13972381, 1.00000000, 1.00000000, 1.00000000
0.010101010101, 0.191919191919, 1.14810817, 1.00000000, 1.00000000, 1.00000000
0.010101010101, 0.202020202020, 1.15589591, 1.00000000, 1.00000000, 1.00000000
0.010101010101, 0.212121212121, 1.16305549, 1.00000000, 1.00000000, 1.00000000
0.010101010101, 0.222222222222, 1.16955797, 1.00000000, 1.00000000, 1.00000000
0.010101010101, 0.232323232323, 1.17537704, 1.00000000, 1.00000000, 1.00000000
0.010101010101, 0.242424242424, 1.18048915, 1.00000000, 1.00000000, 1.00000000
0.010101010101, 0.252525252525, 1.18487365, 1.00000000, 1.00000000, 1.00000000
0.010101010101, 0.262626262626, 1.18851280, 1.00000000, 1.00000000, 1.00000000
0.010101010101, 0.272727272727, 1.19139190, 1.00000000, 1.00000000, 1.00000000
0.010101010101, 0.282828282828, 1.19349929, 1.00000000, 1.00000000, 1.00000000
0.010101010101, 0.292929292929, 1.19482647, 1.00000000, 1.00000000, 1.00000000
0.010101010101, 0.303030303030, 1.19536804, 1.00000000, 1.00000000, 1.00000000
0.010101010101, 0.313131313131, 1.19512188, 1.00000000, 1.00000000, 1.00000000
0.010101010101, 0.323232323232, 1.19408911, 1.00000000, 1.00000000, 1.00000000
0.010101010101, 0.333333333333, 1.19227401, 1.00000000, 1.00000000, 1.00000000
0.010101010101, 0.343434343434, 1.18968404, 1.00000000, 1.00000000, 1.00000000
0.010101010101, 0.353535353535, 1.18632976, 1.00000000, 1.00000000, 1.00000000
0.010101010101, 0.363636363636, 1.18222483, 1.00000000, 1.00000000, 1.00000000
0.010101010101, 0.373737373737, 1.17738594, 1.00000000, 1.00000000, 1.00000000
0.010101010101, 0.383838383838, 1.17183274, 1.00000000, 1.00000000, 1.00000000
0.010101010101, 0.393939393939, 1.16558776, 1.00000000, 1.00000000, 1.00000000
0.010101010101, 0.404040404040, 1.15867634, 1.00000000, 1.00000000, 1.00000000
0.010101010101, 0.414141414141, 1.15112649, 1.00000000, 1.00000000, 1.00000000
0.010101010101, 0.424242424242, 1.14296881, 1.00000000, 1.00000000, 1.00000000
0.010101010101, 0.434343434343, 1.13423635, 1.00000000, 1.00000000, 1.00000000
0.010101010101, 0.444444444444, 1.12496445, 1.00000000, 1.00000000, 1.00000000
0.010101010101, 0.454545454545, 1.11519066, 1.00000000, 1.00000000, 1.00000000
0.010101010101, 0.464646464646, 1.10495450, 1.00000000, 1.00000000, 1.00000000
0.010101010101, 0.474747474747, 1.09429739, 1.00000000, 1.00000000, 1.00000000
0.010101010101, 0.484848484848, 1.08326240, 1.00000000, 1.00000000, 1.00000000
0.010101010101, 0.494949494949, 1.07189413, 1.00000000, 1.00000000, 1.00000000
0.010101010101, 0.505050505051, 1.06023848, 1.00000000, 1.00000000, 1.00000000
0.010101010101, 0.515151515152, 1.04834252, 1.00000000, 1.00000000, 1.00000000
0.010101010101, 0.525252525253, 1.03625424, 1.00000000, 1.00000000, 1.00000000
0.010101010101, 0.535353535354, 1.02402241, 1.00000000, 1.00000000, 1.00000000
0.010101010101, 0.545454545455, 1.01169631, 1.00000000, 1.00000000, 1.00000000
0.010101010101, 0.555555555556, 0.99932563, 1.00000000, 1.00000000, 1.00000000
0.010101010101, 0.565656565657, 0.98696015, 1.00000000, 1.00000000, 1.00000000
0.010101010101, 0.575757575758, 0.97464965, 1.00000000, 1.00000000, 1.00000000
0.010101010101, 0.585858585859, 0.96244361, 1.00000000, 1.00000000, 1.00000000
0.010101010101, 0.595959595960, 0.95039111, 1.00000000, 1.00000000, 1.00000000
0.010101010101, 0.606060606061, 0.93854053, 1.00000000, 1.00000000, 1.00000000
0.010101010101, 0.616161616162, 0.92693944, 1.00000000, 1.00000000, 1.00000000
0.010101010101, 0.626262626263, 0.91563437, 1.00000000, 1.00000000, 1.00000000
0.010101010101, 0.636363636364, 0.90467063, 1.00000000, 1.00000000, 1.00000000
0.010101010101, 0.646464646465, 0.89409211, 1.00000000, 1.00000000, 1.00000000
0.010101010101, 0.656565656566, 0.88394117, 1.00000000, 1.00000000, 1.00000000
0.010101010101, 0.666666666667, 0.87425840, 1.00000000, 1.00000000, 1.00000000
0.010101010101, 0.676767676768, 0.86508250, 1.00000000, 1.00000000, 1.00000000
0.010101010101, 0.686868686869, 0.85645013, 1.00000000, 1.00000000, 1.00000000
0.010101010101, 0.696969696970, 0.84839577, 1.00000000, 1.00000000, 1.00000000
0.010101010101, 0.707070707071, 0.84095156, 1.00000000, 1.00000000, 1.00000000
0.010101010101, 0.717171717172, 0.83414719, 1.00000000, 1.00000000, 1.00000000
0.010101010101, 0.727272727273, 0.82800983, 1.00000000, 1.00000000, 1.00000000
0.010101010101, 0.737373737374, 0.82256395, 1.00000000, 1.00000000, 1.00000000
0.010101010101, 0.747474747475, 0.81783129, 1.00000000, 1.00000000, 1.00000000
0.010101010101, 0.757575757576, 0.81383078, 1.00000000, 1.00000000, 1.00000000
0.010101010101, 0.767676767677, 0.81057840, 1.00000000, 1.00000000, 1.00000000
0.010101010101, 0.777777777778, 0.80808723, 1.00000000, 1.00000000, 1.00000000
0.010101010101, 0.787878787879, 0.80636730, 1.00000000, 1.00000000, 1.00000000
0.010101010101, 0.797979797980, 0.80542561, 1.00000000, 1.00000000, 1.00000000
0.010101010101, 0.808080808081, 0.80526612, 1.00000000, 1.00000000, 1.00000000
0.010101010101, 0.818181818182, 0.80588945, 1.00000000, 1.00000000, 1.00000000
0.010101010101, 0.828282828283, 0.80729316, 1.00000000, 1.00000000, 1.00000000
0.010101010101, 0.838383838384, 0.80947167, 1.00000000, 1.00000000, 1.00000000
0.010101010101, 0.848484848485, 0.81241638, 1.00000000, 1.00000000, 1.00000000
0.010101010101, 0.858585858586, 0.81611565, 1.00000000, 1.00000000, 1.00000000
0.010101010101, 0.868686868687, 0.82055481, 1.00000000, 1.00000000, 1.00000000
0.010101010101, 0.878787878788, 0.82571627, 1.00000000, 1.00000000, 1.00000000
0.010101010101, 0.888888888889, 0.83157954, 1.00000000, 1.00000000, 1.00000000
0.010101010101, 0.898989898990, 0.83812132, 1.00000000, 1.00000000, 1.00000000
0.010101010101, 0.909090909091, 0.84531555, 1.00000000, 1.00000000, 1.00000000
0.010101010101, 0.919191919192, 0.85313355, 1.00000000, 1.00000000, 1.00000000
0.010101010101, 0.929292929293, 0.86154397, 1.00000000, 1.00000000, 1.00000000
0.010101010101, 0.939393939394, 0.87051265, 1.00000000, 1.00000000, 1.00000000
0.010101010101, 0.949494949495, 0.88000169, 1.00000000, 1.00000000, 1.00000000
0.010101010101, 0.959595959596, 0.88996702, 1.00000000, 1.00000000, 1.00000000
0.020202020202, -0.000000000000, 0.95459062, 1.00000000, 1.00000000, 1.00000000
0.020202020202, 0.010101010101, 0.96558373, 1.00000000, 1.00000000, 1.00000000
0.020202020202, 0.020202020202, 0.97632715, 1.00000000, 1.00000000, 1.00000000
0.020202020202, 0.030303030303, 0.98691018, 1.00000000, 1.00000000, 1.00000000
0.020202020202, 0.040404040404, 0.99751427, 1.00000000, 1.00000000, 1.00000000
0.020202020202, 0.050505050505, 1.00833155, 1.00000000, 1.00000000, 1.00000000
0.020202020202, 0.060606060606, 1.01947729, 1.00000000, 1.00000000, 1.00000000
0.020202020202, 0.070707070707, 1.03094792, 1.00000000, 1.00000000, 1.00000000
0.020202020202, 0.080808080808, 1.04263967, 1.00000000, 1.00000000, 1.00000000
0.020202020202, 0.090909090909, 1.05440202, 1.00000000, 1.00000000, 1.00000000
0.020202020202, 0.101010101010, 1.06608788, 1.00000000, 1.00000000, 1.00000000
0.020202020202, 0.111111111111, 1.07757917, 1.00000000, 1.00000000, 1.00000000
0.020202020202, 0.121212121212, 1.08878911, 1.00000000, 1.00000000, 1.00000000
0.020202020202, 0.131313131313, 1.09965343, 1.00000000, 1.00000000, 1.00000000
0.020202020202, 0.141414141414, 1.11012074, 1.00000000, 1.00000000, 1.00000000
0.020202020202, 0.151515151515, 1.12014621, 1.00000000, 1.00000000, 1.00000000
0.020202020202, 0.161616161616, 1.12968857, 1.00000000, 1.00000000, 1.00000000
0.020202020202, 0.171717171717, 1.13870905, 1.00000000, 1.00000000, 1.00000000
0.020202020202, 0.181818181818, 1.14717110, 1.00000000, 1.00000000, 1.00000000
0.020202020202, 0.191919191919, 1.15504047, 1.00000000, 1.00000000, 1.00000000
0.020202020202, 0.202020202020, 1.16228530, 1.00000000, 1.00000000, 1.00000000
0.020202020202, 0.212121212121, 1.16887626, 1.00000000, 1.00000000, 1.00000000
0.020202020202, 0.222222222222, 1.17478669, 1.00000000, 1.00000000, 1.00000000
0.020202020202, 0.232323232323, 1.17999267, 1.00000000, 1.00000000, 1.00000000
0.020202020202, 0.242424242424, 1.18447312, 1.00000000, 1.00000000, 1.00000000
0.020202020202, 0.252525252525, 1.18820991, 1.00000000, 1.00000000, 1.00000000
0.020202020202, 0.262626262626, 1.19118792, 1.00000000, 1.00000000, 1.00000000
0.020202020202, 0.272727272727, 1.19339509, 1.00000000, 1.00000000, 1.00000000
0.020202020202, 0.282828282828, 1.19482247, 1.00000000, 1.00000000, 1.00000000
0.020202020202, 0.292929292929, 1.19546425, 1.00000000, 1.00000000, 1.00000000
0.020202020202, 0.303030303030, 1.19531785, 1.00000000, 1.00000000, 1.00000000
0.020202020202, 0.313131313131, 1.19438398, 1.00000000, 1.00000000, 1.00000000
0.020202020202, 0.323232323232, 1.19266650, 1.00000000, 1.00000000, 1.00000000
0.020202020202, 0.333333333333, 1.19017244, 1.00000000, 1.00000000, 1.00000000
0.020202020202, 0.343434343434, 1.18691199, 1.00000000, 1.00000000, 1.00000000
0.020202020202, 0.353535353535, 1.18289838, 1.00000000, 1.00000000, 1.00000000
0.020202020202, 0.363636363636, 1.17814793, 1.00000000, 1.00000000, 1.00000000
0.020202020202, 0.373737373737, 1.17267992, 1.00000000, 1.00000000, 1.00000000
0.020202020202, 0.383838383838, 1.16651653, 1.00000000, 1.00000000, 1.00000000
0.020202020202, 0.393939393939, 1.15968276, 1.00000000, 1.00000000, 1.00000000
0.020202020202, 0.404040404040, 1.15220629, 1.00000000, 1.00000000, 1.00000000
0.020202020202, 0.414141414141, 1.14411743, 1.00000000, 1.00000000, 1.00000000
0.020202020202, 0.424242424242, 1.13544894, 1.00000000, 1.00000000, 1.00000000
0.020202020202, 0.434343434343, 1.12623593, 1.00000000, 1.00000000, 1.00000000
0.020202020202, 0.444444444444, 1.11651569, 1.00000000, 1.00000000, 1.00000000
0.020202020202, 0.454545454545, 1.10632755, 1.00000000, 1.00000000, 1.00000000
0.020202020202, 0.464646464646, 1.09571273, 1.00000000, 1.00000000, 1.00000000
0.020202020202, 0.474747474747, 1.08471416, 1.00000000, 1.00000000, 1.00000000
0.020202020202, 0.484848484848, 1.07337630, 1.00000000, 1.00000000, 1.00000000
0.020202020202, 0.494949494949, 1.06174495, 1.00000000, 1.00000000, 1.00000000
0.020202020202, 0.505050505051, 1.04986710, 1.00000000, 1.00000000, 1.00000000
0.020202020202, 0.515151515152, 1.03779070, 1.00000000, 1.00000000, 1.00000000
0.020202020202, 0.525252525253, 1.02556448, 1.00000000, 1.00000000, 1.00000000
0.020202020202, 0.535353535354, 1.01323776, 1.00000000, 1.00000000, 1.00000000
0.020202020202, 0.545454545455, 1.00086021, 1.00000000, 1.00000000, 1.00000000
0.020202020202, 0.555555555556, 0.98848171, 1.00000000, 1.00000000, 1.00000000
0.020202020202, 0.565656565657, 0.97615210, 1.00000000, 1.00000000, 1.00000000
0.020202020202, 0.575757575758, 0.96392098, 1.00000000, 1.00000000, 1.00000000
0.020202020202, 0.585858585859, 0.95183755, 1.00000000, 1.00000000, 1.00000000
0.020202020202, 0.595959595960, 0.93995035, 1.00000000, 1.00000000, 1.00000000
0.020202020202, 0.606060606061, 0.92830711, 1.00000000, 1.00000000, 1.00000000
0.020202020202, 0.616161616162, 0.91695457, 1.00000000, 1.00000000, 1.00000000
0.020202020202, 0.626262626263, 0.90593823, 1.00000000, 1.00000000, 1.00000000
0.020202020202, 0.636363636364, 0.89530224, 1.00000000, 1.00000000, 1.00000000
0.020202020202, 0.646464646465, 0.88508918, 1.00000000, 1.00000000, 1.00000000
0.020202020202, 0.656565656566, 0.87533992, 1.00000000, 1.00000000, 1.00000000
0.020202020202, 0.666666666667, 0.86609342, 1.00000000, 1.00000000, 1.00000000
0.020202020202, 0.676767676768, 0.85738662, 1.00000000, 1.00000000, 1.00000000
0.020202020202, 0.686868686869, 0.84925430, 1.00000000, 1.00000000, 1.00000000
0.020202020202, 0.696969696970, 0.84172890, 1.00000000, 1.00000000, 1.00000000
0.020202020202, 0.707070707071, 0.83484045, 1.00000000, 1.00000000, 1.00000000
0.020202020202, 0.717171717172, 0.82861640, 1.00000000, 1.00000000, 1.00000000
0.020202020202, 0.727272727273, 0.82308156, 1.00000000, 1.00000000, 1.00000000
0.020202020202, 0.737373737374, 0.81825802, 1.00000000, 1.00000000, 1.00000000
0.020202020202, 0.747474747475, 0.81416501, 1.00000000, 1.00000000, 1.00000000
0.020202020202, 0.757575757576, 0.81081888, 1.00000000, 1.00000000, 1.00000000
0.020202020202, 0.767676767677, 0.80823302, 1.00000000, 1.00000000, 1.00000000
0.020202020202, 0.777777777778, 0.80641783, 1.00000000, 1.00000000, 1.00000000
0.020202020202, 0.787878787879, 0.80538066, 1.00000000, 1.00000000, 1.00000000
0.020202020202, 0.797979797980, 0.80512581, 1.00000000, 1.00000000, 1.00000000
0.020202020202, 0.808080808081, 0.80565428, 1.00000000, 1.00000000, 1.00000000
0.020202020202, 0.818181818182, 0.80696396, 1.00000000, 1.00000000, 1.00000000
0.020202020202, 0.828282828283, 0.80904963, 1.00000000, 1.00000000, 1.00000000
0.020202020202, 0.838383838384, 0.81190303, 1.00000000, 1.00000000, 1.00000000
0.020202020202, 0.848484848485, 0.81551286, 1.00000000, 1.00000000, 1.00000000
0.020202020202, 0.858585858586, 0.81986479, 1.00000000, 1.00000000, 1.00000000
0.020202020202, 0.868686868687, 0.82494157, 1.00000000, 1.00000000, 1.00000000
0.020202020202, 0.878787878788, 0.83072302, 1.00000000, 1.00000000, 1.00000000
0.020202020202, 0.888888888889, 0.83718618, 1.00000000, 1.00000000, 1.00000000
0.020202020202, 0.898989898990, 0.84430530, 1.00000000, 1.00000000, 1.00000000
0.020202020202, 0.909090909091, 0.85205203, 1.00000000, 1.00000000, 1.00000000
0.020202020202, 0.919191919192, 0.86039544, 1.00000000, 1.00000000, 1.00000000
0.020202020202, 0.929292929293, 0.86930207, 1.00000000, 1.00000000, 1.00000000
0.020202020202, 0.939393939394, 0.87873575, 1.00000000, 1.00000000, 1.00000000
0.020202020202, 0.949494949495, 0.88865675, 1.00000000, 1.00000000, 1.00000000
0.020202020202, 0.959595959596, 0.89901928, 1.00000000, 1.00000000, 1.00000000
0.030303030303, -0.000000000000, 0.96497765, 1.00000000, 1.00000000, 1.00000000
0.030303030303, 0.010101010101, 0.97608877, 1.00000000, 1.00000000, 1.00000000
0.030303030303, 0.020202020202, 0.98691018, 1.00000000, 1.00000000, 1.00000000
0.030303030303, 0.030303030303, 0.99753304, 1.00000000, 1.00000000, 1.00000000
0.030303030303, 0.040404040404, 1.00814096, 1.00000000, 1.00000000, 1.00000000
0.030303030303, 0.050505050505, 1.01892731, 1.00000000, 1.00000000, 1.00000000
0.030303030303, 0.060606060606, 1.03000698, 1.00000000, 1.00000000, 1.00000000
0.030303030303, 0.070707070707, 1.04137473, 1.00000000, 1.00000000, 1.00000000
0.030303030303, 0.080808080808, 1.05292483, 1.00000000, 1.00000000, 1.00000000
0.030303030303, 0.090909090909, 1.06450549, 1.00000000, 1.00000000, 1.00000000
0.030303030303, 0.101010101010, 1.07596932, 1.00000000, 1.00000000, 1.00000000
0.030303030303, 0.111111111111, 1.08719878, 1.00000000, 1.00000000, 1.00000000
0.030303030303, 0.121212121212, 1.09810809, 1.00000000, 1.00000000, 1.00000000
0.030303030303, 0.131313131313, 1.10863427, 1.00000000, 1.00000000, 1.00000000
0.030303030303, 0.141414141414, 1.11872734, 1.00000000, 1.00000000, 1.00000000
0.030303030303, 0.151515151515, 1.12834399, 1.00000000, 1.00000000, 1.00000000
0.030303030303, 0.161616161616, 1.13744464, 1.00000000, 1.00000000, 1.00000000
0.030303030303, 0.171717171717, 1.14599228, 1.00000000, 1.00000000, 1.00000000
0.030303030303, 0.181818181818, 1.15395228, 1.00000000, 1.00000000, 1.00000000
0.030303030303, 0.191919191919, 1.16129240, 1.00000000, 1.00000000, 1.00000000
0.030303030303, 0.202020202020, 1.16798292, 1.00000000, 1.00000000, 1.00000000
0.030303030303, 0.212121212121, 1.17399673, 1.00000000, 1.00000000, 1.00000000
0.030303030303, 0.222222222222, 1.17930949, 1.00000000, 1.00000000, 1.00000000
0.030303030303, 0.232323232323, 1.18389966, 1.00000000, 1.00000000, 1.00000000
0.030303030303, 0.242424242424, 1.18774864, 1.00000000, 1.00000000, 1.00000000
0.030303030303, 0.252525252525, 1.19084083, 1.00000000, 1.00000000, 1.00000000
0.030303030303, 0.262626262626, 1.19316368, 1.00000000, 1.00000000, 1.00000000
0.030303030303, 0.272727272727, 1.19470773, 1.00000000, 1.00000000, 1.00000000
0.030303030303, 0.282828282828, 1.19546667, 1.00000000, 1.00000000, 1.00000000
0.030303030303, 0.292929292929, 1.19543741, 1.00000000, 1.00000000, 1.00000000
0.030303030303, 0.303030303030, 1.19462012, 1.00000000, 1.00000000, 1.00000000
0.030303030303, 0.313131313131, 1.19301818, 1.00000000, 1.00000000, 1.00000000
0.030303030303, 0.323232323232, 1.19063812, 1.00000000, 1.00000000, 1.00000000
0.030303030303, 0.333333333333, 1.18748962, 1.00000000, 1.00000000, 1.00000000
0.030303030303, 0.343434343434, 1.18358545, 1.00000000, 1.00000000, 1.00000000
0.030303030303, 0.353535353535, 1.17894146, 1.00000000, 1.00000000, 1.00000000
0.030303030303, 0.363636363636, 1.17357647, 1.00000000, 1.00000000, 1.00000000
0.030303030303, 0.373737373737, 1.16751222, 1.00000000, 1.00000000, 1.00000000
0.030303030303, 0.383838383838, 1.16077329, 1.00000000, 1.00000000, 1.00000000
0.030303030303, 0.393939393939, 1.15338698, 1.00000000, 1.00000000, 1.00000000
0.030303030303, 0.404040404040, 1.14538322, 1.00000000, 1.00000000, 1.00000000
0.030303030303, 0.414141414141, 1.13679442, 1.00000000, 1.00000000, 1.00000000
0.030303030303, 0.424242424242, 1.12765535, 1.00000000, 1.00000000, 1.00000000
0.030303030303, 0.434343434343, 1.11800303, 1.00000000, 1.00000000, 1.00000000
0.030303030303, 0.444444444444, 1.10787651, 1.00000000, 1.00000000, 1.00000000
0.030303030303, 0.454545454545, 1.09731677, 1.00000000, 1.00000000, 1.00000000
0.030303030303, 0.464646464646, 1.08636654, 1.00000000, 1.00000000, 1.00000000
0.030303030303, 0.474747474747, 1.07507010, 1.00000000, 1.00000000, 1.00000000
0.030303030303, 0.484848484848, 1.06347312, 1.00000000, 1.00000000, 1.00000000
0.030303030303, 0.494949494949, 1.05162247, 1.00000000, 1.00000000, 1.00000000
0.030303030303, 0.505050505051, 1.03956602, 1.00000000, 1.00000000, 1.00000000
0.030303030303, 0.515151515152, 1.02735246, 1.00000000, 1.00000000, 1.00000000
0.030303030303, 0.525252525253, 1.01503108, 1.00000000, 1.00000000, 1.00000000
0.030303030303, 0.535353535354, 1.00265161, 1.00000000, 1.00000000, 1.00000000
0.030303030303, 0.545454545455, 0.99026394, 1.00000000, 1.00000000, 1.00000000
0.030303030303, 0.555555555556, 0.97791801, 1.00000000, 1.00000000, 1.00000000
0.030303030303, 0.565656565657, 0.96566352, 1.00000000, 1.00000000, 1.00000000
0.030303030303, 0.575757575758, 0.95354982, 1.00000000, 1.00000000, 1.00000000
0.030303030303, 0.585858585859, 0.94162560, 1.00000000, 1.00000000, 1.00000000
0.030303030303, 0.595959595960, 0.92993880, 1.00000000, 1.00000000, 1.00000000
0.030303030303, 0.606060606061, 0.91853635, 1.00000000, 1.00000000, 1.00000000
0.030303030303, 0.616161616162, 0.90746401, 1.00000000, 1.00000000, 1.00000000
0.030303030303, 0.626262626263, 0.89676617, 1.00000000, 1.00000000, 1.00000000
0.030303030303, 0.636363636364, 0.88648570, 1.00000000, 1.00000000, 1.00000000
0.030303030303, 0.646464646465, 0.87666373, 1.00000000, 1.00000000, 1.00000000
0.030303030303, 0.656565656566, 0.86733957, 1.00000000, 1.00000000, 1.00000000
0.030303030303, 0.666666666667, 0.85855046, 1.00000000, 1.00000000, 1.00000000
0.030303030303, 0.676767676768, 0.85033152, 1.00000000, 1.00000000, 1.00000000
0.030303030303, 0.686868686869, 0.84271552, 1.00000000, 1.00000000, 1.00000000
0.030303030303, 0.696969696970, 0.83573285, 1.00000000, 1.00000000, 1.00000000
0.030303030303, 0.707070707071, 0.82941132, 1.00000000, 1.00000000, 1.00000000
0.030303030303, 0.717171717172, 0.82377611, 1.00000000, 1.00000000, 1.00000000
0.030303030303, 0.727272727273, 0.81884967, 1.00000000, 1.00000000, 1.00000000
0.030303030303, 0.737373737374, 0.81465161, 1.00000000, 1.00000000, 1.00000000
0.030303030303, 0.747474747475, 0.81119867, 1.00000000, 1.00000000, 1.00000000
0.030303030303, 0.757575757576, 0.80850460, 1.00000000, 1.00000000, 1.00000000
0.030303030303, 0.767676767677, 0.80658020, 1.00000000, 1.00000000, 1.00000000
0.030303030303, 0.777777777778, 0.80543321, 1.00000000, 1.00000000, 1.00000000
0.030303030303, 0.787878787879, 0.80506830, 1.00000000, 1.00000000, 1.00000000
0.030303030303, 0.797979797980, 0.80548692, 1.00000000, 1.00000000, 1.00000000
0.030303030303, 0.808080808081, 0.80668732, 1.00000000, 1.00000000, 1.00000000
0.030303030303, 0.818181818182, 0.80866470, 1.00000000, 1.00000000, 1.00000000
0.030303030303, 0.828282828283, 0.81141116, 1.00000000, 1.00000000, 1.00000000
0.030303030303, 0.838383838384, 0.81491579, 1.00000000, 1.00000000, 1.00000000
0.030303030303, 0.848484848485, 0.81916467, 1.00000000, 1.00000000, 1.00000000
0.030303030303, 0.858585858586, 0.82414089, 1.00000000, 1.00000000, 1.00000000
0.030303030303, 0.868686868687, 0.82982468, 1.00000000, 1.00000000, 1.00000000
0.030303030303, 0.878787878788, 0.83619343, 1.00000000, 1.00000000, 1.00000000
0.030303030303, 0.888888888889, 0.84322178, 1.00000000, 1.00000000, 1.00000000
0.030303030303, 0.898989898990, 0.85088173, 1.00000000, 1.00000000, 1.00000000
0.030303030303, 0.909090909091, 0.85914272, 1.00000000, 1.00000000, 1.00000000
0.030303030303, 0.919191919192, 0.86797174, 1.00000000, 1.00000000, 1.00000000
0.030303030303, 0.929292929293, 0.87733339, 1.00000000, 1.00000000, 1.00000000
0.030303030303, 0.939393939394, 0.88718968, 1.00000000, 1.00000000, 1.00000000
0.030303030303, 0.949494949495, 0.89749919, 1.00000000, 1.00000000, 1.00000000
0.030303030303, 0.959595959596, 0.90821465, 1.00000000, 1.00000000, 1.00000000
0.040404040404, -0.000000000000, 0.97546045, 1.00000000, 1.00000000, 1.00000000
0.040404040404, 0.010101010101, 0.98665166, 1.00000000, 1.00000000, 1.00000000
0.040404040404, 0.020202020202, 0.99751427, 1.00000000, 1.00000000, 1.00000000
0.040404040404, 0.030303030303, 1.00814096, 1.00000000, 1.00000000, 1.00000000
0.040404040404, 0.040404040404, 1.01871686, 1.00000000, 1.00000000, 1.00000000
0.040404040404, 0.050505050505, 1.02943590, 1.00000000, 1.00000000, 1.00000000
0.040404040404, 0.060606060606, 1.04041219, 1.00000000, 1.00000000, 1.00000000
0.040404040404, 0.070707070707, 1.05163883, 1.00000000, 1.00000000, 1.00000000
0.040404040404, 0.080808080808, 1.06300855, 1.00000000, 1.00000000, 1.00000000
0.040404040404, 0.090909090909, 1.07436879, 1.00000000, 1.00000000, 1.00000000
0.040404040404, 0.101010101010, 1.08557238, 1.00000000, 1.00000000, 1.00000000
0.040404040404, 0.111111111111, 1.09650270, 1.00000000, 1.00000000, 1.00000000
0.040404040404, 0.121212121212, 1.10707527, 1.00000000, 1.00000000, 1.00000000
0.040404040404, 0.131313131313, 1.11722857, 1.00000000, 1.00000000, 1.00000000
0.040404040404, 0.141414141414, 1.12691421, 1.00000000, 1.00000000, 1.00000000
0.040404040404, 0.151515151515, 1.13609056, 1.00000000, 1.00000000, 1.00000000
0.040404040404, 0.161616161616, 1.14471982, 1.00000000, 1.00000000, 1.00000000
0.040404040404, 0.171717171717, 1.15276687, 1.00000000, 1.00000000, 1.00000000
0.040404040404, 0.181818181818, 1.16019912, 1.00000000, 1.00000000, 1.00000000
0.040404040404, 0.191919191919, 1.16698643, 1.00000000, 1.00000000, 1.00000000
0.040404040404, 0.202020202020, 1.17310131, 1.00000000, 1.00000000, 1.00000000
0.040404040404, 0.212121212121, 1.17851896, 1.00000000, 1.00000000, 1.00000000
0.040404040404, 0.222222222222, 1.18321743, 1.00000000, 1.00000000, 1.00000000
0.040404040404, 0.232323232323, 1.18717765, 1.00000000, 1.00000000, 1.00000000
0.040404040404, 0.242424242424, 1.19038353, 1.00000000, 1.00000000, 1.00000000
0.040404040404, 0.252525252525, 1.19282203, 1.00000000, 1.00000000, 1.00000000
0.040404040404, 0.262626262626, 1.19448322, 1.00000000, 1.00000000, 1.00000000
0.040404040404, 0.272727272727, 1.19536028, 1.00000000, 1.00000000, 1.00000000
0.040404040404, 0.282828282828, 1.19544957, 1.00000000, 1.00000000, 1.00000000
0.040404040404, 0.292929292929, 1.19475078, 1.00000000, 1.00000000, 1.00000000
0.040404040404, 0.303030303030, 1.19326675, 1.00000000, 1.00000000, 1.00000000
0.040404040404, 0.313131313131, 1.19100352, 1.00000000, 1.00000000, 1.00000000
0.040404040404, 0.323232323232, 1.18797025, 1.00000000, 1.00000000, 1.00000000
0.040404040404, 0.333333333333, 1.18417923, 1.00000000, 1.00000000, 1.00000000
0.040404040404, 0.343434343434, 1.17964581, 1.00000000, 1.00000000, 1.00000000
0.040404040404, 0.353535353535, 1.17438836, 1.00000000, 1.00000000, 1.00000000
0.040404040404, 0.363636363636, 1.16842815, 1.00000000, 1.00000000, 1.00000000
0.040404040404, 0.373737373737, 1.16178933, 1.00000000, 1.00000000, 1.00000000
0.040404040404, 0.383838383838, 1.15449876, 1.00000000, 1.00000000, 1.00000000
0.040404040404, 0.393939393939, 1.14658599, 1.00000000, 1.00000000, 1.00000000
0.040404040404, 0.404040404040, 1.13808304, 1.00000000, 1.00000000, 1.00000000
0.040404040404, 0.414141414141, 1.12902433, 1.00000000, 1.00000000, 1.00000000
0.040404040404, 0.424242424242, 1.11944656, 1.00000000, 1.00000000, 1.00000000
0.040404040404, 0.434343434343, 1.10938847, 1.00000000, 1.00000000, 1.00000000
0.040404040404, 0.444444444444, 1.09889079, 1.00000000, 1.00000000, 1.00000000
0.040404040404, 0.454545454545, 1.08799599, 1.00000000, 1.00000000, 1.00000000
0.040404040404, 0.464646464646, 1.07674814, 1.00000000, 1.00000000, 1.00000000
0.040404040404, 0.474747474747, 1.06519275, 1.00000000, 1.00000000, 1.00000000
0.040404040404, 0.484848484848, 1.05337653, 1.00000000, 1.00000000, 1.00000000
0.040404040404, 0.494949494949, 1.04134725, 1.00000000, 1.00000000, 1.00000000
0.040404040404, 0.505050505051, 1.02915352, 1.00000000, 1.00000000, 1.00000000
0.040404040404, 0.515151515152, 1.01684458, 1.00000000, 1.00000000, 1.00000000
0.040404040404, 0.525252525253, 1.00447013, 1.00000000, 1.00000000, 1.00000000
0.040404040404, 0.535353535354, 0.99208011, 1.00000000, 1.00000000, 1.00000000
0.040404040404, 0.545454545455, 0.97972449, 1.00000000, 1.00000000, 1.00000000
0.040404040404, 0.555555555556, 0.96745306, 1.00000000, 1.00000000, 1.00000000
0.040404040404, 0.565656565657, 0.95531527, 1.00000000, 1.00000000, 1.00000000
0.040404040404, 0.575757575758, 0.94335997, 1.00000000, 1.00000000, 1.00000000
0.040404040404, 0.585858585859, 0.93163524, 1.00000000, 1.00000000, 1.00000000
0.040404040404, 0.595959595960, 0.92018823, 1.00000000, 1.00000000, 1.00000000
0.040404040404, 0.606060606061, 0.90906490, 1.00000000, 1.00000000, 1.00000000
0.040404040404, 0.616161616162, 0.89830988, 1.00000000, 1.00000000, 1.00000000
0.040404040404, 0.626262626263, 0.88796630, 1.00000000, 1.00000000, 1.00000000
0.040404040404, 0.636363636364, 0.87807560, 1.00000000, 1.00000000, 1.00000000
0.040404040404, 0.646464646465, 0.86867734, 1.00000000, 1.00000000, 1.00000000
0.040404040404, 0.656565656566, 0.85980912, 1.00000000, 1.00000000, 1.00000000
0.040404040404, 0.666666666667, 0.85150635, 1.00000000, 1.00000000, 1.00000000
0.040404040404, 0.676767676768, 0.84380217, 1.00000000, 1.00000000, 1.00000000
0.040404040404, 0.686868686869, 0.83672729, 1.00000000, 1.00000000, 1.00000000
0.040404040404, 0.696969696970, 0.83030991, 1.00000000, 1.00000000, 1.00000000
0.040404040404, 0.707070707071, 0.82457556, 1.00000000, 1.00000000, 1.00000000
0.040404040404, 0.717171717172, 0.81954707, 1.00000000, 1.00000000, 1.00000000
0.040404040404, 0.727272727273, 0.81524442, 1.00000000, 1.00000000, 1.00000000
0.040404040404, 0.737373737374, 0.81168473, 1.00000000, 1.00000000, 1.00000000
0.040404040404, 0.747474747475, 0.80888216, 1.00000000, 1.00000000, 1.00000000
0.040404040404, 0.757575757576, 0.80684787, 1.00000000, 1.00000000, 1.00000000
0.040404040404, 0.767676767677, 0.80559000, 1.00000000, 1.00000000, 1.00000000
0.040404040404, 0.777777777778, 0.80511364, 1.00000000, 1.00000000, 1.00000000
0.040404040404, 0.787878787879, 0.80542064, 1.00000000, 1.00000000, 1.00000000
0.040404040404, 0.797979797980, 0.80650966, 1.00000000, 1.00000000, 1.00000000
0.040404040404, 0.808080808081, 0.80837628, 1.00000000, 1.00000000, 1.00000000
0.040404040404, 0.818181818182, 0.81101302, 1.00000000, 1.00000000, 1.00000000
0.040404040404, 0.828282828283, 0.81440935, 1.00000000, 1.00000000, 1.00000000
0.040404040404, 0.838383838384, 0.81855173, 1.00000000, 1.00000000, 1.00000000
0.040404040404, 0.848484848485, 0.82342367, 1.00000000, 1.00000000, 1.00000000
0.040404040404, 0.858585858586, 0.82900576, 1.00000000, 1.00000000, 1.00000000
0.040404040404, 0.868686868687, 0.83527579, 1.00000000, 1.00000000, 1.00000000
0.040404040404, 0.878787878788, 0.84220877, 1.00000000, 1.00000000, 1.00000000
0.040404040404, 0.888888888889, 0.84977706, 1.00000000, 1.00000000, 1.00000000
0.040404040404, 0.898989898990, 0.85795048, 1.00000000, 1.00000000, 1.00000000
0.040404040404, 0.909090909091, 0.86669640, 1.00000000, 1.00000000, 1.00000000
0.040404040404, 0.919191919192, 0.87597986, 1.00000000, 1.00000000, 1.00000000
0.040404040404, 0.929292929293, 0.88576362, 1.00000000, 1.00000000, 1.00000000
0.040404040404, 0.939393939394, 0.89600799, 1.00000000, 1.00000000, 1.00000000
0.040404040404, 0.949494949495, 0.90667006, 1.00000000, 1.00000000, 1.00000000
0.040404040404, 0.959595959596, 0.91770122, 1.00000000, 1.00000000, 1.00000000
0.050505050505, -0.000000000000, 0.98622651, 1.00000000, 1.00000000, 1.00000000
0.050505050505, 0.010101010101, 0.99746259, 1.00000000, 1.00000000, 1.00000000
0.050505050505, 0.020202020202, 1.00833155, 1.00000000, 1.00000000, 1.00000000
0.050505050505, 0.030303030303, 1.01892731, 1.00000000, 1.00000000, 1.00000000
0.050505050505, 0.040404040404, 1.02943590, 1.00000000, 1.00000000, 1.00000000
0.050505050505, 0.050505050505, 1.04005113, 1.00000000, 1.00000000, 1.00000000
0.050505050505, 0.060606060606, 1.05088595, 1.00000000, 1.00000000, 1.00000000
0.050505050505, 0.070707070707, 1.06193179, 1.00000000, 1.00000000, 1.00000000
0.050505050505, 0.080808080808, 1.07308014, 1.00000000, 1.00000000, 1.00000000
0.050505050505, 0.090909090909, 1.08417818, 1.00000000, 1.00000000, 1.00000000
0.050505050505, 0.101010101010, 1.09507944, 1.00000000, 1.00000000, 1.00000000
0.050505050505, 0.111111111111, 1.10566861, 1.00000000, 1.00000000, 1.00000000
0.050505050505, 0.121212121212, 1.11586280, 1.00000000, 1.00000000, 1.00000000
0.050505050505, 0.131313131313, 1.12560219, 1.00000000, 1.00000000, 1.00000000
0.050505050505, 0.141414141414, 1.13484012, 1.00000000, 1.00000000, 1.00000000
0.050505050505, 0.151515151515, 1.14353684, 1.00000000, 1.00000000, 1.00000000
0.050505050505, 0.161616161616, 1.15165646, 1.00000000, 1.00000000, 1.00000000
0.050505050505, 0.171717171717, 1.15916595, 1.00000000, 1.00000000, 1.00000000
0.050505050505, 0.181818181818, 1.16603485, 1.00000000, 1.00000000, 1.00000000
0.050505050505, 0.191919191919, 1.17223532, 1.00000000, 1.00000000, 1.00000000
0.050505050505, 0.202020202020, 1.17774222, 1.00000000, 1.00000000, 1.00000000
0.050505050505, 0.212121212121, 1.18253320, 1.00000000, 1.00000000, 1.00000000
0.050505050505, 0.222222222222, 1.18658881, 1.00000000, 1.00000000, 1.00000000
0.050505050505, 0.232323232323, 1.18989258, 1.00000000, 1.00000000, 1.00000000
0.050505050505, 0.242424242424, 1.19243106, 1.00000000, 1.00000000, 1.00000000
0.050505050505, 0.252525252525, 1.19419387, 1.00000000, 1.00000000, 1.00000000
0.050505050505, 0.262626262626, 1.19517380, 1.00000000, 1.00000000, 1.00000000
0.050505050505, 0.272727272727, 1.19536676, 1.00000000, 1.00000000, 1.00000000
0.050505050505, 0.282828282828, 1.19477198, 1.00000000, 1.00000000, 1.00000000
0.050505050505, 0.292929292929, 1.19339187, 1.00000000, 1.00000000, 1.00000000
0.050505050505, 0.303030303030, 1.19123203, 1.00000000, 1.00000000, 1.00000000
0.050505050505, 0.313131313131, 1.18830119, 1.00000000, 1.00000000, 1.00000000
0.050505050505, 0.323232323232, 1.18461121, 1.00000000, 1.00000000, 1.00000000
0.050505050505, 0.333333333333, 1.18017701, 1.00000000, 1.00000000, 1.00000000
0.050505050505, 0.343434343434, 1.17501654, 1.00000000, 1.00000000, 1.00000000
0.050505050505, 0.353535353535, 1.16915067, 1.00000000, 1.00000000, 1.00000000
0.050505050505, 0.363636363636, 1.16260315, 1.00000000, 1.00000000, 1.00000000
0.050505050505, 0.373737373737, 1.15540048, 1.00000000, 1.00000000, 1.00000000
0.050505050505, 0.383838383838, 1.14757181, 1.00000000, 1.00000000, 1.00000000
0.050505050505, 0.393939393939, 1.13914883, 1.00000000, 1.00000000, 1.00000000
0.050505050505, 0.404040404040, 1.13016565, 1.00000000, 1.00000000, 1.00000000
0.050505050505, 0.414141414141, 1.12065861, 1.00000000, 1.00000000, 1.00000000
0.050505050505, 0.424242424242, 1.11066622, 1.00000000, 1.00000000, 1.00000000
0.050505050505, 0.434343434343, 1.10022890, 1.00000000, 1.00000000, 1.00000000
0.050505050505, 0.444444444444, 1.08938890, 1.00000000, 1.00000000, 1.00000000
0.050505050505, 0.454545454545, 1.07819008, 1.00000000, 1.00000000, 1.00000000
0.050505050505, 0.464646464646, 1.06667774, 1.00000000, 1.00000000, 1.00000000
0.050505050505, 0.474747474747, 1.05489844, 1.00000000, 1.00000000, 1.00000000
0.050505050505, 0.484848484848, 1.04289981, 1.00000000, 1.00000000, 1.00000000
0.050505050505, 0.494949494949, 1.03073034, 1.00000000, 1.00000000, 1.00000000
0.050505050505, 0.505050505051, 1.01843922, 1.00000000, 1.00000000, 1.00000000
0.050505050505, 0.515151515152, 1.00607608, 1.00000000, 1.00000000, 1.00000000
0.050505050505, 0.525252525253, 0.99369082, 1.00000000, 1.00000000, 1.00000000
0.050505050505, 0.535353535354, 0.98133343, 1.00000000, 1.00000000, 1.00000000
0.050505050505, 0.545454545455, 0.96905374, 1.00000000, 1.00000000, 1.00000000
0.050505050505, 0.555555555556, 0.95690124, 1.00000000, 1.00000000, 1.00000000
0.050505050505, 0.565656565657, 0.94492488, 1.00000000, 1.00000000, 1.00000000
0.050505050505, 0.575757575758, 0.93317286, 1.00000000, 1.00000000, 1.00000000
0.050505050505, 0.585858585859, 0.92169244, 1.00000000, 1.00000000, 1.00000000
0.050505050505, 0.595959595960, 0.91052975, 1.00000000, 1.00000000, 1.00000000
0.050505050505, 0.606060606061, 0.89972962, 1.00000000, 1.00000000, 1.00000000
0.050505050505, 0.616161616162, 0.88933538, 1.00000000, 1.00000000, 1.00000000
0.050505050505, 0.626262626263, 0.87938867, 1.00000000, 1.00000000, 1.00000000
0.050505050505, 0.636363636364, 0.86992933, 1.00000000, 1.00000000, 1.00000000
0.050505050505, 0.646464646465, 0.86099520, 1.00000000, 1.00000000, 1.00000000
0.050505050505, 0.656565656566, 0.85262197, 1.00000000, 1.00000000, 1.00000000
0.050505050505, 0.666666666667, 0.84484307, 1.00000000, 1.00000000, 1.00000000
0.050505050505, 0.676767676768, 0.83768953, 1.00000000, 1.00000000, 1.00000000
0.050505050505, 0.686868686869, 0.83118985, 1.00000000, 1.00000000, 1.00000000
0.050505050505, 0.696969696970, 0.82536989, 1.00000000, 1.00000000, 1.00000000
0.050505050505, 0.707070707071, 0.82025280, 1.00000000, 1.00000000, 1.00000000
0.050505050505, 0.717171717172, 0.81585893, 1.00000000, 1.00000000, 1.00000000
0.050505050505, 0.727272727273, 0.81220573, 1.00000000, 1.00000000, 1.00000000
0.050505050505, 0.737373737374, 0.80930771, 1.00000000, 1.00000000, 1.00000000
0.050505050505, 0.747474747475, 0.80717640, 1.00000000, 1.00000000, 1.00000000
0.050505050505, 0.757575757576, 0.80582028, 1.00000000, 1.00000000, 1.00000000
0.050505050505, 0.767676767677, 0.80524481, 1.00000000, 1.00000000, 1.00000000
0.050505050505, 0.777777777778, 0.80545223, 1.00000000, 1.00000000, 1.00000000
0.050505050505, 0.787878787879, 0.80644156, 1.00000000, 1.00000000, 1.00000000
0.050505050505, 0.797979797980, 0.80820877, 1.00000000, 1.00000000, 1.00000000
0.050505050505, 0.808080808081, 0.81074673, 1.00000000, 1.00000000, 1.00000000
0.050505050505, 0.818181818182, 0.81404527, 1.00000000, 1.00000000, 1.00000000
0.050505050505, 0.828282828283, 0.81809122, 1.00000000, 1.00000000, 1.00000000
0.050505050505, 0.838383838384, 0.82286845, 1.00000000, 1.00000000, 1.00000000
0.050505050505, 0.848484848485, 0.82835790, 1.00000000, 1.00000000, 1.00000000
0.050505050505, 0.858585858586, 0.83453771, 1.00000000, 1.00000000, 1.00000000
0.050505050505, 0.868686868687, 0.84138323, 1.00000000, 1.00000000, 1.00000000
0.050505050505, 0.878787878788, 0.84886718, 1.00000000, 1.00000000, 1.00000000
0.050505050505, 0.888888888889, 0.85695969, 1.00000000, 1.00000000, 1.00000000
0.050505050505, 0.898989898990, 0.86562847, 1.00000000, 1.00000000, 1.00000000
0.050505050505, 0.909090909091, 0.87483889, 1.00000000, 1.00000000, 1.00000000
0.050505050505, 0.919191919192, 0.88455411, 1.00000000, 1.00000000, 1.00000000
0.050505050505, 0.929292929293, 0.89473515, 1.00000000, 1.00000000, 1.00000000
0.050505050505, 0.939393939394, 0.90534074, 1.00000000, 1.00000000, 1.00000000
0.050505050505, 0.949494949495, 0.91632654, 1.00000000, 1.00000000, 1.00000000
0.050505050505, 0.959595959596, 0.92764276, 1.00000000, 1.00000000, 1.00000000
0.060606060606, -0.000000000000, 0.99739067, 1.00000000, 1.00000000, 1.00000000
0.060606060606, 0.010101010101, 1.00863681, 1.00000000, 1.00000000, 1.00000000
0.060606060606, 0.020202020202, 1.01947729, 1.00000000, 1.00000000, 1.00000000
0.060606060606, 0.030303030303, 1.03000698, 1.00000000, 1.00000000, 1.00000000
0.060606060606, 0.040404040404, 1.04041219, 1.00000000, 1.00000000, 1.00000000
0.060606060606, 0.050505050505, 1.05088595, 1.00000000, 1.00000000, 1.00000000
0.060606060606, 0.060606060606, 1.06153957, 1.00000000, 1.00000000, 1.00000000
0.060606060606, 0.070707070707, 1.07236281, 1.00000000, 1.00000000, 1.00000000
0.060606060606, 0.080808080808, 1.08324623, 1.00000000, 1.00000000, 1.00000000
0.060606060606, 0.090909090909, 1.09403724, 1.00000000, 1.00000000, 1.00000000
0.060606060606, 0.101010101010, 1.10459057, 1.00000000, 1.00000000, 1.00000000
0.060606060606, 0.111111111111, 1.11479259, 1.00000000, 1.00000000, 1.00000000
0.060606060606, 0.121212121212, 1.12456235, 1.00000000, 1.00000000, 1.00000000
0.060606060606, 0.131313131313, 1.13384193, 1.00000000, 1.00000000, 1.00000000
0.060606060606, 0.141414141414, 1.14258667, 1.00000000, 1.00000000, 1.00000000
0.060606060606, 0.151515151515, 1.15075882, 1.00000000, 1.00000000, 1.00000000
0.060606060606, 0.161616161616, 1.15832465, 1.00000000, 1.00000000, 1.00000000
0.060606060606, 0.171717171717, 1.16525334, 1.00000000, 1.00000000, 1.00000000
0.060606060606, 0.181818181818, 1.17151679, 1.00000000, 1.00000000, 1.00000000
0.060606060606, 0.191919191919, 1.17708960, 1.00000000, 1.00000000, 1.00000000
0.060606060606, 0.202020202020, 1.18194915, 1.00000000, 1.00000000, 1.00000000
0.060606060606, 0.212121212121, 1.18607573, 1.00000000, 1.00000000, 1.00000000
0.060606060606, 0.222222222222, 1.18945257, 1.00000000, 1.00000000, 1.00000000
0.060606060606, 0.232323232323, 1.19206591, 1.00000000, 1.00000000, 1.00000000
0.060606060606, 0.242424242424, 1.19390510, 1.00000000, 1.00000000, 1.00000000
0.060606060606, 0.252525252525, 1.19496260, 1.00000000, 1.00000000, 1.00000000
0.060606060606, 0.262626262626, 1.19523402, 1.00000000, 1.00000000, 1.00000000
0.060606060606, 0.272727272727, 1.19471824, 1.00000000, 1.00000000, 1.00000000
0.060606060606, 0.282828282828, 1.19341738, 1.00000000, 1.00000000, 1.00000000
0.060606060606, 0.292929292929, 1.19133670, 1.00000000, 1.00000000, 1.00000000
0.060606060606, 0.303030303030, 1.18848462, 1.00000000, 1.00000000, 1.00000000
0.060606060606, 0.313131313131, 1.18487268, 1.00000000, 1.00000000, 1.00000000
0.060606060606, 0.323232323232, 1.18051549, 1.00000000, 1.00000000, 1.00000000
0.060606060606, 0.333333333333, 1.17543067, 1.00000000, 1.00000000, 1.00000000
0.060606060606, 0.343434343434, 1.16963880, 1.00000000, 1.00000000, 1.00000000
0.060606060606, 0.353535353535, 1.16316331, 1.00000000, 1.00000000, 1.00000000
0.060606060606, 0.363636363636, 1.15603042, 1.00000000, 1.00000000, 1.00000000
0.060606060606, 0.373737373737, 1.14826900, 1.00000000, 1.00000000, 1.00000000
0.060606060606, 0.383838383838, 1.13991045, 1.00000000, 1.00000000, 1.00000000
0.060606060606, 0.393939393939, 1.13098863, 1.00000000, 1.00000000, 1.00000000
0.060606060606, 0.404040404040, 1.12153964, 1.00000000, 1.00000000, 1.00000000
0.060606060606, 0.414141414141, 1.11160172, 1.00000000, 1.00000000, 1.00000000
0.060606060606, 0.424242424242, 1.10121510, 1.00000000, 1.00000000, 1.00000000
0.060606060606, 0.434343434343, 1.09042180, 1.00000000, 1.00000000, 1.00000000
0.060606060606, 0.444444444444, 1.07926550, 1.00000000, 1.00000000, 1.00000000
0.060606060606, 0.454545454545, 1.06779133, 1.00000000, 1.00000000, 1.00000000
0.060606060606, 0.464646464646, 1.05604569, 1.00000000, 1.00000000, 1.00000000
0.060606060606, 0.474747474747, 1.04407607, 1.00000000, 1.00000000, 1.00000000
0.060606060606, 0.484848484848, 1.03193085, 1.00000000, 1.00000000, 1.00000000
0.060606060606, 0.494949494949, 1.01965910, 1.00000000, 1.00000000, 1.00000000
0.060606060606, 0.505050505051, 1.00731040, 1.00000000, 1.00000000, 1.00000000
0.060606060606, 0.515151515152, 0.99493458, 1.00000000, 1.00000000, 1.00000000
0.060606060606, 0.525252525253, 0.98258159, 1.00000000, 1.00000000, 1.00000000
0.060606060606, 0.535353535354, 0.97030126, 1.00000000, 1.00000000, 1.00000000
0.060606060606, 0.545454545455, 0.95814307, 1.00000000, 1.00000000, 1.00000000
0.060606060606, 0.555555555556, 0.94615599, 1.00000000, 1.00000000, 1.00000000
0.060606060606, 0.565656565657, 0.93438829, 1.00000000, 1.00000000, 1.00000000
0.060606060606, 0.575757575758, 0.92288729, 1.00000000, 1.00000000, 1.00000000
0.060606060606, 0.585858585859, 0.91169922, 1.00000000, 1.00000000, 1.00000000
0.060606060606, 0.595959595960, 0.90086901, 1.00000000, 1.00000000, 1.00000000
0.060606060606, 0.606060606061, 0.89044010, 1.00000000, 1.00000000, 1.00000000
0.060606060606, 0.616161616162, 0.88045431, 1.00000000, 1.00000000, 1.00000000
0.060606060606, 0.626262626263, 0.87095163, 1.00000000, 1.00000000, 1.00000000
0.060606060606, 0.636363636364, 0.86197007, 1.00000000, 1.00000000, 1.00000000
0.060606060606, 0.646464646465, 0.85354555, 1.00000000, 1.00000000, 1.00000000
0.060606060606, 0.656565656566, 0.84571169, 1.00000000, 1.00000000, 1.00000000
0.060606060606, 0.666666666667, 0.83849975, 1.00000000, 1.00000000, 1.00000000
0.060606060606, 0.676767676768, 0.83193847, 1.00000000, 1.00000000, 1.00000000
0.060606060606, 0.686868686869, 0.82605397, 1.00000000, 1.00000000, 1.00000000
0.060606060606, 0.696969696970, 0.82086967, 1.00000000, 1.00000000, 1.00000000
0.060606060606, 0.707070707071, 0.81640617, 1.00000000, 1.00000000, 1.00000000
0.060606060606, 0.717171717172, 0.81268120, 1.00000000, 1.00000000, 1.00000000
0.060606060606, 0.727272727273, 0.80970958, 1.00000000, 1.00000000, 1.00000000
0.060606060606, 0.737373737374, 0.80750311, 1.00000000, 1.00000000, 1.00000000
0.060606060606, 0.747474747475, 0.80607057, 1.00000000, 1.00000000, 1.00000000
0.060606060606, 0.757575757576, 0.80541772, 1.00000000, 1.00000000, 1.00000000
0.060606060606, 0.767676767677, 0.80554712, 1.00000000, 1.00000000, 1.00000000
0.060606060606, 0.777777777778, 0.80645810, 1.00000000, 1.00000000, 1.00000000
0.060606060606, 0.787878787879, 0.80814693, 1.00000000, 1.00000000, 1.00000000
0.060606060606, 0.797979797980, 0.81060678, 1.00000000, 1.00000000, 1.00000000
0.060606060606, 0.808080808081, 0.81382780, 1.00000000, 1.00000000, 1.00000000
0.060606060606, 0.818181818182, 0.81779710, 1.00000000, 1.00000000, 1.00000000
0.060606060606, 0.828282828283, 0.82249886, 1.00000000, 1.00000000, 1.00000000
0.060606060606, 0.838383838384, 0.82791432, 1.00000000, 1.00000000, 1.00000000
0.060606060606, 0.848484848485, 0.83402190, 1.00000000, 1.00000000, 1.00000000
0.060606060606, 0.858585858586, 0.84079724, 1.00000000, 1.00000000, 1.00000000
0.060606060606, 0.868686868687, 0.84821333, 1.00000000, 1.00000000, 1.00000000
0.060606060606, 0.878787878788, 0.85624057, 1.00000000, 1.00000000, 1.00000000
0.060606060606, 0.888888888889, 0.86484694, 1.00000000, 1.00000000, 1.00000000
0.060606060606, 0.898989898990, 0.87399805, 1.00000000, 1.00000000, 1.00000000
0.060606060606, 0.909090909091, 0.88365734, 1.00000000, 1.00000000, 1.00000000
0.060606060606, 0.919191919192, 0.89378614, 1.00000000, 1.00000000, 1.00000000
0.060606060606, 0.929292929293, 0.90434380, 1.00000000, 1.00000000, 1.00000000
0.060606060606, 0.939393939394, 0.91528753, 1.00000000, 1.00000000, 1.00000000
0.060606060606, 0.949494949495, 0.92657167, 1.00000000, 1.00000000, 1.00000000
0.060606060606, 0.959595959596, 0.93814534, 1.00000000, 1.00000000, 1.00000000
0.070707070707, -0.000000000000, 1.00895286, 1.00000000, 1.00000000, 1.00000000
0.070707070707, 0.010101010101, 1.02017248, 1.00000000, 1.00000000, 1.00000000
0.070707070707, 0.020202020202, 1.03094792, 1.00000000, 1.00000000, 1.00000000
0.070707070707, 0.030303030303, 1.04137473, 1.00000000, 1.00000000, 1.00000000
0.070707070707, 0.040404040404, 1.05163883, 1.00000000, 1.00000000, 1.00000000
0.070707070707, 0.050505050505, 1.06193179, 1.00000000, 1.00000000, 1.00000000
0.070707070707, 0.060606060606, 1.07236281, 1.00000000, 1.00000000, 1.00000000
0.070707070707, 0.070707070707, 1.08291992, 1.00000000, 1.00000000, 1.00000000
0.070707070707, 0.080808080808, 1.09349310, 1.00000000, 1.00000000, 1.00000000
0.070707070707, 0.090909090909, 1.10393051, 1.00000000, 1.00000000, 1.00000000
0.070707070707, 0.101010101010, 1.11408859, 1.00000000, 1.00000000, 1.00000000
0.070707070707, 0.111111111111, 1.12385587, 1.00000000, 1.00000000, 1.00000000
0.070707070707, 0.121212121212, 1.13315362, 1.00000000, 1.00000000, 1.00000000
0.070707070707, 0.131313131313, 1.14192614, 1.00000000, 1.00000000, 1.00000000
0.070707070707, 0.141414141414, 1.15013091, 1.00000000, 1.00000000, 1.00000000
0.070707070707, 0.151515151515, 1.15773244, 1.00000000, 1.00000000, 1.00000000
0.070707070707, 0.161616161616, 1.16469930, 1.00000000, 1.00000000, 1.00000000
0.070707070707, 0.171717171717, 1.17100311, 1.00000000, 1.00000000, 1.00000000
0.070707070707, 0.181818181818, 1.17661829, 1.00000000, 1.00000000, 1.00000000
0.070707070707, 0.191919191919, 1.18152206, 1.00000000, 1.00000000, 1.00000000
0.070707070707, 0.202020202020, 1.18569453, 1.00000000, 1.00000000, 1.00000000
0.070707070707, 0.212121212121, 1.18911875, 1.00000000, 1.00000000, 1.00000000
0.070707070707, 0.222222222222, 1.19178079, 1.00000000, 1.00000000, 1.00000000
0.070707070707, 0.232323232323, 1.19366981, 1.00000000, 1.00000000, 1.00000000
0.070707070707, 0.242424242424, 1.19477806, 1.00000000, 1.00000000, 1.00000000
0.070707070707, 0.252525252525, 1.19510097, 1.00000000, 1.00000000, 1.00000000
0.070707070707, 0.262626262626, 1.19463723, 1.00000000, 1.00000000, 1.00000000
0.070707070707, 0.272727272727, 1.19338875, 1.00000000, 1.00000000, 1.00000000
0.070707070707, 0.282828282828, 1.19136060, 1.00000000, 1.00000000, 1.00000000
0.070707070707, 0.292929292929, 1.18856099, 1.00000000, 1.00000000, 1.00000000
0.070707070707, 0.303030303030, 1.18500126, 1.00000000, 1.00000000, 1.00000000
0.070707070707, 0.313131313131, 1.18069583, 1.00000000, 1.00000000, 1.00000000
0.070707070707, 0.323232323232, 1.17566211, 1.00000000, 1.00000000, 1.00000000
0.070707070707, 0.333333333333, 1.16992050, 1.00000000, 1.00000000, 1.00000000
0.070707070707, 0.343434343434, 1.16349422, 1.00000000, 1.00000000, 1.00000000
0.070707070707, 0.353535353535, 1.15640929, 1.00000000, 1.00000000, 1.00000000
0.070707070707, 0.363636363636, 1.14869441, 1.00000000, 1.00000000, 1.00000000
0.070707070707, 0.373737373737, 1.14038080, 1.00000000, 1.00000000, 1.00000000
0.070707070707, 0.383838383838, 1.13150212, 1.00000000, 1.00000000, 1.00000000
0.070707070707, 0.393939393939, 1.12209430, 1.00000000, 1.00000000, 1.00000000
0.070707070707, 0.404040404040, 1.11219544, 1.00000000, 1.00000000, 1.00000000
0.070707070707, 0.414141414141, 1.10184558, 1.00000000, 1.00000000, 1.00000000
0.070707070707, 0.424242424242, 1.09108661, 1.00000000, 1.00000000, 1.00000000
0.070707070707, 0.434343434343, 1.07996206, 1.00000000, 1.00000000, 1.00000000
0.070707070707, 0.444444444444, 1.06851692, 1.00000000, 1.00000000, 1.00000000
0.070707070707, 0.454545454545, 1.05679747, 1.00000000, 1.00000000, 1.00000000
0.070707070707, 0.464646464646, 1.04485108, 1.00000000, 1.00000000, 1.00000000
0.070707070707, 0.474747474747, 1.03272604, 1.00000000, 1.00000000, 1.00000000
0.070707070707, 0.484848484848, 1.02047133, 1.00000000, 1.00000000, 1.00000000
0.070707070707, 0.494949494949, 1.00813642, 1.00000000, 1.00000000, 1.00000000
0.070707070707, 0.505050505051, 0.99577111, 1.00000000, 1.00000000, 1.00000000
0.070707070707, 0.515151515152, 0.98342528, 1.00000000, 1.00000000, 1.00000000
0.070707070707, 0.525252525253, 0.97114870, 1.00000000, 1.00000000, 1.00000000
0.070707070707, 0.535353535354, 0.95899084, 1.00000000, 1.00000000, 1.00000000
0.070707070707, 0.545454545455, 0.94700067, 1.00000000, 1.00000000, 1.00000000
0.070707070707, 0.555555555556, 0.93522644, 1.00000000, 1.00000000, 1.00000000
0.070707070707, 0.565656565657, 0.92371548, 1.00000000, 1.00000000, 1.00000000
0.070707070707, 0.575757575758, 0.91251407, 1.00000000, 1.00000000, 1.00000000
0.070707070707, 0.585858585859, 0.90166716, 1.00000000, 1.00000000, 1.00000000
0.070707070707, 0.595959595960, 0.89121828, 1.00000000, 1.00000000, 1.00000000
0.070707070707, 0.606060606061, 0.88120931, 1.00000000, 1.00000000, 1.00000000
0.070707070707, 0.616161616162, 0.87168031, 1.00000000, 1.00000000, 1.00000000
0.070707070707, 0.626262626263, 0.86266943, 1.00000000, 1.00000000, 1.00000000
0.070707070707, 0.636363636364, 0.85421268, 1.00000000, 1.00000000, 1.00000000
0.070707070707, 0.646464646465, 0.84634382, 1.00000000, 1.00000000, 1.00000000
0.070707070707, 0.656565656566, 0.83909426, 1.00000000, 1.00000000, 1.00000000
0.070707070707, 0.666666666667, 0.83249289, 1.00000000, 1.00000000, 1.00000000
0.070707070707, 0.676767676768, 0.82656599, 1.00000000, 1.00000000, 1.00000000
0.070707070707, 0.686868686869, 0.82133717, 1.00000000, 1.00000000, 1.00000000
0.070707070707, 0.696969696970, 0.81682722, 1.00000000, 1.00000000, 1.00000000
0.070707070707, 0.707070707071, 0.81305408, 1.00000000, 1.00000000, 1.00000000
0.070707070707, 0.717171717172, 0.81003274, 1.00000000, 1.00000000, 1.00000000
0.070707070707, 0.727272727273, 0.80777523, 1.00000000, 1.00000000, 1.00000000
0.070707070707, 0.737373737374, 0.80629055, 1.00000000, 1.00000000, 1.00000000
0.070707070707, 0.747474747475, 0.80558467, 1.00000000, 1.00000000, 1.00000000
0.070707070707, 0.757575757576, 0.80566039, 1.00000000, 1.00000000, 1.00000000
0.070707070707, 0.767676767677, 0.80651728, 1.00000000, 1.00000000, 1.00000000
0.070707070707, 0.777777777778, 0.80815181, 1.00000000, 1.00000000, 1.00000000
0.070707070707, 0.787878787879, 0.81055740, 1.00000000, 1.00000000, 1.00000000
0.070707070707, 0.797979797980, 0.81372441, 1.00000000, 1.00000000, 1.00000000
0.070707070707, 0.808080808081, 0.81764020, 1.00000000, 1.00000000, 1.00000000
0.070707070707, 0.818181818182, 0.82228914, 1.00000000, 1.00000000, 1.00000000
0.070707070707, 0.828282828283, 0.82765272, 1.00000000, 1.00000000, 1.00000000
0.070707070707, 0.838383838384, 0.83370955, 1.00000000, 1.00000000, 1.00000000
0.070707070707, 0.848484848485, 0.84043549, 1.00000000, 1.00000000, 1.00000000
0.070707070707, 0.858585858586, 0.84780374, 1.00000000, 1.00000000, 1.00000000
0.070707070707, 0.868686868687, 0.85578489, 1.00000000, 1.00000000, 1.00000000
0.070707070707, 0.878787878788, 0.86434710, 1.00000000, 1.00000000, 1.00000000
0.070707070707, 0.888888888889, 0.87345616, 1.00000000, 1.00000000, 1.00000000
0.070707070707, 0.898989898990, 0.88307568, 1.00000000, 1.00000000, 1.00000000
0.070707070707, 0.909090909091, 0.89316718, 1.00000000, 1.00000000, 1.00000000
0.070707070707, 0.919191919192, 0.90369025, 1.00000000, 1.00000000, 1.00000000
0.070707070707, 0.929292929293, 0.91460263, 1.00000000, 1.00000000, 1.00000000
0.070707070707, 0.939393939394, 0.92586009, 1.00000000, 1.00000000, 1.00000000
0.070707070707, 0.949494949495, 0.93741573, 1.00000000, 1.00000000, 1.00000000
0.070707070707, 0.959595959596, 0.94921769, 1.00000000, 1.00000000, 1.00000000
0.080808080808, -0.000000000000, 1.02081450, 1.00000000, 1.00000000, 1.00000000
0.080808080808, 0.010101010101, 1.03196820, 1.00000000, 1.00000000, 1.00000000
0.080808080808, 0.020202020202, 1.04263967, 1.00000000, 1.00000000, 1.00000000
0.080808080808, 0.030303030303, 1.05292483, 1.00000000, 1.00000000, 1.00000000
0.080808080808, 0.040404040404, 1.06300855, 1.00000000, 1.00000000, 1.00000000
0.080808080808, 0.050505050505, 1.07308014, 1.00000000, 1.00000000, 1.00000000
0.080808080808, 0.060606060606, 1.08324623, 1.00000000, 1.00000000, 1.00000000
0.080808080808, 0.070707070707, 1.09349310, 1.00000000, 1.00000000, 1.00000000
0.080808080808, 0.080808080808, 1.10371052, 1.00000000, 1.00000000, 1.00000000
0.080808080808, 0.090909090909, 1.11374799, 1.00000000, 1.00000000, 1.00000000
0.080808080808, 0.101010101010, 1.12346422, 1.00000000, 1.00000000, 1.00000000
0.080808080808, 0.111111111111, 1.13275036, 1.00000000, 1.00000000, 1.00000000
0.080808080808, 0.121212121212, 1.14153024, 1.00000000, 1.00000000, 1.00000000
0.080808080808, 0.131313131313, 1.14975060, 1.00000000, 1.00000000, 1.00000000
0.080808080808, 0.141414141414, 1.15737132, 1.00000000, 1.00000000, 1.00000000
0.080808080808, 0.151515151515, 1.16435932, 1.00000000, 1.00000000, 1.00000000
0.080808080808, 0.161616161616, 1.17068569, 1.00000000, 1.00000000, 1.00000000
0.080808080808, 0.171717171717, 1.17632462, 1.00000000, 1.00000000, 1.00000000
0.080808080808, 0.181818181818, 1.18125325, 1.00000000, 1.00000000, 1.00000000
0.080808080808, 0.191919191919, 1.18545157, 1.00000000, 1.00000000, 1.00000000
0.080808080808, 0.202020202020, 1.18890254, 1.00000000, 1.00000000, 1.00000000
0.080808080808, 0.212121212121, 1.19159213, 1.00000000, 1.00000000, 1.00000000
0.080808080808, 0.222222222222, 1.19350941, 1.00000000, 1.00000000, 1.00000000
0.080808080808, 0.232323232323, 1.19464653, 1.00000000, 1.00000000, 1.00000000
0.080808080808, 0.242424242424, 1.19499881, 1.00000000, 1.00000000, 1.00000000
0.080808080808, 0.252525252525, 1.19456483, 1.00000000, 1.00000000, 1.00000000
0.080808080808, 0.262626262626, 1.19334640, 1.00000000, 1.00000000, 1.00000000
0.080808080808, 0.272727272727, 1.19134849, 1.00000000, 1.00000000, 1.00000000
0.080808080808, 0.282828282828, 1.18857921, 1.00000000, 1.00000000, 1.00000000
0.080808080808, 0.292929292929, 1.18504979, 1.00000000, 1.00000000, 1.00000000
0.080808080808, 0.303030303030, 1.18077452, 1.00000000, 1.00000000, 1.00000000
0.080808080808, 0.313131313131, 1.17577074, 1.00000000, 1.00000000, 1.00000000
0.080808080808, 0.323232323232, 1.17005871, 1.00000000, 1.00000000, 1.00000000
0.080808080808, 0.333333333333, 1.16366156, 1.00000000, 1.00000000, 1.00000000
0.080808080808, 0.343434343434, 1.15660521, 1.00000000, 1.00000000, 1.00000000
0.080808080808, 0.353535353535, 1.14891823, 1.00000000, 1.00000000, 1.00000000
0.080808080808, 0.363636363636, 1.14063175, 1.00000000, 1.00000000, 1.00000000
0.080808080808, 0.373737373737, 1.13177933, 1.00000000, 1.00000000, 1.00000000
0.080808080808, 0.383838383838, 1.12239680, 1.00000000, 1.00000000, 1.00000000
0.080808080808, 0.393939393939, 1.11252214, 1.00000000, 1.00000000, 1.00000000
0.080808080808, 0.404040404040, 1.10219532, 1.00000000, 1.00000000, 1.00000000
0.080808080808, 0.414141414141, 1.09145813, 1.00000000, 1.00000000, 1.00000000
0.080808080808, 0.424242424242, 1.08035400, 1.00000000, 1.00000000, 1.00000000
0.080808080808, 0.434343434343, 1.06892783, 1.00000000, 1.00000000, 1.00000000
0.080808080808, 0.444444444444, 1.05722583, 1.00000000, 1.00000000, 1.00000000
0.080808080808, 0.454545454545, 1.04529530, 1.00000000, 1.00000000, 1.00000000
0.080808080808, 0.464646464646, 1.03318442, 1.00000000, 1.00000000, 1.00000000
0.080808080808, 0.474747474747, 1.02094213, 1.00000000, 1.00000000, 1.00000000
0.080808080808, 0.484848484848, 1.00861783, 1.00000000, 1.00000000, 1.00000000
0.080808080808, 0.494949494949, 0.99626126, 1.00000000, 1.00000000, 1.00000000
0.080808080808, 0.505050505051, 0.98392225, 1.00000000, 1.00000000, 1.00000000
0.080808080808, 0.515151515152, 0.97165052, 1.00000000, 1.00000000, 1.00000000
0.080808080808, 0.525252525253, 0.95949551, 1.00000000, 1.00000000, 1.00000000
0.080808080808, 0.535353535354, 0.94750615, 1.00000000, 1.00000000, 1.00000000
0.080808080808, 0.545454545455, 0.93573067, 1.00000000, 1.00000000, 1.00000000
0.080808080808, 0.555555555556, 0.92421641, 1.00000000, 1.00000000, 1.00000000
0.080808080808, 0.565656565657, 0.91300961, 1.00000000, 1.00000000, 1.00000000
0.080808080808, 0.575757575758, 0.90215524, 1.00000000, 1.00000000, 1.00000000
0.080808080808, 0.585858585859, 0.89169685, 1.00000000, 1.00000000, 1.00000000
0.080808080808, 0.595959595960, 0.88167634, 1.00000000, 1.00000000, 1.00000000
0.080808080808, 0.606060606061, 0.87213381, 1.00000000, 1.00000000, 1.00000000
0.080808080808, 0.616161616162, 0.86310745, 1.00000000, 1.00000000, 1.00000000
0.080808080808, 0.626262626263, 0.85463331, 1.00000000, 1.00000000, 1.00000000
0.080808080808, 0.636363636364, 0.84674525, 1.00000000, 1.00000000, 1.00000000
0.080808080808, 0.646464646465, 0.83947472, 1.00000000, 1.00000000, 1.00000000
0.080808080808, 0.656565656566, 0.83285071, 1.00000000, 1.00000000, 1.00000000
0.080808080808, 0.666666666667, 0.82689961, 1.00000000, 1.00000000, 1.00000000
0.080808080808, 0.676767676768, 0.82164511, 1.00000000, 1.00000000, 1.00000000
0.080808080808, 0.686868686869, 0.81710813, 1.00000000, 1.00000000, 1.00000000
0.080808080808, 0.696969696970, 0.81330671, 1.00000000, 1.00000000, 1.00000000
0.080808080808, 0.707070707071, 0.81025600, 1.00000000, 1.00000000, 1.00000000
0.080808080808, 0.717171717172, 0.80796814, 1.00000000, 1.00000000, 1.00000000
0.080808080808, 0.727272727273, 0.80645229, 1.00000000, 1.00000000, 1.00000000
0.080808080808, 0.737373737374, 0.80571454, 1.00000000, 1.00000000, 1.00000000
0.080808080808, 0.747474747475, 0.80575785, 1.00000000, 1.00000000, 1.00000000
0.080808080808, 0.757575757576, 0.80658195, 1.00000000, 1.00000000, 1.00000000
0.080808080808, 0.767676767677, 0.80818345, 1.00000000, 1.00000000, 1.00000000
0.080808080808, 0.777777777778, 0.81055592, 1.00000000, 1.00000000, 1.00000000
0.080808080808, 0.787878787879, 0.81368988, 1.00000000, 1.00000000, 1.00000000
0.080808080808, 0.797979797980, 0.81757283, 1.00000000, 1.00000000, 1.00000000
0.080808080808, 0.808080808081, 0.82218929, 1.00000000, 1.00000000, 1.00000000
0.080808080808, 0.818181818182, 0.82752090, 1.00000000, 1.00000000, 1.00000000
0.080808080808, 0.828282828283, 0.83354642, 1.00000000, 1.00000000, 1.00000000
0.080808080808, 0.838383838384, 0.84024184, 1.00000000, 1.00000000, 1.00000000
0.080808080808, 0.848484848485, 0.84758048, 1.00000000, 1.00000000, 1.00000000
0.080808080808, 0.858585858586, 0.85553308, 1.00000000, 1.00000000, 1.00000000
0.080808080808, 0.868686868687, 0.86406791, 1.00000000, 1.00000000, 1.00000000
0.080808080808, 0.878787878788, 0.87315087, 1.00000000, 1.00000000, 1.00000000
0.080808080808, 0.888888888889, 0.88274568, 1.00000000, 1.00000000, 1.00000000
0.080808080808, 0.898989898990, 0.89281395, 1.00000000, 1.00000000, 1.00000000
0.080808080808, 0.909090909091, 0.90331539, 1.00000000, 1.00000000, 1.00000000
0.080808080808, 0.919191919192, 0.91420791, 1.00000000, 1.00000000, 1.00000000
0.080808080808, 0.929292929293, 0.92544773, 1.00000000, 1.00000000, 1.00000000
0.080808080808, 0.939393939394, 0.93698930, 1.00000000, 1.00000000, 1.00000000
0.080808080808, 0.949494949495, 0.94878458, 1.00000000, 1.00000000, 1.00000000
0.080808080808, 0.959595959596, 0.96078090, 1.00000000, 1.00000000, 1.00000000
0.090909090909, -0.000000000000, 1.03282940, 1.00000000, 1.00000000, 1.00000000
0.090909090909, 0.010101010101, 1.04387530, 1.00000000, 1.00000000, 1.00000000
0.090909090909, 0.020202020202, 1.05440202, 1.00000000, 1.00000000, 1.00000000
0.090909090909, 0.030303030303, 1.06450549, 1.00000000, 1.00000000, 1.00000000
0.090909090909, 0.040404040404, 1.07436879, 1.00000000, 1.00000000, 1.00000000
0.090909090909, 0.050505050505, 1.08417818, 1.00000000, 1.00000000, 1.00000000
0.090909090909, 0.060606060606, 1.09403724, 1.00000000, 1.00000000, 1.00000000
0.090909090909, 0.070707070707, 1.10393051, 1.00000000, 1.00000000, 1.00000000
0.090909090909, 0.080808080808, 1.11374799, 1.00000000, 1.00000000, 1.00000000
0.090909090909, 0.090909090909, 1.12334112, 1.00000000, 1.00000000, 1.00000000
0.090909090909, 0.101010101010, 1.13257149, 1.00000000, 1.00000000, 1.00000000
0.090909090909, 0.111111111111, 1.14133331, 1.00000000, 1.00000000, 1.00000000
0.090909090909, 0.121212121212, 1.14955331, 1.00000000, 1.00000000, 1.00000000
0.090909090909, 0.131313131313, 1.15718090, 1.00000000, 1.00000000, 1.00000000
0.090909090909, 0.141414141414, 1.16417857, 1.00000000, 1.00000000, 1.00000000
0.090909090909, 0.151515151515, 1.17051581, 1.00000000, 1.00000000, 1.00000000
0.090909090909, 0.161616161616, 1.17616635, 1.00000000, 1.00000000, 1.00000000
0.090909090909, 0.171717171717, 1.18110716, 1.00000000, 1.00000000, 1.00000000
0.090909090909, 0.181818181818, 1.18531818, 1.00000000, 1.00000000, 1.00000000
0.090909090909, 0.191919191919, 1.18878231, 1.00000000, 1.00000000, 1.00000000
0.090909090909, 0.202020202020, 1.19148549, 1.00000000, 1.00000000, 1.00000000
0.090909090909, 0.212121212121, 1.19341672, 1.00000000, 1.00000000, 1.00000000
0.090909090909, 0.222222222222, 1.19456813, 1.00000000, 1.00000000, 1.00000000
0.090909090909, 0.232323232323, 1.19493498, 1.00000000, 1.00000000, 1.00000000
0.090909090909, 0.242424242424, 1.19451580, 1.00000000, 1.00000000, 1.00000000
0.090909090909, 0.252525252525, 1.19331236, 1.00000000, 1.00000000, 1.00000000
0.090909090909, 0.262626262626, 1.19132957, 1.00000000, 1.00000000, 1.00000000
0.090909090909, 0.272727272727, 1.18857551, 1.00000000, 1.00000000, 1.00000000
0.090909090909, 0.282828282828, 1.18506135, 1.00000000, 1.00000000, 1.00000000
0.090909090909, 0.292929292929, 1.18080135, 1.00000000, 1.00000000, 1.00000000
0.090909090909, 0.303030303030, 1.17581278, 1.00000000, 1.00000000, 1.00000000
0.090909090909, 0.313131313131, 1.17011586, 1.00000000, 1.00000000, 1.00000000
0.090909090909, 0.323232323232, 1.16373366, 1.00000000, 1.00000000, 1.00000000
0.090909090909, 0.333333333333, 1.15669207, 1.00000000, 1.00000000, 1.00000000
0.090909090909, 0.343434343434, 1.14901959, 1.00000000, 1.00000000, 1.00000000
0.090909090909, 0.353535353535, 1.14074731, 1.00000000, 1.00000000, 1.00000000
0.090909090909, 0.363636363636, 1.13190873, 1.00000000, 1.00000000, 1.00000000
0.090909090909, 0.373737373737, 1.12253963, 1.00000000, 1.00000000, 1.00000000
0.090909090909, 0.383838383838, 1.11267796, 1.00000000, 1.00000000, 1.00000000
0.090909090909, 0.393939393939, 1.10236362, 1.00000000, 1.00000000, 1.00000000
0.090909090909, 0.404040404040, 1.09163836, 1.00000000, 1.00000000, 1.00000000
0.090909090909, 0.414141414141, 1.08054555, 1.00000000, 1.00000000, 1.00000000
0.090909090909, 0.424242424242, 1.06913006, 1.00000000, 1.00000000, 1.00000000
0.090909090909, 0.434343434343, 1.05743805, 1.00000000, 1.00000000, 1.00000000
0.090909090909, 0.444444444444, 1.04551675, 1.00000000, 1.00000000, 1.00000000
0.090909090909, 0.454545454545, 1.03341433, 1.00000000, 1.00000000, 1.00000000
0.090909090909, 0.464646464646, 1.02117967, 1.00000000, 1.00000000, 1.00000000
0.090909090909, 0.474747474747, 1.00886213, 1.00000000, 1.00000000, 1.00000000
0.090909090909, 0.484848484848, 0.99651140, 1.00000000, 1.00000000, 1.00000000
0.090909090909, 0.494949494949, 0.98417729, 1.00000000, 1.00000000, 1.00000000
0.090909090909, 0.505050505051, 0.97190948, 1.00000000, 1.00000000, 1.00000000
0.090909090909, 0.515151515152, 0.95975739, 1.00000000, 1.00000000, 1.00000000
0.090909090909, 0.525252525253, 0.94776991, 1.00000000, 1.00000000, 1.00000000
0.090909090909, 0.535353535354, 0.93599524, 1.00000000, 1.00000000, 1.00000000
0.090909090909, 0.545454545455, 0.92448070, 1.00000000, 1.00000000, 1.00000000
0.090909090909, 0.555555555556, 0.91327254, 1.00000000, 1.00000000, 1.00000000
0.090909090909, 0.565656565657, 0.90241570, 1.00000000, 1.00000000, 1.00000000
0.090909090909, 0.575757575758, 0.89195372, 1.00000000, 1.00000000, 1.00000000
0.090909090909, 0.585858585859, 0.88192851, 1.00000000, 1.00000000, 1.00000000
0.090909090909, 0.595959595960, 0.87238017, 1.00000000, 1.00000000, 1.00000000
0.090909090909, 0.606060606061, 0.86334690, 1.00000000, 1.00000000, 1.00000000
0.090909090909, 0.616161616162, 0.85486478, 1.00000000, 1.00000000, 1.00000000
0.090909090909, 0.626262626263, 0.84696768, 1.00000000, 1.00000000, 1.00000000
0.090909090909, 0.636363636364, 0.83968709, 1.00000000, 1.00000000, 1.00000000
0.090909090909, 0.646464646465, 0.83305204, 1.00000000, 1.00000000, 1.00000000
0.090909090909, 0.656565656566, 0.82708897, 1.00000000, 1.00000000, 1.00000000
0.090909090909, 0.666666666667, 0.82182161, 1.00000000, 1.00000000, 1.00000000
0.090909090909, 0.676767676768, 0.81727093, 1.00000000, 1.00000000, 1.00000000
0.090909090909, 0.686868686869, 0.81345506, 1.00000000, 1.00000000, 1.00000000
0.090909090909, 0.696969696970, 0.81038919, 1.00000000, 1.00000000, 1.00000000
0.090909090909, 0.707070707071, 0.80808556, 1.00000000, 1.00000000, 1.00000000
0.090909090909, 0.717171717172, 0.80655339, 1.00000000, 1.00000000, 1.00000000
0.090909090909, 0.727272727273, 0.80579886, 1.00000000, 1.00000000, 1.00000000
0.090909090909, 0.737373737374, 0.80582503, 1.00000000, 1.00000000, 1.00000000
0.090909090909, 0.747474747475, 0.80663169, 1.00000000, 1.00000000, 1.00000000
0.090909090909, 0.757575757576, 0.80821556, 1.00000000, 1.00000000, 1.00000000
0.090909090909, 0.767676767677, 0.81057029, 1.00000000, 1.00000000, 1.00000000
0.090909090909, 0.777777777778, 0.81368648, 1.00000000, 1.00000000, 1.00000000
0.090909090909, 0.787878787879, 0.81755173, 1.00000000, 1.00000000, 1.00000000
0.090909090909, 0.797979797980, 0.82215065, 1.00000000, 1.00000000, 1.00000000
0.090909090909, 0.808080808081, 0.82746496, 1.00000000, 1.00000000, 1.00000000
0.090909090909, 0.818181818182, 0.83347350, 1.00000000, 1.00000000, 1.00000000
0.090909090909, 0.828282828283, 0.84015235, 1.00000000, 1.00000000, 1.00000000
0.090909090909, 0.838383838384, 0.84747491, 1.00000000, 1.00000000, 1.00000000
0.090909090909, 0.848484848485, 0.85541199, 1.00000000, 1.00000000, 1.00000000
0.090909090909, 0.858585858586, 0.86393191, 1.00000000, 1.00000000, 1.00000000
0.090909090909, 0.868686868687, 0.87300067, 1.00000000, 1.00000000, 1.00000000
0.090909090909, 0.878787878788, 0.88258202, 1.00000000, 1.00000000, 1.00000000
0.090909090909, 0.888888888889, 0.89263764, 1.00000000, 1.00000000, 1.00000000
0.090909090909, 0.898989898990, 0.90312729, 1.00000000, 1.00000000, 1.00000000
0.090909090909, 0.909090909091, 0.91400892, 1.00000000, 1.00000000, 1.00000000
0.090909090909, 0.919191919192, 0.92523890, 1.00000000, 1.00000000, 1.00000000
0.090909090909, 0.929292929293, 0.93677206, 1.00000000, 1.00000000, 1.00000000
0.090909090909, 0.939393939394, 0.94856163, 1.00000000, 1.00000000, 1.00000000
0.090909090909, 0.949494949495, 0.96055861, 1.00000000, 1.00000000, 1.00000000
0.090909090909, 0.959595959596, 0.97270968, 1.00000000, 1.00000000, 1.00000000
0.101010101010, -0.000000000000, 1.04485274, 1.00000000, 1.00000000, 1.00000000
0.101010101010, 0.010101010101, 1.05574754, 1.00000000, 1.00000000, 1.00000000
0.101010101010, 0.020202020202, 1.06608788, 1.00000000, 1.00000000, 1.00000000
0.101010101010, 0.030303030303, 1.07596932, 1.00000000, 1.00000000, 1.00000000
0.101010101010, 0.040404040404, 1.08557238, 1.00000000, 1.00000000, 1.00000000
0.101010101010, 0.050505050505, 1.09507944, 1.00000000, 1.00000000, 1.00000000
0.101010101010, 0.060606060606, 1.10459057, 1.00000000, 1.00000000, 1.00000000
0.101010101010, 0.070707070707, 1.11408859, 1.00000000, 1.00000000, 1.00000000
0.101010101010, 0.080808080808, 1.12346422, 1.00000000, 1.00000000, 1.00000000
0.101010101010, 0.090909090909, 1.13257149, 1.00000000, 1.00000000, 1.00000000
0.101010101010, 0.101010101010, 1.14127544, 1.00000000, 1.00000000, 1.00000000
0.101010101010, 0.111111111111, 1.14947381, 1.00000000, 1.00000000, 1.00000000
0.101010101010, 0.121212121212, 1.15709651, 1.00000000, 1.00000000, 1.00000000
0.101010101010, 0.131313131313, 1.16409587, 1.00000000, 1.00000000, 1.00000000
0.101010101010, 0.141414141414, 1.17043712, 1.00000000, 1.00000000, 1.00000000
0.101010101010, 0.151515151515, 1.17609249, 1.00000000, 1.00000000, 1.00000000
0.101010101010, 0.161616161616, 1.18103849, 1.00000000, 1.00000000, 1.00000000
0.101010101010, 0.171717171717, 1.18525495, 1.00000000, 1.00000000, 1.00000000
0.101010101010, 0.181818181818, 1.18872473, 1.00000000, 1.00000000, 1.00000000
0.101010101010, 0.191919191919, 1.19143375, 1.00000000, 1.00000000, 1.00000000
0.101010101010, 0.202020202020, 1.19337098, 1.00000000, 1.00000000, 1.00000000
0.101010101010, 0.212121212121, 1.19452855, 1.00000000, 1.00000000, 1.00000000
0.101010101010, 0.222222222222, 1.19490168, 1.00000000, 1.00000000, 1.00000000
0.101010101010, 0.232323232323, 1.19448891, 1.00000000, 1.00000000, 1.00000000
0.101010101010, 0.242424242424, 1.19329196, 1.00000000, 1.00000000, 1.00000000
0.101010101010, 0.252525252525, 1.19131575, 1.00000000, 1.00000000, 1.00000000
0.101010101010, 0.262626262626, 1.18856833, 1.00000000, 1.00000000, 1.00000000
0.101010101010, 0.272727272727, 1.18506084, 1.00000000, 1.00000000, 1.00000000
0.101010101010, 0.282828282828, 1.18080755, 1.00000000, 1.00000000, 1.00000000
0.101010101010, 0.292929292929, 1.17582568, 1.00000000, 1.00000000, 1.00000000
0.101010101010, 0.303030303030, 1.17013545, 1.00000000, 1.00000000, 1.00000000
0.101010101010, 0.313131313131, 1.16375992, 1.00000000, 1.00000000, 1.00000000
0.101010101010, 0.323232323232, 1.15672492, 1.00000000, 1.00000000, 1.00000000
0.101010101010, 0.333333333333, 1.14905898, 1.00000000, 1.00000000, 1.00000000
0.101010101010, 0.343434343434, 1.14079313, 1.00000000, 1.00000000, 1.00000000
0.101010101010, 0.353535353535, 1.13196087, 1.00000000, 1.00000000, 1.00000000
0.101010101010, 0.363636363636, 1.12259796, 1.00000000, 1.00000000, 1.00000000
0.101010101010, 0.373737373737, 1.11274231, 1.00000000, 1.00000000, 1.00000000
0.101010101010, 0.383838383838, 1.10243382, 1.00000000, 1.00000000, 1.00000000
0.101010101010, 0.393939393939, 1.09171420, 1.00000000, 1.00000000, 1.00000000
0.101010101010, 0.404040404040, 1.08062681, 1.00000000, 1.00000000, 1.00000000
0.101010101010, 0.414141414141, 1.06921650, 1.00000000, 1.00000000, 1.00000000
0.101010101010, 0.424242424242, 1.05752939, 1.00000000, 1.00000000, 1.00000000
0.101010101010, 0.434343434343, 1.04561271, 1.00000000, 1.00000000, 1.00000000
0.101010101010, 0.444444444444, 1.03351460, 1.00000000, 1.00000000, 1.00000000
0.101010101010, 0.454545454545, 1.02128391, 1.00000000, 1.00000000, 1.00000000
0.101010101010, 0.464646464646, 1.00896999, 1.00000000, 1.00000000, 1.00000000
0.101010101010, 0.474747474747, 0.99662250, 1.00000000, 1.00000000, 1.00000000
0.101010101010, 0.484848484848, 0.98429123, 1.00000000, 1.00000000, 1.00000000
0.101010101010, 0.494949494949, 0.97202586, 1.00000000, 1.00000000, 1.00000000
0.101010101010, 0.505050505051, 0.95987575, 1.00000000, 1.00000000, 1.00000000
0.101010101010, 0.515151515152, 0.94788980, 1.00000000, 1.00000000, 1.00000000
0.101010101010, 0.525252525253, 0.93611620, 1.00000000, 1.00000000, 1.00000000
0.101010101010, 0.535353535354, 0.92460224, 1.00000000, 1.00000000, 1.00000000
0.101010101010, 0.545454545455, 0.91339415, 1.00000000, 1.00000000, 1.00000000
0.101010101010, 0.555555555556, 0.90253688, 1.00000000, 1.00000000, 1.00000000
0.101010101010, 0.565656565657, 0.89207395, 1.00000000, 1.00000000, 1.00000000
0.101010101010, 0.575757575758, 0.88204724, 1.00000000, 1.00000000, 1.00000000
0.101010101010, 0.585858585859, 0.87249689, 1.00000000, 1.00000000, 1.00000000
0.101010101010, 0.595959595960, 0.86346106, 1.00000000, 1.00000000, 1.00000000
0.101010101010, 0.606060606061, 0.85497586, 1.00000000, 1.00000000, 1.00000000
0.101010101010, 0.616161616162, 0.84707515, 1.00000000, 1.00000000, 1.00000000
0.101010101010, 0.626262626263, 0.83979044, 1.00000000, 1.00000000, 1.00000000
0.101010101010, 0.636363636364, 0.83315077, 1.00000000, 1.00000000, 1.00000000
0.101010101010, 0.646464646465, 0.82718258, 1.00000000, 1.00000000, 1.00000000
0.101010101010, 0.656565656566, 0.82190964, 1.00000000, 1.00000000, 1.00000000
0.101010101010, 0.666666666667, 0.81735295, 1.00000000, 1.00000000, 1.00000000
0.101010101010, 0.676767676768, 0.81353065, 1.00000000, 1.00000000, 1.00000000
0.101010101010, 0.686868686869, 0.81045797, 1.00000000, 1.00000000, 1.00000000
0.101010101010, 0.696969696970, 0.80814719, 1.00000000, 1.00000000, 1.00000000
0.101010101010, 0.707070707071, 0.80660757, 1.00000000, 1.00000000, 1.00000000
0.101010101010, 0.717171717172, 0.80584532, 1.00000000, 1.00000000, 1.00000000
0.101010101010, 0.727272727273, 0.80586355, 1.00000000, 1.00000000, 1.00000000
0.101010101010, 0.737373737374, 0.80666210, 1.00000000, 1.00000000, 1.00000000
0.101010101010, 0.747474747475, 0.80823772, 1.00000000, 1.00000000, 1.00000000
0.101010101010, 0.757575757576, 0.81058412, 1.00000000, 1.00000000, 1.00000000
0.101010101010, 0.767676767677, 0.81369193, 1.00000000, 1.00000000, 1.00000000
0.101010101010, 0.777777777778, 0.81754881, 1.00000000, 1.00000000, 1.00000000
0.101010101010, 0.787878787879, 0.82213942, 1.00000000, 1.00000000, 1.00000000
0.101010101010, 0.797979797980, 0.82744551, 1.00000000, 1.00000000, 1.00000000
0.101010101010, 0.808080808081, 0.83344597, 1.00000000, 1.00000000, 1.00000000
0.101010101010, 0.818181818182, 0.84011693, 1.00000000, 1.00000000, 1.00000000
0.101010101010, 0.828282828283, 0.84743182, 1.00000000, 1.00000000, 1.00000000
0.101010101010, 0.838383838384, 0.85536148, 1.00000000, 1.00000000, 1.00000000
0.101010101010, 0.848484848485, 0.86387430, 1.00000000, 1.00000000, 1.00000000
0.101010101010, 0.858585858586, 0.87293627, 1.00000000, 1.00000000, 1.00000000
0.101010101010, 0.868686868687, 0.88251120, 1.00000000, 1.00000000, 1.00000000
0.101010101010, 0.878787878788, 0.89256078, 1.00000000, 1.00000000, 1.00000000
0.101010101010, 0.888888888889, 0.90304479, 1.00000000, 1.00000000, 1.00000000
0.101010101010, 0.898989898990, 0.91392122, 1.00000000, 1.00000000, 1.00000000
0.101010101010, 0.909090909091, 0.92514647, 1.00000000, 1.00000000, 1.00000000
0.101010101010, 0.919191919192, 0.93667545, 1.00000000, 1.00000000, 1.00000000
0.101010101010, 0.929292929293, 0.94846176, 1.00000000, 1.00000000, 1.00000000
0.101010101010, 0.939393939394, 0.96045762, 1.00000000, 1.00000000, 1.00000000
0.101010101010, 0.949494949495, 0.97261321, 1.00000000, 1.00000000, 1.00000000
0.101010101010, 0.959595959596, 0.98487473, 1.00000000, 1.00000000, 1.00000000
0.111111111111, -0.000000000000, 1.05676663, 1.00000000, 1.00000000, 1.00000000
0.111111111111, 0.010101010101, 1.06746673, 1.00000000, 1.00000000, 1.00000000
0.111111111111, 0.020202020202, 1.07757917, 1.00000000, 1.00000000, 1.00000000
0.111111111111, 0.030303030303, 1.08719878, 1.00000000, 1.00000000, 1.00000000
0.111111111111, 0.040404040404, 1.09650270, 1.00000000, 1.00000000, 1.00000000
0.111111111111, 0.050505050505, 1.10566861, 1.00000000, 1.00000000, 1.00000000
0.111111111111, 0.060606060606, 1.11479259, 1.00000000, 1.00000000, 1.00000000
0.111111111111, 0.070707070707, 1.12385587, 1.00000000, 1.00000000, 1.00000000
0.111111111111, 0.080808080808, 1.13275036, 1.00000000, 1.00000000, 1.00000000
0.111111111111, 0.090909090909, 1.14133331, 1.00000000, 1.00000000, 1.00000000
0.111111111111, 0.101010101010, 1.14947381, 1.00000000, 1.00000000, 1.00000000
0.111111111111, 0.111111111111, 1.15707352, 1.00000000, 1.00000000, 1.00000000
0.111111111111, 0.121212121212, 1.16406584, 1.00000000, 1.00000000, 1.00000000
0.111111111111, 0.131313131313, 1.17040622, 1.00000000, 1.00000000, 1.00000000
0.111111111111, 0.141414141414, 1.17606277, 1.00000000, 1.00000000, 1.00000000
0.111111111111, 0.151515151515, 1.18101057, 1.00000000, 1.00000000, 1.00000000
0.111111111111, 0.161616161616, 1.18522904, 1.00000000, 1.00000000, 1.00000000
0.111111111111, 0.171717171717, 1.18870093, 1.00000000, 1.00000000, 1.00000000
0.111111111111, 0.181818181818, 1.19141213, 1.00000000, 1.00000000, 1.00000000
0.111111111111, 0.191919191919, 1.19335162, 1.00000000, 1.00000000, 1.00000000
0.111111111111, 0.202020202020, 1.19451150, 1.00000000, 1.00000000, 1.00000000
0.111111111111, 0.212121212121, 1.19488699, 1.00000000, 1.00000000, 1.00000000
0.111111111111, 0.222222222222, 1.19447663, 1.00000000, 1.00000000, 1.00000000
0.111111111111, 0.232323232323, 1.19328213, 1.00000000, 1.00000000, 1.00000000
0.111111111111, 0.242424242424, 1.19130840, 1.00000000, 1.00000000, 1.00000000
0.111111111111, 0.252525252525, 1.18856349, 1.00000000, 1.00000000, 1.00000000
0.111111111111, 0.262626262626, 1.18505854, 1.00000000, 1.00000000, 1.00000000
0.111111111111, 0.272727272727, 1.18080780, 1.00000000, 1.00000000, 1.00000000
0.111111111111, 0.282828282828, 1.17582850, 1.00000000, 1.00000000, 1.00000000
0.111111111111, 0.292929292929, 1.17014084, 1.00000000, 1.00000000, 1.00000000
0.111111111111, 0.303030303030, 1.16376788, 1.00000000, 1.00000000, 1.00000000
0.111111111111, 0.313131313131, 1.15673544, 1.00000000, 1.00000000, 1.00000000
0.111111111111, 0.323232323232, 1.14907204, 1.00000000, 1.00000000, 1.00000000
0.111111111111, 0.333333333333, 1.14080872, 1.00000000, 1.00000000, 1.00000000
0.111111111111, 0.343434343434, 1.13197896, 1.00000000, 1.00000000, 1.00000000
0.111111111111, 0.353535353535, 1.12261851, 1.00000000, 1.00000000, 1.00000000
0.111111111111, 0.363636363636, 1.11276528, 1.00000000, 1.00000000, 1.00000000
0.111111111111, 0.373737373737, 1.10245916, 1.00000000, 1.00000000, 1.00000000
0.111111111111, 0.383838383838, 1.09174184, 1.00000000, 1.00000000, 1.00000000
0.111111111111, 0.393939393939, 1.08065669, 1.00000000, 1.00000000, 1.00000000
0.111111111111, 0.404040404040, 1.06924854, 1.00000000, 1.00000000, 1.00000000
0.111111111111, 0.414141414141, 1.05756350, 1.00000000, 1.00000000, 1.00000000
0.111111111111, 0.424242424242, 1.04564881, 1.00000000, 1.00000000, 1.00000000
0.111111111111, 0.434343434343, 1.03355257, 1.00000000, 1.00000000, 1.00000000
0.111111111111, 0.444444444444, 1.02132364, 1.00000000, 1.00000000, 1.00000000
0.111111111111, 0.454545454545, 1.00901136, 1.00000000, 1.00000000, 1.00000000
0.111111111111, 0.464646464646, 0.99666539, 1.00000000, 1.00000000, 1.00000000
0.111111111111, 0.474747474747, 0.98433549, 1.00000000, 1.00000000, 1.00000000
0.111111111111, 0.484848484848, 0.97207133, 1.00000000, 1.00000000, 1.00000000
0.111111111111, 0.494949494949, 0.95992228, 1.00000000, 1.00000000, 1.00000000
0.111111111111, 0.505050505051, 0.94793722, 1.00000000, 1.00000000, 1.00000000
0.111111111111, 0.515151515152, 0.93616432, 1.00000000, 1.00000000, 1.00000000
0.111111111111, 0.525252525253, 0.92465088, 1.00000000, 1.00000000, 1.00000000
0.111111111111, 0.535353535354, 0.91344311, 1.00000000, 1.00000000, 1.00000000
0.111111111111, 0.545454545455, 0.90258596, 1.00000000, 1.00000000, 1.00000000
0.111111111111, 0.555555555556, 0.89212294, 1.00000000, 1.00000000, 1.00000000
0.111111111111, 0.565656565657, 0.88209592, 1.00000000, 1.00000000, 1.00000000
0.111111111111, 0.575757575758, 0.87254504, 1.00000000, 1.00000000, 1.00000000
0.111111111111, 0.585858585859, 0.86350847, 1.00000000, 1.00000000, 1.00000000
0.111111111111, 0.595959595960, 0.85502229, 1.00000000, 1.00000000, 1.00000000
0.111111111111, 0.606060606061, 0.84712037, 1.00000000, 1.00000000, 1.00000000
0.111111111111, 0.616161616162, 0.83983423, 1.00000000, 1.00000000, 1.00000000
0.111111111111, 0.626262626263, 0.83319290, 1.00000000, 1.00000000, 1.00000000
0.111111111111, 0.636363636364, 0.82722285, 1.00000000, 1.00000000, 1.00000000
0.111111111111, 0.646464646465, 0.82194783, 1.00000000, 1.00000000, 1.00000000
0.111111111111, 0.656565656566, 0.81738885, 1.00000000, 1.00000000, 1.00000000
0.111111111111, 0.666666666667, 0.81356408, 1.00000000, 1.00000000, 1.00000000
0.111111111111, 0.676767676768, 0.81048875, 1.00000000, 1.00000000, 1.00000000
0.111111111111, 0.686868686869, 0.80817515, 1.00000000, 1.00000000, 1.00000000
0.111111111111, 0.696969696970, 0.80663256, 1.00000000, 1.00000000, 1.00000000
0.111111111111, 0.707070707071, 0.80586721, 1.00000000, 1.00000000, 1.00000000
0.111111111111, 0.717171717172, 0.80588223, 1.00000000, 1.00000000, 1.00000000
0.111111111111, 0.727272727273, 0.80667748, 1.00000000, 1.00000000, 1.00000000
0.111111111111, 0.737373737374, 0.80824974, 1.00000000, 1.00000000, 1.00000000
0.111111111111, 0.747474747475, 0.81059271, 1.00000000, 1.00000000, 1.00000000
0.111111111111, 0.757575757576, 0.81369707, 1.00000000, 1.00000000, 1.00000000
0.111111111111, 0.767676767677, 0.81755049, 1.00000000, 1.00000000, 1.00000000
0.111111111111, 0.777777777778, 0.82213764, 1.00000000, 1.00000000, 1.00000000
0.111111111111, 0.787878787879, 0.82744030, 1.00000000, 1.00000000, 1.00000000
0.111111111111, 0.797979797980, 0.83343740, 1.00000000, 1.00000000, 1.00000000
0.111111111111, 0.808080808081, 0.84010506, 1.00000000, 1.00000000, 1.00000000
0.111111111111, 0.818181818182, 0.84741674, 1.00000000, 1.00000000, 1.00000000
0.111111111111, 0.828282828283, 0.85534330, 1.00000000, 1.00000000, 1.00000000
0.111111111111, 0.838383838384, 0.86385314, 1.00000000, 1.00000000, 1.00000000
0.111111111111, 0.848484848485, 0.87291228, 1.00000000, 1.00000000, 1.00000000
0.111111111111, 0.858585858586, 0.88248452, 1.00000000, 1.00000000, 1.00000000
0.111111111111, 0.868686868687, 0.89253157, 1.00000000, 1.00000000, 1.00000000
0.111111111111, 0.878787878788, 0.90301323, 1.00000000, 1.00000000, 1.00000000
0.111111111111, 0.888888888889, 0.91388749, 1.00000000, 1.00000000, 1.00000000
0.111111111111, 0.898989898990, 0.92511075, 1.00000000, 1.00000000, 1.00000000
0.111111111111, 0.909090909091, 0.93663796, 1.00000000, 1.00000000, 1.00000000
0.111111111111, 0.919191919192, 0.94842280, 1.00000000, 1.00000000, 1.00000000
0.111111111111, 0.929292929293, 0.96041781, 1.00000000, 1.00000000, 1.00000000
0.111111111111, 0.939393939394, 0.97257432, 1.00000000, 1.00000000, 1.00000000
0.111111111111, 0.949494949495, 0.98484195, 1.00000000, 1.00000000, 1.00000000
0.111111111111, 0.959595959596, 0.99716661, 1.00000000, 1.00000000, 1.00000000
0.121212121212, -0.000000000000, 1.06848314, 1.00000000, 1.00000000, 1.00000000
0.121212121212, 0.010101010101, 1.07894535, 1.00000000, 1.00000000, 1.00000000
0.121212121212, 0.020202020202, 1.08878911, 1.00000000, 1.00000000, 1.00000000
0.121212121212, 0.030303030303, 1.09810809, 1.00000000, 1.00000000, 1.00000000
0.121212121212, 0.040404040404, 1.10707527, 1.00000000, 1.00000000, 1.00000000
0.121212121212, 0.050505050505, 1.11586280, 1.00000000, 1.00000000, 1.00000000
0.121212121212, 0.060606060606, 1.12456235, 1.00000000, 1.00000000, 1.00000000
0.121212121212, 0.070707070707, 1.13315362, 1.00000000, 1.00000000, 1.00000000
0.121212121212, 0.080808080808, 1.14153024, 1.00000000, 1.00000000, 1.00000000
0.121212121212, 0.090909090909, 1.14955331, 1.00000000, 1.00000000, 1.00000000
0.121212121212, 0.101010101010, 1.15709651, 1.00000000, 1.00000000, 1.00000000
0.121212121212, 0.111111111111, 1.16406584, 1.00000000, 1.00000000, 1.00000000
0.121212121212, 0.121212121212, 1.17039848, 1.00000000, 1.00000000, 1.00000000
0.121212121212, 0.131313131313, 1.17605312, 1.00000000, 1.00000000, 1.00000000
0.121212121212, 0.141414141414, 1.18100091, 1.00000000, 1.00000000, 1.00000000
0.121212121212, 0.151515151515, 1.18521990, 1.00000000, 1.00000000, 1.00000000
0.121212121212, 0.161616161616, 1.18869245, 1.00000000, 1.00000000, 1.00000000
0.121212121212, 0.171717171717, 1.19140436, 1.00000000, 1.00000000, 1.00000000
0.121212121212, 0.181818181818, 1.19334459, 1.00000000, 1.00000000, 1.00000000
0.121212121212, 0.191919191919, 1.19450521, 1.00000000, 1.00000000, 1.00000000
0.121212121212, 0.202020202020, 1.19488148, 1.00000000, 1.00000000, 1.00000000
0.121212121212, 0.212121212121, 1.19447190, 1.00000000, 1.00000000, 1.00000000
0.121212121212, 0.222222222222, 1.19327820, 1.00000000, 1.00000000, 1.00000000
0.121212121212, 0.232323232323, 1.19130529, 1.00000000, 1.00000000, 1.00000000
0.121212121212, 0.242424242424, 1.18856120, 1.00000000, 1.00000000, 1.00000000
0.121212121212, 0.252525252525, 1.18505709, 1.00000000, 1.00000000, 1.00000000
0.121212121212, 0.262626262626, 1.18080719, 1.00000000, 1.00000000, 1.00000000
0.121212121212, 0.272727272727, 1.17582874, 1.00000000, 1.00000000, 1.00000000
0.121212121212, 0.282828282828, 1.17014193, 1.00000000, 1.00000000, 1.00000000
0.121212121212, 0.292929292929, 1.16376983, 1.00000000, 1.00000000, 1.00000000
0.121212121212, 0.303030303030, 1.15673826, 1.00000000, 1.00000000, 1.00000000
0.121212121212, 0.313131313131, 1.14907571, 1.00000000, 1.00000000, 1.00000000
0.121212121212, 0.323232323232, 1.14081325, 1.00000000, 1.00000000, 1.00000000
0.121212121212, 0.333333333333, 1.13198434, 1.00000000, 1.00000000, 1.00000000
0.121212121212, 0.343434343434, 1.12262474, 1.00000000, 1.00000000, 1.00000000
0.121212121212, 0.353535353535, 1.11277235, 1.00000000, 1.00000000, 1.00000000
0.121212121212, 0.363636363636, 1.10246704, 1.00000000, 1.00000000, 1.00000000
0.121212121212, 0.373737373737, 1.09175054, 1.00000000, 1.00000000, 1.00000000
0.121212121212, 0.383838383838, 1.08066619, 1.00000000, 1.00000000, 1.00000000
0.121212121212, 0.393939393939, 1.06925881, 1.00000000, 1.00000000, 1.00000000
0.121212121212, 0.404040404040, 1.05757453, 1.00000000, 1.00000000, 1.00000000
0.121212121212, 0.414141414141, 1.04566056, 1.00000000, 1.00000000, 1.00000000
0.121212121212, 0.424242424242, 1.03356503, 1.00000000, 1.00000000, 1.00000000
0.121212121212, 0.434343434343, 1.02133677, 1.00000000, 1.00000000, 1.00000000
0.121212121212, 0.444444444444, 1.00902512, 1.00000000, 1.00000000, 1.00000000
0.121212121212, 0.454545454545, 0.99667974, 1.00000000, 1.00000000, 1.00000000
0.121212121212, 0.464646464646, 0.98435040, 1.00000000, 1.00000000, 1.00000000
0.121212121212, 0.474747474747, 0.97208674, 1.00000000, 1.00000000, 1.00000000
0.121212121212, 0.484848484848, 0.95993815, 1.00000000, 1.00000000, 1.00000000
0.121212121212, 0.494949494949, 0.94795349, 1.00000000, 1.00000000, 1.00000000
0.121212121212, 0.505050505051, 0.93618094, 1.00000000, 1.00000000, 1.00000000
0.121212121212, 0.515151515152, 0.92466778, 1.00000000, 1.00000000, 1.00000000
0.121212121212, 0.525252525253, 0.91346023, 1.00000000, 1.00000000, 1.00000000
0.121212121212, 0.535353535354, 0.90260323, 1.00000000, 1.00000000, 1.00000000
0.121212121212, 0.545454545455, 0.89214028, 1.00000000, 1.00000000, 1.00000000
0.121212121212, 0.555555555556, 0.88211326, 1.00000000, 1.00000000, 1.00000000
0.121212121212, 0.565656565657, 0.87256230, 1.00000000, 1.00000000, 1.00000000
0.121212121212, 0.575757575758, 0.86352557, 1.00000000, 1.00000000, 1.00000000
0.121212121212, 0.585858585859, 0.85503915, 1.00000000, 1.00000000, 1.00000000
0.121212121212, 0.595959595960, 0.84713690, 1.00000000, 1.00000000, 1.00000000
0.121212121212, 0.606060606061, 0.83985035, 1.00000000, 1.00000000, 1.00000000
0.121212121212, 0.616161616162, 0.83320853, 1.00000000, 1.00000000, 1.00000000
0.121212121212, 0.626262626263, 0.82723789, 1.00000000, 1.00000000, 1.00000000
0.121212121212, 0.636363636364, 0.82196221, 1.00000000, 1.00000000, 1.00000000
0.121212121212, 0.646464646465, 0.81740249, 1.00000000, 1.00000000, 1.00000000
0.121212121212, 0.656565656566, 0.81357689, 1.00000000, 1.00000000, 1.00000000
0.121212121212, 0.666666666667, 0.81050067, 1.00000000, 1.00000000, 1.00000000
0.121212121212, 0.676767676768, 0.80818611, 1.00000000, 1.00000000, 1.00000000
0.121212121212, 0.686868686869, 0.80664249, 1.00000000, 1.00000000, 1.00000000
0.121212121212, 0.696969696970, 0.80587607, 1.00000000, 1.00000000, 1.00000000
0.121212121212, 0.707070707071, 0.80588996, 1.00000000, 1.00000000, 1.00000000
0.121212121212, 0.717171717172, 0.80668404, 1.00000000, 1.00000000, 1.00000000
0.121212121212, 0.727272727273, 0.80825510, 1.00000000, 1.00000000, 1.00000000
0.121212121212, 0.737373737374, 0.81059684, 1.00000000, 1.00000000, 1.00000000
0.121212121212, 0.747474747475, 0.81369996, 1.00000000, 1.00000000, 1.00000000
0.121212121212, 0.757575757576, 0.81755212, 1.00000000, 1.00000000, 1.00000000
0.121212121212, 0.767676767677, 0.82213802, 1.00000000, 1.00000000, 1.00000000
0.121212121212, 0.777777777778, 0.82743944, 1.00000000, 1.00000000, 1.00000000
0.121212121212, 0.787878787879, 0.83343531, 1.00000000, 1.00000000, 1.00000000
0.121212121212, 0.797979797980, 0.84010176, 1.00000000, 1.00000000, 1.00000000
0.121212121212, 0.808080808081, 0.84741227, 1.00000000, 1.00000000, 1.00000000
0.121212121212, 0.818181818182, 0.85533770, 1.00000000, 1.00000000, 1.00000000
0.121212121212, 0.828282828283, 0.86384645, 1.00000000, 1.00000000, 1.00000000
0.121212121212, 0.838383838384, 0.87290455, 1.00000000, 1.00000000, 1.00000000
0.121212121212, 0.848484848485, 0.88247580, 1.00000000, 1.00000000, 1.00000000
0.121212121212, 0.858585858586, 0.89252193, 1.00000000, 1.00000000, 1.00000000
0.121212121212, 0.868686868687, 0.90300273, 1.00000000, 1.00000000, 1.00000000
0.121212121212, 0.878787878788, 0.91387620, 1.00000000, 1.00000000, 1.00000000
0.121212121212, 0.888888888889, 0.92509874, 1.00000000, 1.00000000, 1.00000000
0.121212121212, 0.898989898990, 0.93662530, 1.00000000, 1.00000000, 1.00000000
0.121212121212, 0.909090909091, 0.94840958, 1.00000000, 1.00000000, 1.00000000
0.121212121212, 0.919191919192, 0.96040419, 1.00000000, 1.00000000, 1.00000000
0.121212121212, 0.929292929293, 0.97256079, 1.00000000, 1.00000000, 1.00000000
0.121212121212, 0.939393939394, 0.98483007, 1.00000000, 1.00000000, 1.00000000
0.121212121212, 0.949494949495, 0.99716121, 1.00000000, 1.00000000, 1.00000000
0.121212121212, 0.959595959596, 1.00950010, 1.00000000, 1.00000000, 1.00000000
0.131313131313, -0.000000000000, 1.07993605, 1.00000000, 1.00000000, 1.00000000
0.131313131313, 0.010101010101, 1.09011806, 1.00000000, 1.00000000, 1.00000000
0.131313131313, 0.020202020202, 1.09965343, 1.00000000, 1.00000000, 1.00000000
0.131313131313, 0.030303030303, 1.10863427, 1.00000000, 1.00000000, 1.00000000
0.131313131313, 0.040404040404, 1.11722857, 1.00000000, 1.00000000, 1.00000000
0.131313131313, 0.050505050505, 1.12560219, 1.00000000, 1.00000000, 1.00000000
0.131313131313, 0.060606060606, 1.13384193, 1.00000000, 1.00000000, 1.00000000
0.131313131313, 0.070707070707, 1.14192614, 1.00000000, 1.00000000, 1.00000000
0.131313131313, 0.080808080808, 1.14975060, 1.00000000, 1.00000000, 1.00000000
0.131313131313, 0.090909090909, 1.15718090, 1.00000000, 1.00000000, 1.00000000
0.131313131313, 0.101010101010, 1.16409587, 1.00000000, 1.00000000, 1.00000000
0.131313131313, 0.111111111111, 1.17040622, 1.00000000, 1.00000000, 1.00000000
0.131313131313, 0.121212121212, 1.17605312, 1.00000000, 1.00000000, 1.00000000
0.131313131313, 0.131313131313, 1.18099870, 1.00000000, 1.00000000, 1.00000000
0.131313131313, 0.141414141414, 1.18521726, 1.00000000, 1.00000000, 1.00000000
0.131313131313, 0.151515151515, 1.18868987, 1.00000000, 1.00000000, 1.00000000
0.131313131313, 0.161616161616, 1.19140196, 1.00000000, 1.00000000, 1.00000000
0.131313131313, 0.171717171717, 1.19334239, 1.00000000, 1.00000000, 1.00000000
0.131313131313, 0.181818181818, 1.19450323, 1.00000000, 1.00000000, 1.00000000
0.131313131313, 0.191919191919, 1.19487971, 1.00000000, 1.00000000, 1.00000000
0.131313131313, 0.202020202020, 1.19447035, 1.00000000, 1.00000000, 1.00000000
0.131313131313, 0.212121212121, 1.19327688, 1.00000000, 1.00000000, 1.00000000
0.131313131313, 0.222222222222, 1.19130420, 1.00000000, 1.00000000, 1.00000000
0.131313131313, 0.232323232323, 1.18856035, 1.00000000, 1.00000000, 1.00000000
0.131313131313, 0.242424242424, 1.18505647, 1.00000000, 1.00000000, 1.00000000
0.131313131313, 0.252525252525, 1.18080681, 1.00000000, 1.00000000, 1.00000000
0.131313131313, 0.262626262626, 1.17582861, 1.00000000, 1.00000000, 1.00000000
0.131313131313, 0.272727272727, 1.17014205, 1.00000000, 1.00000000, 1.00000000
0.131313131313, 0.282828282828, 1.16377019, 1.00000000, 1.00000000, 1.00000000
0.131313131313, 0.292929292929, 1.15673887, 1.00000000, 1.00000000, 1.00000000
0.131313131313, 0.303030303030, 1.14907658, 1.00000000, 1.00000000, 1.00000000
0.131313131313, 0.313131313131, 1.14081436, 1.00000000, 1.00000000, 1.00000000
0.131313131313, 0.323232323232, 1.13198570, 1.00000000, 1.00000000, 1.00000000
0.131313131313, 0.333333333333, 1.12262635, 1.00000000, 1.00000000, 1.00000000
0.131313131313, 0.343434343434, 1.11277421, 1.00000000, 1.00000000, 1.00000000
0.131313131313, 0.353535353535, 1.10246916, 1.00000000, 1.00000000, 1.00000000
0.131313131313, 0.363636363636, 1.09175290, 1.00000000, 1.00000000, 1.00000000
0.131313131313, 0.373737373737, 1.08066879, 1.00000000, 1.00000000, 1.00000000
0.131313131313, 0.383838383838, 1.06926165, 1.00000000, 1.00000000, 1.00000000
0.131313131313, 0.393939393939, 1.05757761, 1.00000000, 1.00000000, 1.00000000
0.131313131313, 0.404040404040, 1.04566387, 1.00000000, 1.00000000, 1.00000000
0.131313131313, 0.414141414141, 1.03356856, 1.00000000, 1.00000000, 1.00000000
0.131313131313, 0.424242424242, 1.02134052, 1.00000000, 1.00000000, 1.00000000
0.131313131313, 0.434343434343, 1.00902908, 1.00000000, 1.00000000, 1.00000000
0.131313131313, 0.444444444444, 0.99668390, 1.00000000, 1.00000000, 1.00000000
0.131313131313, 0.454545454545, 0.98435474, 1.00000000, 1.00000000, 1.00000000
0.131313131313, 0.464646464646, 0.97209126, 1.00000000, 1.00000000, 1.00000000
0.131313131313, 0.474747474747, 0.95994283, 1.00000000, 1.00000000, 1.00000000
0.131313131313, 0.484848484848, 0.94795832, 1.00000000, 1.00000000, 1.00000000
0.131313131313, 0.494949494949, 0.93618590, 1.00000000, 1.00000000, 1.00000000
0.131313131313, 0.505050505051, 0.92467286, 1.00000000, 1.00000000, 1.00000000
0.131313131313, 0.515151515152, 0.91346541, 1.00000000, 1.00000000, 1.00000000
0.131313131313, 0.525252525253, 0.90260848, 1.00000000, 1.00000000, 1.00000000
0.131313131313, 0.535353535354, 0.89214559, 1.00000000, 1.00000000, 1.00000000
0.131313131313, 0.545454545455, 0.88211861, 1.00000000, 1.00000000, 1.00000000
0.131313131313, 0.555555555556, 0.87256766, 1.00000000, 1.00000000, 1.00000000
0.131313131313, 0.565656565657, 0.86353091, 1.00000000, 1.00000000, 1.00000000
0.131313131313, 0.575757575758, 0.85504445, 1.00000000, 1.00000000, 1.00000000
0.131313131313, 0.585858585859, 0.84714214, 1.00000000, 1.00000000, 1.00000000
0.131313131313, 0.595959595960, 0.83985549, 1.00000000, 1.00000000, 1.00000000
0.131313131313, 0.606060606061, 0.83321354, 1.00000000, 1.00000000, 1.00000000
0.131313131313, 0.616161616162, 0.82724275, 1.00000000, 1.00000000, 1.00000000
0.131313131313, 0.626262626263, 0.82196689, 1.00000000, 1.00000000, 1.00000000
0.131313131313, 0.636363636364, 0.81740696, 1.00000000, 1.00000000, 1.00000000
0.131313131313, 0.646464646465, 0.81358114, 1.00000000, 1.00000000, 1.00000000
0.131313131313, 0.656565656566, 0.81050466, 1.00000000, 1.00000000, 1.00000000
0.131313131313, 0.666666666667, 0.80818981, 1.00000000, 1.00000000, 1.00000000
0.131313131313, 0.676767676768, 0.80664589, 1.00000000, 1.00000000, 1.00000000
0.131313131313, 0.686868686869, 0.80587914, 1.00000000, 1.00000000, 1.00000000
0.131313131313, 0.696969696970, 0.80589269, 1.00000000, 1.00000000, 1.00000000
0.131313131313, 0.707070707071, 0.80668642, 1.00000000, 1.00000000, 1.00000000
0.131313131313, 0.717171717172, 0.80825710, 1.00000000, 1.00000000, 1.00000000
0.131313131313, 0.727272727273, 0.81059846, 1.00000000, 1.00000000, 1.00000000
0.131313131313, 0.737373737374, 0.81370119, 1.00000000, 1.00000000, 1.00000000
0.131313131313, 0.747474747475, 0.81755296, 1.00000000, 1.00000000, 1.00000000
0.131313131313, 0.757575757576, 0.82213847, 1.00000000, 1.00000000, 1.00000000
0.131313131313, 0.767676767677, 0.82743949, 1.00000000, 1.00000000, 1.00000000
0.131313131313, 0.777777777778, 0.83343496, 1.00000000, 1.00000000, 1.00000000
0.131313131313, 0.787878787879, 0.84010104, 1.00000000, 1.00000000, 1.00000000
0.131313131313, 0.797979797980, 0.84741117, 1.00000000, 1.00000000, 1.00000000
0.131313131313, 0.808080808081, 0.85533624, 1.00000000, 1.00000000, 1.00000000
0.131313131313, 0.818181818182, 0.86384464, 1.00000000, 1.00000000, 1.00000000
0.131313131313, 0.828282828283, 0.87290240, 1.00000000, 1.00000000, 1.00000000
0.131313131313, 0.838383838384, 0.88247334, 1.00000000, 1.00000000, 1.00000000
0.131313131313, 0.848484848485, 0.89251918, 1.00000000, 1.00000000, 1.00000000
0.131313131313, 0.858585858586, 0.90299971, 1.00000000, 1.00000000, 1.00000000
0.131313131313, 0.868686868687, 0.91387292, 1.00000000, 1.00000000, 1.00000000
0.131313131313, 0.878787878788, 0.92509523, 1.00000000, 1.00000000, 1.00000000
0.131313131313, 0.888888888889, 0.93662158, 1.00000000, 1.00000000, 1.00000000
0.131313131313, 0.898989898990, 0.94840568, 1.00000000, 1.00000000, 1.00000000
0.131313131313, 0.909090909091, 0.96040015, 1.00000000, 1.00000000, 1.00000000
0.131313131313, 0.919191919192, 0.97255673, 1.00000000, 1.00000000, 1.00000000
0.131313131313, 0.929292929293, 0.98482638, 1.00000000, 1.00000000, 1.00000000
0.131313131313, 0.939393939394, 0.99715934, 1.00000000, 1.00000000, 1.00000000
0.131313131313, 0.949494949495, 1.00950458, 1.00000000, 1.00000000, 1.00000000
0.131313131313, 0.959595959596, 1.02180816, 1.00000000, 1.00000000, 1.00000000
0.141414141414, -0.000000000000, 1.09107157, 1.00000000, 1.00000000, 1.00000000
0.141414141414, 0.010101010101, 1.10093220, 1.00000000, 1.00000000, 1.00000000
0.141414141414, 0.020202020202, 1.11012074, 1.00000000, 1.00000000, 1.00000000
0.141414141414, 0.030303030303, 1.11872734, 1.00000000, 1.00000000, 1.00000000
0.141414141414, 0.040404040404, 1.12691421, 1.00000000, 1.00000000, 1.00000000
0.141414141414, 0.050505050505, 1.13484012, 1.00000000, 1.00000000, 1.00000000
0.141414141414, 0.060606060606, 1.14258667, 1.00000000, 1.00000000, 1.00000000
0.141414141414, 0.070707070707, 1.15013091, 1.00000000, 1.00000000, 1.00000000
0.141414141414, 0.080808080808, 1.15737132, 1.00000000, 1.00000000, 1.00000000
0.141414141414, 0.090909090909, 1.16417857, 1.00000000, 1.00000000, 1.00000000
0.141414141414, 0.101010101010, 1.17043712, 1.00000000, 1.00000000, 1.00000000
0.141414141414, 0.111111111111, 1.17606277, 1.00000000, 1.00000000, 1.00000000
0.141414141414, 0.121212121212, 1.18100091, 1.00000000, 1.00000000, 1.00000000
0.141414141414, 0.131313131313, 1.18521726, 1.00000000, 1.00000000, 1.00000000
0.141414141414, 0.141414141414, 1.18868934, 1.00000000, 1.00000000, 1.00000000
0.141414141414, 0.151515151515, 1.19140135, 1.00000000, 1.00000000, 1.00000000
0.141414141414, 0.161616161616, 1.19334180, 1.00000000, 1.00000000, 1.00000000
0.141414141414, 0.171717171717, 1.19450269, 1.00000000, 1.00000000, 1.00000000
0.141414141414, 0.181818181818, 1.19487923, 1.00000000, 1.00000000, 1.00000000
0.141414141414, 0.191919191919, 1.19446992, 1.00000000, 1.00000000, 1.00000000
0.141414141414, 0.202020202020, 1.19327651, 1.00000000, 1.00000000, 1.00000000
0.141414141414, 0.212121212121, 1.19130389, 1.00000000, 1.00000000, 1.00000000
0.141414141414, 0.222222222222, 1.18856009, 1.00000000, 1.00000000, 1.00000000
0.141414141414, 0.232323232323, 1.18505627, 1.00000000, 1.00000000, 1.00000000
0.141414141414, 0.242424242424, 1.18080667, 1.00000000, 1.00000000, 1.00000000
0.141414141414, 0.252525252525, 1.17582853, 1.00000000, 1.00000000, 1.00000000
0.141414141414, 0.262626262626, 1.17014203, 1.00000000, 1.00000000, 1.00000000
0.141414141414, 0.272727272727, 1.16377023, 1.00000000, 1.00000000, 1.00000000
0.141414141414, 0.282828282828, 1.15673897, 1.00000000, 1.00000000, 1.00000000
0.141414141414, 0.292929292929, 1.14907674, 1.00000000, 1.00000000, 1.00000000
0.141414141414, 0.303030303030, 1.14081459, 1.00000000, 1.00000000, 1.00000000
0.141414141414, 0.313131313131, 1.13198600, 1.00000000, 1.00000000, 1.00000000
0.141414141414, 0.323232323232, 1.12262671, 1.00000000, 1.00000000, 1.00000000
0.141414141414, 0.333333333333, 1.11277463, 1.00000000, 1.00000000, 1.00000000
0.141414141414, 0.343434343434, 1.10246964, 1.00000000, 1.00000000, 1.00000000
0.141414141414, 0.353535353535, 1.09175344, 1.00000000, 1.00000000, 1.00000000
0.141414141414, 0.363636363636, 1.08066940, 1.00000000, 1.00000000, 1.00000000
0.141414141414, 0.373737373737, 1.06926232, 1.00000000, 1.00000000, 1.00000000
0.141414141414, 0.383838383838, 1.05757834, 1.00000000, 1.00000000, 1.00000000
0.141414141414, 0.393939393939, 1.04566467, 1.00000000, 1.00000000, 1.00000000
0.141414141414, 0.404040404040, 1.03356942, 1.00000000, 1.00000000, 1.00000000
0.141414141414, 0.414141414141, 1.02134144, 1.00000000, 1.00000000, 1.00000000
0.141414141414, 0.424242424242, 1.00903005, 1.00000000, 1.00000000, 1.00000000
0.141414141414, 0.434343434343, 0.99668493, 1.00000000, 1.00000000, 1.00000000
0.141414141414, 0.444444444444, 0.98435583, 1.00000000, 1.00000000, 1.00000000
0.141414141414, 0.454545454545, 0.97209240, 1.00000000, 1.00000000, 1.00000000
0.141414141414, 0.464646464646, 0.95994402, 1.00000000, 1.00000000, 1.00000000
0.141414141414, 0.474747474747, 0.94795956, 1.00000000, 1.00000000, 1.00000000
0.141414141414, 0.484848484848, 0.93618718, 1.00000000, 1.00000000, 1.00000000
0.141414141414, 0.494949494949, 0.92467418, 1.00000000, 1.00000000, 1.00000000
0.141414141414, 0.505050505051, 0.91346676, 1.00000000, 1.00000000, 1.00000000
0.141414141414, 0.515151515152, 0.90260986, 1.00000000, 1.00000000, 1.00000000
0.141414141414, 0.525252525253, 0.89214699, 1.00000000, 1.00000000, 1.00000000
0.141414141414, 0.535353535354, 0.88212003, 1.00000000, 1.00000000, 1.00000000
0.141414141414, 0.545454545455, 0.87256909, 1.00000000, 1.00000000, 1.00000000
0.141414141414, 0.555555555556, 0.86353235, 1.00000000, 1.00000000, 1.00000000
0.141414141414, 0.565656565657, 0.85504588, 1.00000000, 1.00000000, 1.00000000
0.141414141414, 0.575757575758, 0.84714356, 1.00000000, 1.00000000, 1.00000000
0.141414141414, 0.585858585859, 0.83985690, 1.00000000, 1.00000000, 1.00000000
0.141414141414, 0.595959595960, 0.83321493, 1.00000000, 1.00000000, 1.00000000
0.141414141414, 0.606060606061, 0.82724411, 1.00000000, 1.00000000, 1.00000000
0.141414141414, 0.616161616162, 0.82196821, 1.00000000, 1.00000000, 1.00000000
0.141414141414, 0.626262626263, 0.81740823, 1.00000000, 1.00000000, 1.00000000
0.141414141414, 0.636363636364, 0.81358235, 1.00000000, 1.00000000, 1.00000000
0.141414141414, 0.646464646465, 0.81050580, 1.00000000, 1.00000000, 1.00000000
0.141414141414, 0.656565656566, 0.80819089, 1.00000000, 1.00000000, 1.00000000
0.141414141414, 0.666666666667, 0.80664689, 1.00000000, 1.00000000, 1.00000000
0.141414141414, 0.676767676768, 0.80588006, 1.00000000, 1.00000000, 1.00000000
0.141414141414, 0.686868686869, 0.80589352, 1.00000000, 1.00000000, 1.00000000
0.141414141414, 0.696969696970, 0.80668715, 1.00000000, 1.00000000, 1.00000000
0.141414141414, 0.707070707071, 0.80825773, 1.00000000, 1.00000000, 1.00000000
0.141414141414, 0.717171717172, 0.81059899, 1.00000000, 1.00000000, 1.00000000
0.141414141414, 0.727272727273, 0.81370162, 1.00000000, 1.00000000, 1.00000000
0.141414141414, 0.737373737374, 0.81755328, 1.00000000, 1.00000000, 1.00000000
0.141414141414, 0.747474747475, 0.82213868, 1.00000000, 1.00000000, 1.00000000
0.141414141414, 0.757575757576, 0.82743959, 1.00000000, 1.00000000, 1.00000000
0.141414141414, 0.767676767677, 0.83343496, 1.00000000, 1.00000000, 1.00000000
0.141414141414, 0.777777777778, 0.84010092, 1.00000000, 1.00000000, 1.00000000
0.141414141414, 0.787878787879, 0.84741095, 1.00000000, 1.00000000, 1.00000000
0.141414141414, 0.797979797980, 0.85533592, 1.00000000, 1.00000000, 1.00000000
0.141414141414, 0.808080808081, 0.86384422, 1.00000000, 1.00000000, 1.00000000
0.141414141414, 0.818181818182, 0.87290190, 1.00000000, 1.00000000, 1.00000000
0.141414141414, 0.828282828283, 0.88247275, 1.00000000, 1.00000000, 1.00000000
0.141414141414, 0.838383838384, 0.89251851, 1.00000000, 1.00000000, 1.00000000
0.141414141414, 0.848484848485, 0.90299895, 1.00000000, 1.00000000, 1.00000000
0.141414141414, 0.858585858586, 0.91387210, 1.00000000, 1.00000000, 1.00000000
0.141414141414, 0.868686868687, 0.92509434, 1.00000000, 1.00000000, 1.00000000
0.141414141414, 0.878787878788, 0.93662064, 1.00000000, 1.00000000, 1.00000000
0.141414141414, 0.888888888889, 0.94840469, 1.00000000, 1.00000000, 1.00000000
0.141414141414, 0.898989898990, 0.96039912, 1.00000000, 1.00000000, 1.00000000
0.141414141414, 0.909090909091, 0.97255568, 1.00000000, 1.00000000, 1.00000000
0.141414141414, 0.919191919192, 0.98482540, 1.00000000, 1.00000000, 1.00000000
0.141414141414, 0.929292929293, 0.99715879, 1.00000000, 1.00000000, 1.00000000
0.141414141414, 0.939393939394, 1.00950581, 1.00000000, 1.00000000, 1.00000000
0.141414141414, 0.949494949495, 1.02181544, 1.00000000, 1.00000000, 1.00000000
0.141414141414, 0.959595959596, 1.03403409, 1.00000000, 1.00000000, 1.00000000
0.151515151515, -0.000000000000, 1.10184215, 1.00000000, 1.00000000, 1.00000000
0.151515151515, 0.010101010101, 1.11134151, 1.00000000, 1.00000000, 1.00000000
0.151515151515, 0.020202020202, 1.12014621, 1.00000000, 1.00000000, 1.00000000
0.151515151515, 0.030303030303, 1.12834399, 1.00000000, 1.00000000, 1.00000000
0.151515151515, 0.040404040404, 1.13609056, 1.00000000, 1.00000000, 1.00000000
0.151515151515, 0.050505050505, 1.14353684, 1.00000000, 1.00000000, 1.00000000
0.151515151515, 0.060606060606, 1.15075882, 1.00000000, 1.00000000, 1.00000000
0.151515151515, 0.070707070707, 1.15773244, 1.00000000, 1.00000000, 1.00000000
0.151515151515, 0.080808080808, 1.16435932, 1.00000000, 1.00000000, 1.00000000
0.151515151515, 0.090909090909, 1.17051581, 1.00000000, 1.00000000, 1.00000000
0.151515151515, 0.101010101010, 1.17609249, 1.00000000, 1.00000000, 1.00000000
0.151515151515, 0.111111111111, 1.18101057, 1.00000000, 1.00000000, 1.00000000
0.151515151515, 0.121212121212, 1.18521990, 1.00000000, 1.00000000, 1.00000000
0.151515151515, 0.131313131313, 1.18868987, 1.00000000, 1.00000000, 1.00000000
0.151515151515, 0.141414141414, 1.19140135, 1.00000000, 1.00000000, 1.00000000
0.151515151515, 0.151515151515, 1.19334169, 1.00000000, 1.00000000, 1.00000000
0.151515151515, 0.161616161616, 1.19450257, 1.00000000, 1.00000000, 1.00000000
0.151515151515, 0.171717171717, 1.19487912, 1.00000000, 1.00000000, 1.00000000
0.151515151515, 0.181818181818, 1.19446982, 1.00000000, 1.00000000, 1.00000000
0.151515151515, 0.191919191919, 1.19327642, 1.00000000, 1.00000000, 1.00000000
0.151515151515, 0.202020202020, 1.19130381, 1.00000000, 1.00000000, 1.00000000
0.151515151515, 0.212121212121, 1.18856002, 1.00000000, 1.00000000, 1.00000000
0.151515151515, 0.222222222222, 1.18505622, 1.00000000, 1.00000000, 1.00000000
0.151515151515, 0.232323232323, 1.18080663, 1.00000000, 1.00000000, 1.00000000
0.151515151515, 0.242424242424, 1.17582850, 1.00000000, 1.00000000, 1.00000000
0.151515151515, 0.252525252525, 1.17014201, 1.00000000, 1.00000000, 1.00000000
0.151515151515, 0.262626262626, 1.16377023, 1.00000000, 1.00000000, 1.00000000
0.151515151515, 0.272727272727, 1.15673898, 1.00000000, 1.00000000, 1.00000000
0.151515151515, 0.282828282828, 1.14907677, 1.00000000, 1.00000000, 1.00000000
0.151515151515, 0.292929292929, 1.14081463, 1.00000000, 1.00000000, 1.00000000
0.151515151515, 0.303030303030, 1.13198605, 1.00000000, 1.00000000, 1.00000000
0.151515151515, 0.313131313131, 1.12262677, 1.00000000, 1.00000000, 1.00000000
0.151515151515, 0.323232323232, 1.11277471, 1.00000000, 1.00000000, 1.00000000
0.151515151515, 0.333333333333, 1.10246973, 1.00000000, 1.00000000, 1.00000000
0.151515151515, 0.343434343434, 1.09175355, 1.00000000, 1.00000000, 1.00000000
0.151515151515, 0.353535353535, 1.08066952, 1.00000000, 1.00000000, 1.00000000
0.151515151515, 0.363636363636, 1.06926246, 1.00000000, 1.00000000, 1.00000000
0.151515151515, 0.373737373737, 1.05757849, 1.00000000, 1.00000000, 1.00000000
0.151515151515, 0.383838383838, 1.04566483, 1.00000000, 1.00000000, 1.00000000
0.151515151515, 0.393939393939, 1.03356960, 1.00000000, 1.00000000, 1.00000000
0.151515151515, 0.404040404040, 1.02134163, 1.00000000, 1.00000000, 1.00000000
0.151515151515, 0.414141414141, 1.00903026, 1.00000000, 1.00000000, 1.00000000
0.151515151515, 0.424242424242, 0.99668515, 1.00000000, 1.00000000, 1.00000000
0.151515151515, 0.434343434343, 0.98435606, 1.00000000, 1.00000000, 1.00000000
0.151515151515, 0.444444444444, 0.97209265, 1.00000000, 1.00000000, 1.00000000
0.151515151515, 0.454545454545, 0.95994428, 1.00000000, 1.00000000, 1.00000000
0.151515151515, 0.464646464646, 0.94795983, 1.00000000, 1.00000000, 1.00000000
0.151515151515, 0.474747474747, 0.93618746, 1.00000000, 1.00000000, 1.00000000
0.151515151515, 0.484848484848, 0.92467447, 1.00000000, 1.00000000, 1.00000000
0.151515151515, 0.494949494949, 0.91346706, 1.00000000, 1.00000000, 1.00000000
0.151515151515, 0.505050505051, 0.90261017, 1.00000000, 1.00000000, 1.00000000
0.151515151515, 0.515151515152, 0.89214731, 1.00000000, 1.00000000, 1.00000000
0.151515151515, 0.525252525253, 0.88212036, 1.00000000, 1.00000000, 1.00000000
0.151515151515, 0.535353535354, 0.87256942, 1.00000000, 1.00000000, 1.00000000
0.151515151515, 0.545454545455, 0.86353268, 1.00000000, 1.00000000, 1.00000000
0.151515151515, 0.555555555556, 0.85504622, 1.00000000, 1.00000000, 1.00000000
0.151515151515, 0.565656565657, 0.84714390, 1.00000000, 1.00000000, 1.00000000
0.151515151515, 0.575757575758, 0.83985723, 1.00000000, 1.00000000, 1.00000000
0.151515151515, 0.585858585859, 0.83321526, 1.00000000, 1.00000000, 1.00000000
0.151515151515, 0.595959595960, 0.82724443, 1.00000000, 1.00000000, 1.00000000
0.151515151515, 0.606060606061, 0.82196852, 1.00000000, 1.00000000, 1.00000000
0.151515151515, 0.616161616162, 0.81740854, 1.00000000, 1.00000000, 1.00000000
0.151515151515, 0.626262626263, 0.81358264, 1.00000000, 1.00000000, 1.00000000
0.151515151515, 0.636363636364, 0.81050609, 1.00000000, 1.00000000, 1.00000000
0.151515151515, 0.646464646465, 0.80819116, 1.00000000, 1.00000000, 1.00000000
0.151515151515, 0.656565656566, 0.80664714, 1.00000000, 1.00000000, 1.00000000
0.151515151515, 0.666666666667, 0.80588029, 1.00000000, 1.00000000, 1.00000000
0.151515151515, 0.676767676768, 0.80589373, 1.00000000, 1.00000000, 1.00000000
0.151515151515, 0.686868686869, 0.80668734, 1.00000000, 1.00000000, 1.00000000
0.151515151515, 0.696969696970, 0.80825790, 1.00000000, 1.00000000, 1.00000000
0.151515151515, 0.707070707071, 0.81059914, 1.00000000, 1.00000000, 1.00000000
0.151515151515, 0.717171717172, 0.81370174, 1.00000000, 1.00000000, 1.00000000
0.151515151515, 0.727272727273, 0.81755337, 1.00000000, 1.00000000, 1.00000000
0.151515151515, 0.737373737374, 0.82213875, 1.00000000, 1.00000000, 1.00000000
0.151515151515, 0.747474747475, 0.82743964, 1.00000000, 1.00000000, 1.00000000
0.151515151515, 0.757575757576, 0.83343498, 1.00000000, 1.00000000, 1.00000000
0.151515151515, 0.767676767677, 0.84010092, 1.00000000, 1.00000000, 1.00000000
0.151515151515, 0.777777777778, 0.84741092, 1.00000000, 1.00000000, 1.00000000
0.151515151515, 0.787878787879, 0.85533587, 1.00000000, 1.00000000, 1.00000000
0.151515151515, 0.797979797980, 0.86384415, 1.00000000, 1.00000000, 1.00000000
0.151515151515, 0.808080808081, 0.87290180, 1.00000000, 1.00000000, 1.00000000
0.151515151515, 0.818181818182, 0.88247263, 1.00000000, 1.00000000, 1.00000000
0.151515151515, 0.828282828283, 0.89251837, 1.00000000, 1.00000000, 1.00000000
0.151515151515, 0.838383838384, 0.90299880, 1.00000000, 1.00000000, 1.00000000
0.151515151515, 0.848484848485, 0.91387193, 1.00000000, 1.00000000, 1.00000000
0.151515151515, 0.858585858586, 0.92509415, 1.00000000, 1.00000000, 1.00000000
0.151515151515, 0.868686868687, 0.93662043, 1.00000000, 1.00000000, 1.00000000
0.151515151515, 0.878787878788, 0.94840447, 1.00000000, 1.00000000, 1.00000000
0.151515151515, 0.888888888889, 0.96039889, 1.00000000, 1.00000000, 1.00000000
0.151515151515, 0.898989898990, 0.97255544, 1.00000000, 1.00000000, 1.00000000
0.151515151515, 0.909090909091, 0.98482518, 1.00000000, 1.00000000, 1.00000000
0.151515151515, 0.919191919192, 0.99715866, 1.00000000, 1.00000000, 1.00000000
0.151515151515, 0.929292929293, 1.00950610, 1.00000000, 1.00000000, 1.00000000
0.151515151515, 0.939393939394, 1.02181739, 1.00000000, 1.00000000, 1.00000000
0.151515151515, 0.949494949495, 1.03404174, 1.00000000, 1.00000000, 1.00000000
0.151515151515, 0.959595959596, 1.04612614, 1.00000000, 1.00000000, 1.00000000
0.161616161616, -0.000000000000, 1.11220352, 1.00000000, 1.00000000, 1.00000000
0.161616161616, 0.010101010101, 1.12130319, 1.00000000, 1.00000000, 1.00000000
0.161616161616, 0.020202020202, 1.12968857, 1.00000000, 1.00000000, 1.00000000
0.161616161616, 0.030303030303, 1.13744464, 1.00000000, 1.00000000, 1.00000000
0.161616161616, 0.040404040404, 1.14471982, 1.00000000, 1.00000000, 1.00000000
0.161616161616, 0.050505050505, 1.15165646, 1.00000000, 1.00000000, 1.00000000
0.161616161616, 0.060606060606, 1.15832465, 1.00000000, 1.00000000, 1.00000000
0.161616161616, 0.070707070707, 1.16469930, 1.00000000, 1.00000000, 1.00000000
0.161616161616, 0.080808080808, 1.17068569, 1.00000000, 1.00000000, 1.00000000
0.161616161616, 0.090909090909, 1.17616635, 1.00000000, 1.00000000, 1.00000000
0.161616161616, 0.101010101010, 1.18103849, 1.00000000, 1.00000000, 1.00000000
0.161616161616, 0.111111111111, 1.18522904, 1.00000000, 1.00000000, 1.00000000
0.161616161616, 0.121212121212, 1.18869245, 1.00000000, 1.00000000, 1.00000000
0.161616161616, 0.131313131313, 1.19140196, 1.00000000, 1.00000000, 1.00000000
0.161616161616, 0.141414141414, 1.19334180, 1.00000000, 1.00000000, 1.00000000
0.161616161616, 0.151515151515, 1.19450257, 1.00000000, 1.00000000, 1.00000000
0.161616161616, 0.161616161616, 1.19487910, 1.00000000, 1.00000000, 1.00000000
0.161616161616, 0.171717171717, 1.19446980, 1.00000000, 1.00000000, 1.00000000
0.161616161616, 0.181818181818, 1.19327640, 1.00000000, 1.00000000, 1.00000000
0.161616161616, 0.191919191919, 1.19130379, 1.00000000, 1.00000000, 1.00000000
0.161616161616, 0.202020202020, 1.18856001, 1.00000000, 1.00000000, 1.00000000
0.161616161616, 0.212121212121, 1.18505621, 1.00000000, 1.00000000, 1.00000000
0.161616161616, 0.222222222222, 1.18080662, 1.00000000, 1.00000000, 1.00000000
0.161616161616, 0.232323232323, 1.17582849, 1.00000000, 1.00000000, 1.00000000
0.161616161616, 0.242424242424, 1.17014201, 1.00000000, 1.00000000, 1.00000000
0.161616161616, 0.252525252525, 1.16377023, 1.00000000, 1.00000000, 1.00000000
0.161616161616, 0.262626262626, 1.15673898, 1.00000000, 1.00000000, 1.00000000
0.161616161616, 0.272727272727, 1.14907677, 1.00000000, 1.00000000, 1.00000000
0.161616161616, 0.282828282828, 1.14081464, 1.00000000, 1.00000000, 1.00000000
0.161616161616, 0.292929292929, 1.13198606, 1.00000000, 1.00000000, 1.00000000
0.161616161616, 0.303030303030, 1.12262678, 1.00000000, 1.00000000, 1.00000000
0.161616161616, 0.313131313131, 1.11277472, 1.00000000, 1.00000000, 1.00000000
0.161616161616, 0.323232323232, 1.10246975, 1.00000000, 1.00000000, 1.00000000
0.161616161616, 0.333333333333, 1.09175357, 1.00000000, 1.00000000, 1.00000000
0.161616161616, 0.343434343434, 1.08066954, 1.00000000, 1.00000000, 1.00000000
0.161616161616, 0.353535353535, 1.06926248, 1.00000000, 1.00000000, 1.00000000
0.161616161616, 0.363636363636, 1.05757852, 1.00000000, 1.00000000, 1.00000000
0.161616161616, 0.373737373737, 1.04566486, 1.00000000, 1.00000000, 1.00000000
0.161616161616, 0.383838383838, 1.03356963, 1.00000000, 1.00000000, 1.00000000
0.161616161616, 0.393939393939, 1.02134166, 1.00000000, 1.00000000, 1.00000000
0.161616161616, 0.404040404040, 1.00903030, 1.00000000, 1.00000000, 1.00000000
0.161616161616, 0.414141414141, 0.99668519, 1.00000000, 1.00000000, 1.00000000
0.161616161616, 0.424242424242, 0.98435610, 1.00000000, 1.00000000, 1.00000000
0.161616161616, 0.434343434343, 0.97209269, 1.00000000, 1.00000000, 1.00000000
0.161616161616, 0.444444444444, 0.95994433, 1.00000000, 1.00000000, 1.00000000
0.161616161616, 0.454545454545, 0.94795988, 1.00000000, 1.00000000, 1.00000000
0.161616161616, 0.464646464646, 0.93618752, 1.00000000, 1.00000000, 1.00000000
0.161616161616, 0.474747474747, 0.92467453, 1.00000000, 1.00000000, 1.00000000
0.161616161616, 0.484848484848, 0.91346712, 1.00000000, 1.00000000, 1.00000000
0.161616161616, 0.494949494949, 0.90261023, 1.00000000, 1.00000000, 1.00000000
0.161616161616, 0.505050505051, 0.89214737, 1.00000000, 1.00000000, 1.00000000
0.161616161616, 0.515151515152, 0.88212042, 1.00000000, 1.00000000, 1.00000000
0.161616161616, 0.525252525253, 0.87256949, 1.00000000, 1.00000000, 1.00000000
0.161616161616, 0.535353535354, 0.86353275, 1.00000000, 1.00000000, 1.00000000
0.161616161616, 0.545454545455, 0.85504628, 1.00000000, 1.00000000, 1.00000000
0.161616161616, 0.555555555556, 0.84714396, 1.00000000, 1.00000000, 1.00000000
0.161616161616, 0.565656565657, 0.83985730, 1.00000000, 1.00000000, 1.00000000
0.161616161616, 0.575757575758, 0.83321532, 1.00000000, 1.00000000, 1.00000000
0.161616161616, 0.585858585859, 0.82724450, 1.00000000, 1.00000000, 1.00000000
0.161616161616, 0.595959595960, 0.82196859, 1.00000000, 1.00000000, 1.00000000
0.161616161616, 0.606060606061, 0.81740860, 1.00000000, 1.00000000, 1.00000000
0.161616161616, 0.616161616162, 0.81358271, 1.00000000, 1.00000000, 1.00000000
0.161616161616, 0.626262626263, 0.81050615, 1.00000000, 1.00000000, 1.00000000
0.161616161616, 0.636363636364, 0.80819121, 1.00000000, 1.00000000, 1.00000000
0.161616161616, 0.646464646465, 0.80664720, 1.00000000, 1.00000000, 1.00000000
0.161616161616, 0.656565656566, 0.80588034, 1.00000000, 1.00000000, 1.00000000
0.161616161616, 0.666666666667, 0.80589378, 1.00000000, 1.00000000, 1.00000000
0.161616161616, 0.676767676768, 0.80668738, 1.00000000, 1.00000000, 1.00000000
0.161616161616, 0.686868686869, 0.80825794, 1.00000000, 1.00000000, 1.00000000
0.161616161616, 0.696969696970, 0.81059917, 1.00000000, 1.00000000, 1.00000000
0.161616161616, 0.707070707071, 0.81370177, 1.00000000, 1.00000000, 1.00000000
0.161616161616, 0.717171717172, 0.81755340, 1.00000000, 1.00000000, 1.00000000
0.161616161616, 0.727272727273, 0.82213876, 1.00000000, 1.00000000, 1.00000000
0.161616161616, 0.737373737374, 0.82743965, 1.00000000, 1.00000000, 1.00000000
0.161616161616, 0.747474747475, 0.83343498, 1.00000000, 1.00000000, 1.00000000
0.161616161616, 0.757575757576, 0.84010092, 1.00000000, 1.00000000, 1.00000000
0.161616161616, 0.767676767677, 0.84741092, 1.00000000, 1.00000000, 1.00000000
0.161616161616, 0.777777777778, 0.85533586, 1.00000000, 1.00000000, 1.00000000
0.161616161616, 0.787878787879, 0.86384413, 1.00000000, 1.00000000, 1.00000000
0.161616161616, 0.797979797980, 0.87290178, 1.00000000, 1.00000000, 1.00000000
0.161616161616, 0.808080808081, 0.88247261, 1.00000000, 1.00000000, 1.00000000
0.161616161616, 0.818181818182, 0.89251834, 1.00000000, 1.00000000, 1.00000000
0.161616161616, 0.828282828283, 0.90299877, 1.00000000, 1.00000000, 1.00000000
0.161616161616, 0.838383838384, 0.91387189, 1.00000000, 1.00000000, 1.00000000
0.161616161616, 0.848484848485, 0.92509412, 1.00000000, 1.00000000, 1.00000000
0.161616161616, 0.858585858586, 0.93662040, 1.00000000, 1.00000000, 1.00000000
0.161616161616, 0.868686868687, 0.94840443, 1.00000000, 1.00000000, 1.00000000
0.161616161616, 0.878787878788, 0.96039885, 1.00000000, 1.00000000, 1.00000000
0.161616161616, 0.888888888889, 0.97255540, 1.00000000, 1.00000000, 1.00000000
0.161616161616, 0.898989898990, 0.98482514, 1.00000000, 1.00000000, 1.00000000
0.161616161616, 0.909090909091, 0.99715863, 1.00000000, 1.00000000, 1.00000000
0.161616161616, 0.919191919192, 1.00950616, 1.00000000, 1.00000000, 1.00000000
0.161616161616, 0.929292929293, 1.02181785, 1.00000000, 1.00000000, 1.00000000
0.161616161616, 0.939393939394, 1.03404374, 1.00000000, 1.00000000, 1.00000000
0.161616161616, 0.949494949495, 1.04613345, 1.00000000, 1.00000000, 1.00000000
0.161616161616, 0.959595959596, 1.05803476, 1.00000000, 1.00000000, 1.00000000
0.171717171717, -0.000000000000, 1.12211358, 1.00000000, 1.00000000, 1.00000000
0.171717171717, 0.010101010101, 1.13077674, 1.00000000, 1.00000000, 1.00000000
0.171717171717, 0.020202020202, 1.13870905, 1.00000000, 1.00000000, 1.00000000
0.171717171717, 0.030303030303, 1.14599228, 1.00000000, 1.00000000, 1.00000000
0.171717171717, 0.040404040404, 1.15276687, 1.00000000, 1.00000000, 1.00000000
0.171717171717, 0.050505050505, 1.15916595, 1.00000000, 1.00000000, 1.00000000
0.171717171717, 0.060606060606, 1.16525334, 1.00000000, 1.00000000, 1.00000000
0.171717171717, 0.070707070707, 1.17100311, 1.00000000, 1.00000000, 1.00000000
0.171717171717, 0.080808080808, 1.17632462, 1.00000000, 1.00000000, 1.00000000
0.171717171717, 0.090909090909, 1.18110716, 1.00000000, 1.00000000, 1.00000000
0.171717171717, 0.101010101010, 1.18525495, 1.00000000, 1.00000000, 1.00000000
0.171717171717, 0.111111111111, 1.18870093, 1.00000000, 1.00000000, 1.00000000
0.171717171717, 0.121212121212, 1.19140436, 1.00000000, 1.00000000, 1.00000000
0.171717171717, 0.131313131313, 1.19334239, 1.00000000, 1.00000000, 1.00000000
0.171717171717, 0.141414141414, 1.19450269, 1.00000000, 1.00000000, 1.00000000
0.171717171717, 0.151515151515, 1.19487912, 1.00000000, 1.00000000, 1.00000000
0.171717171717, 0.161616161616, 1.19446980, 1.00000000, 1.00000000, 1.00000000
0.171717171717, 0.171717171717, 1.19327640, 1.00000000, 1.00000000, 1.00000000
0.171717171717, 0.181818181818, 1.19130379, 1.00000000, 1.00000000, 1.00000000
0.171717171717, 0.191919191919, 1.18856001, 1.00000000, 1.00000000, 1.00000000
0.171717171717, 0.202020202020, 1.18505621, 1.00000000, 1.00000000, 1.00000000
0.171717171717, 0.212121212121, 1.18080662, 1.00000000, 1.00000000, 1.00000000
0.171717171717, 0.222222222222, 1.17582849, 1.00000000, 1.00000000, 1.00000000
0.171717171717, 0.232323232323, 1.17014201, 1.00000000, 1.00000000, 1.00000000
0.171717171717, 0.242424242424, 1.16377023, 1.00000000, 1.00000000, 1.00000000
0.171717171717, 0.252525252525, 1.15673898, 1.00000000, 1.00000000, 1.00000000
0.171717171717, 0.262626262626, 1.14907677, 1.00000000, 1.00000000, 1.00000000
0.171717171717, 0.272727272727, 1.14081464, 1.00000000, 1.00000000, 1.00000000
0.171717171717, 0.282828282828, 1.13198606, 1.00000000, 1.00000000, 1.00000000
0.171717171717, 0.292929292929, 1.12262679, 1.00000000, 1.00000000, 1.00000000
0.171717171717, 0.303030303030, 1.11277472, 1.00000000, 1.00000000, 1.00000000
0.171717171717, 0.313131313131, 1.10246975, 1.00000000, 1.00000000, 1.00000000
0.171717171717, 0.323232323232, 1.09175357, 1.00000000, 1.00000000, 1.00000000
0.171717171717, 0.333333333333, 1.08066954, 1.00000000, 1.00000000, 1.00000000
0.171717171717, 0.343434343434, 1.06926249, 1.00000000, 1.00000000, 1.00000000
0.171717171717, 0.353535353535, 1.05757852, 1.00000000, 1.00000000, 1.00000000
0.171717171717, 0.363636363636, 1.04566487, 1.00000000, 1.00000000, 1.00000000
0.171717171717, 0.373737373737, 1.03356964, 1.00000000, 1.00000000, 1.00000000
0.171717171717, 0.383838383838, 1.02134167, 1.00000000, 1.00000000, 1.00000000
0.171717171717, 0.393939393939, 1.00903030, 1.00000000, 1.00000000, 1.00000000
0.171717171717, 0.404040404040, 0.99668520, 1.00000000, 1.00000000, 1.00000000
0.171717171717, 0.414141414141, 0.98435611, 1.00000000, 1.00000000, 1.00000000
0.171717171717, 0.424242424242, 0.97209270, 1.00000000, 1.00000000, 1.00000000
0.171717171717, 0.434343434343, 0.95994434, 1.00000000, 1.00000000, 1.00000000
0.171717171717, 0.444444444444, 0.94795989, 1.00000000, 1.00000000, 1.00000000
0.171717171717, 0.454545454545, 0.93618753, 1.00000000, 1.00000000, 1.00000000
0.171717171717, 0.464646464646, 0.92467454, 1.00000000, 1.00000000, 1.00000000
0.171717171717, 0.474747474747, 0.91346713, 1.00000000, 1.00000000, 1.00000000
0.171717171717, 0.484848484848, 0.90261024, 1.00000000, 1.00000000, 1.00000000
0.171717171717, 0.494949494949, 0.89214738, 1.00000000, 1.00000000, 1.00000000
0.171717171717, 0.505050505051, 0.88212043, 1.00000000, 1.00000000, 1.00000000
0.171717171717, 0.515151515152, 0.87256950, 1.00000000, 1.00000000, 1.00000000
0.171717171717, 0.525252525253, 0.86353276, 1.00000000, 1.00000000, 1.00000000
0.171717171717, 0.535353535354, 0.85504629, 1.00000000, 1.00000000, 1.00000000
0.171717171717, 0.545454545455, 0.84714398, 1.00000000, 1.00000000, 1.00000000
0.171717171717, 0.555555555556, 0.83985731, 1.00000000, 1.00000000, 1.00000000
0.171717171717, 0.565656565657, 0.83321534, 1.00000000, 1.00000000, 1.00000000
0.171717171717, 0.575757575758, 0.82724451, 1.00000000, 1.00000000, 1.00000000
0.171717171717, 0.585858585859, 0.82196860, 1.00000000, 1.00000000, 1.00000000
0.171717171717, 0.595959595960, 0.81740861, 1.00000000, 1.00000000, 1.00000000
0.171717171717, 0.606060606061, 0.81358272, 1.00000000, 1.00000000, 1.00000000
0.171717171717, 0.616161616162, 0.81050616, 1.00000000, 1.00000000, 1.00000000
0.171717171717, 0.626262626263, 0.80819122, 1.00000000, 1.00000000, 1.00000000
0.171717171717, 0.636363636364, 0.80664721, 1.00000000, 1.00000000, 1.00000000
0.171717171717, 0.646464646465, 0.80588035, 1.00000000, 1.00000000, 1.00000000
0.171717171717, 0.656565656566, 0.80589379, 1.00000000, 1.00000000, 1.00000000
0.171717171717, 0.666666666667, 0.80668739, 1.00000000, 1.00000000, 1.00000000
0.171717171717, 0.676767676768, 0.80825794, 1.00000000, 1.00000000, 1.00000000
0.171717171717, 0.686868686869, 0.81059918, 1.00000000, 1.00000000, 1.00000000
0.171717171717, 0.696969696970, 0.81370177, 1.00000000, 1.00000000, 1.00000000
0.171717171717, 0.707070707071, 0.81755340, 1.00000000, 1.00000000, 1.00000000
0.171717171717, 0.717171717172, 0.82213877, 1.00000000, 1.00000000, 1.00000000
0.171717171717, 0.727272727273, 0.82743965, 1.00000000, 1.00000000, 1.00000000
0.171717171717, 0.737373737374, 0.83343499, 1.00000000, 1.00000000, 1.00000000
0.171717171717, 0.747474747475, 0.84010092, 1.00000000, 1.00000000, 1.00000000
0.171717171717, 0.757575757576, 0.84741092, 1.00000000, 1.00000000, 1.00000000
0.171717171717, 0.767676767677, 0.85533586, 1.00000000, 1.00000000, 1.00000000
0.171717171717, 0.777777777778, 0.86384413, 1.00000000, 1.00000000, 1.00000000
0.171717171717, 0.787878787879, 0.87290178, 1.00000000, 1.00000000, 1.00000000
0.171717171717, 0.797979797980, 0.88247261, 1.00000000, 1.00000000, 1.00000000
0.171717171717, 0.808080808081, 0.89251834, 1.00000000, 1.00000000, 1.00000000
0.171717171717, 0.818181818182, 0.90299876, 1.00000000, 1.00000000, 1.00000000
0.171717171717, 0.828282828283, 0.91387189, 1.00000000, 1.00000000, 1.00000000
0.171717171717, 0.838383838384, 0.92509411, 1.00000000, 1.00000000, 1.00000000
0.171717171717, 0.848484848485, 0.93662039, 1.00000000, 1.00000000, 1.00000000
0.171717171717, 0.858585858586, 0.94840443, 1.00000000, 1.00000000, 1.00000000
0.171717171717, 0.868686868687, 0.96039885, 1.00000000, 1.00000000, 1.00000000
0.171717171717, 0.878787878788, 0.97255539, 1.00000000, 1.00000000, 1.00000000
0.171717171717, 0.888888888889, 0.98482513, 1.00000000, 1.00000000, 1.00000000
0.171717171717, 0.898989898990, 0.99715863, 1.00000000, 1.00000000, 1.00000000
0.171717171717, 0.909090909091, 1.00950617, 1.00000000, 1.00000000, 1.00000000
0.171717171717, 0.919191919192, 1.02181793, 1.00000000, 1.00000000, 1.00000000
0.171717171717, 0.929292929293, 1.03404419, 1.00000000, 1.00000000, 1.00000000
0.171717171717, 0.939393939394, 1.04613533, 1.00000000, 1.00000000, 1.00000000
0.171717171717, 0.949494949495, 1.05804156, 1.00000000, 1.00000000, 1.00000000
0.171717171717, 0.959595959596, 1.06971168, 1.00000000, 1.00000000, 1.00000000
0.181818181818, -0.000000000000, 1.13153220, 1.00000000, 1.00000000, 1.00000000
0.181818181818, 0.010101010101, 1.13972381, 1.00000000, 1.00000000, 1.00000000
0.181818181818, 0.020202020202, 1.14717110, 1.00000000, 1.00000000, 1.00000000
0.181818181818, 0.030303030303, 1.15395228, 1.00000000, 1.00000000, 1.00000000
0.181818181818, 0.040404040404, 1.16019912, 1.00000000, 1.00000000, 1.00000000
0.181818181818, 0.050505050505, 1.16603485, 1.00000000, 1.00000000, 1.00000000
0.181818181818, 0.060606060606, 1.17151679, 1.00000000, 1.00000000, 1.00000000
0.181818181818, 0.070707070707, 1.17661829, 1.00000000, 1.00000000, 1.00000000
0.181818181818, 0.080808080808, 1.18125325, 1.00000000, 1.00000000, 1.00000000
0.181818181818, 0.090909090909, 1.18531818, 1.00000000, 1.00000000, 1.00000000
0.181818181818, 0.101010101010, 1.18872473, 1.00000000, 1.00000000, 1.00000000
0.181818181818, 0.111111111111, 1.19141213, 1.00000000, 1.00000000, 1.00000000
0.181818181818, 0.121212121212, 1.19334459, 1.00000000, 1.00000000, 1.00000000
0.181818181818, 0.131313131313, 1.19450323, 1.00000000, 1.00000000, 1.00000000
0.181818181818, 0.141414141414, 1.19487923, 1.00000000, 1.00000000, 1.00000000
0.181818181818, 0.151515151515, 1.19446982, 1.00000000, 1.00000000, 1.00000000
0.181818181818, 0.161616161616, 1.19327640, 1.00000000, 1.00000000, 1.00000000
0.181818181818, 0.171717171717, 1.19130379, 1.00000000, 1.00000000, 1.00000000
0.181818181818, 0.181818181818, 1.18856001, 1.00000000, 1.00000000, 1.00000000
0.181818181818, 0.191919191919, 1.18505621, 1.00000000, 1.00000000, 1.00000000
0.181818181818, 0.202020202020, 1.18080662, 1.00000000, 1.00000000, 1.00000000
0.181818181818, 0.212121212121, 1.17582849, 1.00000000, 1.00000000, 1.00000000
0.181818181818, 0.222222222222, 1.17014201, 1.00000000, 1.00000000, 1.00000000
0.181818181818, 0.232323232323, 1.16377023, 1.00000000, 1.00000000, 1.00000000
0.181818181818, 0.242424242424, 1.15673898, 1.00000000, 1.00000000, 1.00000000
0.181818181818, 0.252525252525, 1.14907677, 1.00000000, 1.00000000, 1.00000000
0.181818181818, 0.262626262626, 1.14081464, 1.00000000, 1.00000000, 1.00000000
0.181818181818, 0.272727272727, 1.13198606, 1.00000000, 1.00000000, 1.00000000
0.181818181818, 0.282828282828, 1.12262679, 1.00000000, 1.00000000, 1.00000000
0.181818181818, 0.292929292929, 1.11277472, 1.00000000, 1.00000000, 1.00000000
0.181818181818, 0.303030303030, 1.10246975, 1.00000000, 1.00000000, 1.00000000
0.181818181818, 0.313131313131, 1.09175357, 1.00000000, 1.00000000, 1.00000000
0.181818181818, 0.323232323232, 1.08066954, 1.00000000, 1.00000000, 1.00000000
0.181818181818, 0.333333333333, 1.06926249, 1.00000000, 1.00000000, 1.00000000
0.181818181818, 0.343434343434, 1.05757852, 1.00000000, 1.00000000, 1.00000000
0.181818181818, 0.353535353535, 1.04566487, 1.00000000, 1.00000000, 1.00000000
0.181818181818, 0.363636363636, 1.03356964, 1.00000000, 1.00000000, 1.00000000
0.181818181818, 0.373737373737, 1.02134167, 1.00000000, 1.00000000, 1.00000000
0.181818181818, 0.383838383838, 1.00903030, 1.00000000, 1.00000000, 1.00000000
0.181818181818, 0.393939393939, 0.99668520, 1.00000000, 1.00000000, 1.00000000
0.181818181818, 0.404040404040, 0.98435611, 1.00000000, 1.00000000, 1.00000000
0.181818181818, 0.414141414141, 0.97209270, 1.00000000, 1.00000000, 1.00000000
0.181818181818, 0.424242424242, 0.95994434, 1.00000000, 1.00000000, 1.00000000
0.181818181818, 0.434343434343, 0.94795989, 1.00000000, 1.00000000, 1.00000000
0.181818181818, 0.444444444444, 0.93618753, 1.00000000, 1.00000000, 1.00000000
0.181818181818, 0.454545454545, 0.92467454, 1.00000000, 1.00000000, 1.00000000
0.181818181818, 0.464646464646, 0.91346713, 1.00000000, 1.00000000, 1.00000000
0.181818181818, 0.474747474747, 0.90261024, 1.00000000, 1.00000000, 1.00000000
0.181818181818, 0.484848484848, 0.89214738, 1.00000000, 1.00000000, 1.00000000
0.181818181818, 0.494949494949, 0.88212043, 1.00000000, 1.00000000, 1.00000000
0.181818181818, 0.505050505051, 0.87256950, 1.00000000, 1.00000000, 1.00000000
0.181818181818, 0.515151515152, 0.86353276, 1.00000000, 1.00000000, 1.00000000
0.181818181818, 0.525252525253, 0.85504630, 1.00000000, 1.00000000, 1.00000000
0.181818181818, 0.535353535354, 0.84714398, 1.00000000, 1.00000000, 1.00000000
0.181818181818, 0.545454545455, 0.83985731, 1.00000000, 1.00000000, 1.00000000
0.181818181818, 0.555555555556, 0.83321534, 1.00000000, 1.00000000, 1.00000000
0.181818181818, 0.565656565657, 0.82724451, 1.00000000, 1.00000000, 1.00000000
0.181818181818, 0.575757575758, 0.82196860, 1.00000000, 1.00000000, 1.00000000
0.181818181818, 0.585858585859, 0.81740862, 1.00000000, 1.00000000, 1.00000000
0.181818181818, 0.595959595960, 0.81358272, 1.00000000, 1.00000000, 1.00000000
0.181818181818, 0.606060606061, 0.81050616, 1.00000000, 1.00000000, 1.00000000
0.181818181818, 0.616161616162, 0.80819123, 1.00000000, 1.00000000, 1.00000000
0.181818181818, 0.626262626263, 0.80664721, 1.00000000, 1.00000000, 1.00000000
0.181818181818, 0.636363636364, 0.80588035, 1.00000000, 1.00000000, 1.00000000
0.181818181818, 0.646464646465, 0.80589379, 1.00000000, 1.00000000, 1.00000000
0.181818181818, 0.656565656566, 0.80668739, 1.00000000, 1.00000000, 1.00000000
0.181818181818, 0.666666666667, 0.80825794, 1.00000000, 1.00000000, 1.00000000
0.181818181818, 0.676767676768, 0.81059918, 1.00000000, 1.00000000, 1.00000000
0.181818181818, 0.686868686869, 0.81370177, 1.00000000, 1.00000000, 1.00000000
0.181818181818, 0.696969696970, 0.81755340, 1.00000000, 1.00000000, 1.00000000
0.181818181818, 0.707070707071, 0.82213877, 1.00000000, 1.00000000, 1.00000000
0.181818181818, 0.717171717172, 0.82743965, 1.00000000, 1.00000000, 1.00000000
0.181818181818, 0.727272727273, 0.83343499, 1.00000000, 1.00000000, 1.00000000
0.181818181818, 0.737373737374, 0.84010092, 1.00000000, 1.00000000, 1.00000000
0.181818181818, 0.747474747475, 0.84741092, 1.00000000, 1.00000000, 1.00000000
0.181818181818, 0.757575757576, 0.85533586, 1.00000000, 1.00000000, 1.00000000
0.181818181818, 0.767676767677, 0.86384413, 1.00000000, 1.00000000, 1.00000000
0.181818181818, 0.777777777778, 0.87290178, 1.00000000, 1.00000000, 1.00000000
0.181818181818, 0.787878787879, 0.88247261, 1.00000000, 1.00000000, 1.00000000
0.181818181818, 0.797979797980, 0.89251834, 1.00000000, 1.00000000, 1.00000000
0.181818181818, 0.808080808081, 0.90299876, 1.00000000, 1.00000000, 1.00000000
0.181818181818, 0.818181818182, 0.91387189, 1.00000000, 1.00000000, 1.00000000
0.181818181818, 0.828282828283, 0.92509411, 1.00000000, 1.00000000, 1.00000000
0.181818181818, 0.838383838384, 0.93662039, 1.00000000, 1.00000000, 1.00000000
0.181818181818, 0.848484848485, 0.94840443, 1.00000000, 1.00000000, 1.00000000
0.181818181818, 0.858585858586, 0.96039884, 1.00000000, 1.00000000, 1.00000000
0.181818181818, 0.868686868687, 0.97255539, 1.00000000, 1.00000000, 1.00000000
0.181818181818, 0.878787878788, 0.98482513, 1.00000000, 1.00000000, 1.00000000
0.181818181818, 0.888888888889, 0.99715863, 1.00000000, 1.00000000, 1.00000000
0.181818181818, 0.898989898990, 1.00950617, 1.00000000, 1.00000000, 1.00000000
0.181818181818, 0.909090909091, 1.02181795, 1.00000000, 1.00000000, 1.00000000
0.181818181818, 0.919191919192, 1.03404428, 1.00000000, 1.00000000, 1.00000000
0.181818181818, 0.929292929293, 1.04613574, 1.00000000, 1.00000000, 1.00000000
0.181818181818, 0.939393939394, 1.05804328, 1.00000000, 1.00000000, 1.00000000
0.181818181818, 0.949494949495, 1.06971791, 1.00000000, 1.00000000, 1.00000000
0.181818181818, 0.959595959596, 1.08110964, 1.00000000, 1.00000000, 1.00000000
0.191919191919, -0.000000000000, 1.14042125, 1.00000000, 1.00000000, 1.00000000
0.191919191919, 0.010101010101, 1.14810817, 1.00000000, 1.00000000, 1.00000000
0.191919191919, 0.020202020202, 1.15504047, 1.00000000, 1.00000000, 1.00000000
0.191919191919, 0.030303030303, 1.16129240, 1.00000000, 1.00000000, 1.00000000
0.191919191919, 0.040404040404, 1.16698643, 1.00000000, 1.00000000, 1.00000000
0.191919191919, 0.050505050505, 1.17223532, 1.00000000, 1.00000000, 1.00000000
0.191919191919, 0.060606060606, 1.17708960, 1.00000000, 1.00000000, 1.00000000
0.191919191919, 0.070707070707, 1.18152206, 1.00000000, 1.00000000, 1.00000000
0.191919191919, 0.080808080808, 1.18545157, 1.00000000, 1.00000000, 1.00000000
0.191919191919, 0.090909090909, 1.18878231, 1.00000000, 1.00000000, 1.00000000
0.191919191919, 0.101010101010, 1.19143375, 1.00000000, 1.00000000, 1.00000000
0.191919191919, 0.111111111111, 1.19335162, 1.00000000, 1.00000000, 1.00000000
0.191919191919, 0.121212121212, 1.19450521, 1.00000000, 1.00000000, 1.00000000
0.191919191919, 0.131313131313, 1.19487971, 1.00000000, 1.00000000, 1.00000000
0.191919191919, 0.141414141414, 1.19446992, 1.00000000, 1.00000000, 1.00000000
0.191919191919, 0.151515151515, 1.19327642, 1.00000000, 1.00000000, 1.00000000
0.191919191919, 0.161616161616, 1.19130379, 1.00000000, 1.00000000, 1.00000000
0.191919191919, 0.171717171717, 1.18856001, 1.00000000, 1.00000000, 1.00000000
0.191919191919, 0.181818181818, 1.18505621, 1.00000000, 1.00000000, 1.00000000
0.191919191919, 0.191919191919, 1.18080662, 1.00000000, 1.00000000, 1.00000000
0.191919191919, 0.202020202020, 1.17582849, 1.00000000, 1.00000000, 1.00000000
0.191919191919, 0.212121212121, 1.17014201, 1.00000000, 1.00000000, 1.00000000
0.191919191919, 0.222222222222, 1.16377023, 1.00000000, 1.00000000, 1.00000000
0.191919191919, 0.232323232323, 1.15673898, 1.00000000, 1.00000000, 1.00000000
0.191919191919, 0.242424242424, 1.14907677, 1.00000000, 1.00000000, 1.00000000
0.191919191919, 0.252525252525, 1.14081464, 1.00000000, 1.00000000, 1.00000000
0.191919191919, 0.262626262626, 1.13198606, 1.00000000, 1.00000000, 1.00000000
0.191919191919, 0.272727272727, 1.12262679, 1.00000000, 1.00000000, 1.00000000
0.191919191919, 0.282828282828, 1.11277472, 1.00000000, 1.00000000, 1.00000000
0.191919191919, 0.292929292929, 1.10246975, 1.00000000, 1.00000000, 1.00000000
0.191919191919, 0.303030303030, 1.09175357, 1.00000000, 1.00000000, 1.00000000
0.191919191919, 0.313131313131, 1.08066954, 1.00000000, 1.00000000, 1.00000000
0.191919191919, 0.323232323232, 1.06926249, 1.00000000, 1.00000000, 1.00000000
0.191919191919, 0.333333333333, 1.05757852, 1.00000000, 1.00000000, 1.00000000
0.191919191919, 0.343434343434, 1.04566487, 1.00000000, 1.00000000, 1.00000000
0.191919191919, 0.353535353535, 1.03356964, 1.00000000, 1.00000000, 1.00000000
0.191919191919, 0.363636363636, 1.02134167, 1.00000000, 1.00000000, 1.00000000
0.191919191919, 0.373737373737, 1.00903031, 1.00000000, 1.00000000, 1.00000000
0.191919191919, 0.383838383838, 0.99668520, 1.00000000, 1.00000000, 1.00000000
0.191919191919, 0.393939393939, 0.98435611, 1.00000000, 1.00000000, 1.00000000
0.191919191919, 0.404040404040, 0.97209270, 1.00000000, 1.00000000, 1.00000000
0.191919191919, 0.414141414141, 0.95994434, 1.00000000, 1.00000000, 1.00000000
0.191919191919, 0.424242424242, 0.94795989, 1.00000000, 1.00000000, 1.00000000
0.191919191919, 0.434343434343, 0.93618753, 1.00000000, 1.00000000, 1.00000000
0.191919191919, 0.444444444444, 0.92467454, 1.00000000, 1.00000000, 1.00000000
0.191919191919, 0.454545454545, 0.91346713, 1.00000000, 1.00000000, 1.00000000
0.191919191919, 0.464646464646, 0.90261024, 1.00000000, 1.00000000, 1.00000000
0.191919191919, 0.474747474747, 0.89214738, 1.00000000, 1.00000000, 1.00000000
0.191919191919, 0.484848484848, 0.88212043, 1.00000000, 1.00000000, 1.00000000
0.191919191919, 0.494949494949, 0.87256950, 1.00000000, 1.00000000, 1.00000000
0.191919191919, 0.505050505051, 0.86353276, 1.00000000, 1.00000000, 1.00000000
0.191919191919, 0.515151515152, 0.85504630, 1.00000000, 1.00000000, 1.00000000
0.191919191919, 0.525252525253, 0.84714398, 1.00000000, 1.00000000, 1.00000000
0.191919191919, 0.535353535354, 0.83985731, 1.00000000, 1.00000000, 1.00000000
0.191919191919, 0.545454545455, 0.83321534, 1.00000000, 1.00000000, 1.00000000
0.191919191919, 0.555555555556, 0.82724451, 1.00000000, 1.00000000, 1.00000000
0.191919191919, 0.565656565657, 0.82196860, 1.00000000, 1.00000000, 1.00000000
0.191919191919, 0.575757575758, 0.81740862, 1.00000000, 1.00000000, 1.00000000
0.191919191919, 0.585858585859, 0.81358272, 1.00000000, 1.00000000, 1.00000000
0.191919191919, 0.595959595960, 0.81050616, 1.00000000, 1.00000000, 1.00000000
0.191919191919, 0.606060606061, 0.80819123, 1.00000000, 1.00000000, 1.00000000
0.191919191919, 0.616161616162, 0.80664721, 1.00000000, 1.00000000, 1.00000000
0.191919191919, 0.626262626263, 0.80588035, 1.00000000, 1.00000000, 1.00000000
0.191919191919, 0.636363636364, 0.80589379, 1.00000000, 1.00000000, 1.00000000
0.191919191919, 0.646464646465, 0.80668739, 1.00000000, 1.00000000, 1.00000000
0.191919191919, 0.656565656566, 0.80825794, 1.00000000, 1.00000000, 1.00000000
0.191919191919, 0.666666666667, 0.81059918, 1.00000000, 1.00000000, 1.00000000
0.191919191919, 0.676767676768, 0.81370177, 1.00000000, 1.00000000, 1.00000000
0.191919191919, 0.686868686869, 0.81755340, 1.00000000, 1.00000000, 1.00000000
0.191919191919, 0.696969696970, 0.82213877, 1.00000000, 1.00000000, 1.00000000
0.191919191919, 0.707070707071, 0.82743965, 1.00000000, 1.00000000, 1.00000000
0.191919191919, 0.717171717172, 0.83343499, 1.00000000, 1.00000000, 1.00000000
0.191919191919, 0.727272727273, 0.84010092, 1.00000000, 1.00000000, 1.00000000
0.191919191919, 0.737373737374, 0.84741092, 1.00000000, 1.00000000, 1.00000000
0.191919191919, 0.747474747475, 0.85533586, 1.00000000, 1.00000000, 1.00000000
0.191919191919, 0.757575757576, 0.86384413, 1.00000000, 1.00000000, 1.00000000
0.191919191919, 0.767676767677, 0.87290178, 1.00000000, 1.00000000, 1.00000000
0.191919191919, 0.777777777778, 0.88247261, 1.00000000, 1.00000000, 1.00000000
0.191919191919, 0.787878787879, 0.89251834, 1.00000000, 1.00000000, 1.00000000
0.191919191919, 0.797979797980, 0.90299876, 1.00000000, 1.00000000, 1.00000000
0.191919191919, 0.808080808081, 0.91387189, 1.00000000, 1.00000000, 1.00000000
0.191919191919, 0.818181818182, 0.92509411, 1.00000000, 1.00000000, 1.00000000
0.191919191919, 0.828282828283, 0.93662039, 1.00000000, 1.00000000, 1.00000000
0.191919191919, 0.838383838384, 0.94840443, 1.00000000, 1.00000000, 1.00000000
0.191919191919, 0.848484848485, 0.96039884, 1.00000000, 1.00000000, 1.00000000
0.191919191919, 0.858585858586, 0.97255539, 1.00000000, 1.00000000, 1.00000000
0.191919191919, 0.868686868687, 0.98482513, 1.00000000, 1.00000000, 1.00000000
0.191919191919, 0.878787878788, 0.99715863, 1.00000000, 1.00000000, 1.00000000
0.191919191919, 0.888888888889, 1.00950617, 1.00000000, 1.00000000, 1.00000000
0.191919191919, 0.898989898990, 1.02181795, 1.00000000, 1.00000000, 1.00000000
0.191919191919, 0.909090909091, 1.03404429, 1.00000000, 1.00000000, 1.00000000
0.191919191919, 0.919191919192, 1.04613582, 1.00000000, 1.00000000, 1.00000000
0.191919191919, 0.929292929293, 1.05804365, 1.00000000, 1.00000000, 1.00000000
0.191919191919, 0.939393939394, 1.06971947, 1.00000000, 1.00000000, 1.00000000
0.191919191919, 0.949494949495, 1.08111531, 1.00000000, 1.00000000, 1.00000000
0.191919191919, 0.959595959596, 1.09218256, 1.00000000, 1.00000000, 1.00000000
0.202020202020, -0.000000000000, 1.14874477, 1.00000000, 1.00000000, 1.00000000
0.202020202020, 0.010101010101, 1.15589591, 1.00000000, 1.00000000, 1.00000000
0.202020202020, 0.020202020202, 1.16228530, 1.00000000, 1.00000000, 1.00000000
0.202020202020, 0.030303030303, 1.16798292, 1.00000000, 1.00000000, 1.00000000
0.202020202020, 0.040404040404, 1.17310131, 1.00000000, 1.00000000, 1.00000000
0.202020202020, 0.050505050505, 1.17774222, 1.00000000, 1.00000000, 1.00000000
0.202020202020, 0.060606060606, 1.18194915, 1.00000000, 1.00000000, 1.00000000
0.202020202020, 0.070707070707, 1.18569453, 1.00000000, 1.00000000, 1.00000000
0.202020202020, 0.080808080808, 1.18890254, 1.00000000, 1.00000000, 1.00000000
0.202020202020, 0.090909090909, 1.19148549, 1.00000000, 1.00000000, 1.00000000
0.202020202020, 0.101010101010, 1.19337098, 1.00000000, 1.00000000, 1.00000000
0.202020202020, 0.111111111111, 1.19451150, 1.00000000, 1.00000000, 1.00000000
0.202020202020, 0.121212121212, 1.19488148, 1.00000000, 1.00000000, 1.00000000
0.202020202020, 0.131313131313, 1.19447035, 1.00000000, 1.00000000, 1.00000000
0.202020202020, 0.141414141414, 1.19327651, 1.00000000, 1.00000000, 1.00000000
0.202020202020, 0.151515151515, 1.19130381, 1.00000000, 1.00000000, 1.00000000
0.202020202020, 0.161616161616, 1.18856001, 1.00000000, 1.00000000, 1.00000000
0.202020202020, 0.171717171717, 1.18505621, 1.00000000, 1.00000000, 1.00000000
0.202020202020, 0.181818181818, 1.18080662, 1.00000000, 1.00000000, 1.00000000
0.202020202020, 0.191919191919, 1.17582849, 1.00000000, 1.00000000, 1.00000000
0.202020202020, 0.202020202020, 1.17014201, 1.00000000, 1.00000000, 1.00000000
0.202020202020, 0.212121212121, 1.16377023, 1.00000000, 1.00000000, 1.00000000
0.202020202020, 0.222222222222, 1.15673898, 1.00000000, 1.00000000, 1.00000000
0.202020202020, 0.232323232323, 1.14907677, 1.00000000, 1.00000000, 1.00000000
0.202020202020, 0.242424242424, 1.14081464, 1.00000000, 1.00000000, 1.00000000
0.202020202020, 0.252525252525, 1.13198606, 1.00000000, 1.00000000, 1.00000000
0.202020202020, 0.262626262626, 1.12262679, 1.00000000, 1.00000000, 1.00000000
0.202020202020, 0.272727272727, 1.11277472, 1.00000000, 1.00000000, 1.00000000
0.202020202020, 0.282828282828, 1.10246975, 1.00000000, 1.00000000, 1.00000000
0.202020202020, 0.292929292929, 1.09175357, 1.00000000, 1.00000000, 1.00000000
0.202020202020, 0.303030303030, 1.08066954, 1.00000000, 1.00000000, 1.00000000
0.202020202020, 0.313131313131, 1.06926249, 1.00000000, 1.00000000, 1.00000000
0.202020202020, 0.323232323232, 1.05757852, 1.00000000, 1.00000000, 1.00000000
0.202020202020, 0.333333333333, 1.04566487, 1.00000000, 1.00000000, 1.00000000
0.202020202020, 0.343434343434, 1.03356964, 1.00000000, 1.00000000, 1.00000000
0.202020202020, 0.353535353535, 1.02134167, 1.00000000, 1.00000000, 1.00000000
0.202020202020, 0.363636363636, 1.00903031, 1.00000000, 1.00000000, 1.00000000
0.202020202020, 0.373737373737, 0.99668520, 1.00000000, 1.00000000, 1.00000000
0.202020202020, 0.383838383838, 0.98435611, 1.00000000, 1.00000000, 1.00000000
0.202020202020, 0.393939393939, 0.97209270, 1.00000000, 1.00000000, 1.00000000
0.202020202020, 0.404040404040, 0.95994434, 1.00000000, 1.00000000, 1.00000000
0.202020202020, 0.414141414141, 0.94795989, 1.00000000, 1.00000000, 1.00000000
0.202020202020, 0.424242424242, 0.93618753, 1.00000000, 1.00000000, 1.00000000
0.202020202020, 0.434343434343, 0.92467454, 1.00000000, 1.00000000, 1.00000000
0.202020202020, 0.444444444444, 0.91346713, 1.00000000, 1.00000000, 1.00000000
0.202020202020, 0.454545454545, 0.90261024, 1.00000000, 1.00000000, 1.00000000
0.202020202020, 0.464646464646, 0.89214738, 1.00000000, 1.00000000, 1.00000000
0.202020202020, 0.474747474747, 0.88212043, 1.00000000, 1.00000000, 1.00000000
0.202020202020, 0.484848484848, 0.87256950, 1.00000000, 1.00000000, 1.00000000
0.202020202020, 0.494949494949, 0.86353276, 1.00000000, 1.00000000, 1.00000000
0.202020202020, 0.505050505051, 0.85504630, 1.00000000, 1.00000000, 1.00000000
0.202020202020, 0.515151515152, 0.84714398, 1.00000000, 1.00000000, 1.00000000
0.202020202020, 0.525252525253, 0.83985731, 1.00000000, 1.00000000, 1.00000000
0.202020202020, 0.535353535354, 0.83321534, 1.00000000, 1.00000000, 1.00000000
0.202020202020, 0.545454545455, 0.82724451, 1.00000000, 1.00000000, 1.00000000
0.202020202020, 0.555555555556, 0.82196860, 1.00000000, 1.00000000, 1.00000000
0.202020202020, 0.565656565657, 0.81740862, 1.00000000, 1.00000000, 1.00000000
0.202020202020, 0.575757575758, 0.81358272, 1.00000000, 1.00000000, 1.00000000
0.202020202020, 0.585858585859, 0.81050616, 1.00000000, 1.00000000, 1.00000000
0.202020202020, 0.595959595960, 0.80819123, 1.00000000, 1.00000000, 1.00000000
0.202020202020, 0.606060606061, 0.80664721, 1.00000000, 1.00000000, 1.00000000
0.202020202020, 0.616161616162, 0.80588035, 1.00000000, 1.00000000, 1.00000000
0.202020202020, 0.626262626263, 0.80589379, 1.00000000, 1.00000000, 1.00000000
0.202020202020, 0.636363636364, 0.80668739, 1.00000000, 1.00000000, 1.00000000
0.202020202020, 0.646464646465, 0.80825794, 1.00000000, 1.00000000, 1.00000000
0.202020202020, 0.656565656566, 0.81059918, 1.00000000, 1.00000000, 1.00000000
0.202020202020, 0.666666666667, 0.81370177, 1.00000000, 1.00000000, 1.00000000
0.202020202020, 0.676767676768, 0.81755340, 1.00000000, 1.00000000, 1.00000000
0.202020202020, 0.686868686869, 0.82213877, 1.00000000, 1.00000000, 1.00000000
0.202020202020, 0.696969696970, 0.82743965, 1.00000000, 1.00000000, 1.00000000
0.202020202020, 0.707070707071, 0.83343499, 1.00000000, 1.00000000, 1.00000000
0.202020202020, 0.717171717172, 0.84010092, 1.00000000, 1.00000000, 1.00000000
0.202020202020, 0.727272727273, 0.84741092, 1.00000000, 1.00000000, 1.00000000
0.202020202020, 0.737373737374, 0.85533586, 1.00000000, 1.00000000, 1.00000000
0.202020202020, 0.747474747475, 0.86384413, 1.00000000, 1.00000000, 1.00000000
0.202020202020, 0.757575757576, 0.87290178, 1.00000000, 1.00000000, 1.00000000
0.202020202020, 0.767676767677, 0.88247261, 1.00000000, 1.00000000, 1.00000000
0.202020202020, 0.777777777778, 0.89251834, 1.00000000, 1.00000000, 1.00000000
0.202020202020, 0.787878787879, 0.90299876, 1.00000000, 1.00000000, 1.00000000
0.202020202020, 0.797979797980, 0.91387189, 1.00000000, 1.00000000, 1.00000000
0.202020202020, 0.808080808081, 0.92509411, 1.00000000, 1.00000000, 1.00000000
0.202020202020, 0.818181818182, 0.93662039, 1.00000000, 1.00000000, 1.00000000
0.202020202020, 0.828282828283, 0.94840443, 1.00000000, 1.00000000, 1.00000000
0.202020202020, 0.838383838384, 0.96039884, 1.00000000, 1.00000000, 1.00000000
0.202020202020, 0.848484848485, 0.97255539, 1.00000000, 1.00000000, 1.00000000
0.202020202020, 0.858585858586, 0.98482513, 1.00000000, 1.00000000, 1.00000000
0.202020202020, 0.868686868687, 0.99715863, 1.00000000, 1.00000000, 1.00000000
0.202020202020, 0.878787878788, 1.00950617, 1.00000000, 1.00000000, 1.00000000
0.202020202020, 0.888888888889, 1.02181795, 1.00000000, 1.00000000, 1.00000000
0.202020202020, 0.898989898990, 1.03404429, 1.00000000, 1.00000000, 1.00000000
0.202020202020, 0.909090909091, 1.04613583, 1.00000000, 1.00000000, 1.00000000
0.202020202020, 0.919191919192, 1.05804372, 1.00000000, 1.00000000, 1.00000000
0.202020202020, 0.929292929293, 1.06971980, 1.00000000, 1.00000000, 1.00000000
0.202020202020, 0.939393939394, 1.08111669, 1.00000000, 1.00000000, 1.00000000
0.202020202020, 0.949494949495, 1.09218765, 1.00000000, 1.00000000, 1.00000000
0.202020202020, 0.959595959596, 1.10288564, 1.00000000, 1.00000000, 1.00000000
0.212121212121, -0.000000000000, 1.15646907, 1.00000000, 1.00000000, 1.00000000
0.212121212121, 0.010101010101, 1.16305549, 1.00000000, 1.00000000, 1.00000000
0.212121212121, 0.020202020202, 1.16887626, 1.00000000, 1.00000000, 1.00000000
0.212121212121, 0.030303030303, 1.17399673, 1.00000000, 1.00000000, 1.00000000
0.212121212121, 0.040404040404, 1.17851896, 1.00000000, 1.00000000, 1.00000000
0.212121212121, 0.050505050505, 1.18253320, 1.00000000, 1.00000000, 1.00000000
0.212121212121, 0.060606060606, 1.18607573, 1.00000000, 1.00000000, 1.00000000
0.212121212121, 0.070707070707, 1.18911875, 1.00000000, 1.00000000, 1.00000000
0.212121212121, 0.080808080808, 1.19159213, 1.00000000, 1.00000000, 1.00000000
0.212121212121, 0.090909090909, 1.19341672, 1.00000000, 1.00000000, 1.00000000
0.212121212121, 0.101010101010, 1.19452855, 1.00000000, 1.00000000, 1.00000000
0.212121212121, 0.111111111111, 1.19488699, 1.00000000, 1.00000000, 1.00000000
0.212121212121, 0.121212121212, 1.19447190, 1.00000000, 1.00000000, 1.00000000
0.212121212121, 0.131313131313, 1.19327688, 1.00000000, 1.00000000, 1.00000000
0.212121212121, 0.141414141414, 1.19130389, 1.00000000, 1.00000000, 1.00000000
0.212121212121, 0.151515151515, 1.18856002, 1.00000000, 1.00000000, 1.00000000
0.212121212121, 0.161616161616, 1.18505621, 1.00000000, 1.00000000, 1.00000000
0.212121212121, 0.171717171717, 1.18080662, 1.00000000, 1.00000000, 1.00000000
0.212121212121, 0.181818181818, 1.17582849, 1.00000000, 1.00000000, 1.00000000
0.212121212121, 0.191919191919, 1.17014201, 1.00000000, 1.00000000, 1.00000000
0.212121212121, 0.202020202020, 1.16377023, 1.00000000, 1.00000000, 1.00000000
0.212121212121, 0.212121212121, 1.15673898, 1.00000000, 1.00000000, 1.00000000
0.212121212121, 0.222222222222, 1.14907677, 1.00000000, 1.00000000, 1.00000000
0.212121212121, 0.232323232323, 1.14081464, 1.00000000, 1.00000000, 1.00000000
0.212121212121, 0.242424242424, 1.13198606, 1.00000000, 1.00000000, 1.00000000
0.212121212121, 0.252525252525, 1.12262679, 1.00000000, 1.00000000, 1.00000000
0.212121212121, 0.262626262626, 1.11277472, 1.00000000, 1.00000000, 1.00000000
0.212121212121, 0.272727272727, 1.10246975, 1.00000000, 1.00000000, 1.00000000
0.212121212121, 0.282828282828, 1.09175357, 1.00000000, 1.00000000, 1.00000000
0.212121212121, 0.292929292929, 1.08066954, 1.00000000, 1.00000000, 1.00000000
0.212121212121, 0.303030303030, 1.06926249, 1.00000000, 1.00000000, 1.00000000
0.212121212121, 0.313131313131, 1.05757852, 1.00000000, 1.00000000, 1.00000000
0.212121212121, 0.323232323232, 1.04566487, 1.00000000, 1.00000000, 1.00000000
0.212121212121, 0.333333333333, 1.03356964, 1.00000000, 1.00000000, 1.00000000
0.212121212121, 0.343434343434, 1.02134167, 1.00000000, 1.00000000, 1.00000000
0.212121212121, 0.353535353535, 1.00903031, 1.00000000, 1.00000000, 1.00000000
0.212121212121, 0.363636363636, 0.99668520, 1.00000000, 1.00000000, 1.00000000
0.212121212121, 0.373737373737, 0.98435611, 1.00000000, 1.00000000, 1.00000000
0.212121212121, 0.383838383838, 0.97209270, 1.00000000, 1.00000000, 1.00000000
0.212121212121, 0.393939393939, 0.95994434, 1.00000000, 1.00000000, 1.00000000
0.212121212121, 0.404040404040, 0.94795989, 1.00000000, 1.00000000, 1.00000000
0.212121212121, 0.414141414141, 0.93618753, 1.00000000, 1.00000000, 1.00000000
0.212121212121, 0.424242424242, 0.92467454, 1.00000000, 1.00000000, 1.00000000
0.212121212121, 0.434343434343, 0.91346713, 1.00000000, 1.00000000, 1.00000000
0.212121212121, 0.444444444444, 0.90261024, 1.00000000, 1.00000000, 1.00000000
0.212121212121, 0.454545454545, 0.89214738, 1.00000000, 1.00000000, 1.00000000
0.212121212121, 0.464646464646, 0.88212043, 1.00000000, 1.00000000, 1.00000000
0.212121212121, 0.474747474747, 0.87256950, 1.00000000, 1.00000000, 1.00000000
0.212121212121, 0.484848484848, 0.86353276, 1.00000000, 1.00000000, 1.00000000
0.212121212121, 0.494949494949, 0.85504630, 1.00000000, 1.00000000, 1.00000000
0.212121212121, 0.505050505051, 0.84714398, 1.00000000, 1.00000000, 1.00000000
0.212121212121, 0.515151515152, 0.83985731, 1.00000000, 1.00000000, 1.00000000
0.212121212121, 0.525252525253, 0.83321534, 1.00000000, 1.00000000, 1.00000000
0.212121212121, 0.535353535354, 0.82724451, 1.00000000, 1.00000000, 1.00000000
0.212121212121, 0.545454545455, 0.82196860, 1.00000000, 1.00000000, 1.00000000
0.212121212121, 0.555555555556, 0.81740862, 1.00000000, 1.00000000, 1.00000000
0.212121212121, 0.565656565657, 0.81358272, 1.00000000, 1.00000000, 1.00000000
0.212121212121, 0.575757575758, 0.81050616, 1.00000000, 1.00000000, 1.00000000
0.212121212121, 0.585858585859, 0.80819123, 1.00000000, 1.00000000, 1.00000000
0.212121212121, 0.595959595960, 0.80664721, 1.00000000, 1.00000000, 1.00000000
0.212121212121, 0.606060606061, 0.80588035, 1.00000000, 1.00000000, 1.00000000
0.212121212121, 0.616161616162, 0.80589379, 1.00000000, 1.00000000, 1.00000000
0.212121212121, 0.626262626263, 0.80668739, 1.00000000, 1.00000000, 1.00000000
0.212121212121, 0.636363636364, 0.80825794, 1.00000000, 1.00000000, 1.00000000
0.212121212121, 0.646464646465, 0.81059918, 1.00000000, 1.00000000, 1.00000000
0.212121212121, 0.656565656566, 0.81370177, 1.00000000, 1.00000000, 1.00000000
0.212121212121, 0.666666666667, 0.81755340, 1.00000000, 1.00000000, 1.00000000
0.212121212121, 0.676767676768, 0.82213877, 1.00000000, 1.00000000, 1.00000000
0.212121212121, 0.686868686869, 0.82743965, 1.00000000, 1.00000000, 1.00000000
0.212121212121, 0.696969696970, 0.83343499, 1.00000000, 1.00000000, 1.00000000
0.212121212121, 0.707070707071, 0.84010092, 1.00000000, 1.00000000, 1.00000000
0.212121212121, 0.717171717172, 0.84741092, 1.00000000, 1.00000000, 1.00000000
0.212121212121, 0.727272727273, 0.85533586, 1.00000000, 1.00000000, 1.00000000
0.212121212121, 0.737373737374, 0.86384413, 1.00000000, 1.00000000, 1.00000000
0.212121212121, 0.747474747475, 0.87290178, 1.00000000, 1.00000000, 1.00000000
0.212121212121, 0.757575757576, 0.88247261, 1.00000000, 1.00000000, 1.00000000
0.212121212121, 0.767676767677, 0.89251834, 1.00000000, 1.00000000, 1.00000000
0.212121212121, 0.777777777778, 0.90299876, 1.00000000, 1.00000000, 1.00000000
0.212121212121, 0.787878787879, 0.91387189, 1.00000000, 1.00000000, 1.00000000
0.212121212121, 0.797979797980, 0.92509411, 1.00000000, 1.00000000, 1.00000000
0.212121212121, 0.808080808081, 0.93662039, 1.00000000, 1.00000000, 1.00000000
0.212121212121, 0.818181818182, 0.94840443, 1.00000000, 1.00000000, 1.00000000
0.212121212121, 0.828282828283, 0.96039884, 1.00000000, 1.00000000, 1.00000000
0.212121212121, 0.838383838384, 0.97255539, 1.00000000, 1.00000000, 1.00000000
0.212121212121, 0.848484848485, 0.98482513, 1.00000000, 1.00000000, 1.00000000
0.212121212121, 0.858585858586, 0.99715863, 1.00000000, 1.00000000, 1.00000000
0.212121212121, 0.868686868687, 1.00950617, 1.00000000, 1.00000000, 1.00000000
0.212121212121, 0.878787878788, 1.02181795, 1.00000000, 1.00000000, 1.00000000
0.212121212121, 0.888888888889, 1.03404430, 1.00000000, 1.00000000, 1.00000000
0.212121212121, 0.898989898990, 1.04613584, 1.00000000, 1.00000000, 1.00000000
0.212121212121, 0.909090909091, 1.05804373, 1.00000000, 1.00000000, 1.00000000
0.212121212121, 0.919191919192, 1.06971986, 1.00000000, 1.00000000, 1.00000000
0.212121212121, 0.929292929293, 1.08111698, 1.00000000, 1.00000000, 1.00000000
0.212121212121, 0.939393939394, 1.09218887, 1.00000000, 1.00000000, 1.00000000
0.212121212121, 0.949494949495, 1.10289015, 1.00000000, 1.00000000, 1.00000000
0.212121212121, 0.959595959596, 1.11317559, 1.00000000, 1.00000000, 1.00000000
0.222222222222, -0.000000000000, 1.16356291, 1.00000000, 1.00000000, 1.00000000
0.222222222222, 0.010101010101, 1.16955797, 1.00000000, 1.00000000, 1.00000000
0.222222222222, 0.020202020202, 1.17478669, 1.00000000, 1.00000000, 1.00000000
0.222222222222, 0.030303030303, 1.17930949, 1.00000000, 1.00000000, 1.00000000
0.222222222222, 0.040404040404, 1.18321743, 1.00000000, 1.00000000, 1.00000000
0.222222222222, 0.050505050505, 1.18658881, 1.00000000, 1.00000000, 1.00000000
0.222222222222, 0.060606060606, 1.18945257, 1.00000000, 1.00000000, 1.00000000
0.222222222222, 0.070707070707, 1.19178079, 1.00000000, 1.00000000, 1.00000000
0.222222222222, 0.080808080808, 1.19350941, 1.00000000, 1.00000000, 1.00000000
0.222222222222, 0.090909090909, 1.19456813, 1.00000000, 1.00000000, 1.00000000
0.222222222222, 0.101010101010, 1.19490168, 1.00000000, 1.00000000, 1.00000000
0.222222222222, 0.111111111111, 1.19447663, 1.00000000, 1.00000000, 1.00000000
0.222222222222, 0.121212121212, 1.19327820, 1.00000000, 1.00000000, 1.00000000
0.222222222222, 0.131313131313, 1.19130420, 1.00000000, 1.00000000, 1.00000000
0.222222222222, 0.141414141414, 1.18856009, 1.00000000, 1.00000000, 1.00000000
0.222222222222, 0.151515151515, 1.18505622, 1.00000000, 1.00000000, 1.00000000
0.222222222222, 0.161616161616, 1.18080662, 1.00000000, 1.00000000, 1.00000000
0.222222222222, 0.171717171717, 1.17582849, 1.00000000, 1.00000000, 1.00000000
0.222222222222, 0.181818181818, 1.17014201, 1.00000000, 1.00000000, 1.00000000
0.222222222222, 0.191919191919, 1.16377023, 1.00000000, 1.00000000, 1.00000000
0.222222222222, 0.202020202020, 1.15673898, 1.00000000, 1.00000000, 1.00000000
0.222222222222, 0.212121212121, 1.14907677, 1.00000000, 1.00000000, 1.00000000
0.222222222222, 0.222222222222, 1.14081464, 1.00000000, 1.00000000, 1.00000000
0.222222222222, 0.232323232323, 1.13198606, 1.00000000, 1.00000000, 1.00000000
0.222222222222, 0.242424242424, 1.12262679, 1.00000000, 1.00000000, 1.00000000
0.222222222222, 0.252525252525, 1.11277472, 1.00000000, 1.00000000, 1.00000000
0.222222222222, 0.262626262626, 1.10246975, 1.00000000, 1.00000000, 1.00000000
0.222222222222, 0.272727272727, 1.09175357, 1.00000000, 1.00000000, 1.00000000
0.222222222222, 0.282828282828, 1.08066954, 1.00000000, 1.00000000, 1.00000000
0.222222222222, 0.292929292929, 1.06926249, 1.00000000, 1.00000000, 1.00000000
0.222222222222, 0.303030303030, 1.05757852, 1.00000000, 1.00000000, 1.00000000
0.222222222222, 0.313131313131, 1.04566487, 1.00000000, 1.00000000, 1.00000000
0.222222222222, 0.323232323232, 1.03356964, 1.00000000, 1.00000000, 1.00000000
0.222222222222, 0.333333333333, 1.02134167, 1.00000000, 1.00000000, 1.00000000
0.222222222222, 0.343434343434, 1.00903031, 1.00000000, 1.00000000, 1.00000000
0.222222222222, 0.353535353535, 0.99668520, 1.00000000, 1.00000000, 1.00000000
0.222222222222, 0.363636363636, 0.98435611, 1.00000000, 1.00000000, 1.00000000
0.222222222222, 0.373737373737, 0.97209270, 1.00000000, 1.00000000, 1.00000000
0.222222222222, 0.383838383838, 0.95994434, 1.00000000, 1.00000000, 1.00000000
0.222222222222, 0.393939393939, 0.94795989, 1.00000000, 1.00000000, 1.00000000
0.222222222222, 0.404040404040, 0.93618753, 1.00000000, 1.00000000, 1.00000000
0.222222222222, 0.414141414141, 0.92467454, 1.00000000, 1.00000000, 1.00000000
0.222222222222, 0.424242424242, 0.91346713, 1.00000000, 1.00000000, 1.00000000
0.222222222222, 0.434343434343, 0.90261024, 1.00000000, 1.00000000, 1.00000000
0.222222222222, 0.444444444444, 0.89214738, 1.00000000, 1.00000000, 1.00000000
0.222222222222, 0.454545454545, 0.88212043, 1.00000000, 1.00000000, 1.00000000
0.222222222222, 0.464646464646, 0.87256950, 1.00000000, 1.00000000, 1.00000000
0.222222222222, 0.474747474747, 0.86353276, 1.00000000, 1.00000000, 1.00000000
0.222222222222, 0.484848484848, 0.85504630, 1.00000000, 1.00000000, 1.00000000
0.222222222222, 0.494949494949, 0.84714398, 1.00000000, 1.00000000, 1.00000000
0.222222222222, 0.505050505051, 0.83985731, 1.00000000, 1.00000000, 1.00000000
0.222222222222, 0.515151515152, 0.83321534, 1.00000000, 1.00000000, 1.00000000
0.222222222222, 0.525252525253, 0.82724451, 1.00000000, 1.00000000, 1.00000000
0.222222222222, 0.535353535354, 0.82196860, 1.00000000, 1.00000000, 1.00000000
0.222222222222, 0.545454545455, 0.81740862, 1.00000000, 1.00000000, 1.00000000
0.222222222222, 0.555555555556, 0.81358272, 1.00000000, 1.00000000, 1.00000000
0.222222222222, 0.565656565657, 0.81050616, 1.00000000, 1.00000000, 1.00000000
0.222222222222, 0.575757575758, 0.80819123, 1.00000000, 1.00000000, 1.00000000
0.222222222222, 0.585858585859, 0.80664721, 1.00000000, 1.00000000, 1.00000000
0.222222222222, 0.595959595960, 0.80588035, 1.00000000, 1.00000000, 1.00000000
0.222222222222, 0.606060606061, 0.80589379, 1.00000000, 1.00000000, 1.00000000
0.222222222222, 0.616161616162, 0.80668739, 1.00000000, 1.00000000, 1.00000000
0.222222222222, 0.626262626263, 0.80825794, 1.00000000, 1.00000000, 1.00000000
0.222222222222, 0.636363636364, 0.81059918, 1.00000000, 1.00000000, 1.00000000
0.222222222222, 0.646464646465, 0.81370177, 1.00000000, 1.00000000, 1.00000000
0.222222222222, 0.656565656566, 0.81755340, 1.00000000, 1.00000000, 1.00000000
0.222222222222, 0.666666666667, 0.82213877, 1.00000000, 1.00000000, 1.00000000
0.222222222222, 0.676767676768, 0.82743965, 1.00000000, 1.00000000, 1.00000000
0.222222222222, 0.686868686869, 0.83343499, 1.00000000, 1.00000000, 1.00000000
0.222222222222, 0.696969696970, 0.84010092, 1.00000000, 1.00000000, 1.00000000
0.222222222222, 0.707070707071, 0.84741092, 1.00000000, 1.00000000, 1.00000000
0.222222222222, 0.717171717172, 0.85533586, 1.00000000, 1.00000000, 1.00000000
0.222222222222, 0.727272727273, 0.86384413, 1.00000000, 1.00000000, 1.00000000
0.222222222222, 0.737373737374, 0.87290178, 1.00000000, 1.00000000, 1.00000000
0.222222222222, 0.747474747475, 0.88247261, 1.00000000, 1.00000000, 1.00000000
0.222222222222, 0.757575757576, 0.89251834, 1.00000000, 1.00000000, 1.00000000
0.222222222222, 0.767676767677, 0.90299876, 1.00000000, 1.00000000, 1.00000000
0.222222222222, 0.777777777778, 0.91387189, 1.00000000, 1.00000000, 1.00000000
0.222222222222, 0.787878787879, 0.92509411, 1.00000000, 1.00000000, 1.00000000
0.222222222222, 0.797979797980, 0.93662039, 1.00000000, 1.00000000, 1.00000000
0.222222222222, 0.808080808081, 0.94840443, 1.00000000, 1.00000000, 1.00000000
0.222222222222, 0.818181818182, 0.96039884, 1.00000000, 1.00000000, 1.00000000
0.222222222222, 0.828282828283, 0.97255539, 1.00000000, 1.00000000, 1.00000000
0.222222222222, 0.838383838384, 0.98482513, 1.00000000, 1.00000000, 1.00000000
0.222222222222, 0.848484848485, 0.99715863, 1.00000000, 1.00000000, 1.00000000
0.222222222222, 0.858585858586, 1.00950617, 1.00000000, 1.00000000, 1.00000000
0.222222222222, 0.868686868687, 1.02181795, 1.00000000, 1.00000000, 1.00000000
0.222222222222, 0.878787878788, 1.03404430, 1.00000000, 1.00000000, 1.00000000
0.222222222222, 0.888888888889, 1.04613584, 1.00000000, 1.00000000, 1.00000000
0.222222222222, 0.898989898990, 1.05804373, 1.00000000, 1.00000000, 1.00000000
0.222222222222, 0.909090909091, 1.06971987, 1.00000000, 1.00000000, 1.00000000
0.222222222222, 0.919191919192, 1.08111703, 1.00000000, 1.00000000, 1.00000000
0.222222222222, 0.929292929293, 1.09218912, 1.00000000, 1.00000000, 1.00000000
0.222222222222, 0.939393939394, 1.10289121, 1.00000000, 1.00000000, 1.00000000
0.222222222222, 0.949494949495, 1.11317952, 1.00000000, 1.00000000, 1.00000000
0.222222222222, 0.959595959596, 1.12301076, 1.00000000, 1.00000000, 1.00000000
0.232323232323, -0.000000000000, 1.16999759, 1.00000000, 1.00000000, 1.00000000
0.232323232323, 0.010101010101, 1.17537704, 1.00000000, 1.00000000, 1.00000000
0.232323232323, 0.020202020202, 1.17999267, 1.00000000, 1.00000000, 1.00000000
0.232323232323, 0.030303030303, 1.18389966, 1.00000000, 1.00000000, 1.00000000
0.232323232323, 0.040404040404, 1.18717765, 1.00000000, 1.00000000, 1.00000000
0.232323232323, 0.050505050505, 1.18989258, 1.00000000, 1.00000000, 1.00000000
0.232323232323, 0.060606060606, 1.19206591, 1.00000000, 1.00000000, 1.00000000
0.232323232323, 0.070707070707, 1.19366981, 1.00000000, 1.00000000, 1.00000000
0.232323232323, 0.080808080808, 1.19464653, 1.00000000, 1.00000000, 1.00000000
0.232323232323, 0.090909090909, 1.19493498, 1.00000000, 1.00000000, 1.00000000
0.232323232323, 0.101010101010, 1.19448891, 1.00000000, 1.00000000, 1.00000000
0.232323232323, 0.111111111111, 1.19328213, 1.00000000, 1.00000000, 1.00000000
0.232323232323, 0.121212121212, 1.19130529, 1.00000000, 1.00000000, 1.00000000
0.232323232323, 0.131313131313, 1.18856035, 1.00000000, 1.00000000, 1.00000000
0.232323232323, 0.141414141414, 1.18505627, 1.00000000, 1.00000000, 1.00000000
0.232323232323, 0.151515151515, 1.18080663, 1.00000000, 1.00000000, 1.00000000
0.232323232323, 0.161616161616, 1.17582849, 1.00000000, 1.00000000, 1.00000000
0.232323232323, 0.171717171717, 1.17014201, 1.00000000, 1.00000000, 1.00000000
0.232323232323, 0.181818181818, 1.16377023, 1.00000000, 1.00000000, 1.00000000
0.232323232323, 0.191919191919, 1.15673898, 1.00000000, 1.00000000, 1.00000000
0.232323232323, 0.202020202020, 1.14907677, 1.00000000, 1.00000000, 1.00000000
0.232323232323, 0.212121212121, 1.14081464, 1.00000000, 1.00000000, 1.00000000
0.232323232323, 0.222222222222, 1.13198606, 1.00000000, 1.00000000, 1.00000000
0.232323232323, 0.232323232323, 1.12262679, 1.00000000, 1.00000000, 1.00000000
0.232323232323, 0.242424242424, 1.11277472, 1.00000000, 1.00000000, 1.00000000
0.232323232323, 0.252525252525, 1.10246975, 1.00000000, 1.00000000, 1.00000000
0.232323232323, 0.262626262626, 1.09175357, 1.00000000, 1.00000000, 1.00000000
0.232323232323, 0.272727272727, 1.08066954, 1.00000000, 1.00000000, 1.00000000
0.232323232323, 0.282828282828, 1.06926249, 1.00000000, 1.00000000, 1.00000000
0.232323232323, 0.292929292929, 1.05757852, 1.00000000, 1.00000000, 1.00000000
0.232323232323, 0.303030303030, 1.04566487, 1.00000000, 1.00000000, 1.00000000
0.232323232323, 0.313131313131, 1.03356964, 1.00000000, 1.00000000, 1.00000000
0.232323232323, 0.323232323232, 1.02134167, 1.00000000, 1.00000000, 1.00000000
0.232323232323, 0.333333333333, 1.00903031, 1.00000000, 1.00000000, 1.00000000
0.232323232323, 0.343434343434, 0.99668520, 1.00000000, 1.00000000, 1.00000000
0.232323232323, 0.353535353535, 0.98435611, 1.00000000, 1.00000000, 1.00000000
0.232323232323, 0.363636363636, 0.97209270, 1.00000000, 1.00000000, 1.00000000
0.232323232323, 0.373737373737, 0.95994434, 1.00000000, 1.00000000, 1.00000000
0.232323232323, 0.383838383838, 0.94795989, 1.00000000, 1.00000000, 1.00000000
0.232323232323, 0.393939393939, 0.93618753, 1.00000000, 1.00000000, 1.00000000
0.232323232323, 0.404040404040, 0.92467454, 1.00000000, 1.00000000, 1.00000000
0.232323232323, 0.414141414141, 0.91346713, 1.00000000, 1.00000000, 1.00000000
0.232323232323, 0.424242424242, 0.90261024, 1.00000000, 1.00000000, 1.00000000
0.232323232323, 0.434343434343, 0.89214738, 1.00000000, 1.00000000, 1.00000000
0.232323232323, 0.444444444444, 0.88212043, 1.00000000, 1.00000000, 1.00000000
0.232323232323, 0.454545454545, 0.87256950, 1.00000000, 1.00000000, 1.00000000
0.232323232323, 0.464646464646, 0.86353276, 1.00000000, 1.00000000, 1.00000000
0.232323232323, 0.474747474747, 0.85504630, 1.00000000, 1.00000000, 1.00000000
0.232323232323, 0.484848484848, 0.84714398, 1.00000000, 1.00000000, 1.00000000
0.232323232323, 0.494949494949, 0.83985731, 1.00000000, 1.00000000, 1.00000000
0.232323232323, 0.505050505051, 0.83321534, 1.00000000, 1.00000000, 1.00000000
0.232323232323, 0.515151515152, 0.82724451, 1.00000000, 1.00000000, 1.00000000
0.232323232323, 0.525252525253, 0.82196860, 1.00000000, 1.00000000, 1.00000000
0.232323232323, 0.535353535354, 0.81740862, 1.00000000, 1.00000000, 1.00000000
0.232323232323, 0.545454545455, 0.81358272, 1.00000000, 1.00000000, 1.00000000
0.232323232323, 0.555555555556, 0.81050616, 1.00000000, 1.00000000, 1.00000000
0.232323232323, 0.565656565657, 0.80819123, 1.00000000, 1.00000000, 1.00000000
0.232323232323, 0.575757575758, 0.80664721, 1.00000000, 1.00000000, 1.00000000
0.232323232323, 0.585858585859, 0.80588035, 1.00000000, 1.00000000, 1.00000000
0.232323232323, 0.595959595960, 0.80589379, 1.00000000, 1.00000000, 1.00000000
0.232323232323, 0.606060606061, 0.80668739, 1.00000000, 1.00000000, 1.00000000
0.232323232323, 0.616161616162, 0.80825794, 1.00000000, 1.00000000, 1.00000000
0.232323232323, 0.626262626263, 0.81059918, 1.00000000, 1.00000000, 1.00000000
0.232323232323, 0.636363636364, 0.81370177, 1.00000000, 1.00000000, 1.00000000
0.232323232323, 0.646464646465, 0.81755340, 1.00000000, 1.00000000, 1.00000000
0.232323232323, 0.656565656566, 0.82213877, 1.00000000, 1.00000000, 1.00000000
0.232323232323, 0.666666666667, 0.82743965, 1.00000000, 1.00000000, 1.00000000
0.232323232323, 0.676767676768, 0.83343499, 1.00000000, 1.00000000, 1.00000000
0.232323232323, 0.686868686869, 0.84010092, 1.00000000, 1.00000000, 1.00000000
0.232323232323, 0.696969696970, 0.84741092, 1.00000000, 1.00000000, 1.00000000
0.232323232323, 0.707070707071, 0.85533586, 1.00000000, 1.00000000, 1.00000000
0.232323232323, 0.717171717172, 0.86384413, 1.00000000, 1.00000000, 1.00000000
0.232323232323, 0.727272727273, 0.87290178, 1.00000000, 1.00000000, 1.00000000
0.232323232323, 0.737373737374, 0.88247261, 1.00000000, 1.00000000, 1.00000000
0.232323232323, 0.747474747475, 0.89251834, 1.00000000, 1.00000000, 1.00000000
0.232323232323, 0.757575757576, 0.90299876, 1.00000000, 1.00000000, 1.00000000
0.232323232323, 0.767676767677, 0.91387189, 1.00000000, 1.00000000, 1.00000000
0.232323232323, 0.777777777778, 0.92509411, 1.00000000, 1.00000000, 1.00000000
0.232323232323, 0.787878787879, 0.93662039, 1.00000000, 1.00000000, 1.00000000
0.232323232323, 0.797979797980, 0.94840443, 1.00000000, 1.00000000, 1.00000000
0.232323232323, 0.808080808081, 0.96039884, 1.00000000, 1.00000000, 1.00000000
0.232323232323, 0.818181818182, 0.97255539, 1.00000000, 1.00000000, 1.00000000
0.232323232323, 0.828282828283, 0.98482513, 1.00000000, 1.00000000, 1.00000000
0.232323232323, 0.838383838384, 0.99715863, 1.00000000, 1.00000000, 1.00000000
0.232323232323, 0.848484848485, 1.00950617, 1.00000000, 1.00000000, 1.00000000
0.232323232323, 0.858585858586, 1.02181795, 1.00000000, 1.00000000, 1.00000000
0.232323232323, 0.868686868687, 1.03404430, 1.00000000, 1.00000000, 1.00000000
0.232323232323, 0.878787878788, 1.04613584, 1.00000000, 1.00000000, 1.00000000
0.232323232323, 0.888888888889, 1.05804373, 1.00000000, 1.00000000, 1.00000000
0.232323232323, 0.898989898990, 1.06971987, 1.00000000, 1.00000000, 1.00000000
0.232323232323, 0.909090909091, 1.08111704, 1.00000000, 1.00000000, 1.00000000
0.232323232323, 0.919191919192, 1.09218916, 1.00000000, 1.00000000, 1.00000000
0.232323232323, 0.929292929293, 1.10289142, 1.00000000, 1.00000000, 1.00000000
0.232323232323, 0.939393939394, 1.11318041, 1.00000000, 1.00000000, 1.00000000
0.232323232323, 0.949494949495, 1.12301410, 1.00000000, 1.00000000, 1.00000000
0.232323232323, 0.959595959596, 1.13235133, 1.00000000, 1.00000000, 1.00000000
0.242424242424, -0.000000000000, 1.17574709, 1.00000000, 1.00000000, 1.00000000
0.242424242424, 0.010101010101, 1.18048915, 1.00000000, 1.00000000, 1.00000000
0.242424242424, 0.020202020202, 1.18447312, 1.00000000, 1.00000000, 1.00000000
0.242424242424, 0.030303030303, 1.18774864, 1.00000000, 1.00000000, 1.00000000
0.242424242424, 0.040404040404, 1.19038353, 1.00000000, 1.00000000, 1.00000000
0.242424242424, 0.050505050505, 1.19243106, 1.00000000, 1.00000000, 1.00000000
0.242424242424, 0.060606060606, 1.19390510, 1.00000000, 1.00000000, 1.00000000
0.242424242424, 0.070707070707, 1.19477806, 1.00000000, 1.00000000, 1.00000000
0.242424242424, 0.080808080808, 1.19499881, 1.00000000, 1.00000000, 1.00000000
0.242424242424, 0.090909090909, 1.19451580, 1.00000000, 1.00000000, 1.00000000
0.242424242424, 0.101010101010, 1.19329196, 1.00000000, 1.00000000, 1.00000000
0.242424242424, 0.111111111111, 1.19130840, 1.00000000, 1.00000000, 1.00000000
0.242424242424, 0.121212121212, 1.18856120, 1.00000000, 1.00000000, 1.00000000
0.242424242424, 0.131313131313, 1.18505647, 1.00000000, 1.00000000, 1.00000000
0.242424242424, 0.141414141414, 1.18080667, 1.00000000, 1.00000000, 1.00000000
0.242424242424, 0.151515151515, 1.17582850, 1.00000000, 1.00000000, 1.00000000
0.242424242424, 0.161616161616, 1.17014201, 1.00000000, 1.00000000, 1.00000000
0.242424242424, 0.171717171717, 1.16377023, 1.00000000, 1.00000000, 1.00000000
0.242424242424, 0.181818181818, 1.15673898, 1.00000000, 1.00000000, 1.00000000
0.242424242424, 0.191919191919, 1.14907677, 1.00000000, 1.00000000, 1.00000000
0.242424242424, 0.202020202020, 1.14081464, 1.00000000, 1.00000000, 1.00000000
0.242424242424, 0.212121212121, 1.13198606, 1.00000000, 1.00000000, 1.00000000
0.242424242424, 0.222222222222, 1.12262679, 1.00000000, 1.00000000, 1.00000000
0.242424242424, 0.232323232323, 1.11277472, 1.00000000, 1.00000000, 1.00000000
0.242424242424, 0.242424242424, 1.10246975, 1.00000000, 1.00000000, 1.00000000
0.242424242424, 0.252525252525, 1.09175357, 1.00000000, 1.00000000, 1.00000000
0.242424242424, 0.262626262626, 1.08066954, 1.00000000, 1.00000000, 1.00000000
0.242424242424, 0.272727272727, 1.06926249, 1.00000000, 1.00000000, 1.00000000
0.242424242424, 0.282828282828, 1.05757852, 1.00000000, 1.00000000, 1.00000000
0.242424242424, 0.292929292929, 1.04566487, 1.00000000, 1.00000000, 1.00000000
0.242424242424, 0.303030303030, 1.03356964, 1.00000000, 1.00000000, 1.00000000
0.242424242424, 0.313131313131, 1.02134167, 1.00000000, 1.00000000, 1.00000000
0.242424242424, 0.323232323232, 1.00903031, 1.00000000, 1.00000000, 1.00000000
0.242424242424, 0.333333333333, 0.99668520, 1.00000000, 1.00000000, 1.00000000
0.242424242424, 0.343434343434, 0.98435611, 1.00000000, 1.00000000, 1.00000000
0.242424242424, 0.353535353535, 0.97209270, 1.00000000, 1.00000000, 1.00000000
0.242424242424, 0.363636363636, 0.95994434, 1.00000000, 1.00000000, 1.00000000
0.242424242424, 0.373737373737, 0.94795989, 1.00000000, 1.00000000, 1.00000000
0.242424242424, 0.383838383838, 0.93618753, 1.00000000, 1.00000000, 1.00000000
0.242424242424, 0.393939393939, 0.92467454, 1.00000000, 1.00000000, 1.00000000
0.242424242424, 0.404040404040, 0.91346713, 1.00000000, 1.00000000, 1.00000000
0.242424242424, 0.414141414141, 0.90261024, 1.00000000, 1.00000000, 1.00000000
0.242424242424, 0.424242424242, 0.89214738, 1.00000000, 1.00000000, 1.00000000
0.242424242424, 0.434343434343, 0.88212043, 1.00000000, 1.00000000, 1.00000000
0.242424242424, 0.444444444444, 0.87256950, 1.00000000, 1.00000000, 1.00000000
0.242424242424, 0.454545454545, 0.86353276, 1.00000000, 1.00000000, 1.00000000
0.242424242424, 0.464646464646, 0.85504630, 1.00000000, 1.00000000, 1.00000000
0.242424242424, 0.474747474747, 0.84714398, 1.00000000, 1.00000000, 1.00000000
0.242424242424, 0.484848484848, 0.83985731, 1.00000000, 1.00000000, 1.00000000
0.242424242424, 0.494949494949, 0.83321534, 1.00000000, 1.00000000, 1.00000000
0.242424242424, 0.505050505051, 0.82724451, 1.00000000, 1.00000000, 1.00000000
0.242424242424, 0.515151515152, 0.82196860, 1.00000000, 1.00000000, 1.00000000
0.242424242424, 0.525252525253, 0.81740862, 1.00000000, 1.00000000, 1.00000000
0.242424242424, 0.535353535354, 0.81358272, 1.00000000, 1.00000000, 1.00000000
0.242424242424, 0.545454545455, 0.81050616, 1.00000000, 1.00000000, 1.00000000
0.242424242424, 0.555555555556, 0.80819123, 1.00000000, 1.00000000, 1.00000000
0.242424242424, 0.565656565657, 0.80664721, 1.00000000, 1.00000000, 1.00000000
0.242424242424, 0.575757575758, 0.80588035, 1.00000000, 1.00000000, 1.00000000
0.242424242424, 0.585858585859, 0.80589379, 1.00000000, 1.00000000, 1.00000000
0.242424242424, 0.595959595960, 0.80668739, 1.00000000, 1.00000000, 1.00000000
0.242424242424, 0.606060606061, 0.80825794, 1.00000000, 1.00000000, 1.00000000
0.242424242424, 0.616161616162, 0.81059918, 1.00000000, 1.00000000, 1.00000000
0.242424242424, 0.626262626263, 0.81370177, 1.00000000, 1.00000000, 1.00000000
0.242424242424, 0.636363636364, 0.81755340, 1.00000000, 1.00000000, 1.00000000
0.242424242424, 0.646464646465, 0.82213877, 1.00000000, 1.00000000, 1.00000000
0.242424242424, 0.656565656566, 0.82743965, 1.00000000, 1.00000000, 1.00000000
0.242424242424, 0.666666666667, 0.83343499, 1.00000000, 1.00000000, 1.00000000
0.242424242424, 0.676767676768, 0.84010092, 1.00000000, 1.00000000, 1.00000000
0.242424242424, 0.686868686869, 0.84741092, 1.00000000, 1.00000000, 1.00000000
0.242424242424, 0.696969696970, 0.85533586, 1.00000000, 1.00000000, 1.00000000
0.242424242424, 0.707070707071, 0.86384413, 1.00000000, 1.00000000, 1.00000000
0.242424242424, 0.717171717172, 0.87290178, 1.00000000, 1.00000000, 1.00000000
0.242424242424, 0.727272727273, 0.88247261, 1.00000000, 1.00000000, 1.00000000
0.242424242424, 0.737373737374, 0.89251834, 1.00000000, 1.00000000, 1.00000000
0.242424242424, 0.747474747475, 0.90299876, 1.00000000, 1.00000000, 1.00000000
0.242424242424, 0.757575757576, 0.91387189, 1.00000000, 1.00000000, 1.00000000
0.242424242424, 0.767676767677, 0.92509411, 1.00000000, 1.00000000, 1.00000000
0.242424242424, 0.777777777778, 0.93662039, 1.00000000, 1.00000000, 1.00000000
0.242424242424, 0.787878787879, 0.94840443, 1.00000000, 1.00000000, 1.00000000
0.242424242424, 0.797979797980, 0.96039884, 1.00000000, 1.00000000, 1.00000000
0.242424242424, 0.808080808081, 0.97255539, 1.00000000, 1.00000000, 1.00000000
0.242424242424, 0.818181818182, 0.98482513, 1.00000000, 1.00000000, 1.00000000
0.242424242424, 0.828282828283, 0.99715863, 1.00000000, 1.00000000, 1.00000000
0.242424242424, 0.838383838384, 1.00950617, 1.00000000, 1.00000000, 1.00000000
0.242424242424, 0.848484848485, 1.02181795, 1.00000000, 1.00000000, 1.00000000
0.242424242424, 0.858585858586, 1.03404430, 1.00000000, 1.00000000, 1.00000000
0.242424242424, 0.868686868687, 1.04613584, 1.00000000, 1.00000000, 1.00000000
0.242424242424, 0.878787878788, 1.05804373, 1.00000000, 1.00000000, 1.00000000
0.242424242424, 0.888888888889, 1.06971987, 1.00000000, 1.00000000, 1.00000000
0.242424242424, 0.898989898990, 1.08111704, 1.00000000, 1.00000000, 1.00000000
0.242424242424, 0.909090909091, 1.09218917, 1.00000000, 1.00000000, 1.00000000
0.242424242424, 0.919191919192, 1.10289145, 1.00000000, 1.00000000, 1.00000000
0.242424242424, 0.929292929293, 1.11318058, 1.00000000, 1.00000000, 1.00000000
0.242424242424, 0.939393939394, 1.12301483, 1.00000000, 1.00000000, 1.00000000
0.242424242424, 0.949494949495, 1.13235409, 1.00000000, 1.00000000, 1.00000000
0.242424242424, 0.959595959596, 1.14115950, 1.00000000, 1.00000000, 1.00000000
0.252525252525, -0.000000000000, 1.18078814, 1.00000000, 1.00000000, 1.00000000
0.252525252525, 0.010101010101, 1.18487365, 1.00000000, 1.00000000, 1.00000000
0.252525252525, 0.020202020202, 1.18820991, 1.00000000, 1.00000000, 1.00000000
0.252525252525, 0.030303030303, 1.19084083, 1.00000000, 1.00000000, 1.00000000
0.252525252525, 0.040404040404, 1.19282203, 1.00000000, 1.00000000, 1.00000000
0.252525252525, 0.050505050505, 1.19419387, 1.00000000, 1.00000000, 1.00000000
0.252525252525, 0.060606060606, 1.19496260, 1.00000000, 1.00000000, 1.00000000
0.252525252525, 0.070707070707, 1.19510097, 1.00000000, 1.00000000, 1.00000000
0.252525252525, 0.080808080808, 1.19456483, 1.00000000, 1.00000000, 1.00000000
0.252525252525, 0.090909090909, 1.19331236, 1.00000000, 1.00000000, 1.00000000
0.252525252525, 0.101010101010, 1.19131575, 1.00000000, 1.00000000, 1.00000000
0.252525252525, 0.111111111111, 1.18856349, 1.00000000, 1.00000000, 1.00000000
0.252525252525, 0.121212121212, 1.18505709, 1.00000000, 1.00000000, 1.00000000
0.252525252525, 0.131313131313, 1.18080681, 1.00000000, 1.00000000, 1.00000000
0.252525252525, 0.141414141414, 1.17582853, 1.00000000, 1.00000000, 1.00000000
0.252525252525, 0.151515151515, 1.17014201, 1.00000000, 1.00000000, 1.00000000
0.252525252525, 0.161616161616, 1.16377023, 1.00000000, 1.00000000, 1.00000000
0.252525252525, 0.171717171717, 1.15673898, 1.00000000, 1.00000000, 1.00000000
0.252525252525, 0.181818181818, 1.14907677, 1.00000000, 1.00000000, 1.00000000
0.252525252525, 0.191919191919, 1.14081464, 1.00000000, 1.00000000, 1.00000000
0.252525252525, 0.202020202020, 1.13198606, 1.00000000, 1.00000000, 1.00000000
0.252525252525, 0.212121212121, 1.12262679, 1.00000000, 1.00000000, 1.00000000
0.252525252525, 0.222222222222, 1.11277472, 1.00000000, 1.00000000, 1.00000000
0.252525252525, 0.232323232323, 1.10246975, 1.00000000, 1.00000000, 1.00000000
0.252525252525, 0.242424242424, 1.09175357, 1.00000000, 1.00000000, 1.00000000
0.252525252525, 0.252525252525, 1.08066954, 1.00000000, 1.00000000, 1.00000000
0.252525252525, 0.262626262626, 1.06926249, 1.00000000, 1.00000000, 1.00000000
0.252525252525, 0.272727272727, 1.05757852, 1.00000000, 1.00000000, 1.00000000
0.252525252525, 0.282828282828, 1.04566487, 1.00000000, 1.00000000, 1.00000000
0.252525252525, 0.292929292929, 1.03356964, 1.00000000, 1.00000000, 1.00000000
0.252525252525, 0.303030303030, 1.02134167, 1.00000000, 1.00000000, 1.00000000
0.252525252525, 0.313131313131, 1.00903031, 1.00000000, 1.00000000, 1.00000000
0.252525252525, 0.323232323232, 0.99668520, 1.00000000, 1.00000000, 1.00000000
0.252525252525, 0.333333333333, 0.98435611, 1.00000000, 1.00000000, 1.00000000
0.252525252525, 0.343434343434, 0.97209270, 1.00000000, 1.00000000, 1.00000000
0.252525252525, 0.353535353535, 0.95994434, 1.00000000, 1.00000000, 1.00000000
0.252525252525, 0.363636363636, 0.94795989, 1.00000000, 1.00000000, 1.00000000
0.252525252525, 0.373737373737, 0.93618753, 1.00000000, 1.00000000, 1.00000000
0.252525252525, 0.383838383838, 0.92467454, 1.00000000, 1.00000000, 1.00000000
0.252525252525, 0.393939393939, 0.91346713, 1.00000000, 1.00000000, 1.00000000
0.252525252525, 0.404040404040, 0.90261024, 1.00000000, 1.00000000, 1.00000000
0.252525252525, 0.414141414141, 0.89214738, 1.00000000, 1.00000000, 1.00000000
0.252525252525, 0.424242424242, 0.88212043, 1.00000000, 1.00000000, 1.00000000
0.252525252525, 0.434343434343, 0.87256950, 1.00000000, 1.00000000, 1.00000000
0.252525252525, 0.444444444444, 0.86353276, 1.00000000, 1.00000000, 1.00000000
0.252525252525, 0.454545454545, 0.85504630, 1.00000000, 1.00000000, 1.00000000
0.252525252525, 0.464646464646, 0.84714398, 1.00000000, 1.00000000, 1.00000000
0.252525252525, 0.474747474747, 0.83985731, 1.00000000, 1.00000000, 1.00000000
0.252525252525, 0.484848484848, 0.83321534, 1.00000000, 1.00000000, 1.00000000
0.252525252525, 0.494949494949, 0.82724451, 1.00000000, 1.00000000, 1.00000000
0.252525252525, 0.505050505051, 0.82196860, 1.00000000, 1.00000000, 1.00000000
0.252525252525, 0.515151515152, 0.81740862, 1.00000000, 1.00000000, 1.00000000
0.252525252525, 0.525252525253, 0.81358272, 1.00000000, 1.00000000, 1.00000000
0.252525252525, 0.535353535354, 0.81050616, 1.00000000, 1.00000000, 1.00000000
0.252525252525, 0.545454545455, 0.80819123, 1.00000000, 1.00000000, 1.00000000
0.252525252525, 0.555555555556, 0.80664721, 1.00000000, 1.00000000, 1.00000000
0.252525252525, 0.565656565657, 0.80588035, 1.00000000, 1.00000000, 1.00000000
0.252525252525, 0.575757575758, 0.80589379, 1.00000000, 1.00000000, 1.00000000
0.252525252525, 0.585858585859, 0.80668739, 1.00000000, 1.00000000, 1.00000000
0.252525252525, 0.595959595960, 0.80825794, 1.00000000, 1.00000000, 1.00000000
0.252525252525, 0.606060606061, 0.81059918, 1.00000000, 1.00000000, 1.00000000
0.252525252525, 0.616161616162, 0.81370177, 1.00000000, 1.00000000, 1.00000000
0.252525252525, 0.626262626263, 0.81755340, 1.00000000, 1.00000000, 1.00000000
0.252525252525, 0.636363636364, 0.82213877, 1.00000000, 1.00000000, 1.00000000
0.252525252525, 0.646464646465, 0.82743965, 1.00000000, 1.00000000, 1.00000000
0.252525252525, 0.656565656566, 0.83343499, 1.00000000, 1.00000000, 1.00000000
0.252525252525, 0.666666666667, 0.84010092, 1.00000000, 1.00000000, 1.00000000
0.252525252525, 0.676767676768, 0.84741092, 1.00000000, 1.00000000, 1.00000000
0.252525252525, 0.686868686869, 0.85533586, 1.00000000, 1.00000000, 1.00000000
0.252525252525, 0.696969696970, 0.86384413, 1.00000000, 1.00000000, 1.00000000
0.252525252525, 0.707070707071, 0.87290178, 1.00000000, 1.00000000, 1.00000000
0.252525252525, 0.717171717172, 0.88247261, 1.00000000, 1.00000000, 1.00000000
0.252525252525, 0.727272727273, 0.89251834, 1.00000000, 1.00000000, 1.00000000
0.252525252525, 0.737373737374, 0.90299876, 1.00000000, 1.00000000, 1.00000000
0.252525252525, 0.747474747475, 0.91387189, 1.00000000, 1.00000000, 1.00000000
0.252525252525, 0.757575757576, 0.92509411, 1.00000000, 1.00000000, 1.00000000
0.252525252525, 0.767676767677, 0.93662039, 1.00000000, 1.00000000, 1.00000000
0.252525252525, 0.777777777778, 0.94840443, 1.00000000, 1.00000000, 1.00000000
0.252525252525, 0.787878787879, 0.96039884, 1.00000000, 1.00000000, 1.00000000
0.252525252525, 0.797979797980, 0.97255539, 1.00000000, 1.00000000, 1.00000000
0.252525252525, 0.808080808081, 0.98482513, 1.00000000, 1.00000000, 1.00000000
0.252525252525, 0.818181818182, 0.99715863, 1.00000000, 1.00000000, 1.00000000
0.252525252525, 0.828282828283, 1.00950617, 1.00000000, 1.00000000, 1.00000000
0.252525252525, 0.838383838384, 1.02181795, 1.00000000, 1.00000000, 1.00000000
0.252525252525, 0.848484848485, 1.03404430, 1.00000000, 1.00000000, 1.00000000
0.252525252525, 0.858585858586, 1.04613584, 1.00000000, 1.00000000, 1.00000000
0.252525252525, 0.868686868687, 1.05804373, 1.00000000, 1.00000000, 1.00000000
0.252525252525, 0.878787878788, 1.06971987, 1.00000000, 1.00000000, 1.00000000
0.252525252525, 0.888888888889, 1.08111704, 1.00000000, 1.00000000, 1.00000000
0.252525252525, 0.898989898990, 1.09218917, 1.00000000, 1.00000000, 1.00000000
0.252525252525, 0.909090909091, 1.10289146, 1.00000000, 1.00000000, 1.00000000
0.252525252525, 0.919191919192, 1.11318061, 1.00000000, 1.00000000, 1.00000000
0.252525252525, 0.929292929293, 1.12301497, 1.00000000, 1.00000000, 1.00000000
0.252525252525, 0.939393939394, 1.13235467, 1.00000000, 1.00000000, 1.00000000
0.252525252525, 0.949494949495, 1.14116168, 1.00000000, 1.00000000, 1.00000000
0.252525252525, 0.959595959596, 1.14939959, 1.00000000, 1.00000000, 1.00000000
0.262626262626, -0.000000000000, 1.18510038, 1.00000000, 1.00000000, 1.00000000
0.262626262626, 0.010101010101, 1.18851280, 1.00000000, 1.00000000, 1.00000000
0.262626262626, 0.020202020202, 1.19118792, 1.00000000, 1.00000000, 1.00000000
0.262626262626, 0.030303030303, 1.19316368, 1.00000000, 1.00000000, 1.00000000
0.262626262626, 0.040404040404, 1.19448322, 1.00000000, 1.00000000, 1.00000000
0.262626262626, 0.050505050505, 1.19517380, 1.00000000, 1.00000000, 1.00000000
0.262626262626, 0.060606060606, 1.19523402, 1.00000000, 1.00000000, 1.00000000
0.262626262626, 0.070707070707, 1.19463723, 1.00000000, 1.00000000, 1.00000000
0.262626262626, 0.080808080808, 1.19334640, 1.00000000, 1.00000000, 1.00000000
0.262626262626, 0.090909090909, 1.19132957, 1.00000000, 1.00000000, 1.00000000
0.262626262626, 0.101010101010, 1.18856833, 1.00000000, 1.00000000, 1.00000000
0.262626262626, 0.111111111111, 1.18505854, 1.00000000, 1.00000000, 1.00000000
0.262626262626, 0.121212121212, 1.18080719, 1.00000000, 1.00000000, 1.00000000
0.262626262626, 0.131313131313, 1.17582861, 1.00000000, 1.00000000, 1.00000000
0.262626262626, 0.141414141414, 1.17014203, 1.00000000, 1.00000000, 1.00000000
0.262626262626, 0.151515151515, 1.16377023, 1.00000000, 1.00000000, 1.00000000
0.262626262626, 0.161616161616, 1.15673898, 1.00000000, 1.00000000, 1.00000000
0.262626262626, 0.171717171717, 1.14907677, 1.00000000, 1.00000000, 1.00000000
0.262626262626, 0.181818181818, 1.14081464, 1.00000000, 1.00000000, 1.00000000
0.262626262626, 0.191919191919, 1.13198606, 1.00000000, 1.00000000, 1.00000000
0.262626262626, 0.202020202020, 1.12262679, 1.00000000, 1.00000000, 1.00000000
0.262626262626, 0.212121212121, 1.11277472, 1.00000000, 1.00000000, 1.00000000
0.262626262626, 0.222222222222, 1.10246975, 1.00000000, 1.00000000, 1.00000000
0.262626262626, 0.232323232323, 1.09175357, 1.00000000, 1.00000000, 1.00000000
0.262626262626, 0.242424242424, 1.08066954, 1.00000000, 1.00000000, 1.00000000
0.262626262626, 0.252525252525, 1.06926249, 1.00000000, 1.00000000, 1.00000000
0.262626262626, 0.262626262626, 1.05757852, 1.00000000, 1.00000000, 1.00000000
0.262626262626, 0.272727272727, 1.04566487, 1.00000000, 1.00000000, 1.00000000
0.262626262626, 0.282828282828, 1.03356964, 1.00000000, 1.00000000, 1.00000000
0.262626262626, 0.292929292929, 1.02134167, 1.00000000, 1.00000000, 1.00000000
0.262626262626, 0.303030303030, 1.00903031, 1.00000000, 1.00000000, 1.00000000
0.262626262626, 0.313131313131, 0.99668520, 1.00000000, 1.00000000, 1.00000000
0.262626262626, 0.323232323232, 0.98435611, 1.00000000, 1.00000000, 1.00000000
0.262626262626, 0.333333333333, 0.97209270, 1.00000000, 1.00000000, 1.00000000
0.262626262626, 0.343434343434, 0.95994434, 1.00000000, 1.00000000, 1.00000000
0.262626262626, 0.353535353535, 0.94795989, 1.00000000, 1.00000000, 1.00000000
0.262626262626, 0.363636363636, 0.93618753, 1.00000000, 1.00000000, 1.00000000
0.262626262626, 0.373737373737, 0.92467454, 1.00000000, 1.00000000, 1.00000000
0.262626262626, 0.383838383838, 0.91346713, 1.00000000, 1.00000000, 1.00000000
0.262626262626, 0.393939393939, 0.90261024, 1.00000000, 1.00000000, 1.00000000
0.262626262626, 0.404040404040, 0.89214738, 1.00000000, 1.00000000, 1.00000000
0.262626262626, 0.414141414141, 0.88212043, 1.00000000, 1.00000000, 1.00000000
0.262626262626, 0.424242424242, 0.87256950, 1.00000000, 1.00000000, 1.00000000
0.262626262626, 0.434343434343, 0.86353276, 1.00000000, 1.00000000, 1.00000000
0.262626262626, 0.444444444444, 0.85504630, 1.00000000, 1.00000000, 1.00000000
0.262626262626, 0.454545454545, 0.84714398, 1.00000000, 1.00000000, 1.00000000
0.262626262626, 0.464646464646, 0.83985731, 1.00000000, 1.00000000, 1.00000000
0.262626262626, 0.474747474747, 0.83321534, 1.00000000, 1.00000000, 1.00000000
0.262626262626, 0.484848484848, 0.82724451, 1.00000000, 1.00000000, 1.00000000
0.262626262626, 0.494949494949, 0.82196860, 1.00000000, 1.00000000, 1.00000000
0.262626262626, 0.505050505051, 0.81740862, 1.00000000, 1.00000000, 1.00000000
0.262626262626, 0.515151515152, 0.81358272, 1.00000000, 1.00000000, 1.00000000
0.262626262626, 0.525252525253, 0.81050616, 1.00000000, 1.00000000, 1.00000000
0.262626262626, 0.535353535354, 0.80819123, 1.00000000, 1.00000000, 1.00000000
0.262626262626, 0.545454545455, 0.80664721, 1.00000000, 1.00000000, 1.00000000
0.262626262626, 0.555555555556, 0.80588035, 1.00000000, 1.00000000, 1.00000000
0.262626262626, 0.565656565657, 0.80589379, 1.00000000, 1.00000000, 1.00000000
0.262626262626, 0.575757575758, 0.80668739, 1.00000000, 1.00000000, 1.00000000
0.262626262626, 0.585858585859, 0.80825794, 1.00000000, 1.00000000, 1.00000000
0.262626262626, 0.595959595960, 0.81059918, 1.00000000, 1.00000000, 1.00000000
0.262626262626, 0.606060606061, 0.81370177, 1.00000000, 1.00000000, 1.00000000
0.262626262626, 0.616161616162, 0.81755340, 1.00000000, 1.00000000, 1.00000000
0.262626262626, 0.626262626263, 0.82213877, 1.00000000, 1.00000000, 1.00000000
0.262626262626, 0.636363636364, 0.82743965, 1.00000000, 1.00000000, 1.00000000
0.262626262626, 0.646464646465, 0.83343499, 1.00000000, 1.00000000, 1.00000000
0.262626262626, 0.656565656566, 0.84010092, 1.00000000, 1.00000000, 1.00000000
0.262626262626, 0.666666666667, 0.84741092, 1.00000000, 1.00000000, 1.00000000
0.262626262626, 0.676767676768, 0.85533586, 1.00000000, 1.00000000, 1.00000000
0.262626262626, 0.686868686869, 0.86384413, 1.00000000, 1.00000000, 1.00000000
0.262626262626, 0.696969696970, 0.87290178, 1.00000000, 1.00000000, 1.00000000
0.262626262626, 0.707070707071, 0.88247261, 1.00000000, 1.00000000, 1.00000000
0.262626262626, 0.717171717172, 0.89251834, 1.00000000, 1.00000000, 1.00000000
0.262626262626, 0.727272727273, 0.90299876, 1.00000000, 1.00000000, 1.00000000
0.262626262626, 0.737373737374, 0.91387189, 1.00000000, 1.00000000, 1.00000000
0.262626262626, 0.747474747475, 0.92509411, 1.00000000, 1.00000000, 1.00000000
0.262626262626, 0.757575757576, 0.93662039, 1.00000000, 1.00000000, 1.00000000
0.262626262626, 0.767676767677, 0.94840443, 1.00000000, 1.00000000, 1.00000000
0.262626262626, 0.777777777778, 0.96039884, 1.00000000, 1.00000000, 1.00000000
0.262626262626, 0.787878787879, 0.97255539, 1.00000000, 1.00000000, 1.00000000
0.262626262626, 0.797979797980, 0.98482513, 1.00000000, 1.00000000, 1.00000000
0.262626262626, 0.808080808081, 0.99715863, 1.00000000, 1.00000000, 1.00000000
0.262626262626, 0.818181818182, 1.00950617, 1.00000000, 1.00000000, 1.00000000
0.262626262626, 0.828282828283, 1.02181795, 1.00000000, 1.00000000, 1.00000000
0.262626262626, 0.838383838384, 1.03404430, 1.00000000, 1.00000000, 1.00000000
0.262626262626, 0.848484848485, 1.04613584, 1.00000000, 1.00000000, 1.00000000
0.262626262626, 0.858585858586, 1.05804373, 1.00000000, 1.00000000, 1.00000000
0.262626262626, 0.868686868687, 1.06971987, 1.00000000, 1.00000000, 1.00000000
0.262626262626, 0.878787878788, 1.08111704, 1.00000000, 1.00000000, 1.00000000
0.262626262626, 0.888888888889, 1.09218917, 1.00000000, 1.00000000, 1.00000000
0.262626262626, 0.898989898990, 1.10289146, 1.00000000, 1.00000000, 1.00000000
0.262626262626, 0.909090909091, 1.11318061, 1.00000000, 1.00000000, 1.00000000
0.262626262626, 0.919191919192, 1.12301498, 1.00000000, 1.00000000, 1.00000000
0.262626262626, 0.929292929293, 1.13235476, 1.00000000, 1.00000000, 1.00000000
0.262626262626, 0.939393939394, 1.14116209, 1.00000000, 1.00000000, 1.00000000
0.262626262626, 0.949494949495, 1.14940119, 1.00000000, 1.00000000, 1.00000000
0.262626262626, 0.959595959596, 1.15703823, 1.00000000, 1.00000000, 1.00000000
0.272727272727, -0.000000000000, 1.18866637, 1.00000000, 1.00000000, 1.00000000
0.272727272727, 0.010101010101, 1.19139190, 1.00000000, 1.00000000, 1.00000000
0.272727272727, 0.020202020202, 1.19339509, 1.00000000, 1.00000000, 1.00000000
0.272727272727, 0.030303030303, 1.19470773, 1.00000000, 1.00000000, 1.00000000
0.272727272727, 0.040404040404, 1.19536028, 1.00000000, 1.00000000, 1.00000000
0.272727272727, 0.050505050505, 1.19536676, 1.00000000, 1.00000000, 1.00000000
0.272727272727, 0.060606060606, 1.19471824, 1.00000000, 1.00000000, 1.00000000
0.272727272727, 0.070707070707, 1.19338875, 1.00000000, 1.00000000, 1.00000000
0.272727272727, 0.080808080808, 1.19134849, 1.00000000, 1.00000000, 1.00000000
0.272727272727, 0.090909090909, 1.18857551, 1.00000000, 1.00000000, 1.00000000
0.272727272727, 0.101010101010, 1.18506084, 1.00000000, 1.00000000, 1.00000000
0.272727272727, 0.111111111111, 1.18080780, 1.00000000, 1.00000000, 1.00000000
0.272727272727, 0.121212121212, 1.17582874, 1.00000000, 1.00000000, 1.00000000
0.272727272727, 0.131313131313, 1.17014205, 1.00000000, 1.00000000, 1.00000000
0.272727272727, 0.141414141414, 1.16377023, 1.00000000, 1.00000000, 1.00000000
0.272727272727, 0.151515151515, 1.15673898, 1.00000000, 1.00000000, 1.00000000
0.272727272727, 0.161616161616, 1.14907677, 1.00000000, 1.00000000, 1.00000000
0.272727272727, 0.171717171717, 1.14081464, 1.00000000, 1.00000000, 1.00000000
0.272727272727, 0.181818181818, 1.13198606, 1.00000000, 1.00000000, 1.00000000
0.272727272727, 0.191919191919, 1.12262679, 1.00000000, 1.00000000, 1.00000000
0.272727272727, 0.202020202020, 1.11277472, 1.00000000, 1.00000000, 1.00000000
0.272727272727, 0.212121212121, 1.10246975, 1.00000000, 1.00000000, 1.00000000
0.272727272727, 0.222222222222, 1.09175357, 1.00000000, 1.00000000, 1.00000000
0.272727272727, 0.232323232323, 1.08066954, 1.00000000, 1.00000000, 1.00000000
0.272727272727, 0.242424242424, 1.06926249, 1.00000000, 1.00000000, 1.00000000
0.272727272727, 0.252525252525, 1.05757852, 1.00000000, 1.00000000, 1.00000000
0.272727272727, 0.262626262626, 1.04566487, 1.00000000, 1.00000000, 1.00000000
0.272727272727, 0.272727272727, 1.03356964, 1.00000000, 1.00000000, 1.00000000
0.272727272727, 0.282828282828, 1.02134167, 1.00000000, 1.00000000, 1.00000000
0.272727272727, 0.292929292929, 1.00903031, 1.00000000, 1.00000000, 1.00000000
0.272727272727, 0.303030303030, 0.99668520, 1.00000000, 1.00000000, 1.00000000
0.272727272727, 0.313131313131, 0.98435611, 1.00000000, 1.00000000, 1.00000000
0.272727272727, 0.323232323232, 0.97209270, 1.00000000, 1.00000000, 1.00000000
0.272727272727, 0.333333333333, 0.95994434, 1.00000000, 1.00000000, 1.00000000
0.272727272727, 0.343434343434, 0.94795989, 1.00000000, 1.00000000, 1.00000000
0.272727272727, 0.353535353535, 0.93618753, 1.00000000, 1.00000000, 1.00000000
0.272727272727, 0.363636363636, 0.92467454, 1.00000000, 1.00000000, 1.00000000
0.272727272727, 0.373737373737, 0.91346713, 1.00000000, 1.00000000, 1.00000000
0.272727272727, 0.383838383838, 0.90261024, 1.00000000, 1.00000000, 1.00000000
0.272727272727, 0.393939393939, 0.89214738, 1.00000000, 1.00000000, 1.00000000
0.272727272727, 0.404040404040, 0.88212043, 1.00000000, 1.00000000, 1.00000000
0.272727272727, 0.414141414141, 0.87256950, 1.00000000, 1.00000000, 1.00000000
0.272727272727, 0.424242424242, 0.86353276, 1.00000000, 1.00000000, 1.00000000
0.272727272727, 0.434343434343, 0.85504630, 1.00000000, 1.00000000, 1.00000000
0.272727272727, 0.444444444444, 0.84714398, 1.00000000, 1.00000000, 1.00000000
0.272727272727, 0.454545454545, 0.83985731, 1.00000000, 1.00000000, 1.00000000
0.272727272727, 0.464646464646, 0.83321534, 1.00000000, 1.00000000, 1.00000000
0.272727272727, 0.474747474747, 0.82724451, 1.00000000, 1.00000000, 1.00000000
0.272727272727, 0.484848484848, 0.82196860, 1.00000000, 1.00000000, 1.00000000
0.272727272727, 0.494949494949, 0.81740862, 1.00000000, 1.00000000, 1.00000000
0.272727272727, 0.505050505051, 0.81358272, 1.00000000, 1.00000000, 1.00000000
0.272727272727, 0.515151515152, 0.81050616, 1.00000000, 1.00000000, 1.00000000
0.272727272727, 0.525252525253, 0.80819123, 1.00000000, 1.00000000, 1.00000000
0.272727272727, 0.535353535354, 0.80664721, 1.00000000, 1.00000000, 1.00000000
0.272727272727, 0.545454545455, 0.80588035, 1.00000000, 1.00000000, 1.00000000
0.272727272727, 0.555555555556, 0.80589379, 1.00000000, 1.00000000, 1.00000000
0.272727272727, 0.565656565657, 0.80668739, 1.00000000, 1.00000000, 1.00000000
0.272727272727, 0.575757575758, 0.80825794, 1.00000000, 1.00000000, 1.00000000
0.272727272727, 0.585858585859, 0.81059918, 1.00000000, 1.00000000, 1.00000000
0.272727272727, 0.595959595960, 0.81370177, 1.00000000, 1.00000000, 1.00000000
0.272727272727, 0.606060606061, 0.81755340, 1.00000000, 1.00000000, 1.00000000
0.272727272727, 0.616161616162, 0.82213877, 1.00000000, 1.00000000, 1.00000000
0.272727272727, 0.626262626263, 0.82743965, 1.00000000, 1.00000000, 1.00000000
0.272727272727, 0.636363636364, 0.83343499, 1.00000000, 1.00000000, 1.00000000
0.272727272727, 0.646464646465, 0.84010092, 1.00000000, 1.00000000, 1.00000000
0.272727272727, 0.656565656566, 0.84741092, 1.00000000, 1.00000000, 1.00000000
0.272727272727, 0.666666666667, 0.85533586, 1.00000000, 1.00000000, 1.00000000
0.272727272727, 0.676767676768, 0.86384413, 1.00000000, 1.00000000, 1.00000000
0.272727272727, 0.686868686869, 0.87290178, 1.00000000, 1.00000000, 1.00000000
0.272727272727, 0.696969696970, 0.88247261, 1.00000000, 1.00000000, 1.00000000
0.272727272727, 0.707070707071, 0.89251834, 1.00000000, 1.00000000, 1.00000000
0.272727272727, 0.717171717172, 0.90299876, 1.00000000, 1.00000000, 1.00000000
0.272727272727, 0.727272727273, 0.91387189, 1.00000000, 1.00000000, 1.00000000
0.272727272727, 0.737373737374, 0.92509411, 1.00000000, 1.00000000, 1.00000000
0.272727272727, 0.747474747475, 0.93662039, 1.00000000, 1.00000000, 1.00000000
0.272727272727, 0.757575757576, 0.94840443, 1.00000000, 1.00000000, 1.00000000
0.272727272727, 0.767676767677, 0.96039884, 1.00000000, 1.00000000, 1.00000000
0.272727272727, 0.777777777778, 0.97255539, 1.00000000, 1.00000000, 1.00000000
0.272727272727, 0.787878787879, 0.98482513, 1.00000000, 1.00000000, 1.00000000
0.272727272727, 0.797979797980, 0.99715863, 1.00000000, 1.00000000, 1.00000000
0.272727272727, 0.808080808081, 1.00950617, 1.00000000, 1.00000000, 1.00000000
0.272727272727, 0.818181818182, 1.02181795, 1.00000000, 1.00000000, 1.00000000
0.272727272727, 0.828282828283, 1.03404430, 1.00000000, 1.00000000, 1.00000000
0.272727272727, 0.838383838384, 1.04613584, 1.00000000, 1.00000000, 1.00000000
0.272727272727, 0.848484848485, 1.05804373, 1.00000000, 1.00000000, 1.00000000
0.272727272727, 0.858585858586, 1.06971987, 1.00000000, 1.00000000, 1.00000000
0.272727272727, 0.868686868687, 1.08111704, 1.00000000, 1.00000000, 1.00000000
0.272727272727, 0.878787878788, 1.09218917, 1.00000000, 1.00000000, 1.00000000
0.272727272727, 0.888888888889, 1.10289146, 1.00000000, 1.00000000, 1.00000000
0.272727272727, 0.898989898990, 1.11318061, 1.00000000, 1.00000000, 1.00000000
0.272727272727, 0.909090909091, 1.12301499, 1.00000000, 1.00000000, 1.00000000
0.272727272727, 0.919191919192, 1.13235477, 1.00000000, 1.00000000, 1.00000000
0.272727272727, 0.929292929293, 1.14116215, 1.00000000, 1.00000000, 1.00000000
0.272727272727, 0.939393939394, 1.14940145, 1.00000000, 1.00000000, 1.00000000
0.272727272727, 0.949494949495, 1.15703926, 1.00000000, 1.00000000, 1.00000000
0.272727272727, 0.959595959596, 1.16404449, 1.00000000, 1.00000000, 1.00000000
0.282828282828, -0.000000000000, 1.19147170, 1.00000000, 1.00000000, 1.00000000
0.282828282828, 0.010101010101, 1.19349929, 1.00000000, 1.00000000, 1.00000000
0.282828282828, 0.020202020202, 1.19482247, 1.00000000, 1.00000000, 1.00000000
0.282828282828, 0.030303030303, 1.19546667, 1.00000000, 1.00000000, 1.00000000
0.282828282828, 0.040404040404, 1.19544957, 1.00000000, 1.00000000, 1.00000000
0.282828282828, 0.050505050505, 1.19477198, 1.00000000, 1.00000000, 1.00000000
0.282828282828, 0.060606060606, 1.19341738, 1.00000000, 1.00000000, 1.00000000
0.282828282828, 0.070707070707, 1.19136060, 1.00000000, 1.00000000, 1.00000000
0.282828282828, 0.080808080808, 1.18857921, 1.00000000, 1.00000000, 1.00000000
0.282828282828, 0.090909090909, 1.18506135, 1.00000000, 1.00000000, 1.00000000
0.282828282828, 0.101010101010, 1.18080755, 1.00000000, 1.00000000, 1.00000000
0.282828282828, 0.111111111111, 1.17582850, 1.00000000, 1.00000000, 1.00000000
0.282828282828, 0.121212121212, 1.17014193, 1.00000000, 1.00000000, 1.00000000
0.282828282828, 0.131313131313, 1.16377019, 1.00000000, 1.00000000, 1.00000000
0.282828282828, 0.141414141414, 1.15673897, 1.00000000, 1.00000000, 1.00000000
0.282828282828, 0.151515151515, 1.14907677, 1.00000000, 1.00000000, 1.00000000
0.282828282828, 0.161616161616, 1.14081464, 1.00000000, 1.00000000, 1.00000000
0.282828282828, 0.171717171717, 1.13198606, 1.00000000, 1.00000000, 1.00000000
0.282828282828, 0.181818181818, 1.12262679, 1.00000000, 1.00000000, 1.00000000
0.282828282828, 0.191919191919, 1.11277472, 1.00000000, 1.00000000, 1.00000000
0.282828282828, 0.202020202020, 1.10246975, 1.00000000, 1.00000000, 1.00000000
0.282828282828, 0.212121212121, 1.09175357, 1.00000000, 1.00000000, 1.00000000
0.282828282828, 0.222222222222, 1.08066954, 1.00000000, 1.00000000, 1.00000000
0.282828282828, 0.232323232323, 1.06926249, 1.00000000, 1.00000000, 1.00000000
0.282828282828, 0.242424242424, 1.05757852, 1.00000000, 1.00000000, 1.00000000
0.282828282828, 0.252525252525, 1.04566487, 1.00000000, 1.00000000, 1.00000000
0.282828282828, 0.262626262626, 1.03356964, 1.00000000, 1.00000000, 1.00000000
0.282828282828, 0.272727272727, 1.02134167, 1.00000000, 1.00000000, 1.00000000
0.282828282828, 0.282828282828, 1.00903031, 1.00000000, 1.00000000, 1.00000000
0.282828282828, 0.292929292929, 0.99668520, 1.00000000, 1.00000000, 1.00000000
0.282828282828, 0.303030303030, 0.98435611, 1.00000000, 1.00000000, 1.00000000
0.282828282828, 0.313131313131, 0.97209270, 1.00000000, 1.00000000, 1.00000000
0.282828282828, 0.323232323232, 0.95994434, 1.00000000, 1.00000000, 1.00000000
0.282828282828, 0.333333333333, 0.94795989, 1.00000000, 1.00000000, 1.00000000
0.282828282828, 0.343434343434, 0.93618753, 1.00000000, 1.00000000, 1.00000000
0.282828282828, 0.353535353535, 0.92467454, 1.00000000, 1.00000000, 1.00000000
0.282828282828, 0.363636363636, 0.91346713, 1.00000000, 1.00000000, 1.00000000
0.282828282828, 0.373737373737, 0.90261024, 1.00000000, 1.00000000, 1.00000000
0.282828282828, 0.383838383838, 0.89214738, 1.00000000, 1.00000000, 1.00000000
0.282828282828, 0.393939393939, 0.88212043, 1.00000000, 1.00000000, 1.00000000
0.282828282828, 0.404040404040, 0.87256950, 1.00000000, 1.00000000, 1.00000000
0.282828282828, 0.414141414141, 0.86353276, 1.00000000, 1.00000000, 1.00000000
0.282828282828, 0.424242424242, 0.85504630, 1.00000000, 1.00000000, 1.00000000
0.282828282828, 0.434343434343, 0.84714398, 1.00000000, 1.00000000, 1.00000000
0.282828282828, 0.444444444444, 0.83985731, 1.00000000, 1.00000000, 1.00000000
0.282828282828, 0.454545454545, 0.83321534, 1.00000000, 1.00000000, 1.00000000
0.282828282828, 0.464646464646, 0.82724451, 1.00000000, 1.00000000, 1.00000000
0.282828282828, 0.474747474747, 0.82196860, 1.00000000, 1.00000000, 1.00000000
0.282828282828, 0.484848484848, 0.81740862, 1.00000000, 1.00000000, 1.00000000
0.282828282828, 0.494949494949, 0.81358272, 1.00000000, 1.00000000, 1.00000000
0.282828282828, 0.505050505051, 0.81050616, 1.00000000, 1.00000000, 1.00000000
0.282828282828, 0.515151515152, 0.80819123, 1.00000000, 1.00000000, 1.00000000
0.282828282828, 0.525252525253, 0.80664721, 1.00000000, 1.00000000, 1.00000000
0.282828282828, 0.535353535354, 0.80588035, 1.00000000, 1.00000000, 1.00000000
0.282828282828, 0.545454545455, 0.80589379, 1.00000000, 1.00000000, 1.00000000
0.282828282828, 0.555555555556, 0.80668739, 1.00000000, 1.00000000, 1.00000000
0.282828282828, 0.565656565657, 0.80825794, 1.00000000, 1.00000000, 1.00000000
0.282828282828, 0.575757575758, 0.81059918, 1.00000000, 1.00000000, 1.00000000
0.282828282828, 0.585858585859, 0.81370177, 1.00000000, 1.00000000, 1.00000000
0.282828282828, 0.595959595960, 0.81755340, 1.00000000, 1.00000000, 1.00000000
0.282828282828, 0.606060606061, 0.82213877, 1.00000000, 1.00000000, 1.00000000
0.282828282828, 0.616161616162, 0.82743965, 1.00000000, 1.00000000, 1.00000000
0.282828282828, 0.626262626263, 0.83343499, 1.00000000, 1.00000000, 1.00000000
0.282828282828, 0.636363636364, 0.84010092, 1.00000000, 1.00000000, 1.00000000
0.282828282828, 0.646464646465, 0.84741092, 1.00000000, 1.00000000, 1.00000000
0.282828282828, 0.656565656566, 0.85533586, 1.00000000, 1.00000000, 1.00000000
0.282828282828, 0.666666666667, 0.86384413, 1.00000000, 1.00000000, 1.00000000
0.282828282828, 0.676767676768, 0.87290178, 1.00000000, 1.00000000, 1.00000000
0.282828282828, 0.686868686869, 0.88247261, 1.00000000, 1.00000000, 1.00000000
0.282828282828, 0.696969696970, 0.89251834, 1.00000000, 1.00000000, 1.00000000
0.282828282828, 0.707070707071, 0.90299876, 1.00000000, 1.00000000, 1.00000000
0.282828282828, 0.717171717172, 0.91387189, 1.00000000, 1.00000000, 1.00000000
0.282828282828, 0.727272727273, 0.92509411, 1.00000000, 1.00000000, 1.00000000
0.282828282828, 0.737373737374, 0.93662039, 1.00000000, 1.00000000, 1.00000000
0.282828282828, 0.747474747475, 0.94840443, 1.00000000, 1.00000000, 1.00000000
0.282828282828, 0.757575757576, 0.96039884, 1.00000000, 1.00000000, 1.00000000
0.282828282828, 0.767676767677, 0.97255539, 1.00000000, 1.00000000, 1.00000000
0.282828282828, 0.777777777778, 0.98482513, 1.00000000, 1.00000000, 1.00000000
0.282828282828, 0.787878787879, 0.99715863, 1.00000000, 1.00000000, 1.00000000
0.282828282828, 0.797979797980, 1.00950617, 1.00000000, 1.00000000, 1.00000000
0.282828282828, 0.808080808081, 1.02181795, 1.00000000, 1.00000000, 1.00000000
0.282828282828, 0.818181818182, 1.03404430, 1.00000000, 1.00000000, 1.00000000
0.282828282828, 0.828282828283, 1.04613584, 1.00000000, 1.00000000, 1.00000000
0.282828282828, 0.838383838384, 1.05804373, 1.00000000, 1.00000000, 1.00000000
0.282828282828, 0.848484848485, 1.06971987, 1.00000000, 1.00000000, 1.00000000
0.282828282828, 0.858585858586, 1.08111704, 1.00000000, 1.00000000, 1.00000000
0.282828282828, 0.868686868687, 1.09218917, 1.00000000, 1.00000000, 1.00000000
0.282828282828, 0.878787878788, 1.10289146, 1.00000000, 1.00000000, 1.00000000
0.282828282828, 0.888888888889, 1.11318061, 1.00000000, 1.00000000, 1.00000000
0.282828282828, 0.898989898990, 1.12301499, 1.00000000, 1.00000000, 1.00000000
0.282828282828, 0.909090909091, 1.13235477, 1.00000000, 1.00000000, 1.00000000
0.282828282828, 0.919191919192, 1.14116215, 1.00000000, 1.00000000, 1.00000000
0.282828282828, 0.929292929293, 1.14940147, 1.00000000, 1.00000000, 1.00000000
0.282828282828, 0.939393939394, 1.15703937, 1.00000000, 1.00000000, 1.00000000
0.282828282828, 0.949494949495, 1.16404495, 1.00000000, 1.00000000, 1.00000000
0.282828282828, 0.959595959596, 1.17038999, 1.00000000, 1.00000000, 1.00000000
0.292929292929, -0.000000000000, 1.19350502, 1.00000000, 1.00000000, 1.00000000
0.292929292929, 0.010101010101, 1.19482647, 1.00000000, 1.00000000, 1.00000000
0.292929292929, 0.020202020202, 1.19546425, 1.00000000, 1.00000000, 1.00000000
0.292929292929, 0.030303030303, 1.19543741, 1.00000000, 1.00000000, 1.00000000
0.292929292929, 0.040404040404, 1.19475078, 1.00000000, 1.00000000, 1.00000000
0.292929292929, 0.050505050505, 1.19339187, 1.00000000, 1.00000000, 1.00000000
0.292929292929, 0.060606060606, 1.19133670, 1.00000000, 1.00000000, 1.00000000
0.292929292929, 0.070707070707, 1.18856099, 1.00000000, 1.00000000, 1.00000000
0.292929292929, 0.080808080808, 1.18504979, 1.00000000, 1.00000000, 1.00000000
0.292929292929, 0.090909090909, 1.18080135, 1.00000000, 1.00000000, 1.00000000
0.292929292929, 0.101010101010, 1.17582568, 1.00000000, 1.00000000, 1.00000000
0.292929292929, 0.111111111111, 1.17014084, 1.00000000, 1.00000000, 1.00000000
0.292929292929, 0.121212121212, 1.16376983, 1.00000000, 1.00000000, 1.00000000
0.292929292929, 0.131313131313, 1.15673887, 1.00000000, 1.00000000, 1.00000000
0.292929292929, 0.141414141414, 1.14907674, 1.00000000, 1.00000000, 1.00000000
0.292929292929, 0.151515151515, 1.14081463, 1.00000000, 1.00000000, 1.00000000
0.292929292929, 0.161616161616, 1.13198606, 1.00000000, 1.00000000, 1.00000000
0.292929292929, 0.171717171717, 1.12262679, 1.00000000, 1.00000000, 1.00000000
0.292929292929, 0.181818181818, 1.11277472, 1.00000000, 1.00000000, 1.00000000
0.292929292929, 0.191919191919, 1.10246975, 1.00000000, 1.00000000, 1.00000000
0.292929292929, 0.202020202020, 1.09175357, 1.00000000, 1.00000000, 1.00000000
0.292929292929, 0.212121212121, 1.08066954, 1.00000000, 1.00000000, 1.00000000
0.292929292929, 0.222222222222, 1.06926249, 1.00000000, 1.00000000, 1.00000000
0.292929292929, 0.232323232323, 1.05757852, 1.00000000, 1.00000000, 1.00000000
0.292929292929, 0.242424242424, 1.04566487, 1.00000000, 1.00000000, 1.00000000
0.292929292929, 0.252525252525, 1.03356964, 1.00000000, 1.00000000, 1.00000000
0.292929292929, 0.262626262626, 1.02134167, 1.00000000, 1.00000000, 1.00000000
0.292929292929, 0.272727272727, 1.00903031, 1.00000000, 1.00000000, 1.00000000
0.292929292929, 0.282828282828, 0.99668520, 1.00000000, 1.00000000, 1.00000000
0.292929292929, 0.292929292929, 0.98435611, 1.00000000, 1.00000000, 1.00000000
0.292929292929, 0.303030303030, 0.97209270, 1.00000000, 1.00000000, 1.00000000
0.292929292929, 0.313131313131, 0.95994434, 1.00000000, 1.00000000, 1.00000000
0.292929292929, 0.323232323232, 0.94795989, 1.00000000, 1.00000000, 1.00000000
0.292929292929, 0.333333333333, 0.93618753, 1.00000000, 1.00000000, 1.00000000
0.292929292929, 0.343434343434, 0.92467454, 1.00000000, 1.00000000, 1.00000000
0.292929292929, 0.353535353535, 0.91346713, 1.00000000, 1.00000000, 1.00000000
0.292929292929, 0.363636363636, 0.90261024, 1.00000000, 1.00000000, 1.00000000
0.292929292929, 0.373737373737, 0.89214738, 1.00000000, 1.00000000, 1.00000000
0.292929292929, 0.383838383838, 0.88212043, 1.00000000, 1.00000000, 1.00000000
0.292929292929, 0.393939393939, 0.87256950, 1.00000000, 1.00000000, 1.00000000
0.292929292929, 0.404040404040, 0.86353276, 1.00000000, 1.00000000, 1.00000000
0.292929292929, 0.414141414141, 0.85504630, 1.00000000, 1.00000000, 1.00000000
0.292929292929, 0.424242424242, 0.84714398, 1.00000000, 1.00000000, 1.00000000
0.292929292929, 0.434343434343, 0.83985731, 1.00000000, 1.00000000, 1.00000000
0.292929292929, 0.444444444444, 0.83321534, 1.00000000, 1.00000000, 1.00000000
0.292929292929, 0.454545454545, 0.82724451, 1.00000000, 1.00000000, 1.00000000
0.292929292929, 0.464646464646, 0.82196860, 1.00000000, 1.00000000, 1.00000000
0.292929292929, 0.474747474747, 0.81740862, 1.00000000, 1.00000000, 1.00000000
0.292929292929, 0.484848484848, 0.81358272, 1.00000000, 1.00000000, 1.00000000
0.292929292929, 0.494949494949, 0.81050616, 1.00000000, 1.00000000, 1.00000000
0.292929292929, 0.505050505051, 0.80819123, 1.00000000, 1.00000000, 1.00000000
0.292929292929, 0.515151515152, 0.80664721, 1.00000000, 1.00000000, 1.00000000
0.292929292929, 0.525252525253, 0.80588035, 1.00000000, 1.00000000, 1.00000000
0.292929292929, 0.535353535354, 0.80589379, 1.00000000, 1.00000000, 1.00000000
0.292929292929, 0.545454545455, 0.80668739, 1.00000000, 1.00000000, 1.00000000
0.292929292929, 0.555555555556, 0.80825794, 1.00000000, 1.00000000, 1.00000000
0.292929292929, 0.565656565657, 0.81059918, 1.00000000, 1.00000000, 1.00000000
0.292929292929, 0.575757575758, 0.81370177, 1.00000000, 1.00000000, 1.00000000
0.292929292929, 0.585858585859, 0.81755340, 1.00000000, 1.00000000, 1.00000000
0.292929292929, 0.595959595960, 0.82213877, 1.00000000, 1.00000000, 1.00000000
0.292929292929, 0.606060606061, 0.82743965, 1.00000000, 1.00000000, 1.00000000
0.292929292929, 0.616161616162, 0.83343499, 1.00000000, 1.00000000, 1.00000000
0.292929292929, 0.626262626263, 0.84010092, 1.00000000, 1.00000000, 1.00000000
0.292929292929, 0.636363636364, 0.84741092, 1.00000000, 1.00000000, 1.00000000
0.292929292929, 0.646464646465, 0.85533586, 1.00000000, 1.00000000, 1.00000000
0.292929292929, 0.656565656566, 0.86384413, 1.00000000, 1.00000000, 1.00000000
0.292929292929, 0.666666666667, 0.87290178, 1.00000000, 1.00000000, 1.00000000
0.292929292929, 0.676767676768, 0.88247261, 1.00000000, 1.00000000, 1.00000000
0.292929292929, 0.686868686869, 0.89251834, 1.00000000, 1.00000000, 1.00000000
0.292929292929, 0.696969696970, 0.90299876, 1.00000000, 1.00000000, 1.00000000
0.292929292929, 0.707070707071, 0.91387189, 1.00000000, 1.00000000, 1.00000000
0.292929292929, 0.717171717172, 0.92509411, 1.00000000, 1.00000000, 1.00000000
0.292929292929, 0.727272727273, 0.93662039, 1.00000000, 1.00000000, 1.00000000
0.292929292929, 0.737373737374, 0.94840443, 1.00000000, 1.00000000, 1.00000000
0.292929292929, 0.747474747475, 0.96039884, 1.00000000, 1.00000000, 1.00000000
0.292929292929, 0.757575757576, 0.97255539, 1.00000000, 1.00000000, 1.00000000
0.292929292929, 0.767676767677, 0.98482513, 1.00000000, 1.00000000, 1.00000000
0.292929292929, 0.777777777778, 0.99715863, 1.00000000, 1.00000000, 1.00000000
0.292929292929, 0.787878787879, 1.00950617, 1.00000000, 1.00000000, 1.00000000
0.292929292929, 0.797979797980, 1.02181795, 1.00000000, 1.00000000, 1.00000000
0.292929292929, 0.808080808081, 1.03404430, 1.00000000, 1.00000000, 1.00000000
0.292929292929, 0.818181818182, 1.04613584, 1.00000000, 1.00000000, 1.00000000
0.292929292929, 0.828282828283, 1.05804373, 1.00000000, 1.00000000, 1.00000000
0.292929292929, 0.838383838384, 1.06971987, 1.00000000, 1.00000000, 1.00000000
0.292929292929, 0.848484848485, 1.08111704, 1.00000000, 1.00000000, 1.00000000
0.292929292929, 0.858585858586, 1.09218917, 1.00000000, 1.00000000, 1.00000000
0.292929292929, 0.868686868687, 1.10289146, 1.00000000, 1.00000000, 1.00000000
0.292929292929, 0.878787878788, 1.11318061, 1.00000000, 1.00000000, 1.00000000
0.292929292929, 0.888888888889, 1.12301499, 1.00000000, 1.00000000, 1.00000000
0.292929292929, 0.898989898990, 1.13235477, 1.00000000, 1.00000000, 1.00000000
0.292929292929, 0.909090909091, 1.14116215, 1.00000000, 1.00000000, 1.00000000
0.292929292929, 0.919191919192, 1.14940147, 1.00000000, 1.00000000, 1.00000000
0.292929292929, 0.929292929293, 1.15703935, 1.00000000, 1.00000000, 1.00000000
0.292929292929, 0.939393939394, 1.16404490, 1.00000000, 1.00000000, 1.00000000
0.292929292929, 0.949494949495, 1.17038988, 1.00000000, 1.00000000, 1.00000000
0.292929292929, 0.959595959596, 1.17604900, 1.00000000, 1.00000000, 1.00000000
0.303030303030, -0.000000000000, 1.19475813, 1.00000000, 1.00000000, 1.00000000
0.303030303030, 0.010101010101, 1.19536804, 1.00000000, 1.00000000, 1.00000000
0.303030303030, 0.020202020202, 1.19531785, 1.00000000, 1.00000000, 1.00000000
0.303030303030, 0.030303030303, 1.19462012, 1.00000000, 1.00000000, 1.00000000
0.303030303030, 0.040404040404, 1.19326675, 1.00000000, 1.00000000, 1.00000000
0.303030303030, 0.050505050505, 1.19123203, 1.00000000, 1.00000000, 1.00000000
0.303030303030, 0.060606060606, 1.18848462, 1.00000000, 1.00000000, 1.00000000
0.303030303030, 0.070707070707, 1.18500126, 1.00000000, 1.00000000, 1.00000000
0.303030303030, 0.080808080808, 1.18077452, 1.00000000, 1.00000000, 1.00000000
0.303030303030, 0.090909090909, 1.17581278, 1.00000000, 1.00000000, 1.00000000
0.303030303030, 0.101010101010, 1.17013545, 1.00000000, 1.00000000, 1.00000000
0.303030303030, 0.111111111111, 1.16376788, 1.00000000, 1.00000000, 1.00000000
0.303030303030, 0.121212121212, 1.15673826, 1.00000000, 1.00000000, 1.00000000
0.303030303030, 0.131313131313, 1.14907658, 1.00000000, 1.00000000, 1.00000000
0.303030303030, 0.141414141414, 1.14081459, 1.00000000, 1.00000000, 1.00000000
0.303030303030, 0.151515151515, 1.13198605, 1.00000000, 1.00000000, 1.00000000
0.303030303030, 0.161616161616, 1.12262678, 1.00000000, 1.00000000, 1.00000000
0.303030303030, 0.171717171717, 1.11277472, 1.00000000, 1.00000000, 1.00000000
0.303030303030, 0.181818181818, 1.10246975, 1.00000000, 1.00000000, 1.00000000
0.303030303030, 0.191919191919, 1.09175357, 1.00000000, 1.00000000, 1.00000000
0.303030303030, 0.202020202020, 1.08066954, 1.00000000, 1.00000000, 1.00000000
0.303030303030, 0.212121212121, 1.06926249, 1.00000000, 1.00000000, 1.00000000
0.303030303030, 0.222222222222, 1.05757852, 1.00000000, 1.00000000, 1.00000000
0.303030303030, 0.232323232323, 1.04566487, 1.00000000, 1.00000000, 1.00000000
0.303030303030, 0.242424242424, 1.03356964, 1.00000000, 1.00000000, 1.00000000
0.303030303030, 0.252525252525, 1.02134167, 1.00000000, 1.00000000, 1.00000000
0.303030303030, 0.262626262626, 1.00903031, 1.00000000, 1.00000000, 1.00000000
0.303030303030, 0.272727272727, 0.99668520, 1.00000000, 1.00000000, 1.00000000
0.303030303030, 0.282828282828, 0.98435611, 1.00000000, 1.00000000, 1.00000000
0.303030303030, 0.292929292929, 0.97209270, 1.00000000, 1.00000000, 1.00000000
0.303030303030, 0.303030303030, 0.95994434, 1.00000000, 1.00000000, 1.00000000
0.303030303030, 0.313131313131, 0.94795989, 1.00000000, 1.00000000, 1.00000000
0.303030303030, 0.323232323232, 0.93618753, 1.00000000, 1.00000000, 1.00000000
0.303030303030, 0.333333333333, 0.92467454, 1.00000000, 1.00000000, 1.00000000
0.303030303030, 0.343434343434, 0.91346713, 1.00000000, 1.00000000, 1.00000000
0.303030303030, 0.353535353535, 0.90261024, 1.00000000, 1.00000000, 1.00000000
0.303030303030, 0.363636363636, 0.89214738, 1.00000000, 1.00000000, 1.00000000
0.303030303030, 0.373737373737, 0.88212043, 1.00000000, 1.00000000, 1.00000000
0.303030303030, 0.383838383838, 0.87256950, 1.00000000, 1.00000000, 1.00000000
0.303030303030, 0.393939393939, 0.86353276, 1.00000000, 1.00000000, 1.00000000
0.303030303030, 0.404040404040, 0.85504630, 1.00000000, 1.00000000, 1.00000000
0.303030303030, 0.414141414141, 0.84714398, 1.00000000, 1.00000000, 1.00000000
0.303030303030, 0.424242424242, 0.83985731, 1.00000000, 1.00000000, 1.00000000
0.303030303030, 0.434343434343, 0.83321534, 1.00000000, 1.00000000, 1.00000000
0.303030303030, 0.444444444444, 0.82724451, 1.00000000, 1.00000000, 1.00000000
0.303030303030, 0.454545454545, 0.82196860, 1.00000000, 1.00000000, 1.00000000
0.303030303030, 0.464646464646, 0.81740862, 1.00000000, 1.00000000, 1.00000000
0.303030303030, 0.474747474747, 0.81358272, 1.00000000, 1.00000000, 1.00000000
0.303030303030, 0.484848484848, 0.81050616, 1.00000000, 1.00000000, 1.00000000
0.303030303030, 0.494949494949, 0.80819123, 1.00000000, 1.00000000, 1.00000000
0.303030303030, 0.505050505051, 0.80664721, 1.00000000, 1.00000000, 1.00000000
0.303030303030, 0.515151515152, 0.80588035, 1.00000000, 1.00000000, 1.00000000
0.303030303030, 0.525252525253, 0.80589379, 1.00000000, 1.00000000, 1.00000000
0.303030303030, 0.535353535354, 0.80668739, 1.00000000, 1.00000000, 1.00000000
0.303030303030, 0.545454545455, 0.80825794, 1.00000000, 1.00000000, 1.00000000
0.303030303030, 0.555555555556, 0.81059918, 1.00000000, 1.00000000, 1.00000000
0.303030303030, 0.565656565657, 0.81370177, 1.00000000, 1.00000000, 1.00000000
0.303030303030, 0.575757575758, 0.81755340, 1.00000000, 1.00000000, 1.00000000
0.303030303030, 0.585858585859, 0.82213877, 1.00000000, 1.00000000, 1.00000000
0.303030303030, 0.595959595960, 0.82743965, 1.00000000, 1.00000000, 1.00000000
0.303030303030, 0.606060606061, 0.83343499, 1.00000000, 1.00000000, 1.00000000
0.303030303030, 0.616161616162, 0.84010092, 1.00000000, 1.00000000, 1.00000000
0.303030303030, 0.626262626263, 0.84741092, 1.00000000, 1.00000000, 1.00000000
0.303030303030, 0.636363636364, 0.85533586, 1.00000000, 1.00000000, 1.00000000
0.303030303030, 0.646464646465, 0.86384413, 1.00000000, 1.00000000, 1.00000000
0.303030303030, 0.656565656566, 0.87290178, 1.00000000, 1.00000000, 1.00000000
0.303030303030, 0.666666666667, 0.88247261, 1.00000000, 1.00000000, 1.00000000
0.303030303030, 0.676767676768, 0.89251834, 1.00000000, 1.00000000, 1.00000000
0.303030303030, 0.686868686869, 0.90299876, 1.00000000, 1.00000000, 1.00000000
0.303030303030, 0.696969696970, 0.91387189, 1.00000000, 1.00000000, 1.00000000
0.303030303030, 0.707070707071, 0.92509411, 1.00000000, 1.00000000, 1.00000000
0.303030303030, 0.717171717172, 0.93662039, 1.00000000, 1.00000000, 1.00000000
0.303030303030, 0.727272727273, 0.94840443, 1.00000000, 1.00000000, 1.00000000
0.303030303030, 0.737373737374, 0.96039884, 1.00000000, 1.00000000, 1.00000000
0.303030303030, 0.747474747475, 0.97255539, 1.00000000, 1.00000000, 1.00000000
0.303030303030, 0.757575757576, 0.98482513, 1.00000000, 1.00000000, 1.00000000
0.303030303030, 0.767676767677, 0.99715863, 1.00000000, 1.00000000, 1.00000000
0.303030303030, 0.777777777778, 1.00950617, 1.00000000, 1.00000000, 1.00000000
0.303030303030, 0.787878787879, 1.02181795, 1.00000000, 1.00000000, 1.00000000
0.303030303030, 0.797979797980, 1.03404430, 1.00000000, 1.00000000, 1.00000000
0.303030303030, 0.808080808081, 1.04613584, 1.00000000, 1.00000000, 1.00000000
0.303030303030, 0.818181818182, 1.05804373, 1.00000000, 1.00000000, 1.00000000
0.303030303030, 0.828282828283, 1.06971987, 1.00000000, 1.00000000, 1.00000000
0.303030303030, 0.838383838384, 1.08111704, 1.00000000, 1.00000000, 1.00000000
0.303030303030, 0.848484848485, 1.09218917, 1.00000000, 1.00000000, 1.00000000
0.303030303030, 0.858585858586, 1.10289146, 1.00000000, 1.00000000, 1.00000000
0.303030303030, 0.868686868687, 1.11318061, 1.00000000, 1.00000000, 1.00000000
0.303030303030, 0.878787878788, 1.12301499, 1.00000000, 1.00000000, 1.00000000
0.303030303030, 0.888888888889, 1.13235477, 1.00000000, 1.00000000, 1.00000000
0.303030303030, 0.898989898990, 1.14116215, 1.00000000, 1.00000000, 1.00000000
0.303030303030, 0.909090909091, 1.14940146, 1.00000000, 1.00000000, 1.00000000
0.303030303030, 0.919191919192, 1.15703934, 1.00000000, 1.00000000, 1.00000000
0.303030303030, 0.929292929293, 1.16404485, 1.00000000, 1.00000000, 1.00000000
0.303030303030, 0.939393939394, 1.17038968, 1.00000000, 1.00000000, 1.00000000
0.303030303030, 0.949494949495, 1.17604834, 1.00000000, 1.00000000, 1.00000000
0.303030303030, 0.959595959596, 1.18099862, 1.00000000, 1.00000000, 1.00000000
0.313131313131, -0.000000000000, 1.19522594, 1.00000000, 1.00000000, 1.00000000
0.313131313131, 0.010101010101, 1.19512188, 1.00000000, 1.00000000, 1.00000000
0.313131313131, 0.020202020202, 1.19438398, 1.00000000, 1.00000000, 1.00000000
0.313131313131, 0.030303030303, 1.19301818, 1.00000000, 1.00000000, 1.00000000
0.313131313131, 0.040404040404, 1.19100352, 1.00000000, 1.00000000, 1.00000000
0.313131313131, 0.050505050505, 1.18830119, 1.00000000, 1.00000000, 1.00000000
0.313131313131, 0.060606060606, 1.18487268, 1.00000000, 1.00000000, 1.00000000
0.313131313131, 0.070707070707, 1.18069583, 1.00000000, 1.00000000, 1.00000000
0.313131313131, 0.080808080808, 1.17577074, 1.00000000, 1.00000000, 1.00000000
0.313131313131, 0.090909090909, 1.17011586, 1.00000000, 1.00000000, 1.00000000
0.313131313131, 0.101010101010, 1.16375992, 1.00000000, 1.00000000, 1.00000000
0.313131313131, 0.111111111111, 1.15673544, 1.00000000, 1.00000000, 1.00000000
0.313131313131, 0.121212121212, 1.14907571, 1.00000000, 1.00000000, 1.00000000
0.313131313131, 0.131313131313, 1.14081436, 1.00000000, 1.00000000, 1.00000000
0.313131313131, 0.141414141414, 1.13198600, 1.00000000, 1.00000000, 1.00000000
0.313131313131, 0.151515151515, 1.12262677, 1.00000000, 1.00000000, 1.00000000
0.313131313131, 0.161616161616, 1.11277472, 1.00000000, 1.00000000, 1.00000000
0.313131313131, 0.171717171717, 1.10246975, 1.00000000, 1.00000000, 1.00000000
0.313131313131, 0.181818181818, 1.09175357, 1.00000000, 1.00000000, 1.00000000
0.313131313131, 0.191919191919, 1.08066954, 1.00000000, 1.00000000, 1.00000000
0.313131313131, 0.202020202020, 1.06926249, 1.00000000, 1.00000000, 1.00000000
0.313131313131, 0.212121212121, 1.05757852, 1.00000000, 1.00000000, 1.00000000
0.313131313131, 0.222222222222, 1.04566487, 1.00000000, 1.00000000, 1.00000000
0.313131313131, 0.232323232323, 1.03356964, 1.00000000, 1.00000000, 1.00000000
0.313131313131, 0.242424242424, 1.02134167, 1.00000000, 1.00000000, 1.00000000
0.313131313131, 0.252525252525, 1.00903031, 1.00000000, 1.00000000, 1.00000000
0.313131313131, 0.262626262626, 0.99668520, 1.00000000, 1.00000000, 1.00000000
0.313131313131, 0.272727272727, 0.98435611, 1.00000000, 1.00000000, 1.00000000
0.313131313131, 0.282828282828, 0.97209270, 1.00000000, 1.00000000, 1.00000000
0.313131313131, 0.292929292929, 0.95994434, 1.00000000, 1.00000000, 1.00000000
0.313131313131, 0.303030303030, 0.94795989, 1.00000000, 1.00000000, 1.00000000
0.313131313131, 0.313131313131, 0.93618753, 1.00000000, 1.00000000, 1.00000000
0.313131313131, 0.323232323232, 0.92467454, 1.00000000, 1.00000000, 1.00000000
0.313131313131, 0.333333333333, 0.91346713, 1.00000000, 1.00000000, 1.00000000
0.313131313131, 0.343434343434, 0.90261024, 1.00000000, 1.00000000, 1.00000000
0.313131313131, 0.353535353535, 0.89214738, 1.00000000, 1.00000000, 1.00000000
0.313131313131, 0.363636363636, 0.88212043, 1.00000000, 1.00000000, 1.00000000
0.313131313131, 0.373737373737, 0.87256950, 1.00000000, 1.00000000, 1.00000000
0.313131313131, 0.383838383838, 0.86353276, 1.00000000, 1.00000000, 1.00000000
0.313131313131, 0.393939393939, 0.85504630, 1.00000000, 1.00000000, 1.00000000
0.313131313131, 0.404040404040, 0.84714398, 1.00000000, 1.00000000, 1.00000000
0.313131313131, 0.414141414141, 0.83985731, 1.00000000, 1.00000000, 1.00000000
0.313131313131, 0.424242424242, 0.83321534, 1.00000000, 1.00000000, 1.00000000
0.313131313131, 0.434343434343, 0.82724451, 1.00000000, 1.00000000, 1.00000000
0.313131313131, 0.444444444444, 0.82196860, 1.00000000, 1.00000000, 1.00000000
0.313131313131, 0.454545454545, 0.81740862, 1.00000000, 1.00000000, 1.00000000
0.313131313131, 0.464646464646, 0.81358272, 1.00000000, 1.00000000, 1.00000000
0.313131313131, 0.474747474747, 0.81050616, 1.00000000, 1.00000000, 1.00000000
0.313131313131, 0.484848484848, 0.80819123, 1.00000000, 1.00000000, 1.00000000
0.313131313131, 0.494949494949, 0.80664721, 1.00000000, 1.00000000, 1.00000000
0.313131313131, 0.505050505051, 0.80588035, 1.00000000, 1.00000000, 1.00000000
0.313131313131, 0.515151515152, 0.80589379, 1.00000000, 1.00000000, 1.00000000
0.313131313131, 0.525252525253, 0.80668739, 1.00000000, 1.00000000, 1.00000000
0.313131313131, 0.535353535354, 0.80825794, 1.00000000, 1.00000000, 1.00000000
0.313131313131, 0.545454545455, 0.81059918, 1.00000000, 1.00000000, 1.00000000
0.313131313131, 0.555555555556, 0.81370177, 1.00000000, 1.00000000, 1.00000000
0.313131313131, 0.565656565657, 0.81755340, 1.00000000, 1.00000000, 1.00000000
0.313131313131, 0.575757575758, 0.82213877, 1.00000000, 1.00000000, 1.00000000
0.313131313131, 0.585858585859, 0.82743965, 1.00000000, 1.00000000, 1.00000000
0.313131313131, 0.595959595960, 0.83343499, 1.00000000, 1.00000000, 1.00000000
0.313131313131, 0.606060606061, 0.84010092, 1.00000000, 1.00000000, 1.00000000
0.313131313131, 0.616161616162, 0.84741092, 1.00000000, 1.00000000, 1.00000000
0.313131313131, 0.626262626263, 0.85533586, 1.00000000, 1.00000000, 1.00000000
0.313131313131, 0.636363636364, 0.86384413, 1.00000000, 1.00000000, 1.00000000
0.313131313131, 0.646464646465, 0.87290178, 1.00000000, 1.00000000, 1.00000000
0.313131313131, 0.656565656566, 0.88247261, 1.00000000, 1.00000000, 1.00000000
0.313131313131, 0.666666666667, 0.89251834, 1.00000000, 1.00000000, 1.00000000
0.313131313131, 0.676767676768, 0.90299876, 1.00000000, 1.00000000, 1.00000000
0.313131313131, 0.686868686869, 0.91387189, 1.00000000, 1.00000000, 1.00000000
0.313131313131, 0.696969696970, 0.92509411, 1.00000000, 1.00000000, 1.00000000
0.313131313131, 0.707070707071, 0.93662039, 1.00000000, 1.00000000, 1.00000000
0.313131313131, 0.717171717172, 0.94840443, 1.00000000, 1.00000000, 1.00000000
0.313131313131, 0.727272727273, 0.96039884, 1.00000000, 1.00000000, 1.00000000
0.313131313131, 0.737373737374, 0.97255539, 1.00000000, 1.00000000, 1.00000000
0.313131313131, 0.747474747475, 0.98482513, 1.00000000, 1.00000000, 1.00000000
0.313131313131, 0.757575757576, 0.99715863, 1.00000000, 1.00000000, 1.00000000
0.313131313131, 0.767676767677, 1.00950617, 1.00000000, 1.00000000, 1.00000000
0.313131313131, 0.777777777778, 1.02181795, 1.00000000, 1.00000000, 1.00000000
0.313131313131, 0.787878787879, 1.03404430, 1.00000000, 1.00000000, 1.00000000
0.313131313131, 0.797979797980, 1.04613584, 1.00000000, 1.00000000, 1.00000000
0.313131313131, 0.808080808081, 1.05804373, 1.00000000, 1.00000000, 1.00000000
0.313131313131, 0.818181818182, 1.06971987, 1.00000000, 1.00000000, 1.00000000
0.313131313131, 0.828282828283, 1.08111704, 1.00000000, 1.00000000, 1.00000000
0.313131313131, 0.838383838384, 1.09218917, 1.00000000, 1.00000000, 1.00000000
0.313131313131, 0.848484848485, 1.10289146, 1.00000000, 1.00000000, 1.00000000
0.313131313131, 0.858585858586, 1.11318061, 1.00000000, 1.00000000, 1.00000000
0.313131313131, 0.868686868687, 1.12301499, 1.00000000, 1.00000000, 1.00000000
0.313131313131, 0.878787878788, 1.13235477, 1.00000000, 1.00000000, 1.00000000
0.313131313131, 0.888888888889, 1.14116215, 1.00000000, 1.00000000, 1.00000000
0.313131313131, 0.898989898990, 1.14940146, 1.00000000, 1.00000000, 1.00000000
0.313131313131, 0.909090909091, 1.15703934, 1.00000000, 1.00000000, 1.00000000
0.313131313131, 0.919191919192, 1.16404484, 1.00000000, 1.00000000, 1.00000000
0.313131313131, 0.929292929293, 1.17038960, 1.00000000, 1.00000000, 1.00000000
0.313131313131, 0.939393939394, 1.17604799, 1.00000000, 1.00000000, 1.00000000
0.313131313131, 0.949494949495, 1.18099739, 1.00000000, 1.00000000, 1.00000000
0.313131313131, 0.959595959596, 1.18521877, 1.00000000, 1.00000000, 1.00000000
0.323232323232, -0.000000000000, 1.19490662, 1.00000000, 1.00000000, 1.00000000
0.323232323232, 0.010101010101, 1.19408911, 1.00000000, 1.00000000, 1.00000000
0.323232323232, 0.020202020202, 1.19266650, 1.00000000, 1.00000000, 1.00000000
0.323232323232, 0.030303030303, 1.19063812, 1.00000000, 1.00000000, 1.00000000
0.323232323232, 0.040404040404, 1.18797025, 1.00000000, 1.00000000, 1.00000000
0.323232323232, 0.050505050505, 1.18461121, 1.00000000, 1.00000000, 1.00000000
0.323232323232, 0.060606060606, 1.18051549, 1.00000000, 1.00000000, 1.00000000
0.323232323232, 0.070707070707, 1.17566211, 1.00000000, 1.00000000, 1.00000000
0.323232323232, 0.080808080808, 1.17005871, 1.00000000, 1.00000000, 1.00000000
0.323232323232, 0.090909090909, 1.16373366, 1.00000000, 1.00000000, 1.00000000
0.323232323232, 0.101010101010, 1.15672492, 1.00000000, 1.00000000, 1.00000000
0.323232323232, 0.111111111111, 1.14907204, 1.00000000, 1.00000000, 1.00000000
0.323232323232, 0.121212121212, 1.14081325, 1.00000000, 1.00000000, 1.00000000
0.323232323232, 0.131313131313, 1.13198570, 1.00000000, 1.00000000, 1.00000000
0.323232323232, 0.141414141414, 1.12262671, 1.00000000, 1.00000000, 1.00000000
0.323232323232, 0.151515151515, 1.11277471, 1.00000000, 1.00000000, 1.00000000
0.323232323232, 0.161616161616, 1.10246975, 1.00000000, 1.00000000, 1.00000000
0.323232323232, 0.171717171717, 1.09175357, 1.00000000, 1.00000000, 1.00000000
0.323232323232, 0.181818181818, 1.08066954, 1.00000000, 1.00000000, 1.00000000
0.323232323232, 0.191919191919, 1.06926249, 1.00000000, 1.00000000, 1.00000000
0.323232323232, 0.202020202020, 1.05757852, 1.00000000, 1.00000000, 1.00000000
0.323232323232, 0.212121212121, 1.04566487, 1.00000000, 1.00000000, 1.00000000
0.323232323232, 0.222222222222, 1.03356964, 1.00000000, 1.00000000, 1.00000000
0.323232323232, 0.232323232323, 1.02134167, 1.00000000, 1.00000000, 1.00000000
0.323232323232, 0.242424242424, 1.00903031, 1.00000000, 1.00000000, 1.00000000
0.323232323232, 0.252525252525, 0.99668520, 1.00000000, 1.00000000, 1.00000000
0.323232323232, 0.262626262626, 0.98435611, 1.00000000, 1.00000000, 1.00000000
0.323232323232, 0.272727272727, 0.97209270, 1.00000000, 1.00000000, 1.00000000
0.323232323232, 0.282828282828, 0.95994434, 1.00000000, 1.00000000, 1.00000000
0.323232323232, 0.292929292929, 0.94795989, 1.00000000, 1.00000000, 1.00000000
0.323232323232, 0.303030303030, 0.93618753, 1.00000000, 1.00000000, 1.00000000
0.323232323232, 0.313131313131, 0.92467454, 1.00000000, 1.00000000, 1.00000000
0.323232323232, 0.323232323232, 0.91346713, 1.00000000, 1.00000000, 1.00000000
0.323232323232, 0.333333333333, 0.90261024, 1.00000000, 1.00000000, 1.00000000
0.323232323232, 0.343434343434, 0.89214738, 1.00000000, 1.00000000, 1.00000000
0.323232323232, 0.353535353535, 0.88212043, 1.00000000, 1.00000000, 1.00000000
0.323232323232, 0.363636363636, 0.87256950, 1.00000000, 1.00000000, 1.00000000
0.323232323232, 0.373737373737, 0.86353276, 1.00000000, 1.00000000, 1.00000000
0.323232323232, 0.383838383838, 0.85504630, 1.00000000, 1.00000000, 1.00000000
0.323232323232, 0.393939393939, 0.84714398, 1.00000000, 1.00000000, 1.00000000
0.323232323232, 0.404040404040, 0.83985731, 1.00000000, 1.00000000, 1.00000000
0.323232323232, 0.414141414141, 0.83321534, 1.00000000, 1.00000000, 1.00000000
0.323232323232, 0.424242424242, 0.82724451, 1.00000000, 1.00000000, 1.00000000
0.323232323232, 0.434343434343, 0.82196860, 1.00000000, 1.00000000, 1.00000000
0.323232323232, 0.444444444444, 0.81740862, 1.00000000, 1.00000000, 1.00000000
0.323232323232, 0.454545454545, 0.81358272, 1.00000000, 1.00000000, 1.00000000
0.323232323232, 0.464646464646, 0.81050616, 1.00000000, 1.00000000, 1.00000000
0.323232323232, 0.474747474747, 0.80819123, 1.00000000, 1.00000000, 1.00000000
0.323232323232, 0.484848484848, 0.80664721, 1.00000000, 1.00000000, 1.00000000
0.323232323232, 0.494949494949, 0.80588035, 1.00000000, 1.00000000, 1.00000000
0.323232323232, 0.505050505051, 0.80589379, 1.00000000, 1.00000000, 1.00000000
0.323232323232, 0.515151515152, 0.80668739, 1.00000000, 1.00000000, 1.00000000
0.323232323232, 0.525252525253, 0.80825794, 1.00000000, 1.00000000, 1.00000000
0.323232323232, 0.535353535354, 0.81059918, 1.00000000, 1.00000000, 1.00000000
0.323232323232, 0.545454545455, 0.81370177, 1.00000000, 1.00000000, 1.00000000
0.323232323232, 0.555555555556, 0.81755340, 1.00000000, 1.00000000, 1.00000000
0.323232323232, 0.565656565657, 0.82213877, 1.00000000, 1.00000000, 1.00000000
0.323232323232, 0.575757575758, 0.82743965, 1.00000000, 1.00000000, 1.00000000
0.323232323232, 0.585858585859, 0.83343499, 1.00000000, 1.00000000, 1.00000000
0.323232323232, 0.595959595960, 0.84010092, 1.00000000, 1.00000000, 1.00000000
0.323232323232, 0.606060606061, 0.84741092, 1.00000000, 1.00000000, 1.00000000
0.323232323232, 0.616161616162, 0.85533586, 1.00000000, 1.00000000, 1.00000000
0.323232323232, 0.626262626263, 0.86384413, 1.00000000, 1.00000000, 1.00000000
0.323232323232, 0.636363636364, 0.87290178, 1.00000000, 1.00000000, 1.00000000
0.323232323232, 0.646464646465, 0.88247261, 1.00000000, 1.00000000, 1.00000000
0.323232323232, 0.656565656566, 0.89251834, 1.00000000, 1.00000000, 1.00000000
0.323232323232, 0.666666666667, 0.90299876, 1.00000000, 1.00000000, 1.00000000
0.323232323232, 0.676767676768, 0.91387189, 1.00000000, 1.00000000, 1.00000000
0.323232323232, 0.686868686869, 0.92509411, 1.00000000, 1.00000000, 1.00000000
0.323232323232, 0.696969696970, 0.93662039, 1.00000000, 1.00000000, 1.00000000
0.323232323232, 0.707070707071, 0.94840443, 1.00000000, 1.00000000, 1.00000000
0.323232323232, 0.717171717172, 0.96039884, 1.00000000, 1.00000000, 1.00000000
0.323232323232, 0.727272727273, 0.97255539, 1.00000000, 1.00000000, 1.00000000
0.323232323232, 0.737373737374, 0.98482513, 1.00000000, 1.00000000, 1.00000000
0.323232323232, 0.747474747475, 0.99715863, 1.00000000, 1.00000000, 1.00000000
0.323232323232, 0.757575757576, 1.00950617, 1.00000000, 1.00000000, 1.00000000
0.323232323232, 0.767676767677, 1.02181795, 1.00000000, 1.00000000, 1.00000000
0.323232323232, 0.777777777778, 1.03404430, 1.00000000, 1.00000000, 1.00000000
0.323232323232, 0.787878787879, 1.04613584, 1.00000000, 1.00000000, 1.00000000
0.323232323232, 0.797979797980, 1.05804373, 1.00000000, 1.00000000, 1.00000000
0.323232323232, 0.808080808081, 1.06971987, 1.00000000, 1.00000000, 1.00000000
0.323232323232, 0.818181818182, 1.08111704, 1.00000000, 1.00000000, 1.00000000
0.323232323232, 0.828282828283, 1.09218917, 1.00000000, 1.00000000, 1.00000000
0.323232323232, 0.838383838384, 1.10289146, 1.00000000, 1.00000000, 1.00000000
0.323232323232, 0.848484848485, 1.11318061, 1.00000000, 1.00000000, 1.00000000
0.323232323232, 0.858585858586, 1.12301499, 1.00000000, 1.00000000, 1.00000000
0.323232323232, 0.868686868687, 1.13235477, 1.00000000, 1.00000000, 1.00000000
0.323232323232, 0.878787878788, 1.14116215, 1.00000000, 1.00000000, 1.00000000
0.323232323232, 0.888888888889, 1.14940146, 1.00000000, 1.00000000, 1.00000000
0.323232323232, 0.898989898990, 1.15703934, 1.00000000, 1.00000000, 1.00000000
0.323232323232, 0.909090909091, 1.16404483, 1.00000000, 1.00000000, 1.00000000
0.323232323232, 0.919191919192, 1.17038957, 1.00000000, 1.00000000, 1.00000000
0.323232323232, 0.929292929293, 1.17604787, 1.00000000, 1.00000000, 1.00000000
0.323232323232, 0.939393939394, 1.18099690, 1.00000000, 1.00000000, 1.00000000
0.323232323232, 0.949494949495, 1.18521699, 1.00000000, 1.00000000, 1.00000000
0.323232323232, 0.959595959596, 1.18869234, 1.00000000, 1.00000000, 1.00000000
0.333333333333, -0.000000000000, 1.19380161, 1.00000000, 1.00000000, 1.00000000
0.333333333333, 0.010101010101, 1.19227401, 1.00000000, 1.00000000, 1.00000000
0.333333333333, 0.020202020202, 1.19017244, 1.00000000, 1.00000000, 1.00000000
0.333333333333, 0.030303030303, 1.18748962, 1.00000000, 1.00000000, 1.00000000
0.333333333333, 0.040404040404, 1.18417923, 1.00000000, 1.00000000, 1.00000000
0.333333333333, 0.050505050505, 1.18017701, 1.00000000, 1.00000000, 1.00000000
0.333333333333, 0.060606060606, 1.17543067, 1.00000000, 1.00000000, 1.00000000
0.333333333333, 0.070707070707, 1.16992050, 1.00000000, 1.00000000, 1.00000000
0.333333333333, 0.080808080808, 1.16366156, 1.00000000, 1.00000000, 1.00000000
0.333333333333, 0.090909090909, 1.15669207, 1.00000000, 1.00000000, 1.00000000
0.333333333333, 0.101010101010, 1.14905898, 1.00000000, 1.00000000, 1.00000000
0.333333333333, 0.111111111111, 1.14080872, 1.00000000, 1.00000000, 1.00000000
0.333333333333, 0.121212121212, 1.13198434, 1.00000000, 1.00000000, 1.00000000
0.333333333333, 0.131313131313, 1.12262635, 1.00000000, 1.00000000, 1.00000000
0.333333333333, 0.141414141414, 1.11277463, 1.00000000, 1.00000000, 1.00000000
0.333333333333, 0.151515151515, 1.10246973, 1.00000000, 1.00000000, 1.00000000
0.333333333333, 0.161616161616, 1.09175357, 1.00000000, 1.00000000, 1.00000000
0.333333333333, 0.171717171717, 1.08066954, 1.00000000, 1.00000000, 1.00000000
0.333333333333, 0.181818181818, 1.06926249, 1.00000000, 1.00000000, 1.00000000
0.333333333333, 0.191919191919, 1.05757852, 1.00000000, 1.00000000, 1.00000000
0.333333333333, 0.202020202020, 1.04566487, 1.00000000, 1.00000000, 1.00000000
0.333333333333, 0.212121212121, 1.03356964, 1.00000000, 1.00000000, 1.00000000
0.333333333333, 0.222222222222, 1.02134167, 1.00000000, 1.00000000, 1.00000000
0.333333333333, 0.232323232323, 1.00903031, 1.00000000, 1.00000000, 1.00000000
0.333333333333, 0.242424242424, 0.99668520, 1.00000000, 1.00000000, 1.00000000
0.333333333333, 0.252525252525, 0.98435611, 1.00000000, 1.00000000, 1.00000000
0.333333333333, 0.262626262626, 0.97209270, 1.00000000, 1.00000000, 1.00000000
0.333333333333, 0.272727272727, 0.95994434, 1.00000000, 1.00000000, 1.00000000
0.333333333333, 0.282828282828, 0.94795989, 1.00000000, 1.00000000, 1.00000000
0.333333333333, 0.292929292929, 0.93618753, 1.00000000, 1.00000000, 1.00000000
0.333333333333, 0.303030303030, 0.92467454, 1.00000000, 1.00000000, 1.00000000
0.333333333333, 0.313131313131, 0.91346713, 1.00000000, 1.00000000, 1.00000000
0.333333333333, 0.323232323232, 0.90261024, 1.00000000, 1.00000000, 1.00000000
0.333333333333, 0.333333333333, 0.89214738, 1.00000000, 1.00000000, 1.00000000
0.333333333333, 0.343434343434, 0.88212043, 1.00000000, 1.00000000, 1.00000000
0.333333333333, 0.353535353535, 0.87256950, 1.00000000, 1.00000000, 1.00000000
0.333333333333, 0.363636363636, 0.86353276, 1.00000000, 1.00000000, 1.00000000
0.333333333333, 0.373737373737, 0.85504630, 1.00000000, 1.00000000, 1.00000000
0.333333333333, 0.383838383838, 0.84714398, 1.00000000, 1.00000000, 1.00000000
0.333333333333, 0.393939393939, 0.83985731, 1.00000000, 1.00000000, 1.00000000
0.333333333333, 0.404040404040, 0.83321534, 1.00000000, 1.00000000, 1.00000000
0.333333333333, 0.414141414141, 0.82724451, 1.00000000, 1.00000000, 1.00000000
0.333333333333, 0.424242424242, 0.82196860, 1.00000000, 1.00000000, 1.00000000
0.333333333333, 0.434343434343, 0.81740862, 1.00000000, 1.00000000, 1.00000000
0.333333333333, 0.444444444444, 0.81358272, 1.00000000, 1.00000000, 1.00000000
0.333333333333, 0.454545454545, 0.81050616, 1.00000000, 1.00000000, 1.00000000
0.333333333333, 0.464646464646, 0.80819123, 1.00000000, 1.00000000, 1.00000000
0.333333333333, 0.474747474747, 0.80664721, 1.00000000, 1.00000000, 1.00000000
0.333333333333, 0.484848484848, 0.80588035, 1.00000000, 1.00000000, 1.00000000
0.333333333333, 0.494949494949, 0.80589379, 1.00000000, 1.00000000, 1.00000000
0.333333333333, 0.505050505051, 0.80668739, 1.00000000, 1.00000000, 1.00000000
0.333333333333, 0.515151515152, 0.80825794, 1.00000000, 1.00000000, 1.00000000
0.333333333333, 0.525252525253, 0.81059918, 1.00000000, 1.00000000, 1.00000000
0.333333333333, 0.535353535354, 0.81370177, 1.00000000, 1.00000000, 1.00000000
0.333333333333, 0.545454545455, 0.81755340, 1.00000000, 1.00000000, 1.00000000
0.333333333333, 0.555555555556, 0.82213877, 1.00000000, 1.00000000, 1.00000000
0.333333333333, 0.565656565657, 0.82743965, 1.00000000, 1.00000000, 1.00000000
0.333333333333, 0.575757575758, 0.83343499, 1.00000000, 1.00000000, 1.00000000
0.333333333333, 0.585858585859, 0.84010092, 1.00000000, 1.00000000, 1.00000000
0.333333333333, 0.595959595960, 0.84741092, 1.00000000, 1.00000000, 1.00000000
0.333333333333, 0.606060606061, 0.85533586, 1.00000000, 1.00000000, 1.00000000
0.333333333333, 0.616161616162, 0.86384413, 1.00000000, 1.00000000, 1.00000000
0.333333333333, 0.626262626263, 0.87290178, 1.00000000, 1.00000000, 1.00000000
0.333333333333, 0.636363636364, 0.88247261, 1.00000000, 1.00000000, 1.00000000
0.333333333333, 0.646464646465, 0.89251834, 1.00000000, 1.00000000, 1.00000000
0.333333333333, 0.656565656566, 0.90299876, 1.00000000, 1.00000000, 1.00000000
0.333333333333, 0.666666666667, 0.91387189, 1.00000000, 1.00000000, 1.00000000
0.333333333333, 0.676767676768, 0.92509411, 1.00000000, 1.00000000, 1.00000000
0.333333333333, 0.686868686869, 0.93662039, 1.00000000, 1.00000000, 1.00000000
0.333333333333, 0.696969696970, 0.94840443, 1.00000000, 1.00000000, 1.00000000
0.333333333333, 0.707070707071, 0.96039884, 1.00000000, 1.00000000, 1.00000000
0.333333333333, 0.717171717172, 0.97255539, 1.00000000, 1.00000000, 1.00000000
0.333333333333, 0.727272727273, 0.98482513, 1.00000000, 1.00000000, 1.00000000
0.333333333333, 0.737373737374, 0.99715863, 1.00000000, 1.00000000, 1.00000000
0.333333333333, 0.747474747475, 1.00950617, 1.00000000, 1.00000000, 1.00000000
0.333333333333, 0.757575757576, 1.02181795, 1.00000000, 1.00000000, 1.00000000
0.333333333333, 0.767676767677, 1.03404430, 1.00000000, 1.00000000, 1.00000000
0.333333333333, 0.777777777778, 1.04613584, 1.00000000, 1.00000000, 1.00000000
0.333333333333, 0.787878787879, 1.05804373, 1.00000000, 1.00000000, 1.00000000
0.333333333333, 0.797979797980, 1.06971987, 1.00000000, 1.00000000, 1.00000000
0.333333333333, 0.808080808081, 1.08111704, 1.00000000, 1.00000000, 1.00000000
0.333333333333, 0.818181818182, 1.09218917, 1.00000000, 1.00000000, 1.00000000
0.333333333333, 0.828282828283, 1.10289146, 1.00000000, 1.00000000, 1.00000000
0.333333333333, 0.838383838384, 1.11318061, 1.00000000, 1.00000000, 1.00000000
0.333333333333, 0.848484848485, 1.12301499, 1.00000000, 1.00000000, 1.00000000
0.333333333333, 0.858585858586, 1.13235477, 1.00000000, 1.00000000, 1.00000000
0.333333333333, 0.868686868687, 1.14116215, 1.00000000, 1.00000000, 1.00000000
0.333333333333, 0.878787878788, 1.14940146, 1.00000000, 1.00000000, 1.00000000
0.333333333333, 0.888888888889, 1.15703934, 1.00000000, 1.00000000, 1.00000000
0.333333333333, 0.898989898990, 1.16404483, 1.00000000, 1.00000000, 1.00000000
0.333333333333, 0.909090909091, 1.17038956, 1.00000000, 1.00000000, 1.00000000
0.333333333333, 0.919191919192, 1.17604784, 1.00000000, 1.00000000, 1.00000000
0.333333333333, 0.929292929293, 1.18099675, 1.00000000, 1.00000000, 1.00000000
0.333333333333, 0.939393939394, 1.18521636, 1.00000000, 1.00000000, 1.00000000
0.333333333333, 0.949494949495, 1.18869002, 1.00000000, 1.00000000, 1.00000000
0.333333333333, 0.959595959596, 1.19140523, 1.00000000, 1.00000000, 1.00000000
0.343434343434, -0.000000000000, 1.19191547, 1.00000000, 1.00000000, 1.00000000
0.343434343434, 0.010101010101, 1.18968404, 1.00000000, 1.00000000, 1.00000000
0.343434343434, 0.020202020202, 1.18691199, 1.00000000, 1.00000000, 1.00000000
0.343434343434, 0.030303030303, 1.18358545, 1.00000000, 1.00000000, 1.00000000
0.343434343434, 0.040404040404, 1.17964581, 1.00000000, 1.00000000, 1.00000000
0.343434343434, 0.050505050505, 1.17501654, 1.00000000, 1.00000000, 1.00000000
0.343434343434, 0.060606060606, 1.16963880, 1.00000000, 1.00000000, 1.00000000
0.343434343434, 0.070707070707, 1.16349422, 1.00000000, 1.00000000, 1.00000000
0.343434343434, 0.080808080808, 1.15660521, 1.00000000, 1.00000000, 1.00000000
0.343434343434, 0.090909090909, 1.14901959, 1.00000000, 1.00000000, 1.00000000
0.343434343434, 0.101010101010, 1.14079313, 1.00000000, 1.00000000, 1.00000000
0.343434343434, 0.111111111111, 1.13197896, 1.00000000, 1.00000000, 1.00000000
0.343434343434, 0.121212121212, 1.12262474, 1.00000000, 1.00000000, 1.00000000
0.343434343434, 0.131313131313, 1.11277421, 1.00000000, 1.00000000, 1.00000000
0.343434343434, 0.141414141414, 1.10246964, 1.00000000, 1.00000000, 1.00000000
0.343434343434, 0.151515151515, 1.09175355, 1.00000000, 1.00000000, 1.00000000
0.343434343434, 0.161616161616, 1.08066954, 1.00000000, 1.00000000, 1.00000000
0.343434343434, 0.171717171717, 1.06926249, 1.00000000, 1.00000000, 1.00000000
0.343434343434, 0.181818181818, 1.05757852, 1.00000000, 1.00000000, 1.00000000
0.343434343434, 0.191919191919, 1.04566487, 1.00000000, 1.00000000, 1.00000000
0.343434343434, 0.202020202020, 1.03356964, 1.00000000, 1.00000000, 1.00000000
0.343434343434, 0.212121212121, 1.02134167, 1.00000000, 1.00000000, 1.00000000
0.343434343434, 0.222222222222, 1.00903031, 1.00000000, 1.00000000, 1.00000000
0.343434343434, 0.232323232323, 0.99668520, 1.00000000, 1.00000000, 1.00000000
0.343434343434, 0.242424242424, 0.98435611, 1.00000000, 1.00000000, 1.00000000
0.343434343434, 0.252525252525, 0.97209270, 1.00000000, 1.00000000, 1.00000000
0.343434343434, 0.262626262626, 0.95994434, 1.00000000, 1.00000000, 1.00000000
0.343434343434, 0.272727272727, 0.94795989, 1.00000000, 1.00000000, 1.00000000
0.343434343434, 0.282828282828, 0.93618753, 1.00000000, 1.00000000, 1.00000000
0.343434343434, 0.292929292929, 0.92467454, 1.00000000, 1.00000000, 1.00000000
0.343434343434, 0.303030303030, 0.91346713, 1.00000000, 1.00000000, 1.00000000
0.343434343434, 0.313131313131, 0.90261024, 1.00000000, 1.00000000, 1.00000000
0.343434343434, 0.323232323232, 0.89214738, 1.00000000, 1.00000000, 1.00000000
0.343434343434, 0.333333333333, 0.88212043, 1.00000000, 1.00000000, 1.00000000
0.343434343434, 0.343434343434, 0.87256950, 1.00000000, 1.00000000, 1.00000000
0.343434343434, 0.353535353535, 0.86353276, 1.00000000, 1.00000000, 1.00000000
0.343434343434, 0.363636363636, 0.85504630, 1.00000000, 1.00000000, 1.00000000
0.343434343434, 0.373737373737, 0.84714398, 1.00000000, 1.00000000, 1.00000000
0.343434343434, 0.383838383838, 0.83985731, 1.00000000, 1.00000000, 1.00000000
0.343434343434, 0.393939393939, 0.83321534, 1.00000000, 1.00000000, 1.00000000
0.343434343434, 0.404040404040, 0.82724451, 1.00000000, 1.00000000, 1.00000000
0.343434343434, 0.414141414141, 0.82196860, 1.00000000, 1.00000000, 1.00000000
0.343434343434, 0.424242424242, 0.81740862, 1.00000000, 1.00000000, 1.00000000
0.343434343434, 0.434343434343, 0.81358272, 1.00000000, 1.00000000, 1.00000000
0.343434343434, 0.444444444444, 0.81050616, 1.00000000, 1.00000000, 1.00000000
0.343434343434, 0.454545454545, 0.80819123, 1.00000000, 1.00000000, 1.00000000
0.343434343434, 0.464646464646, 0.80664721, 1.00000000, 1.00000000, 1.00000000
0.343434343434, 0.474747474747, 0.80588035, 1.00000000, 1.00000000, 1.00000000
0.343434343434, 0.484848484848, 0.80589379, 1.00000000, 1.00000000, 1.00000000
0.343434343434, 0.494949494949, 0.80668739, 1.00000000, 1.00000000, 1.00000000
0.343434343434, 0.505050505051, 0.80825794, 1.00000000, 1.00000000, 1.00000000
0.343434343434, 0.515151515152, 0.81059918, 1.00000000, 1.00000000, 1.00000000
0.343434343434, 0.525252525253, 0.81370177, 1.00000000, 1.00000000, 1.00000000
0.343434343434, 0.535353535354, 0.81755340, 1.00000000, 1.00000000, 1.00000000
0.343434343434, 0.545454545455, 0.82213877, 1.00000000, 1.00000000, 1.00000000
0.343434343434, 0.555555555556, 0.82743965, 1.00000000, 1.00000000, 1.00000000
0.343434343434, 0.565656565657, 0.83343499, 1.00000000, 1.00000000, 1.00000000
0.343434343434, 0.575757575758, 0.84010092, 1.00000000, 1.00000000, 1.00000000
0.343434343434, 0.585858585859, 0.84741092, 1.00000000, 1.00000000, 1.00000000
0.343434343434, 0.595959595960, 0.85533586, 1.00000000, 1.00000000, 1.00000000
0.343434343434, 0.606060606061, 0.86384413, 1.00000000, 1.00000000, 1.00000000
0.343434343434, 0.616161616162, 0.87290178, 1.00000000, 1.00000000, 1.00000000
0.343434343434, 0.626262626263, 0.88247261, 1.00000000, 1.00000000, 1.00000000
0.343434343434, 0.636363636364, 0.89251834, 1.00000000, 1.00000000, 1.00000000
0.343434343434, 0.646464646465, 0.90299876, 1.00000000, 1.00000000, 1.00000000
0.343434343434, 0.656565656566, 0.91387189, 1.00000000, 1.00000000, 1.00000000
0.343434343434, 0.666666666667, 0.92509411, 1.00000000, 1.00000000, 1.00000000
0.343434343434, 0.676767676768, 0.93662039, 1.00000000, 1.00000000, 1.00000000
0.343434343434, 0.686868686869, 0.94840443, 1.00000000, 1.00000000, 1.00000000
0.343434343434, 0.696969696970, 0.96039884, 1.00000000, 1.00000000, 1.00000000
0.343434343434, 0.707070707071, 0.97255539, 1.00000000, 1.00000000, 1.00000000
0.343434343434, 0.717171717172, 0.98482513, 1.00000000, 1.00000000, 1.00000000
0.343434343434, 0.727272727273, 0.99715863, 1.00000000, 1.00000000, 1.00000000
0.343434343434, 0.737373737374, 1.00950617, 1.00000000, 1.00000000, 1.00000000
0.343434343434, 0.747474747475, 1.02181795, 1.00000000, 1.00000000, 1.00000000
0.343434343434, 0.757575757576, 1.03404430, 1.00000000, 1.00000000, 1.00000000
0.343434343434, 0.767676767677, 1.04613584, 1.00000000, 1.00000000, 1.00000000
0.343434343434, 0.777777777778, 1.05804373, 1.00000000, 1.00000000, 1.00000000
0.343434343434, 0.787878787879, 1.06971987, 1.00000000, 1.00000000, 1.00000000
0.343434343434, 0.797979797980, 1.08111704, 1.00000000, 1.00000000, 1.00000000
0.343434343434, 0.808080808081, 1.09218917, 1.00000000, 1.00000000, 1.00000000
0.343434343434, 0.818181818182, 1.10289146, 1.00000000, 1.00000000, 1.00000000
0.343434343434, 0.828282828283, 1.11318061, 1.00000000, 1.00000000, 1.00000000
0.343434343434, 0.838383838384, 1.12301499, 1.00000000, 1.00000000, 1.00000000
0.343434343434, 0.848484848485, 1.13235477, 1.00000000, 1.00000000, 1.00000000
0.343434343434, 0.858585858586, 1.14116215, 1.00000000, 1.00000000, 1.00000000
0.343434343434, 0.868686868687, 1.14940146, 1.00000000, 1.00000000, 1.00000000
0.343434343434, 0.878787878788, 1.15703934, 1.00000000, 1.00000000, 1.00000000
0.343434343434, 0.888888888889, 1.16404483, 1.00000000, 1.00000000, 1.00000000
0.343434343434, 0.898989898990, 1.17038956, 1.00000000, 1.00000000, 1.00000000
0.343434343434, 0.909090909091, 1.17604783, 1.00000000, 1.00000000, 1.00000000
0.343434343434, 0.919191919192, 1.18099671, 1.00000000, 1.00000000, 1.00000000
0.343434343434, 0.929292929293, 1.18521617, 1.00000000, 1.00000000, 1.00000000
0.343434343434, 0.939393939394, 1.18868924, 1.00000000, 1.00000000, 1.00000000
0.343434343434, 0.949494949495, 1.19140238, 1.00000000, 1.00000000, 1.00000000
0.343434343434, 0.959595959596, 1.19334644, 1.00000000, 1.00000000, 1.00000000
0.353535353535, -0.000000000000, 1.18925596, 1.00000000, 1.00000000, 1.00000000
0.353535353535, 0.010101010101, 1.18632976, 1.00000000, 1.00000000, 1.00000000
0.353535353535, 0.020202020202, 1.18289838, 1.00000000, 1.00000000, 1.00000000
0.353535353535, 0.030303030303, 1.17894146, 1.00000000, 1.00000000, 1.00000000
0.353535353535, 0.040404040404, 1.17438836, 1.00000000, 1.00000000, 1.00000000
0.353535353535, 0.050505050505, 1.16915067, 1.00000000, 1.00000000, 1.00000000
0.353535353535, 0.060606060606, 1.16316331, 1.00000000, 1.00000000, 1.00000000
0.353535353535, 0.070707070707, 1.15640929, 1.00000000, 1.00000000, 1.00000000
0.353535353535, 0.080808080808, 1.14891823, 1.00000000, 1.00000000, 1.00000000
0.353535353535, 0.090909090909, 1.14074731, 1.00000000, 1.00000000, 1.00000000
0.353535353535, 0.101010101010, 1.13196087, 1.00000000, 1.00000000, 1.00000000
0.353535353535, 0.111111111111, 1.12261851, 1.00000000, 1.00000000, 1.00000000
0.353535353535, 0.121212121212, 1.11277235, 1.00000000, 1.00000000, 1.00000000
0.353535353535, 0.131313131313, 1.10246916, 1.00000000, 1.00000000, 1.00000000
0.353535353535, 0.141414141414, 1.09175344, 1.00000000, 1.00000000, 1.00000000
0.353535353535, 0.151515151515, 1.08066952, 1.00000000, 1.00000000, 1.00000000
0.353535353535, 0.161616161616, 1.06926248, 1.00000000, 1.00000000, 1.00000000
0.353535353535, 0.171717171717, 1.05757852, 1.00000000, 1.00000000, 1.00000000
0.353535353535, 0.181818181818, 1.04566487, 1.00000000, 1.00000000, 1.00000000
0.353535353535, 0.191919191919, 1.03356964, 1.00000000, 1.00000000, 1.00000000
0.353535353535, 0.202020202020, 1.02134167, 1.00000000, 1.00000000, 1.00000000
0.353535353535, 0.212121212121, 1.00903031, 1.00000000, 1.00000000, 1.00000000
0.353535353535, 0.222222222222, 0.99668520, 1.00000000, 1.00000000, 1.00000000
0.353535353535, 0.232323232323, 0.98435611, 1.00000000, 1.00000000, 1.00000000
0.353535353535, 0.242424242424, 0.97209270, 1.00000000, 1.00000000, 1.00000000
0.353535353535, 0.252525252525, 0.95994434, 1.00000000, 1.00000000, 1.00000000
0.353535353535, 0.262626262626, 0.94795989, 1.00000000, 1.00000000, 1.00000000
0.353535353535, 0.272727272727, 0.93618753, 1.00000000, 1.00000000, 1.00000000
0.353535353535, 0.282828282828, 0.92467454, 1.00000000, 1.00000000, 1.00000000
0.353535353535, 0.292929292929, 0.91346713, 1.00000000, 1.00000000, 1.00000000
0.353535353535, 0.303030303030, 0.90261024, 1.00000000, 1.00000000, 1.00000000
0.353535353535, 0.313131313131, 0.89214738, 1.00000000, 1.00000000, 1.00000000
0.353535353535, 0.323232323232, 0.88212043, 1.00000000, 1.00000000, 1.00000000
0.353535353535, 0.333333333333, 0.87256950, 1.00000000, 1.00000000, 1.00000000
0.353535353535, 0.343434343434, 0.86353276, 1.00000000, 1.00000000, 1.00000000
0.353535353535, 0.353535353535, 0.85504630, 1.00000000, 1.00000000, 1.00000000
0.353535353535, 0.363636363636, 0.84714398, 1.00000000, 1.00000000, 1.00000000
0.353535353535, 0.373737373737, 0.83985731, 1.00000000, 1.00000000, 1.00000000
0.353535353535, 0.383838383838, 0.83321534, 1.00000000, 1.00000000, 1.00000000
0.353535353535, 0.393939393939, 0.82724451, 1.00000000, 1.00000000, 1.00000000
0.353535353535, 0.404040404040, 0.82196860, 1.00000000, 1.00000000, 1.00000000
0.353535353535, 0.414141414141, 0.81740862, 1.00000000, 1.00000000, 1.00000000
0.353535353535, 0.424242424242, 0.81358272, 1.00000000, 1.00000000, 1.00000000
0.353535353535, 0.434343434343, 0.81050616, 1.00000000, 1.00000000, 1.00000000
0.353535353535, 0.444444444444, 0.80819123, 1.00000000, 1.00000000, 1.00000000
0.353535353535, 0.454545454545, 0.80664721, 1.00000000, 1.00000000, 1.00000000
0.353535353535, 0.464646464646, 0.80588035, 1.00000000, 1.00000000, 1.00000000
0.353535353535, 0.474747474747, 0.80589379, 1.00000000, 1.00000000, 1.00000000
0.353535353535, 0.484848484848, 0.80668739, 1.00000000, 1.00000000, 1.00000000
0.353535353535, 0.494949494949, 0.80825794, 1.00000000, 1.00000000, 1.00000000
0.353535353535, 0.505050505051, 0.81059918, 1.00000000, 1.00000000, 1.00000000
0.353535353535, 0.515151515152, 0.81370177, 1.00000000, 1.00000000, 1.00000000
0.353535353535, 0.525252525253, 0.81755340, 1.00000000, 1.00000000, 1.00000000
0.353535353535, 0.535353535354, 0.82213877, 1.00000000, 1.00000000, 1.00000000
0.353535353535, 0.545454545455, 0.82743965, 1.00000000, 1.00000000, 1.00000000
0.353535353535, 0.555555555556, 0.83343499, 1.00000000, 1.00000000, 1.00000000
0.353535353535, 0.565656565657, 0.84010092, 1.00000000, 1.00000000, 1.00000000
0.353535353535, 0.575757575758, 0.84741092, 1.00000000, 1.00000000, 1.00000000
0.353535353535, 0.585858585859, 0.85533586, 1.00000000, 1.00000000, 1.00000000
0.353535353535, 0.595959595960, 0.86384413, 1.00000000, 1.00000000, 1.00000000
0.353535353535, 0.606060606061, 0.87290178, 1.00000000, 1.00000000, 1.00000000
0.353535353535, 0.616161616162, 0.88247261, 1.00000000, 1.00000000, 1.00000000
0.353535353535, 0.626262626263, 0.89251834, 1.00000000, 1.00000000, 1.00000000
0.353535353535, 0.636363636364, 0.90299876, 1.00000000, 1.00000000, 1.00000000
0.353535353535, 0.646464646465, 0.91387189, 1.00000000, 1.00000000, 1.00000000
0.353535353535, 0.656565656566, 0.92509411, 1.00000000, 1.00000000, 1.00000000
0.353535353535, 0.666666666667, 0.93662039, 1.00000000, 1.00000000, 1.00000000
0.353535353535, 0.676767676768, 0.94840443, 1.00000000, 1.00000000, 1.00000000
0.353535353535, 0.686868686869, 0.96039884, 1.00000000, 1.00000000, 1.00000000
0.353535353535, 0.696969696970, 0.97255539, 1.00000000, 1.00000000, 1.00000000
0.353535353535, 0.707070707071, 0.98482513, 1.00000000, 1.00000000, 1.00000000
0.353535353535, 0.717171717172, 0.99715863, 1.00000000, 1.00000000, 1.00000000
0.353535353535, 0.727272727273, 1.00950617, 1.00000000, 1.00000000, 1.00000000
0.353535353535, 0.737373737374, 1.02181795, 1.00000000, 1.00000000, 1.00000000
0.353535353535, 0.747474747475, 1.03404430, 1.00000000, 1.00000000, 1.00000000
0.353535353535, 0.757575757576, 1.04613584, 1.00000000, 1.00000000, 1.00000000
0.353535353535, 0.767676767677, 1.05804373, 1.00000000, 1.00000000, 1.00000000
0.353535353535, 0.777777777778, 1.06971987, 1.00000000, 1.00000000, 1.00000000
0.353535353535, 0.787878787879, 1.08111704, 1.00000000, 1.00000000, 1.00000000
0.353535353535, 0.797979797980, 1.09218917, 1.00000000, 1.00000000, 1.00000000
0.353535353535, 0.808080808081, 1.10289146, 1.00000000, 1.00000000, 1.00000000
0.353535353535, 0.818181818182, 1.11318061, 1.00000000, 1.00000000, 1.00000000
0.353535353535, 0.828282828283, 1.12301499, 1.00000000, 1.00000000, 1.00000000
0.353535353535, 0.838383838384, 1.13235477, 1.00000000, 1.00000000, 1.00000000
0.353535353535, 0.848484848485, 1.14116215, 1.00000000, 1.00000000, 1.00000000
0.353535353535, 0.858585858586, 1.14940146, 1.00000000, 1.00000000, 1.00000000
0.353535353535, 0.868686868687, 1.15703934, 1.00000000, 1.00000000, 1.00000000
0.353535353535, 0.878787878788, 1.16404483, 1.00000000, 1.00000000, 1.00000000
0.353535353535, 0.888888888889, 1.17038956, 1.00000000, 1.00000000, 1.00000000
0.353535353535, 0.898989898990, 1.17604783, 1.00000000, 1.00000000, 1.00000000
0.353535353535, 0.909090909091, 1.18099670, 1.00000000, 1.00000000, 1.00000000
0.353535353535, 0.919191919192, 1.18521612, 1.00000000, 1.00000000, 1.00000000
0.353535353535, 0.929292929293, 1.18868902, 1.00000000, 1.00000000, 1.00000000
0.353535353535, 0.939393939394, 1.19140146, 1.00000000, 1.00000000, 1.00000000
0.353535353535, 0.949494949495, 1.19334306, 1.00000000, 1.00000000, 1.00000000
0.353535353535, 0.959595959596, 1.19450804, 1.00000000, 1.00000000, 1.00000000
0.363636363636, -0.000000000000, 1.18583391, 1.00000000, 1.00000000, 1.00000000
0.363636363636, 0.010101010101, 1.18222483, 1.00000000, 1.00000000, 1.00000000
0.363636363636, 0.020202020202, 1.17814793, 1.00000000, 1.00000000, 1.00000000
0.363636363636, 0.030303030303, 1.17357647, 1.00000000, 1.00000000, 1.00000000
0.363636363636, 0.040404040404, 1.16842815, 1.00000000, 1.00000000, 1.00000000
0.363636363636, 0.050505050505, 1.16260315, 1.00000000, 1.00000000, 1.00000000
0.363636363636, 0.060606060606, 1.15603042, 1.00000000, 1.00000000, 1.00000000
0.363636363636, 0.070707070707, 1.14869441, 1.00000000, 1.00000000, 1.00000000
0.363636363636, 0.080808080808, 1.14063175, 1.00000000, 1.00000000, 1.00000000
0.363636363636, 0.090909090909, 1.13190873, 1.00000000, 1.00000000, 1.00000000
0.363636363636, 0.101010101010, 1.12259796, 1.00000000, 1.00000000, 1.00000000
0.363636363636, 0.111111111111, 1.11276528, 1.00000000, 1.00000000, 1.00000000
0.363636363636, 0.121212121212, 1.10246704, 1.00000000, 1.00000000, 1.00000000
0.363636363636, 0.131313131313, 1.09175290, 1.00000000, 1.00000000, 1.00000000
0.363636363636, 0.141414141414, 1.08066940, 1.00000000, 1.00000000, 1.00000000
0.363636363636, 0.151515151515, 1.06926246, 1.00000000, 1.00000000, 1.00000000
0.363636363636, 0.161616161616, 1.05757852, 1.00000000, 1.00000000, 1.00000000
0.363636363636, 0.171717171717, 1.04566487, 1.00000000, 1.00000000, 1.00000000
0.363636363636, 0.181818181818, 1.03356964, 1.00000000, 1.00000000, 1.00000000
0.363636363636, 0.191919191919, 1.02134167, 1.00000000, 1.00000000, 1.00000000
0.363636363636, 0.202020202020, 1.00903031, 1.00000000, 1.00000000, 1.00000000
0.363636363636, 0.212121212121, 0.99668520, 1.00000000, 1.00000000, 1.00000000
0.363636363636, 0.222222222222, 0.98435611, 1.00000000, 1.00000000, 1.00000000
0.363636363636, 0.232323232323, 0.97209270, 1.00000000, 1.00000000, 1.00000000
0.363636363636, 0.242424242424, 0.95994434, 1.00000000, 1.00000000, 1.00000000
0.363636363636, 0.252525252525, 0.94795989, 1.00000000, 1.00000000, 1.00000000
0.363636363636, 0.262626262626, 0.93618753, 1.00000000, 1.00000000, 1.00000000
0.363636363636, 0.272727272727, 0.92467454, 1.00000000, 1.00000000, 1.00000000
0.363636363636, 0.282828282828, 0.91346713, 1.00000000, 1.00000000, 1.00000000
0.363636363636, 0.292929292929, 0.90261024, 1.00000000, 1.00000000, 1.00000000
0.363636363636, 0.303030303030, 0.89214738, 1.00000000, 1.00000000, 1.00000000
0.363636363636, 0.313131313131, 0.88212043, 1.00000000, 1.00000000, 1.00000000
0.363636363636, 0.323232323232, 0.87256950, 1.00000000, 1.00000000, 1.00000000
0.363636363636, 0.333333333333, 0.86353276, 1.00000000, 1.00000000, 1.00000000
0.363636363636, 0.343434343434, 0.85504630, 1.00000000, 1.00000000, 1.00000000
0.363636363636, 0.353535353535, 0.84714398, 1.00000000, 1.00000000, 1.00000000
0.363636363636, 0.363636363636, 0.83985731, 1.00000000, 1.00000000, 1.00000000
0.363636363636, 0.373737373737, 0.83321534, 1.00000000, 1.00000000, 1.00000000
0.363636363636, 0.383838383838, 0.82724451, 1.00000000, 1.00000000, 1.00000000
0.363636363636, 0.393939393939, 0.82196860, 1.00000000, 1.00000000, 1.00000000
0.363636363636, 0.404040404040, 0.81740862, 1.00000000, 1.00000000, 1.00000000
0.363636363636, 0.414141414141, 0.81358272, 1.00000000, 1.00000000, 1.00000000
0.363636363636, 0.424242424242, 0.81050616, 1.00000000, 1.00000000, 1.00000000
0.363636363636, 0.434343434343, 0.80819123, 1.00000000, 1.00000000, 1.00000000
0.363636363636, 0.444444444444, 0.80664721, 1.00000000, 1.00000000, 1.00000000
0.363636363636, 0.454545454545, 0.80588035, 1.00000000, 1.00000000, 1.00000000
0.363636363636, 0.464646464646, 0.80589379, 1.00000000, 1.00000000, 1.00000000
0.363636363636, 0.474747474747, 0.80668739, 1.00000000, 1.00000000, 1.00000000
0.363636363636, 0.484848484848, 0.80825794, 1.00000000, 1.00000000, 1.00000000
0.363636363636, 0.494949494949, 0.81059918, 1.00000000, 1.00000000, 1.00000000
0.363636363636, 0.505050505051, 0.81370177, 1.00000000, 1.00000000, 1.00000000
0.363636363636, 0.515151515152, 0.81755340, 1.00000000, 1.00000000, 1.00000000
0.363636363636, 0.525252525253, 0.82213877, 1.00000000, 1.00000000, 1.00000000
0.363636363636, 0.535353535354, 0.82743965, 1.00000000, 1.00000000, 1.00000000
0.363636363636, 0.545454545455, 0.83343499, 1.00000000, 1.00000000, 1.00000000
0.363636363636, 0.555555555556, 0.84010092, 1.00000000, 1.00000000, 1.00000000
0.363636363636, 0.565656565657, 0.84741092, 1.00000000, 1.00000000, 1.00000000
0.363636363636, 0.575757575758, 0.85533586, 1.00000000, 1.00000000, 1.00000000
0.363636363636, 0.585858585859, 0.86384413, 1.00000000, 1.00000000, 1.00000000
0.363636363636, 0.595959595960, 0.87290178, 1.00000000, 1.00000000, 1.00000000
0.363636363636, 0.606060606061, 0.88247261, 1.00000000, 1.00000000, 1.00000000
0.363636363636, 0.616161616162, 0.89251834, 1.00000000, 1.00000000, 1.00000000
0.363636363636, 0.626262626263, 0.90299876, 1.00000000, 1.00000000, 1.00000000
0.363636363636, 0.636363636364, 0.91387189, 1.00000000, 1.00000000, 1.00000000
0.363636363636, 0.646464646465, 0.92509411, 1.00000000, 1.00000000, 1.00000000
0.363636363636, 0.656565656566, 0.93662039, 1.00000000, 1.00000000, 1.00000000
0.363636363636, 0.666666666667, 0.94840443, 1.00000000, 1.00000000, 1.00000000
0.363636363636, 0.676767676768, 0.96039884, 1.00000000, 1.00000000, 1.00000000
0.363636363636, 0.686868686869, 0.97255539, 1.00000000, 1.00000000, 1.00000000
0.363636363636, 0.696969696970, 0.98482513, 1.00000000, 1.00000000, 1.00000000
0.363636363636, 0.707070707071, 0.99715863, 1.00000000, 1.00000000, 1.00000000
0.363636363636, 0.717171717172, 1.00950617, 1.00000000, 1.00000000, 1.00000000
0.363636363636, 0.727272727273, 1.02181795, 1.00000000, 1.00000000, 1.00000000
0.363636363636, 0.737373737374, 1.03404430, 1.00000000, 1.00000000, 1.00000000
0.363636363636, 0.747474747475, 1.04613584, 1.00000000, 1.00000000, 1.00000000
0.363636363636, 0.757575757576, 1.05804373, 1.00000000, 1.00000000, 1.00000000
0.363636363636, 0.767676767677, 1.06971987, 1.00000000, 1.00000000, 1.00000000
0.363636363636, 0.777777777778, 1.08111704, 1.00000000, 1.00000000, 1.00000000
0.363636363636, 0.787878787879, 1.09218917, 1.00000000, 1.00000000, 1.00000000
0.363636363636, 0.797979797980, 1.10289146, 1.00000000, 1.00000000, 1.00000000
0.363636363636, 0.808080808081, 1.11318061, 1.00000000, 1.00000000, 1.00000000
0.363636363636, 0.818181818182, 1.12301499, 1.00000000, 1.00000000, 1.00000000
0.363636363636, 0.828282828283, 1.13235477, 1.00000000, 1.00000000, 1.00000000
0.363636363636, 0.838383838384, 1.14116215, 1.00000000, 1.00000000, 1.00000000
0.363636363636, 0.848484848485, 1.14940146, 1.00000000, 1.00000000, 1.00000000
0.363636363636, 0.858585858586, 1.15703934, 1.00000000, 1.00000000, 1.00000000
0.363636363636, 0.868686868687, 1.16404483, 1.00000000, 1.00000000, 1.00000000
0.363636363636, 0.878787878788, 1.17038956, 1.00000000, 1.00000000, 1.00000000
0.363636363636, 0.888888888889, 1.17604783, 1.00000000, 1.00000000, 1.00000000
0.363636363636, 0.898989898990, 1.18099670, 1.00000000, 1.00000000, 1.00000000
0.363636363636, 0.909090909091, 1.18521611, 1.00000000, 1.00000000, 1.00000000
0.363636363636, 0.919191919192, 1.18868897, 1.00000000, 1.00000000, 1.00000000
0.363636363636, 0.929292929293, 1.19140121, 1.00000000, 1.00000000, 1.00000000
0.363636363636, 0.939393939394, 1.19334200, 1.00000000, 1.00000000, 1.00000000
0.363636363636, 0.949494949495, 1.19450414, 1.00000000, 1.00000000, 1.00000000
0.363636363636, 0.959595959596, 1.19488528, 1.00000000, 1.00000000, 1.00000000
0.373737373737, -0.000000000000, 1.18166327, 1.00000000, 1.00000000, 1.00000000
0.373737373737, 0.010101010101, 1.17738594, 1.00000000, 1.00000000, 1.00000000
0.373737373737, 0.020202020202, 1.17267992, 1.00000000, 1.00000000, 1.00000000
0.373737373737, 0.030303030303, 1.16751222, 1.00000000, 1.00000000, 1.00000000
0.373737373737, 0.040404040404, 1.16178933, 1.00000000, 1.00000000, 1.00000000
0.373737373737, 0.050505050505, 1.15540048, 1.00000000, 1.00000000, 1.00000000
0.373737373737, 0.060606060606, 1.14826900, 1.00000000, 1.00000000, 1.00000000
0.373737373737, 0.070707070707, 1.14038080, 1.00000000, 1.00000000, 1.00000000
0.373737373737, 0.080808080808, 1.13177933, 1.00000000, 1.00000000, 1.00000000
0.373737373737, 0.090909090909, 1.12253963, 1.00000000, 1.00000000, 1.00000000
0.373737373737, 0.101010101010, 1.11274231, 1.00000000, 1.00000000, 1.00000000
0.373737373737, 0.111111111111, 1.10245916, 1.00000000, 1.00000000, 1.00000000
0.373737373737, 0.121212121212, 1.09175054, 1.00000000, 1.00000000, 1.00000000
0.373737373737, 0.131313131313, 1.08066879, 1.00000000, 1.00000000, 1.00000000
0.373737373737, 0.141414141414, 1.06926232, 1.00000000, 1.00000000, 1.00000000
0.373737373737, 0.151515151515, 1.05757849, 1.00000000, 1.00000000, 1.00000000
0.373737373737, 0.161616161616, 1.04566486, 1.00000000, 1.00000000, 1.00000000
0.373737373737, 0.171717171717, 1.03356964, 1.00000000, 1.00000000, 1.00000000
0.373737373737, 0.181818181818, 1.02134167, 1.00000000, 1.00000000, 1.00000000
0.373737373737, 0.191919191919, 1.00903031, 1.00000000, 1.00000000, 1.00000000
0.373737373737, 0.202020202020, 0.99668520, 1.00000000, 1.00000000, 1.00000000
0.373737373737, 0.212121212121, 0.98435611, 1.00000000, 1.00000000, 1.00000000
0.373737373737, 0.222222222222, 0.97209270, 1.00000000, 1.00000000, 1.00000000
0.373737373737, 0.232323232323, 0.95994434, 1.00000000, 1.00000000, 1.00000000
0.373737373737, 0.242424242424, 0.94795989, 1.00000000, 1.00000000, 1.00000000
0.373737373737, 0.252525252525, 0.93618753, 1.00000000, 1.00000000, 1.00000000
0.373737373737, 0.262626262626, 0.92467454, 1.00000000, 1.00000000, 1.00000000
0.373737373737, 0.272727272727, 0.91346713, 1.00000000, 1.00000000, 1.00000000
0.373737373737, 0.282828282828, 0.90261024, 1.00000000, 1.00000000, 1.00000000
0.373737373737, 0.292929292929, 0.89214738, 1.00000000, 1.00000000, 1.00000000
0.373737373737, 0.303030303030, 0.88212043, 1.00000000, 1.00000000, 1.00000000
0.373737373737, 0.313131313131, 0.87256950, 1.00000000, 1.00000000, 1.00000000
0.373737373737, 0.323232323232, 0.86353276, 1.00000000, 1.00000000, 1.00000000
0.373737373737, 0.333333333333, 0.85504630, 1.00000000, 1.00000000, 1.00000000
0.373737373737, 0.343434343434, 0.84714398, 1.00000000, 1.00000000, 1.00000000
0.373737373737, 0.353535353535, 0.83985731, 1.00000000, 1.00000000, 1.00000000
0.373737373737, 0.363636363636, 0.83321534, 1.00000000, 1.00000000, 1.00000000
0.373737373737, 0.373737373737, 0.82724451, 1.00000000, 1.00000000, 1.00000000
0.373737373737, 0.383838383838, 0.82196860, 1.00000000, 1.00000000, 1.00000000
0.373737373737, 0.393939393939, 0.81740862, 1.00000000, 1.00000000, 1.00000000
0.373737373737, 0.404040404040, 0.81358272, 1.00000000, 1.00000000, 1.00000000
0.373737373737, 0.414141414141, 0.81050616, 1.00000000, 1.00000000, 1.00000000
0.373737373737, 0.424242424242, 0.80819123, 1.00000000, 1.00000000, 1.00000000
0.373737373737, 0.434343434343, 0.80664721, 1.00000000, 1.00000000, 1.00000000
0.373737373737, 0.444444444444, 0.80588035, 1.00000000, 1.00000000, 1.00000000
0.373737373737, 0.454545454545, 0.80589379, 1.00000000, 1.00000000, 1.00000000
0.373737373737, 0.464646464646, 0.80668739, 1.00000000, 1.00000000, 1.00000000
0.373737373737, 0.474747474747, 0.80825794, 1.00000000, 1.00000000, 1.00000000
0.373737373737, 0.484848484848, 0.81059918, 1.00000000, 1.00000000, 1.00000000
0.373737373737, 0.494949494949, 0.81370177, 1.00000000, 1.00000000, 1.00000000
0.373737373737, 0.505050505051, 0.81755340, 1.00000000, 1.00000000, 1.00000000
0.373737373737, 0.515151515152, 0.82213877, 1.00000000, 1.00000000, 1.00000000
0.373737373737, 0.525252525253, 0.82743965, 1.00000000, 1.00000000, 1.00000000
0.373737373737, 0.535353535354, 0.83343499, 1.00000000, 1.00000000, 1.00000000
0.373737373737, 0.545454545455, 0.84010092, 1.00000000, 1.00000000, 1.00000000
0.373737373737, 0.555555555556, 0.84741092, 1.00000000, 1.00000000, 1.00000000
0.373737373737, 0.565656565657, 0.85533586, 1.00000000, 1.00000000, 1.00000000
0.373737373737, 0.575757575758, 0.86384413, 1.00000000, 1.00000000, 1.00000000
0.373737373737, 0.585858585859, 0.87290178, 1.00000000, 1.00000000, 1.00000000
0.373737373737, 0.595959595960, 0.88247261, 1.00000000, 1.00000000, 1.00000000
0.373737373737, 0.606060606061, 0.89251834, 1.00000000, 1.00000000, 1.00000000
0.373737373737, 0.616161616162, 0.90299876, 1.00000000, 1.00000000, 1.00000000
0.373737373737, 0.626262626263, 0.91387189, 1.00000000, 1.00000000, 1.00000000
0.373737373737, 0.636363636364, 0.92509411, 1.00000000, 1.00000000, 1.00000000
0.373737373737, 0.646464646465, 0.93662039, 1.00000000, 1.00000000, 1.00000000
0.373737373737, 0.656565656566, 0.94840443, 1.00000000, 1.00000000, 1.00000000
0.373737373737, 0.666666666667, 0.96039884, 1.00000000, 1.00000000, 1.00000000
0.373737373737, 0.676767676768, 0.97255539, 1.00000000, 1.00000000, 1.00000000
0.373737373737, 0.686868686869, 0.98482513, 1.00000000, 1.00000000, 1.00000000
0.373737373737, 0.696969696970, 0.99715863, 1.00000000, 1.00000000, 1.00000000
0.373737373737, 0.707070707071, 1.00950617, 1.00000000, 1.00000000, 1.00000000
0.373737373737, 0.717171717172, 1.02181795, 1.00000000, 1.00000000, 1.00000000
0.373737373737, 0.727272727273, 1.03404430, 1.00000000, 1.00000000, 1.00000000
0.373737373737, 0.737373737374, 1.04613584, 1.00000000, 1.00000000, 1.00000000
0.373737373737, 0.747474747475, 1.05804373, 1.00000000, 1.00000000, 1.00000000
0.373737373737, 0.757575757576, 1.06971987, 1.00000000, 1.00000000, 1.00000000
0.373737373737, 0.767676767677, 1.08111704, 1.00000000, 1.00000000, 1.00000000
0.373737373737, 0.777777777778, 1.09218917, 1.00000000, 1.00000000, 1.00000000
0.373737373737, 0.787878787879, 1.10289146, 1.00000000, 1.00000000, 1.00000000
0.373737373737, 0.797979797980, 1.11318061, 1.00000000, 1.00000000, 1.00000000
0.373737373737, 0.808080808081, 1.12301499, 1.00000000, 1.00000000, 1.00000000
0.373737373737, 0.818181818182, 1.13235477, 1.00000000, 1.00000000, 1.00000000
0.373737373737, 0.828282828283, 1.14116215, 1.00000000, 1.00000000, 1.00000000
0.373737373737, 0.838383838384, 1.14940146, 1.00000000, 1.00000000, 1.00000000
0.373737373737, 0.848484848485, 1.15703934, 1.00000000, 1.00000000, 1.00000000
0.373737373737, 0.858585858586, 1.16404483, 1.00000000, 1.00000000, 1.00000000
0.373737373737, 0.868686868687, 1.17038956, 1.00000000, 1.00000000, 1.00000000
0.373737373737, 0.878787878788, 1.17604783, 1.00000000, 1.00000000, 1.00000000
0.373737373737, 0.888888888889, 1.18099670, 1.00000000, 1.00000000, 1.00000000
0.373737373737, 0.898989898990, 1.18521611, 1.00000000, 1.00000000, 1.00000000
0.373737373737, 0.909090909091, 1.18868896, 1.00000000, 1.00000000, 1.00000000
0.373737373737, 0.919191919192, 1.19140115, 1.00000000, 1.00000000, 1.00000000
0.373737373737, 0.929292929293, 1.19334171, 1.00000000, 1.00000000, 1.00000000
0.373737373737, 0.939393939394, 1.19450294, 1.00000000, 1.00000000, 1.00000000
0.373737373737, 0.949494949495, 1.19488087, 1.00000000, 1.00000000, 1.00000000
0.373737373737, 0.959595959596, 1.19447666, 1.00000000, 1.00000000, 1.00000000
0.383838383838, -0.000000000000, 1.17676099, 1.00000000, 1.00000000, 1.00000000
0.383838383838, 0.010101010101, 1.17183274, 1.00000000, 1.00000000, 1.00000000
0.383838383838, 0.020202020202, 1.16651653, 1.00000000, 1.00000000, 1.00000000
0.383838383838, 0.030303030303, 1.16077329, 1.00000000, 1.00000000, 1.00000000
0.383838383838, 0.040404040404, 1.15449876, 1.00000000, 1.00000000, 1.00000000
0.383838383838, 0.050505050505, 1.14757181, 1.00000000, 1.00000000, 1.00000000
0.383838383838, 0.060606060606, 1.13991045, 1.00000000, 1.00000000, 1.00000000
0.383838383838, 0.070707070707, 1.13150212, 1.00000000, 1.00000000, 1.00000000
0.383838383838, 0.080808080808, 1.12239680, 1.00000000, 1.00000000, 1.00000000
0.383838383838, 0.090909090909, 1.11267796, 1.00000000, 1.00000000, 1.00000000
0.383838383838, 0.101010101010, 1.10243382, 1.00000000, 1.00000000, 1.00000000
0.383838383838, 0.111111111111, 1.09174184, 1.00000000, 1.00000000, 1.00000000
0.383838383838, 0.121212121212, 1.08066619, 1.00000000, 1.00000000, 1.00000000
0.383838383838, 0.131313131313, 1.06926165, 1.00000000, 1.00000000, 1.00000000
0.383838383838, 0.141414141414, 1.05757834, 1.00000000, 1.00000000, 1.00000000
0.383838383838, 0.151515151515, 1.04566483, 1.00000000, 1.00000000, 1.00000000
0.383838383838, 0.161616161616, 1.03356963, 1.00000000, 1.00000000, 1.00000000
0.383838383838, 0.171717171717, 1.02134167, 1.00000000, 1.00000000, 1.00000000
0.383838383838, 0.181818181818, 1.00903030, 1.00000000, 1.00000000, 1.00000000
0.383838383838, 0.191919191919, 0.99668520, 1.00000000, 1.00000000, 1.00000000
0.383838383838, 0.202020202020, 0.98435611, 1.00000000, 1.00000000, 1.00000000
0.383838383838, 0.212121212121, 0.97209270, 1.00000000, 1.00000000, 1.00000000
0.383838383838, 0.222222222222, 0.95994434, 1.00000000, 1.00000000, 1.00000000
0.383838383838, 0.232323232323, 0.94795989, 1.00000000, 1.00000000, 1.00000000
0.383838383838, 0.242424242424, 0.93618753, 1.00000000, 1.00000000, 1.00000000
0.383838383838, 0.252525252525, 0.92467454, 1.00000000, 1.00000000, 1.00000000
0.383838383838, 0.262626262626, 0.91346713, 1.00000000, 1.00000000, 1.00000000
0.383838383838, 0.272727272727, 0.90261024, 1.00000000, 1.00000000, 1.00000000
0.383838383838, 0.282828282828, 0.89214738, 1.00000000, 1.00000000, 1.00000000
0.383838383838, 0.292929292929, 0.88212043, 1.00000000, 1.00000000, 1.00000000
0.383838383838, 0.303030303030, 0.87256950, 1.00000000, 1.00000000, 1.00000000
0.383838383838, 0.313131313131, 0.86353276, 1.00000000, 1.00000000, 1.00000000
0.383838383838, 0.323232323232, 0.85504630, 1.00000000, 1.00000000, 1.00000000
0.383838383838, 0.333333333333, 0.84714398, 1.00000000, 1.00000000, 1.00000000
0.383838383838, 0.343434343434, 0.83985731, 1.00000000, 1.00000000, 1.00000000
0.383838383838, 0.353535353535, 0.83321534, 1.00000000, 1.00000000, 1.00000000
0.383838383838, 0.363636363636, 0.82724451, 1.00000000, 1.00000000, 1.00000000
0.383838383838, 0.373737373737, 0.82196860, 1.00000000, 1.00000000, 1.00000000
0.383838383838, 0.383838383838, 0.81740862, 1.00000000, 1.00000000, 1.00000000
0.383838383838, 0.393939393939, 0.81358272, 1.00000000, 1.00000000, 1.00000000
0.383838383838, 0.404040404040, 0.81050616, 1.00000000, 1.00000000, 1.00000000
0.383838383838, 0.414141414141, 0.80819123, 1.00000000, 1.00000000, 1.00000000
0.383838383838, 0.424242424242, 0.80664721, 1.00000000, 1.00000000, 1.00000000
0.383838383838, 0.434343434343, 0.80588035, 1.00000000, 1.00000000, 1.00000000
0.383838383838, 0.444444444444, 0.80589379, 1.00000000, 1.00000000, 1.00000000
0.383838383838, 0.454545454545, 0.80668739, 1.00000000, 1.00000000, 1.00000000
0.383838383838, 0.464646464646, 0.80825794, 1.00000000, 1.00000000, 1.00000000
0.383838383838, 0.474747474747, 0.81059918, 1.00000000, 1.00000000, 1.00000000
0.383838383838, 0.484848484848, 0.81370177, 1.00000000, 1.00000000, 1.00000000
0.383838383838, 0.494949494949, 0.81755340, 1.00000000, 1.00000000, 1.00000000
0.383838383838, 0.505050505051, 0.82213877, 1.00000000, 1.00000000, 1.00000000
0.383838383838, 0.515151515152, 0.82743965, 1.00000000, 1.00000000, 1.00000000
0.383838383838, 0.525252525253, 0.83343499, 1.00000000, 1.00000000, 1.00000000
0.383838383838, 0.535353535354, 0.84010092, 1.00000000, 1.00000000, 1.00000000
0.383838383838, 0.545454545455, 0.84741092, 1.00000000, 1.00000000, 1.00000000
0.383838383838, 0.555555555556, 0.85533586, 1.00000000, 1.00000000, 1.00000000
0.383838383838, 0.565656565657, 0.86384413, 1.00000000, 1.00000000, 1.00000000
0.383838383838, 0.575757575758, 0.87290178, 1.00000000, 1.00000000, 1.00000000
0.383838383838, 0.585858585859, 0.88247261, 1.00000000, 1.00000000, 1.00000000
0.383838383838, 0.595959595960, 0.89251834, 1.00000000, 1.00000000, 1.00000000
0.383838383838, 0.606060606061, 0.90299876, 1.00000000, 1.00000000, 1.00000000
0.383838383838, 0.616161616162, 0.91387189, 1.00000000, 1.00000000, 1.00000000
0.383838383838, 0.626262626263, 0.92509411, 1.00000000, 1.00000000, 1.00000000
0.383838383838, 0.636363636364, 0.93662039, 1.00000000, 1.00000000, 1.00000000
0.383838383838, 0.646464646465, 0.94840443, 1.00000000, 1.00000000, 1.00000000
0.383838383838, 0.656565656566, 0.96039884, 1.00000000, 1.00000000, 1.00000000
0.383838383838, 0.666666666667, 0.97255539, 1.00000000, 1.00000000, 1.00000000
0.383838383838, 0.676767676768, 0.98482513, 1.00000000, 1.00000000, 1.00000000
0.383838383838, 0.686868686869, 0.99715863, 1.00000000, 1.00000000, 1.00000000
0.383838383838, 0.696969696970, 1.00950617, 1.00000000, 1.00000000, 1.00000000
0.383838383838, 0.707070707071, 1.02181795, 1.00000000, 1.00000000, 1.00000000
0.383838383838, 0.717171717172, 1.03404430, 1.00000000, 1.00000000, 1.00000000
0.383838383838, 0.727272727273, 1.04613584, 1.00000000, 1.00000000, 1.00000000
0.383838383838, 0.737373737374, 1.05804373, 1.00000000, 1.00000000, 1.00000000
0.383838383838, 0.747474747475, 1.06971987, 1.00000000, 1.00000000, 1.00000000
0.383838383838, 0.757575757576, 1.08111704, 1.00000000, 1.00000000, 1.00000000
0.383838383838, 0.767676767677, 1.09218917, 1.00000000, 1.00000000, 1.00000000
0.383838383838, 0.777777777778, 1.10289146, 1.00000000, 1.00000000, 1.00000000
0.383838383838, 0.787878787879, 1.11318061, 1.00000000, 1.00000000, 1.00000000
0.383838383838, 0.797979797980, 1.12301499, 1.00000000, 1.00000000, 1.00000000
0.383838383838, 0.808080808081, 1.13235477, 1.00000000, 1.00000000, 1.00000000
0.383838383838, 0.818181818182, 1.14116215, 1.00000000, 1.00000000, 1.00000000
0.383838383838, 0.828282828283, 1.14940146, 1.00000000, 1.00000000, 1.00000000
0.383838383838, 0.838383838384, 1.15703934, 1.00000000, 1.00000000, 1.00000000
0.383838383838, 0.848484848485, 1.16404483, 1.00000000, 1.00000000, 1.00000000
0.383838383838, 0.858585858586, 1.17038956, 1.00000000, 1.00000000, 1.00000000
0.383838383838, 0.868686868687, 1.17604783, 1.00000000, 1.00000000, 1.00000000
0.383838383838, 0.878787878788, 1.18099670, 1.00000000, 1.00000000, 1.00000000
0.383838383838, 0.888888888889, 1.18521611, 1.00000000, 1.00000000, 1.00000000
0.383838383838, 0.898989898990, 1.18868896, 1.00000000, 1.00000000, 1.00000000
0.383838383838, 0.909090909091, 1.19140114, 1.00000000, 1.00000000, 1.00000000
0.383838383838, 0.919191919192, 1.19334165, 1.00000000, 1.00000000, 1.00000000
0.383838383838, 0.929292929293, 1.19450263, 1.00000000, 1.00000000, 1.00000000
0.383838383838, 0.939393939394, 1.19487953, 1.00000000, 1.00000000, 1.00000000
0.383838383838, 0.949494949495, 1.19447175, 1.00000000, 1.00000000, 1.00000000
0.383838383838, 0.959595959596, 1.19328393, 1.00000000, 1.00000000, 1.00000000
0.393939393939, -0.000000000000, 1.17114697, 1.00000000, 1.00000000, 1.00000000
0.393939393939, 0.010101010101, 1.16558776, 1.00000000, 1.00000000, 1.00000000
0.393939393939, 0.020202020202, 1.15968276, 1.00000000, 1.00000000, 1.00000000
0.393939393939, 0.030303030303, 1.15338698, 1.00000000, 1.00000000, 1.00000000
0.393939393939, 0.040404040404, 1.14658599, 1.00000000, 1.00000000, 1.00000000
0.393939393939, 0.050505050505, 1.13914883, 1.00000000, 1.00000000, 1.00000000
0.393939393939, 0.060606060606, 1.13098863, 1.00000000, 1.00000000, 1.00000000
0.393939393939, 0.070707070707, 1.12209430, 1.00000000, 1.00000000, 1.00000000
0.393939393939, 0.080808080808, 1.11252214, 1.00000000, 1.00000000, 1.00000000
0.393939393939, 0.090909090909, 1.10236362, 1.00000000, 1.00000000, 1.00000000
0.393939393939, 0.101010101010, 1.09171420, 1.00000000, 1.00000000, 1.00000000
0.393939393939, 0.111111111111, 1.08065669, 1.00000000, 1.00000000, 1.00000000
0.393939393939, 0.121212121212, 1.06925881, 1.00000000, 1.00000000, 1.00000000
0.393939393939, 0.131313131313, 1.05757761, 1.00000000, 1.00000000, 1.00000000
0.393939393939, 0.141414141414, 1.04566467, 1.00000000, 1.00000000, 1.00000000
0.393939393939, 0.151515151515, 1.03356960, 1.00000000, 1.00000000, 1.00000000
0.393939393939, 0.161616161616, 1.02134166, 1.00000000, 1.00000000, 1.00000000
0.393939393939, 0.171717171717, 1.00903030, 1.00000000, 1.00000000, 1.00000000
0.393939393939, 0.181818181818, 0.99668520, 1.00000000, 1.00000000, 1.00000000
0.393939393939, 0.191919191919, 0.98435611, 1.00000000, 1.00000000, 1.00000000
0.393939393939, 0.202020202020, 0.97209270, 1.00000000, 1.00000000, 1.00000000
0.393939393939, 0.212121212121, 0.95994434, 1.00000000, 1.00000000, 1.00000000
0.393939393939, 0.222222222222, 0.94795989, 1.00000000, 1.00000000, 1.00000000
0.393939393939, 0.232323232323, 0.93618753, 1.00000000, 1.00000000, 1.00000000
0.393939393939, 0.242424242424, 0.92467454, 1.00000000, 1.00000000, 1.00000000
0.393939393939, 0.252525252525, 0.91346713, 1.00000000, 1.00000000, 1.00000000
0.393939393939, 0.262626262626, 0.90261024, 1.00000000, 1.00000000, 1.00000000
0.393939393939, 0.272727272727, 0.89214738, 1.00000000, 1.00000000, 1.00000000
0.393939393939, 0.282828282828, 0.88212043, 1.00000000, 1.00000000, 1.00000000
0.393939393939, 0.292929292929, 0.87256950, 1.00000000, 1.00000000, 1.00000000
0.393939393939, 0.303030303030, 0.86353276, 1.00000000, 1.00000000, 1.00000000
0.393939393939, 0.313131313131, 0.85504630, 1.00000000, 1.00000000, 1.00000000
0.393939393939, 0.323232323232, 0.84714398, 1.00000000, 1.00000000, 1.00000000
0.393939393939, 0.333333333333, 0.83985731, 1.00000000, 1.00000000, 1.00000000
0.393939393939, 0.343434343434, 0.83321534, 1.00000000, 1.00000000, 1.00000000
0.393939393939, 0.353535353535, 0.82724451, 1.00000000, 1.00000000, 1.00000000
0.393939393939, 0.363636363636, 0.82196860, 1.00000000, 1.00000000, 1.00000000
0.393939393939, 0.373737373737, 0.81740862, 1.00000000, 1.00000000, 1.00000000
0.393939393939, 0.383838383838, 0.81358272, 1.00000000, 1.00000000, 1.00000000
0.393939393939, 0.393939393939, 0.81050616, 1.00000000, 1.00000000, 1.00000000
0.393939393939, 0.404040404040, 0.80819123, 1.00000000, 1.00000000, 1.00000000
0.393939393939, 0.414141414141, 0.80664721, 1.00000000, 1.00000000, 1.00000000
0.393939393939, 0.424242424242, 0.80588035, 1.00000000, 1.00000000, 1.00000000
0.393939393939, 0.434343434343, 0.80589379, 1.00000000, 1.00000000, 1.00000000
0.393939393939, 0.444444444444, 0.80668739, 1.00000000, 1.00000000, 1.00000000
0.393939393939, 0.454545454545, 0.80825794, 1.00000000, 1.00000000, 1.00000000
0.393939393939, 0.464646464646, 0.81059918, 1.00000000, 1.00000000, 1.00000000
0.393939393939, 0.474747474747, 0.81370177, 1.00000000, 1.00000000, 1.00000000
0.393939393939, 0.484848484848, 0.81755340, 1.00000000, 1.00000000, 1.00000000
0.393939393939, 0.494949494949, 0.82213877, 1.00000000, 1.00000000, 1.00000000
0.393939393939, 0.505050505051, 0.82743965, 1.00000000, 1.00000000, 1.00000000
0.393939393939, 0.515151515152, 0.83343499, 1.00000000, 1.00000000, 1.00000000
0.393939393939, 0.525252525253, 0.84010092, 1.00000000, 1.00000000, 1.00000000
0.393939393939, 0.535353535354, 0.84741092, 1.00000000, 1.00000000, 1.00000000
0.393939393939, 0.545454545455, 0.85533586, 1.00000000, 1.00000000, 1.00000000
0.393939393939, 0.555555555556, 0.86384413, 1.00000000, 1.00000000, 1.00000000
0.393939393939, 0.565656565657, 0.87290178, 1.00000000, 1.00000000, 1.00000000
0.393939393939, 0.575757575758, 0.88247261, 1.00000000, 1.00000000, 1.00000000
0.393939393939, 0.585858585859, 0.89251834, 1.00000000, 1.00000000, 1.00000000
0.393939393939, 0.595959595960, 0.90299876, 1.00000000, 1.00000000, 1.00000000
0.393939393939, 0.606060606061, 0.91387189, 1.00000000, 1.00000000, 1.00000000
0.393939393939, 0.616161616162, 0.92509411, 1.00000000, 1.00000000, 1.00000000
0.393939393939, 0.626262626263, 0.93662039, 1.00000000, 1.00000000, 1.00000000
0.393939393939, 0.636363636364, 0.94840443, 1.00000000, 1.00000000, 1.00000000
0.393939393939, 0.646464646465, 0.96039884, 1.00000000, 1.00000000, 1.00000000
0.393939393939, 0.656565656566, 0.97255539, 1.00000000, 1.00000000, 1.00000000
0.393939393939, 0.666666666667, 0.98482513, 1.00000000, 1.00000000, 1.00000000
0.393939393939, 0.676767676768, 0.99715863, 1.00000000, 1.00000000, 1.00000000
0.393939393939, 0.686868686869, 1.00950617, 1.00000000, 1.00000000, 1.00000000
0.393939393939, 0.696969696970, 1.02181795, 1.00000000, 1.00000000, 1.00000000
0.393939393939, 0.707070707071, 1.03404430, 1.00000000, 1.00000000, 1.00000000
0.393939393939, 0.717171717172, 1.04613584, 1.00000000, 1.00000000, 1.00000000
0.393939393939, 0.727272727273, 1.05804373, 1.00000000, 1.00000000, 1.00000000
0.393939393939, 0.737373737374, 1.06971987, 1.00000000, 1.00000000, 1.00000000
0.393939393939, 0.747474747475, 1.08111704, 1.00000000, 1.00000000, 1.00000000
0.393939393939, 0.757575757576, 1.09218917, 1.00000000, 1.00000000, 1.00000000
0.393939393939, 0.767676767677, 1.10289146, 1.00000000, 1.00000000, 1.00000000
0.393939393939, 0.777777777778, 1.11318061, 1.00000000, 1.00000000, 1.00000000
0.393939393939, 0.787878787879, 1.12301499, 1.00000000, 1.00000000, 1.00000000
0.393939393939, 0.797979797980, 1.13235477, 1.00000000, 1.00000000, 1.00000000
0.393939393939, 0.808080808081, 1.14116215, 1.00000000, 1.00000000, 1.00000000
0.393939393939, 0.818181818182, 1.14940146, 1.00000000, 1.00000000, 1.00000000
0.393939393939, 0.828282828283, 1.15703934, 1.00000000, 1.00000000, 1.00000000
0.393939393939, 0.838383838384, 1.16404483, 1.00000000, 1.00000000, 1.00000000
0.393939393939, 0.848484848485, 1.17038956, 1.00000000, 1.00000000, 1.00000000
0.393939393939, 0.858585858586, 1.17604783, 1.00000000, 1.00000000, 1.00000000
0.393939393939, 0.868686868687, 1.18099670, 1.00000000, 1.00000000, 1.00000000
0.393939393939, 0.878787878788, 1.18521611, 1.00000000, 1.00000000, 1.00000000
0.393939393939, 0.888888888889, 1.18868896, 1.00000000, 1.00000000, 1.00000000
0.393939393939, 0.898989898990, 1.19140114, 1.00000000, 1.00000000, 1.00000000
0.393939393939, 0.909090909091, 1.19334164, 1.00000000, 1.00000000, 1.00000000
0.393939393939, 0.919191919192, 1.19450256, 1.00000000, 1.00000000, 1.00000000
0.393939393939, 0.929292929293, 1.19487919, 1.00000000, 1.00000000, 1.00000000
0.393939393939, 0.939393939394, 1.19447028, 1.00000000, 1.00000000, 1.00000000
0.393939393939, 0.949494949495, 1.19327852, 1.00000000, 1.00000000, 1.00000000
0.393939393939, 0.959595959596, 1.19131197, 1.00000000, 1.00000000, 1.00000000
0.404040404040, -0.000000000000, 1.16484399, 1.00000000, 1.00000000, 1.00000000
0.404040404040, 0.010101010101, 1.15867634, 1.00000000, 1.00000000, 1.00000000
0.404040404040, 0.020202020202, 1.15220629, 1.00000000, 1.00000000, 1.00000000
0.404040404040, 0.030303030303, 1.14538322, 1.00000000, 1.00000000, 1.00000000
0.404040404040, 0.040404040404, 1.13808304, 1.00000000, 1.00000000, 1.00000000
0.404040404040, 0.050505050505, 1.13016565, 1.00000000, 1.00000000, 1.00000000
0.404040404040, 0.060606060606, 1.12153964, 1.00000000, 1.00000000, 1.00000000
0.404040404040, 0.070707070707, 1.11219544, 1.00000000, 1.00000000, 1.00000000
0.404040404040, 0.080808080808, 1.10219532, 1.00000000, 1.00000000, 1.00000000
0.404040404040, 0.090909090909, 1.09163836, 1.00000000, 1.00000000, 1.00000000
0.404040404040, 0.101010101010, 1.08062681, 1.00000000, 1.00000000, 1.00000000
0.404040404040, 0.111111111111, 1.06924854, 1.00000000, 1.00000000, 1.00000000
0.404040404040, 0.121212121212, 1.05757453, 1.00000000, 1.00000000, 1.00000000
0.404040404040, 0.131313131313, 1.04566387, 1.00000000, 1.00000000, 1.00000000
0.404040404040, 0.141414141414, 1.03356942, 1.00000000, 1.00000000, 1.00000000
0.404040404040, 0.151515151515, 1.02134163, 1.00000000, 1.00000000, 1.00000000
0.404040404040, 0.161616161616, 1.00903030, 1.00000000, 1.00000000, 1.00000000
0.404040404040, 0.171717171717, 0.99668520, 1.00000000, 1.00000000, 1.00000000
0.404040404040, 0.181818181818, 0.98435611, 1.00000000, 1.00000000, 1.00000000
0.404040404040, 0.191919191919, 0.97209270, 1.00000000, 1.00000000, 1.00000000
0.404040404040, 0.202020202020, 0.95994434, 1.00000000, 1.00000000, 1.00000000
0.404040404040, 0.212121212121, 0.94795989, 1.00000000, 1.00000000, 1.00000000
0.404040404040, 0.222222222222, 0.93618753, 1.00000000, 1.00000000, 1.00000000
0.404040404040, 0.232323232323, 0.92467454, 1.00000000, 1.00000000, 1.00000000
0.404040404040, 0.242424242424, 0.91346713, 1.00000000, 1.00000000, 1.00000000
0.404040404040, 0.252525252525, 0.90261024, 1.00000000, 1.00000000, 1.00000000
0.404040404040, 0.262626262626, 0.89214738, 1.00000000, 1.00000000, 1.00000000
0.404040404040, 0.272727272727, 0.88212043, 1.00000000, 1.00000000, 1.00000000
0.404040404040, 0.282828282828, 0.87256950, 1.00000000, 1.00000000, 1.00000000
0.404040404040, 0.292929292929, 0.86353276, 1.00000000, 1.00000000, 1.00000000
0.404040404040, 0.303030303030, 0.85504630, 1.00000000, 1.00000000, 1.00000000
0.404040404040, 0.313131313131, 0.84714398, 1.00000000, 1.00000000, 1.00000000
0.404040404040, 0.323232323232, 0.83985731, 1.00000000, 1.00000000, 1.00000000
0.404040404040, 0.333333333333, 0.83321534, 1.00000000, 1.00000000, 1.00000000
0.404040404040, 0.343434343434, 0.82724451, 1.00000000, 1.00000000, 1.00000000
0.404040404040, 0.353535353535, 0.82196860, 1.00000000, 1.00000000, 1.00000000
0.404040404040, 0.363636363636, 0.81740862, 1.00000000, 1.00000000, 1.00000000
0.404040404040, 0.373737373737, 0.81358272, 1.00000000, 1.00000000, 1.00000000
0.404040404040, 0.383838383838, 0.81050616, 1.00000000, 1.00000000, 1.00000000
0.404040404040, 0.393939393939, 0.80819123, 1.00000000, 1.00000000, 1.00000000
0.404040404040, 0.404040404040, 0.80664721, 1.00000000, 1.00000000, 1.00000000
0.404040404040, 0.414141414141, 0.80588035, 1.00000000, 1.00000000, 1.00000000
0.404040404040, 0.424242424242, 0.80589379, 1.00000000, 1.00000000, 1.00000000
0.404040404040, 0.434343434343, 0.80668739, 1.00000000, 1.00000000, 1.00000000
0.404040404040, 0.444444444444, 0.80825794, 1.00000000, 1.00000000, 1.00000000
0.404040404040, 0.454545454545, 0.81059918, 1.00000000, 1.00000000, 1.00000000
0.404040404040, 0.464646464646, 0.81370177, 1.00000000, 1.00000000, 1.00000000
0.404040404040, 0.474747474747, 0.81755340, 1.00000000, 1.00000000, 1.00000000
0.404040404040, 0.484848484848, 0.82213877, 1.00000000, 1.00000000, 1.00000000
0.404040404040, 0.494949494949, 0.82743965, 1.00000000, 1.00000000, 1.00000000
0.404040404040, 0.505050505051, 0.83343499, 1.00000000, 1.00000000, 1.00000000
0.404040404040, 0.515151515152, 0.84010092, 1.00000000, 1.00000000, 1.00000000
0.404040404040, 0.525252525253, 0.84741092, 1.00000000, 1.00000000, 1.00000000
0.404040404040, 0.535353535354, 0.85533586, 1.00000000, 1.00000000, 1.00000000
0.404040404040, 0.545454545455, 0.86384413, 1.00000000, 1.00000000, 1.00000000
0.404040404040, 0.555555555556, 0.87290178, 1.00000000, 1.00000000, 1.00000000
0.404040404040, 0.565656565657, 0.88247261, 1.00000000, 1.00000000, 1.00000000
0.404040404040, 0.575757575758, 0.89251834, 1.00000000, 1.00000000, 1.00000000
0.404040404040, 0.585858585859, 0.90299876, 1.00000000, 1.00000000, 1.00000000
0.404040404040, 0.595959595960, 0.91387189, 1.00000000, 1.00000000, 1.00000000
0.404040404040, 0.606060606061, 0.92509411, 1.00000000, 1.00000000, 1.00000000
0.404040404040, 0.616161616162, 0.93662039, 1.00000000, 1.00000000, 1.00000000
0.404040404040, 0.626262626263, 0.94840443, 1.00000000, 1.00000000, 1.00000000
0.404040404040, 0.636363636364, 0.96039884, 1.00000000, 1.00000000, 1.00000000
0.404040404040, 0.646464646465, 0.97255539, 1.00000000, 1.00000000, 1.00000000
0.404040404040, 0.656565656566, 0.98482513, 1.00000000, 1.00000000, 1.00000000
0.404040404040, 0.666666666667, 0.99715863, 1.00000000, 1.00000000, 1.00000000
0.404040404040, 0.676767676768, 1.00950617, 1.00000000, 1.00000000, 1.00000000
0.404040404040, 0.686868686869, 1.02181795, 1.00000000, 1.00000000, 1.00000000
0.404040404040, 0.696969696970, 1.03404430, 1.00000000, 1.00000000, 1.00000000
0.404040404040, 0.707070707071, 1.04613584, 1.00000000, 1.00000000, 1.00000000
0.404040404040, 0.717171717172, 1.05804373, 1.00000000, 1.00000000, 1.00000000
0.404040404040, 0.727272727273, 1.06971987, 1.00000000, 1.00000000, 1.00000000
0.404040404040, 0.737373737374, 1.08111704, 1.00000000, 1.00000000, 1.00000000
0.404040404040, 0.747474747475, 1.09218917, 1.00000000, 1.00000000, 1.00000000
0.404040404040, 0.757575757576, 1.10289146, 1.00000000, 1.00000000, 1.00000000
0.404040404040, 0.767676767677, 1.11318061, 1.00000000, 1.00000000, 1.00000000
0.404040404040, 0.777777777778, 1.12301499, 1.00000000, 1.00000000, 1.00000000
0.404040404040, 0.787878787879, 1.13235477, 1.00000000, 1.00000000, 1.00000000
0.404040404040, 0.797979797980, 1.14116215, 1.00000000, 1.00000000, 1.00000000
0.404040404040, 0.808080808081, 1.14940146, 1.00000000, 1.00000000, 1.00000000
0.404040404040, 0.818181818182, 1.15703934, 1.00000000, 1.00000000, 1.00000000
0.404040404040, 0.828282828283, 1.16404483, 1.00000000, 1.00000000, 1.00000000
0.404040404040, 0.838383838384, 1.17038956, 1.00000000, 1.00000000, 1.00000000
0.404040404040, 0.848484848485, 1.17604783, 1.00000000, 1.00000000, 1.00000000
0.404040404040, 0.858585858586, 1.18099670, 1.00000000, 1.00000000, 1.00000000
0.404040404040, 0.868686868687, 1.18521611, 1.00000000, 1.00000000, 1.00000000
0.404040404040, 0.878787878788, 1.18868896, 1.00000000, 1.00000000, 1.00000000
0.404040404040, 0.888888888889, 1.19140114, 1.00000000, 1.00000000, 1.00000000
0.404040404040, 0.898989898990, 1.19334163, 1.00000000, 1.00000000, 1.00000000
0.404040404040, 0.909090909091, 1.19450254, 1.00000000, 1.00000000, 1.00000000
0.404040404040, 0.919191919192, 1.19487911, 1.00000000, 1.00000000, 1.00000000
0.404040404040, 0.929292929293, 1.19446990, 1.00000000, 1.00000000, 1.00000000
0.404040404040, 0.939393939394, 1.19327692, 1.00000000, 1.00000000, 1.00000000
0.404040404040, 0.949494949495, 1.19130607, 1.00000000, 1.00000000, 1.00000000
0.404040404040, 0.959595959596, 1.18856882, 1.00000000, 1.00000000, 1.00000000
0.414141414141, -0.000000000000, 1.15787763, 1.00000000, 1.00000000, 1.00000000
0.414141414141, 0.010101010101, 1.15112649, 1.00000000, 1.00000000, 1.00000000
0.414141414141, 0.020202020202, 1.14411743, 1.00000000, 1.00000000, 1.00000000
0.414141414141, 0.030303030303, 1.13679442, 1.00000000, 1.00000000, 1.00000000
0.414141414141, 0.040404040404, 1.12902433, 1.00000000, 1.00000000, 1.00000000
0.414141414141, 0.050505050505, 1.12065861, 1.00000000, 1.00000000, 1.00000000
0.414141414141, 0.060606060606, 1.11160172, 1.00000000, 1.00000000, 1.00000000
0.414141414141, 0.070707070707, 1.10184558, 1.00000000, 1.00000000, 1.00000000
0.414141414141, 0.080808080808, 1.09145813, 1.00000000, 1.00000000, 1.00000000
0.414141414141, 0.090909090909, 1.08054555, 1.00000000, 1.00000000, 1.00000000
0.414141414141, 0.101010101010, 1.06921650, 1.00000000, 1.00000000, 1.00000000
0.414141414141, 0.111111111111, 1.05756350, 1.00000000, 1.00000000, 1.00000000
0.414141414141, 0.121212121212, 1.04566056, 1.00000000, 1.00000000, 1.00000000
0.414141414141, 0.131313131313, 1.03356856, 1.00000000, 1.00000000, 1.00000000
0.414141414141, 0.141414141414, 1.02134144, 1.00000000, 1.00000000, 1.00000000
0.414141414141, 0.151515151515, 1.00903026, 1.00000000, 1.00000000, 1.00000000
0.414141414141, 0.161616161616, 0.99668519, 1.00000000, 1.00000000, 1.00000000
0.414141414141, 0.171717171717, 0.98435611, 1.00000000, 1.00000000, 1.00000000
0.414141414141, 0.181818181818, 0.97209270, 1.00000000, 1.00000000, 1.00000000
0.414141414141, 0.191919191919, 0.95994434, 1.00000000, 1.00000000, 1.00000000
0.414141414141, 0.202020202020, 0.94795989, 1.00000000, 1.00000000, 1.00000000
0.414141414141, 0.212121212121, 0.93618753, 1.00000000, 1.00000000, 1.00000000
0.414141414141, 0.222222222222, 0.92467454, 1.00000000, 1.00000000, 1.00000000
0.414141414141, 0.232323232323, 0.91346713, 1.00000000, 1.00000000, 1.00000000
0.414141414141, 0.242424242424, 0.90261024, 1.00000000, 1.00000000, 1.00000000
0.414141414141, 0.252525252525, 0.89214738, 1.00000000, 1.00000000, 1.00000000
0.414141414141, 0.262626262626, 0.88212043, 1.00000000, 1.00000000, 1.00000000
0.414141414141, 0.272727272727, 0.87256950, 1.00000000, 1.00000000, 1.00000000
0.414141414141, 0.282828282828, 0.86353276, 1.00000000, 1.00000000, 1.00000000
0.414141414141, 0.292929292929, 0.85504630, 1.00000000, 1.00000000, 1.00000000
0.414141414141, 0.303030303030, 0.84714398, 1.00000000, 1.00000000, 1.00000000
0.414141414141, 0.313131313131, 0.83985731, 1.00000000, 1.00000000, 1.00000000
0.414141414141, 0.323232323232, 0.83321534, 1.00000000, 1.00000000, 1.00000000
0.414141414141, 0.333333333333, 0.82724451, 1.00000000, 1.00000000, 1.00000000
0.414141414141, 0.343434343434, 0.82196860, 1.00000000, 1.00000000, 1.00000000
0.414141414141, 0.353535353535, 0.81740862, 1.00000000, 1.00000000, 1.00000000
0.414141414141, 0.363636363636, 0.81358272, 1.00000000, 1.00000000, 1.00000000
0.414141414141, 0.373737373737, 0.81050616, 1.00000000, 1.00000000, 1.00000000
0.414141414141, 0.383838383838, 0.80819123, 1.00000000, 1.00000000, 1.00000000
0.414141414141, 0.393939393939, 0.80664721, 1.00000000, 1.00000000, 1.00000000
0.414141414141, 0.404040404040, 0.80588035, 1.00000000, 1.00000000, 1.00000000
0.414141414141, 0.414141414141, 0.80589379, 1.00000000, 1.00000000, 1.00000000
0.414141414141, 0.424242424242, 0.80668739, 1.00000000, 1.00000000, 1.00000000
0.414141414141, 0.434343434343, 0.80825794, 1.00000000, 1.00000000, 1.00000000
0.414141414141, 0.444444444444, 0.81059918, 1.00000000, 1.00000000, 1.00000000
0.414141414141, 0.454545454545, 0.81370177, 1.00000000, 1.00000000, 1.00000000
0.414141414141, 0.464646464646, 0.81755340, 1.00000000, 1.00000000, 1.00000000
0.414141414141, 0.474747474747, 0.82213877, 1.00000000, 1.00000000, 1.00000000
0.414141414141, 0.484848484848, 0.82743965, 1.00000000, 1.00000000, 1.00000000
0.414141414141, 0.494949494949, 0.83343499, 1.00000000, 1.00000000, 1.00000000
0.414141414141, 0.505050505051, 0.84010092, 1.00000000, 1.00000000, 1.00000000
0.414141414141, 0.515151515152, 0.84741092, 1.00000000, 1.00000000, 1.00000000
0.414141414141, 0.525252525253, 0.85533586, 1.00000000, 1.00000000, 1.00000000
0.414141414141, 0.535353535354, 0.86384413, 1.00000000, 1.00000000, 1.00000000
0.414141414141, 0.545454545455, 0.87290178, 1.00000000, 1.00000000, 1.00000000
0.414141414141, 0.555555555556, 0.88247261, 1.00000000, 1.00000000, 1.00000000
0.414141414141, 0.565656565657, 0.89251834, 1.00000000, 1.00000000, 1.00000000
0.414141414141, 0.575757575758, 0.90299876, 1.00000000, 1.00000000, 1.00000000
0.414141414141, 0.585858585859, 0.91387189, 1.00000000, 1.00000000, 1.00000000
0.414141414141, 0.595959595960, 0.92509411, 1.00000000, 1.00000000, 1.00000000
0.414141414141, 0.606060606061, 0.93662039, 1.00000000, 1.00000000, 1.00000000
0.414141414141, 0.616161616162, 0.94840443, 1.00000000, 1.00000000, 1.00000000
0.414141414141, 0.626262626263, 0.96039884, 1.00000000, 1.00000000, 1.00000000
0.414141414141, 0.636363636364, 0.97255539, 1.00000000, 1.00000000, 1.00000000
0.414141414141, 0.646464646465, 0.98482513, 1.00000000, 1.00000000, 1.00000000
0.414141414141, 0.656565656566, 0.99715863, 1.00000000, 1.00000000, 1.00000000
0.414141414141, 0.666666666667, 1.00950617, 1.00000000, 1.00000000, 1.00000000
0.414141414141, 0.676767676768, 1.02181795, 1.00000000, 1.00000000, 1.00000000
0.414141414141, 0.686868686869, 1.03404430, 1.00000000, 1.00000000, 1.00000000
0.414141414141, 0.696969696970, 1.04613584, 1.00000000, 1.00000000, 1.00000000
0.414141414141, 0.707070707071, 1.05804373, 1.00000000, 1.00000000, 1.00000000
0.414141414141, 0.717171717172, 1.06971987, 1.00000000, 1.00000000, 1.00000000
0.414141414141, 0.727272727273, 1.08111704, 1.00000000, 1.00000000, 1.00000000
0.414141414141, 0.737373737374, 1.09218917, 1.00000000, 1.00000000, 1.00000000
0.414141414141, 0.747474747475, 1.10289146, 1.00000000, 1.00000000, 1.00000000
0.414141414141, 0.757575757576, 1.11318061, 1.00000000, 1.00000000, 1.00000000
0.414141414141, 0.767676767677, 1.12301499, 1.00000000, 1.00000000, 1.00000000
0.414141414141, 0.777777777778, 1.13235477, 1.00000000, 1.00000000, 1.00000000
0.414141414141, 0.787878787879, 1.14116215, 1.00000000, 1.00000000, 1.00000000
0.414141414141, 0.797979797980, 1.14940146, 1.00000000, 1.00000000, 1.00000000
0.414141414141, 0.808080808081, 1.15703934, 1.00000000, 1.00000000, 1.00000000
0.414141414141, 0.818181818182, 1.16404483, 1.00000000, 1.00000000, 1.00000000
0.414141414141, 0.828282828283, 1.17038956, 1.00000000, 1.00000000, 1.00000000
0.414141414141, 0.838383838384, 1.17604783, 1.00000000, 1.00000000, 1.00000000
0.414141414141, 0.848484848485, 1.18099670, 1.00000000, 1.00000000, 1.00000000
0.414141414141, 0.858585858586, 1.18521611, 1.00000000, 1.00000000, 1.00000000
0.414141414141, 0.868686868687, 1.18868896, 1.00000000, 1.00000000, 1.00000000
0.414141414141, 0.878787878788, 1.19140114, 1.00000000, 1.00000000, 1.00000000
0.414141414141, 0.888888888889, 1.19334163, 1.00000000, 1.00000000, 1.00000000
0.414141414141, 0.898989898990, 1.19450254, 1.00000000, 1.00000000, 1.00000000
0.414141414141, 0.909090909091, 1.19487909, 1.00000000, 1.00000000, 1.00000000
0.414141414141, 0.919191919192, 1.19446982, 1.00000000, 1.00000000, 1.00000000
0.414141414141, 0.929292929293, 1.19327651, 1.00000000, 1.00000000, 1.00000000
0.414141414141, 0.939393939394, 1.19130435, 1.00000000, 1.00000000, 1.00000000
0.414141414141, 0.949494949495, 1.18856245, 1.00000000, 1.00000000, 1.00000000
0.414141414141, 0.959595959596, 1.18506564, 1.00000000, 1.00000000, 1.00000000
0.424242424242, -0.000000000000, 1.15027612, 1.00000000, 1.00000000, 1.00000000
0.424242424242, 0.010101010101, 1.14296881, 1.00000000, 1.00000000, 1.00000000
0.424242424242, 0.020202020202, 1.13544894, 1.00000000, 1.00000000, 1.00000000
0.424242424242, 0.030303030303, 1.12765535, 1.00000000, 1.00000000, 1.00000000
0.424242424242, 0.040404040404, 1.11944656, 1.00000000, 1.00000000, 1.00000000
0.424242424242, 0.050505050505, 1.11066622, 1.00000000, 1.00000000, 1.00000000
0.424242424242, 0.060606060606, 1.10121510, 1.00000000, 1.00000000, 1.00000000
0.424242424242, 0.070707070707, 1.09108661, 1.00000000, 1.00000000, 1.00000000
0.424242424242, 0.080808080808, 1.08035400, 1.00000000, 1.00000000, 1.00000000
0.424242424242, 0.090909090909, 1.06913006, 1.00000000, 1.00000000, 1.00000000
0.424242424242, 0.101010101010, 1.05752939, 1.00000000, 1.00000000, 1.00000000
0.424242424242, 0.111111111111, 1.04564881, 1.00000000, 1.00000000, 1.00000000
0.424242424242, 0.121212121212, 1.03356503, 1.00000000, 1.00000000, 1.00000000
0.424242424242, 0.131313131313, 1.02134052, 1.00000000, 1.00000000, 1.00000000
0.424242424242, 0.141414141414, 1.00903005, 1.00000000, 1.00000000, 1.00000000
0.424242424242, 0.151515151515, 0.99668515, 1.00000000, 1.00000000, 1.00000000
0.424242424242, 0.161616161616, 0.98435610, 1.00000000, 1.00000000, 1.00000000
0.424242424242, 0.171717171717, 0.97209270, 1.00000000, 1.00000000, 1.00000000
0.424242424242, 0.181818181818, 0.95994434, 1.00000000, 1.00000000, 1.00000000
0.424242424242, 0.191919191919, 0.94795989, 1.00000000, 1.00000000, 1.00000000
0.424242424242, 0.202020202020, 0.93618753, 1.00000000, 1.00000000, 1.00000000
0.424242424242, 0.212121212121, 0.92467454, 1.00000000, 1.00000000, 1.00000000
0.424242424242, 0.222222222222, 0.91346713, 1.00000000, 1.00000000, 1.00000000
0.424242424242, 0.232323232323, 0.90261024, 1.00000000, 1.00000000, 1.00000000
0.424242424242, 0.242424242424, 0.89214738, 1.00000000, 1.00000000, 1.00000000
0.424242424242, 0.252525252525, 0.88212043, 1.00000000, 1.00000000, 1.00000000
0.424242424242, 0.262626262626, 0.87256950, 1.00000000, 1.00000000, 1.00000000
0.424242424242, 0.272727272727, 0.86353276, 1.00000000, 1.00000000, 1.00000000
0.424242424242, 0.282828282828, 0.85504630, 1.00000000, 1.00000000, 1.00000000
0.424242424242, 0.292929292929, 0.84714398, 1.00000000, 1.00000000, 1.00000000
0.424242424242, 0.303030303030, 0.83985731, 1.00000000, 1.00000000, 1.00000000
0.424242424242, 0.313131313131, 0.83321534, 1.00000000, 1.00000000, 1.00000000
0.424242424242, 0.323232323232, 0.82724451, 1.00000000, 1.00000000, 1.00000000
0.424242424242, 0.333333333333, 0.82196860, 1.00000000, 1.00000000, 1.00000000
0.424242424242, 0.343434343434, 0.81740862, 1.00000000, 1.00000000, 1.00000000
0.424242424242, 0.353535353535, 0.81358272, 1.00000000, 1.00000000, 1.00000000
0.424242424242, 0.363636363636, 0.81050616, 1.00000000, 1.00000000, 1.00000000
0.424242424242, 0.373737373737, 0.80819123, 1.00000000, 1.00000000, 1.00000000
0.424242424242, 0.383838383838, 0.80664721, 1.00000000, 1.00000000, 1.00000000
0.424242424242, 0.393939393939, 0.80588035, 1.00000000, 1.00000000, 1.00000000
0.424242424242, 0.404040404040, 0.80589379, 1.00000000, 1.00000000, 1.00000000
0.424242424242, 0.414141414141, 0.80668739, 1.00000000, 1.00000000, 1.00000000
0.424242424242, 0.424242424242, 0.80825794, 1.00000000, 1.00000000, 1.00000000
0.424242424242, 0.434343434343, 0.81059918, 1.00000000, 1.00000000, 1.00000000
0.424242424242, 0.444444444444, 0.81370177, 1.00000000, 1.00000000, 1.00000000
0.424242424242, 0.454545454545, 0.81755340, 1.00000000, 1.00000000, 1.00000000
0.424242424242, 0.464646464646, 0.82213877, 1.00000000, 1.00000000, 1.00000000
0.424242424242, 0.474747474747, 0.82743965, 1.00000000, 1.00000000, 1.00000000
0.424242424242, 0.484848484848, 0.83343499, 1.00000000, 1.00000000, 1.00000000
0.424242424242, 0.494949494949, 0.84010092, 1.00000000, 1.00000000, 1.00000000
0.424242424242, 0.505050505051, 0.84741092, 1.00000000, 1.00000000, 1.00000000
0.424242424242, 0.515151515152, 0.85533586, 1.00000000, 1.00000000, 1.00000000
0.424242424242, 0.525252525253, 0.86384413, 1.00000000, 1.00000000, 1.00000000
0.424242424242, 0.535353535354, 0.87290178, 1.00000000, 1.00000000, 1.00000000
0.424242424242, 0.545454545455, 0.88247261, 1.00000000, 1.00000000, 1.00000000
0.424242424242, 0.555555555556, 0.89251834, 1.00000000, 1.00000000, 1.00000000
0.424242424242, 0.565656565657, 0.90299876, 1.00000000, 1.00000000, 1.00000000
0.424242424242, 0.575757575758, 0.91387189, 1.00000000, 1.00000000, 1.00000000
0.424242424242, 0.585858585859, 0.92509411, 1.00000000, 1.00000000, 1.00000000
0.424242424242, 0.595959595960, 0.93662039, 1.00000000, 1.00000000, 1.00000000
0.424242424242, 0.606060606061, 0.94840443, 1.00000000, 1.00000000, 1.00000000
0.424242424242, 0.616161616162, 0.96039884, 1.00000000, 1.00000000, 1.00000000
0.424242424242, 0.626262626263, 0.97255539, 1.00000000, 1.00000000, 1.00000000
0.424242424242, 0.636363636364, 0.98482513, 1.00000000, 1.00000000, 1.00000000
0.424242424242, 0.646464646465, 0.99715863, 1.00000000, 1.00000000, 1.00000000
0.424242424242, 0.656565656566, 1.00950617, 1.00000000, 1.00000000, 1.00000000
0.424242424242, 0.666666666667, 1.02181795, 1.00000000, 1.00000000, 1.00000000
0.424242424242, 0.676767676768, 1.03404430, 1.00000000, 1.00000000, 1.00000000
0.424242424242, 0.686868686869, 1.04613584, 1.00000000, 1.00000000, 1.00000000
0.424242424242, 0.696969696970, 1.05804373, 1.00000000, 1.00000000, 1.00000000
0.424242424242, 0.707070707071, 1.06971987, 1.00000000, 1.00000000, 1.00000000
0.424242424242, 0.717171717172, 1.08111704, 1.00000000, 1.00000000, 1.00000000
0.424242424242, 0.727272727273, 1.09218917, 1.00000000, 1.00000000, 1.00000000
0.424242424242, 0.737373737374, 1.10289146, 1.00000000, 1.00000000, 1.00000000
0.424242424242, 0.747474747475, 1.11318061, 1.00000000, 1.00000000, 1.00000000
0.424242424242, 0.757575757576, 1.12301499, 1.00000000, 1.00000000, 1.00000000
0.424242424242, 0.767676767677, 1.13235477, 1.00000000, 1.00000000, 1.00000000
0.424242424242, 0.777777777778, 1.14116215, 1.00000000, 1.00000000, 1.00000000
0.424242424242, 0.787878787879, 1.14940146, 1.00000000, 1.00000000, 1.00000000
0.424242424242, 0.797979797980, 1.15703934, 1.00000000, 1.00000000, 1.00000000
0.424242424242, 0.808080808081, 1.16404483, 1.00000000, 1.00000000, 1.00000000
0.424242424242, 0.818181818182, 1.17038956, 1.00000000, 1.00000000, 1.00000000
0.424242424242, 0.828282828283, 1.17604783, 1.00000000, 1.00000000, 1.00000000
0.424242424242, 0.838383838384, 1.18099670, 1.00000000, 1.00000000, 1.00000000
0.424242424242, 0.848484848485, 1.18521611, 1.00000000, 1.00000000, 1.00000000
0.424242424242, 0.858585858586, 1.18868896, 1.00000000, 1.00000000, 1.00000000
0.424242424242, 0.868686868687, 1.19140114, 1.00000000, 1.00000000, 1.00000000
0.424242424242, 0.878787878788, 1.19334163, 1.00000000, 1.00000000, 1.00000000
0.424242424242, 0.888888888889, 1.19450254, 1.00000000, 1.00000000, 1.00000000
0.424242424242, 0.898989898990, 1.19487909, 1.00000000, 1.00000000, 1.00000000
0.424242424242, 0.909090909091, 1.19446980, 1.00000000, 1.00000000, 1.00000000
0.424242424242, 0.919191919192, 1.19327642, 1.00000000, 1.00000000, 1.00000000
0.424242424242, 0.929292929293, 1.19130391, 1.00000000, 1.00000000, 1.00000000
0.424242424242, 0.939393939394, 1.18856060, 1.00000000, 1.00000000, 1.00000000
0.424242424242, 0.949494949495, 1.18505882, 1.00000000, 1.00000000, 1.00000000
0.424242424242, 0.959595959596, 1.18081665, 1.00000000, 1.00000000, 1.00000000
0.434343434343, -0.000000000000, 1.14207026, 1.00000000, 1.00000000, 1.00000000
0.434343434343, 0.010101010101, 1.13423635, 1.00000000, 1.00000000, 1.00000000
0.434343434343, 0.020202020202, 1.12623593, 1.00000000, 1.00000000, 1.00000000
0.434343434343, 0.030303030303, 1.11800303, 1.00000000, 1.00000000, 1.00000000
0.434343434343, 0.040404040404, 1.10938847, 1.00000000, 1.00000000, 1.00000000
0.434343434343, 0.050505050505, 1.10022890, 1.00000000, 1.00000000, 1.00000000
0.434343434343, 0.060606060606, 1.09042180, 1.00000000, 1.00000000, 1.00000000
0.434343434343, 0.070707070707, 1.07996206, 1.00000000, 1.00000000, 1.00000000
0.434343434343, 0.080808080808, 1.06892783, 1.00000000, 1.00000000, 1.00000000
0.434343434343, 0.090909090909, 1.05743805, 1.00000000, 1.00000000, 1.00000000
0.434343434343, 0.101010101010, 1.04561271, 1.00000000, 1.00000000, 1.00000000
0.434343434343, 0.111111111111, 1.03355257, 1.00000000, 1.00000000, 1.00000000
0.434343434343, 0.121212121212, 1.02133677, 1.00000000, 1.00000000, 1.00000000
0.434343434343, 0.131313131313, 1.00902908, 1.00000000, 1.00000000, 1.00000000
0.434343434343, 0.141414141414, 0.99668493, 1.00000000, 1.00000000, 1.00000000
0.434343434343, 0.151515151515, 0.98435606, 1.00000000, 1.00000000, 1.00000000
0.434343434343, 0.161616161616, 0.97209269, 1.00000000, 1.00000000, 1.00000000
0.434343434343, 0.171717171717, 0.95994434, 1.00000000, 1.00000000, 1.00000000
0.434343434343, 0.181818181818, 0.94795989, 1.00000000, 1.00000000, 1.00000000
0.434343434343, 0.191919191919, 0.93618753, 1.00000000, 1.00000000, 1.00000000
0.434343434343, 0.202020202020, 0.92467454, 1.00000000, 1.00000000, 1.00000000
0.434343434343, 0.212121212121, 0.91346713, 1.00000000, 1.00000000, 1.00000000
0.434343434343, 0.222222222222, 0.90261024, 1.00000000, 1.00000000, 1.00000000
0.434343434343, 0.232323232323, 0.89214738, 1.00000000, 1.00000000, 1.00000000
0.434343434343, 0.242424242424, 0.88212043, 1.00000000, 1.00000000, 1.00000000
0.434343434343, 0.252525252525, 0.87256950, 1.00000000, 1.00000000, 1.00000000
0.434343434343, 0.262626262626, 0.86353276, 1.00000000, 1.00000000, 1.00000000
0.434343434343, 0.272727272727, 0.85504630, 1.00000000, 1.00000000, 1.00000000
0.434343434343, 0.282828282828, 0.84714398, 1.00000000, 1.00000000, 1.00000000
0.434343434343, 0.292929292929, 0.83985731, 1.00000000, 1.00000000, 1.00000000
0.434343434343, 0.303030303030, 0.83321534, 1.00000000, 1.00000000, 1.00000000
0.434343434343, 0.313131313131, 0.82724451, 1.00000000, 1.00000000, 1.00000000
0.434343434343, 0.323232323232, 0.82196860, 1.00000000, 1.00000000, 1.00000000
0.434343434343, 0.333333333333, 0.81740862, 1.00000000, 1.00000000, 1.00000000
0.434343434343, 0.343434343434, 0.81358272, 1.00000000, 1.00000000, 1.00000000
0.434343434343, 0.353535353535, 0.81050616, 1.00000000, 1.00000000, 1.00000000
0.434343434343, 0.363636363636, 0.80819123, 1.00000000, 1.00000000, 1.00000000
0.434343434343, 0.373737373737, 0.80664721, 1.00000000, 1.00000000, 1.00000000
0.434343434343, 0.383838383838, 0.80588035, 1.00000000, 1.00000000, 1.00000000
0.434343434343, 0.393939393939, 0.80589379, 1.00000000, 1.00000000, 1.00000000
0.434343434343, 0.404040404040, 0.80668739, 1.00000000, 1.00000000, 1.00000000
0.434343434343, 0.414141414141, 0.80825794, 1.00000000, 1.00000000, 1.00000000
0.434343434343, 0.424242424242, 0.81059918, 1.00000000, 1.00000000, 1.00000000
0.434343434343, 0.434343434343, 0.81370177, 1.00000000, 1.00000000, 1.00000000
0.434343434343, 0.444444444444, 0.81755340, 1.00000000, 1.00000000, 1.00000000
0.434343434343, 0.454545454545, 0.82213877, 1.00000000, 1.00000000, 1.00000000
0.434343434343, 0.464646464646, 0.82743965, 1.00000000, 1.00000000, 1.00000000
0.434343434343, 0.474747474747, 0.83343499, 1.00000000, 1.00000000, 1.00000000
0.434343434343, 0.484848484848, 0.84010092, 1.00000000, 1.00000000, 1.00000000
0.434343434343, 0.494949494949, 0.84741092, 1.00000000, 1.00000000, 1.00000000
0.434343434343, 0.505050505051, 0.85533586, 1.00000000, 1.00000000, 1.00000000
0.434343434343, 0.515151515152, 0.86384413, 1.00000000, 1.00000000, 1.00000000
0.434343434343, 0.525252525253, 0.87290178, 1.00000000, 1.00000000, 1.00000000
0.434343434343, 0.535353535354, 0.88247261, 1.00000000, 1.00000000, 1.00000000
0.434343434343, 0.545454545455, 0.89251834, 1.00000000, 1.00000000, 1.00000000
0.434343434343, 0.555555555556, 0.90299876, 1.00000000, 1.00000000, 1.00000000
0.434343434343, 0.565656565657, 0.91387189, 1.00000000, 1.00000000, 1.00000000
0.434343434343, 0.575757575758, 0.92509411, 1.00000000, 1.00000000, 1.00000000
0.434343434343, 0.585858585859, 0.93662039, 1.00000000, 1.00000000, 1.00000000
0.434343434343, 0.595959595960, 0.94840443, 1.00000000, 1.00000000, 1.00000000
0.434343434343, 0.606060606061, 0.96039884, 1.00000000, 1.00000000, 1.00000000
0.434343434343, 0.616161616162, 0.97255539, 1.00000000, 1.00000000, 1.00000000
0.434343434343, 0.626262626263, 0.98482513, 1.00000000, 1.00000000, 1.00000000
0.434343434343, 0.636363636364, 0.99715863, 1.00000000, 1.00000000, 1.00000000
0.434343434343, 0.646464646465, 1.00950617, 1.00000000, 1.00000000, 1.00000000
0.434343434343, 0.656565656566, 1.02181795, 1.00000000, 1.00000000, 1.00000000
0.434343434343, 0.666666666667, 1.03404430, 1.00000000, 1.00000000, 1.00000000
0.434343434343, 0.676767676768, 1.04613584, 1.00000000, 1.00000000, 1.00000000
0.434343434343, 0.686868686869, 1.05804373, 1.00000000, 1.00000000, 1.00000000
0.434343434343, 0.696969696970, 1.06971987, 1.00000000, 1.00000000, 1.00000000
0.434343434343, 0.707070707071, 1.08111704, 1.00000000, 1.00000000, 1.00000000
0.434343434343, 0.717171717172, 1.09218917, 1.00000000, 1.00000000, 1.00000000
0.434343434343, 0.727272727273, 1.10289146, 1.00000000, 1.00000000, 1.00000000
0.434343434343, 0.737373737374, 1.11318061, 1.00000000, 1.00000000, 1.00000000
0.434343434343, 0.747474747475, 1.12301499, 1.00000000, 1.00000000, 1.00000000
0.434343434343, 0.757575757576, 1.13235477, 1.00000000, 1.00000000, 1.00000000
0.434343434343, 0.767676767677, 1.14116215, 1.00000000, 1.00000000, 1.00000000
0.434343434343, 0.777777777778, 1.14940146, 1.00000000, 1.00000000, 1.00000000
0.434343434343, 0.787878787879, 1.15703934, 1.00000000, 1.00000000, 1.00000000
0.434343434343, 0.797979797980, 1.16404483, 1.00000000, 1.00000000, 1.00000000
0.434343434343, 0.808080808081, 1.17038956, 1.00000000, 1.00000000, 1.00000000
0.434343434343, 0.818181818182, 1.17604783, 1.00000000, 1.00000000, 1.00000000
0.434343434343, 0.828282828283, 1.18099670, 1.00000000, 1.00000000, 1.00000000
0.434343434343, 0.838383838384, 1.18521611, 1.00000000, 1.00000000, 1.00000000
0.434343434343, 0.848484848485, 1.18868896, 1.00000000, 1.00000000, 1.00000000
0.434343434343, 0.858585858586, 1.19140114, 1.00000000, 1.00000000, 1.00000000
0.434343434343, 0.868686868687, 1.19334163, 1.00000000, 1.00000000, 1.00000000
0.434343434343, 0.878787878788, 1.19450254, 1.00000000, 1.00000000, 1.00000000
0.434343434343, 0.888888888889, 1.19487909, 1.00000000, 1.00000000, 1.00000000
0.434343434343, 0.898989898990, 1.19446980, 1.00000000, 1.00000000, 1.00000000
0.434343434343, 0.909090909091, 1.19327640, 1.00000000, 1.00000000, 1.00000000
0.434343434343, 0.919191919192, 1.19130381, 1.00000000, 1.00000000, 1.00000000
0.434343434343, 0.929292929293, 1.18856013, 1.00000000, 1.00000000, 1.00000000
0.434343434343, 0.939393939394, 1.18505684, 1.00000000, 1.00000000, 1.00000000
0.434343434343, 0.949494949495, 1.18080938, 1.00000000, 1.00000000, 1.00000000
0.434343434343, 0.959595959596, 1.17583910, 1.00000000, 1.00000000, 1.00000000
0.444444444444, -0.000000000000, 1.13329330, 1.00000000, 1.00000000, 1.00000000
0.444444444444, 0.010101010101, 1.12496445, 1.00000000, 1.00000000, 1.00000000
0.444444444444, 0.020202020202, 1.11651569, 1.00000000, 1.00000000, 1.00000000
0.444444444444, 0.030303030303, 1.10787651, 1.00000000, 1.00000000, 1.00000000
0.444444444444, 0.040404040404, 1.09889079, 1.00000000, 1.00000000, 1.00000000
0.444444444444, 0.050505050505, 1.08938890, 1.00000000, 1.00000000, 1.00000000
0.444444444444, 0.060606060606, 1.07926550, 1.00000000, 1.00000000, 1.00000000
0.444444444444, 0.070707070707, 1.06851692, 1.00000000, 1.00000000, 1.00000000
0.444444444444, 0.080808080808, 1.05722583, 1.00000000, 1.00000000, 1.00000000
0.444444444444, 0.090909090909, 1.04551675, 1.00000000, 1.00000000, 1.00000000
0.444444444444, 0.101010101010, 1.03351460, 1.00000000, 1.00000000, 1.00000000
0.444444444444, 0.111111111111, 1.02132364, 1.00000000, 1.00000000, 1.00000000
0.444444444444, 0.121212121212, 1.00902512, 1.00000000, 1.00000000, 1.00000000
0.444444444444, 0.131313131313, 0.99668390, 1.00000000, 1.00000000, 1.00000000
0.444444444444, 0.141414141414, 0.98435583, 1.00000000, 1.00000000, 1.00000000
0.444444444444, 0.151515151515, 0.97209265, 1.00000000, 1.00000000, 1.00000000
0.444444444444, 0.161616161616, 0.95994433, 1.00000000, 1.00000000, 1.00000000
0.444444444444, 0.171717171717, 0.94795989, 1.00000000, 1.00000000, 1.00000000
0.444444444444, 0.181818181818, 0.93618753, 1.00000000, 1.00000000, 1.00000000
0.444444444444, 0.191919191919, 0.92467454, 1.00000000, 1.00000000, 1.00000000
0.444444444444, 0.202020202020, 0.91346713, 1.00000000, 1.00000000, 1.00000000
0.444444444444, 0.212121212121, 0.90261024, 1.00000000, 1.00000000, 1.00000000
0.444444444444, 0.222222222222, 0.89214738, 1.00000000, 1.00000000, 1.00000000
0.444444444444, 0.232323232323, 0.88212043, 1.00000000, 1.00000000, 1.00000000
0.444444444444, 0.242424242424, 0.87256950, 1.00000000, 1.00000000, 1.00000000
0.444444444444, 0.252525252525, 0.86353276, 1.00000000, 1.00000000, 1.00000000
0.444444444444, 0.262626262626, 0.85504630, 1.00000000, 1.00000000, 1.00000000
0.444444444444, 0.272727272727, 0.84714398, 1.00000000, 1.00000000, 1.00000000
0.444444444444, 0.282828282828, 0.83985731, 1.00000000, 1.00000000, 1.00000000
0.444444444444, 0.292929292929, 0.83321534, 1.00000000, 1.00000000, 1.00000000
0.444444444444, 0.303030303030, 0.82724451, 1.00000000, 1.00000000, 1.00000000
0.444444444444, 0.313131313131, 0.82196860, 1.00000000, 1.00000000, 1.00000000
0.444444444444, 0.323232323232, 0.81740862, 1.00000000, 1.00000000, 1.00000000
0.444444444444, 0.333333333333, 0.81358272, 1.00000000, 1.00000000, 1.00000000
0.444444444444, 0.343434343434, 0.81050616, 1.00000000, 1.00000000, 1.00000000
0.444444444444, 0.353535353535, 0.80819123, 1.00000000, 1.00000000, 1.00000000
0.444444444444, 0.363636363636, 0.80664721, 1.00000000, 1.00000000, 1.00000000
0.444444444444, 0.373737373737, 0.80588035, 1.00000000, 1.00000000, 1.00000000
0.444444444444, 0.383838383838, 0.80589379, 1.00000000, 1.00000000, 1.00000000
0.444444444444, 0.393939393939, 0.80668739, 1.00000000, 1.00000000, 1.00000000
0.444444444444, 0.404040404040, 0.80825794, 1.00000000, 1.00000000, 1.00000000
0.444444444444, 0.414141414141, 0.81059918, 1.00000000, 1.00000000, 1.00000000
0.444444444444, 0.424242424242, 0.81370177, 1.00000000, 1.00000000, 1.00000000
0.444444444444, 0.434343434343, 0.81755340, 1.00000000, 1.00000000, 1.00000000
0.444444444444, 0.444444444444, 0.82213877, 1.00000000, 1.00000000, 1.00000000
0.444444444444, 0.454545454545, 0.82743965, 1.00000000, 1.00000000, 1.00000000
0.444444444444, 0.464646464646, 0.83343499, 1.00000000, 1.00000000, 1.00000000
0.444444444444, 0.474747474747, 0.84010092, 1.00000000, 1.00000000, 1.00000000
0.444444444444, 0.484848484848, 0.84741092, 1.00000000, 1.00000000, 1.00000000
0.444444444444, 0.494949494949, 0.85533586, 1.00000000, 1.00000000, 1.00000000
0.444444444444, 0.505050505051, 0.86384413, 1.00000000, 1.00000000, 1.00000000
0.444444444444, 0.515151515152, 0.87290178, 1.00000000, 1.00000000, 1.00000000
0.444444444444, 0.525252525253, 0.88247261, 1.00000000, 1.00000000, 1.00000000
0.444444444444, 0.535353535354, 0.89251834, 1.00000000, 1.00000000, 1.00000000
0.444444444444, 0.545454545455, 0.90299876, 1.00000000, 1.00000000, 1.00000000
0.444444444444, 0.555555555556, 0.91387189, 1.00000000, 1.00000000, 1.00000000
0.444444444444, 0.565656565657, 0.92509411, 1.00000000, 1.00000000, 1.00000000
0.444444444444, 0.575757575758, 0.93662039, 1.00000000, 1.00000000, 1.00000000
0.444444444444, 0.585858585859, 0.94840443, 1.00000000, 1.00000000, 1.00000000
0.444444444444, 0.595959595960, 0.96039884, 1.00000000, 1.00000000, 1.00000000
0.444444444444, 0.606060606061, 0.97255539, 1.00000000, 1.00000000, 1.00000000
0.444444444444, 0.616161616162, 0.98482513, 1.00000000, 1.00000000, 1.00000000
0.444444444444, 0.626262626263, 0.99715863, 1.00000000, 1.00000000, 1.00000000
0.444444444444, 0.636363636364, 1.00950617, 1.00000000, 1.00000000, 1.00000000
0.444444444444, 0.646464646465, 1.02181795, 1.00000000, 1.00000000, 1.00000000
0.444444444444, 0.656565656566, 1.03404430, 1.00000000, 1.00000000, 1.00000000
0.444444444444, 0.666666666667, 1.04613584, 1.00000000, 1.00000000, 1.00000000
0.444444444444, 0.676767676768, 1.05804373, 1.00000000, 1.00000000, 1.00000000
0.444444444444, 0.686868686869, 1.06971987, 1.00000000, 1.00000000, 1.00000000
0.444444444444, 0.696969696970, 1.08111704, 1.00000000, 1.00000000, 1.00000000
0.444444444444, 0.707070707071, 1.09218917, 1.00000000, 1.00000000, 1.00000000
0.444444444444, 0.717171717172, 1.10289146, 1.00000000, 1.00000000, 1.00000000
0.444444444444, 0.727272727273, 1.11318061, 1.00000000, 1.00000000, 1.00000000
0.444444444444, 0.737373737374, 1.12301499, 1.00000000, 1.00000000, 1.00000000
0.444444444444, 0.747474747475, 1.13235477, 1.00000000, 1.00000000, 1.00000000
0.444444444444, 0.757575757576, 1.14116215, 1.00000000, 1.00000000, 1.00000000
0.444444444444, 0.767676767677, 1.14940146, 1.00000000, 1.00000000, 1.00000000
0.444444444444, 0.777777777778, 1.15703934, 1.00000000, 1.00000000, 1.00000000
0.444444444444, 0.787878787879, 1.16404483, 1.00000000, 1.00000000, 1.00000000
0.444444444444, 0.797979797980, 1.17038956, 1.00000000, 1.00000000, 1.00000000
0.444444444444, 0.808080808081, 1.17604783, 1.00000000, 1.00000000, 1.00000000
0.444444444444, 0.818181818182, 1.18099670, 1.00000000, 1.00000000, 1.00000000
0.444444444444, 0.828282828283, 1.18521611, 1.00000000, 1.00000000, 1.00000000
0.444444444444, 0.838383838384, 1.18868896, 1.00000000, 1.00000000, 1.00000000
0.444444444444, 0.848484848485, 1.19140114, 1.00000000, 1.00000000, 1.00000000
0.444444444444, 0.858585858586, 1.19334163, 1.00000000, 1.00000000, 1.00000000
0.444444444444, 0.868686868687, 1.19450254, 1.00000000, 1.00000000, 1.00000000
0.444444444444, 0.878787878788, 1.19487909, 1.00000000, 1.00000000, 1.00000000
0.444444444444, 0.888888888889, 1.19446980, 1.00000000, 1.00000000, 1.00000000
0.444444444444, 0.898989898990, 1.19327640, 1.00000000, 1.00000000, 1.00000000
0.444444444444, 0.909090909091, 1.19130379, 1.00000000, 1.00000000, 1.00000000
0.444444444444, 0.919191919192, 1.18856003, 1.00000000, 1.00000000, 1.00000000
0.444444444444, 0.929292929293, 1.18505634, 1.00000000, 1.00000000, 1.00000000
0.444444444444, 0.939393939394, 1.18080729, 1.00000000, 1.00000000, 1.00000000
0.444444444444, 0.949494949495, 1.17583141, 1.00000000, 1.00000000, 1.00000000
0.444444444444, 0.959595959596, 1.17015317, 1.00000000, 1.00000000, 1.00000000
0.454545454545, -0.000000000000, 1.12398076, 1.00000000, 1.00000000, 1.00000000
0.454545454545, 0.010101010101, 1.11519066, 1.00000000, 1.00000000, 1.00000000
0.454545454545, 0.020202020202, 1.10632755, 1.00000000, 1.00000000, 1.00000000
0.454545454545, 0.030303030303, 1.09731677, 1.00000000, 1.00000000, 1.00000000
0.454545454545, 0.040404040404, 1.08799599, 1.00000000, 1.00000000, 1.00000000
0.454545454545, 0.050505050505, 1.07819008, 1.00000000, 1.00000000, 1.00000000
0.454545454545, 0.060606060606, 1.06779133, 1.00000000, 1.00000000, 1.00000000
0.454545454545, 0.070707070707, 1.05679747, 1.00000000, 1.00000000, 1.00000000
0.454545454545, 0.080808080808, 1.04529530, 1.00000000, 1.00000000, 1.00000000
0.454545454545, 0.090909090909, 1.03341433, 1.00000000, 1.00000000, 1.00000000
0.454545454545, 0.101010101010, 1.02128391, 1.00000000, 1.00000000, 1.00000000
0.454545454545, 0.111111111111, 1.00901136, 1.00000000, 1.00000000, 1.00000000
0.454545454545, 0.121212121212, 0.99667974, 1.00000000, 1.00000000, 1.00000000
0.454545454545, 0.131313131313, 0.98435474, 1.00000000, 1.00000000, 1.00000000
0.454545454545, 0.141414141414, 0.97209240, 1.00000000, 1.00000000, 1.00000000
0.454545454545, 0.151515151515, 0.95994428, 1.00000000, 1.00000000, 1.00000000
0.454545454545, 0.161616161616, 0.94795988, 1.00000000, 1.00000000, 1.00000000
0.454545454545, 0.171717171717, 0.93618753, 1.00000000, 1.00000000, 1.00000000
0.454545454545, 0.181818181818, 0.92467454, 1.00000000, 1.00000000, 1.00000000
0.454545454545, 0.191919191919, 0.91346713, 1.00000000, 1.00000000, 1.00000000
0.454545454545, 0.202020202020, 0.90261024, 1.00000000, 1.00000000, 1.00000000
0.454545454545, 0.212121212121, 0.89214738, 1.00000000, 1.00000000, 1.00000000
0.454545454545, 0.222222222222, 0.88212043, 1.00000000, 1.00000000, 1.00000000
0.454545454545, 0.232323232323, 0.87256950, 1.00000000, 1.00000000, 1.00000000
0.454545454545, 0.242424242424, 0.86353276, 1.00000000, 1.00000000, 1.00000000
0.454545454545, 0.252525252525, 0.85504630, 1.00000000, 1.00000000, 1.00000000
0.454545454545, 0.262626262626, 0.84714398, 1.00000000, 1.00000000, 1.00000000
0.454545454545, 0.272727272727, 0.83985731, 1.00000000, 1.00000000, 1.00000000
0.454545454545, 0.282828282828, 0.83321534, 1.00000000, 1.00000000, 1.00000000
0.454545454545, 0.292929292929, 0.82724451, 1.00000000, 1.00000000, 1.00000000
0.454545454545, 0.303030303030, 0.82196860, 1.00000000, 1.00000000, 1.00000000
0.454545454545, 0.313131313131, 0.81740862, 1.00000000, 1.00000000, 1.00000000
0.454545454545, 0.323232323232, 0.81358272, 1.00000000, 1.00000000, 1.00000000
0.454545454545, 0.333333333333, 0.81050616, 1.00000000, 1.00000000, 1.00000000
0.454545454545, 0.343434343434, 0.80819123, 1.00000000, 1.00000000, 1.00000000
0.454545454545, 0.353535353535, 0.80664721, 1.00000000, 1.00000000, 1.00000000
0.454545454545, 0.363636363636, 0.80588035, 1.00000000, 1.00000000, 1.00000000
0.454545454545, 0.373737373737, 0.80589379, 1.00000000, 1.00000000, 1.00000000
0.454545454545, 0.383838383838, 0.80668739, 1.00000000, 1.00000000, 1.00000000
0.454545454545, 0.393939393939, 0.80825794, 1.00000000, 1.00000000, 1.00000000
0.454545454545, 0.404040404040, 0.81059918, 1.00000000, 1.00000000, 1.00000000
0.454545454545, 0.414141414141, 0.81370177, 1.00000000, 1.00000000, 1.00000000
0.454545454545, 0.424242424242, 0.81755340, 1.00000000, 1.00000000, 1.00000000
0.454545454545, 0.434343434343, 0.82213877, 1.00000000, 1.00000000, 1.00000000
0.454545454545, 0.444444444444, 0.82743965, 1.00000000, 1.00000000, 1.00000000
0.454545454545, 0.454545454545, 0.83343499, 1.00000000, 1.00000000, 1.00000000
0.454545454545, 0.464646464646, 0.84010092, 1.00000000, 1.00000000, 1.00000000
0.454545454545, 0.474747474747, 0.84741092, 1.00000000, 1.00000000, 1.00000000
0.454545454545, 0.484848484848, 0.85533586, 1.00000000, 1.00000000, 1.00000000
0.454545454545, 0.494949494949, 0.86384413, 1.00000000, 1.00000000, 1.00000000
0.454545454545, 0.505050505051, 0.87290178, 1.00000000, 1.00000000, 1.00000000
0.454545454545, 0.515151515152, 0.88247261, 1.00000000, 1.00000000, 1.00000000
0.454545454545, 0.525252525253, 0.89251834, 1.00000000, 1.00000000, 1.00000000
0.454545454545, 0.535353535354, 0.90299876, 1.00000000, 1.00000000, 1.00000000
0.454545454545, 0.545454545455, 0.91387189, 1.00000000, 1.00000000, 1.00000000
0.454545454545, 0.555555555556, 0.92509411, 1.00000000, 1.00000000, 1.00000000
0.454545454545, 0.565656565657, 0.93662039, 1.00000000, 1.00000000, 1.00000000
0.454545454545, 0.575757575758, 0.94840443, 1.00000000, 1.00000000, 1.00000000
0.454545454545, 0.585858585859, 0.96039884, 1.00000000, 1.00000000, 1.00000000
0.454545454545, 0.595959595960, 0.97255539, 1.00000000, 1.00000000, 1.00000000
0.454545454545, 0.606060606061, 0.98482513, 1.00000000, 1.00000000, 1.00000000
0.454545454545, 0.616161616162, 0.99715863, 1.00000000, 1.00000000, 1.00000000
0.454545454545, 0.626262626263, 1.00950617, 1.00000000, 1.00000000, 1.00000000
0.454545454545, 0.636363636364, 1.02181795, 1.00000000, 1.00000000, 1.00000000
0.454545454545, 0.646464646465, 1.03404430, 1.00000000, 1.00000000, 1.00000000
0.454545454545, 0.656565656566, 1.04613584, 1.00000000, 1.00000000, 1.00000000
0.454545454545, 0.666666666667, 1.05804373, 1.00000000, 1.00000000, 1.00000000
0.454545454545, 0.676767676768, 1.06971987, 1.00000000, 1.00000000, 1.00000000
0.454545454545, 0.686868686869, 1.08111704, 1.00000000, 1.00000000, 1.00000000
0.454545454545, 0.696969696970, 1.09218917, 1.00000000, 1.00000000, 1.00000000
0.454545454545, 0.707070707071, 1.10289146, 1.00000000, 1.00000000, 1.00000000
0.454545454545, 0.717171717172, 1.11318061, 1.00000000, 1.00000000, 1.00000000
0.454545454545, 0.727272727273, 1.12301499, 1.00000000, 1.00000000, 1.00000000
0.454545454545, 0.737373737374, 1.13235477, 1.00000000, 1.00000000, 1.00000000
0.454545454545, 0.747474747475, 1.14116215, 1.00000000, 1.00000000, 1.00000000
0.454545454545, 0.757575757576, 1.14940146, 1.00000000, 1.00000000, 1.00000000
0.454545454545, 0.767676767677, 1.15703934, 1.00000000, 1.00000000, 1.00000000
0.454545454545, 0.777777777778, 1.16404483, 1.00000000, 1.00000000, 1.00000000
0.454545454545, 0.787878787879, 1.17038956, 1.00000000, 1.00000000, 1.00000000
0.454545454545, 0.797979797980, 1.17604783, 1.00000000, 1.00000000, 1.00000000
0.454545454545, 0.808080808081, 1.18099670, 1.00000000, 1.00000000, 1.00000000
0.454545454545, 0.818181818182, 1.18521611, 1.00000000, 1.00000000, 1.00000000
0.454545454545, 0.828282828283, 1.18868896, 1.00000000, 1.00000000, 1.00000000
0.454545454545, 0.838383838384, 1.19140114, 1.00000000, 1.00000000, 1.00000000
0.454545454545, 0.848484848485, 1.19334163, 1.00000000, 1.00000000, 1.00000000
0.454545454545, 0.858585858586, 1.19450254, 1.00000000, 1.00000000, 1.00000000
0.454545454545, 0.868686868687, 1.19487909, 1.00000000, 1.00000000, 1.00000000
0.454545454545, 0.878787878788, 1.19446980, 1.00000000, 1.00000000, 1.00000000
0.454545454545, 0.888888888889, 1.19327640, 1.00000000, 1.00000000, 1.00000000
0.454545454545, 0.898989898990, 1.19130379, 1.00000000, 1.00000000, 1.00000000
0.454545454545, 0.909090909091, 1.18856001, 1.00000000, 1.00000000, 1.00000000
0.454545454545, 0.919191919192, 1.18505623, 1.00000000, 1.00000000, 1.00000000
0.454545454545, 0.929292929293, 1.18080676, 1.00000000, 1.00000000, 1.00000000
0.454545454545, 0.939393939394, 1.17582919, 1.00000000, 1.00000000, 1.00000000
0.454545454545, 0.949494949495, 1.17014507, 1.00000000, 1.00000000, 1.00000000
0.454545454545, 0.959595959596, 1.16378193, 1.00000000, 1.00000000, 1.00000000
0.464646464646, -0.000000000000, 1.11417033, 1.00000000, 1.00000000, 1.00000000
0.464646464646, 0.010101010101, 1.10495450, 1.00000000, 1.00000000, 1.00000000
0.464646464646, 0.020202020202, 1.09571273, 1.00000000, 1.00000000, 1.00000000
0.464646464646, 0.030303030303, 1.08636654, 1.00000000, 1.00000000, 1.00000000
0.464646464646, 0.040404040404, 1.07674814, 1.00000000, 1.00000000, 1.00000000
0.464646464646, 0.050505050505, 1.06667774, 1.00000000, 1.00000000, 1.00000000
0.464646464646, 0.060606060606, 1.05604569, 1.00000000, 1.00000000, 1.00000000
0.464646464646, 0.070707070707, 1.04485108, 1.00000000, 1.00000000, 1.00000000
0.464646464646, 0.080808080808, 1.03318442, 1.00000000, 1.00000000, 1.00000000
0.464646464646, 0.090909090909, 1.02117967, 1.00000000, 1.00000000, 1.00000000
0.464646464646, 0.101010101010, 1.00896999, 1.00000000, 1.00000000, 1.00000000
0.464646464646, 0.111111111111, 0.99666539, 1.00000000, 1.00000000, 1.00000000
0.464646464646, 0.121212121212, 0.98435040, 1.00000000, 1.00000000, 1.00000000
0.464646464646, 0.131313131313, 0.97209126, 1.00000000, 1.00000000, 1.00000000
0.464646464646, 0.141414141414, 0.95994402, 1.00000000, 1.00000000, 1.00000000
0.464646464646, 0.151515151515, 0.94795983, 1.00000000, 1.00000000, 1.00000000
0.464646464646, 0.161616161616, 0.93618752, 1.00000000, 1.00000000, 1.00000000
0.464646464646, 0.171717171717, 0.92467454, 1.00000000, 1.00000000, 1.00000000
0.464646464646, 0.181818181818, 0.91346713, 1.00000000, 1.00000000, 1.00000000
0.464646464646, 0.191919191919, 0.90261024, 1.00000000, 1.00000000, 1.00000000
0.464646464646, 0.202020202020, 0.89214738, 1.00000000, 1.00000000, 1.00000000
0.464646464646, 0.212121212121, 0.88212043, 1.00000000, 1.00000000, 1.00000000
0.464646464646, 0.222222222222, 0.87256950, 1.00000000, 1.00000000, 1.00000000
0.464646464646, 0.232323232323, 0.86353276, 1.00000000, 1.00000000, 1.00000000
0.464646464646, 0.242424242424, 0.85504630, 1.00000000, 1.00000000, 1.00000000
0.464646464646, 0.252525252525, 0.84714398, 1.00000000, 1.00000000, 1.00000000
0.464646464646, 0.262626262626, 0.83985731, 1.00000000, 1.00000000, 1.00000000
0.464646464646, 0.272727272727, 0.83321534, 1.00000000, 1.00000000, 1.00000000
0.464646464646, 0.282828282828, 0.82724451, 1.00000000, 1.00000000, 1.00000000
0.464646464646, 0.292929292929, 0.82196860, 1.00000000, 1.00000000, 1.00000000
0.464646464646, 0.303030303030, 0.81740862, 1.00000000, 1.00000000, 1.00000000
0.464646464646, 0.313131313131, 0.81358272, 1.00000000, 1.00000000, 1.00000000
0.464646464646, 0.323232323232, 0.81050616, 1.00000000, 1.00000000, 1.00000000
0.464646464646, 0.333333333333, 0.80819123, 1.00000000, 1.00000000, 1.00000000
0.464646464646, 0.343434343434, 0.80664721, 1.00000000, 1.00000000, 1.00000000
0.464646464646, 0.353535353535, 0.80588035, 1.00000000, 1.00000000, 1.00000000
0.464646464646, 0.363636363636, 0.80589379, 1.00000000, 1.00000000, 1.00000000
0.464646464646, 0.373737373737, 0.80668739, 1.00000000, 1.00000000, 1.00000000
0.464646464646, 0.383838383838, 0.80825794, 1.00000000, 1.00000000, 1.00000000
0.464646464646, 0.393939393939, 0.81059918, 1.00000000, 1.00000000, 1.00000000
0.464646464646, 0.404040404040, 0.81370177, 1.00000000, 1.00000000, 1.00000000
0.464646464646, 0.414141414141, 0.81755340, 1.00000000, 1.00000000, 1.00000000
0.464646464646, 0.424242424242, 0.82213877, 1.00000000, 1.00000000, 1.00000000
0.464646464646, 0.434343434343, 0.82743965, 1.00000000, 1.00000000, 1.00000000
0.464646464646, 0.444444444444, 0.83343499, 1.00000000, 1.00000000, 1.00000000
0.464646464646, 0.454545454545, 0.84010092, 1.00000000, 1.00000000, 1.00000000
0.464646464646, 0.464646464646, 0.84741092, 1.00000000, 1.00000000, 1.00000000
0.464646464646, 0.474747474747, 0.85533586, 1.00000000, 1.00000000, 1.00000000
0.464646464646, 0.484848484848, 0.86384413, 1.00000000, 1.00000000, 1.00000000
0.464646464646, 0.494949494949, 0.87290178, 1.00000000, 1.00000000, 1.00000000
0.464646464646, 0.505050505051, 0.88247261, 1.00000000, 1.00000000, 1.00000000
0.464646464646, 0.515151515152, 0.89251834, 1.00000000, 1.00000000, 1.00000000
0.464646464646, 0.525252525253, 0.90299876, 1.00000000, 1.00000000, 1.00000000
0.464646464646, 0.535353535354, 0.91387189, 1.00000000, 1.00000000, 1.00000000
0.464646464646, 0.545454545455, 0.92509411, 1.00000000, 1.00000000, 1.00000000
0.464646464646, 0.555555555556, 0.93662039, 1.00000000, 1.00000000, 1.00000000
0.464646464646, 0.565656565657, 0.94840443, 1.00000000, 1.00000000, 1.00000000
0.464646464646, 0.575757575758, 0.96039884, 1.00000000, 1.00000000, 1.00000000
0.464646464646, 0.585858585859, 0.97255539, 1.00000000, 1.00000000, 1.00000000
0.464646464646, 0.595959595960, 0.98482513, 1.00000000, 1.00000000, 1.00000000
0.464646464646, 0.606060606061, 0.99715863, 1.00000000, 1.00000000, 1.00000000
0.464646464646, 0.616161616162, 1.00950617, 1.00000000, 1.00000000, 1.00000000
0.464646464646, 0.626262626263, 1.02181795, 1.00000000, 1.00000000, 1.00000000
0.464646464646, 0.636363636364, 1.03404430, 1.00000000, 1.00000000, 1.00000000
0.464646464646, 0.646464646465, 1.04613584, 1.00000000, 1.00000000, 1.00000000
0.464646464646, 0.656565656566, 1.05804373, 1.00000000, 1.00000000, 1.00000000
0.464646464646, 0.666666666667, 1.06971987, 1.00000000, 1.00000000, 1.00000000
0.464646464646, 0.676767676768, 1.08111704, 1.00000000, 1.00000000, 1.00000000
0.464646464646, 0.686868686869, 1.09218917, 1.00000000, 1.00000000, 1.00000000
0.464646464646, 0.696969696970, 1.10289146, 1.00000000, 1.00000000, 1.00000000
0.464646464646, 0.707070707071, 1.11318061, 1.00000000, 1.00000000, 1.00000000
0.464646464646, 0.717171717172, 1.12301499, 1.00000000, 1.00000000, 1.00000000
0.464646464646, 0.727272727273, 1.13235477, 1.00000000, 1.00000000, 1.00000000
0.464646464646, 0.737373737374, 1.14116215, 1.00000000, 1.00000000, 1.00000000
0.464646464646, 0.747474747475, 1.14940146, 1.00000000, 1.00000000, 1.00000000
0.464646464646, 0.757575757576, 1.15703934, 1.00000000, 1.00000000, 1.00000000
0.464646464646, 0.767676767677, 1.16404483, 1.00000000, 1.00000000, 1.00000000
0.464646464646, 0.777777777778, 1.17038956, 1.00000000, 1.00000000, 1.00000000
0.464646464646, 0.787878787879, 1.17604783, 1.00000000, 1.00000000, 1.00000000
0.464646464646, 0.797979797980, 1.18099670, 1.00000000, 1.00000000, 1.00000000
0.464646464646, 0.808080808081, 1.18521611, 1.00000000, 1.00000000, 1.00000000
0.464646464646, 0.818181818182, 1.18868896, 1.00000000, 1.00000000, 1.00000000
0.464646464646, 0.828282828283, 1.19140114, 1.00000000, 1.00000000, 1.00000000
0.464646464646, 0.838383838384, 1.19334163, 1.00000000, 1.00000000, 1.00000000
0.464646464646, 0.848484848485, 1.19450254, 1.00000000, 1.00000000, 1.00000000
0.464646464646, 0.858585858586, 1.19487909, 1.00000000, 1.00000000, 1.00000000
0.464646464646, 0.868686868687, 1.19446980, 1.00000000, 1.00000000, 1.00000000
0.464646464646, 0.878787878788, 1.19327640, 1.00000000, 1.00000000, 1.00000000
0.464646464646, 0.888888888889, 1.19130379, 1.00000000, 1.00000000, 1.00000000
0.464646464646, 0.898989898990, 1.18856001, 1.00000000, 1.00000000, 1.00000000
0.464646464646, 0.909090909091, 1.18505621, 1.00000000, 1.00000000, 1.00000000
0.464646464646, 0.919191919192, 1.18080665, 1.00000000, 1.00000000, 1.00000000
0.464646464646, 0.929292929293, 1.17582864, 1.00000000, 1.00000000, 1.00000000
0.464646464646, 0.939393939394, 1.17014274, 1.00000000, 1.00000000, 1.00000000
0.464646464646, 0.949494949495, 1.16377343, 1.00000000, 1.00000000, 1.00000000
0.464646464646, 0.959595959596, 1.15675119, 1.00000000, 1.00000000, 1.00000000
0.474747474747, -0.000000000000, 1.10390171, 1.00000000, 1.00000000, 1.00000000
0.474747474747, 0.010101010101, 1.09429739, 1.00000000, 1.00000000, 1.00000000
0.474747474747, 0.020202020202, 1.08471416, 1.00000000, 1.00000000, 1.00000000
0.474747474747, 0.030303030303, 1.07507010, 1.00000000, 1.00000000, 1.00000000
0.474747474747, 0.040404040404, 1.06519275, 1.00000000, 1.00000000, 1.00000000
0.474747474747, 0.050505050505, 1.05489844, 1.00000000, 1.00000000, 1.00000000
0.474747474747, 0.060606060606, 1.04407607, 1.00000000, 1.00000000, 1.00000000
0.474747474747, 0.070707070707, 1.03272604, 1.00000000, 1.00000000, 1.00000000
0.474747474747, 0.080808080808, 1.02094213, 1.00000000, 1.00000000, 1.00000000
0.474747474747, 0.090909090909, 1.00886213, 1.00000000, 1.00000000, 1.00000000
0.474747474747, 0.101010101010, 0.99662250, 1.00000000, 1.00000000, 1.00000000
0.474747474747, 0.111111111111, 0.98433549, 1.00000000, 1.00000000, 1.00000000
0.474747474747, 0.121212121212, 0.97208674, 1.00000000, 1.00000000, 1.00000000
0.474747474747, 0.131313131313, 0.95994283, 1.00000000, 1.00000000, 1.00000000
0.474747474747, 0.141414141414, 0.94795956, 1.00000000, 1.00000000, 1.00000000
0.474747474747, 0.151515151515, 0.93618746, 1.00000000, 1.00000000, 1.00000000
0.474747474747, 0.161616161616, 0.92467453, 1.00000000, 1.00000000, 1.00000000
0.474747474747, 0.171717171717, 0.91346713, 1.00000000, 1.00000000, 1.00000000
0.474747474747, 0.181818181818, 0.90261024, 1.00000000, 1.00000000, 1.00000000
0.474747474747, 0.191919191919, 0.89214738, 1.00000000, 1.00000000, 1.00000000
0.474747474747, 0.202020202020, 0.88212043, 1.00000000, 1.00000000, 1.00000000
0.474747474747, 0.212121212121, 0.87256950, 1.00000000, 1.00000000, 1.00000000
0.474747474747, 0.222222222222, 0.86353276, 1.00000000, 1.00000000, 1.00000000
0.474747474747, 0.232323232323, 0.85504630, 1.00000000, 1.00000000, 1.00000000
0.474747474747, 0.242424242424, 0.84714398, 1.00000000, 1.00000000, 1.00000000
0.474747474747, 0.252525252525, 0.83985731, 1.00000000, 1.00000000, 1.00000000
0.474747474747, 0.262626262626, 0.83321534, 1.00000000, 1.00000000, 1.00000000
0.474747474747, 0.272727272727, 0.82724451, 1.00000000, 1.00000000, 1.00000000
0.474747474747, 0.282828282828, 0.82196860, 1.00000000, 1.00000000, 1.00000000
0.474747474747, 0.292929292929, 0.81740862, 1.00000000, 1.00000000, 1.00000000
0.474747474747, 0.303030303030, 0.81358272, 1.00000000, 1.00000000, 1.00000000
0.474747474747, 0.313131313131, 0.81050616, 1.00000000, 1.00000000, 1.00000000
0.474747474747, 0.323232323232, 0.80819123, 1.00000000, 1.00000000, 1.00000000
0.474747474747, 0.333333333333, 0.80664721, 1.00000000, 1.00000000, 1.00000000
0.474747474747, 0.343434343434, 0.80588035, 1.00000000, 1.00000000, 1.00000000
0.474747474747, 0.353535353535, 0.80589379, 1.00000000, 1.00000000, 1.00000000
0.474747474747, 0.363636363636, 0.80668739, 1.00000000, 1.00000000, 1.00000000
0.474747474747, 0.373737373737, 0.80825794, 1.00000000, 1.00000000, 1.00000000
0.474747474747, 0.383838383838, 0.81059918, 1.00000000, 1.00000000, 1.00000000
0.474747474747, 0.393939393939, 0.81370177, 1.00000000, 1.00000000, 1.00000000
0.474747474747, 0.404040404040, 0.81755340, 1.00000000, 1.00000000, 1.00000000
0.474747474747, 0.414141414141, 0.82213877, 1.00000000, 1.00000000, 1.00000000
0.474747474747, 0.424242424242, 0.82743965, 1.00000000, 1.00000000, 1.00000000
0.474747474747, 0.434343434343, 0.83343499, 1.00000000, 1.00000000, 1.00000000
0.474747474747, 0.444444444444, 0.84010092, 1.00000000, 1.00000000, 1.00000000
0.474747474747, 0.454545454545, 0.84741092, 1.00000000, 1.00000000, 1.00000000
0.474747474747, 0.464646464646, 0.85533586, 1.00000000, 1.00000000, 1.00000000
0.474747474747, 0.474747474747, 0.86384413, 1.00000000, 1.00000000, 1.00000000
0.474747474747, 0.484848484848, 0.87290178, 1.00000000, 1.00000000, 1.00000000
0.474747474747, 0.494949494949, 0.88247261, 1.00000000, 1.00000000, 1.00000000
0.474747474747, 0.505050505051, 0.89251834, 1.00000000, 1.00000000, 1.00000000
0.474747474747, 0.515151515152, 0.90299876, 1.00000000, 1.00000000, 1.00000000
0.474747474747, 0.525252525253, 0.91387189, 1.00000000, 1.00000000, 1.00000000
0.474747474747, 0.535353535354, 0.92509411, 1.00000000, 1.00000000, 1.00000000
0.474747474747, 0.545454545455, 0.93662039, 1.00000000, 1.00000000, 1.00000000
0.474747474747, 0.555555555556, 0.94840443, 1.00000000, 1.00000000, 1.00000000
0.474747474747, 0.565656565657, 0.96039884, 1.00000000, 1.00000000, 1.00000000
0.474747474747, 0.575757575758, 0.97255539, 1.00000000, 1.00000000, 1.00000000
0.474747474747, 0.585858585859, 0.98482513, 1.00000000, 1.00000000, 1.00000000
0.474747474747, 0.595959595960, 0.99715863, 1.00000000, 1.00000000, 1.00000000
0.474747474747, 0.606060606061, 1.00950617, 1.00000000, 1.00000000, 1.00000000
0.474747474747, 0.616161616162, 1.02181795, 1.00000000, 1.00000000, 1.00000000
0.474747474747, 0.626262626263, 1.03404430, 1.00000000, 1.00000000, 1.00000000
0.474747474747, 0.636363636364, 1.04613584, 1.00000000, 1.00000000, 1.00000000
0.474747474747, 0.646464646465, 1.05804373, 1.00000000, 1.00000000, 1.00000000
0.474747474747, 0.656565656566, 1.06971987, 1.00000000, 1.00000000, 1.00000000
0.474747474747, 0.666666666667, 1.08111704, 1.00000000, 1.00000000, 1.00000000
0.474747474747, 0.676767676768, 1.09218917, 1.00000000, 1.00000000, 1.00000000
0.474747474747, 0.686868686869, 1.10289146, 1.00000000, 1.00000000, 1.00000000
0.474747474747, 0.696969696970, 1.11318061, 1.00000000, 1.00000000, 1.00000000
0.474747474747, 0.707070707071, 1.12301499, 1.00000000, 1.00000000, 1.00000000
0.474747474747, 0.717171717172, 1.13235477, 1.00000000, 1.00000000, 1.00000000
0.474747474747, 0.727272727273, 1.14116215, 1.00000000, 1.00000000, 1.00000000
0.474747474747, 0.737373737374, 1.14940146, 1.00000000, 1.00000000, 1.00000000
0.474747474747, 0.747474747475, 1.15703934, 1.00000000, 1.00000000, 1.00000000
0.474747474747, 0.757575757576, 1.16404483, 1.00000000, 1.00000000, 1.00000000
0.474747474747, 0.767676767677, 1.17038956, 1.00000000, 1.00000000, 1.00000000
0.474747474747, 0.777777777778, 1.17604783, 1.00000000, 1.00000000, 1.00000000
0.474747474747, 0.787878787879, 1.18099670, 1.00000000, 1.00000000, 1.00000000
0.474747474747, 0.797979797980, 1.18521611, 1.00000000, 1.00000000, 1.00000000
0.474747474747, 0.808080808081, 1.18868896, 1.00000000, 1.00000000, 1.00000000
0.474747474747, 0.818181818182, 1.19140114, 1.00000000, 1.00000000, 1.00000000
0.474747474747, 0.828282828283, 1.19334163, 1.00000000, 1.00000000, 1.00000000
0.474747474747, 0.838383838384, 1.19450254, 1.00000000, 1.00000000, 1.00000000
0.474747474747, 0.848484848485, 1.19487909, 1.00000000, 1.00000000, 1.00000000
0.474747474747, 0.858585858586, 1.19446980, 1.00000000, 1.00000000, 1.00000000
0.474747474747, 0.868686868687, 1.19327640, 1.00000000, 1.00000000, 1.00000000
0.474747474747, 0.878787878788, 1.19130379, 1.00000000, 1.00000000, 1.00000000
0.474747474747, 0.888888888889, 1.18856001, 1.00000000, 1.00000000, 1.00000000
0.474747474747, 0.898989898990, 1.18505621, 1.00000000, 1.00000000, 1.00000000
0.474747474747, 0.909090909091, 1.18080662, 1.00000000, 1.00000000, 1.00000000
0.474747474747, 0.919191919192, 1.17582852, 1.00000000, 1.00000000, 1.00000000
0.474747474747, 0.929292929293, 1.17014216, 1.00000000, 1.00000000, 1.00000000
0.474747474747, 0.939393939394, 1.16377100, 1.00000000, 1.00000000, 1.00000000
0.474747474747, 0.949494949495, 1.15674232, 1.00000000, 1.00000000, 1.00000000
0.474747474747, 0.959595959596, 1.14908946, 1.00000000, 1.00000000, 1.00000000
0.484848484848, -0.000000000000, 1.09321641, 1.00000000, 1.00000000, 1.00000000
0.484848484848, 0.010101010101, 1.08326240, 1.00000000, 1.00000000, 1.00000000
0.484848484848, 0.020202020202, 1.07337630, 1.00000000, 1.00000000, 1.00000000
0.484848484848, 0.030303030303, 1.06347312, 1.00000000, 1.00000000, 1.00000000
0.484848484848, 0.040404040404, 1.05337653, 1.00000000, 1.00000000, 1.00000000
0.484848484848, 0.050505050505, 1.04289981, 1.00000000, 1.00000000, 1.00000000
0.484848484848, 0.060606060606, 1.03193085, 1.00000000, 1.00000000, 1.00000000
0.484848484848, 0.070707070707, 1.02047133, 1.00000000, 1.00000000, 1.00000000
0.484848484848, 0.080808080808, 1.00861783, 1.00000000, 1.00000000, 1.00000000
0.484848484848, 0.090909090909, 0.99651140, 1.00000000, 1.00000000, 1.00000000
0.484848484848, 0.101010101010, 0.98429123, 1.00000000, 1.00000000, 1.00000000
0.484848484848, 0.111111111111, 0.97207133, 1.00000000, 1.00000000, 1.00000000
0.484848484848, 0.121212121212, 0.95993815, 1.00000000, 1.00000000, 1.00000000
0.484848484848, 0.131313131313, 0.94795832, 1.00000000, 1.00000000, 1.00000000
0.484848484848, 0.141414141414, 0.93618718, 1.00000000, 1.00000000, 1.00000000
0.484848484848, 0.151515151515, 0.92467447, 1.00000000, 1.00000000, 1.00000000
0.484848484848, 0.161616161616, 0.91346712, 1.00000000, 1.00000000, 1.00000000
0.484848484848, 0.171717171717, 0.90261024, 1.00000000, 1.00000000, 1.00000000
0.484848484848, 0.181818181818, 0.89214738, 1.00000000, 1.00000000, 1.00000000
0.484848484848, 0.191919191919, 0.88212043, 1.00000000, 1.00000000, 1.00000000
0.484848484848, 0.202020202020, 0.87256950, 1.00000000, 1.00000000, 1.00000000
0.484848484848, 0.212121212121, 0.86353276, 1.00000000, 1.00000000, 1.00000000
0.484848484848, 0.222222222222, 0.85504630, 1.00000000, 1.00000000, 1.00000000
0.484848484848, 0.232323232323, 0.84714398, 1.00000000, 1.00000000, 1.00000000
0.484848484848, 0.242424242424, 0.83985731, 1.00000000, 1.00000000, 1.00000000
0.484848484848, 0.252525252525, 0.83321534, 1.00000000, 1.00000000, 1.00000000
0.484848484848, 0.262626262626, 0.82724451, 1.00000000, 1.00000000, 1.00000000
0.484848484848, 0.272727272727, 0.82196860, 1.00000000, 1.00000000, 1.00000000
0.484848484848, 0.282828282828, 0.81740862, 1.00000000, 1.00000000, 1.00000000
0.484848484848, 0.292929292929, 0.81358272, 1.00000000, 1.00000000, 1.00000000
0.484848484848, 0.303030303030, 0.81050616, 1.00000000, 1.00000000, 1.00000000
0.484848484848, 0.313131313131, 0.80819123, 1.00000000, 1.00000000, 1.00000000
0.484848484848, 0.323232323232, 0.80664721, 1.00000000, 1.00000000, 1.00000000
0.484848484848, 0.333333333333, 0.80588035, 1.00000000, 1.00000000, 1.00000000
0.484848484848, 0.343434343434, 0.80589379, 1.00000000, 1.00000000, 1.00000000
0.484848484848, 0.353535353535, 0.80668739, 1.00000000, 1.00000000, 1.00000000
0.484848484848, 0.363636363636, 0.80825794, 1.00000000, 1.00000000, 1.00000000
0.484848484848, 0.373737373737, 0.81059918, 1.00000000, 1.00000000, 1.00000000
0.484848484848, 0.383838383838, 0.81370177, 1.00000000, 1.00000000, 1.00000000
0.484848484848, 0.393939393939, 0.81755340, 1.00000000, 1.00000000, 1.00000000
0.484848484848, 0.404040404040, 0.82213877, 1.00000000, 1.00000000, 1.00000000
0.484848484848, 0.414141414141, 0.82743965, 1.00000000, 1.00000000, 1.00000000
0.484848484848, 0.424242424242, 0.83343499, 1.00000000, 1.00000000, 1.00000000
0.484848484848, 0.434343434343, 0.84010092, 1.00000000, 1.00000000, 1.00000000
0.484848484848, 0.444444444444, 0.84741092, 1.00000000, 1.00000000, 1.00000000
0.484848484848, 0.454545454545, 0.85533586, 1.00000000, 1.00000000, 1.00000000
0.484848484848, 0.464646464646, 0.86384413, 1.00000000, 1.00000000, 1.00000000
0.484848484848, 0.474747474747, 0.87290178, 1.00000000, 1.00000000, 1.00000000
0.484848484848, 0.484848484848, 0.88247261, 1.00000000, 1.00000000, 1.00000000
0.484848484848, 0.494949494949, 0.89251834, 1.00000000, 1.00000000, 1.00000000
0.484848484848, 0.505050505051, 0.90299876, 1.00000000, 1.00000000, 1.00000000
0.484848484848, 0.515151515152, 0.91387189, 1.00000000, 1.00000000, 1.00000000
0.484848484848, 0.525252525253, 0.92509411, 1.00000000, 1.00000000, 1.00000000
0.484848484848, 0.535353535354, 0.93662039, 1.00000000, 1.00000000, 1.00000000
0.484848484848, 0.545454545455, 0.94840443, 1.00000000, 1.00000000, 1.00000000
0.484848484848, 0.555555555556, 0.96039884, 1.00000000, 1.00000000, 1.00000000
0.484848484848, 0.565656565657, 0.97255539, 1.00000000, 1.00000000, 1.00000000
0.484848484848, 0.575757575758, 0.98482513, 1.00000000, 1.00000000, 1.00000000
0.484848484848, 0.585858585859, 0.99715863, 1.00000000, 1.00000000, 1.00000000
0.484848484848, 0.595959595960, 1.00950617, 1.00000000, 1.00000000, 1.00000000
0.484848484848, 0.606060606061, 1.02181795, 1.00000000, 1.00000000, 1.00000000
0.484848484848, 0.616161616162, 1.03404430, 1.00000000, 1.00000000, 1.00000000
0.484848484848, 0.626262626263, 1.04613584, 1.00000000, 1.00000000, 1.00000000
0.484848484848, 0.636363636364, 1.05804373, 1.00000000, 1.00000000, 1.00000000
0.484848484848, 0.646464646465, 1.06971987, 1.00000000, 1.00000000, 1.00000000
0.484848484848, 0.656565656566, 1.08111704, 1.00000000, 1.00000000, 1.00000000
0.484848484848, 0.666666666667, 1.09218917, 1.00000000, 1.00000000, 1.00000000
0.484848484848, 0.676767676768, 1.10289146, 1.00000000, 1.00000000, 1.00000000
0.484848484848, 0.686868686869, 1.11318061, 1.00000000, 1.00000000, 1.00000000
0.484848484848, 0.696969696970, 1.12301499, 1.00000000, 1.00000000, 1.00000000
0.484848484848, 0.707070707071, 1.13235477, 1.00000000, 1.00000000, 1.00000000
0.484848484848, 0.717171717172, 1.14116215, 1.00000000, 1.00000000, 1.00000000
0.484848484848, 0.727272727273, 1.14940146, 1.00000000, 1.00000000, 1.00000000
0.484848484848, 0.737373737374, 1.15703934, 1.00000000, 1.00000000, 1.00000000
0.484848484848, 0.747474747475, 1.16404483, 1.00000000, 1.00000000, 1.00000000
0.484848484848, 0.757575757576, 1.17038956, 1.00000000, 1.00000000, 1.00000000
0.484848484848, 0.767676767677, 1.17604783, 1.00000000, 1.00000000, 1.00000000
0.484848484848, 0.777777777778, 1.18099670, 1.00000000, 1.00000000, 1.00000000
0.484848484848, 0.787878787879, 1.18521611, 1.00000000, 1.00000000, 1.00000000
0.484848484848, 0.797979797980, 1.18868896, 1.00000000, 1.00000000, 1.00000000
0.484848484848, 0.808080808081, 1.19140114, 1.00000000, 1.00000000, 1.00000000
0.484848484848, 0.818181818182, 1.19334163, 1.00000000, 1.00000000, 1.00000000
0.484848484848, 0.828282828283, 1.19450254, 1.00000000, 1.00000000, 1.00000000
0.484848484848, 0.838383838384, 1.19487909, 1.00000000, 1.00000000, 1.00000000
0.484848484848, 0.848484848485, 1.19446980, 1.00000000, 1.00000000, 1.00000000
0.484848484848, 0.858585858586, 1.19327640, 1.00000000, 1.00000000, 1.00000000
0.484848484848, 0.868686868687, 1.19130379, 1.00000000, 1.00000000, 1.00000000
0.484848484848, 0.878787878788, 1.18856001, 1.00000000, 1.00000000, 1.00000000
0.484848484848, 0.888888888889, 1.18505621, 1.00000000, 1.00000000, 1.00000000
0.484848484848, 0.898989898990, 1.18080662, 1.00000000, 1.00000000, 1.00000000
0.484848484848, 0.909090909091, 1.17582849, 1.00000000, 1.00000000, 1.00000000
0.484848484848, 0.919191919192, 1.17014203, 1.00000000, 1.00000000, 1.00000000
0.484848484848, 0.929292929293, 1.16377039, 1.00000000, 1.00000000, 1.00000000
0.484848484848, 0.939393939394, 1.15673978, 1.00000000, 1.00000000, 1.00000000
0.484848484848, 0.949494949495, 1.14908024, 1.00000000, 1.00000000, 1.00000000
0.484848484848, 0.959595959596, 1.14082778, 1.00000000, 1.00000000, 1.00000000
0.494949494949, -0.000000000000, 1.08215763, 1.00000000, 1.00000000, 1.00000000
0.494949494949, 0.010101010101, 1.07189413, 1.00000000, 1.00000000, 1.00000000
0.494949494949, 0.020202020202, 1.06174495, 1.00000000, 1.00000000, 1.00000000
0.494949494949, 0.030303030303, 1.05162247, 1.00000000, 1.00000000, 1.00000000
0.494949494949, 0.040404040404, 1.04134725, 1.00000000, 1.00000000, 1.00000000
0.494949494949, 0.050505050505, 1.03073034, 1.00000000, 1.00000000, 1.00000000
0.494949494949, 0.060606060606, 1.01965910, 1.00000000, 1.00000000, 1.00000000
0.494949494949, 0.070707070707, 1.00813642, 1.00000000, 1.00000000, 1.00000000
0.494949494949, 0.080808080808, 0.99626126, 1.00000000, 1.00000000, 1.00000000
0.494949494949, 0.090909090909, 0.98417729, 1.00000000, 1.00000000, 1.00000000
0.494949494949, 0.101010101010, 0.97202586, 1.00000000, 1.00000000, 1.00000000
0.494949494949, 0.111111111111, 0.95992228, 1.00000000, 1.00000000, 1.00000000
0.494949494949, 0.121212121212, 0.94795349, 1.00000000, 1.00000000, 1.00000000
0.494949494949, 0.131313131313, 0.93618590, 1.00000000, 1.00000000, 1.00000000
0.494949494949, 0.141414141414, 0.92467418, 1.00000000, 1.00000000, 1.00000000
0.494949494949, 0.151515151515, 0.91346706, 1.00000000, 1.00000000, 1.00000000
0.494949494949, 0.161616161616, 0.90261023, 1.00000000, 1.00000000, 1.00000000
0.494949494949, 0.171717171717, 0.89214738, 1.00000000, 1.00000000, 1.00000000
0.494949494949, 0.181818181818, 0.88212043, 1.00000000, 1.00000000, 1.00000000
0.494949494949, 0.191919191919, 0.87256950, 1.00000000, 1.00000000, 1.00000000
0.494949494949, 0.202020202020, 0.86353276, 1.00000000, 1.00000000, 1.00000000
0.494949494949, 0.212121212121, 0.85504630, 1.00000000, 1.00000000, 1.00000000
0.494949494949, 0.222222222222, 0.84714398, 1.00000000, 1.00000000, 1.00000000
0.494949494949, 0.232323232323, 0.83985731, 1.00000000, 1.00000000, 1.00000000
0.494949494949, 0.242424242424, 0.83321534, 1.00000000, 1.00000000, 1.00000000
0.494949494949, 0.252525252525, 0.82724451, 1.00000000, 1.00000000, 1.00000000
0.494949494949, 0.262626262626, 0.82196860, 1.00000000, 1.00000000, 1.00000000
0.494949494949, 0.272727272727, 0.81740862, 1.00000000, 1.00000000, 1.00000000
0.494949494949, 0.282828282828, 0.81358272, 1.00000000, 1.00000000, 1.00000000
0.494949494949, 0.292929292929, 0.81050616, 1.00000000, 1.00000000, 1.00000000
0.494949494949, 0.303030303030, 0.80819123, 1.00000000, 1.00000000, 1.00000000
0.494949494949, 0.313131313131, 0.80664721, 1.00000000, 1.00000000, 1.00000000
0.494949494949, 0.323232323232, 0.80588035, 1.00000000, 1.00000000, 1.00000000
0.494949494949, 0.333333333333, 0.80589379, 1.00000000, 1.00000000, 1.00000000
0.494949494949, 0.343434343434, 0.80668739, 1.00000000, 1.00000000, 1.00000000
0.494949494949, 0.353535353535, 0.80825794, 1.00000000, 1.00000000, 1.00000000
0.494949494949, 0.363636363636, 0.81059918, 1.00000000, 1.00000000, 1.00000000
0.494949494949, 0.373737373737, 0.81370177, 1.00000000, 1.00000000, 1.00000000
0.494949494949, 0.383838383838, 0.81755340, 1.00000000, 1.00000000, 1.00000000
0.494949494949, 0.393939393939, 0.82213877, 1.00000000, 1.00000000, 1.00000000
0.494949494949, 0.404040404040, 0.82743965, 1.00000000, 1.00000000, 1.00000000
0.494949494949, 0.414141414141, 0.83343499, 1.00000000, 1.00000000, 1.00000000
0.494949494949, 0.424242424242, 0.84010092, 1.00000000, 1.00000000, 1.00000000
0.494949494949, 0.434343434343, 0.84741092, 1.00000000, 1.00000000, 1.00000000
0.494949494949, 0.444444444444, 0.85533586, 1.00000000, 1.00000000, 1.00000000
0.494949494949, 0.454545454545, 0.86384413, 1.00000000, 1.00000000, 1.00000000
0.494949494949, 0.464646464646, 0.87290178, 1.00000000, 1.00000000, 1.00000000
0.494949494949, 0.474747474747, 0.88247261, 1.00000000, 1.00000000, 1.00000000
0.494949494949, 0.484848484848, 0.89251834, 1.00000000, 1.00000000, 1.00000000
0.494949494949, 0.494949494949, 0.90299876, 1.00000000, 1.00000000, 1.00000000
0.494949494949, 0.505050505051, 0.91387189, 1.00000000, 1.00000000, 1.00000000
0.494949494949, 0.515151515152, 0.92509411, 1.00000000, 1.00000000, 1.00000000
0.494949494949, 0.525252525253, 0.93662039, 1.00000000, 1.00000000, 1.00000000
0.494949494949, 0.535353535354, 0.94840443, 1.00000000, 1.00000000, 1.00000000
0.494949494949, 0.545454545455, 0.96039884, 1.00000000, 1.00000000, 1.00000000
0.494949494949, 0.555555555556, 0.97255539, 1.00000000, 1.00000000, 1.00000000
0.494949494949, 0.565656565657, 0.98482513, 1.00000000, 1.00000000, 1.00000000
0.494949494949, 0.575757575758, 0.99715863, 1.00000000, 1.00000000, 1.00000000
0.494949494949, 0.585858585859, 1.00950617, 1.00000000, 1.00000000, 1.00000000
0.494949494949, 0.595959595960, 1.02181795, 1.00000000, 1.00000000, 1.00000000
0.494949494949, 0.606060606061, 1.03404430, 1.00000000, 1.00000000, 1.00000000
0.494949494949, 0.616161616162, 1.04613584, 1.00000000, 1.00000000, 1.00000000
0.494949494949, 0.626262626263, 1.05804373, 1.00000000, 1.00000000, 1.00000000
0.494949494949, 0.636363636364, 1.06971987, 1.00000000, 1.00000000, 1.00000000
0.494949494949, 0.646464646465, 1.08111704, 1.00000000, 1.00000000, 1.00000000
0.494949494949, 0.656565656566, 1.09218917, 1.00000000, 1.00000000, 1.00000000
0.494949494949, 0.666666666667, 1.10289146, 1.00000000, 1.00000000, 1.00000000
0.494949494949, 0.676767676768, 1.11318061, 1.00000000, 1.00000000, 1.00000000
0.494949494949, 0.686868686869, 1.12301499, 1.00000000, 1.00000000, 1.00000000
0.494949494949, 0.696969696970, 1.13235477, 1.00000000, 1.00000000, 1.00000000
0.494949494949, 0.707070707071, 1.14116215, 1.00000000, 1.00000000, 1.00000000
0.494949494949, 0.717171717172, 1.14940146, 1.00000000, 1.00000000, 1.00000000
0.494949494949, 0.727272727273, 1.15703934, 1.00000000, 1.00000000, 1.00000000
0.494949494949, 0.737373737374, 1.16404483, 1.00000000, 1.00000000, 1.00000000
0.494949494949, 0.747474747475, 1.17038956, 1.00000000, 1.00000000, 1.00000000
0.494949494949, 0.757575757576, 1.17604783, 1.00000000, 1.00000000, 1.00000000
0.494949494949, 0.767676767677, 1.18099670, 1.00000000, 1.00000000, 1.00000000
0.494949494949, 0.777777777778, 1.18521611, 1.00000000, 1.00000000, 1.00000000
0.494949494949, 0.787878787879, 1.18868896, 1.00000000, 1.00000000, 1.00000000
0.494949494949, 0.797979797980, 1.19140114, 1.00000000, 1.00000000, 1.00000000
0.494949494949, 0.808080808081, 1.19334163, 1.00000000, 1.00000000, 1.00000000
0.494949494949, 0.818181818182, 1.19450254, 1.00000000, 1.00000000, 1.00000000
0.494949494949, 0.828282828283, 1.19487909, 1.00000000, 1.00000000, 1.00000000
0.494949494949, 0.838383838384, 1.19446980, 1.00000000, 1.00000000, 1.00000000
0.494949494949, 0.848484848485, 1.19327640, 1.00000000, 1.00000000, 1.00000000
0.494949494949, 0.858585858586, 1.19130379, 1.00000000, 1.00000000, 1.00000000
0.494949494949, 0.868686868687, 1.18856001, 1.00000000, 1.00000000, 1.00000000
0.494949494949, 0.878787878788, 1.18505621, 1.00000000, 1.00000000, 1.00000000
0.494949494949, 0.888888888889, 1.18080662, 1.00000000, 1.00000000, 1.00000000
0.494949494949, 0.898989898990, 1.17582849, 1.00000000, 1.00000000, 1.00000000
0.494949494949, 0.909090909091, 1.17014201, 1.00000000, 1.00000000, 1.00000000
0.494949494949, 0.919191919192, 1.16377026, 1.00000000, 1.00000000, 1.00000000
0.494949494949, 0.929292929293, 1.15673915, 1.00000000, 1.00000000, 1.00000000
0.494949494949, 0.939393939394, 1.14907760, 1.00000000, 1.00000000, 1.00000000
0.494949494949, 0.949494949495, 1.14081823, 1.00000000, 1.00000000, 1.00000000
0.494949494949, 0.959595959596, 1.13199961, 1.00000000, 1.00000000, 1.00000000
0.505050505051, -0.000000000000, 1.07077005, 1.00000000, 1.00000000, 1.00000000
0.505050505051, 0.010101010101, 1.06023848, 1.00000000, 1.00000000, 1.00000000
0.505050505051, 0.020202020202, 1.04986710, 1.00000000, 1.00000000, 1.00000000
0.505050505051, 0.030303030303, 1.03956602, 1.00000000, 1.00000000, 1.00000000
0.505050505051, 0.040404040404, 1.02915352, 1.00000000, 1.00000000, 1.00000000
0.505050505051, 0.050505050505, 1.01843922, 1.00000000, 1.00000000, 1.00000000
0.505050505051, 0.060606060606, 1.00731040, 1.00000000, 1.00000000, 1.00000000
0.505050505051, 0.070707070707, 0.99577111, 1.00000000, 1.00000000, 1.00000000
0.505050505051, 0.080808080808, 0.98392225, 1.00000000, 1.00000000, 1.00000000
0.505050505051, 0.090909090909, 0.97190948, 1.00000000, 1.00000000, 1.00000000
0.505050505051, 0.101010101010, 0.95987575, 1.00000000, 1.00000000, 1.00000000
0.505050505051, 0.111111111111, 0.94793722, 1.00000000, 1.00000000, 1.00000000
0.505050505051, 0.121212121212, 0.93618094, 1.00000000, 1.00000000, 1.00000000
0.505050505051, 0.131313131313, 0.92467286, 1.00000000, 1.00000000, 1.00000000
0.505050505051, 0.141414141414, 0.91346676, 1.00000000, 1.00000000, 1.00000000
0.505050505051, 0.151515151515, 0.90261017, 1.00000000, 1.00000000, 1.00000000
0.505050505051, 0.161616161616, 0.89214737, 1.00000000, 1.00000000, 1.00000000
0.505050505051, 0.171717171717, 0.88212043, 1.00000000, 1.00000000, 1.00000000
0.505050505051, 0.181818181818, 0.87256950, 1.00000000, 1.00000000, 1.00000000
0.505050505051, 0.191919191919, 0.86353276, 1.00000000, 1.00000000, 1.00000000
0.505050505051, 0.202020202020, 0.85504630, 1.00000000, 1.00000000, 1.00000000
0.505050505051, 0.212121212121, 0.84714398, 1.00000000, 1.00000000, 1.00000000
0.505050505051, 0.222222222222, 0.83985731, 1.00000000, 1.00000000, 1.00000000
0.505050505051, 0.232323232323, 0.83321534, 1.00000000, 1.00000000, 1.00000000
0.505050505051, 0.242424242424, 0.82724451, 1.00000000, 1.00000000, 1.00000000
0.505050505051, 0.252525252525, 0.82196860, 1.00000000, 1.00000000, 1.00000000
0.505050505051, 0.262626262626, 0.81740862, 1.00000000, 1.00000000, 1.00000000
0.505050505051, 0.272727272727, 0.81358272, 1.00000000, 1.00000000, 1.00000000
0.505050505051, 0.282828282828, 0.81050616, 1.00000000, 1.00000000, 1.00000000
0.505050505051, 0.292929292929, 0.80819123, 1.00000000, 1.00000000, 1.00000000
0.505050505051, 0.303030303030, 0.80664721, 1.00000000, 1.00000000, 1.00000000
0.505050505051, 0.313131313131, 0.80588035, 1.00000000, 1.00000000, 1.00000000
0.505050505051, 0.323232323232, 0.80589379, 1.00000000, 1.00000000, 1.00000000
0.505050505051, 0.333333333333, 0.80668739, 1.00000000, 1.00000000, 1.00000000
0.505050505051, 0.343434343434, 0.80825794, 1.00000000, 1.00000000, 1.00000000
0.505050505051, 0.353535353535, 0.81059918, 1.00000000, 1.00000000, 1.00000000
0.505050505051, 0.363636363636, 0.81370177, 1.00000000, 1.00000000, 1.00000000
0.505050505051, 0.373737373737, 0.81755340, 1.00000000, 1.00000000, 1.00000000
0.505050505051, 0.383838383838, 0.82213877, 1.00000000, 1.00000000, 1.00000000
0.505050505051, 0.393939393939, 0.82743965, 1.00000000, 1.00000000, 1.00000000
0.505050505051, 0.404040404040, 0.83343499, 1.00000000, 1.00000000, 1.00000000
0.505050505051, 0.414141414141, 0.84010092, 1.00000000, 1.00000000, 1.00000000
0.505050505051, 0.424242424242, 0.84741092, 1.00000000, 1.00000000, 1.00000000
0.505050505051, 0.434343434343, 0.85533586, 1.00000000, 1.00000000, 1.00000000
0.505050505051, 0.444444444444, 0.86384413, 1.00000000, 1.00000000, 1.00000000
0.505050505051, 0.454545454545, 0.87290178, 1.00000000, 1.00000000, 1.00000000
0.505050505051, 0.464646464646, 0.88247261, 1.00000000, 1.00000000, 1.00000000
0.505050505051, 0.474747474747, 0.89251834, 1.00000000, 1.00000000, 1.00000000
0.505050505051, 0.484848484848, 0.90299876, 1.00000000, 1.00000000, 1.00000000
0.505050505051, 0.494949494949, 0.91387189, 1.00000000, 1.00000000, 1.00000000
0.505050505051, 0.505050505051, 0.92509411, 1.00000000, 1.00000000, 1.00000000
0.505050505051, 0.515151515152, 0.93662039, 1.00000000, 1.00000000, 1.00000000
0.505050505051, 0.525252525253, 0.94840443, 1.00000000, 1.00000000, 1.00000000
0.505050505051, 0.535353535354, 0.96039884, 1.00000000, 1.00000000, 1.00000000
0.505050505051, 0.545454545455, 0.97255539, 1.00000000, 1.00000000, 1.00000000
0.505050505051, 0.555555555556, 0.98482513, 1.00000000, 1.00000000, 1.00000000
0.505050505051, 0.565656565657, 0.99715863, 1.00000000, 1.00000000, 1.00000000
0.505050505051, 0.575757575758, 1.00950617, 1.00000000, 1.00000000, 1.00000000
0.505050505051, 0.585858585859, 1.02181795, 1.00000000, 1.00000000, 1.00000000
0.505050505051, 0.595959595960, 1.03404430, 1.00000000, 1.00000000, 1.00000000
0.505050505051, 0.606060606061, 1.04613584, 1.00000000, 1.00000000, 1.00000000
0.505050505051, 0.616161616162, 1.05804373, 1.00000000, 1.00000000, 1.00000000
0.505050505051, 0.626262626263, 1.06971987, 1.00000000, 1.00000000, 1.00000000
0.505050505051, 0.636363636364, 1.08111704, 1.00000000, 1.00000000, 1.00000000
0.505050505051, 0.646464646465, 1.09218917, 1.00000000, 1.00000000, 1.00000000
0.505050505051, 0.656565656566, 1.10289146, 1.00000000, 1.00000000, 1.00000000
0.505050505051, 0.666666666667, 1.11318061, 1.00000000, 1.00000000, 1.00000000
0.505050505051, 0.676767676768, 1.12301499, 1.00000000, 1.00000000, 1.00000000
0.505050505051, 0.686868686869, 1.13235477, 1.00000000, 1.00000000, 1.00000000
0.505050505051, 0.696969696970, 1.14116215, 1.00000000, 1.00000000, 1.00000000
0.505050505051, 0.707070707071, 1.14940146, 1.00000000, 1.00000000, 1.00000000
0.505050505051, 0.717171717172, 1.15703934, 1.00000000, 1.00000000, 1.00000000
0.505050505051, 0.727272727273, 1.16404483, 1.00000000, 1.00000000, 1.00000000
0.505050505051, 0.737373737374, 1.17038956, 1.00000000, 1.00000000, 1.00000000
0.505050505051, 0.747474747475, 1.17604783, 1.00000000, 1.00000000, 1.00000000
0.505050505051, 0.757575757576, 1.18099670, 1.00000000, 1.00000000, 1.00000000
0.505050505051, 0.767676767677, 1.18521611, 1.00000000, 1.00000000, 1.00000000
0.505050505051, 0.777777777778, 1.18868896, 1.00000000, 1.00000000, 1.00000000
0.505050505051, 0.787878787879, 1.19140114, 1.00000000, 1.00000000, 1.00000000
0.505050505051, 0.797979797980, 1.19334163, 1.00000000, 1.00000000, 1.00000000
0.505050505051, 0.808080808081, 1.19450254, 1.00000000, 1.00000000, 1.00000000
0.505050505051, 0.818181818182, 1.19487909, 1.00000000, 1.00000000, 1.00000000
0.505050505051, 0.828282828283, 1.19446980, 1.00000000, 1.00000000, 1.00000000
0.505050505051, 0.838383838384, 1.19327640, 1.00000000, 1.00000000, 1.00000000
0.505050505051, 0.848484848485, 1.19130379, 1.00000000, 1.00000000, 1.00000000
0.505050505051, 0.858585858586, 1.18856001, 1.00000000, 1.00000000, 1.00000000
0.505050505051, 0.868686868687, 1.18505621, 1.00000000, 1.00000000, 1.00000000
0.505050505051, 0.878787878788, 1.18080662, 1.00000000, 1.00000000, 1.00000000
0.505050505051, 0.888888888889, 1.17582849, 1.00000000, 1.00000000, 1.00000000
0.505050505051, 0.898989898990, 1.17014201, 1.00000000, 1.00000000, 1.00000000
0.505050505051, 0.909090909091, 1.16377023, 1.00000000, 1.00000000, 1.00000000
0.505050505051, 0.919191919192, 1.15673901, 1.00000000, 1.00000000, 1.00000000
0.505050505051, 0.929292929293, 1.14907694, 1.00000000, 1.00000000, 1.00000000
0.505050505051, 0.939393939394, 1.14081550, 1.00000000, 1.00000000, 1.00000000
0.505050505051, 0.949494949495, 1.13198976, 1.00000000, 1.00000000, 1.00000000
0.505050505051, 0.959595959596, 1.12264072, 1.00000000, 1.00000000, 1.00000000
0.515151515152, -0.000000000000, 1.05909965, 1.00000000, 1.00000000, 1.00000000
0.515151515152, 0.010101010101, 1.04834252, 1.00000000, 1.00000000, 1.00000000
0.515151515152, 0.020202020202, 1.03779070, 1.00000000, 1.00000000, 1.00000000
0.515151515152, 0.030303030303, 1.02735246, 1.00000000, 1.00000000, 1.00000000
0.515151515152, 0.040404040404, 1.01684458, 1.00000000, 1.00000000, 1.00000000
0.515151515152, 0.050505050505, 1.00607608, 1.00000000, 1.00000000, 1.00000000
0.515151515152, 0.060606060606, 0.99493458, 1.00000000, 1.00000000, 1.00000000
0.515151515152, 0.070707070707, 0.98342528, 1.00000000, 1.00000000, 1.00000000
0.515151515152, 0.080808080808, 0.97165052, 1.00000000, 1.00000000, 1.00000000
0.515151515152, 0.090909090909, 0.95975739, 1.00000000, 1.00000000, 1.00000000
0.515151515152, 0.101010101010, 0.94788980, 1.00000000, 1.00000000, 1.00000000
0.515151515152, 0.111111111111, 0.93616432, 1.00000000, 1.00000000, 1.00000000
0.515151515152, 0.121212121212, 0.92466778, 1.00000000, 1.00000000, 1.00000000
0.515151515152, 0.131313131313, 0.91346541, 1.00000000, 1.00000000, 1.00000000
0.515151515152, 0.141414141414, 0.90260986, 1.00000000, 1.00000000, 1.00000000
0.515151515152, 0.151515151515, 0.89214731, 1.00000000, 1.00000000, 1.00000000
0.515151515152, 0.161616161616, 0.88212042, 1.00000000, 1.00000000, 1.00000000
0.515151515152, 0.171717171717, 0.87256950, 1.00000000, 1.00000000, 1.00000000
0.515151515152, 0.181818181818, 0.86353276, 1.00000000, 1.00000000, 1.00000000
0.515151515152, 0.191919191919, 0.85504630, 1.00000000, 1.00000000, 1.00000000
0.515151515152, 0.202020202020, 0.84714398, 1.00000000, 1.00000000, 1.00000000
0.515151515152, 0.212121212121, 0.83985731, 1.00000000, 1.00000000, 1.00000000
0.515151515152, 0.222222222222, 0.83321534, 1.00000000, 1.00000000, 1.00000000
0.515151515152, 0.232323232323, 0.82724451, 1.00000000, 1.00000000, 1.00000000
0.515151515152, 0.242424242424, 0.82196860, 1.00000000, 1.00000000, 1.00000000
0.515151515152, 0.252525252525, 0.81740862, 1.00000000, 1.00000000, 1.00000000
0.515151515152, 0.262626262626, 0.81358272, 1.00000000, 1.00000000, 1.00000000
0.515151515152, 0.272727272727, 0.81050616, 1.00000000, 1.00000000, 1.00000000
0.515151515152, 0.282828282828, 0.80819123, 1.00000000, 1.00000000, 1.00000000
0.515151515152, 0.292929292929, 0.80664721, 1.00000000, 1.00000000, 1.00000000
0.515151515152, 0.303030303030, 0.80588035, 1.00000000, 1.00000000, 1.00000000
0.515151515152, 0.313131313131, 0.80589379, 1.00000000, 1.00000000, 1.00000000
0.515151515152, 0.323232323232, 0.80668739, 1.00000000, 1.00000000, 1.00000000
0.515151515152, 0.333333333333, 0.80825794, 1.00000000, 1.00000000, 1.00000000
0.515151515152, 0.343434343434, 0.81059918, 1.00000000, 1.00000000, 1.00000000
0.515151515152, 0.353535353535, 0.81370177, 1.00000000, 1.00000000, 1.00000000
0.515151515152, 0.363636363636, 0.81755340, 1.00000000, 1.00000000, 1.00000000
0.515151515152, 0.373737373737, 0.82213877, 1.00000000, 1.00000000, 1.00000000
0.515151515152, 0.383838383838, 0.82743965, 1.00000000, 1.00000000, 1.00000000
0.515151515152, 0.393939393939, 0.83343499, 1.00000000, 1.00000000, 1.00000000
0.515151515152, 0.404040404040, 0.84010092, 1.00000000, 1.00000000, 1.00000000
0.515151515152, 0.414141414141, 0.84741092, 1.00000000, 1.00000000, 1.00000000
0.515151515152, 0.424242424242, 0.85533586, 1.00000000, 1.00000000, 1.00000000
0.515151515152, 0.434343434343, 0.86384413, 1.00000000, 1.00000000, 1.00000000
0.515151515152, 0.444444444444, 0.87290178, 1.00000000, 1.00000000, 1.00000000
0.515151515152, 0.454545454545, 0.88247261, 1.00000000, 1.00000000, 1.00000000
0.515151515152, 0.464646464646, 0.89251834, 1.00000000, 1.00000000, 1.00000000
0.515151515152, 0.474747474747, 0.90299876, 1.00000000, 1.00000000, 1.00000000
0.515151515152, 0.484848484848, 0.91387189, 1.00000000, 1.00000000, 1.00000000
0.515151515152, 0.494949494949, 0.92509411, 1.00000000, 1.00000000, 1.00000000
0.515151515152, 0.505050505051, 0.93662039, 1.00000000, 1.00000000, 1.00000000
0.515151515152, 0.515151515152, 0.94840443, 1.00000000, 1.00000000, 1.00000000
0.515151515152, 0.525252525253, 0.96039884, 1.00000000, 1.00000000, 1.00000000
0.515151515152, 0.535353535354, 0.97255539, 1.00000000, 1.00000000, 1.00000000
0.515151515152, 0.545454545455, 0.98482513, 1.00000000, 1.00000000, 1.00000000
0.515151515152, 0.555555555556, 0.99715863, 1.00000000, 1.00000000, 1.00000000
0.515151515152, 0.565656565657, 1.00950617, 1.00000000, 1.00000000, 1.00000000
0.515151515152, 0.575757575758, 1.02181795, 1.00000000, 1.00000000, 1.00000000
0.515151515152, 0.585858585859, 1.03404430, 1.00000000, 1.00000000, 1.00000000
0.515151515152, 0.595959595960, 1.04613584, 1.00000000, 1.00000000, 1.00000000
0.515151515152, 0.606060606061, 1.05804373, 1.00000000, 1.00000000, 1.00000000
0.515151515152, 0.616161616162, 1.06971987, 1.00000000, 1.00000000, 1.00000000
0.515151515152, 0.626262626263, 1.08111704, 1.00000000, 1.00000000, 1.00000000
0.515151515152, 0.636363636364, 1.09218917, 1.00000000, 1.00000000, 1.00000000
0.515151515152, 0.646464646465, 1.10289146, 1.00000000, 1.00000000, 1.00000000
0.515151515152, 0.656565656566, 1.11318061, 1.00000000, 1.00000000, 1.00000000
0.515151515152, 0.666666666667, 1.12301499, 1.00000000, 1.00000000, 1.00000000
0.515151515152, 0.676767676768, 1.13235477, 1.00000000, 1.00000000, 1.00000000
0.515151515152, 0.686868686869, 1.14116215, 1.00000000, 1.00000000, 1.00000000
0.515151515152, 0.696969696970, 1.14940146, 1.00000000, 1.00000000, 1.00000000
0.515151515152, 0.707070707071, 1.15703934, 1.00000000, 1.00000000, 1.00000000
0.515151515152, 0.717171717172, 1.16404483, 1.00000000, 1.00000000, 1.00000000
0.515151515152, 0.727272727273, 1.17038956, 1.00000000, 1.00000000, 1.00000000
0.515151515152, 0.737373737374, 1.17604783, 1.00000000, 1.00000000, 1.00000000
0.515151515152, 0.747474747475, 1.18099670, 1.00000000, 1.00000000, 1.00000000
0.515151515152, 0.757575757576, 1.18521611, 1.00000000, 1.00000000, 1.00000000
0.515151515152, 0.767676767677, 1.18868896, 1.00000000, 1.00000000, 1.00000000
0.515151515152, 0.777777777778, 1.19140114, 1.00000000, 1.00000000, 1.00000000
0.515151515152, 0.787878787879, 1.19334163, 1.00000000, 1.00000000, 1.00000000
0.515151515152, 0.797979797980, 1.19450254, 1.00000000, 1.00000000, 1.00000000
0.515151515152, 0.808080808081, 1.19487909, 1.00000000, 1.00000000, 1.00000000
0.515151515152, 0.818181818182, 1.19446980, 1.00000000, 1.00000000, 1.00000000
0.515151515152, 0.828282828283, 1.19327640, 1.00000000, 1.00000000, 1.00000000
0.515151515152, 0.838383838384, 1.19130379, 1.00000000, 1.00000000, 1.00000000
0.515151515152, 0.848484848485, 1.18856001, 1.00000000, 1.00000000, 1.00000000
0.515151515152, 0.858585858586, 1.18505621, 1.00000000, 1.00000000, 1.00000000
0.515151515152, 0.868686868687, 1.18080662, 1.00000000, 1.00000000, 1.00000000
0.515151515152, 0.878787878788, 1.17582849, 1.00000000, 1.00000000, 1.00000000
0.515151515152, 0.888888888889, 1.17014201, 1.00000000, 1.00000000, 1.00000000
0.515151515152, 0.898989898990, 1.16377023, 1.00000000, 1.00000000, 1.00000000
0.515151515152, 0.909090909091, 1.15673899, 1.00000000, 1.00000000, 1.00000000
0.515151515152, 0.919191919192, 1.14907680, 1.00000000, 1.00000000, 1.00000000
0.515151515152, 0.929292929293, 1.14081482, 1.00000000, 1.00000000, 1.00000000
0.515151515152, 0.939393939394, 1.13198695, 1.00000000, 1.00000000, 1.00000000
0.515151515152, 0.949494949495, 1.12263059, 1.00000000, 1.00000000, 1.00000000
0.515151515152, 0.959595959596, 1.11278900, 1.00000000, 1.00000000, 1.00000000
0.525252525253, -0.000000000000, 1.04719355, 1.00000000, 1.00000000, 1.00000000
0.525252525253, 0.010101010101, 1.03625424, 1.00000000, 1.00000000, 1.00000000
0.525252525253, 0.020202020202, 1.02556448, 1.00000000, 1.00000000, 1.00000000
0.525252525253, 0.030303030303, 1.01503108, 1.00000000, 1.00000000, 1.00000000
0.525252525253, 0.040404040404, 1.00447013, 1.00000000, 1.00000000, 1.00000000
0.525252525253, 0.050505050505, 0.99369082, 1.00000000, 1.00000000, 1.00000000
0.525252525253, 0.060606060606, 0.98258159, 1.00000000, 1.00000000, 1.00000000
0.525252525253, 0.070707070707, 0.97114870, 1.00000000, 1.00000000, 1.00000000
0.525252525253, 0.080808080808, 0.95949551, 1.00000000, 1.00000000, 1.00000000
0.525252525253, 0.090909090909, 0.94776991, 1.00000000, 1.00000000, 1.00000000
0.525252525253, 0.101010101010, 0.93611620, 1.00000000, 1.00000000, 1.00000000
0.525252525253, 0.111111111111, 0.92465088, 1.00000000, 1.00000000, 1.00000000
0.525252525253, 0.121212121212, 0.91346023, 1.00000000, 1.00000000, 1.00000000
0.525252525253, 0.131313131313, 0.90260848, 1.00000000, 1.00000000, 1.00000000
0.525252525253, 0.141414141414, 0.89214699, 1.00000000, 1.00000000, 1.00000000
0.525252525253, 0.151515151515, 0.88212036, 1.00000000, 1.00000000, 1.00000000
0.525252525253, 0.161616161616, 0.87256949, 1.00000000, 1.00000000, 1.00000000
0.525252525253, 0.171717171717, 0.86353276, 1.00000000, 1.00000000, 1.00000000
0.525252525253, 0.181818181818, 0.85504630, 1.00000000, 1.00000000, 1.00000000
0.525252525253, 0.191919191919, 0.84714398, 1.00000000, 1.00000000, 1.00000000
0.525252525253, 0.202020202020, 0.83985731, 1.00000000, 1.00000000, 1.00000000
0.525252525253, 0.212121212121, 0.83321534, 1.00000000, 1.00000000, 1.00000000
0.525252525253, 0.222222222222, 0.82724451, 1.00000000, 1.00000000, 1.00000000
0.525252525253, 0.232323232323, 0.82196860, 1.00000000, 1.00000000, 1.00000000
0.525252525253, 0.242424242424, 0.81740862, 1.00000000, 1.00000000, 1.00000000
0.525252525253, 0.252525252525, 0.81358272, 1.00000000, 1.00000000, 1.00000000
0.525252525253, 0.262626262626, 0.81050616, 1.00000000, 1.00000000, 1.00000000
0.525252525253, 0.272727272727, 0.80819123, 1.00000000, 1.00000000, 1.00000000
0.525252525253, 0.282828282828, 0.80664721, 1.00000000, 1.00000000, 1.00000000
0.525252525253, 0.292929292929, 0.80588035, 1.00000000, 1.00000000, 1.00000000
0.525252525253, 0.303030303030, 0.80589379, 1.00000000, 1.00000000, 1.00000000
0.525252525253, 0.313131313131, 0.80668739, 1.00000000, 1.00000000, 1.00000000
0.525252525253, 0.323232323232, 0.80825794, 1.00000000, 1.00000000, 1.00000000
0.525252525253, 0.333333333333, 0.81059918, 1.00000000, 1.00000000, 1.00000000
0.525252525253, 0.343434343434, 0.81370177, 1.00000000, 1.00000000, 1.00000000
0.525252525253, 0.353535353535, 0.81755340, 1.00000000, 1.00000000, 1.00000000
0.525252525253, 0.363636363636, 0.82213877, 1.00000000, 1.00000000, 1.00000000
0.525252525253, 0.373737373737, 0.82743965, 1.00000000, 1.00000000, 1.00000000
0.525252525253, 0.383838383838, 0.83343499, 1.00000000, 1.00000000, 1.00000000
0.525252525253, 0.393939393939, 0.84010092, 1.00000000, 1.00000000, 1.00000000
0.525252525253, 0.404040404040, 0.84741092, 1.00000000, 1.00000000, 1.00000000
0.525252525253, 0.414141414141, 0.85533586, 1.00000000, 1.00000000, 1.00000000
0.525252525253, 0.424242424242, 0.86384413, 1.00000000, 1.00000000, 1.00000000
0.525252525253, 0.434343434343, 0.87290178, 1.00000000, 1.00000000, 1.00000000
0.525252525253, 0.444444444444, 0.88247261, 1.00000000, 1.00000000, 1.00000000
0.525252525253, 0.454545454545, 0.89251834, 1.00000000, 1.00000000, 1.00000000
0.525252525253, 0.464646464646, 0.90299876, 1.00000000, 1.00000000, 1.00000000
0.525252525253, 0.474747474747, 0.91387189, 1.00000000, 1.00000000, 1.00000000
0.525252525253, 0.484848484848, 0.92509411, 1.00000000, 1.00000000, 1.00000000
0.525252525253, 0.494949494949, 0.93662039, 1.00000000, 1.00000000, 1.00000000
0.525252525253, 0.505050505051, 0.94840443, 1.00000000, 1.00000000, 1.00000000
0.525252525253, 0.515151515152, 0.96039884, 1.00000000, 1.00000000, 1.00000000
0.525252525253, 0.525252525253, 0.97255539, 1.00000000, 1.00000000, 1.00000000
0.525252525253, 0.535353535354, 0.98482513, 1.00000000, 1.00000000, 1.00000000
0.525252525253, 0.545454545455, 0.99715863, 1.00000000, 1.00000000, 1.00000000
0.525252525253, 0.555555555556, 1.00950617, 1.00000000, 1.00000000, 1.00000000
0.525252525253, 0.565656565657, 1.02181795, 1.00000000, 1.00000000, 1.00000000
0.525252525253, 0.575757575758, 1.03404430, 1.00000000, 1.00000000, 1.00000000
0.525252525253, 0.585858585859, 1.04613584, 1.00000000, 1.00000000, 1.00000000
0.525252525253, 0.595959595960, 1.05804373, 1.00000000, 1.00000000, 1.00000000
0.525252525253, 0.606060606061, 1.06971987, 1.00000000, 1.00000000, 1.00000000
0.525252525253, 0.616161616162, 1.08111704, 1.00000000, 1.00000000, 1.00000000
0.525252525253, 0.626262626263, 1.09218917, 1.00000000, 1.00000000, 1.00000000
0.525252525253, 0.636363636364, 1.10289146, 1.00000000, 1.00000000, 1.00000000
0.525252525253, 0.646464646465, 1.11318061, 1.00000000, 1.00000000, 1.00000000
0.525252525253, 0.656565656566, 1.12301499, 1.00000000, 1.00000000, 1.00000000
0.525252525253, 0.666666666667, 1.13235477, 1.00000000, 1.00000000, 1.00000000
0.525252525253, 0.676767676768, 1.14116215, 1.00000000, 1.00000000, 1.00000000
0.525252525253, 0.686868686869, 1.14940146, 1.00000000, 1.00000000, 1.00000000
0.525252525253, 0.696969696970, 1.15703934, 1.00000000, 1.00000000, 1.00000000
0.525252525253, 0.707070707071, 1.16404483, 1.00000000, 1.00000000, 1.00000000
0.525252525253, 0.717171717172, 1.17038956, 1.00000000, 1.00000000, 1.00000000
0.525252525253, 0.727272727273, 1.17604783, 1.00000000, 1.00000000, 1.00000000
0.525252525253, 0.737373737374, 1.18099670, 1.00000000, 1.00000000, 1.00000000
0.525252525253, 0.747474747475, 1.18521611, 1.00000000, 1.00000000, 1.00000000
0.525252525253, 0.757575757576, 1.18868896, 1.00000000, 1.00000000, 1.00000000
0.525252525253, 0.767676767677, 1.19140114, 1.00000000, 1.00000000, 1.00000000
0.525252525253, 0.777777777778, 1.19334163, 1.00000000, 1.00000000, 1.00000000
0.525252525253, 0.787878787879, 1.19450254, 1.00000000, 1.00000000, 1.00000000
0.525252525253, 0.797979797980, 1.19487909, 1.00000000, 1.00000000, 1.00000000
0.525252525253, 0.808080808081, 1.19446980, 1.00000000, 1.00000000, 1.00000000
0.525252525253, 0.818181818182, 1.19327640, 1.00000000, 1.00000000, 1.00000000
0.525252525253, 0.828282828283, 1.19130379, 1.00000000, 1.00000000, 1.00000000
0.525252525253, 0.838383838384, 1.18856001, 1.00000000, 1.00000000, 1.00000000
0.525252525253, 0.848484848485, 1.18505621, 1.00000000, 1.00000000, 1.00000000
0.525252525253, 0.858585858586, 1.18080662, 1.00000000, 1.00000000, 1.00000000
0.525252525253, 0.868686868687, 1.17582849, 1.00000000, 1.00000000, 1.00000000
0.525252525253, 0.878787878788, 1.17014201, 1.00000000, 1.00000000, 1.00000000
0.525252525253, 0.888888888889, 1.16377023, 1.00000000, 1.00000000, 1.00000000
0.525252525253, 0.898989898990, 1.15673898, 1.00000000, 1.00000000, 1.00000000
0.525252525253, 0.909090909091, 1.14907677, 1.00000000, 1.00000000, 1.00000000
0.525252525253, 0.919191919192, 1.14081467, 1.00000000, 1.00000000, 1.00000000
0.525252525253, 0.929292929293, 1.13198624, 1.00000000, 1.00000000, 1.00000000
0.525252525253, 0.939393939394, 1.12262770, 1.00000000, 1.00000000, 1.00000000
0.525252525253, 0.949494949495, 1.11277862, 1.00000000, 1.00000000, 1.00000000
0.525252525253, 0.959595959596, 1.10248432, 1.00000000, 1.00000000, 1.00000000
0.535353535354, -0.000000000000, 1.03509978, 1.00000000, 1.00000000, 1.00000000
0.535353535354, 0.010101010101, 1.02402241, 1.00000000, 1.00000000, 1.00000000
0.535353535354, 0.020202020202, 1.01323776, 1.00000000, 1.00000000, 1.00000000
0.535353535354, 0.030303030303, 1.00265161, 1.00000000, 1.00000000, 1.00000000
0.535353535354, 0.040404040404, 0.99208011, 1.00000000, 1.00000000, 1.00000000
0.535353535354, 0.050505050505, 0.98133343, 1.00000000, 1.00000000, 1.00000000
0.535353535354, 0.060606060606, 0.97030126, 1.00000000, 1.00000000, 1.00000000
0.535353535354, 0.070707070707, 0.95899084, 1.00000000, 1.00000000, 1.00000000
0.535353535354, 0.080808080808, 0.94750615, 1.00000000, 1.00000000, 1.00000000
0.535353535354, 0.090909090909, 0.93599524, 1.00000000, 1.00000000, 1.00000000
0.535353535354, 0.101010101010, 0.92460224, 1.00000000, 1.00000000, 1.00000000
0.535353535354, 0.111111111111, 0.91344311, 1.00000000, 1.00000000, 1.00000000
0.535353535354, 0.121212121212, 0.90260323, 1.00000000, 1.00000000, 1.00000000
0.535353535354, 0.131313131313, 0.89214559, 1.00000000, 1.00000000, 1.00000000
0.535353535354, 0.141414141414, 0.88212003, 1.00000000, 1.00000000, 1.00000000
0.535353535354, 0.151515151515, 0.87256942, 1.00000000, 1.00000000, 1.00000000
0.535353535354, 0.161616161616, 0.86353275, 1.00000000, 1.00000000, 1.00000000
0.535353535354, 0.171717171717, 0.85504629, 1.00000000, 1.00000000, 1.00000000
0.535353535354, 0.181818181818, 0.84714398, 1.00000000, 1.00000000, 1.00000000
0.535353535354, 0.191919191919, 0.83985731, 1.00000000, 1.00000000, 1.00000000
0.535353535354, 0.202020202020, 0.83321534, 1.00000000, 1.00000000, 1.00000000
0.535353535354, 0.212121212121, 0.82724451, 1.00000000, 1.00000000, 1.00000000
0.535353535354, 0.222222222222, 0.82196860, 1.00000000, 1.00000000, 1.00000000
0.535353535354, 0.232323232323, 0.81740862, 1.00000000, 1.00000000, 1.00000000
0.535353535354, 0.242424242424, 0.81358272, 1.00000000, 1.00000000, 1.00000000
0.535353535354, 0.252525252525, 0.81050616, 1.00000000, 1.00000000, 1.00000000
0.535353535354, 0.262626262626, 0.80819123, 1.00000000, 1.00000000, 1.00000000
0.535353535354, 0.272727272727, 0.80664721, 1.00000000, 1.00000000, 1.00000000
0.535353535354, 0.282828282828, 0.80588035, 1.00000000, 1.00000000, 1.00000000
0.535353535354, 0.292929292929, 0.80589379, 1.00000000, 1.00000000, 1.00000000
0.535353535354, 0.303030303030, 0.80668739, 1.00000000, 1.00000000, 1.00000000
0.535353535354, 0.313131313131, 0.80825794, 1.00000000, 1.00000000, 1.00000000
0.535353535354, 0.323232323232, 0.81059918, 1.00000000, 1.00000000, 1.00000000
0.535353535354, 0.333333333333, 0.81370177, 1.00000000, 1.00000000, 1.00000000
0.535353535354, 0.343434343434, 0.81755340, 1.00000000, 1.00000000, 1.00000000
0.535353535354, 0.353535353535, 0.82213877, 1.00000000, 1.00000000, 1.00000000
0.535353535354, 0.363636363636, 0.82743965, 1.00000000, 1.00000000, 1.00000000
0.535353535354, 0.373737373737, 0.83343499, 1.00000000, 1.00000000, 1.00000000
0.535353535354, 0.383838383838, 0.84010092, 1.00000000, 1.00000000, 1.00000000
0.535353535354, 0.393939393939, 0.84741092, 1.00000000, 1.00000000, 1.00000000
0.535353535354, 0.404040404040, 0.85533586, 1.00000000, 1.00000000, 1.00000000
0.535353535354, 0.414141414141, 0.86384413, 1.00000000, 1.00000000, 1.00000000
0.535353535354, 0.424242424242, 0.87290178, 1.00000000, 1.00000000, 1.00000000
0.535353535354, 0.434343434343, 0.88247261, 1.00000000, 1.00000000, 1.00000000
0.535353535354, 0.444444444444, 0.89251834, 1.00000000, 1.00000000, 1.00000000
0.535353535354, 0.454545454545, 0.90299876, 1.00000000, 1.00000000, 1.00000000
0.535353535354, 0.464646464646, 0.91387189, 1.00000000, 1.00000000, 1.00000000
0.535353535354, 0.474747474747, 0.92509411, 1.00000000, 1.00000000, 1.00000000
0.535353535354, 0.484848484848, 0.93662039, 1.00000000, 1.00000000, 1.00000000
0.535353535354, 0.494949494949, 0.94840443, 1.00000000, 1.00000000, 1.00000000
0.535353535354, 0.505050505051, 0.96039884, 1.00000000, 1.00000000, 1.00000000
0.535353535354, 0.515151515152, 0.97255539, 1.00000000, 1.00000000, 1.00000000
0.535353535354, 0.525252525253, 0.98482513, 1.00000000, 1.00000000, 1.00000000
0.535353535354, 0.535353535354, 0.99715863, 1.00000000, 1.00000000, 1.00000000
0.535353535354, 0.545454545455, 1.00950617, 1.00000000, 1.00000000, 1.00000000
0.535353535354, 0.555555555556, 1.02181795, 1.00000000, 1.00000000, 1.00000000
0.535353535354, 0.565656565657, 1.03404430, 1.00000000, 1.00000000, 1.00000000
0.535353535354, 0.575757575758, 1.04613584, 1.00000000, 1.00000000, 1.00000000
0.535353535354, 0.585858585859, 1.05804373, 1.00000000, 1.00000000, 1.00000000
0.535353535354, 0.595959595960, 1.06971987, 1.00000000, 1.00000000, 1.00000000
0.535353535354, 0.606060606061, 1.08111704, 1.00000000, 1.00000000, 1.00000000
0.535353535354, 0.616161616162, 1.09218917, 1.00000000, 1.00000000, 1.00000000
0.535353535354, 0.626262626263, 1.10289146, 1.00000000, 1.00000000, 1.00000000
0.535353535354, 0.636363636364, 1.11318061, 1.00000000, 1.00000000, 1.00000000
0.535353535354, 0.646464646465, 1.12301499, 1.00000000, 1.00000000, 1.00000000
0.535353535354, 0.656565656566, 1.13235477, 1.00000000, 1.00000000, 1.00000000
0.535353535354, 0.666666666667, 1.14116215, 1.00000000, 1.00000000, 1.00000000
0.535353535354, 0.676767676768, 1.14940146, 1.00000000, 1.00000000, 1.00000000
0.535353535354, 0.686868686869, 1.15703934, 1.00000000, 1.00000000, 1.00000000
0.535353535354, 0.696969696970, 1.16404483, 1.00000000, 1.00000000, 1.00000000
0.535353535354, 0.707070707071, 1.17038956, 1.00000000, 1.00000000, 1.00000000
0.535353535354, 0.717171717172, 1.17604783, 1.00000000, 1.00000000, 1.00000000
0.535353535354, 0.727272727273, 1.18099670, 1.00000000, 1.00000000, 1.00000000
0.535353535354, 0.737373737374, 1.18521611, 1.00000000, 1.00000000, 1.00000000
0.535353535354, 0.747474747475, 1.18868896, 1.00000000, 1.00000000, 1.00000000
0.535353535354, 0.757575757576, 1.19140114, 1.00000000, 1.00000000, 1.00000000
0.535353535354, 0.767676767677, 1.19334163, 1.00000000, 1.00000000, 1.00000000
0.535353535354, 0.777777777778, 1.19450254, 1.00000000, 1.00000000, 1.00000000
0.535353535354, 0.787878787879, 1.19487909, 1.00000000, 1.00000000, 1.00000000
0.535353535354, 0.797979797980, 1.19446980, 1.00000000, 1.00000000, 1.00000000
0.535353535354, 0.808080808081, 1.19327640, 1.00000000, 1.00000000, 1.00000000
0.535353535354, 0.818181818182, 1.19130379, 1.00000000, 1.00000000, 1.00000000
0.535353535354, 0.828282828283, 1.18856001, 1.00000000, 1.00000000, 1.00000000
0.535353535354, 0.838383838384, 1.18505621, 1.00000000, 1.00000000, 1.00000000
0.535353535354, 0.848484848485, 1.18080662, 1.00000000, 1.00000000, 1.00000000
0.535353535354, 0.858585858586, 1.17582849, 1.00000000, 1.00000000, 1.00000000
0.535353535354, 0.868686868687, 1.17014201, 1.00000000, 1.00000000, 1.00000000
0.535353535354, 0.878787878788, 1.16377023, 1.00000000, 1.00000000, 1.00000000
0.535353535354, 0.888888888889, 1.15673898, 1.00000000, 1.00000000, 1.00000000
0.535353535354, 0.898989898990, 1.14907677, 1.00000000, 1.00000000, 1.00000000
0.535353535354, 0.909090909091, 1.14081464, 1.00000000, 1.00000000, 1.00000000
0.535353535354, 0.919191919192, 1.13198609, 1.00000000, 1.00000000, 1.00000000
0.535353535354, 0.929292929293, 1.12262698, 1.00000000, 1.00000000, 1.00000000
0.535353535354, 0.939393939394, 1.11277566, 1.00000000, 1.00000000, 1.00000000
0.535353535354, 0.949494949495, 1.10247373, 1.00000000, 1.00000000, 1.00000000
0.535353535354, 0.959595959596, 1.09176839, 1.00000000, 1.00000000, 1.00000000
0.545454545455, -0.000000000000, 1.02286711, 1.00000000, 1.00000000, 1.00000000
0.545454545455, 0.010101010101, 1.01169631, 1.00000000, 1.00000000, 1.00000000
0.545454545455, 0.020202020202, 1.00086021, 1.00000000, 1.00000000, 1.00000000
0.545454545455, 0.030303030303, 0.99026394, 1.00000000, 1.00000000, 1.00000000
0.545454545455, 0.040404040404, 0.97972449, 1.00000000, 1.00000000, 1.00000000
0.545454545455, 0.050505050505, 0.96905374, 1.00000000, 1.00000000, 1.00000000
0.545454545455, 0.060606060606, 0.95814307, 1.00000000, 1.00000000, 1.00000000
0.545454545455, 0.070707070707, 0.94700067, 1.00000000, 1.00000000, 1.00000000
0.545454545455, 0.080808080808, 0.93573067, 1.00000000, 1.00000000, 1.00000000
0.545454545455, 0.090909090909, 0.92448070, 1.00000000, 1.00000000, 1.00000000
0.545454545455, 0.101010101010, 0.91339415, 1.00000000, 1.00000000, 1.00000000
0.545454545455, 0.111111111111, 0.90258596, 1.00000000, 1.00000000, 1.00000000
0.545454545455, 0.121212121212, 0.89214028, 1.00000000, 1.00000000, 1.00000000
0.545454545455, 0.131313131313, 0.88211861, 1.00000000, 1.00000000, 1.00000000
0.545454545455, 0.141414141414, 0.87256909, 1.00000000, 1.00000000, 1.00000000
0.545454545455, 0.151515151515, 0.86353268, 1.00000000, 1.00000000, 1.00000000
0.545454545455, 0.161616161616, 0.85504628, 1.00000000, 1.00000000, 1.00000000
0.545454545455, 0.171717171717, 0.84714398, 1.00000000, 1.00000000, 1.00000000
0.545454545455, 0.181818181818, 0.83985731, 1.00000000, 1.00000000, 1.00000000
0.545454545455, 0.191919191919, 0.83321534, 1.00000000, 1.00000000, 1.00000000
0.545454545455, 0.202020202020, 0.82724451, 1.00000000, 1.00000000, 1.00000000
0.545454545455, 0.212121212121, 0.82196860, 1.00000000, 1.00000000, 1.00000000
0.545454545455, 0.222222222222, 0.81740862, 1.00000000, 1.00000000, 1.00000000
0.545454545455, 0.232323232323, 0.81358272, 1.00000000, 1.00000000, 1.00000000
0.545454545455, 0.242424242424, 0.81050616, 1.00000000, 1.00000000, 1.00000000
0.545454545455, 0.252525252525, 0.80819123, 1.00000000, 1.00000000, 1.00000000
0.545454545455, 0.262626262626, 0.80664721, 1.00000000, 1.00000000, 1.00000000
0.545454545455, 0.272727272727, 0.80588035, 1.00000000, 1.00000000, 1.00000000
0.545454545455, 0.282828282828, 0.80589379, 1.00000000, 1.00000000, 1.00000000
0.545454545455, 0.292929292929, 0.80668739, 1.00000000, 1.00000000, 1.00000000
0.545454545455, 0.303030303030, 0.80825794, 1.00000000, 1.00000000, 1.00000000
0.545454545455, 0.313131313131, 0.81059918, 1.00000000, 1.00000000, 1.00000000
0.545454545455, 0.323232323232, 0.81370177, 1.00000000, 1.00000000, 1.00000000
0.545454545455, 0.333333333333, 0.81755340, 1.00000000, 1.00000000, 1.00000000
0.545454545455, 0.343434343434, 0.82213877, 1.00000000, 1.00000000, 1.00000000
0.545454545455, 0.353535353535, 0.82743965, 1.00000000, 1.00000000, 1.00000000
0.545454545455, 0.363636363636, 0.83343499, 1.00000000, 1.00000000, 1.00000000
0.545454545455, 0.373737373737, 0.84010092, 1.00000000, 1.00000000, 1.00000000
0.545454545455, 0.383838383838, 0.84741092, 1.00000000, 1.00000000, 1.00000000
0.545454545455, 0.393939393939, 0.85533586, 1.00000000, 1.00000000, 1.00000000
0.545454545455, 0.404040404040, 0.86384413, 1.00000000, 1.00000000, 1.00000000
0.545454545455, 0.414141414141, 0.87290178, 1.00000000, 1.00000000, 1.00000000
0.545454545455, 0.424242424242, 0.88247261, 1.00000000, 1.00000000, 1.00000000
0.545454545455, 0.434343434343, 0.89251834, 1.00000000, 1.00000000, 1.00000000
0.545454545455, 0.444444444444, 0.90299876, 1.00000000, 1.00000000, 1.00000000
0.545454545455, 0.454545454545, 0.91387189, 1.00000000, 1.00000000, 1.00000000
0.545454545455, 0.464646464646, 0.92509411, 1.00000000, 1.00000000, 1.00000000
0.545454545455, 0.474747474747, 0.93662039, 1.00000000, 1.00000000, 1.00000000
0.545454545455, 0.484848484848, 0.94840443, 1.00000000, 1.00000000, 1.00000000
0.545454545455, 0.494949494949, 0.96039884, 1.00000000, 1.00000000, 1.00000000
0.545454545455, 0.505050505051, 0.97255539, 1.00000000, 1.00000000, 1.00000000
0.545454545455, 0.515151515152, 0.98482513, 1.00000000, 1.00000000, 1.00000000
0.545454545455, 0.525252525253, 0.99715863, 1.00000000, 1.00000000, 1.00000000
0.545454545455, 0.535353535354, 1.00950617, 1.00000000, 1.00000000, 1.00000000
0.545454545455, 0.545454545455, 1.02181795, 1.00000000, 1.00000000, 1.00000000
0.545454545455, 0.555555555556, 1.03404430, 1.00000000, 1.00000000, 1.00000000
0.545454545455, 0.565656565657, 1.04613584, 1.00000000, 1.00000000, 1.00000000
0.545454545455, 0.575757575758, 1.05804373, 1.00000000, 1.00000000, 1.00000000
0.545454545455, 0.585858585859, 1.06971987, 1.00000000, 1.00000000, 1.00000000
0.545454545455, 0.595959595960, 1.08111704, 1.00000000, 1.00000000, 1.00000000
0.545454545455, 0.606060606061, 1.09218917, 1.00000000, 1.00000000, 1.00000000
0.545454545455, 0.616161616162, 1.10289146, 1.00000000, 1.00000000, 1.00000000
0.545454545455, 0.626262626263, 1.11318061, 1.00000000, 1.00000000, 1.00000000
0.545454545455, 0.636363636364, 1.12301499, 1.00000000, 1.00000000, 1.00000000
0.545454545455, 0.646464646465, 1.13235477, 1.00000000, 1.00000000, 1.00000000
0.545454545455, 0.656565656566, 1.14116215, 1.00000000, 1.00000000, 1.00000000
0.545454545455, 0.666666666667, 1.14940146, 1.00000000, 1.00000000, 1.00000000
0.545454545455, 0.676767676768, 1.15703934, 1.00000000, 1.00000000, 1.00000000
0.545454545455, 0.686868686869, 1.16404483, 1.00000000, 1.00000000, 1.00000000
0.545454545455, 0.696969696970, 1.17038956, 1.00000000, 1.00000000, 1.00000000
0.545454545455, 0.707070707071, 1.17604783, 1.00000000, 1.00000000, 1.00000000
0.545454545455, 0.717171717172, 1.18099670, 1.00000000, 1.00000000, 1.00000000
0.545454545455, 0.727272727273, 1.18521611, 1.00000000, 1.00000000, 1.00000000
0.545454545455, 0.737373737374, 1.18868896, 1.00000000, 1.00000000, 1.00000000
0.545454545455, 0.747474747475, 1.19140114, 1.00000000, 1.00000000, 1.00000000
0.545454545455, 0.757575757576, 1.19334163, 1.00000000, 1.00000000, 1.00000000
0.545454545455, 0.767676767677, 1.19450254, 1.00000000, 1.00000000, 1.00000000
0.545454545455, 0.777777777778, 1.19487909, 1.00000000, 1.00000000, 1.00000000
0.545454545455, 0.787878787879, 1.19446980, 1.00000000, 1.00000000, 1.00000000
0.545454545455, 0.797979797980, 1.19327640, 1.00000000, 1.00000000, 1.00000000
0.545454545455, 0.808080808081, 1.19130379, 1.00000000, 1.00000000, 1.00000000
0.545454545455, 0.818181818182, 1.18856001, 1.00000000, 1.00000000, 1.00000000
0.545454545455, 0.828282828283, 1.18505621, 1.00000000, 1.00000000, 1.00000000
0.545454545455, 0.838383838384, 1.18080662, 1.00000000, 1.00000000, 1.00000000
0.545454545455, 0.848484848485, 1.17582849, 1.00000000, 1.00000000, 1.00000000
0.545454545455, 0.858585858586, 1.17014201, 1.00000000, 1.00000000, 1.00000000
0.545454545455, 0.868686868687, 1.16377023, 1.00000000, 1.00000000, 1.00000000
0.545454545455, 0.878787878788, 1.15673898, 1.00000000, 1.00000000, 1.00000000
0.545454545455, 0.888888888889, 1.14907677, 1.00000000, 1.00000000, 1.00000000
0.545454545455, 0.898989898990, 1.14081464, 1.00000000, 1.00000000, 1.00000000
0.545454545455, 0.909090909091, 1.13198606, 1.00000000, 1.00000000, 1.00000000
0.545454545455, 0.919191919192, 1.12262682, 1.00000000, 1.00000000, 1.00000000
0.545454545455, 0.929292929293, 1.11277492, 1.00000000, 1.00000000, 1.00000000
0.545454545455, 0.939393939394, 1.10247071, 1.00000000, 1.00000000, 1.00000000
0.545454545455, 0.949494949495, 1.09175763, 1.00000000, 1.00000000, 1.00000000
0.545454545455, 0.959595959596, 1.08068456, 1.00000000, 1.00000000, 1.00000000
0.555555555556, -0.000000000000, 1.01054484, 1.00000000, 1.00000000, 1.00000000
0.555555555556, 0.010101010101, 0.99932563, 1.00000000, 1.00000000, 1.00000000
0.555555555556, 0.020202020202, 0.98848171, 1.00000000, 1.00000000, 1.00000000
0.555555555556, 0.030303030303, 0.97791801, 1.00000000, 1.00000000, 1.00000000
0.555555555556, 0.040404040404, 0.96745306, 1.00000000, 1.00000000, 1.00000000
0.555555555556, 0.050505050505, 0.95690124, 1.00000000, 1.00000000, 1.00000000
0.555555555556, 0.060606060606, 0.94615599, 1.00000000, 1.00000000, 1.00000000
0.555555555556, 0.070707070707, 0.93522644, 1.00000000, 1.00000000, 1.00000000
0.555555555556, 0.080808080808, 0.92421641, 1.00000000, 1.00000000, 1.00000000
0.555555555556, 0.090909090909, 0.91327254, 1.00000000, 1.00000000, 1.00000000
0.555555555556, 0.101010101010, 0.90253688, 1.00000000, 1.00000000, 1.00000000
0.555555555556, 0.111111111111, 0.89212294, 1.00000000, 1.00000000, 1.00000000
0.555555555556, 0.121212121212, 0.88211326, 1.00000000, 1.00000000, 1.00000000
0.555555555556, 0.131313131313, 0.87256766, 1.00000000, 1.00000000, 1.00000000
0.555555555556, 0.141414141414, 0.86353235, 1.00000000, 1.00000000, 1.00000000
0.555555555556, 0.151515151515, 0.85504622, 1.00000000, 1.00000000, 1.00000000
0.555555555556, 0.161616161616, 0.84714396, 1.00000000, 1.00000000, 1.00000000
0.555555555556, 0.171717171717, 0.83985731, 1.00000000, 1.00000000, 1.00000000
0.555555555556, 0.181818181818, 0.83321534, 1.00000000, 1.00000000, 1.00000000
0.555555555556, 0.191919191919, 0.82724451, 1.00000000, 1.00000000, 1.00000000
0.555555555556, 0.202020202020, 0.82196860, 1.00000000, 1.00000000, 1.00000000
0.555555555556, 0.212121212121, 0.81740862, 1.00000000, 1.00000000, 1.00000000
0.555555555556, 0.222222222222, 0.81358272, 1.00000000, 1.00000000, 1.00000000
0.555555555556, 0.232323232323, 0.81050616, 1.00000000, 1.00000000, 1.00000000
0.555555555556, 0.242424242424, 0.80819123, 1.00000000, 1.00000000, 1.00000000
0.555555555556, 0.252525252525, 0.80664721, 1.00000000, 1.00000000, 1.00000000
0.555555555556, 0.262626262626, 0.80588035, 1.00000000, 1.00000000, 1.00000000
0.555555555556, 0.272727272727, 0.80589379, 1.00000000, 1.00000000, 1.00000000
0.555555555556, 0.282828282828, 0.80668739, 1.00000000, 1.00000000, 1.00000000
0.555555555556, 0.292929292929, 0.80825794, 1.00000000, 1.00000000, 1.00000000
0.555555555556, 0.303030303030, 0.81059918, 1.00000000, 1.00000000, 1.00000000
0.555555555556, 0.313131313131, 0.81370177, 1.00000000, 1.00000000, 1.00000000
0.555555555556, 0.323232323232, 0.81755340, 1.00000000, 1.00000000, 1.00000000
0.555555555556, 0.333333333333, 0.82213877, 1.00000000, 1.00000000, 1.00000000
0.555555555556, 0.343434343434, 0.82743965, 1.00000000, 1.00000000, 1.00000000
0.555555555556, 0.353535353535, 0.83343499, 1.00000000, 1.00000000, 1.00000000
0.555555555556, 0.363636363636, 0.84010092, 1.00000000, 1.00000000, 1.00000000
0.555555555556, 0.373737373737, 0.84741092, 1.00000000, 1.00000000, 1.00000000
0.555555555556, 0.383838383838, 0.85533586, 1.00000000, 1.00000000, 1.00000000
0.555555555556, 0.393939393939, 0.86384413, 1.00000000, 1.00000000, 1.00000000
0.555555555556, 0.404040404040, 0.87290178, 1.00000000, 1.00000000, 1.00000000
0.555555555556, 0.414141414141, 0.88247261, 1.00000000, 1.00000000, 1.00000000
0.555555555556, 0.424242424242, 0.89251834, 1.00000000, 1.00000000, 1.00000000
0.555555555556, 0.434343434343, 0.90299876, 1.00000000, 1.00000000, 1.00000000
0.555555555556, 0.444444444444, 0.91387189, 1.00000000, 1.00000000, 1.00000000
0.555555555556, 0.454545454545, 0.92509411, 1.00000000, 1.00000000, 1.00000000
0.555555555556, 0.464646464646, 0.93662039, 1.00000000, 1.00000000, 1.00000000
0.555555555556, 0.474747474747, 0.94840443, 1.00000000, 1.00000000, 1.00000000
0.555555555556, 0.484848484848, 0.96039884, 1.00000000, 1.00000000, 1.00000000
0.555555555556, 0.494949494949, 0.97255539, 1.00000000, 1.00000000, 1.00000000
0.555555555556, 0.505050505051, 0.98482513, 1.00000000, 1.00000000, 1.00000000
0.555555555556, 0.515151515152, 0.99715863, 1.00000000, 1.00000000, 1.00000000
0.555555555556, 0.525252525253, 1.00950617, 1.00000000, 1.00000000, 1.00000000
0.555555555556, 0.535353535354, 1.02181795, 1.00000000, 1.00000000, 1.00000000
0.555555555556, 0.545454545455, 1.03404430, 1.00000000, 1.00000000, 1.00000000
0.555555555556, 0.555555555556, 1.04613584, 1.00000000, 1.00000000, 1.00000000
0.555555555556, 0.565656565657, 1.05804373, 1.00000000, 1.00000000, 1.00000000
0.555555555556, 0.575757575758, 1.06971987, 1.00000000, 1.00000000, 1.00000000
0.555555555556, 0.585858585859, 1.08111704, 1.00000000, 1.00000000, 1.00000000
0.555555555556, 0.595959595960, 1.09218917, 1.00000000, 1.00000000, 1.00000000
0.555555555556, 0.606060606061, 1.10289146, 1.00000000, 1.00000000, 1.00000000
0.555555555556, 0.616161616162, 1.11318061, 1.00000000, 1.00000000, 1.00000000
0.555555555556, 0.626262626263, 1.12301499, 1.00000000, 1.00000000, 1.00000000
0.555555555556, 0.636363636364, 1.13235477, 1.00000000, 1.00000000, 1.00000000
0.555555555556, 0.646464646465, 1.14116215, 1.00000000, 1.00000000, 1.00000000
0.555555555556, 0.656565656566, 1.14940146, 1.00000000, 1.00000000, 1.00000000
0.555555555556, 0.666666666667, 1.15703934, 1.00000000, 1.00000000, 1.00000000
0.555555555556, 0.676767676768, 1.16404483, 1.00000000, 1.00000000, 1.00000000
0.555555555556, 0.686868686869, 1.17038956, 1.00000000, 1.00000000, 1.00000000
0.555555555556, 0.696969696970, 1.17604783, 1.00000000, 1.00000000, 1.00000000
0.555555555556, 0.707070707071, 1.18099670, 1.00000000, 1.00000000, 1.00000000
0.555555555556, 0.717171717172, 1.18521611, 1.00000000, 1.00000000, 1.00000000
0.555555555556, 0.727272727273, 1.18868896, 1.00000000, 1.00000000, 1.00000000
0.555555555556, 0.737373737374, 1.19140114, 1.00000000, 1.00000000, 1.00000000
0.555555555556, 0.747474747475, 1.19334163, 1.00000000, 1.00000000, 1.00000000
0.555555555556, 0.757575757576, 1.19450254, 1.00000000, 1.00000000, 1.00000000
0.555555555556, 0.767676767677, 1.19487909, 1.00000000, 1.00000000, 1.00000000
0.555555555556, 0.777777777778, 1.19446980, 1.00000000, 1.00000000, 1.00000000
0.555555555556, 0.787878787879, 1.19327640, 1.00000000, 1.00000000, 1.00000000
0.555555555556, 0.797979797980, 1.19130379, 1.00000000, 1.00000000, 1.00000000
0.555555555556, 0.808080808081, 1.18856001, 1.00000000, 1.00000000, 1.00000000
0.555555555556, 0.818181818182, 1.18505621, 1.00000000, 1.00000000, 1.00000000
0.555555555556, 0.828282828283, 1.18080662, 1.00000000, 1.00000000, 1.00000000
0.555555555556, 0.838383838384, 1.17582849, 1.00000000, 1.00000000, 1.00000000
0.555555555556, 0.848484848485, 1.17014201, 1.00000000, 1.00000000, 1.00000000
0.555555555556, 0.858585858586, 1.16377023, 1.00000000, 1.00000000, 1.00000000
0.555555555556, 0.868686868687, 1.15673898, 1.00000000, 1.00000000, 1.00000000
0.555555555556, 0.878787878788, 1.14907677, 1.00000000, 1.00000000, 1.00000000
0.555555555556, 0.888888888889, 1.14081464, 1.00000000, 1.00000000, 1.00000000
0.555555555556, 0.898989898990, 1.13198606, 1.00000000, 1.00000000, 1.00000000
0.555555555556, 0.909090909091, 1.12262679, 1.00000000, 1.00000000, 1.00000000
0.555555555556, 0.919191919192, 1.11277476, 1.00000000, 1.00000000, 1.00000000
0.555555555556, 0.929292929293, 1.10246995, 1.00000000, 1.00000000, 1.00000000
0.555555555556, 0.939393939394, 1.09175455, 1.00000000, 1.00000000, 1.00000000
0.555555555556, 0.949494949495, 1.08067365, 1.00000000, 1.00000000, 1.00000000
0.555555555556, 0.959595959596, 1.06927765, 1.00000000, 1.00000000, 1.00000000
0.565656565657, -0.000000000000, 0.99818260, 1.00000000, 1.00000000, 1.00000000
0.565656565657, 0.010101010101, 0.98696015, 1.00000000, 1.00000000, 1.00000000
0.565656565657, 0.020202020202, 0.97615210, 1.00000000, 1.00000000, 1.00000000
0.565656565657, 0.030303030303, 0.96566352, 1.00000000, 1.00000000, 1.00000000
0.565656565657, 0.040404040404, 0.95531527, 1.00000000, 1.00000000, 1.00000000
0.565656565657, 0.050505050505, 0.94492488, 1.00000000, 1.00000000, 1.00000000
0.565656565657, 0.060606060606, 0.93438829, 1.00000000, 1.00000000, 1.00000000
0.565656565657, 0.070707070707, 0.92371548, 1.00000000, 1.00000000, 1.00000000
0.565656565657, 0.080808080808, 0.91300961, 1.00000000, 1.00000000, 1.00000000
0.565656565657, 0.090909090909, 0.90241570, 1.00000000, 1.00000000, 1.00000000
0.565656565657, 0.101010101010, 0.89207395, 1.00000000, 1.00000000, 1.00000000
0.565656565657, 0.111111111111, 0.88209592, 1.00000000, 1.00000000, 1.00000000
0.565656565657, 0.121212121212, 0.87256230, 1.00000000, 1.00000000, 1.00000000
0.565656565657, 0.131313131313, 0.86353091, 1.00000000, 1.00000000, 1.00000000
0.565656565657, 0.141414141414, 0.85504588, 1.00000000, 1.00000000, 1.00000000
0.565656565657, 0.151515151515, 0.84714390, 1.00000000, 1.00000000, 1.00000000
0.565656565657, 0.161616161616, 0.83985730, 1.00000000, 1.00000000, 1.00000000
0.565656565657, 0.171717171717, 0.83321534, 1.00000000, 1.00000000, 1.00000000
0.565656565657, 0.181818181818, 0.82724451, 1.00000000, 1.00000000, 1.00000000
0.565656565657, 0.191919191919, 0.82196860, 1.00000000, 1.00000000, 1.00000000
0.565656565657, 0.202020202020, 0.81740862, 1.00000000, 1.00000000, 1.00000000
0.565656565657, 0.212121212121, 0.81358272, 1.00000000, 1.00000000, 1.00000000
0.565656565657, 0.222222222222, 0.81050616, 1.00000000, 1.00000000, 1.00000000
0.565656565657, 0.232323232323, 0.80819123, 1.00000000, 1.00000000, 1.00000000
0.565656565657, 0.242424242424, 0.80664721, 1.00000000, 1.00000000, 1.00000000
0.565656565657, 0.252525252525, 0.80588035, 1.00000000, 1.00000000, 1.00000000
0.565656565657, 0.262626262626, 0.80589379, 1.00000000, 1.00000000, 1.00000000
0.565656565657, 0.272727272727, 0.80668739, 1.00000000, 1.00000000, 1.00000000
0.565656565657, 0.282828282828, 0.80825794, 1.00000000, 1.00000000, 1.00000000
0.565656565657, 0.292929292929, 0.81059918, 1.00000000, 1.00000000, 1.00000000
0.565656565657, 0.303030303030, 0.81370177, 1.00000000, 1.00000000, 1.00000000
0.565656565657, 0.313131313131, 0.81755340, 1.00000000, 1.00000000, 1.00000000
0.565656565657, 0.323232323232, 0.82213877, 1.00000000, 1.00000000, 1.00000000
0.565656565657, 0.333333333333, 0.82743965, 1.00000000, 1.00000000, 1.00000000
0.565656565657, 0.343434343434, 0.83343499, 1.00000000, 1.00000000, 1.00000000
0.565656565657, 0.353535353535, 0.84010092, 1.00000000, 1.00000000, 1.00000000
0.565656565657, 0.363636363636, 0.84741092, 1.00000000, 1.00000000, 1.00000000
0.565656565657, 0.373737373737, 0.85533586, 1.00000000, 1.00000000, 1.00000000
0.565656565657, 0.383838383838, 0.86384413, 1.00000000, 1.00000000, 1.00000000
0.565656565657, 0.393939393939, 0.87290178, 1.00000000, 1.00000000, 1.00000000
0.565656565657, 0.404040404040, 0.88247261, 1.00000000, 1.00000000, 1.00000000
0.565656565657, 0.414141414141, 0.89251834, 1.00000000, 1.00000000, 1.00000000
0.565656565657, 0.424242424242, 0.90299876, 1.00000000, 1.00000000, 1.00000000
0.565656565657, 0.434343434343, 0.91387189, 1.00000000, 1.00000000, 1.00000000
0.565656565657, 0.444444444444, 0.92509411, 1.00000000, 1.00000000, 1.00000000
0.565656565657, 0.454545454545, 0.93662039, 1.00000000, 1.00000000, 1.00000000
0.565656565657, 0.464646464646, 0.94840443, 1.00000000, 1.00000000, 1.00000000
0.565656565657, 0.474747474747, 0.96039884, 1.00000000, 1.00000000, 1.00000000
0.565656565657, 0.484848484848, 0.97255539, 1.00000000, 1.00000000, 1.00000000
0.565656565657, 0.494949494949, 0.98482513, 1.00000000, 1.00000000, 1.00000000
0.565656565657, 0.505050505051, 0.99715863, 1.00000000, 1.00000000, 1.00000000
0.565656565657, 0.515151515152, 1.00950617, 1.00000000, 1.00000000, 1.00000000
0.565656565657, 0.525252525253, 1.02181795, 1.00000000, 1.00000000, 1.00000000
0.565656565657, 0.535353535354, 1.03404430, 1.00000000, 1.00000000, 1.00000000
0.565656565657, 0.545454545455, 1.04613584, 1.00000000, 1.00000000, 1.00000000
0.565656565657, 0.555555555556, 1.05804373, 1.00000000, 1.00000000, 1.00000000
0.565656565657, 0.565656565657, 1.06971987, 1.00000000, 1.00000000, 1.00000000
0.565656565657, 0.575757575758, 1.08111704, 1.00000000, 1.00000000, 1.00000000
0.565656565657, 0.585858585859, 1.09218917, 1.00000000, 1.00000000, 1.00000000
0.565656565657, 0.595959595960, 1.10289146, 1.00000000, 1.00000000, 1.00000000
0.565656565657, 0.606060606061, 1.11318061, 1.00000000, 1.00000000, 1.00000000
0.565656565657, 0.616161616162, 1.12301499, 1.00000000, 1.00000000, 1.00000000
0.565656565657, 0.626262626263, 1.13235477, 1.00000000, 1.00000000, 1.00000000
0.565656565657, 0.636363636364, 1.14116215, 1.00000000, 1.00000000, 1.00000000
0.565656565657, 0.646464646465, 1.14940146, 1.00000000, 1.00000000, 1.00000000
0.565656565657, 0.656565656566, 1.15703934, 1.00000000, 1.00000000, 1.00000000
0.565656565657, 0.666666666667, 1.16404483, 1.00000000, 1.00000000, 1.00000000
0.565656565657, 0.676767676768, 1.17038956, 1.00000000, 1.00000000, 1.00000000
0.565656565657, 0.686868686869, 1.17604783, 1.00000000, 1.00000000, 1.00000000
0.565656565657, 0.696969696970, 1.18099670, 1.00000000, 1.00000000, 1.00000000
0.565656565657, 0.707070707071, 1.18521611, 1.00000000, 1.00000000, 1.00000000
0.565656565657, 0.717171717172, 1.18868896, 1.00000000, 1.00000000, 1.00000000
0.565656565657, 0.727272727273, 1.19140114, 1.00000000, 1.00000000, 1.00000000
0.565656565657, 0.737373737374, 1.19334163, 1.00000000, 1.00000000, 1.00000000
0.565656565657, 0.747474747475, 1.19450254, 1.00000000, 1.00000000, 1.00000000
0.565656565657, 0.757575757576, 1.19487909, 1.00000000, 1.00000000, 1.00000000
0.565656565657, 0.767676767677, 1.19446980, 1.00000000, 1.00000000, 1.00000000
0.565656565657, 0.777777777778, 1.19327640, 1.00000000, 1.00000000, 1.00000000
0.565656565657, 0.787878787879, 1.19130379, 1.00000000, 1.00000000, 1.00000000
0.565656565657, 0.797979797980, 1.18856001, 1.00000000, 1.00000000, 1.00000000
0.565656565657, 0.808080808081, 1.18505621, 1.00000000, 1.00000000, 1.00000000
0.565656565657, 0.818181818182, 1.18080662, 1.00000000, 1.00000000, 1.00000000
0.565656565657, 0.828282828283, 1.17582849, 1.00000000, 1.00000000, 1.00000000
0.565656565657, 0.838383838384, 1.17014201, 1.00000000, 1.00000000, 1.00000000
0.565656565657, 0.848484848485, 1.16377023, 1.00000000, 1.00000000, 1.00000000
0.565656565657, 0.858585858586, 1.15673898, 1.00000000, 1.00000000, 1.00000000
0.565656565657, 0.868686868687, 1.14907677, 1.00000000, 1.00000000, 1.00000000
0.565656565657, 0.878787878788, 1.14081464, 1.00000000, 1.00000000, 1.00000000
0.565656565657, 0.888888888889, 1.13198606, 1.00000000, 1.00000000, 1.00000000
0.565656565657, 0.898989898990, 1.12262679, 1.00000000, 1.00000000, 1.00000000
0.565656565657, 0.909090909091, 1.11277473, 1.00000000, 1.00000000, 1.00000000
0.565656565657, 0.919191919192, 1.10246979, 1.00000000, 1.00000000, 1.00000000
0.565656565657, 0.929292929293, 1.09175378, 1.00000000, 1.00000000, 1.00000000
0.565656565657, 0.939393939394, 1.08067053, 1.00000000, 1.00000000, 1.00000000
0.565656565657, 0.949494949495, 1.06926664, 1.00000000, 1.00000000, 1.00000000
0.565656565657, 0.959595959596, 1.05759377, 1.00000000, 1.00000000, 1.00000000
0.575757575758, -0.000000000000, 0.98583016, 1.00000000, 1.00000000, 1.00000000
0.575757575758, 0.010101010101, 0.97464965, 1.00000000, 1.00000000, 1.00000000
0.575757575758, 0.020202020202, 0.96392098, 1.00000000, 1.00000000, 1.00000000
0.575757575758, 0.030303030303, 0.95354982, 1.00000000, 1.00000000, 1.00000000
0.575757575758, 0.040404040404, 0.94335997, 1.00000000, 1.00000000, 1.00000000
0.575757575758, 0.050505050505, 0.93317286, 1.00000000, 1.00000000, 1.00000000
0.575757575758, 0.060606060606, 0.92288729, 1.00000000, 1.00000000, 1.00000000
0.575757575758, 0.070707070707, 0.91251407, 1.00000000, 1.00000000, 1.00000000
0.575757575758, 0.080808080808, 0.90215524, 1.00000000, 1.00000000, 1.00000000
0.575757575758, 0.090909090909, 0.89195372, 1.00000000, 1.00000000, 1.00000000
0.575757575758, 0.101010101010, 0.88204724, 1.00000000, 1.00000000, 1.00000000
0.575757575758, 0.111111111111, 0.87254504, 1.00000000, 1.00000000, 1.00000000
0.575757575758, 0.121212121212, 0.86352557, 1.00000000, 1.00000000, 1.00000000
0.575757575758, 0.131313131313, 0.85504445, 1.00000000, 1.00000000, 1.00000000
0.575757575758, 0.141414141414, 0.84714356, 1.00000000, 1.00000000, 1.00000000
0.575757575758, 0.151515151515, 0.83985723, 1.00000000, 1.00000000, 1.00000000
0.575757575758, 0.161616161616, 0.83321532, 1.00000000, 1.00000000, 1.00000000
0.575757575758, 0.171717171717, 0.82724451, 1.00000000, 1.00000000, 1.00000000
0.575757575758, 0.181818181818, 0.82196860, 1.00000000, 1.00000000, 1.00000000
0.575757575758, 0.191919191919, 0.81740862, 1.00000000, 1.00000000, 1.00000000
0.575757575758, 0.202020202020, 0.81358272, 1.00000000, 1.00000000, 1.00000000
0.575757575758, 0.212121212121, 0.81050616, 1.00000000, 1.00000000, 1.00000000
0.575757575758, 0.222222222222, 0.80819123, 1.00000000, 1.00000000, 1.00000000
0.575757575758, 0.232323232323, 0.80664721, 1.00000000, 1.00000000, 1.00000000
0.575757575758, 0.242424242424, 0.80588035, 1.00000000, 1.00000000, 1.00000000
0.575757575758, 0.252525252525, 0.80589379, 1.00000000, 1.00000000, 1.00000000
0.575757575758, 0.262626262626, 0.80668739, 1.00000000, 1.00000000, 1.00000000
0.575757575758, 0.272727272727, 0.80825794, 1.00000000, 1.00000000, 1.00000000
0.575757575758, 0.282828282828, 0.81059918, 1.00000000, 1.00000000, 1.00000000
0.575757575758, 0.292929292929, 0.81370177, 1.00000000, 1.00000000, 1.00000000
0.575757575758, 0.303030303030, 0.81755340, 1.00000000, 1.00000000, 1.00000000
0.575757575758, 0.313131313131, 0.82213877, 1.00000000, 1.00000000, 1.00000000
0.575757575758, 0.323232323232, 0.82743965, 1.00000000, 1.00000000, 1.00000000
0.575757575758, 0.333333333333, 0.83343499, 1.00000000, 1.00000000, 1.00000000
0.575757575758, 0.343434343434, 0.84010092, 1.00000000, 1.00000000, 1.00000000
0.575757575758, 0.353535353535, 0.84741092, 1.00000000, 1.00000000, 1.00000000
0.575757575758, 0.363636363636, 0.85533586, 1.00000000, 1.00000000, 1.00000000
0.575757575758, 0.373737373737, 0.86384413, 1.00000000, 1.00000000, 1.00000000
0.575757575758, 0.383838383838, 0.87290178, 1.00000000, 1.00000000, 1.00000000
0.575757575758, 0.393939393939, 0.88247261, 1.00000000, 1.00000000, 1.00000000
0.575757575758, 0.404040404040, 0.89251834, 1.00000000, 1.00000000, 1.00000000
0.575757575758, 0.414141414141, 0.90299876, 1.00000000, 1.00000000, 1.00000000
0.575757575758, 0.424242424242, 0.91387189, 1.00000000, 1.00000000, 1.00000000
0.575757575758, 0.434343434343, 0.92509411, 1.00000000, 1.00000000, 1.00000000
0.575757575758, 0.444444444444, 0.93662039, 1.00000000, 1.00000000, 1.00000000
0.575757575758, 0.454545454545, 0.94840443, 1.00000000, 1.00000000, 1.00000000
0.575757575758, 0.464646464646, 0.96039884, 1.00000000, 1.00000000, 1.00000000
0.575757575758, 0.474747474747, 0.97255539, 1.00000000, 1.00000000, 1.00000000
0.575757575758, 0.484848484848, 0.98482513, 1.00000000, 1.00000000, 1.00000000
0.575757575758, 0.494949494949, 0.99715863, 1.00000000, 1.00000000, 1.00000000
0.575757575758, 0.505050505051, 1.00950617, 1.00000000, 1.00000000, 1.00000000
0.575757575758, 0.515151515152, 1.02181795, 1.00000000, 1.00000000, 1.00000000
0.575757575758, 0.525252525253, 1.03404430, 1.00000000, 1.00000000, 1.00000000
0.575757575758, 0.535353535354, 1.04613584, 1.00000000, 1.00000000, 1.00000000
0.575757575758, 0.545454545455, 1.05804373, 1.00000000, 1.00000000, 1.00000000
0.575757575758, 0.555555555556, 1.06971987, 1.00000000, 1.00000000, 1.00000000
0.575757575758, 0.565656565657, 1.08111704, 1.00000000, 1.00000000, 1.00000000
0.575757575758, 0.575757575758, 1.09218917, 1.00000000, 1.00000000, 1.00000000
0.575757575758, 0.585858585859, 1.10289146, 1.00000000, 1.00000000, 1.00000000
0.575757575758, 0.595959595960, 1.11318061, 1.00000000, 1.00000000, 1.00000000
0.575757575758, 0.606060606061, 1.12301499, 1.00000000, 1.00000000, 1.00000000
0.575757575758, 0.616161616162, 1.13235477, 1.00000000, 1.00000000, 1.00000000
0.575757575758, 0.626262626263, 1.14116215, 1.00000000, 1.00000000, 1.00000000
0.575757575758, 0.636363636364, 1.14940146, 1.00000000, 1.00000000, 1.00000000
0.575757575758, 0.646464646465, 1.15703934, 1.00000000, 1.00000000, 1.00000000
0.575757575758, 0.656565656566, 1.16404483, 1.00000000, 1.00000000, 1.00000000
0.575757575758, 0.666666666667, 1.17038956, 1.00000000, 1.00000000, 1.00000000
0.575757575758, 0.676767676768, 1.17604783, 1.00000000, 1.00000000, 1.00000000
0.575757575758, 0.686868686869, 1.18099670, 1.00000000, 1.00000000, 1.00000000
0.575757575758, 0.696969696970, 1.18521611, 1.00000000, 1.00000000, 1.00000000
0.575757575758, 0.707070707071, 1.18868896, 1.00000000, 1.00000000, 1.00000000
0.575757575758, 0.717171717172, 1.19140114, 1.00000000, 1.00000000, 1.00000000
0.575757575758, 0.727272727273, 1.19334163, 1.00000000, 1.00000000, 1.00000000
0.575757575758, 0.737373737374, 1.19450254, 1.00000000, 1.00000000, 1.00000000
0.575757575758, 0.747474747475, 1.19487909, 1.00000000, 1.00000000, 1.00000000
0.575757575758, 0.757575757576, 1.19446980, 1.00000000, 1.00000000, 1.00000000
0.575757575758, 0.767676767677, 1.19327640, 1.00000000, 1.00000000, 1.00000000
0.575757575758, 0.777777777778, 1.19130379, 1.00000000, 1.00000000, 1.00000000
0.575757575758, 0.787878787879, 1.18856001, 1.00000000, 1.00000000, 1.00000000
0.575757575758, 0.797979797980, 1.18505621, 1.00000000, 1.00000000, 1.00000000
0.575757575758, 0.808080808081, 1.18080662, 1.00000000, 1.00000000, 1.00000000
0.575757575758, 0.818181818182, 1.17582849, 1.00000000, 1.00000000, 1.00000000
0.575757575758, 0.828282828283, 1.17014201, 1.00000000, 1.00000000, 1.00000000
0.575757575758, 0.838383838384, 1.16377023, 1.00000000, 1.00000000, 1.00000000
0.575757575758, 0.848484848485, 1.15673898, 1.00000000, 1.00000000, 1.00000000
0.575757575758, 0.858585858586, 1.14907677, 1.00000000, 1.00000000, 1.00000000
0.575757575758, 0.868686868687, 1.14081464, 1.00000000, 1.00000000, 1.00000000
0.575757575758, 0.878787878788, 1.13198606, 1.00000000, 1.00000000, 1.00000000
0.575757575758, 0.888888888889, 1.12262679, 1.00000000, 1.00000000, 1.00000000
0.575757575758, 0.898989898990, 1.11277472, 1.00000000, 1.00000000, 1.00000000
0.575757575758, 0.909090909091, 1.10246976, 1.00000000, 1.00000000, 1.00000000
0.575757575758, 0.919191919192, 1.09175361, 1.00000000, 1.00000000, 1.00000000
0.575757575758, 0.929292929293, 1.08066975, 1.00000000, 1.00000000, 1.00000000
0.575757575758, 0.939393939394, 1.06926349, 1.00000000, 1.00000000, 1.00000000
0.575757575758, 0.949494949495, 1.05758270, 1.00000000, 1.00000000, 1.00000000
0.575757575758, 0.959595959596, 1.04568013, 1.00000000, 1.00000000, 1.00000000
0.585858585859, -0.000000000000, 0.97353721, 1.00000000, 1.00000000, 1.00000000
0.585858585859, 0.010101010101, 0.96244361, 1.00000000, 1.00000000, 1.00000000
0.585858585859, 0.020202020202, 0.95183755, 1.00000000, 1.00000000, 1.00000000
0.585858585859, 0.030303030303, 0.94162560, 1.00000000, 1.00000000, 1.00000000
0.585858585859, 0.040404040404, 0.93163524, 1.00000000, 1.00000000, 1.00000000
0.585858585859, 0.050505050505, 0.92169244, 1.00000000, 1.00000000, 1.00000000
0.585858585859, 0.060606060606, 0.91169922, 1.00000000, 1.00000000, 1.00000000
0.585858585859, 0.070707070707, 0.90166716, 1.00000000, 1.00000000, 1.00000000
0.585858585859, 0.080808080808, 0.89169685, 1.00000000, 1.00000000, 1.00000000
0.585858585859, 0.090909090909, 0.88192851, 1.00000000, 1.00000000, 1.00000000
0.585858585859, 0.101010101010, 0.87249689, 1.00000000, 1.00000000, 1.00000000
0.585858585859, 0.111111111111, 0.86350847, 1.00000000, 1.00000000, 1.00000000
0.585858585859, 0.121212121212, 0.85503915, 1.00000000, 1.00000000, 1.00000000
0.585858585859, 0.131313131313, 0.84714214, 1.00000000, 1.00000000, 1.00000000
0.585858585859, 0.141414141414, 0.83985690, 1.00000000, 1.00000000, 1.00000000
0.585858585859, 0.151515151515, 0.83321526, 1.00000000, 1.00000000, 1.00000000
0.585858585859, 0.161616161616, 0.82724450, 1.00000000, 1.00000000, 1.00000000
0.585858585859, 0.171717171717, 0.82196860, 1.00000000, 1.00000000, 1.00000000
0.585858585859, 0.181818181818, 0.81740862, 1.00000000, 1.00000000, 1.00000000
0.585858585859, 0.191919191919, 0.81358272, 1.00000000, 1.00000000, 1.00000000
0.585858585859, 0.202020202020, 0.81050616, 1.00000000, 1.00000000, 1.00000000
0.585858585859, 0.212121212121, 0.80819123, 1.00000000, 1.00000000, 1.00000000
0.585858585859, 0.222222222222, 0.80664721, 1.00000000, 1.00000000, 1.00000000
0.585858585859, 0.232323232323, 0.80588035, 1.00000000, 1.00000000, 1.00000000
0.585858585859, 0.242424242424, 0.80589379, 1.00000000, 1.00000000, 1.00000000
0.585858585859, 0.252525252525, 0.80668739, 1.00000000, 1.00000000, 1.00000000
0.585858585859, 0.262626262626, 0.80825794, 1.00000000, 1.00000000, 1.00000000
0.585858585859, 0.272727272727, 0.81059918, 1.00000000, 1.00000000, 1.00000000
0.585858585859, 0.282828282828, 0.81370177, 1.00000000, 1.00000000, 1.00000000
0.585858585859, 0.292929292929, 0.81755340, 1.00000000, 1.00000000, 1.00000000
0.585858585859, 0.303030303030, 0.82213877, 1.00000000, 1.00000000, 1.00000000
0.585858585859, 0.313131313131, 0.82743965, 1.00000000, 1.00000000, 1.00000000
0.585858585859, 0.323232323232, 0.83343499, 1.00000000, 1.00000000, 1.00000000
0.585858585859, 0.333333333333, 0.84010092, 1.00000000, 1.00000000, 1.00000000
0.585858585859, 0.343434343434, 0.84741092, 1.00000000, 1.00000000, 1.00000000
0.585858585859, 0.353535353535, 0.85533586, 1.00000000, 1.00000000, 1.00000000
0.585858585859, 0.363636363636, 0.86384413, 1.00000000, 1.00000000, 1.00000000
0.585858585859, 0.373737373737, 0.87290178, 1.00000000, 1.00000000, 1.00000000
0.585858585859, 0.383838383838, 0.88247261, 1.00000000, 1.00000000, 1.00000000
0.585858585859, 0.393939393939, 0.89251834, 1.00000000, 1.00000000, 1.00000000
0.585858585859, 0.404040404040, 0.90299876, 1.00000000, 1.00000000, 1.00000000
0.585858585859, 0.414141414141, 0.91387189, 1.00000000, 1.00000000, 1.00000000
0.585858585859, 0.424242424242, 0.92509411, 1.00000000, 1.00000000, 1.00000000
0.585858585859, 0.434343434343, 0.93662039, 1.00000000, 1.00000000, 1.00000000
0.585858585859, 0.444444444444, 0.94840443, 1.00000000, 1.00000000, 1.00000000
0.585858585859, 0.454545454545, 0.96039884, 1.00000000, 1.00000000, 1.00000000
0.585858585859, 0.464646464646, 0.97255539, 1.00000000, 1.00000000, 1.00000000
0.585858585859, 0.474747474747, 0.98482513, 1.00000000, 1.00000000, 1.00000000
0.585858585859, 0.484848484848, 0.99715863, 1.00000000, 1.00000000, 1.00000000
0.585858585859, 0.494949494949, 1.00950617, 1.00000000, 1.00000000, 1.00000000
0.585858585859, 0.505050505051, 1.02181795, 1.00000000, 1.00000000, 1.00000000
0.585858585859, 0.515151515152, 1.03404430, 1.00000000, 1.00000000, 1.00000000
0.585858585859, 0.525252525253, 1.04613584, 1.00000000, 1.00000000, 1.00000000
0.585858585859, 0.535353535354, 1.05804373, 1.00000000, 1.00000000, 1.00000000
0.585858585859, 0.545454545455, 1.06971987, 1.00000000, 1.00000000, 1.00000000
0.585858585859, 0.555555555556, 1.08111704, 1.00000000, 1.00000000, 1.00000000
0.585858585859, 0.565656565657, 1.09218917, 1.00000000, 1.00000000, 1.00000000
0.585858585859, 0.575757575758, 1.10289146, 1.00000000, 1.00000000, 1.00000000
0.585858585859, 0.585858585859, 1.11318061, 1.00000000, 1.00000000, 1.00000000
0.585858585859, 0.595959595960, 1.12301499, 1.00000000, 1.00000000, 1.00000000
0.585858585859, 0.606060606061, 1.13235477, 1.00000000, 1.00000000, 1.00000000
0.585858585859, 0.616161616162, 1.14116215, 1.00000000, 1.00000000, 1.00000000
0.585858585859, 0.626262626263, 1.14940146, 1.00000000, 1.00000000, 1.00000000
0.585858585859, 0.636363636364, 1.15703934, 1.00000000, 1.00000000, 1.00000000
0.585858585859, 0.646464646465, 1.16404483, 1.00000000, 1.00000000, 1.00000000
0.585858585859, 0.656565656566, 1.17038956, 1.00000000, 1.00000000, 1.00000000
0.585858585859, 0.666666666667, 1.17604783, 1.00000000, 1.00000000, 1.00000000
0.585858585859, 0.676767676768, 1.18099670, 1.00000000, 1.00000000, 1.00000000
0.585858585859, 0.686868686869, 1.18521611, 1.00000000, 1.00000000, 1.00000000
0.585858585859, 0.696969696970, 1.18868896, 1.00000000, 1.00000000, 1.00000000
0.585858585859, 0.707070707071, 1.19140114, 1.00000000, 1.00000000, 1.00000000
0.585858585859, 0.717171717172, 1.19334163, 1.00000000, 1.00000000, 1.00000000
0.585858585859, 0.727272727273, 1.19450254, 1.00000000, 1.00000000, 1.00000000
0.585858585859, 0.737373737374, 1.19487909, 1.00000000, 1.00000000, 1.00000000
0.585858585859, 0.747474747475, 1.19446980, 1.00000000, 1.00000000, 1.00000000
0.585858585859, 0.757575757576, 1.19327640, 1.00000000, 1.00000000, 1.00000000
0.585858585859, 0.767676767677, 1.19130379, 1.00000000, 1.00000000, 1.00000000
0.585858585859, 0.777777777778, 1.18856001, 1.00000000, 1.00000000, 1.00000000
0.585858585859, 0.787878787879, 1.18505621, 1.00000000, 1.00000000, 1.00000000
0.585858585859, 0.797979797980, 1.18080662, 1.00000000, 1.00000000, 1.00000000
0.585858585859, 0.808080808081, 1.17582849, 1.00000000, 1.00000000, 1.00000000
0.585858585859, 0.818181818182, 1.17014201, 1.00000000, 1.00000000, 1.00000000
0.585858585859, 0.828282828283, 1.16377023, 1.00000000, 1.00000000, 1.00000000
0.585858585859, 0.838383838384, 1.15673898, 1.00000000, 1.00000000, 1.00000000
0.585858585859, 0.848484848485, 1.14907677, 1.00000000, 1.00000000, 1.00000000
0.585858585859, 0.858585858586, 1.14081464, 1.00000000, 1.00000000, 1.00000000
0.585858585859, 0.868686868687, 1.13198606, 1.00000000, 1.00000000, 1.00000000
0.585858585859, 0.878787878788, 1.12262679, 1.00000000, 1.00000000, 1.00000000
0.585858585859, 0.888888888889, 1.11277472, 1.00000000, 1.00000000, 1.00000000
0.585858585859, 0.898989898990, 1.10246975, 1.00000000, 1.00000000, 1.00000000
0.585858585859, 0.909090909091, 1.09175358, 1.00000000, 1.00000000, 1.00000000
0.585858585859, 0.919191919192, 1.08066958, 1.00000000, 1.00000000, 1.00000000
0.585858585859, 0.929292929293, 1.06926270, 1.00000000, 1.00000000, 1.00000000
0.585858585859, 0.939393939394, 1.05757953, 1.00000000, 1.00000000, 1.00000000
0.585858585859, 0.949494949495, 1.04566904, 1.00000000, 1.00000000, 1.00000000
0.585858585859, 0.959595959596, 1.03358486, 1.00000000, 1.00000000, 1.00000000
0.595959595960, -0.000000000000, 0.96135319, 1.00000000, 1.00000000, 1.00000000
0.595959595960, 0.010101010101, 0.95039111, 1.00000000, 1.00000000, 1.00000000
0.595959595960, 0.020202020202, 0.93995035, 1.00000000, 1.00000000, 1.00000000
0.595959595960, 0.030303030303, 0.92993880, 1.00000000, 1.00000000, 1.00000000
0.595959595960, 0.040404040404, 0.92018823, 1.00000000, 1.00000000, 1.00000000
0.595959595960, 0.050505050505, 0.91052975, 1.00000000, 1.00000000, 1.00000000
0.595959595960, 0.060606060606, 0.90086901, 1.00000000, 1.00000000, 1.00000000
0.595959595960, 0.070707070707, 0.89121828, 1.00000000, 1.00000000, 1.00000000
0.595959595960, 0.080808080808, 0.88167634, 1.00000000, 1.00000000, 1.00000000
0.595959595960, 0.090909090909, 0.87238017, 1.00000000, 1.00000000, 1.00000000
0.595959595960, 0.101010101010, 0.86346106, 1.00000000, 1.00000000, 1.00000000
0.595959595960, 0.111111111111, 0.85502229, 1.00000000, 1.00000000, 1.00000000
0.595959595960, 0.121212121212, 0.84713690, 1.00000000, 1.00000000, 1.00000000
0.595959595960, 0.131313131313, 0.83985549, 1.00000000, 1.00000000, 1.00000000
0.595959595960, 0.141414141414, 0.83321493, 1.00000000, 1.00000000, 1.00000000
0.595959595960, 0.151515151515, 0.82724443, 1.00000000, 1.00000000, 1.00000000
0.595959595960, 0.161616161616, 0.82196859, 1.00000000, 1.00000000, 1.00000000
0.595959595960, 0.171717171717, 0.81740861, 1.00000000, 1.00000000, 1.00000000
0.595959595960, 0.181818181818, 0.81358272, 1.00000000, 1.00000000, 1.00000000
0.595959595960, 0.191919191919, 0.81050616, 1.00000000, 1.00000000, 1.00000000
0.595959595960, 0.202020202020, 0.80819123, 1.00000000, 1.00000000, 1.00000000
0.595959595960, 0.212121212121, 0.80664721, 1.00000000, 1.00000000, 1.00000000
0.595959595960, 0.222222222222, 0.80588035, 1.00000000, 1.00000000, 1.00000000
0.595959595960, 0.232323232323, 0.80589379, 1.00000000, 1.00000000, 1.00000000
0.595959595960, 0.242424242424, 0.80668739, 1.00000000, 1.00000000, 1.00000000
0.595959595960, 0.252525252525, 0.80825794, 1.00000000, 1.00000000, 1.00000000
0.595959595960, 0.262626262626, 0.81059918, 1.00000000, 1.00000000, 1.00000000
0.595959595960, 0.272727272727, 0.81370177, 1.00000000, 1.00000000, 1.00000000
0.595959595960, 0.282828282828, 0.81755340, 1.00000000, 1.00000000, 1.00000000
0.595959595960, 0.292929292929, 0.82213877, 1.00000000, 1.00000000, 1.00000000
0.595959595960, 0.303030303030, 0.82743965, 1.00000000, 1.00000000, 1.00000000
0.595959595960, 0.313131313131, 0.83343499, 1.00000000, 1.00000000, 1.00000000
0.595959595960, 0.323232323232, 0.84010092, 1.00000000, 1.00000000, 1.00000000
0.595959595960, 0.333333333333, 0.84741092, 1.00000000, 1.00000000, 1.00000000
0.595959595960, 0.343434343434, 0.85533586, 1.00000000, 1.00000000, 1.00000000
0.595959595960, 0.353535353535, 0.86384413, 1.00000000, 1.00000000, 1.00000000
0.595959595960, 0.363636363636, 0.87290178, 1.00000000, 1.00000000, 1.00000000
0.595959595960, 0.373737373737, 0.88247261, 1.00000000, 1.00000000, 1.00000000
0.595959595960, 0.383838383838, 0.89251834, 1.00000000, 1.00000000, 1.00000000
0.595959595960, 0.393939393939, 0.90299876, 1.00000000, 1.00000000, 1.00000000
0.595959595960, 0.404040404040, 0.91387189, 1.00000000, 1.00000000, 1.00000000
0.595959595960, 0.414141414141, 0.92509411, 1.00000000, 1.00000000, 1.00000000
0.595959595960, 0.424242424242, 0.93662039, 1.00000000, 1.00000000, 1.00000000
0.595959595960, 0.434343434343, 0.94840443, 1.00000000, 1.00000000, 1.00000000
0.595959595960, 0.444444444444, 0.96039884, 1.00000000, 1.00000000, 1.00000000
0.595959595960, 0.454545454545, 0.97255539, 1.00000000, 1.00000000, 1.00000000
0.595959595960, 0.464646464646, 0.98482513, 1.00000000, 1.00000000, 1.00000000
0.595959595960, 0.474747474747, 0.99715863, 1.00000000, 1.00000000, 1.00000000
0.595959595960, 0.484848484848, 1.00950617, 1.00000000, 1.00000000, 1.00000000
0.595959595960, 0.494949494949, 1.02181795, 1.00000000, 1.00000000, 1.00000000
0.595959595960, 0.505050505051, 1.03404430, 1.00000000, 1.00000000, 1.00000000
0.595959595960, 0.515151515152, 1.04613584, 1.00000000, 1.00000000, 1.00000000
0.595959595960, 0.525252525253, 1.05804373, 1.00000000, 1.00000000, 1.00000000
0.595959595960, 0.535353535354, 1.06971987, 1.00000000, 1.00000000, 1.00000000
0.595959595960, 0.545454545455, 1.08111704, 1.00000000, 1.00000000, 1.00000000
0.595959595960, 0.555555555556, 1.09218917, 1.00000000, 1.00000000, 1.00000000
0.595959595960, 0.565656565657, 1.10289146, 1.00000000, 1.00000000, 1.00000000
0.595959595960, 0.575757575758, 1.11318061, 1.00000000, 1.00000000, 1.00000000
0.595959595960, 0.585858585859, 1.12301499, 1.00000000, 1.00000000, 1.00000000
0.595959595960, 0.595959595960, 1.13235477, 1.00000000, 1.00000000, 1.00000000
0.595959595960, 0.606060606061, 1.14116215, 1.00000000, 1.00000000, 1.00000000
0.595959595960, 0.616161616162, 1.14940146, 1.00000000, 1.00000000, 1.00000000
0.595959595960, 0.626262626263, 1.15703934, 1.00000000, 1.00000000, 1.00000000
0.595959595960, 0.636363636364, 1.16404483, 1.00000000, 1.00000000, 1.00000000
0.595959595960, 0.646464646465, 1.17038956, 1.00000000, 1.00000000, 1.00000000
0.595959595960, 0.656565656566, 1.17604783, 1.00000000, 1.00000000, 1.00000000
0.595959595960, 0.666666666667, 1.18099670, 1.00000000, 1.00000000, 1.00000000
0.595959595960, 0.676767676768, 1.18521611, 1.00000000, 1.00000000, 1.00000000
0.595959595960, 0.686868686869, 1.18868896, 1.00000000, 1.00000000, 1.00000000
0.595959595960, 0.696969696970, 1.19140114, 1.00000000, 1.00000000, 1.00000000
0.595959595960, 0.707070707071, 1.19334163, 1.00000000, 1.00000000, 1.00000000
0.595959595960, 0.717171717172, 1.19450254, 1.00000000, 1.00000000, 1.00000000
0.595959595960, 0.727272727273, 1.19487909, 1.00000000, 1.00000000, 1.00000000
0.595959595960, 0.737373737374, 1.19446980, 1.00000000, 1.00000000, 1.00000000
0.595959595960, 0.747474747475, 1.19327640, 1.00000000, 1.00000000, 1.00000000
0.595959595960, 0.757575757576, 1.19130379, 1.00000000, 1.00000000, 1.00000000
0.595959595960, 0.767676767677, 1.18856001, 1.00000000, 1.00000000, 1.00000000
0.595959595960, 0.777777777778, 1.18505621, 1.00000000, 1.00000000, 1.00000000
0.595959595960, 0.787878787879, 1.18080662, 1.00000000, 1.00000000, 1.00000000
0.595959595960, 0.797979797980, 1.17582849, 1.00000000, 1.00000000, 1.00000000
0.595959595960, 0.808080808081, 1.17014201, 1.00000000, 1.00000000, 1.00000000
0.595959595960, 0.818181818182, 1.16377023, 1.00000000, 1.00000000, 1.00000000
0.595959595960, 0.828282828283, 1.15673898, 1.00000000, 1.00000000, 1.00000000
0.595959595960, 0.838383838384, 1.14907677, 1.00000000, 1.00000000, 1.00000000
0.595959595960, 0.848484848485, 1.14081464, 1.00000000, 1.00000000, 1.00000000
0.595959595960, 0.858585858586, 1.13198606, 1.00000000, 1.00000000, 1.00000000
0.595959595960, 0.868686868687, 1.12262679, 1.00000000, 1.00000000, 1.00000000
0.595959595960, 0.878787878788, 1.11277472, 1.00000000, 1.00000000, 1.00000000
0.595959595960, 0.888888888889, 1.10246975, 1.00000000, 1.00000000, 1.00000000
0.595959595960, 0.898989898990, 1.09175357, 1.00000000, 1.00000000, 1.00000000
0.595959595960, 0.909090909091, 1.08066955, 1.00000000, 1.00000000, 1.00000000
0.595959595960, 0.919191919192, 1.06926253, 1.00000000, 1.00000000, 1.00000000
0.595959595960, 0.929292929293, 1.05757874, 1.00000000, 1.00000000, 1.00000000
0.595959595960, 0.939393939394, 1.04566587, 1.00000000, 1.00000000, 1.00000000
0.595959595960, 0.949494949495, 1.03357380, 1.00000000, 1.00000000, 1.00000000
0.595959595960, 0.959595959596, 1.02135677, 1.00000000, 1.00000000, 1.00000000
0.606060606061, -0.000000000000, 0.94932705, 1.00000000, 1.00000000, 1.00000000
0.606060606061, 0.010101010101, 0.93854053, 1.00000000, 1.00000000, 1.00000000
0.606060606061, 0.020202020202, 0.92830711, 1.00000000, 1.00000000, 1.00000000
0.606060606061, 0.030303030303, 0.91853635, 1.00000000, 1.00000000, 1.00000000
0.606060606061, 0.040404040404, 0.90906490, 1.00000000, 1.00000000, 1.00000000
0.606060606061, 0.050505050505, 0.89972962, 1.00000000, 1.00000000, 1.00000000
0.606060606061, 0.060606060606, 0.89044010, 1.00000000, 1.00000000, 1.00000000
0.606060606061, 0.070707070707, 0.88120931, 1.00000000, 1.00000000, 1.00000000
0.606060606061, 0.080808080808, 0.87213381, 1.00000000, 1.00000000, 1.00000000
0.606060606061, 0.090909090909, 0.86334690, 1.00000000, 1.00000000, 1.00000000
0.606060606061, 0.101010101010, 0.85497586, 1.00000000, 1.00000000, 1.00000000
0.606060606061, 0.111111111111, 0.84712037, 1.00000000, 1.00000000, 1.00000000
0.606060606061, 0.121212121212, 0.83985035, 1.00000000, 1.00000000, 1.00000000
0.606060606061, 0.131313131313, 0.83321354, 1.00000000, 1.00000000, 1.00000000
0.606060606061, 0.141414141414, 0.82724411, 1.00000000, 1.00000000, 1.00000000
0.606060606061, 0.151515151515, 0.82196852, 1.00000000, 1.00000000, 1.00000000
0.606060606061, 0.161616161616, 0.81740860, 1.00000000, 1.00000000, 1.00000000
0.606060606061, 0.171717171717, 0.81358272, 1.00000000, 1.00000000, 1.00000000
0.606060606061, 0.181818181818, 0.81050616, 1.00000000, 1.00000000, 1.00000000
0.606060606061, 0.191919191919, 0.80819123, 1.00000000, 1.00000000, 1.00000000
0.606060606061, 0.202020202020, 0.80664721, 1.00000000, 1.00000000, 1.00000000
0.606060606061, 0.212121212121, 0.80588035, 1.00000000, 1.00000000, 1.00000000
0.606060606061, 0.222222222222, 0.80589379, 1.00000000, 1.00000000, 1.00000000
0.606060606061, 0.232323232323, 0.80668739, 1.00000000, 1.00000000, 1.00000000
0.606060606061, 0.242424242424, 0.80825794, 1.00000000, 1.00000000, 1.00000000
0.606060606061, 0.252525252525, 0.81059918, 1.00000000, 1.00000000, 1.00000000
0.606060606061, 0.262626262626, 0.81370177, 1.00000000, 1.00000000, 1.00000000
0.606060606061, 0.272727272727, 0.81755340, 1.00000000, 1.00000000, 1.00000000
0.606060606061, 0.282828282828, 0.82213877, 1.00000000, 1.00000000, 1.00000000
0.606060606061, 0.292929292929, 0.82743965, 1.00000000, 1.00000000, 1.00000000
0.606060606061, 0.303030303030, 0.83343499, 1.00000000, 1.00000000, 1.00000000
0.606060606061, 0.313131313131, 0.84010092, 1.00000000, 1.00000000, 1.00000000
0.606060606061, 0.323232323232, 0.84741092, 1.00000000, 1.00000000, 1.00000000
0.606060606061, 0.333333333333, 0.85533586, 1.00000000, 1.00000000, 1.00000000
0.606060606061, 0.343434343434, 0.86384413, 1.00000000, 1.00000000, 1.00000000
0.606060606061, 0.353535353535, 0.87290178, 1.00000000, 1.00000000, 1.00000000
0.606060606061, 0.363636363636, 0.88247261, 1.00000000, 1.00000000, 1.00000000
0.606060606061, 0.373737373737, 0.89251834, 1.00000000, 1.00000000, 1.00000000
0.606060606061, 0.383838383838, 0.90299876, 1.00000000, 1.00000000, 1.00000000
0.606060606061, 0.393939393939, 0.91387189, 1.00000000, 1.00000000, 1.00000000
0.606060606061, 0.404040404040, 0.92509411, 1.00000000, 1.00000000, 1.00000000
0.606060606061, 0.414141414141, 0.93662039, 1.00000000, 1.00000000, 1.00000000
0.606060606061, 0.424242424242, 0.94840443, 1.00000000, 1.00000000, 1.00000000
0.606060606061, 0.434343434343, 0.96039884, 1.00000000, 1.00000000, 1.00000000
0.606060606061, 0.444444444444, 0.97255539, 1.00000000, 1.00000000, 1.00000000
0.606060606061, 0.454545454545, 0.98482513, 1.00000000, 1.00000000, 1.00000000
0.606060606061, 0.464646464646, 0.99715863, 1.00000000, 1.00000000, 1.00000000
0.606060606061, 0.474747474747, 1.00950617, 1.00000000, 1.00000000, 1.00000000
0.606060606061, 0.484848484848, 1.02181795, 1.00000000, 1.00000000, 1.00000000
0.606060606061, 0.494949494949, 1.03404430, 1.00000000, 1.00000000, 1.00000000
0.606060606061, 0.505050505051, 1.04613584, 1.00000000, 1.00000000, 1.00000000
0.606060606061, 0.515151515152, 1.05804373, 1.00000000, 1.00000000, 1.00000000
0.606060606061, 0.525252525253, 1.06971987, 1.00000000, 1.00000000, 1.00000000
0.606060606061, 0.535353535354, 1.08111704, 1.00000000, 1.00000000, 1.00000000
0.606060606061, 0.545454545455, 1.09218917, 1.00000000, 1.00000000, 1.00000000
0.606060606061, 0.555555555556, 1.10289146, 1.00000000, 1.00000000, 1.00000000
0.606060606061, 0.565656565657, 1.11318061, 1.00000000, 1.00000000, 1.00000000
0.606060606061, 0.575757575758, 1.12301499, 1.00000000, 1.00000000, 1.00000000
0.606060606061, 0.585858585859, 1.13235477, 1.00000000, 1.00000000, 1.00000000
0.606060606061, 0.595959595960, 1.14116215, 1.00000000, 1.00000000, 1.00000000
0.606060606061, 0.606060606061, 1.14940146, 1.00000000, 1.00000000, 1.00000000
0.606060606061, 0.616161616162, 1.15703934, 1.00000000, 1.00000000, 1.00000000
0.606060606061, 0.626262626263, 1.16404483, 1.00000000, 1.00000000, 1.00000000
0.606060606061, 0.636363636364, 1.17038956, 1.00000000, 1.00000000, 1.00000000
0.606060606061, 0.646464646465, 1.17604783, 1.00000000, 1.00000000, 1.00000000
0.606060606061, 0.656565656566, 1.18099670, 1.00000000, 1.00000000, 1.00000000
0.606060606061, 0.666666666667, 1.18521611, 1.00000000, 1.00000000, 1.00000000
0.606060606061, 0.676767676768, 1.18868896, 1.00000000, 1.00000000, 1.00000000
0.606060606061, 0.686868686869, 1.19140114, 1.00000000, 1.00000000, 1.00000000
0.606060606061, 0.696969696970, 1.19334163, 1.00000000, 1.00000000, 1.00000000
0.606060606061, 0.707070707071, 1.19450254, 1.00000000, 1.00000000, 1.00000000
0.606060606061, 0.717171717172, 1.19487909, 1.00000000, 1.00000000, 1.00000000
0.606060606061, 0.727272727273, 1.19446980, 1.00000000, 1.00000000, 1.00000000
0.606060606061, 0.737373737374, 1.19327640, 1.00000000, 1.00000000, 1.00000000
0.606060606061, 0.747474747475, 1.19130379, 1.00000000, 1.00000000, 1.00000000
0.606060606061, 0.757575757576, 1.18856001, 1.00000000, 1.00000000, 1.00000000
0.606060606061, 0.767676767677, 1.18505621, 1.00000000, 1.00000000, 1.00000000
0.606060606061, 0.777777777778, 1.18080662, 1.00000000, 1.00000000, 1.00000000
0.606060606061, 0.787878787879, 1.17582849, 1.00000000, 1.00000000, 1.00000000
0.606060606061, 0.797979797980, 1.17014201, 1.00000000, 1.00000000, 1.00000000
0.606060606061, 0.808080808081, 1.16377023, 1.00000000, 1.00000000, 1.00000000
0.606060606061, 0.818181818182, 1.15673898, 1.00000000, 1.00000000, 1.00000000
0.606060606061, 0.828282828283, 1.14907677, 1.00000000, 1.00000000, 1.00000000
0.606060606061, 0.838383838384, 1.14081464, 1.00000000, 1.00000000, 1.00000000
0.606060606061, 0.848484848485, 1.13198606, 1.00000000, 1.00000000, 1.00000000
0.606060606061, 0.858585858586, 1.12262679, 1.00000000, 1.00000000, 1.00000000
0.606060606061, 0.868686868687, 1.11277472, 1.00000000, 1.00000000, 1.00000000
0.606060606061, 0.878787878788, 1.10246975, 1.00000000, 1.00000000, 1.00000000
0.606060606061, 0.888888888889, 1.09175357, 1.00000000, 1.00000000, 1.00000000
0.606060606061, 0.898989898990, 1.08066954, 1.00000000, 1.00000000, 1.00000000
0.606060606061, 0.909090909091, 1.06926249, 1.00000000, 1.00000000, 1.00000000
0.606060606061, 0.919191919192, 1.05757856, 1.00000000, 1.00000000, 1.00000000
0.606060606061, 0.929292929293, 1.04566508, 1.00000000, 1.00000000, 1.00000000
0.606060606061, 0.939393939394, 1.03357064, 1.00000000, 1.00000000, 1.00000000
0.606060606061, 0.949494949495, 1.02134580, 1.00000000, 1.00000000, 1.00000000
0.606060606061, 0.959595959596, 1.00904522, 1.00000000, 1.00000000, 1.00000000
0.616161616162, -0.000000000000, 0.93750708, 1.00000000, 1.00000000, 1.00000000
0.616161616162, 0.010101010101, 0.92693944, 1.00000000, 1.00000000, 1.00000000
0.616161616162, 0.020202020202, 0.91695457, 1.00000000, 1.00000000, 1.00000000
0.616161616162, 0.030303030303, 0.90746401, 1.00000000, 1.00000000, 1.00000000
0.616161616162, 0.040404040404, 0.89830988, 1.00000000, 1.00000000, 1.00000000
0.616161616162, 0.050505050505, 0.88933538, 1.00000000, 1.00000000, 1.00000000
0.616161616162, 0.060606060606, 0.88045431, 1.00000000, 1.00000000, 1.00000000
0.616161616162, 0.070707070707, 0.87168031, 1.00000000, 1.00000000, 1.00000000
0.616161616162, 0.080808080808, 0.86310745, 1.00000000, 1.00000000, 1.00000000
0.616161616162, 0.090909090909, 0.85486478, 1.00000000, 1.00000000, 1.00000000
0.616161616162, 0.101010101010, 0.84707515, 1.00000000, 1.00000000, 1.00000000
0.616161616162, 0.111111111111, 0.83983423, 1.00000000, 1.00000000, 1.00000000
0.616161616162, 0.121212121212, 0.83320853, 1.00000000, 1.00000000, 1.00000000
0.616161616162, 0.131313131313, 0.82724275, 1.00000000, 1.00000000, 1.00000000
0.616161616162, 0.141414141414, 0.82196821, 1.00000000, 1.00000000, 1.00000000
0.616161616162, 0.151515151515, 0.81740854, 1.00000000, 1.00000000, 1.00000000
0.616161616162, 0.161616161616, 0.81358271, 1.00000000, 1.00000000, 1.00000000
0.616161616162, 0.171717171717, 0.81050616, 1.00000000, 1.00000000, 1.00000000
0.616161616162, 0.181818181818, 0.80819123, 1.00000000, 1.00000000, 1.00000000
0.616161616162, 0.191919191919, 0.80664721, 1.00000000, 1.00000000, 1.00000000
0.616161616162, 0.202020202020, 0.80588035, 1.00000000, 1.00000000, 1.00000000
0.616161616162, 0.212121212121, 0.80589379, 1.00000000, 1.00000000, 1.00000000
0.616161616162, 0.222222222222, 0.80668739, 1.00000000, 1.00000000, 1.00000000
0.616161616162, 0.232323232323, 0.80825794, 1.00000000, 1.00000000, 1.00000000
0.616161616162, 0.242424242424, 0.81059918, 1.00000000, 1.00000000, 1.00000000
0.616161616162, 0.252525252525, 0.81370177, 1.00000000, 1.00000000, 1.00000000
0.616161616162, 0.262626262626, 0.81755340, 1.00000000, 1.00000000, 1.00000000
0.616161616162, 0.272727272727, 0.82213877, 1.00000000, 1.00000000, 1.00000000
0.616161616162, 0.282828282828, 0.82743965, 1.00000000, 1.00000000, 1.00000000
0.616161616162, 0.292929292929, 0.83343499, 1.00000000, 1.00000000, 1.00000000
0.616161616162, 0.303030303030, 0.84010092, 1.00000000, 1.00000000, 1.00000000
0.616161616162, 0.313131313131, 0.84741092, 1.00000000, 1.00000000, 1.00000000
0.616161616162, 0.323232323232, 0.85533586, 1.00000000, 1.00000000, 1.00000000
0.616161616162, 0.333333333333, 0.86384413, 1.00000000, 1.00000000, 1.00000000
0.616161616162, 0.343434343434, 0.87290178, 1.00000000, 1.00000000, 1.00000000
0.616161616162, 0.353535353535, 0.88247261, 1.00000000, 1.00000000, 1.00000000
0.616161616162, 0.363636363636, 0.89251834, 1.00000000, 1.00000000, 1.00000000
0.616161616162, 0.373737373737, 0.90299876, 1.00000000, 1.00000000, 1.00000000
0.616161616162, 0.383838383838, 0.91387189, 1.00000000, 1.00000000, 1.00000000
0.616161616162, 0.393939393939, 0.92509411, 1.00000000, 1.00000000, 1.00000000
0.616161616162, 0.404040404040, 0.93662039, 1.00000000, 1.00000000, 1.00000000
0.616161616162, 0.414141414141, 0.94840443, 1.00000000, 1.00000000, 1.00000000
0.616161616162, 0.424242424242, 0.96039884, 1.00000000, 1.00000000, 1.00000000
0.616161616162, 0.434343434343, 0.97255539, 1.00000000, 1.00000000, 1.00000000
0.616161616162, 0.444444444444, 0.98482513, 1.00000000, 1.00000000, 1.00000000
0.616161616162, 0.454545454545, 0.99715863, 1.00000000, 1.00000000, 1.00000000
0.616161616162, 0.464646464646, 1.00950617, 1.00000000, 1.00000000, 1.00000000
0.616161616162, 0.474747474747, 1.02181795, 1.00000000, 1.00000000, 1.00000000
0.616161616162, 0.484848484848, 1.03404430, 1.00000000, 1.00000000, 1.00000000
0.616161616162, 0.494949494949, 1.04613584, 1.00000000, 1.00000000, 1.00000000
0.616161616162, 0.505050505051, 1.05804373, 1.00000000, 1.00000000, 1.00000000
0.616161616162, 0.515151515152, 1.06971987, 1.00000000, 1.00000000, 1.00000000
0.616161616162, 0.525252525253, 1.08111704, 1.00000000, 1.00000000, 1.00000000
0.616161616162, 0.535353535354, 1.09218917, 1.00000000, 1.00000000, 1.00000000
0.616161616162, 0.545454545455, 1.10289146, 1.00000000, 1.00000000, 1.00000000
0.616161616162, 0.555555555556, 1.11318061, 1.00000000, 1.00000000, 1.00000000
0.616161616162, 0.565656565657, 1.12301499, 1.00000000, 1.00000000, 1.00000000
0.616161616162, 0.575757575758, 1.13235477, 1.00000000, 1.00000000, 1.00000000
0.616161616162, 0.585858585859, 1.14116215, 1.00000000, 1.00000000, 1.00000000
0.616161616162, 0.595959595960, 1.14940146, 1.00000000, 1.00000000, 1.00000000
0.616161616162, 0.606060606061, 1.15703934, 1.00000000, 1.00000000, 1.00000000
0.616161616162, 0.616161616162, 1.16404483, 1.00000000, 1.00000000, 1.00000000
0.616161616162, 0.626262626263, 1.17038956, 1.00000000, 1.00000000, 1.00000000
0.616161616162, 0.636363636364, 1.17604783, 1.00000000, 1.00000000, 1.00000000
0.616161616162, 0.646464646465, 1.18099670, 1.00000000, 1.00000000, 1.00000000
0.616161616162, 0.656565656566, 1.18521611, 1.00000000, 1.00000000, 1.00000000
0.616161616162, 0.666666666667, 1.18868896, 1.00000000, 1.00000000, 1.00000000
0.616161616162, 0.676767676768, 1.19140114, 1.00000000, 1.00000000, 1.00000000
0.616161616162, 0.686868686869, 1.19334163, 1.00000000, 1.00000000, 1.00000000
0.616161616162, 0.696969696970, 1.19450254, 1.00000000, 1.00000000, 1.00000000
0.616161616162, 0.707070707071, 1.19487909, 1.00000000, 1.00000000, 1.00000000
0.616161616162, 0.717171717172, 1.19446980, 1.00000000, 1.00000000, 1.00000000
0.616161616162, 0.727272727273, 1.19327640, 1.00000000, 1.00000000, 1.00000000
0.616161616162, 0.737373737374, 1.19130379, 1.00000000, 1.00000000, 1.00000000
0.616161616162, 0.747474747475, 1.18856001, 1.00000000, 1.00000000, 1.00000000
0.616161616162, 0.757575757576, 1.18505621, 1.00000000, 1.00000000, 1.00000000
0.616161616162, 0.767676767677, 1.18080662, 1.00000000, 1.00000000, 1.00000000
0.616161616162, 0.777777777778, 1.17582849, 1.00000000, 1.00000000, 1.00000000
0.616161616162, 0.787878787879, 1.17014201, 1.00000000, 1.00000000, 1.00000000
0.616161616162, 0.797979797980, 1.16377023, 1.00000000, 1.00000000, 1.00000000
0.616161616162, 0.808080808081, 1.15673898, 1.00000000, 1.00000000, 1.00000000
0.616161616162, 0.818181818182, 1.14907677, 1.00000000, 1.00000000, 1.00000000
0.616161616162, 0.828282828283, 1.14081464, 1.00000000, 1.00000000, 1.00000000
0.616161616162, 0.838383838384, 1.13198606, 1.00000000, 1.00000000, 1.00000000
0.616161616162, 0.848484848485, 1.12262679, 1.00000000, 1.00000000, 1.00000000
0.616161616162, 0.858585858586, 1.11277472, 1.00000000, 1.00000000, 1.00000000
0.616161616162, 0.868686868687, 1.10246975, 1.00000000, 1.00000000, 1.00000000
0.616161616162, 0.878787878788, 1.09175357, 1.00000000, 1.00000000, 1.00000000
0.616161616162, 0.888888888889, 1.08066954, 1.00000000, 1.00000000, 1.00000000
0.616161616162, 0.898989898990, 1.06926249, 1.00000000, 1.00000000, 1.00000000
0.616161616162, 0.909090909091, 1.05757853, 1.00000000, 1.00000000, 1.00000000
0.616161616162, 0.919191919192, 1.04566491, 1.00000000, 1.00000000, 1.00000000
0.616161616162, 0.929292929293, 1.03356985, 1.00000000, 1.00000000, 1.00000000
0.616161616162, 0.939393939394, 1.02134266, 1.00000000, 1.00000000, 1.00000000
0.616161616162, 0.949494949495, 1.00903438, 1.00000000, 1.00000000, 1.00000000
0.616161616162, 0.959595959596, 0.99669985, 1.00000000, 1.00000000, 1.00000000
0.626262626263, -0.000000000000, 0.92594070, 1.00000000, 1.00000000, 1.00000000
0.626262626263, 0.010101010101, 0.91563437, 1.00000000, 1.00000000, 1.00000000
0.626262626263, 0.020202020202, 0.90593823, 1.00000000, 1.00000000, 1.00000000
0.626262626263, 0.030303030303, 0.89676617, 1.00000000, 1.00000000, 1.00000000
0.626262626263, 0.040404040404, 0.88796630, 1.00000000, 1.00000000, 1.00000000
0.626262626263, 0.050505050505, 0.87938867, 1.00000000, 1.00000000, 1.00000000
0.626262626263, 0.060606060606, 0.87095163, 1.00000000, 1.00000000, 1.00000000
0.626262626263, 0.070707070707, 0.86266943, 1.00000000, 1.00000000, 1.00000000
0.626262626263, 0.080808080808, 0.85463331, 1.00000000, 1.00000000, 1.00000000
0.626262626263, 0.090909090909, 0.84696768, 1.00000000, 1.00000000, 1.00000000
0.626262626263, 0.101010101010, 0.83979044, 1.00000000, 1.00000000, 1.00000000
0.626262626263, 0.111111111111, 0.83319290, 1.00000000, 1.00000000, 1.00000000
0.626262626263, 0.121212121212, 0.82723789, 1.00000000, 1.00000000, 1.00000000
0.626262626263, 0.131313131313, 0.82196689, 1.00000000, 1.00000000, 1.00000000
0.626262626263, 0.141414141414, 0.81740823, 1.00000000, 1.00000000, 1.00000000
0.626262626263, 0.151515151515, 0.81358264, 1.00000000, 1.00000000, 1.00000000
0.626262626263, 0.161616161616, 0.81050615, 1.00000000, 1.00000000, 1.00000000
0.626262626263, 0.171717171717, 0.80819122, 1.00000000, 1.00000000, 1.00000000
0.626262626263, 0.181818181818, 0.80664721, 1.00000000, 1.00000000, 1.00000000
0.626262626263, 0.191919191919, 0.80588035, 1.00000000, 1.00000000, 1.00000000
0.626262626263, 0.202020202020, 0.80589379, 1.00000000, 1.00000000, 1.00000000
0.626262626263, 0.212121212121, 0.80668739, 1.00000000, 1.00000000, 1.00000000
0.626262626263, 0.222222222222, 0.80825794, 1.00000000, 1.00000000, 1.00000000
0.626262626263, 0.232323232323, 0.81059918, 1.00000000, 1.00000000, 1.00000000
0.626262626263, 0.242424242424, 0.81370177, 1.00000000, 1.00000000, 1.00000000
0.626262626263, 0.252525252525, 0.81755340, 1.00000000, 1.00000000, 1.00000000
0.626262626263, 0.262626262626, 0.82213877, 1.00000000, 1.00000000, 1.00000000
0.626262626263, 0.272727272727, 0.82743965, 1.00000000, 1.00000000, 1.00000000
0.626262626263, 0.282828282828, 0.83343499, 1.00000000, 1.00000000, 1.00000000
0.626262626263, 0.292929292929, 0.84010092, 1.00000000, 1.00000000, 1.00000000
0.626262626263, 0.303030303030, 0.84741092, 1.00000000, 1.00000000, 1.00000000
0.626262626263, 0.313131313131, 0.85533586, 1.00000000, 1.00000000, 1.00000000
0.626262626263, 0.323232323232, 0.86384413, 1.00000000, 1.00000000, 1.00000000
0.626262626263, 0.333333333333, 0.87290178, 1.00000000, 1.00000000, 1.00000000
0.626262626263, 0.343434343434, 0.88247261, 1.00000000, 1.00000000, 1.00000000
0.626262626263, 0.353535353535, 0.89251834, 1.00000000, 1.00000000, 1.00000000
0.626262626263, 0.363636363636, 0.90299876, 1.00000000, 1.00000000, 1.00000000
0.626262626263, 0.373737373737, 0.91387189, 1.00000000, 1.00000000, 1.00000000
0.626262626263, 0.383838383838, 0.92509411, 1.00000000, 1.00000000, 1.00000000
0.626262626263, 0.393939393939, 0.93662039, 1.00000000, 1.00000000, 1.00000000
0.626262626263, 0.404040404040, 0.94840443, 1.00000000, 1.00000000, 1.00000000
0.626262626263, 0.414141414141, 0.96039884, 1.00000000, 1.00000000, 1.00000000
0.626262626263, 0.424242424242, 0.97255539, 1.00000000, 1.00000000, 1.00000000
0.626262626263, 0.434343434343, 0.98482513, 1.00000000, 1.00000000, 1.00000000
0.626262626263, 0.444444444444, 0.99715863, 1.00000000, 1.00000000, 1.00000000
0.626262626263, 0.454545454545, 1.00950617, 1.00000000, 1.00000000, 1.00000000
0.626262626263, 0.464646464646, 1.02181795, 1.00000000, 1.00000000, 1.00000000
0.626262626263, 0.474747474747, 1.03404430, 1.00000000, 1.00000000, 1.00000000
0.626262626263, 0.484848484848, 1.04613584, 1.00000000, 1.00000000, 1.00000000
0.626262626263, 0.494949494949, 1.05804373, 1.00000000, 1.00000000, 1.00000000
0.626262626263, 0.505050505051, 1.06971987, 1.00000000, 1.00000000, 1.00000000
0.626262626263, 0.515151515152, 1.08111704, 1.00000000, 1.00000000, 1.00000000
0.626262626263, 0.525252525253, 1.09218917, 1.00000000, 1.00000000, 1.00000000
0.626262626263, 0.535353535354, 1.10289146, 1.00000000, 1.00000000, 1.00000000
0.626262626263, 0.545454545455, 1.11318061, 1.00000000, 1.00000000, 1.00000000
0.626262626263, 0.555555555556, 1.12301499, 1.00000000, 1.00000000, 1.00000000
0.626262626263, 0.565656565657, 1.13235477, 1.00000000, 1.00000000, 1.00000000
0.626262626263, 0.575757575758, 1.14116215, 1.00000000, 1.00000000, 1.00000000
0.626262626263, 0.585858585859, 1.14940146, 1.00000000, 1.00000000, 1.00000000
0.626262626263, 0.595959595960, 1.15703934, 1.00000000, 1.00000000, 1.00000000
0.626262626263, 0.606060606061, 1.16404483, 1.00000000, 1.00000000, 1.00000000
0.626262626263, 0.616161616162, 1.17038956, 1.00000000, 1.00000000, 1.00000000
0.626262626263, 0.626262626263, 1.17604783, 1.00000000, 1.00000000, 1.00000000
0.626262626263, 0.636363636364, 1.18099670, 1.00000000, 1.00000000, 1.00000000
0.626262626263, 0.646464646465, 1.18521611, 1.00000000, 1.00000000, 1.00000000
0.626262626263, 0.656565656566, 1.18868896, 1.00000000, 1.00000000, 1.00000000
0.626262626263, 0.666666666667, 1.19140114, 1.00000000, 1.00000000, 1.00000000
0.626262626263, 0.676767676768, 1.19334163, 1.00000000, 1.00000000, 1.00000000
0.626262626263, 0.686868686869, 1.19450254, 1.00000000, 1.00000000, 1.00000000
0.626262626263, 0.696969696970, 1.19487909, 1.00000000, 1.00000000, 1.00000000
0.626262626263, 0.707070707071, 1.19446980, 1.00000000, 1.00000000, 1.00000000
0.626262626263, 0.717171717172, 1.19327640, 1.00000000, 1.00000000, 1.00000000
0.626262626263, 0.727272727273, 1.19130379, 1.00000000, 1.00000000, 1.00000000
0.626262626263, 0.737373737374, 1.18856001, 1.00000000, 1.00000000, 1.00000000
0.626262626263, 0.747474747475, 1.18505621, 1.00000000, 1.00000000, 1.00000000
0.626262626263, 0.757575757576, 1.18080662, 1.00000000, 1.00000000, 1.00000000
0.626262626263, 0.767676767677, 1.17582849, 1.00000000, 1.00000000, 1.00000000
0.626262626263, 0.777777777778, 1.17014201, 1.00000000, 1.00000000, 1.00000000
0.626262626263, 0.787878787879, 1.16377023, 1.00000000, 1.00000000, 1.00000000
0.626262626263, 0.797979797980, 1.15673898, 1.00000000, 1.00000000, 1.00000000
0.626262626263, 0.808080808081, 1.14907677, 1.00000000, 1.00000000, 1.00000000
0.626262626263, 0.818181818182, 1.14081464, 1.00000000, 1.00000000, 1.00000000
0.626262626263, 0.828282828283, 1.13198606, 1.00000000, 1.00000000, 1.00000000
0.626262626263, 0.838383838384, 1.12262679, 1.00000000, 1.00000000, 1.00000000
0.626262626263, 0.848484848485, 1.11277472, 1.00000000, 1.00000000, 1.00000000
0.626262626263, 0.858585858586, 1.10246975, 1.00000000, 1.00000000, 1.00000000
0.626262626263, 0.868686868687, 1.09175357, 1.00000000, 1.00000000, 1.00000000
0.626262626263, 0.878787878788, 1.08066954, 1.00000000, 1.00000000, 1.00000000
0.626262626263, 0.888888888889, 1.06926249, 1.00000000, 1.00000000, 1.00000000
0.626262626263, 0.898989898990, 1.05757852, 1.00000000, 1.00000000, 1.00000000
0.626262626263, 0.909090909091, 1.04566487, 1.00000000, 1.00000000, 1.00000000
0.626262626263, 0.919191919192, 1.03356968, 1.00000000, 1.00000000, 1.00000000
0.626262626263, 0.929292929293, 1.02134188, 1.00000000, 1.00000000, 1.00000000
0.626262626263, 0.939393939394, 1.00903128, 1.00000000, 1.00000000, 1.00000000
0.626262626263, 0.949494949495, 0.99668919, 1.00000000, 1.00000000, 1.00000000
0.626262626263, 0.959595959596, 0.98437042, 1.00000000, 1.00000000, 1.00000000
0.636363636364, -0.000000000000, 0.91467431, 1.00000000, 1.00000000, 1.00000000
0.636363636364, 0.010101010101, 0.90467063, 1.00000000, 1.00000000, 1.00000000
0.636363636364, 0.020202020202, 0.89530224, 1.00000000, 1.00000000, 1.00000000
0.636363636364, 0.030303030303, 0.88648570, 1.00000000, 1.00000000, 1.00000000
0.636363636364, 0.040404040404, 0.87807560, 1.00000000, 1.00000000, 1.00000000
0.636363636364, 0.050505050505, 0.86992933, 1.00000000, 1.00000000, 1.00000000
0.636363636364, 0.060606060606, 0.86197007, 1.00000000, 1.00000000, 1.00000000
0.636363636364, 0.070707070707, 0.85421268, 1.00000000, 1.00000000, 1.00000000
0.636363636364, 0.080808080808, 0.84674525, 1.00000000, 1.00000000, 1.00000000
0.636363636364, 0.090909090909, 0.83968709, 1.00000000, 1.00000000, 1.00000000
0.636363636364, 0.101010101010, 0.83315077, 1.00000000, 1.00000000, 1.00000000
0.636363636364, 0.111111111111, 0.82722285, 1.00000000, 1.00000000, 1.00000000
0.636363636364, 0.121212121212, 0.82196221, 1.00000000, 1.00000000, 1.00000000
0.636363636364, 0.131313131313, 0.81740696, 1.00000000, 1.00000000, 1.00000000
0.636363636364, 0.141414141414, 0.81358235, 1.00000000, 1.00000000, 1.00000000
0.636363636364, 0.151515151515, 0.81050609, 1.00000000, 1.00000000, 1.00000000
0.636363636364, 0.161616161616, 0.80819121, 1.00000000, 1.00000000, 1.00000000
0.636363636364, 0.171717171717, 0.80664721, 1.00000000, 1.00000000, 1.00000000
0.636363636364, 0.181818181818, 0.80588035, 1.00000000, 1.00000000, 1.00000000
0.636363636364, 0.191919191919, 0.80589379, 1.00000000, 1.00000000, 1.00000000
0.636363636364, 0.202020202020, 0.80668739, 1.00000000, 1.00000000, 1.00000000
0.636363636364, 0.212121212121, 0.80825794, 1.00000000, 1.00000000, 1.00000000
0.636363636364, 0.222222222222, 0.81059918, 1.00000000, 1.00000000, 1.00000000
0.636363636364, 0.232323232323, 0.81370177, 1.00000000, 1.00000000, 1.00000000
0.636363636364, 0.242424242424, 0.81755340, 1.00000000, 1.00000000, 1.00000000
0.636363636364, 0.252525252525, 0.82213877, 1.00000000, 1.00000000, 1.00000000
0.636363636364, 0.262626262626, 0.82743965, 1.00000000, 1.00000000, 1.00000000
0.636363636364, 0.272727272727, 0.83343499, 1.00000000, 1.00000000, 1.00000000
0.636363636364, 0.282828282828, 0.84010092, 1.00000000, 1.00000000, 1.00000000
0.636363636364, 0.292929292929, 0.84741092, 1.00000000, 1.00000000, 1.00000000
0.636363636364, 0.303030303030, 0.85533586, 1.00000000, 1.00000000, 1.00000000
0.636363636364, 0.313131313131, 0.86384413, 1.00000000, 1.00000000, 1.00000000
0.636363636364, 0.323232323232, 0.87290178, 1.00000000, 1.00000000, 1.00000000
0.636363636364, 0.333333333333, 0.88247261, 1.00000000, 1.00000000, 1.00000000
0.636363636364, 0.343434343434, 0.89251834, 1.00000000, 1.00000000, 1.00000000
0.636363636364, 0.353535353535, 0.90299876, 1.00000000, 1.00000000, 1.00000000
0.636363636364, 0.363636363636, 0.91387189, 1.00000000, 1.00000000, 1.00000000
0.636363636364, 0.373737373737, 0.92509411, 1.00000000, 1.00000000, 1.00000000
0.636363636364, 0.383838383838, 0.93662039, 1.00000000, 1.00000000, 1.00000000
0.636363636364, 0.393939393939, 0.94840443, 1.00000000, 1.00000000, 1.00000000
0.636363636364, 0.404040404040, 0.96039884, 1.00000000, 1.00000000, 1.00000000
0.636363636364, 0.414141414141, 0.97255539, 1.00000000, 1.00000000, 1.00000000
0.636363636364, 0.424242424242, 0.98482513, 1.00000000, 1.00000000, 1.00000000
0.636363636364, 0.434343434343, 0.99715863, 1.00000000, 1.00000000, 1.00000000
0.636363636364, 0.444444444444, 1.00950617, 1.00000000, 1.00000000, 1.00000000
0.636363636364, 0.454545454545, 1.02181795, 1.00000000, 1.00000000, 1.00000000
0.636363636364, 0.464646464646, 1.03404430, 1.00000000, 1.00000000, 1.00000000
0.636363636364, 0.474747474747, 1.04613584, 1.00000000, 1.00000000, 1.00000000
0.636363636364, 0.484848484848, 1.05804373, 1.00000000, 1.00000000, 1.00000000
0.636363636364, 0.494949494949, 1.06971987, 1.00000000, 1.00000000, 1.00000000
0.636363636364, 0.505050505051, 1.08111704, 1.00000000, 1.00000000, 1.00000000
0.636363636364, 0.515151515152, 1.09218917, 1.00000000, 1.00000000, 1.00000000
0.636363636364, 0.525252525253, 1.10289146, 1.00000000, 1.00000000, 1.00000000
0.636363636364, 0.535353535354, 1.11318061, 1.00000000, 1.00000000, 1.00000000
0.636363636364, 0.545454545455, 1.12301499, 1.00000000, 1.00000000, 1.00000000
0.636363636364, 0.555555555556, 1.13235477, 1.00000000, 1.00000000, 1.00000000
0.636363636364, 0.565656565657, 1.14116215, 1.00000000, 1.00000000, 1.00000000
0.636363636364, 0.575757575758, 1.14940146, 1.00000000, 1.00000000, 1.00000000
0.636363636364, 0.585858585859, 1.15703934, 1.00000000, 1.00000000, 1.00000000
0.636363636364, 0.595959595960, 1.16404483, 1.00000000, 1.00000000, 1.00000000
0.636363636364, 0.606060606061, 1.17038956, 1.00000000, 1.00000000, 1.00000000
0.636363636364, 0.616161616162, 1.17604783, 1.00000000, 1.00000000, 1.00000000
0.636363636364, 0.626262626263, 1.18099670, 1.00000000, 1.00000000, 1.00000000
0.636363636364, 0.636363636364, 1.18521611, 1.00000000, 1.00000000, 1.00000000
0.636363636364, 0.646464646465, 1.18868896, 1.00000000, 1.00000000, 1.00000000
0.636363636364, 0.656565656566, 1.19140114, 1.00000000, 1.00000000, 1.00000000
0.636363636364, 0.666666666667, 1.19334163, 1.00000000, 1.00000000, 1.00000000
0.636363636364, 0.676767676768, 1.19450254, 1.00000000, 1.00000000, 1.00000000
0.636363636364, 0.686868686869, 1.19487909, 1.00000000, 1.00000000, 1.00000000
0.636363636364, 0.696969696970, 1.19446980, 1.00000000, 1.00000000, 1.00000000
0.636363636364, 0.707070707071, 1.19327640, 1.00000000, 1.00000000, 1.00000000
0.636363636364, 0.717171717172, 1.19130379, 1.00000000, 1.00000000, 1.00000000
0.636363636364, 0.727272727273, 1.18856001, 1.00000000, 1.00000000, 1.00000000
0.636363636364, 0.737373737374, 1.18505621, 1.00000000, 1.00000000, 1.00000000
0.636363636364, 0.747474747475, 1.18080662, 1.00000000, 1.00000000, 1.00000000
0.636363636364, 0.757575757576, 1.17582849, 1.00000000, 1.00000000, 1.00000000
0.636363636364, 0.767676767677, 1.17014201, 1.00000000, 1.00000000, 1.00000000
0.636363636364, 0.777777777778, 1.16377023, 1.00000000, 1.00000000, 1.00000000
0.636363636364, 0.787878787879, 1.15673898, 1.00000000, 1.00000000, 1.00000000
0.636363636364, 0.797979797980, 1.14907677, 1.00000000, 1.00000000, 1.00000000
0.636363636364, 0.808080808081, 1.14081464, 1.00000000, 1.00000000, 1.00000000
0.636363636364, 0.818181818182, 1.13198606, 1.00000000, 1.00000000, 1.00000000
0.636363636364, 0.828282828283, 1.12262679, 1.00000000, 1.00000000, 1.00000000
0.636363636364, 0.838383838384, 1.11277472, 1.00000000, 1.00000000, 1.00000000
0.636363636364, 0.848484848485, 1.10246975, 1.00000000, 1.00000000, 1.00000000
0.636363636364, 0.858585858586, 1.09175357, 1.00000000, 1.00000000, 1.00000000
0.636363636364, 0.868686868687, 1.08066954, 1.00000000, 1.00000000, 1.00000000
0.636363636364, 0.878787878788, 1.06926249, 1.00000000, 1.00000000, 1.00000000
0.636363636364, 0.888888888889, 1.05757852, 1.00000000, 1.00000000, 1.00000000
0.636363636364, 0.898989898990, 1.04566487, 1.00000000, 1.00000000, 1.00000000
0.636363636364, 0.909090909091, 1.03356964, 1.00000000, 1.00000000, 1.00000000
0.636363636364, 0.919191919192, 1.02134171, 1.00000000, 1.00000000, 1.00000000
0.636363636364, 0.929292929293, 1.00903051, 1.00000000, 1.00000000, 1.00000000
0.636363636364, 0.939393939394, 0.99668616, 1.00000000, 1.00000000, 1.00000000
0.636363636364, 0.949494949495, 0.98436000, 1.00000000, 1.00000000, 1.00000000
0.636363636364, 0.959595959596, 0.97210658, 1.00000000, 1.00000000, 1.00000000
0.646464646465, -0.000000000000, 0.90375304, 1.00000000, 1.00000000, 1.00000000
0.646464646465, 0.010101010101, 0.89409211, 1.00000000, 1.00000000, 1.00000000
0.646464646465, 0.020202020202, 0.88508918, 1.00000000, 1.00000000, 1.00000000
0.646464646465, 0.030303030303, 0.87666373, 1.00000000, 1.00000000, 1.00000000
0.646464646465, 0.040404040404, 0.86867734, 1.00000000, 1.00000000, 1.00000000
0.646464646465, 0.050505050505, 0.86099520, 1.00000000, 1.00000000, 1.00000000
0.646464646465, 0.060606060606, 0.85354555, 1.00000000, 1.00000000, 1.00000000
0.646464646465, 0.070707070707, 0.84634382, 1.00000000, 1.00000000, 1.00000000
0.646464646465, 0.080808080808, 0.83947472, 1.00000000, 1.00000000, 1.00000000
0.646464646465, 0.090909090909, 0.83305204, 1.00000000, 1.00000000, 1.00000000
0.646464646465, 0.101010101010, 0.82718258, 1.00000000, 1.00000000, 1.00000000
0.646464646465, 0.111111111111, 0.82194783, 1.00000000, 1.00000000, 1.00000000
0.646464646465, 0.121212121212, 0.81740249, 1.00000000, 1.00000000, 1.00000000
0.646464646465, 0.131313131313, 0.81358114, 1.00000000, 1.00000000, 1.00000000
0.646464646465, 0.141414141414, 0.81050580, 1.00000000, 1.00000000, 1.00000000
0.646464646465, 0.151515151515, 0.80819116, 1.00000000, 1.00000000, 1.00000000
0.646464646465, 0.161616161616, 0.80664720, 1.00000000, 1.00000000, 1.00000000
0.646464646465, 0.171717171717, 0.80588035, 1.00000000, 1.00000000, 1.00000000
0.646464646465, 0.181818181818, 0.80589379, 1.00000000, 1.00000000, 1.00000000
0.646464646465, 0.191919191919, 0.80668739, 1.00000000, 1.00000000, 1.00000000
0.646464646465, 0.202020202020, 0.80825794, 1.00000000, 1.00000000, 1.00000000
0.646464646465, 0.212121212121, 0.81059918, 1.00000000, 1.00000000, 1.00000000
0.646464646465, 0.222222222222, 0.81370177, 1.00000000, 1.00000000, 1.00000000
0.646464646465, 0.232323232323, 0.81755340, 1.00000000, 1.00000000, 1.00000000
0.646464646465, 0.242424242424, 0.82213877, 1.00000000, 1.00000000, 1.00000000
0.646464646465, 0.252525252525, 0.82743965, 1.00000000, 1.00000000, 1.00000000
0.646464646465, 0.262626262626, 0.83343499, 1.00000000, 1.00000000, 1.00000000
0.646464646465, 0.272727272727, 0.84010092, 1.00000000, 1.00000000, 1.00000000
0.646464646465, 0.282828282828, 0.84741092, 1.00000000, 1.00000000, 1.00000000
0.646464646465, 0.292929292929, 0.85533586, 1.00000000, 1.00000000, 1.00000000
0.646464646465, 0.303030303030, 0.86384413, 1.00000000, 1.00000000, 1.00000000
0.646464646465, 0.313131313131, 0.87290178, 1.00000000, 1.00000000, 1.00000000
0.646464646465, 0.323232323232, 0.88247261, 1.00000000, 1.00000000, 1.00000000
0.646464646465, 0.333333333333, 0.89251834, 1.00000000, 1.00000000, 1.00000000
0.646464646465, 0.343434343434, 0.90299876, 1.00000000, 1.00000000, 1.00000000
0.646464646465, 0.353535353535, 0.91387189, 1.00000000, 1.00000000, 1.00000000
0.646464646465, 0.363636363636, 0.92509411, 1.00000000, 1.00000000, 1.00000000
0.646464646465, 0.373737373737, 0.93662039, 1.00000000, 1.00000000, 1.00000000
0.646464646465, 0.383838383838, 0.94840443, 1.00000000, 1.00000000, 1.00000000
0.646464646465, 0.393939393939, 0.96039884, 1.00000000, 1.00000000, 1.00000000
0.646464646465, 0.404040404040, 0.97255539, 1.00000000, 1.00000000, 1.00000000
0.646464646465, 0.414141414141, 0.98482513, 1.00000000, 1.00000000, 1.00000000
0.646464646465, 0.424242424242, 0.99715863, 1.00000000, 1.00000000, 1.00000000
0.646464646465, 0.434343434343, 1.00950617, 1.00000000, 1.00000000, 1.00000000
0.646464646465, 0.444444444444, 1.02181795, 1.00000000, 1.00000000, 1.00000000
0.646464646465, 0.454545454545, 1.03404430, 1.00000000, 1.00000000, 1.00000000
0.646464646465, 0.464646464646, 1.04613584, 1.00000000, 1.00000000, 1.00000000
0.646464646465, 0.474747474747, 1.05804373, 1.00000000, 1.00000000, 1.00000000
0.646464646465, 0.484848484848, 1.06971987, 1.00000000, 1.00000000, 1.00000000
0.646464646465, 0.494949494949, 1.08111704, 1.00000000, 1.00000000, 1.00000000
0.646464646465, 0.505050505051, 1.09218917, 1.00000000, 1.00000000, 1.00000000
0.646464646465, 0.515151515152, 1.10289146, 1.00000000, 1.00000000, 1.00000000
0.646464646465, 0.525252525253, 1.11318061, 1.00000000, 1.00000000, 1.00000000
0.646464646465, 0.535353535354, 1.12301499, 1.00000000, 1.00000000, 1.00000000
0.646464646465, 0.545454545455, 1.13235477, 1.00000000, 1.00000000, 1.00000000
0.646464646465, 0.555555555556, 1.14116215, 1.00000000, 1.00000000, 1.00000000
0.646464646465, 0.565656565657, 1.14940146, 1.00000000, 1.00000000, 1.00000000
0.646464646465, 0.575757575758, 1.15703934, 1.00000000, 1.00000000, 1.00000000
0.646464646465, 0.585858585859, 1.16404483, 1.00000000, 1.00000000, 1.00000000
0.646464646465, 0.595959595960, 1.17038956, 1.00000000, 1.00000000, 1.00000000
0.646464646465, 0.606060606061, 1.17604783, 1.00000000, 1.00000000, 1.00000000
0.646464646465, 0.616161616162, 1.18099670, 1.00000000, 1.00000000, 1.00000000
0.646464646465, 0.626262626263, 1.18521611, 1.00000000, 1.00000000, 1.00000000
0.646464646465, 0.636363636364, 1.18868896, 1.00000000, 1.00000000, 1.00000000
0.646464646465, 0.646464646465, 1.19140114, 1.00000000, 1.00000000, 1.00000000
0.646464646465, 0.656565656566, 1.19334163, 1.00000000, 1.00000000, 1.00000000
0.646464646465, 0.666666666667, 1.19450254, 1.00000000, 1.00000000, 1.00000000
0.646464646465, 0.676767676768, 1.19487909, 1.00000000, 1.00000000, 1.00000000
0.646464646465, 0.686868686869, 1.19446980, 1.00000000, 1.00000000, 1.00000000
0.646464646465, 0.696969696970, 1.19327640, 1.00000000, 1.00000000, 1.00000000
0.646464646465, 0.707070707071, 1.19130379, 1.00000000, 1.00000000, 1.00000000
0.646464646465, 0.717171717172, 1.18856001, 1.00000000, 1.00000000, 1.00000000
0.646464646465, 0.727272727273, 1.18505621, 1.00000000, 1.00000000, 1.00000000
0.646464646465, 0.737373737374, 1.18080662, 1.00000000, 1.00000000, 1.00000000
0.646464646465, 0.747474747475, 1.17582849, 1.00000000, 1.00000000, 1.00000000
0.646464646465, 0.757575757576, 1.17014201, 1.00000000, 1.00000000, 1.00000000
0.646464646465, 0.767676767677, 1.16377023, 1.00000000, 1.00000000, 1.00000000
0.646464646465, 0.777777777778, 1.15673898, 1.00000000, 1.00000000, 1.00000000
0.646464646465, 0.787878787879, 1.14907677, 1.00000000, 1.00000000, 1.00000000
0.646464646465, 0.797979797980, 1.14081464, 1.00000000, 1.00000000, 1.00000000
0.646464646465, 0.808080808081, 1.13198606, 1.00000000, 1.00000000, 1.00000000
0.646464646465, 0.818181818182, 1.12262679, 1.00000000, 1.00000000, 1.00000000
0.646464646465, 0.828282828283, 1.11277472, 1.00000000, 1.00000000, 1.00000000
0.646464646465, 0.838383838384, 1.10246975, 1.00000000, 1.00000000, 1.00000000
0.646464646465, 0.848484848485, 1.09175357, 1.00000000, 1.00000000, 1.00000000
0.646464646465, 0.858585858586, 1.08066954, 1.00000000, 1.00000000, 1.00000000
0.646464646465, 0.868686868687, 1.06926249, 1.00000000, 1.00000000, 1.00000000
0.646464646465, 0.878787878788, 1.05757852, 1.00000000, 1.00000000, 1.00000000
0.646464646465, 0.888888888889, 1.04566487, 1.00000000, 1.00000000, 1.00000000
0.646464646465, 0.898989898990, 1.03356964, 1.00000000, 1.00000000, 1.00000000
0.646464646465, 0.909090909091, 1.02134167, 1.00000000, 1.00000000, 1.00000000
0.646464646465, 0.919191919192, 1.00903034, 1.00000000, 1.00000000, 1.00000000
0.646464646465, 0.929292929293, 0.99668540, 1.00000000, 1.00000000, 1.00000000
0.646464646465, 0.939393939394, 0.98435704, 1.00000000, 1.00000000, 1.00000000
0.646464646465, 0.949494949495, 0.97209647, 1.00000000, 1.00000000, 1.00000000
0.646464646465, 0.959595959596, 0.95995771, 1.00000000, 1.00000000, 1.00000000
0.656565656566, -0.000000000000, 0.89322064, 1.00000000, 1.00000000, 1.00000000
0.656565656566, 0.010101010101, 0.88394117, 1.00000000, 1.00000000, 1.00000000
0.656565656566, 0.020202020202, 0.87533992, 1.00000000, 1.00000000, 1.00000000
0.656565656566, 0.030303030303, 0.86733957, 1.00000000, 1.00000000, 1.00000000
0.656565656566, 0.040404040404, 0.85980912, 1.00000000, 1.00000000, 1.00000000
0.656565656566, 0.050505050505, 0.85262197, 1.00000000, 1.00000000, 1.00000000
0.656565656566, 0.060606060606, 0.84571169, 1.00000000, 1.00000000, 1.00000000
0.656565656566, 0.070707070707, 0.83909426, 1.00000000, 1.00000000, 1.00000000
0.656565656566, 0.080808080808, 0.83285071, 1.00000000, 1.00000000, 1.00000000
0.656565656566, 0.090909090909, 0.82708897, 1.00000000, 1.00000000, 1.00000000
0.656565656566, 0.101010101010, 0.82190964, 1.00000000, 1.00000000, 1.00000000
0.656565656566, 0.111111111111, 0.81738885, 1.00000000, 1.00000000, 1.00000000
0.656565656566, 0.121212121212, 0.81357689, 1.00000000, 1.00000000, 1.00000000
0.656565656566, 0.131313131313, 0.81050466, 1.00000000, 1.00000000, 1.00000000
0.656565656566, 0.141414141414, 0.80819089, 1.00000000, 1.00000000, 1.00000000
0.656565656566, 0.151515151515, 0.80664714, 1.00000000, 1.00000000, 1.00000000
0.656565656566, 0.161616161616, 0.80588034, 1.00000000, 1.00000000, 1.00000000
0.656565656566, 0.171717171717, 0.80589379, 1.00000000, 1.00000000, 1.00000000
0.656565656566, 0.181818181818, 0.80668739, 1.00000000, 1.00000000, 1.00000000
0.656565656566, 0.191919191919, 0.80825794, 1.00000000, 1.00000000, 1.00000000
0.656565656566, 0.202020202020, 0.81059918, 1.00000000, 1.00000000, 1.00000000
0.656565656566, 0.212121212121, 0.81370177, 1.00000000, 1.00000000, 1.00000000
0.656565656566, 0.222222222222, 0.81755340, 1.00000000, 1.00000000, 1.00000000
0.656565656566, 0.232323232323, 0.82213877, 1.00000000, 1.00000000, 1.00000000
0.656565656566, 0.242424242424, 0.82743965, 1.00000000, 1.00000000, 1.00000000
0.656565656566, 0.252525252525, 0.83343499, 1.00000000, 1.00000000, 1.00000000
0.656565656566, 0.262626262626, 0.84010092, 1.00000000, 1.00000000, 1.00000000
0.656565656566, 0.272727272727, 0.84741092, 1.00000000, 1.00000000, 1.00000000
0.656565656566, 0.282828282828, 0.85533586, 1.00000000, 1.00000000, 1.00000000
0.656565656566, 0.292929292929, 0.86384413, 1.00000000, 1.00000000, 1.00000000
0.656565656566, 0.303030303030, 0.87290178, 1.00000000, 1.00000000, 1.00000000
0.656565656566, 0.313131313131, 0.88247261, 1.00000000, 1.00000000, 1.00000000
0.656565656566, 0.323232323232, 0.89251834, 1.00000000, 1.00000000, 1.00000000
0.656565656566, 0.333333333333, 0.90299876, 1.00000000, 1.00000000, 1.00000000
0.656565656566, 0.343434343434, 0.91387189, 1.00000000, 1.00000000, 1.00000000
0.656565656566, 0.353535353535, 0.92509411, 1.00000000, 1.00000000, 1.00000000
0.656565656566, 0.363636363636, 0.93662039, 1.00000000, 1.00000000, 1.00000000
0.656565656566, 0.373737373737, 0.94840443, 1.00000000, 1.00000000, 1.00000000
0.656565656566, 0.383838383838, 0.96039884, 1.00000000, 1.00000000, 1.00000000
0.656565656566, 0.393939393939, 0.97255539, 1.00000000, 1.00000000, 1.00000000
0.656565656566, 0.404040404040, 0.98482513, 1.00000000, 1.00000000, 1.00000000
0.656565656566, 0.414141414141, 0.99715863, 1.00000000, 1.00000000, 1.00000000
0.656565656566, 0.424242424242, 1.00950617, 1.00000000, 1.00000000, 1.00000000
0.656565656566, 0.434343434343, 1.02181795, 1.00000000, 1.00000000, 1.00000000
0.656565656566, 0.444444444444, 1.03404430, 1.00000000, 1.00000000, 1.00000000
0.656565656566, 0.454545454545, 1.04613584, 1.00000000, 1.00000000, 1.00000000
0.656565656566, 0.464646464646, 1.05804373, 1.00000000, 1.00000000, 1.00000000
0.656565656566, 0.474747474747, 1.06971987, 1.00000000, 1.00000000, 1.00000000
0.656565656566, 0.484848484848, 1.08111704, 1.00000000, 1.00000000, 1.00000000
0.656565656566, 0.494949494949, 1.09218917, 1.00000000, 1.00000000, 1.00000000
0.656565656566, 0.505050505051, 1.10289146, 1.00000000, 1.00000000, 1.00000000
0.656565656566, 0.515151515152, 1.11318061, 1.00000000, 1.00000000, 1.00000000
0.656565656566, 0.525252525253, 1.12301499, 1.00000000, 1.00000000, 1.00000000
0.656565656566, 0.535353535354, 1.13235477, 1.00000000, 1.00000000, 1.00000000
0.656565656566, 0.545454545455, 1.14116215, 1.00000000, 1.00000000, 1.00000000
0.656565656566, 0.555555555556, 1.14940146, 1.00000000, 1.00000000, 1.00000000
0.656565656566, 0.565656565657, 1.15703934, 1.00000000, 1.00000000, 1.00000000
0.656565656566, 0.575757575758, 1.16404483, 1.00000000, 1.00000000, 1.00000000
0.656565656566, 0.585858585859, 1.17038956, 1.00000000, 1.00000000, 1.00000000
0.656565656566, 0.595959595960, 1.17604783, 1.00000000, 1.00000000, 1.00000000
0.656565656566, 0.606060606061, 1.18099670, 1.00000000, 1.00000000, 1.00000000
0.656565656566, 0.616161616162, 1.18521611, 1.00000000, 1.00000000, 1.00000000
0.656565656566, 0.626262626263, 1.18868896, 1.00000000, 1.00000000, 1.00000000
0.656565656566, 0.636363636364, 1.19140114, 1.00000000, 1.00000000, 1.00000000
0.656565656566, 0.646464646465, 1.19334163, 1.00000000, 1.00000000, 1.00000000
0.656565656566, 0.656565656566, 1.19450254, 1.00000000, 1.00000000, 1.00000000
0.656565656566, 0.666666666667, 1.19487909, 1.00000000, 1.00000000, 1.00000000
0.656565656566, 0.676767676768, 1.19446980, 1.00000000, 1.00000000, 1.00000000
0.656565656566, 0.686868686869, 1.19327640, 1.00000000, 1.00000000, 1.00000000
0.656565656566, 0.696969696970, 1.19130379, 1.00000000, 1.00000000, 1.00000000
0.656565656566, 0.707070707071, 1.18856001, 1.00000000, 1.00000000, 1.00000000
0.656565656566, 0.717171717172, 1.18505621, 1.00000000, 1.00000000, 1.00000000
0.656565656566, 0.727272727273, 1.18080662, 1.00000000, 1.00000000, 1.00000000
0.656565656566, 0.737373737374, 1.17582849, 1.00000000, 1.00000000, 1.00000000
0.656565656566, 0.747474747475, 1.17014201, 1.00000000, 1.00000000, 1.00000000
0.656565656566, 0.757575757576, 1.16377023, 1.00000000, 1.00000000, 1.00000000
0.656565656566, 0.767676767677, 1.15673898, 1.00000000, 1.00000000, 1.00000000
0.656565656566, 0.777777777778, 1.14907677, 1.00000000, 1.00000000, 1.00000000
0.656565656566, 0.787878787879, 1.14081464, 1.00000000, 1.00000000, 1.00000000
0.656565656566, 0.797979797980, 1.13198606, 1.00000000, 1.00000000, 1.00000000
0.656565656566, 0.808080808081, 1.12262679, 1.00000000, 1.00000000, 1.00000000
0.656565656566, 0.818181818182, 1.11277472, 1.00000000, 1.00000000, 1.00000000
0.656565656566, 0.828282828283, 1.10246975, 1.00000000, 1.00000000, 1.00000000
0.656565656566, 0.838383838384, 1.09175357, 1.00000000, 1.00000000, 1.00000000
0.656565656566, 0.848484848485, 1.08066954, 1.00000000, 1.00000000, 1.00000000
0.656565656566, 0.858585858586, 1.06926249, 1.00000000, 1.00000000, 1.00000000
0.656565656566, 0.868686868687, 1.05757852, 1.00000000, 1.00000000, 1.00000000
0.656565656566, 0.878787878788, 1.04566487, 1.00000000, 1.00000000, 1.00000000
0.656565656566, 0.888888888889, 1.03356964, 1.00000000, 1.00000000, 1.00000000
0.656565656566, 0.898989898990, 1.02134167, 1.00000000, 1.00000000, 1.00000000
0.656565656566, 0.909090909091, 1.00903031, 1.00000000, 1.00000000, 1.00000000
0.656565656566, 0.919191919192, 0.99668524, 1.00000000, 1.00000000, 1.00000000
0.656565656566, 0.929292929293, 0.98435631, 1.00000000, 1.00000000, 1.00000000
0.656565656566, 0.939393939394, 0.97209360, 1.00000000, 1.00000000, 1.00000000
0.656565656566, 0.949494949495, 0.95994795, 1.00000000, 1.00000000, 1.00000000
0.656565656566, 0.959595959596, 0.94797266, 1.00000000, 1.00000000, 1.00000000
0.666666666667, -0.000000000000, 0.88311926, 1.00000000, 1.00000000, 1.00000000
0.666666666667, 0.010101010101, 0.87425840, 1.00000000, 1.00000000, 1.00000000
0.666666666667, 0.020202020202, 0.86609342, 1.00000000, 1.00000000, 1.00000000
0.666666666667, 0.030303030303, 0.85855046, 1.00000000, 1.00000000, 1.00000000
0.666666666667, 0.040404040404, 0.85150635, 1.00000000, 1.00000000, 1.00000000
0.666666666667, 0.050505050505, 0.84484307, 1.00000000, 1.00000000, 1.00000000
0.666666666667, 0.060606060606, 0.83849975, 1.00000000, 1.00000000, 1.00000000
0.666666666667, 0.070707070707, 0.83249289, 1.00000000, 1.00000000, 1.00000000
0.666666666667, 0.080808080808, 0.82689961, 1.00000000, 1.00000000, 1.00000000
0.666666666667, 0.090909090909, 0.82182161, 1.00000000, 1.00000000, 1.00000000
0.666666666667, 0.101010101010, 0.81735295, 1.00000000, 1.00000000, 1.00000000
0.666666666667, 0.111111111111, 0.81356408, 1.00000000, 1.00000000, 1.00000000
0.666666666667, 0.121212121212, 0.81050067, 1.00000000, 1.00000000, 1.00000000
0.666666666667, 0.131313131313, 0.80818981, 1.00000000, 1.00000000, 1.00000000
0.666666666667, 0.141414141414, 0.80664689, 1.00000000, 1.00000000, 1.00000000
0.666666666667, 0.151515151515, 0.80588029, 1.00000000, 1.00000000, 1.00000000
0.666666666667, 0.161616161616, 0.80589378, 1.00000000, 1.00000000, 1.00000000
0.666666666667, 0.171717171717, 0.80668739, 1.00000000, 1.00000000, 1.00000000
0.666666666667, 0.181818181818, 0.80825794, 1.00000000, 1.00000000, 1.00000000
0.666666666667, 0.191919191919, 0.81059918, 1.00000000, 1.00000000, 1.00000000
0.666666666667, 0.202020202020, 0.81370177, 1.00000000, 1.00000000, 1.00000000
0.666666666667, 0.212121212121, 0.81755340, 1.00000000, 1.00000000, 1.00000000
0.666666666667, 0.222222222222, 0.82213877, 1.00000000, 1.00000000, 1.00000000
0.666666666667, 0.232323232323, 0.82743965, 1.00000000, 1.00000000, 1.00000000
0.666666666667, 0.242424242424, 0.83343499, 1.00000000, 1.00000000, 1.00000000
0.666666666667, 0.252525252525, 0.84010092, 1.00000000, 1.00000000, 1.00000000
0.666666666667, 0.262626262626, 0.84741092, 1.00000000, 1.00000000, 1.00000000
0.666666666667, 0.272727272727, 0.85533586, 1.00000000, 1.00000000, 1.00000000
0.666666666667, 0.282828282828, 0.86384413, 1.00000000, 1.00000000, 1.00000000
0.666666666667, 0.292929292929, 0.87290178, 1.00000000, 1.00000000, 1.00000000
0.666666666667, 0.303030303030, 0.88247261, 1.00000000, 1.00000000, 1.00000000
0.666666666667, 0.313131313131, 0.89251834, 1.00000000, 1.00000000, 1.00000000
0.666666666667, 0.323232323232, 0.90299876, 1.00000000, 1.00000000, 1.00000000
0.666666666667, 0.333333333333, 0.91387189, 1.00000000, 1.00000000, 1.00000000
0.666666666667, 0.343434343434, 0.92509411, 1.00000000, 1.00000000, 1.00000000
0.666666666667, 0.353535353535, 0.93662039, 1.00000000, 1.00000000, 1.00000000
0.666666666667, 0.363636363636, 0.94840443, 1.00000000, 1.00000000, 1.00000000
0.666666666667, 0.373737373737, 0.96039884, 1.00000000, 1.00000000, 1.00000000
0.666666666667, 0.383838383838, 0.97255539, 1.00000000, 1.00000000, 1.00000000
0.666666666667, 0.393939393939, 0.98482513, 1.00000000, 1.00000000, 1.00000000
0.666666666667, 0.404040404040, 0.99715863, 1.00000000, 1.00000000, 1.00000000
0.666666666667, 0.414141414141, 1.00950617, 1.00000000, 1.00000000, 1.00000000
0.666666666667, 0.424242424242, 1.02181795, 1.00000000, 1.00000000, 1.00000000
0.666666666667, 0.434343434343, 1.03404430, 1.00000000, 1.00000000, 1.00000000
0.666666666667, 0.444444444444, 1.04613584, 1.00000000, 1.00000000, 1.00000000
0.666666666667, 0.454545454545, 1.05804373, 1.00000000, 1.00000000, 1.00000000
0.666666666667, 0.464646464646, 1.06971987, 1.00000000, 1.00000000, 1.00000000
0.666666666667, 0.474747474747, 1.08111704, 1.00000000, 1.00000000, 1.00000000
0.666666666667, 0.484848484848, 1.09218917, 1.00000000, 1.00000000, 1.00000000
0.666666666667, 0.494949494949, 1.10289146, 1.00000000, 1.00000000, 1.00000000
0.666666666667, 0.505050505051, 1.11318061, 1.00000000, 1.00000000, 1.00000000
0.666666666667, 0.515151515152, 1.12301499, 1.00000000, 1.00000000, 1.00000000
0.666666666667, 0.525252525253, 1.13235477, 1.00000000, 1.00000000, 1.00000000
0.666666666667, 0.535353535354, 1.14116215, 1.00000000, 1.00000000, 1.00000000
0.666666666667, 0.545454545455, 1.14940146, 1.00000000, 1.00000000, 1.00000000
0.666666666667, 0.555555555556, 1.15703934, 1.00000000, 1.00000000, 1.00000000
0.666666666667, 0.565656565657, 1.16404483, 1.00000000, 1.00000000, 1.00000000
0.666666666667, 0.575757575758, 1.17038956, 1.00000000, 1.00000000, 1.00000000
0.666666666667, 0.585858585859, 1.17604783, 1.00000000, 1.00000000, 1.00000000
0.666666666667, 0.595959595960, 1.18099670, 1.00000000, 1.00000000, 1.00000000
0.666666666667, 0.606060606061, 1.18521611, 1.00000000, 1.00000000, 1.00000000
0.666666666667, 0.616161616162, 1.18868896, 1.00000000, 1.00000000, 1.00000000
0.666666666667, 0.626262626263, 1.19140114, 1.00000000, 1.00000000, 1.00000000
0.666666666667, 0.636363636364, 1.19334163, 1.00000000, 1.00000000, 1.00000000
0.666666666667, 0.646464646465, 1.19450254, 1.00000000, 1.00000000, 1.00000000
0.666666666667, 0.656565656566, 1.19487909, 1.00000000, 1.00000000, 1.00000000
0.666666666667, 0.666666666667, 1.19446980, 1.00000000, 1.00000000, 1.00000000
0.666666666667, 0.676767676768, 1.19327640, 1.00000000, 1.00000000, 1.00000000
0.666666666667, 0.686868686869, 1.19130379, 1.00000000, 1.00000000, 1.00000000
0.666666666667, 0.696969696970, 1.18856001, 1.00000000, 1.00000000, 1.00000000
0.666666666667, 0.707070707071, 1.18505621, 1.00000000, 1.00000000, 1.00000000
0.666666666667, 0.717171717172, 1.18080662, 1.00000000, 1.00000000, 1.00000000
0.666666666667, 0.727272727273, 1.17582849, 1.00000000, 1.00000000, 1.00000000
0.666666666667, 0.737373737374, 1.17014201, 1.00000000, 1.00000000, 1.00000000
0.666666666667, 0.747474747475, 1.16377023, 1.00000000, 1.00000000, 1.00000000
0.666666666667, 0.757575757576, 1.15673898, 1.00000000, 1.00000000, 1.00000000
0.666666666667, 0.767676767677, 1.14907677, 1.00000000, 1.00000000, 1.00000000
0.666666666667, 0.777777777778, 1.14081464, 1.00000000, 1.00000000, 1.00000000
0.666666666667, 0.787878787879, 1.13198606, 1.00000000, 1.00000000, 1.00000000
0.666666666667, 0.797979797980, 1.12262679, 1.00000000, 1.00000000, 1.00000000
0.666666666667, 0.808080808081, 1.11277472, 1.00000000, 1.00000000, 1.00000000
0.666666666667, 0.818181818182, 1.10246975, 1.00000000, 1.00000000, 1.00000000
0.666666666667, 0.828282828283, 1.09175357, 1.00000000, 1.00000000, 1.00000000
0.666666666667, 0.838383838384, 1.08066954, 1.00000000, 1.00000000, 1.00000000
0.666666666667, 0.848484848485, 1.06926249, 1.00000000, 1.00000000, 1.00000000
0.666666666667, 0.858585858586, 1.05757852, 1.00000000, 1.00000000, 1.00000000
0.666666666667, 0.868686868687, 1.04566487, 1.00000000, 1.00000000, 1.00000000
0.666666666667, 0.878787878788, 1.03356964, 1.00000000, 1.00000000, 1.00000000
0.666666666667, 0.888888888889, 1.02134167, 1.00000000, 1.00000000, 1.00000000
0.666666666667, 0.898989898990, 1.00903031, 1.00000000, 1.00000000, 1.00000000
0.666666666667, 0.909090909091, 0.99668521, 1.00000000, 1.00000000, 1.00000000
0.666666666667, 0.919191919192, 0.98435615, 1.00000000, 1.00000000, 1.00000000
0.666666666667, 0.929292929293, 0.97209289, 1.00000000, 1.00000000, 1.00000000
0.666666666667, 0.939393939394, 0.95994519, 1.00000000, 1.00000000, 1.00000000
0.666666666667, 0.949494949495, 0.94796332, 1.00000000, 1.00000000, 1.00000000
0.666666666667, 0.959595959596, 0.93619962, 1.00000000, 1.00000000, 1.00000000
0.676767676768, -0.000000000000, 0.87348929, 1.00000000, 1.00000000, 1.00000000
0.676767676768, 0.010101010101, 0.86508250, 1.00000000, 1.00000000, 1.00000000
0.676767676768, 0.020202020202, 0.85738662, 1.00000000, 1.00000000, 1.00000000
0.676767676768, 0.030303030303, 0.85033152, 1.00000000, 1.00000000, 1.00000000
0.676767676768, 0.040404040404, 0.84380217, 1.00000000, 1.00000000, 1.00000000
0.676767676768, 0.050505050505, 0.83768953, 1.00000000, 1.00000000, 1.00000000
0.676767676768, 0.060606060606, 0.83193847, 1.00000000, 1.00000000, 1.00000000
0.676767676768, 0.070707070707, 0.82656599, 1.00000000, 1.00000000, 1.00000000
0.676767676768, 0.080808080808, 0.82164511, 1.00000000, 1.00000000, 1.00000000
0.676767676768, 0.090909090909, 0.81727093, 1.00000000, 1.00000000, 1.00000000
0.676767676768, 0.101010101010, 0.81353065, 1.00000000, 1.00000000, 1.00000000
0.676767676768, 0.111111111111, 0.81048875, 1.00000000, 1.00000000, 1.00000000
0.676767676768, 0.121212121212, 0.80818611, 1.00000000, 1.00000000, 1.00000000
0.676767676768, 0.131313131313, 0.80664589, 1.00000000, 1.00000000, 1.00000000
0.676767676768, 0.141414141414, 0.80588006, 1.00000000, 1.00000000, 1.00000000
0.676767676768, 0.151515151515, 0.80589373, 1.00000000, 1.00000000, 1.00000000
0.676767676768, 0.161616161616, 0.80668738, 1.00000000, 1.00000000, 1.00000000
0.676767676768, 0.171717171717, 0.80825794, 1.00000000, 1.00000000, 1.00000000
0.676767676768, 0.181818181818, 0.81059918, 1.00000000, 1.00000000, 1.00000000
0.676767676768, 0.191919191919, 0.81370177, 1.00000000, 1.00000000, 1.00000000
0.676767676768, 0.202020202020, 0.81755340, 1.00000000, 1.00000000, 1.00000000
0.676767676768, 0.212121212121, 0.82213877, 1.00000000, 1.00000000, 1.00000000
0.676767676768, 0.222222222222, 0.82743965, 1.00000000, 1.00000000, 1.00000000
0.676767676768, 0.232323232323, 0.83343499, 1.00000000, 1.00000000, 1.00000000
0.676767676768, 0.242424242424, 0.84010092, 1.00000000, 1.00000000, 1.00000000
0.676767676768, 0.252525252525, 0.84741092, 1.00000000, 1.00000000, 1.00000000
0.676767676768, 0.262626262626, 0.85533586, 1.00000000, 1.00000000, 1.00000000
0.676767676768, 0.272727272727, 0.86384413, 1.00000000, 1.00000000, 1.00000000
0.676767676768, 0.282828282828, 0.87290178, 1.00000000, 1.00000000, 1.00000000
0.676767676768, 0.292929292929, 0.88247261, 1.00000000, 1.00000000, 1.00000000
0.676767676768, 0.303030303030, 0.89251834, 1.00000000, 1.00000000, 1.00000000
0.676767676768, 0.313131313131, 0.90299876, 1.00000000, 1.00000000, 1.00000000
0.676767676768, 0.323232323232, 0.91387189, 1.00000000, 1.00000000, 1.00000000
0.676767676768, 0.333333333333, 0.92509411, 1.00000000, 1.00000000, 1.00000000
0.676767676768, 0.343434343434, 0.93662039, 1.00000000, 1.00000000, 1.00000000
0.676767676768, 0.353535353535, 0.94840443, 1.00000000, 1.00000000, 1.00000000
0.676767676768, 0.363636363636, 0.96039884, 1.00000000, 1.00000000, 1.00000000
0.676767676768, 0.373737373737, 0.97255539, 1.00000000, 1.00000000, 1.00000000
0.676767676768, 0.383838383838, 0.98482513, 1.00000000, 1.00000000, 1.00000000
0.676767676768, 0.393939393939, 0.99715863, 1.00000000, 1.00000000, 1.00000000
0.676767676768, 0.404040404040, 1.00950617, 1.00000000, 1.00000000, 1.00000000
0.676767676768, 0.414141414141, 1.02181795, 1.00000000, 1.00000000, 1.00000000
0.676767676768, 0.424242424242, 1.03404430, 1.00000000, 1.00000000, 1.00000000
0.676767676768, 0.434343434343, 1.04613584, 1.00000000, 1.00000000, 1.00000000
0.676767676768, 0.444444444444, 1.05804373, 1.00000000, 1.00000000, 1.00000000
0.676767676768, 0.454545454545, 1.06971987, 1.00000000, 1.00000000, 1.00000000
0.676767676768, 0.464646464646, 1.08111704, 1.00000000, 1.00000000, 1.00000000
0.676767676768, 0.474747474747, 1.09218917, 1.00000000, 1.00000000, 1.00000000
0.676767676768, 0.484848484848, 1.10289146, 1.00000000, 1.00000000, 1.00000000
0.676767676768, 0.494949494949, 1.11318061, 1.00000000, 1.00000000, 1.00000000
0.676767676768, 0.505050505051, 1.12301499, 1.00000000, 1.00000000, 1.00000000
0.676767676768, 0.515151515152, 1.13235477, 1.00000000, 1.00000000, 1.00000000
0.676767676768, 0.525252525253, 1.14116215, 1.00000000, 1.00000000, 1.00000000
0.676767676768, 0.535353535354, 1.14940146, 1.00000000, 1.00000000, 1.00000000
0.676767676768, 0.545454545455, 1.15703934, 1.00000000, 1.00000000, 1.00000000
0.676767676768, 0.555555555556, 1.16404483, 1.00000000, 1.00000000, 1.00000000
0.676767676768, 0.565656565657, 1.17038956, 1.00000000, 1.00000000, 1.00000000
0.676767676768, 0.575757575758, 1.17604783, 1.00000000, 1.00000000, 1.00000000
0.676767676768, 0.585858585859, 1.18099670, 1.00000000, 1.00000000, 1.00000000
0.676767676768, 0.595959595960, 1.18521611, 1.00000000, 1.00000000, 1.00000000
0.676767676768, 0.606060606061, 1.18868896, 1.00000000, 1.00000000, 1.00000000
0.676767676768, 0.616161616162, 1.19140114, 1.00000000, 1.00000000, 1.00000000
0.676767676768, 0.626262626263, 1.19334163, 1.00000000, 1.00000000, 1.00000000
0.676767676768, 0.636363636364, 1.19450254, 1.00000000, 1.00000000, 1.00000000
0.676767676768, 0.646464646465, 1.19487909, 1.00000000, 1.00000000, 1.00000000
0.676767676768, 0.656565656566, 1.19446980, 1.00000000, 1.00000000, 1.00000000
0.676767676768, 0.666666666667, 1.19327640, 1.00000000, 1.00000000, 1.00000000
0.676767676768, 0.676767676768, 1.19130379, 1.00000000, 1.00000000, 1.00000000
0.676767676768, 0.686868686869, 1.18856001, 1.00000000, 1.00000000, 1.00000000
0.676767676768, 0.696969696970, 1.18505621, 1.00000000, 1.00000000, 1.00000000
0.676767676768, 0.707070707071, 1.18080662, 1.00000000, 1.00000000, 1.00000000
0.676767676768, 0.717171717172, 1.17582849, 1.00000000, 1.00000000, 1.00000000
0.676767676768, 0.727272727273, 1.17014201, 1.00000000, 1.00000000, 1.00000000
0.676767676768, 0.737373737374, 1.16377023, 1.00000000, 1.00000000, 1.00000000
0.676767676768, 0.747474747475, 1.15673898, 1.00000000, 1.00000000, 1.00000000
0.676767676768, 0.757575757576, 1.14907677, 1.00000000, 1.00000000, 1.00000000
0.676767676768, 0.767676767677, 1.14081464, 1.00000000, 1.00000000, 1.00000000
0.676767676768, 0.777777777778, 1.13198606, 1.00000000, 1.00000000, 1.00000000
0.676767676768, 0.787878787879, 1.12262679, 1.00000000, 1.00000000, 1.00000000
0.676767676768, 0.797979797980, 1.11277472, 1.00000000, 1.00000000, 1.00000000
0.676767676768, 0.808080808081, 1.10246975, 1.00000000, 1.00000000, 1.00000000
0.676767676768, 0.818181818182, 1.09175357, 1.00000000, 1.00000000, 1.00000000
0.676767676768, 0.828282828283, 1.08066954, 1.00000000, 1.00000000, 1.00000000
0.676767676768, 0.838383838384, 1.06926249, 1.00000000, 1.00000000, 1.00000000
0.676767676768, 0.848484848485, 1.05757852, 1.00000000, 1.00000000, 1.00000000
0.676767676768, 0.858585858586, 1.04566487, 1.00000000, 1.00000000, 1.00000000
0.676767676768, 0.868686868687, 1.03356964, 1.00000000, 1.00000000, 1.00000000
0.676767676768, 0.878787878788, 1.02134167, 1.00000000, 1.00000000, 1.00000000
0.676767676768, 0.888888888889, 1.00903031, 1.00000000, 1.00000000, 1.00000000
0.676767676768, 0.898989898990, 0.99668520, 1.00000000, 1.00000000, 1.00000000
0.676767676768, 0.909090909091, 0.98435612, 1.00000000, 1.00000000, 1.00000000
0.676767676768, 0.919191919192, 0.97209273, 1.00000000, 1.00000000, 1.00000000
0.676767676768, 0.929292929293, 0.95994451, 1.00000000, 1.00000000, 1.00000000
0.676767676768, 0.939393939394, 0.94796070, 1.00000000, 1.00000000, 1.00000000
0.676767676768, 0.949494949495, 0.93619075, 1.00000000, 1.00000000, 1.00000000
0.676767676768, 0.959595959596, 0.92468586, 1.00000000, 1.00000000, 1.00000000
0.686868686869, -0.000000000000, 0.86436922, 1.00000000, 1.00000000, 1.00000000
0.686868686869, 0.010101010101, 0.85645013, 1.00000000, 1.00000000, 1.00000000
0.686868686869, 0.020202020202, 0.84925430, 1.00000000, 1.00000000, 1.00000000
0.686868686869, 0.030303030303, 0.84271552, 1.00000000, 1.00000000, 1.00000000
0.686868686869, 0.040404040404, 0.83672729, 1.00000000, 1.00000000, 1.00000000
0.686868686869, 0.050505050505, 0.83118985, 1.00000000, 1.00000000, 1.00000000
0.686868686869, 0.060606060606, 0.82605397, 1.00000000, 1.00000000, 1.00000000
0.686868686869, 0.070707070707, 0.82133717, 1.00000000, 1.00000000, 1.00000000
0.686868686869, 0.080808080808, 0.81710813, 1.00000000, 1.00000000, 1.00000000
0.686868686869, 0.090909090909, 0.81345506, 1.00000000, 1.00000000, 1.00000000
0.686868686869, 0.101010101010, 0.81045797, 1.00000000, 1.00000000, 1.00000000
0.686868686869, 0.111111111111, 0.80817515, 1.00000000, 1.00000000, 1.00000000
0.686868686869, 0.121212121212, 0.80664249, 1.00000000, 1.00000000, 1.00000000
0.686868686869, 0.131313131313, 0.80587914, 1.00000000, 1.00000000, 1.00000000
0.686868686869, 0.141414141414, 0.80589352, 1.00000000, 1.00000000, 1.00000000
0.686868686869, 0.151515151515, 0.80668734, 1.00000000, 1.00000000, 1.00000000
0.686868686869, 0.161616161616, 0.80825794, 1.00000000, 1.00000000, 1.00000000
0.686868686869, 0.171717171717, 0.81059918, 1.00000000, 1.00000000, 1.00000000
0.686868686869, 0.181818181818, 0.81370177, 1.00000000, 1.00000000, 1.00000000
0.686868686869, 0.191919191919, 0.81755340, 1.00000000, 1.00000000, 1.00000000
0.686868686869, 0.202020202020, 0.82213877, 1.00000000, 1.00000000, 1.00000000
0.686868686869, 0.212121212121, 0.82743965, 1.00000000, 1.00000000, 1.00000000
0.686868686869, 0.222222222222, 0.83343499, 1.00000000, 1.00000000, 1.00000000
0.686868686869, 0.232323232323, 0.84010092, 1.00000000, 1.00000000, 1.00000000
0.686868686869, 0.242424242424, 0.84741092, 1.00000000, 1.00000000, 1.00000000
0.686868686869, 0.252525252525, 0.85533586, 1.00000000, 1.00000000, 1.00000000
0.686868686869, 0.262626262626, 0.86384413, 1.00000000, 1.00000000, 1.00000000
0.686868686869, 0.272727272727, 0.87290178, 1.00000000, 1.00000000, 1.00000000
0.686868686869, 0.282828282828, 0.88247261, 1.00000000, 1.00000000, 1.00000000
0.686868686869, 0.292929292929, 0.89251834, 1.00000000, 1.00000000, 1.00000000
0.686868686869, 0.303030303030, 0.90299876, 1.00000000, 1.00000000, 1.00000000
0.686868686869, 0.313131313131, 0.91387189, 1.00000000, 1.00000000, 1.00000000
0.686868686869, 0.323232323232, 0.92509411, 1.00000000, 1.00000000, 1.00000000
0.686868686869, 0.333333333333, 0.93662039, 1.00000000, 1.00000000, 1.00000000
0.686868686869, 0.343434343434, 0.94840443, 1.00000000, 1.00000000, 1.00000000
0.686868686869, 0.353535353535, 0.96039884, 1.00000000, 1.00000000, 1.00000000
0.686868686869, 0.363636363636, 0.97255539, 1.00000000, 1.00000000, 1.00000000
0.686868686869, 0.373737373737, 0.98482513, 1.00000000, 1.00000000, 1.00000000
0.686868686869, 0.383838383838, 0.99715863, 1.00000000, 1.00000000, 1.00000000
0.686868686869, 0.393939393939, 1.00950617, 1.00000000, 1.00000000, 1.00000000
0.686868686869, 0.404040404040, 1.02181795, 1.00000000, 1.00000000, 1.00000000
0.686868686869, 0.414141414141, 1.03404430, 1.00000000, 1.00000000, 1.00000000
0.686868686869, 0.424242424242, 1.04613584, 1.00000000, 1.00000000, 1.00000000
0.686868686869, 0.434343434343, 1.05804373, 1.00000000, 1.00000000, 1.00000000
0.686868686869, 0.444444444444, 1.06971987, 1.00000000, 1.00000000, 1.00000000
0.686868686869, 0.454545454545, 1.08111704, 1.00000000, 1.00000000, 1.00000000
0.686868686869, 0.464646464646, 1.09218917, 1.00000000, 1.00000000, 1.00000000
0.686868686869, 0.474747474747, 1.10289146, 1.00000000, 1.00000000, 1.00000000
0.686868686869, 0.484848484848, 1.11318061, 1.00000000, 1.00000000, 1.00000000
0.686868686869, 0.494949494949, 1.12301499, 1.00000000, 1.00000000, 1.00000000
0.686868686869, 0.505050505051, 1.13235477, 1.00000000, 1.00000000, 1.00000000
0.686868686869, 0.515151515152, 1.14116215, 1.00000000, 1.00000000, 1.00000000
0.686868686869, 0.525252525253, 1.14940146, 1.00000000, 1.00000000, 1.00000000
0.686868686869, 0.535353535354, 1.15703934, 1.00000000, 1.00000000, 1.00000000
0.686868686869, 0.545454545455, 1.16404483, 1.00000000, 1.00000000, 1.00000000
0.686868686869, 0.555555555556, 1.17038956, 1.00000000, 1.00000000, 1.00000000
0.686868686869, 0.565656565657, 1.17604783, 1.00000000, 1.00000000, 1.00000000
0.686868686869, 0.575757575758, 1.18099670, 1.00000000, 1.00000000, 1.00000000
0.686868686869, 0.585858585859, 1.18521611, 1.00000000, 1.00000000, 1.00000000
0.686868686869, 0.595959595960, 1.18868896, 1.00000000, 1.00000000, 1.00000000
0.686868686869, 0.606060606061, 1.19140114, 1.00000000, 1.00000000, 1.00000000
0.686868686869, 0.616161616162, 1.19334163, 1.00000000, 1.00000000, 1.00000000
0.686868686869, 0.626262626263, 1.19450254, 1.00000000, 1.00000000, 1.00000000
0.686868686869, 0.636363636364, 1.19487909, 1.00000000, 1.00000000, 1.00000000
0.686868686869, 0.646464646465, 1.19446980, 1.00000000, 1.00000000, 1.00000000
0.686868686869, 0.656565656566, 1.19327640, 1.00000000, 1.00000000, 1.00000000
0.686868686869, 0.666666666667, 1.19130379, 1.00000000, 1.00000000, 1.00000000
0.686868686869, 0.676767676768, 1.18856001, 1.00000000, 1.00000000, 1.00000000
0.686868686869, 0.686868686869, 1.18505621, 1.00000000, 1.00000000, 1.00000000
0.686868686869, 0.696969696970, 1.18080662, 1.00000000, 1.00000000, 1.00000000
0.686868686869, 0.707070707071, 1.17582849, 1.00000000, 1.00000000, 1.00000000
0.686868686869, 0.717171717172, 1.17014201, 1.00000000, 1.00000000, 1.00000000
0.686868686869, 0.727272727273, 1.16377023, 1.00000000, 1.00000000, 1.00000000
0.686868686869, 0.737373737374, 1.15673898, 1.00000000, 1.00000000, 1.00000000
0.686868686869, 0.747474747475, 1.14907677, 1.00000000, 1.00000000, 1.00000000
0.686868686869, 0.757575757576, 1.14081464, 1.00000000, 1.00000000, 1.00000000
0.686868686869, 0.767676767677, 1.13198606, 1.00000000, 1.00000000, 1.00000000
0.686868686869, 0.777777777778, 1.12262679, 1.00000000, 1.00000000, 1.00000000
0.686868686869, 0.787878787879, 1.11277472, 1.00000000, 1.00000000, 1.00000000
0.686868686869, 0.797979797980, 1.10246975, 1.00000000, 1.00000000, 1.00000000
0.686868686869, 0.808080808081, 1.09175357, 1.00000000, 1.00000000, 1.00000000
0.686868686869, 0.818181818182, 1.08066954, 1.00000000, 1.00000000, 1.00000000
0.686868686869, 0.828282828283, 1.06926249, 1.00000000, 1.00000000, 1.00000000
0.686868686869, 0.838383838384, 1.05757852, 1.00000000, 1.00000000, 1.00000000
0.686868686869, 0.848484848485, 1.04566487, 1.00000000, 1.00000000, 1.00000000
0.686868686869, 0.858585858586, 1.03356964, 1.00000000, 1.00000000, 1.00000000
0.686868686869, 0.868686868687, 1.02134167, 1.00000000, 1.00000000, 1.00000000
0.686868686869, 0.878787878788, 1.00903031, 1.00000000, 1.00000000, 1.00000000
0.686868686869, 0.888888888889, 0.99668520, 1.00000000, 1.00000000, 1.00000000
0.686868686869, 0.898989898990, 0.98435611, 1.00000000, 1.00000000, 1.00000000
0.686868686869, 0.909090909091, 0.97209271, 1.00000000, 1.00000000, 1.00000000
0.686868686869, 0.919191919192, 0.95994437, 1.00000000, 1.00000000, 1.00000000
0.686868686869, 0.929292929293, 0.94796005, 1.00000000, 1.00000000, 1.00000000
0.686868686869, 0.939393939394, 0.93618828, 1.00000000, 1.00000000, 1.00000000
0.686868686869, 0.949494949495, 0.92467753, 1.00000000, 1.00000000, 1.00000000
0.686868686869, 0.959595959596, 0.91347760, 1.00000000, 1.00000000, 1.00000000
0.696969696970, -0.000000000000, 0.85579551, 1.00000000, 1.00000000, 1.00000000
0.696969696970, 0.010101010101, 0.84839577, 1.00000000, 1.00000000, 1.00000000
0.696969696970, 0.020202020202, 0.84172890, 1.00000000, 1.00000000, 1.00000000
0.696969696970, 0.030303030303, 0.83573285, 1.00000000, 1.00000000, 1.00000000
0.696969696970, 0.040404040404, 0.83030991, 1.00000000, 1.00000000, 1.00000000
0.696969696970, 0.050505050505, 0.82536989, 1.00000000, 1.00000000, 1.00000000
0.696969696970, 0.060606060606, 0.82086967, 1.00000000, 1.00000000, 1.00000000
0.696969696970, 0.070707070707, 0.81682722, 1.00000000, 1.00000000, 1.00000000
0.696969696970, 0.080808080808, 0.81330671, 1.00000000, 1.00000000, 1.00000000
0.696969696970, 0.090909090909, 0.81038919, 1.00000000, 1.00000000, 1.00000000
0.696969696970, 0.101010101010, 0.80814719, 1.00000000, 1.00000000, 1.00000000
0.696969696970, 0.111111111111, 0.80663256, 1.00000000, 1.00000000, 1.00000000
0.696969696970, 0.121212121212, 0.80587607, 1.00000000, 1.00000000, 1.00000000
0.696969696970, 0.131313131313, 0.80589269, 1.00000000, 1.00000000, 1.00000000
0.696969696970, 0.141414141414, 0.80668715, 1.00000000, 1.00000000, 1.00000000
0.696969696970, 0.151515151515, 0.80825790, 1.00000000, 1.00000000, 1.00000000
0.696969696970, 0.161616161616, 0.81059917, 1.00000000, 1.00000000, 1.00000000
0.696969696970, 0.171717171717, 0.81370177, 1.00000000, 1.00000000, 1.00000000
0.696969696970, 0.181818181818, 0.81755340, 1.00000000, 1.00000000, 1.00000000
0.696969696970, 0.191919191919, 0.82213877, 1.00000000, 1.00000000, 1.00000000
0.696969696970, 0.202020202020, 0.82743965, 1.00000000, 1.00000000, 1.00000000
0.696969696970, 0.212121212121, 0.83343499, 1.00000000, 1.00000000, 1.00000000
0.696969696970, 0.222222222222, 0.84010092, 1.00000000, 1.00000000, 1.00000000
0.696969696970, 0.232323232323, 0.84741092, 1.00000000, 1.00000000, 1.00000000
0.696969696970, 0.242424242424, 0.85533586, 1.00000000, 1.00000000, 1.00000000
0.696969696970, 0.252525252525, 0.86384413, 1.00000000, 1.00000000, 1.00000000
0.696969696970, 0.262626262626, 0.87290178, 1.00000000, 1.00000000, 1.00000000
0.696969696970, 0.272727272727, 0.88247261, 1.00000000, 1.00000000, 1.00000000
0.696969696970, 0.282828282828, 0.89251834, 1.00000000, 1.00000000, 1.00000000
0.696969696970, 0.292929292929, 0.90299876, 1.00000000, 1.00000000, 1.00000000
0.696969696970, 0.303030303030, 0.91387189, 1.00000000, 1.00000000, 1.00000000
0.696969696970, 0.313131313131, 0.92509411, 1.00000000, 1.00000000, 1.00000000
0.696969696970, 0.323232323232, 0.93662039, 1.00000000, 1.00000000, 1.00000000
0.696969696970, 0.333333333333, 0.94840443, 1.00000000, 1.00000000, 1.00000000
0.696969696970, 0.343434343434, 0.96039884, 1.00000000, 1.00000000, 1.00000000
0.696969696970, 0.353535353535, 0.97255539, 1.00000000, 1.00000000, 1.00000000
0.696969696970, 0.363636363636, 0.98482513, 1.00000000, 1.00000000, 1.00000000
0.696969696970, 0.373737373737, 0.99715863, 1.00000000, 1.00000000, 1.00000000
0.696969696970, 0.383838383838, 1.00950617, 1.00000000, 1.00000000, 1.00000000
0.696969696970, 0.393939393939, 1.02181795, 1.00000000, 1.00000000, 1.00000000
0.696969696970, 0.404040404040, 1.03404430, 1.00000000, 1.00000000, 1.00000000
0.696969696970, 0.414141414141, 1.04613584, 1.00000000, 1.00000000, 1.00000000
0.696969696970, 0.424242424242, 1.05804373, 1.00000000, 1.00000000, 1.00000000
0.696969696970, 0.434343434343, 1.06971987, 1.00000000, 1.00000000, 1.00000000
0.696969696970, 0.444444444444, 1.08111704, 1.00000000, 1.00000000, 1.00000000
0.696969696970, 0.454545454545, 1.09218917, 1.00000000, 1.00000000, 1.00000000
0.696969696970, 0.464646464646, 1.10289146, 1.00000000, 1.00000000, 1.00000000
0.696969696970, 0.474747474747, 1.11318061, 1.00000000, 1.00000000, 1.00000000
0.696969696970, 0.484848484848, 1.12301499, 1.00000000, 1.00000000, 1.00000000
0.696969696970, 0.494949494949, 1.13235477, 1.00000000, 1.00000000, 1.00000000
0.696969696970, 0.505050505051, 1.14116215, 1.00000000, 1.00000000, 1.00000000
0.696969696970, 0.515151515152, 1.14940146, 1.00000000, 1.00000000, 1.00000000
0.696969696970, 0.525252525253, 1.15703934, 1.00000000, 1.00000000, 1.00000000
0.696969696970, 0.535353535354, 1.16404483, 1.00000000, 1.00000000, 1.00000000
0.696969696970, 0.545454545455, 1.17038956, 1.00000000, 1.00000000, 1.00000000
0.696969696970, 0.555555555556, 1.17604783, 1.00000000, 1.00000000, 1.00000000
0.696969696970, 0.565656565657, 1.18099670, 1.00000000, 1.00000000, 1.00000000
0.696969696970, 0.575757575758, 1.18521611, 1.00000000, 1.00000000, 1.00000000
0.696969696970, 0.585858585859, 1.18868896, 1.00000000, 1.00000000, 1.00000000
0.696969696970, 0.595959595960, 1.19140114, 1.00000000, 1.00000000, 1.00000000
0.696969696970, 0.606060606061, 1.19334163, 1.00000000, 1.00000000, 1.00000000
0.696969696970, 0.616161616162, 1.19450254, 1.00000000, 1.00000000, 1.00000000
0.696969696970, 0.626262626263, 1.19487909, 1.00000000, 1.00000000, 1.00000000
0.696969696970, 0.636363636364, 1.19446980, 1.00000000, 1.00000000, 1.00000000
0.696969696970, 0.646464646465, 1.19327640, 1.00000000, 1.00000000, 1.00000000
0.696969696970, 0.656565656566, 1.19130379, 1.00000000, 1.00000000, 1.00000000
0.696969696970, 0.666666666667, 1.18856001, 1.00000000, 1.00000000, 1.00000000
0.696969696970, 0.676767676768, 1.18505621, 1.00000000, 1.00000000, 1.00000000
0.696969696970, 0.686868686869, 1.18080662, 1.00000000, 1.00000000, 1.00000000
0.696969696970, 0.696969696970, 1.17582849, 1.00000000, 1.00000000, 1.00000000
0.696969696970, 0.707070707071, 1.17014201, 1.00000000, 1.00000000, 1.00000000
0.696969696970, 0.717171717172, 1.16377023, 1.00000000, 1.00000000, 1.00000000
0.696969696970, 0.727272727273, 1.15673898, 1.00000000, 1.00000000, 1.00000000
0.696969696970, 0.737373737374, 1.14907677, 1.00000000, 1.00000000, 1.00000000
0.696969696970, 0.747474747475, 1.14081464, 1.00000000, 1.00000000, 1.00000000
0.696969696970, 0.757575757576, 1.13198606, 1.00000000, 1.00000000, 1.00000000
0.696969696970, 0.767676767677, 1.12262679, 1.00000000, 1.00000000, 1.00000000
0.696969696970, 0.777777777778, 1.11277472, 1.00000000, 1.00000000, 1.00000000
0.696969696970, 0.787878787879, 1.10246975, 1.00000000, 1.00000000, 1.00000000
0.696969696970, 0.797979797980, 1.09175357, 1.00000000, 1.00000000, 1.00000000
0.696969696970, 0.808080808081, 1.08066954, 1.00000000, 1.00000000, 1.00000000
0.696969696970, 0.818181818182, 1.06926249, 1.00000000, 1.00000000, 1.00000000
0.696969696970, 0.828282828283, 1.05757852, 1.00000000, 1.00000000, 1.00000000
0.696969696970, 0.838383838384, 1.04566487, 1.00000000, 1.00000000, 1.00000000
0.696969696970, 0.848484848485, 1.03356964, 1.00000000, 1.00000000, 1.00000000
0.696969696970, 0.858585858586, 1.02134167, 1.00000000, 1.00000000, 1.00000000
0.696969696970, 0.868686868687, 1.00903031, 1.00000000, 1.00000000, 1.00000000
0.696969696970, 0.878787878788, 0.99668520, 1.00000000, 1.00000000, 1.00000000
0.696969696970, 0.888888888889, 0.98435611, 1.00000000, 1.00000000, 1.00000000
0.696969696970, 0.898989898990, 0.97209270, 1.00000000, 1.00000000, 1.00000000
0.696969696970, 0.909090909091, 0.95994434, 1.00000000, 1.00000000, 1.00000000
0.696969696970, 0.919191919192, 0.94795992, 1.00000000, 1.00000000, 1.00000000
0.696969696970, 0.929292929293, 0.93618768, 1.00000000, 1.00000000, 1.00000000
0.696969696970, 0.939393939394, 0.92467523, 1.00000000, 1.00000000, 1.00000000
0.696969696970, 0.949494949495, 0.91346987, 1.00000000, 1.00000000, 1.00000000
0.696969696970, 0.959595959596, 0.90261979, 1.00000000, 1.00000000, 1.00000000
0.707070707071, -0.000000000000, 0.84780237, 1.00000000, 1.00000000, 1.00000000
0.707070707071, 0.010101010101, 0.84095156, 1.00000000, 1.00000000, 1.00000000
0.707070707071, 0.020202020202, 0.83484045, 1.00000000, 1.00000000, 1.00000000
0.707070707071, 0.030303030303, 0.82941132, 1.00000000, 1.00000000, 1.00000000
0.707070707071, 0.040404040404, 0.82457556, 1.00000000, 1.00000000, 1.00000000
0.707070707071, 0.050505050505, 0.82025280, 1.00000000, 1.00000000, 1.00000000
0.707070707071, 0.060606060606, 0.81640617, 1.00000000, 1.00000000, 1.00000000
0.707070707071, 0.070707070707, 0.81305408, 1.00000000, 1.00000000, 1.00000000
0.707070707071, 0.080808080808, 0.81025600, 1.00000000, 1.00000000, 1.00000000
0.707070707071, 0.090909090909, 0.80808556, 1.00000000, 1.00000000, 1.00000000
0.707070707071, 0.101010101010, 0.80660757, 1.00000000, 1.00000000, 1.00000000
0.707070707071, 0.111111111111, 0.80586721, 1.00000000, 1.00000000, 1.00000000
0.707070707071, 0.121212121212, 0.80588996, 1.00000000, 1.00000000, 1.00000000
0.707070707071, 0.131313131313, 0.80668642, 1.00000000, 1.00000000, 1.00000000
0.707070707071, 0.141414141414, 0.80825773, 1.00000000, 1.00000000, 1.00000000
0.707070707071, 0.151515151515, 0.81059914, 1.00000000, 1.00000000, 1.00000000
0.707070707071, 0.161616161616, 0.81370177, 1.00000000, 1.00000000, 1.00000000
0.707070707071, 0.171717171717, 0.81755340, 1.00000000, 1.00000000, 1.00000000
0.707070707071, 0.181818181818, 0.82213877, 1.00000000, 1.00000000, 1.00000000
0.707070707071, 0.191919191919, 0.82743965, 1.00000000, 1.00000000, 1.00000000
0.707070707071, 0.202020202020, 0.83343499, 1.00000000, 1.00000000, 1.00000000
0.707070707071, 0.212121212121, 0.84010092, 1.00000000, 1.00000000, 1.00000000
0.707070707071, 0.222222222222, 0.84741092, 1.00000000, 1.00000000, 1.00000000
0.707070707071, 0.232323232323, 0.85533586, 1.00000000, 1.00000000, 1.00000000
0.707070707071, 0.242424242424, 0.86384413, 1.00000000, 1.00000000, 1.00000000
0.707070707071, 0.252525252525, 0.87290178, 1.00000000, 1.00000000, 1.00000000
0.707070707071, 0.262626262626, 0.88247261, 1.00000000, 1.00000000, 1.00000000
0.707070707071, 0.272727272727, 0.89251834, 1.00000000, 1.00000000, 1.00000000
0.707070707071, 0.282828282828, 0.90299876, 1.00000000, 1.00000000, 1.00000000
0.707070707071, 0.292929292929, 0.91387189, 1.00000000, 1.00000000, 1.00000000
0.707070707071, 0.303030303030, 0.92509411, 1.00000000, 1.00000000, 1.00000000
0.707070707071, 0.313131313131, 0.93662039, 1.00000000, 1.00000000, 1.00000000
0.707070707071, 0.323232323232, 0.94840443, 1.00000000, 1.00000000, 1.00000000
0.707070707071, 0.333333333333, 0.96039884, 1.00000000, 1.00000000, 1.00000000
0.707070707071, 0.343434343434, 0.97255539, 1.00000000, 1.00000000, 1.00000000
0.707070707071, 0.353535353535, 0.98482513, 1.00000000, 1.00000000, 1.00000000
0.707070707071, 0.363636363636, 0.99715863, 1.00000000, 1.00000000, 1.00000000
0.707070707071, 0.373737373737, 1.00950617, 1.00000000, 1.00000000, 1.00000000
0.707070707071, 0.383838383838, 1.02181795, 1.00000000, 1.00000000, 1.00000000
0.707070707071, 0.393939393939, 1.03404430, 1.00000000, 1.00000000, 1.00000000
0.707070707071, 0.404040404040, 1.04613584, 1.00000000, 1.00000000, 1.00000000
0.707070707071, 0.414141414141, 1.05804373, 1.00000000, 1.00000000, 1.00000000
0.707070707071, 0.424242424242, 1.06971987, 1.00000000, 1.00000000, 1.00000000
0.707070707071, 0.434343434343, 1.08111704, 1.00000000, 1.00000000, 1.00000000
0.707070707071, 0.444444444444, 1.09218917, 1.00000000, 1.00000000, 1.00000000
0.707070707071, 0.454545454545, 1.10289146, 1.00000000, 1.00000000, 1.00000000
0.707070707071, 0.464646464646, 1.11318061, 1.00000000, 1.00000000, 1.00000000
0.707070707071, 0.474747474747, 1.12301499, 1.00000000, 1.00000000, 1.00000000
0.707070707071, 0.484848484848, 1.13235477, 1.00000000, 1.00000000, 1.00000000
0.707070707071, 0.494949494949, 1.14116215, 1.00000000, 1.00000000, 1.00000000
0.707070707071, 0.505050505051, 1.14940146, 1.00000000, 1.00000000, 1.00000000
0.707070707071, 0.515151515152, 1.15703934, 1.00000000, 1.00000000, 1.00000000
0.707070707071, 0.525252525253, 1.16404483, 1.00000000, 1.00000000, 1.00000000
0.707070707071, 0.535353535354, 1.17038956, 1.00000000, 1.00000000, 1.00000000
0.707070707071, 0.545454545455, 1.17604783, 1.00000000, 1.00000000, 1.00000000
0.707070707071, 0.555555555556, 1.18099670, 1.00000000, 1.00000000, 1.00000000
0.707070707071, 0.565656565657, 1.18521611, 1.00000000, 1.00000000, 1.00000000
0.707070707071, 0.575757575758, 1.18868896, 1.00000000, 1.00000000, 1.00000000
0.707070707071, 0.585858585859, 1.19140114, 1.00000000, 1.00000000, 1.00000000
0.707070707071, 0.595959595960, 1.19334163, 1.00000000, 1.00000000, 1.00000000
0.707070707071, 0.606060606061, 1.19450254, 1.00000000, 1.00000000, 1.00000000
0.707070707071, 0.616161616162, 1.19487909, 1.00000000, 1.00000000, 1.00000000
0.707070707071, 0.626262626263, 1.19446980, 1.00000000, 1.00000000, 1.00000000
0.707070707071, 0.636363636364, 1.19327640, 1.00000000, 1.00000000, 1.00000000
0.707070707071, 0.646464646465, 1.19130379, 1.00000000, 1.00000000, 1.00000000
0.707070707071, 0.656565656566, 1.18856001, 1.00000000, 1.00000000, 1.00000000
0.707070707071, 0.666666666667, 1.18505621, 1.00000000, 1.00000000, 1.00000000
0.707070707071, 0.676767676768, 1.18080662, 1.00000000, 1.00000000, 1.00000000
0.707070707071, 0.686868686869, 1.17582849, 1.00000000, 1.00000000, 1.00000000
0.707070707071, 0.696969696970, 1.17014201, 1.00000000, 1.00000000, 1.00000000
0.707070707071, 0.707070707071, 1.16377023, 1.00000000, 1.00000000, 1.00000000
0.707070707071, 0.717171717172, 1.15673898, 1.00000000, 1.00000000, 1.00000000
0.707070707071, 0.727272727273, 1.14907677, 1.00000000, 1.00000000, 1.00000000
0.707070707071, 0.737373737374, 1.14081464, 1.00000000, 1.00000000, 1.00000000
0.707070707071, 0.747474747475, 1.13198606, 1.00000000, 1.00000000, 1.00000000
0.707070707071, 0.757575757576, 1.12262679, 1.00000000, 1.00000000, 1.00000000
0.707070707071, 0.767676767677, 1.11277472, 1.00000000, 1.00000000, 1.00000000
0.707070707071, 0.777777777778, 1.10246975, 1.00000000, 1.00000000, 1.00000000
0.707070707071, 0.787878787879, 1.09175357, 1.00000000, 1.00000000, 1.00000000
0.707070707071, 0.797979797980, 1.08066954, 1.00000000, 1.00000000, 1.00000000
0.707070707071, 0.808080808081, 1.06926249, 1.00000000, 1.00000000, 1.00000000
0.707070707071, 0.818181818182, 1.05757852, 1.00000000, 1.00000000, 1.00000000
0.707070707071, 0.828282828283, 1.04566487, 1.00000000, 1.00000000, 1.00000000
0.707070707071, 0.838383838384, 1.03356964, 1.00000000, 1.00000000, 1.00000000
0.707070707071, 0.848484848485, 1.02134167, 1.00000000, 1.00000000, 1.00000000
0.707070707071, 0.858585858586, 1.00903031, 1.00000000, 1.00000000, 1.00000000
0.707070707071, 0.868686868687, 0.99668520, 1.00000000, 1.00000000, 1.00000000
0.707070707071, 0.878787878788, 0.98435611, 1.00000000, 1.00000000, 1.00000000
0.707070707071, 0.888888888889, 0.97209270, 1.00000000, 1.00000000, 1.00000000
0.707070707071, 0.898989898990, 0.95994434, 1.00000000, 1.00000000, 1.00000000
0.707070707071, 0.909090909091, 0.94795989, 1.00000000, 1.00000000, 1.00000000
0.707070707071, 0.919191919192, 0.93618755, 1.00000000, 1.00000000, 1.00000000
0.707070707071, 0.929292929293, 0.92467468, 1.00000000, 1.00000000, 1.00000000
0.707070707071, 0.939393939394, 0.91346775, 1.00000000, 1.00000000, 1.00000000
0.707070707071, 0.949494949495, 0.90261270, 1.00000000, 1.00000000, 1.00000000
0.707070707071, 0.959595959596, 0.89215592, 1.00000000, 1.00000000, 1.00000000
0.717171717172, -0.000000000000, 0.84042173, 1.00000000, 1.00000000, 1.00000000
0.717171717172, 0.010101010101, 0.83414719, 1.00000000, 1.00000000, 1.00000000
0.717171717172, 0.020202020202, 0.82861640, 1.00000000, 1.00000000, 1.00000000
0.717171717172, 0.030303030303, 0.82377611, 1.00000000, 1.00000000, 1.00000000
0.717171717172, 0.040404040404, 0.81954707, 1.00000000, 1.00000000, 1.00000000
0.717171717172, 0.050505050505, 0.81585893, 1.00000000, 1.00000000, 1.00000000
0.717171717172, 0.060606060606, 0.81268120, 1.00000000, 1.00000000, 1.00000000
0.717171717172, 0.070707070707, 0.81003274, 1.00000000, 1.00000000, 1.00000000
0.717171717172, 0.080808080808, 0.80796814, 1.00000000, 1.00000000, 1.00000000
0.717171717172, 0.090909090909, 0.80655339, 1.00000000, 1.00000000, 1.00000000
0.717171717172, 0.101010101010, 0.80584532, 1.00000000, 1.00000000, 1.00000000
0.717171717172, 0.111111111111, 0.80588223, 1.00000000, 1.00000000, 1.00000000
0.717171717172, 0.121212121212, 0.80668404, 1.00000000, 1.00000000, 1.00000000
0.717171717172, 0.131313131313, 0.80825710, 1.00000000, 1.00000000, 1.00000000
0.717171717172, 0.141414141414, 0.81059899, 1.00000000, 1.00000000, 1.00000000
0.717171717172, 0.151515151515, 0.81370174, 1.00000000, 1.00000000, 1.00000000
0.717171717172, 0.161616161616, 0.81755340, 1.00000000, 1.00000000, 1.00000000
0.717171717172, 0.171717171717, 0.82213877, 1.00000000, 1.00000000, 1.00000000
0.717171717172, 0.181818181818, 0.82743965, 1.00000000, 1.00000000, 1.00000000
0.717171717172, 0.191919191919, 0.83343499, 1.00000000, 1.00000000, 1.00000000
0.717171717172, 0.202020202020, 0.84010092, 1.00000000, 1.00000000, 1.00000000
0.717171717172, 0.212121212121, 0.84741092, 1.00000000, 1.00000000, 1.00000000
0.717171717172, 0.222222222222, 0.85533586, 1.00000000, 1.00000000, 1.00000000
0.717171717172, 0.232323232323, 0.86384413, 1.00000000, 1.00000000, 1.00000000
0.717171717172, 0.242424242424, 0.87290178, 1.00000000, 1.00000000, 1.00000000
0.717171717172, 0.252525252525, 0.88247261, 1.00000000, 1.00000000, 1.00000000
0.717171717172, 0.262626262626, 0.89251834, 1.00000000, 1.00000000, 1.00000000
0.717171717172, 0.272727272727, 0.90299876, 1.00000000, 1.00000000, 1.00000000
0.717171717172, 0.282828282828, 0.91387189, 1.00000000, 1.00000000, 1.00000000
0.717171717172, 0.292929292929, 0.92509411, 1.00000000, 1.00000000, 1.00000000
0.717171717172, 0.303030303030, 0.93662039, 1.00000000, 1.00000000, 1.00000000
0.717171717172, 0.313131313131, 0.94840443, 1.00000000, 1.00000000, 1.00000000
0.717171717172, 0.323232323232, 0.96039884, 1.00000000, 1.00000000, 1.00000000
0.717171717172, 0.333333333333, 0.97255539, 1.00000000, 1.00000000, 1.00000000
0.717171717172, 0.343434343434, 0.98482513, 1.00000000, 1.00000000, 1.00000000
0.717171717172, 0.353535353535, 0.99715863, 1.00000000, 1.00000000, 1.00000000
0.717171717172, 0.363636363636, 1.00950617, 1.00000000, 1.00000000, 1.00000000
0.717171717172, 0.373737373737, 1.02181795, 1.00000000, 1.00000000, 1.00000000
0.717171717172, 0.383838383838, 1.03404430, 1.00000000, 1.00000000, 1.00000000
0.717171717172, 0.393939393939, 1.04613584, 1.00000000, 1.00000000, 1.00000000
0.717171717172, 0.404040404040, 1.05804373, 1.00000000, 1.00000000, 1.00000000
0.717171717172, 0.414141414141, 1.06971987, 1.00000000, 1.00000000, 1.00000000
0.717171717172, 0.424242424242, 1.08111704, 1.00000000, 1.00000000, 1.00000000
0.717171717172, 0.434343434343, 1.09218917, 1.00000000, 1.00000000, 1.00000000
0.717171717172, 0.444444444444, 1.10289146, 1.00000000, 1.00000000, 1.00000000
0.717171717172, 0.454545454545, 1.11318061, 1.00000000, 1.00000000, 1.00000000
0.717171717172, 0.464646464646, 1.12301499, 1.00000000, 1.00000000, 1.00000000
0.717171717172, 0.474747474747, 1.13235477, 1.00000000, 1.00000000, 1.00000000
0.717171717172, 0.484848484848, 1.14116215, 1.00000000, 1.00000000, 1.00000000
0.717171717172, 0.494949494949, 1.14940146, 1.00000000, 1.00000000, 1.00000000
0.717171717172, 0.505050505051, 1.15703934, 1.00000000, 1.00000000, 1.00000000
0.717171717172, 0.515151515152, 1.16404483, 1.00000000, 1.00000000, 1.00000000
0.717171717172, 0.525252525253, 1.17038956, 1.00000000, 1.00000000, 1.00000000
0.717171717172, 0.535353535354, 1.17604783, 1.00000000, 1.00000000, 1.00000000
0.717171717172, 0.545454545455, 1.18099670, 1.00000000, 1.00000000, 1.00000000
0.717171717172, 0.555555555556, 1.18521611, 1.00000000, 1.00000000, 1.00000000
0.717171717172, 0.565656565657, 1.18868896, 1.00000000, 1.00000000, 1.00000000
0.717171717172, 0.575757575758, 1.19140114, 1.00000000, 1.00000000, 1.00000000
0.717171717172, 0.585858585859, 1.19334163, 1.00000000, 1.00000000, 1.00000000
0.717171717172, 0.595959595960, 1.19450254, 1.00000000, 1.00000000, 1.00000000
0.717171717172, 0.606060606061, 1.19487909, 1.00000000, 1.00000000, 1.00000000
0.717171717172, 0.616161616162, 1.19446980, 1.00000000, 1.00000000, 1.00000000
0.717171717172, 0.626262626263, 1.19327640, 1.00000000, 1.00000000, 1.00000000
0.717171717172, 0.636363636364, 1.19130379, 1.00000000, 1.00000000, 1.00000000
0.717171717172, 0.646464646465, 1.18856001, 1.00000000, 1.00000000, 1.00000000
0.717171717172, 0.656565656566, 1.18505621, 1.00000000, 1.00000000, 1.00000000
0.717171717172, 0.666666666667, 1.18080662, 1.00000000, 1.00000000, 1.00000000
0.717171717172, 0.676767676768, 1.17582849, 1.00000000, 1.00000000, 1.00000000
0.717171717172, 0.686868686869, 1.17014201, 1.00000000, 1.00000000, 1.00000000
0.717171717172, 0.696969696970, 1.16377023, 1.00000000, 1.00000000, 1.00000000
0.717171717172, 0.707070707071, 1.15673898, 1.00000000, 1.00000000, 1.00000000
0.717171717172, 0.717171717172, 1.14907677, 1.00000000, 1.00000000, 1.00000000
0.717171717172, 0.727272727273, 1.14081464, 1.00000000, 1.00000000, 1.00000000
0.717171717172, 0.737373737374, 1.13198606, 1.00000000, 1.00000000, 1.00000000
0.717171717172, 0.747474747475, 1.12262679, 1.00000000, 1.00000000, 1.00000000
0.717171717172, 0.757575757576, 1.11277472, 1.00000000, 1.00000000, 1.00000000
0.717171717172, 0.767676767677, 1.10246975, 1.00000000, 1.00000000, 1.00000000
0.717171717172, 0.777777777778, 1.09175357, 1.00000000, 1.00000000, 1.00000000
0.717171717172, 0.787878787879, 1.08066954, 1.00000000, 1.00000000, 1.00000000
0.717171717172, 0.797979797980, 1.06926249, 1.00000000, 1.00000000, 1.00000000
0.717171717172, 0.808080808081, 1.05757852, 1.00000000, 1.00000000, 1.00000000
0.717171717172, 0.818181818182, 1.04566487, 1.00000000, 1.00000000, 1.00000000
0.717171717172, 0.828282828283, 1.03356964, 1.00000000, 1.00000000, 1.00000000
0.717171717172, 0.838383838384, 1.02134167, 1.00000000, 1.00000000, 1.00000000
0.717171717172, 0.848484848485, 1.00903031, 1.00000000, 1.00000000, 1.00000000
0.717171717172, 0.858585858586, 0.99668520, 1.00000000, 1.00000000, 1.00000000
0.717171717172, 0.868686868687, 0.98435611, 1.00000000, 1.00000000, 1.00000000
0.717171717172, 0.878787878788, 0.97209270, 1.00000000, 1.00000000, 1.00000000
0.717171717172, 0.888888888889, 0.95994434, 1.00000000, 1.00000000, 1.00000000
0.717171717172, 0.898989898990, 0.94795989, 1.00000000, 1.00000000, 1.00000000
0.717171717172, 0.909090909091, 0.93618753, 1.00000000, 1.00000000, 1.00000000
0.717171717172, 0.919191919192, 0.92467456, 1.00000000, 1.00000000, 1.00000000
0.717171717172, 0.929292929293, 0.91346725, 1.00000000, 1.00000000, 1.00000000
0.717171717172, 0.939393939394, 0.90261079, 1.00000000, 1.00000000, 1.00000000
0.717171717172, 0.949494949495, 0.89214953, 1.00000000, 1.00000000, 1.00000000
0.717171717172, 0.959595959596, 0.88212788, 1.00000000, 1.00000000, 1.00000000
0.727272727273, -0.000000000000, 0.83368303, 1.00000000, 1.00000000, 1.00000000
0.727272727273, 0.010101010101, 0.82800983, 1.00000000, 1.00000000, 1.00000000
0.727272727273, 0.020202020202, 0.82308156, 1.00000000, 1.00000000, 1.00000000
0.727272727273, 0.030303030303, 0.81884967, 1.00000000, 1.00000000, 1.00000000
0.727272727273, 0.040404040404, 0.81524442, 1.00000000, 1.00000000, 1.00000000
0.727272727273, 0.050505050505, 0.81220573, 1.00000000, 1.00000000, 1.00000000
0.727272727273, 0.060606060606, 0.80970958, 1.00000000, 1.00000000, 1.00000000
0.727272727273, 0.070707070707, 0.80777523, 1.00000000, 1.00000000, 1.00000000
0.727272727273, 0.080808080808, 0.80645229, 1.00000000, 1.00000000, 1.00000000
0.727272727273, 0.090909090909, 0.80579886, 1.00000000, 1.00000000, 1.00000000
0.727272727273, 0.101010101010, 0.80586355, 1.00000000, 1.00000000, 1.00000000
0.727272727273, 0.111111111111, 0.80667748, 1.00000000, 1.00000000, 1.00000000
0.727272727273, 0.121212121212, 0.80825510, 1.00000000, 1.00000000, 1.00000000
0.727272727273, 0.131313131313, 0.81059846, 1.00000000, 1.00000000, 1.00000000
0.727272727273, 0.141414141414, 0.81370162, 1.00000000, 1.00000000, 1.00000000
0.727272727273, 0.151515151515, 0.81755337, 1.00000000, 1.00000000, 1.00000000
0.727272727273, 0.161616161616, 0.82213876, 1.00000000, 1.00000000, 1.00000000
0.727272727273, 0.171717171717, 0.82743965, 1.00000000, 1.00000000, 1.00000000
0.727272727273, 0.181818181818, 0.83343499, 1.00000000, 1.00000000, 1.00000000
0.727272727273, 0.191919191919, 0.84010092, 1.00000000, 1.00000000, 1.00000000
0.727272727273, 0.202020202020, 0.84741092, 1.00000000, 1.00000000, 1.00000000
0.727272727273, 0.212121212121, 0.85533586, 1.00000000, 1.00000000, 1.00000000
0.727272727273, 0.222222222222, 0.86384413, 1.00000000, 1.00000000, 1.00000000
0.727272727273, 0.232323232323, 0.87290178, 1.00000000, 1.00000000, 1.00000000
0.727272727273, 0.242424242424, 0.88247261, 1.00000000, 1.00000000, 1.00000000
0.727272727273, 0.252525252525, 0.89251834, 1.00000000, 1.00000000, 1.00000000
0.727272727273, 0.262626262626, 0.90299876, 1.00000000, 1.00000000, 1.00000000
0.727272727273, 0.272727272727, 0.91387189, 1.00000000, 1.00000000, 1.00000000
0.727272727273, 0.282828282828, 0.92509411, 1.00000000, 1.00000000, 1.00000000
0.727272727273, 0.292929292929, 0.93662039, 1.00000000, 1.00000000, 1.00000000
0.727272727273, 0.303030303030, 0.94840443, 1.00000000, 1.00000000, 1.00000000
0.727272727273, 0.313131313131, 0.96039884, 1.00000000, 1.00000000, 1.00000000
0.727272727273, 0.323232323232, 0.97255539, 1.00000000, 1.00000000, 1.00000000
0.727272727273, 0.333333333333, 0.98482513, 1.00000000, 1.00000000, 1.00000000
0.727272727273, 0.343434343434, 0.99715863, 1.00000000, 1.00000000, 1.00000000
0.727272727273, 0.353535353535, 1.00950617, 1.00000000, 1.00000000, 1.00000000
0.727272727273, 0.363636363636, 1.02181795, 1.00000000, 1.00000000, 1.00000000
0.727272727273, 0.373737373737, 1.03404430, 1.00000000, 1.00000000, 1.00000000
0.727272727273, 0.383838383838, 1.04613584, 1.00000000, 1.00000000, 1.00000000
0.727272727273, 0.393939393939, 1.05804373, 1.00000000, 1.00000000, 1.00000000
0.727272727273, 0.404040404040, 1.06971987, 1.00000000, 1.00000000, 1.00000000
0.727272727273, 0.414141414141, 1.08111704, 1.00000000, 1.00000000, 1.00000000
0.727272727273, 0.424242424242, 1.09218917, 1.00000000, 1.00000000, 1.00000000
0.727272727273, 0.434343434343, 1.10289146, 1.00000000, 1.00000000, 1.00000000
0.727272727273, 0.444444444444, 1.11318061, 1.00000000, 1.00000000, 1.00000000
0.727272727273, 0.454545454545, 1.12301499, 1.00000000, 1.00000000, 1.00000000
0.727272727273, 0.464646464646, 1.13235477, 1.00000000, 1.00000000, 1.00000000
0.727272727273, 0.474747474747, 1.14116215, 1.00000000, 1.00000000, 1.00000000
0.727272727273, 0.484848484848, 1.14940146, 1.00000000, 1.00000000, 1.00000000
0.727272727273, 0.494949494949, 1.15703934, 1.00000000, 1.00000000, 1.00000000
0.727272727273, 0.505050505051, 1.16404483, 1.00000000, 1.00000000, 1.00000000
0.727272727273, 0.515151515152, 1.17038956, 1.00000000, 1.00000000, 1.00000000
0.727272727273, 0.525252525253, 1.17604783, 1.00000000, 1.00000000, 1.00000000
0.727272727273, 0.535353535354, 1.18099670, 1.00000000, 1.00000000, 1.00000000
0.727272727273, 0.545454545455, 1.18521611, 1.00000000, 1.00000000, 1.00000000
0.727272727273, 0.555555555556, 1.18868896, 1.00000000, 1.00000000, 1.00000000
0.727272727273, 0.565656565657, 1.19140114, 1.00000000, 1.00000000, 1.00000000
0.727272727273, 0.575757575758, 1.19334163, 1.00000000, 1.00000000, 1.00000000
0.727272727273, 0.585858585859, 1.19450254, 1.00000000, 1.00000000, 1.00000000
0.727272727273, 0.595959595960, 1.19487909, 1.00000000, 1.00000000, 1.00000000
0.727272727273, 0.606060606061, 1.19446980, 1.00000000, 1.00000000, 1.00000000
0.727272727273, 0.616161616162, 1.19327640, 1.00000000, 1.00000000, 1.00000000
0.727272727273, 0.626262626263, 1.19130379, 1.00000000, 1.00000000, 1.00000000
0.727272727273, 0.636363636364, 1.18856001, 1.00000000, 1.00000000, 1.00000000
0.727272727273, 0.646464646465, 1.18505621, 1.00000000, 1.00000000, 1.00000000
0.727272727273, 0.656565656566, 1.18080662, 1.00000000, 1.00000000, 1.00000000
0.727272727273, 0.666666666667, 1.17582849, 1.00000000, 1.00000000, 1.00000000
0.727272727273, 0.676767676768, 1.17014201, 1.00000000, 1.00000000, 1.00000000
0.727272727273, 0.686868686869, 1.16377023, 1.00000000, 1.00000000, 1.00000000
0.727272727273, 0.696969696970, 1.15673898, 1.00000000, 1.00000000, 1.00000000
0.727272727273, 0.707070707071, 1.14907677, 1.00000000, 1.00000000, 1.00000000
0.727272727273, 0.717171717172, 1.14081464, 1.00000000, 1.00000000, 1.00000000
0.727272727273, 0.727272727273, 1.13198606, 1.00000000, 1.00000000, 1.00000000
0.727272727273, 0.737373737374, 1.12262679, 1.00000000, 1.00000000, 1.00000000
0.727272727273, 0.747474747475, 1.11277472, 1.00000000, 1.00000000, 1.00000000
0.727272727273, 0.757575757576, 1.10246975, 1.00000000, 1.00000000, 1.00000000
0.727272727273, 0.767676767677, 1.09175357, 1.00000000, 1.00000000, 1.00000000
0.727272727273, 0.777777777778, 1.08066954, 1.00000000, 1.00000000, 1.00000000
0.727272727273, 0.787878787879, 1.06926249, 1.00000000, 1.00000000, 1.00000000
0.727272727273, 0.797979797980, 1.05757852, 1.00000000, 1.00000000, 1.00000000
0.727272727273, 0.808080808081, 1.04566487, 1.00000000, 1.00000000, 1.00000000
0.727272727273, 0.818181818182, 1.03356964, 1.00000000, 1.00000000, 1.00000000
0.727272727273, 0.828282828283, 1.02134167, 1.00000000, 1.00000000, 1.00000000
0.727272727273, 0.838383838384, 1.00903031, 1.00000000, 1.00000000, 1.00000000
0.727272727273, 0.848484848485, 0.99668520, 1.00000000, 1.00000000, 1.00000000
0.727272727273, 0.858585858586, 0.98435611, 1.00000000, 1.00000000, 1.00000000
0.727272727273, 0.868686868687, 0.97209270, 1.00000000, 1.00000000, 1.00000000
0.727272727273, 0.878787878788, 0.95994434, 1.00000000, 1.00000000, 1.00000000
0.727272727273, 0.888888888889, 0.94795989, 1.00000000, 1.00000000, 1.00000000
0.727272727273, 0.898989898990, 0.93618753, 1.00000000, 1.00000000, 1.00000000
0.727272727273, 0.909090909091, 0.92467454, 1.00000000, 1.00000000, 1.00000000
0.727272727273, 0.919191919192, 0.91346715, 1.00000000, 1.00000000, 1.00000000
0.727272727273, 0.929292929293, 0.90261035, 1.00000000, 1.00000000, 1.00000000
0.727272727273, 0.939393939394, 0.89214784, 1.00000000, 1.00000000, 1.00000000
0.727272727273, 0.949494949495, 0.88212225, 1.00000000, 1.00000000, 1.00000000
0.727272727273, 0.959595959596, 0.87257580, 1.00000000, 1.00000000, 1.00000000
0.737373737374, -0.000000000000, 0.82761317, 1.00000000, 1.00000000, 1.00000000
0.737373737374, 0.010101010101, 0.82256395, 1.00000000, 1.00000000, 1.00000000
0.737373737374, 0.020202020202, 0.81825802, 1.00000000, 1.00000000, 1.00000000
0.737373737374, 0.030303030303, 0.81465161, 1.00000000, 1.00000000, 1.00000000
0.737373737374, 0.040404040404, 0.81168473, 1.00000000, 1.00000000, 1.00000000
0.737373737374, 0.050505050505, 0.80930771, 1.00000000, 1.00000000, 1.00000000
0.737373737374, 0.060606060606, 0.80750311, 1.00000000, 1.00000000, 1.00000000
0.737373737374, 0.070707070707, 0.80629055, 1.00000000, 1.00000000, 1.00000000
0.737373737374, 0.080808080808, 0.80571454, 1.00000000, 1.00000000, 1.00000000
0.737373737374, 0.090909090909, 0.80582503, 1.00000000, 1.00000000, 1.00000000
0.737373737374, 0.101010101010, 0.80666210, 1.00000000, 1.00000000, 1.00000000
0.737373737374, 0.111111111111, 0.80824974, 1.00000000, 1.00000000, 1.00000000
0.737373737374, 0.121212121212, 0.81059684, 1.00000000, 1.00000000, 1.00000000
0.737373737374, 0.131313131313, 0.81370119, 1.00000000, 1.00000000, 1.00000000
0.737373737374, 0.141414141414, 0.81755328, 1.00000000, 1.00000000, 1.00000000
0.737373737374, 0.151515151515, 0.82213875, 1.00000000, 1.00000000, 1.00000000
0.737373737374, 0.161616161616, 0.82743965, 1.00000000, 1.00000000, 1.00000000
0.737373737374, 0.171717171717, 0.83343499, 1.00000000, 1.00000000, 1.00000000
0.737373737374, 0.181818181818, 0.84010092, 1.00000000, 1.00000000, 1.00000000
0.737373737374, 0.191919191919, 0.84741092, 1.00000000, 1.00000000, 1.00000000
0.737373737374, 0.202020202020, 0.85533586, 1.00000000, 1.00000000, 1.00000000
0.737373737374, 0.212121212121, 0.86384413, 1.00000000, 1.00000000, 1.00000000
0.737373737374, 0.222222222222, 0.87290178, 1.00000000, 1.00000000, 1.00000000
0.737373737374, 0.232323232323, 0.88247261, 1.00000000, 1.00000000, 1.00000000
0.737373737374, 0.242424242424, 0.89251834, 1.00000000, 1.00000000, 1.00000000
0.737373737374, 0.252525252525, 0.90299876, 1.00000000, 1.00000000, 1.00000000
0.737373737374, 0.262626262626, 0.91387189, 1.00000000, 1.00000000, 1.00000000
0.737373737374, 0.272727272727, 0.92509411, 1.00000000, 1.00000000, 1.00000000
0.737373737374, 0.282828282828, 0.93662039, 1.00000000, 1.00000000, 1.00000000
0.737373737374, 0.292929292929, 0.94840443, 1.00000000, 1.00000000, 1.00000000
0.737373737374, 0.303030303030, 0.96039884, 1.00000000, 1.00000000, 1.00000000
0.737373737374, 0.313131313131, 0.97255539, 1.00000000, 1.00000000, 1.00000000
0.737373737374, 0.323232323232, 0.98482513, 1.00000000, 1.00000000, 1.00000000
0.737373737374, 0.333333333333, 0.99715863, 1.00000000, 1.00000000, 1.00000000
0.737373737374, 0.343434343434, 1.00950617, 1.00000000, 1.00000000, 1.00000000
0.737373737374, 0.353535353535, 1.02181795, 1.00000000, 1.00000000, 1.00000000
0.737373737374, 0.363636363636, 1.03404430, 1.00000000, 1.00000000, 1.00000000
0.737373737374, 0.373737373737, 1.04613584, 1.00000000, 1.00000000, 1.00000000
0.737373737374, 0.383838383838, 1.05804373, 1.00000000, 1.00000000, 1.00000000
0.737373737374, 0.393939393939, 1.06971987, 1.00000000, 1.00000000, 1.00000000
0.737373737374, 0.404040404040, 1.08111704, 1.00000000, 1.00000000, 1.00000000
0.737373737374, 0.414141414141, 1.09218917, 1.00000000, 1.00000000, 1.00000000
0.737373737374, 0.424242424242, 1.10289146, 1.00000000, 1.00000000, 1.00000000
0.737373737374, 0.434343434343, 1.11318061, 1.00000000, 1.00000000, 1.00000000
0.737373737374, 0.444444444444, 1.12301499, 1.00000000, 1.00000000, 1.00000000
0.737373737374, 0.454545454545, 1.13235477, 1.00000000, 1.00000000, 1.00000000
0.737373737374, 0.464646464646, 1.14116215, 1.00000000, 1.00000000, 1.00000000
0.737373737374, 0.474747474747, 1.14940146, 1.00000000, 1.00000000, 1.00000000
0.737373737374, 0.484848484848, 1.15703934, 1.00000000, 1.00000000, 1.00000000
0.737373737374, 0.494949494949, 1.16404483, 1.00000000, 1.00000000, 1.00000000
0.737373737374, 0.505050505051, 1.17038956, 1.00000000, 1.00000000, 1.00000000
0.737373737374, 0.515151515152, 1.17604783, 1.00000000, 1.00000000, 1.00000000
0.737373737374, 0.525252525253, 1.18099670, 1.00000000, 1.00000000, 1.00000000
0.737373737374, 0.535353535354, 1.18521611, 1.00000000, 1.00000000, 1.00000000
0.737373737374, 0.545454545455, 1.18868896, 1.00000000, 1.00000000, 1.00000000
0.737373737374, 0.555555555556, 1.19140114, 1.00000000, 1.00000000, 1.00000000
0.737373737374, 0.565656565657, 1.19334163, 1.00000000, 1.00000000, 1.00000000
0.737373737374, 0.575757575758, 1.19450254, 1.00000000, 1.00000000, 1.00000000
0.737373737374, 0.585858585859, 1.19487909, 1.00000000, 1.00000000, 1.00000000
0.737373737374, 0.595959595960, 1.19446980, 1.00000000, 1.00000000, 1.00000000
0.737373737374, 0.606060606061, 1.19327640, 1.00000000, 1.00000000, 1.00000000
0.737373737374, 0.616161616162, 1.19130379, 1.00000000, 1.00000000, 1.00000000
0.737373737374, 0.626262626263, 1.18856001, 1.00000000, 1.00000000, 1.00000000
0.737373737374, 0.636363636364, 1.18505621, 1.00000000, 1.00000000, 1.00000000
0.737373737374, 0.646464646465, 1.18080662, 1.00000000, 1.00000000, 1.00000000
0.737373737374, 0.656565656566, 1.17582849, 1.00000000, 1.00000000, 1.00000000
0.737373737374, 0.666666666667, 1.17014201, 1.00000000, 1.00000000, 1.00000000
0.737373737374, 0.676767676768, 1.16377023, 1.00000000, 1.00000000, 1.00000000
0.737373737374, 0.686868686869, 1.15673898, 1.00000000, 1.00000000, 1.00000000
0.737373737374, 0.696969696970, 1.14907677, 1.00000000, 1.00000000, 1.00000000
0.737373737374, 0.707070707071, 1.14081464, 1.00000000, 1.00000000, 1.00000000
0.737373737374, 0.717171717172, 1.13198606, 1.00000000, 1.00000000, 1.00000000
0.737373737374, 0.727272727273, 1.12262679, 1.00000000, 1.00000000, 1.00000000
0.737373737374, 0.737373737374, 1.11277472, 1.00000000, 1.00000000, 1.00000000
0.737373737374, 0.747474747475, 1.10246975, 1.00000000, 1.00000000, 1.00000000
0.737373737374, 0.757575757576, 1.09175357, 1.00000000, 1.00000000, 1.00000000
0.737373737374, 0.767676767677, 1.08066954, 1.00000000, 1.00000000, 1.00000000
0.737373737374, 0.777777777778, 1.06926249, 1.00000000, 1.00000000, 1.00000000
0.737373737374, 0.787878787879, 1.05757852, 1.00000000, 1.00000000, 1.00000000
0.737373737374, 0.797979797980, 1.04566487, 1.00000000, 1.00000000, 1.00000000
0.737373737374, 0.808080808081, 1.03356964, 1.00000000, 1.00000000, 1.00000000
0.737373737374, 0.818181818182, 1.02134167, 1.00000000, 1.00000000, 1.00000000
0.737373737374, 0.828282828283, 1.00903031, 1.00000000, 1.00000000, 1.00000000
0.737373737374, 0.838383838384, 0.99668520, 1.00000000, 1.00000000, 1.00000000
0.737373737374, 0.848484848485, 0.98435611, 1.00000000, 1.00000000, 1.00000000
0.737373737374, 0.858585858586, 0.97209270, 1.00000000, 1.00000000, 1.00000000
0.737373737374, 0.868686868687, 0.95994434, 1.00000000, 1.00000000, 1.00000000
0.737373737374, 0.878787878788, 0.94795989, 1.00000000, 1.00000000, 1.00000000
0.737373737374, 0.888888888889, 0.93618753, 1.00000000, 1.00000000, 1.00000000
0.737373737374, 0.898989898990, 0.92467454, 1.00000000, 1.00000000, 1.00000000
0.737373737374, 0.909090909091, 0.91346713, 1.00000000, 1.00000000, 1.00000000
0.737373737374, 0.919191919192, 0.90261026, 1.00000000, 1.00000000, 1.00000000
0.737373737374, 0.929292929293, 0.89214746, 1.00000000, 1.00000000, 1.00000000
0.737373737374, 0.939393939394, 0.88212080, 1.00000000, 1.00000000, 1.00000000
0.737373737374, 0.949494949495, 0.87257097, 1.00000000, 1.00000000, 1.00000000
0.737373737374, 0.959595959596, 0.86353785, 1.00000000, 1.00000000, 1.00000000
0.747474747475, -0.000000000000, 0.82223637, 1.00000000, 1.00000000, 1.00000000
0.747474747475, 0.010101010101, 0.81783129, 1.00000000, 1.00000000, 1.00000000
0.747474747475, 0.020202020202, 0.81416501, 1.00000000, 1.00000000, 1.00000000
0.747474747475, 0.030303030303, 0.81119867, 1.00000000, 1.00000000, 1.00000000
0.747474747475, 0.040404040404, 0.80888216, 1.00000000, 1.00000000, 1.00000000
0.747474747475, 0.050505050505, 0.80717640, 1.00000000, 1.00000000, 1.00000000
0.747474747475, 0.060606060606, 0.80607057, 1.00000000, 1.00000000, 1.00000000
0.747474747475, 0.070707070707, 0.80558467, 1.00000000, 1.00000000, 1.00000000
0.747474747475, 0.080808080808, 0.80575785, 1.00000000, 1.00000000, 1.00000000
0.747474747475, 0.090909090909, 0.80663169, 1.00000000, 1.00000000, 1.00000000
0.747474747475, 0.101010101010, 0.80823772, 1.00000000, 1.00000000, 1.00000000
0.747474747475, 0.111111111111, 0.81059271, 1.00000000, 1.00000000, 1.00000000
0.747474747475, 0.121212121212, 0.81369996, 1.00000000, 1.00000000, 1.00000000
0.747474747475, 0.131313131313, 0.81755296, 1.00000000, 1.00000000, 1.00000000
0.747474747475, 0.141414141414, 0.82213868, 1.00000000, 1.00000000, 1.00000000
0.747474747475, 0.151515151515, 0.82743964, 1.00000000, 1.00000000, 1.00000000
0.747474747475, 0.161616161616, 0.83343498, 1.00000000, 1.00000000, 1.00000000
0.747474747475, 0.171717171717, 0.84010092, 1.00000000, 1.00000000, 1.00000000
0.747474747475, 0.181818181818, 0.84741092, 1.00000000, 1.00000000, 1.00000000
0.747474747475, 0.191919191919, 0.85533586, 1.00000000, 1.00000000, 1.00000000
0.747474747475, 0.202020202020, 0.86384413, 1.00000000, 1.00000000, 1.00000000
0.747474747475, 0.212121212121, 0.87290178, 1.00000000, 1.00000000, 1.00000000
0.747474747475, 0.222222222222, 0.88247261, 1.00000000, 1.00000000, 1.00000000
0.747474747475, 0.232323232323, 0.89251834, 1.00000000, 1.00000000, 1.00000000
0.747474747475, 0.242424242424, 0.90299876, 1.00000000, 1.00000000, 1.00000000
0.747474747475, 0.252525252525, 0.91387189, 1.00000000, 1.00000000, 1.00000000
0.747474747475, 0.262626262626, 0.92509411, 1.00000000, 1.00000000, 1.00000000
0.747474747475, 0.272727272727, 0.93662039, 1.00000000, 1.00000000, 1.00000000
0.747474747475, 0.282828282828, 0.94840443, 1.00000000, 1.00000000, 1.00000000
0.747474747475, 0.292929292929, 0.96039884, 1.00000000, 1.00000000, 1.00000000
0.747474747475, 0.303030303030, 0.97255539, 1.00000000, 1.00000000, 1.00000000
0.747474747475, 0.313131313131, 0.98482513, 1.00000000, 1.00000000, 1.00000000
0.747474747475, 0.323232323232, 0.99715863, 1.00000000, 1.00000000, 1.00000000
0.747474747475, 0.333333333333, 1.00950617, 1.00000000, 1.00000000, 1.00000000
0.747474747475, 0.343434343434, 1.02181795, 1.00000000, 1.00000000, 1.00000000
0.747474747475, 0.353535353535, 1.03404430, 1.00000000, 1.00000000, 1.00000000
0.747474747475, 0.363636363636, 1.04613584, 1.00000000, 1.00000000, 1.00000000
0.747474747475, 0.373737373737, 1.05804373, 1.00000000, 1.00000000, 1.00000000
0.747474747475, 0.383838383838, 1.06971987, 1.00000000, 1.00000000, 1.00000000
0.747474747475, 0.393939393939, 1.08111704, 1.00000000, 1.00000000, 1.00000000
0.747474747475, 0.404040404040, 1.09218917, 1.00000000, 1.00000000, 1.00000000
0.747474747475, 0.414141414141, 1.10289146, 1.00000000, 1.00000000, 1.00000000
0.747474747475, 0.424242424242, 1.11318061, 1.00000000, 1.00000000, 1.00000000
0.747474747475, 0.434343434343, 1.12301499, 1.00000000, 1.00000000, 1.00000000
0.747474747475, 0.444444444444, 1.13235477, 1.00000000, 1.00000000, 1.00000000
0.747474747475, 0.454545454545, 1.14116215, 1.00000000, 1.00000000, 1.00000000
0.747474747475, 0.464646464646, 1.14940146, 1.00000000, 1.00000000, 1.00000000
0.747474747475, 0.474747474747, 1.15703934, 1.00000000, 1.00000000, 1.00000000
0.747474747475, 0.484848484848, 1.16404483, 1.00000000, 1.00000000, 1.00000000
0.747474747475, 0.494949494949, 1.17038956, 1.00000000, 1.00000000, 1.00000000
0.747474747475, 0.505050505051, 1.17604783, 1.00000000, 1.00000000, 1.00000000
0.747474747475, 0.515151515152, 1.18099670, 1.00000000, 1.00000000, 1.00000000
0.747474747475, 0.525252525253, 1.18521611, 1.00000000, 1.00000000, 1.00000000
0.747474747475, 0.535353535354, 1.18868896, 1.00000000, 1.00000000, 1.00000000
0.747474747475, 0.545454545455, 1.19140114, 1.00000000, 1.00000000, 1.00000000
0.747474747475, 0.555555555556, 1.19334163, 1.00000000, 1.00000000, 1.00000000
0.747474747475, 0.565656565657, 1.19450254, 1.00000000, 1.00000000, 1.00000000
0.747474747475, 0.575757575758, 1.19487909, 1.00000000, 1.00000000, 1.00000000
0.747474747475, 0.585858585859, 1.19446980, 1.00000000, 1.00000000, 1.00000000
0.747474747475, 0.595959595960, 1.19327640, 1.00000000, 1.00000000, 1.00000000
0.747474747475, 0.606060606061, 1.19130379, 1.00000000, 1.00000000, 1.00000000
0.747474747475, 0.616161616162, 1.18856001, 1.00000000, 1.00000000, 1.00000000
0.747474747475, 0.626262626263, 1.18505621, 1.00000000, 1.00000000, 1.00000000
0.747474747475, 0.636363636364, 1.18080662, 1.00000000, 1.00000000, 1.00000000
0.747474747475, 0.646464646465, 1.17582849, 1.00000000, 1.00000000, 1.00000000
0.747474747475, 0.656565656566, 1.17014201, 1.00000000, 1.00000000, 1.00000000
0.747474747475, 0.666666666667, 1.16377023, 1.00000000, 1.00000000, 1.00000000
0.747474747475, 0.676767676768, 1.15673898, 1.00000000, 1.00000000, 1.00000000
0.747474747475, 0.686868686869, 1.14907677, 1.00000000, 1.00000000, 1.00000000
0.747474747475, 0.696969696970, 1.14081464, 1.00000000, 1.00000000, 1.00000000
0.747474747475, 0.707070707071, 1.13198606, 1.00000000, 1.00000000, 1.00000000
0.747474747475, 0.717171717172, 1.12262679, 1.00000000, 1.00000000, 1.00000000
0.747474747475, 0.727272727273, 1.11277472, 1.00000000, 1.00000000, 1.00000000
0.747474747475, 0.737373737374, 1.10246975, 1.00000000, 1.00000000, 1.00000000
0.747474747475, 0.747474747475, 1.09175357, 1.00000000, 1.00000000, 1.00000000
0.747474747475, 0.757575757576, 1.08066954, 1.00000000, 1.00000000, 1.00000000
0.747474747475, 0.767676767677, 1.06926249, 1.00000000, 1.00000000, 1.00000000
0.747474747475, 0.777777777778, 1.05757852, 1.00000000, 1.00000000, 1.00000000
0.747474747475, 0.787878787879, 1.04566487, 1.00000000, 1.00000000, 1.00000000
0.747474747475, 0.797979797980, 1.03356964, 1.00000000, 1.00000000, 1.00000000
0.747474747475, 0.808080808081, 1.02134167, 1.00000000, 1.00000000, 1.00000000
0.747474747475, 0.818181818182, 1.00903031, 1.00000000, 1.00000000, 1.00000000
0.747474747475, 0.828282828283, 0.99668520, 1.00000000, 1.00000000, 1.00000000
0.747474747475, 0.838383838384, 0.98435611, 1.00000000, 1.00000000, 1.00000000
0.747474747475, 0.848484848485, 0.97209270, 1.00000000, 1.00000000, 1.00000000
0.747474747475, 0.858585858586, 0.95994434, 1.00000000, 1.00000000, 1.00000000
0.747474747475, 0.868686868687, 0.94795989, 1.00000000, 1.00000000, 1.00000000
0.747474747475, 0.878787878788, 0.93618753, 1.00000000, 1.00000000, 1.00000000
0.747474747475, 0.888888888889, 0.92467454, 1.00000000, 1.00000000, 1.00000000
0.747474747475, 0.898989898990, 0.91346713, 1.00000000, 1.00000000, 1.00000000
0.747474747475, 0.909090909091, 0.90261025, 1.00000000, 1.00000000, 1.00000000
0.747474747475, 0.919191919192, 0.89214739, 1.00000000, 1.00000000, 1.00000000
0.747474747475, 0.929292929293, 0.88212049, 1.00000000, 1.00000000, 1.00000000
0.747474747475, 0.939393939394, 0.87256978, 1.00000000, 1.00000000, 1.00000000
0.747474747475, 0.949494949495, 0.86353386, 1.00000000, 1.00000000, 1.00000000
0.747474747475, 0.959595959596, 0.85505012, 1.00000000, 1.00000000, 1.00000000
0.757575757576, -0.000000000000, 0.81757411, 1.00000000, 1.00000000, 1.00000000
0.757575757576, 0.010101010101, 0.81383078, 1.00000000, 1.00000000, 1.00000000
0.757575757576, 0.020202020202, 0.81081888, 1.00000000, 1.00000000, 1.00000000
0.757575757576, 0.030303030303, 0.80850460, 1.00000000, 1.00000000, 1.00000000
0.757575757576, 0.040404040404, 0.80684787, 1.00000000, 1.00000000, 1.00000000
0.757575757576, 0.050505050505, 0.80582028, 1.00000000, 1.00000000, 1.00000000
0.757575757576, 0.060606060606, 0.80541772, 1.00000000, 1.00000000, 1.00000000
0.757575757576, 0.070707070707, 0.80566039, 1.00000000, 1.00000000, 1.00000000
0.757575757576, 0.080808080808, 0.80658195, 1.00000000, 1.00000000, 1.00000000
0.757575757576, 0.090909090909, 0.80821556, 1.00000000, 1.00000000, 1.00000000
0.757575757576, 0.101010101010, 0.81058412, 1.00000000, 1.00000000, 1.00000000
0.757575757576, 0.111111111111, 0.81369707, 1.00000000, 1.00000000, 1.00000000
0.757575757576, 0.121212121212, 0.81755212, 1.00000000, 1.00000000, 1.00000000
0.757575757576, 0.131313131313, 0.82213847, 1.00000000, 1.00000000, 1.00000000
0.757575757576, 0.141414141414, 0.82743959, 1.00000000, 1.00000000, 1.00000000
0.757575757576, 0.151515151515, 0.83343498, 1.00000000, 1.00000000, 1.00000000
0.757575757576, 0.161616161616, 0.84010092, 1.00000000, 1.00000000, 1.00000000
0.757575757576, 0.171717171717, 0.84741092, 1.00000000, 1.00000000, 1.00000000
0.757575757576, 0.181818181818, 0.85533586, 1.00000000, 1.00000000, 1.00000000
0.757575757576, 0.191919191919, 0.86384413, 1.00000000, 1.00000000, 1.00000000
0.757575757576, 0.202020202020, 0.87290178, 1.00000000, 1.00000000, 1.00000000
0.757575757576, 0.212121212121, 0.88247261, 1.00000000, 1.00000000, 1.00000000
0.757575757576, 0.222222222222, 0.89251834, 1.00000000, 1.00000000, 1.00000000
0.757575757576, 0.232323232323, 0.90299876, 1.00000000, 1.00000000, 1.00000000
0.757575757576, 0.242424242424, 0.91387189, 1.00000000, 1.00000000, 1.00000000
0.757575757576, 0.252525252525, 0.92509411, 1.00000000, 1.00000000, 1.00000000
0.757575757576, 0.262626262626, 0.93662039, 1.00000000, 1.00000000, 1.00000000
0.757575757576, 0.272727272727, 0.94840443, 1.00000000, 1.00000000, 1.00000000
0.757575757576, 0.282828282828, 0.96039884, 1.00000000, 1.00000000, 1.00000000
0.757575757576, 0.292929292929, 0.97255539, 1.00000000, 1.00000000, 1.00000000
0.757575757576, 0.303030303030, 0.98482513, 1.00000000, 1.00000000, 1.00000000
0.757575757576, 0.313131313131, 0.99715863, 1.00000000, 1.00000000, 1.00000000
0.757575757576, 0.323232323232, 1.00950617, 1.00000000, 1.00000000, 1.00000000
0.757575757576, 0.333333333333, 1.02181795, 1.00000000, 1.00000000, 1.00000000
0.757575757576, 0.343434343434, 1.03404430, 1.00000000, 1.00000000, 1.00000000
0.757575757576, 0.353535353535, 1.04613584, 1.00000000, 1.00000000, 1.00000000
0.757575757576, 0.363636363636, 1.05804373, 1.00000000, 1.00000000, 1.00000000
0.757575757576, 0.373737373737, 1.06971987, 1.00000000, 1.00000000, 1.00000000
0.757575757576, 0.383838383838, 1.08111704, 1.00000000, 1.00000000, 1.00000000
0.757575757576, 0.393939393939, 1.09218917, 1.00000000, 1.00000000, 1.00000000
0.757575757576, 0.404040404040, 1.10289146, 1.00000000, 1.00000000, 1.00000000
0.757575757576, 0.414141414141, 1.11318061, 1.00000000, 1.00000000, 1.00000000
0.757575757576, 0.424242424242, 1.12301499, 1.00000000, 1.00000000, 1.00000000
0.757575757576, 0.434343434343, 1.13235477, 1.00000000, 1.00000000, 1.00000000
0.757575757576, 0.444444444444, 1.14116215, 1.00000000, 1.00000000, 1.00000000
0.757575757576, 0.454545454545, 1.14940146, 1.00000000, 1.00000000, 1.00000000
0.757575757576, 0.464646464646, 1.15703934, 1.00000000, 1.00000000, 1.00000000
0.757575757576, 0.474747474747, 1.16404483, 1.00000000, 1.00000000, 1.00000000
0.757575757576, 0.484848484848, 1.17038956, 1.00000000, 1.00000000, 1.00000000
0.757575757576, 0.494949494949, 1.17604783, 1.00000000, 1.00000000, 1.00000000
0.757575757576, 0.505050505051, 1.18099670, 1.00000000, 1.00000000, 1.00000000
0.757575757576, 0.515151515152, 1.18521611, 1.00000000, 1.00000000, 1.00000000
0.757575757576, 0.525252525253, 1.18868896, 1.00000000, 1.00000000, 1.00000000
0.757575757576, 0.535353535354, 1.19140114, 1.00000000, 1.00000000, 1.00000000
0.757575757576, 0.545454545455, 1.19334163, 1.00000000, 1.00000000, 1.00000000
0.757575757576, 0.555555555556, 1.19450254, 1.00000000, 1.00000000, 1.00000000
0.757575757576, 0.565656565657, 1.19487909, 1.00000000, 1.00000000, 1.00000000
0.757575757576, 0.575757575758, 1.19446980, 1.00000000, 1.00000000, 1.00000000
0.757575757576, 0.585858585859, 1.19327640, 1.00000000, 1.00000000, 1.00000000
0.757575757576, 0.595959595960, 1.19130379, 1.00000000, 1.00000000, 1.00000000
0.757575757576, 0.606060606061, 1.18856001, 1.00000000, 1.00000000, 1.00000000
0.757575757576, 0.616161616162, 1.18505621, 1.00000000, 1.00000000, 1.00000000
0.757575757576, 0.626262626263, 1.18080662, 1.00000000, 1.00000000, 1.00000000
0.757575757576, 0.636363636364, 1.17582849, 1.00000000, 1.00000000, 1.00000000
0.757575757576, 0.646464646465, 1.17014201, 1.00000000, 1.00000000, 1.00000000
0.757575757576, 0.656565656566, 1.16377023, 1.00000000, 1.00000000, 1.00000000
0.757575757576, 0.666666666667, 1.15673898, 1.00000000, 1.00000000, 1.00000000
0.757575757576, 0.676767676768, 1.14907677, 1.00000000, 1.00000000, 1.00000000
0.757575757576, 0.686868686869, 1.14081464, 1.00000000, 1.00000000, 1.00000000
0.757575757576, 0.696969696970, 1.13198606, 1.00000000, 1.00000000, 1.00000000
0.757575757576, 0.707070707071, 1.12262679, 1.00000000, 1.00000000, 1.00000000
0.757575757576, 0.717171717172, 1.11277472, 1.00000000, 1.00000000, 1.00000000
0.757575757576, 0.727272727273, 1.10246975, 1.00000000, 1.00000000, 1.00000000
0.757575757576, 0.737373737374, 1.09175357, 1.00000000, 1.00000000, 1.00000000
0.757575757576, 0.747474747475, 1.08066954, 1.00000000, 1.00000000, 1.00000000
0.757575757576, 0.757575757576, 1.06926249, 1.00000000, 1.00000000, 1.00000000
0.757575757576, 0.767676767677, 1.05757852, 1.00000000, 1.00000000, 1.00000000
0.757575757576, 0.777777777778, 1.04566487, 1.00000000, 1.00000000, 1.00000000
0.757575757576, 0.787878787879, 1.03356964, 1.00000000, 1.00000000, 1.00000000
0.757575757576, 0.797979797980, 1.02134167, 1.00000000, 1.00000000, 1.00000000
0.757575757576, 0.808080808081, 1.00903031, 1.00000000, 1.00000000, 1.00000000
0.757575757576, 0.818181818182, 0.99668520, 1.00000000, 1.00000000, 1.00000000
0.757575757576, 0.828282828283, 0.98435611, 1.00000000, 1.00000000, 1.00000000
0.757575757576, 0.838383838384, 0.97209270, 1.00000000, 1.00000000, 1.00000000
0.757575757576, 0.848484848485, 0.95994434, 1.00000000, 1.00000000, 1.00000000
0.757575757576, 0.858585858586, 0.94795989, 1.00000000, 1.00000000, 1.00000000
0.757575757576, 0.868686868687, 0.93618753, 1.00000000, 1.00000000, 1.00000000
0.757575757576, 0.878787878788, 0.92467454, 1.00000000, 1.00000000, 1.00000000
0.757575757576, 0.888888888889, 0.91346713, 1.00000000, 1.00000000, 1.00000000
0.757575757576, 0.898989898990, 0.90261024, 1.00000000, 1.00000000, 1.00000000
0.757575757576, 0.909090909091, 0.89214738, 1.00000000, 1.00000000, 1.00000000
0.757575757576, 0.919191919192, 0.88212044, 1.00000000, 1.00000000, 1.00000000
0.757575757576, 0.929292929293, 0.87256954, 1.00000000, 1.00000000, 1.00000000
0.757575757576, 0.939393939394, 0.86353294, 1.00000000, 1.00000000, 1.00000000
0.757575757576, 0.949494949495, 0.85504702, 1.00000000, 1.00000000, 1.00000000
0.757575757576, 0.959595959596, 0.84714649, 1.00000000, 1.00000000, 1.00000000
0.767676767677, -0.000000000000, 0.81364503, 1.00000000, 1.00000000, 1.00000000
0.767676767677, 0.010101010101, 0.81057840, 1.00000000, 1.00000000, 1.00000000
0.767676767677, 0.020202020202, 0.80823302, 1.00000000, 1.00000000, 1.00000000
0.767676767677, 0.030303030303, 0.80658020, 1.00000000, 1.00000000, 1.00000000
0.767676767677, 0.040404040404, 0.80559000, 1.00000000, 1.00000000, 1.00000000
0.767676767677, 0.050505050505, 0.80524481, 1.00000000, 1.00000000, 1.00000000
0.767676767677, 0.060606060606, 0.80554712, 1.00000000, 1.00000000, 1.00000000
0.767676767677, 0.070707070707, 0.80651728, 1.00000000, 1.00000000, 1.00000000
0.767676767677, 0.080808080808, 0.80818345, 1.00000000, 1.00000000, 1.00000000
0.767676767677, 0.090909090909, 0.81057029, 1.00000000, 1.00000000, 1.00000000
0.767676767677, 0.101010101010, 0.81369193, 1.00000000, 1.00000000, 1.00000000
0.767676767677, 0.111111111111, 0.81755049, 1.00000000, 1.00000000, 1.00000000
0.767676767677, 0.121212121212, 0.82213802, 1.00000000, 1.00000000, 1.00000000
0.767676767677, 0.131313131313, 0.82743949, 1.00000000, 1.00000000, 1.00000000
0.767676767677, 0.141414141414, 0.83343496, 1.00000000, 1.00000000, 1.00000000
0.767676767677, 0.151515151515, 0.84010092, 1.00000000, 1.00000000, 1.00000000
0.767676767677, 0.161616161616, 0.84741092, 1.00000000, 1.00000000, 1.00000000
0.767676767677, 0.171717171717, 0.85533586, 1.00000000, 1.00000000, 1.00000000
0.767676767677, 0.181818181818, 0.86384413, 1.00000000, 1.00000000, 1.00000000
0.767676767677, 0.191919191919, 0.87290178, 1.00000000, 1.00000000, 1.00000000
0.767676767677, 0.202020202020, 0.88247261, 1.00000000, 1.00000000, 1.00000000
0.767676767677, 0.212121212121, 0.89251834, 1.00000000, 1.00000000, 1.00000000
0.767676767677, 0.222222222222, 0.90299876, 1.00000000, 1.00000000, 1.00000000
0.767676767677, 0.232323232323, 0.91387189, 1.00000000, 1.00000000, 1.00000000
0.767676767677, 0.242424242424, 0.92509411, 1.00000000, 1.00000000, 1.00000000
0.767676767677, 0.252525252525, 0.93662039, 1.00000000, 1.00000000, 1.00000000
0.767676767677, 0.262626262626, 0.94840443, 1.00000000, 1.00000000, 1.00000000
0.767676767677, 0.272727272727, 0.96039884, 1.00000000, 1.00000000, 1.00000000
0.767676767677, 0.282828282828, 0.97255539, 1.00000000, 1.00000000, 1.00000000
0.767676767677, 0.292929292929, 0.98482513, 1.00000000, 1.00000000, 1.00000000
0.767676767677, 0.303030303030, 0.99715863, 1.00000000, 1.00000000, 1.00000000
0.767676767677, 0.313131313131, 1.00950617, 1.00000000, 1.00000000, 1.00000000
0.767676767677, 0.323232323232, 1.02181795, 1.00000000, 1.00000000, 1.00000000
0.767676767677, 0.333333333333, 1.03404430, 1.00000000, 1.00000000, 1.00000000
0.767676767677, 0.343434343434, 1.04613584, 1.00000000, 1.00000000, 1.00000000
0.767676767677, 0.353535353535, 1.05804373, 1.00000000, 1.00000000, 1.00000000
0.767676767677, 0.363636363636, 1.06971987, 1.00000000, 1.00000000, 1.00000000
0.767676767677, 0.373737373737, 1.08111704, 1.00000000, 1.00000000, 1.00000000
0.767676767677, 0.383838383838, 1.09218917, 1.00000000, 1.00000000, 1.00000000
0.767676767677, 0.393939393939, 1.10289146, 1.00000000, 1.00000000, 1.00000000
0.767676767677, 0.404040404040, 1.11318061, 1.00000000, 1.00000000, 1.00000000
0.767676767677, 0.414141414141, 1.12301499, 1.00000000, 1.00000000, 1.00000000
0.767676767677, 0.424242424242, 1.13235477, 1.00000000, 1.00000000, 1.00000000
0.767676767677, 0.434343434343, 1.14116215, 1.00000000, 1.00000000, 1.00000000
0.767676767677, 0.444444444444, 1.14940146, 1.00000000, 1.00000000, 1.00000000
0.767676767677, 0.454545454545, 1.15703934, 1.00000000, 1.00000000, 1.00000000
0.767676767677, 0.464646464646, 1.16404483, 1.00000000, 1.00000000, 1.00000000
0.767676767677, 0.474747474747, 1.17038956, 1.00000000, 1.00000000, 1.00000000
0.767676767677, 0.484848484848, 1.17604783, 1.00000000, 1.00000000, 1.00000000
0.767676767677, 0.494949494949, 1.18099670, 1.00000000, 1.00000000, 1.00000000
0.767676767677, 0.505050505051, 1.18521611, 1.00000000, 1.00000000, 1.00000000
0.767676767677, 0.515151515152, 1.18868896, 1.00000000, 1.00000000, 1.00000000
0.767676767677, 0.525252525253, 1.19140114, 1.00000000, 1.00000000, 1.00000000
0.767676767677, 0.535353535354, 1.19334163, 1.00000000, 1.00000000, 1.00000000
0.767676767677, 0.545454545455, 1.19450254, 1.00000000, 1.00000000, 1.00000000
0.767676767677, 0.555555555556, 1.19487909, 1.00000000, 1.00000000, 1.00000000
0.767676767677, 0.565656565657, 1.19446980, 1.00000000, 1.00000000, 1.00000000
0.767676767677, 0.575757575758, 1.19327640, 1.00000000, 1.00000000, 1.00000000
0.767676767677, 0.585858585859, 1.19130379, 1.00000000, 1.00000000, 1.00000000
0.767676767677, 0.595959595960, 1.18856001, 1.00000000, 1.00000000, 1.00000000
0.767676767677, 0.606060606061, 1.18505621, 1.00000000, 1.00000000, 1.00000000
0.767676767677, 0.616161616162, 1.18080662, 1.00000000, 1.00000000, 1.00000000
0.767676767677, 0.626262626263, 1.17582849, 1.00000000, 1.00000000, 1.00000000
0.767676767677, 0.636363636364, 1.17014201, 1.00000000, 1.00000000, 1.00000000
0.767676767677, 0.646464646465, 1.16377023, 1.00000000, 1.00000000, 1.00000000
0.767676767677, 0.656565656566, 1.15673898, 1.00000000, 1.00000000, 1.00000000
0.767676767677, 0.666666666667, 1.14907677, 1.00000000, 1.00000000, 1.00000000
0.767676767677, 0.676767676768, 1.14081464, 1.00000000, 1.00000000, 1.00000000
0.767676767677, 0.686868686869, 1.13198606, 1.00000000, 1.00000000, 1.00000000
0.767676767677, 0.696969696970, 1.12262679, 1.00000000, 1.00000000, 1.00000000
0.767676767677, 0.707070707071, 1.11277472, 1.00000000, 1.00000000, 1.00000000
0.767676767677, 0.717171717172, 1.10246975, 1.00000000, 1.00000000, 1.00000000
0.767676767677, 0.727272727273, 1.09175357, 1.00000000, 1.00000000, 1.00000000
0.767676767677, 0.737373737374, 1.08066954, 1.00000000, 1.00000000, 1.00000000
0.767676767677, 0.747474747475, 1.06926249, 1.00000000, 1.00000000, 1.00000000
0.767676767677, 0.757575757576, 1.05757852, 1.00000000, 1.00000000, 1.00000000
0.767676767677, 0.767676767677, 1.04566487, 1.00000000, 1.00000000, 1.00000000
0.767676767677, 0.777777777778, 1.03356964, 1.00000000, 1.00000000, 1.00000000
0.767676767677, 0.787878787879, 1.02134167, 1.00000000, 1.00000000, 1.00000000
0.767676767677, 0.797979797980, 1.00903031, 1.00000000, 1.00000000, 1.00000000
0.767676767677, 0.808080808081, 0.99668520, 1.00000000, 1.00000000, 1.00000000
0.767676767677, 0.818181818182, 0.98435611, 1.00000000, 1.00000000, 1.00000000
0.767676767677, 0.828282828283, 0.97209270, 1.00000000, 1.00000000, 1.00000000
0.767676767677, 0.838383838384, 0.95994434, 1.00000000, 1.00000000, 1.00000000
0.767676767677, 0.848484848485, 0.94795989, 1.00000000, 1.00000000, 1.00000000
0.767676767677, 0.858585858586, 0.93618753, 1.00000000, 1.00000000, 1.00000000
0.767676767677, 0.868686868687, 0.92467454, 1.00000000, 1.00000000, 1.00000000
0.767676767677, 0.878787878788, 0.91346713, 1.00000000, 1.00000000, 1.00000000
0.767676767677, 0.888888888889, 0.90261024, 1.00000000, 1.00000000, 1.00000000
0.767676767677, 0.898989898990, 0.89214738, 1.00000000, 1.00000000, 1.00000000
0.767676767677, 0.909090909091, 0.88212043, 1.00000000, 1.00000000, 1.00000000
0.767676767677, 0.919191919192, 0.87256950, 1.00000000, 1.00000000, 1.00000000
0.767676767677, 0.929292929293, 0.86353277, 1.00000000, 1.00000000, 1.00000000
0.767676767677, 0.939393939394, 0.85504637, 1.00000000, 1.00000000, 1.00000000
0.767676767677, 0.949494949495, 0.84714430, 1.00000000, 1.00000000, 1.00000000
0.767676767677, 0.959595959596, 0.83985848, 1.00000000, 1.00000000, 1.00000000
0.777777777778, -0.000000000000, 0.81046485, 1.00000000, 1.00000000, 1.00000000
0.777777777778, 0.010101010101, 0.80808723, 1.00000000, 1.00000000, 1.00000000
0.777777777778, 0.020202020202, 0.80641783, 1.00000000, 1.00000000, 1.00000000
0.777777777778, 0.030303030303, 0.80543321, 1.00000000, 1.00000000, 1.00000000
0.777777777778, 0.040404040404, 0.80511364, 1.00000000, 1.00000000, 1.00000000
0.777777777778, 0.050505050505, 0.80545223, 1.00000000, 1.00000000, 1.00000000
0.777777777778, 0.060606060606, 0.80645810, 1.00000000, 1.00000000, 1.00000000
0.777777777778, 0.070707070707, 0.80815181, 1.00000000, 1.00000000, 1.00000000
0.777777777778, 0.080808080808, 0.81055592, 1.00000000, 1.00000000, 1.00000000
0.777777777778, 0.090909090909, 0.81368648, 1.00000000, 1.00000000, 1.00000000
0.777777777778, 0.101010101010, 0.81754881, 1.00000000, 1.00000000, 1.00000000
0.777777777778, 0.111111111111, 0.82213764, 1.00000000, 1.00000000, 1.00000000
0.777777777778, 0.121212121212, 0.82743944, 1.00000000, 1.00000000, 1.00000000
0.777777777778, 0.131313131313, 0.83343496, 1.00000000, 1.00000000, 1.00000000
0.777777777778, 0.141414141414, 0.84010092, 1.00000000, 1.00000000, 1.00000000
0.777777777778, 0.151515151515, 0.84741092, 1.00000000, 1.00000000, 1.00000000
0.777777777778, 0.161616161616, 0.85533586, 1.00000000, 1.00000000, 1.00000000
0.777777777778, 0.171717171717, 0.86384413, 1.00000000, 1.00000000, 1.00000000
0.777777777778, 0.181818181818, 0.87290178, 1.00000000, 1.00000000, 1.00000000
0.777777777778, 0.191919191919, 0.88247261, 1.00000000, 1.00000000, 1.00000000
0.777777777778, 0.202020202020, 0.89251834, 1.00000000, 1.00000000, 1.00000000
0.777777777778, 0.212121212121, 0.90299876, 1.00000000, 1.00000000, 1.00000000
0.777777777778, 0.222222222222, 0.91387189, 1.00000000, 1.00000000, 1.00000000
0.777777777778, 0.232323232323, 0.92509411, 1.00000000, 1.00000000, 1.00000000
0.777777777778, 0.242424242424, 0.93662039, 1.00000000, 1.00000000, 1.00000000
0.777777777778, 0.252525252525, 0.94840443, 1.00000000, 1.00000000, 1.00000000
0.777777777778, 0.262626262626, 0.96039884, 1.00000000, 1.00000000, 1.00000000
0.777777777778, 0.272727272727, 0.97255539, 1.00000000, 1.00000000, 1.00000000
0.777777777778, 0.282828282828, 0.98482513, 1.00000000, 1.00000000, 1.00000000
0.777777777778, 0.292929292929, 0.99715863, 1.00000000, 1.00000000, 1.00000000
0.777777777778, 0.303030303030, 1.00950617, 1.00000000, 1.00000000, 1.00000000
0.777777777778, 0.313131313131, 1.02181795, 1.00000000, 1.00000000, 1.00000000
0.777777777778, 0.323232323232, 1.03404430, 1.00000000, 1.00000000, 1.00000000
0.777777777778, 0.333333333333, 1.04613584, 1.00000000, 1.00000000, 1.00000000
0.777777777778, 0.343434343434, 1.05804373, 1.00000000, 1.00000000, 1.00000000
0.777777777778, 0.353535353535, 1.06971987, 1.00000000, 1.00000000, 1.00000000
0.777777777778, 0.363636363636, 1.08111704, 1.00000000, 1.00000000, 1.00000000
0.777777777778, 0.373737373737, 1.09218917, 1.00000000, 1.00000000, 1.00000000
0.777777777778, 0.383838383838, 1.10289146, 1.00000000, 1.00000000, 1.00000000
0.777777777778, 0.393939393939, 1.11318061, 1.00000000, 1.00000000, 1.00000000
0.777777777778, 0.404040404040, 1.12301499, 1.00000000, 1.00000000, 1.00000000
0.777777777778, 0.414141414141, 1.13235477, 1.00000000, 1.00000000, 1.00000000
0.777777777778, 0.424242424242, 1.14116215, 1.00000000, 1.00000000, 1.00000000
0.777777777778, 0.434343434343, 1.14940146, 1.00000000, 1.00000000, 1.00000000
0.777777777778, 0.444444444444, 1.15703934, 1.00000000, 1.00000000, 1.00000000
0.777777777778, 0.454545454545, 1.16404483, 1.00000000, 1.00000000, 1.00000000
0.777777777778, 0.464646464646, 1.17038956, 1.00000000, 1.00000000, 1.00000000
0.777777777778, 0.474747474747, 1.17604783, 1.00000000, 1.00000000, 1.00000000
0.777777777778, 0.484848484848, 1.18099670, 1.00000000, 1.00000000, 1.00000000
0.777777777778, 0.494949494949, 1.18521611, 1.00000000, 1.00000000, 1.00000000
0.777777777778, 0.505050505051, 1.18868896, 1.00000000, 1.00000000, 1.00000000
0.777777777778, 0.515151515152, 1.19140114, 1.00000000, 1.00000000, 1.00000000
0.777777777778, 0.525252525253, 1.19334163, 1.00000000, 1.00000000, 1.00000000
0.777777777778, 0.535353535354, 1.19450254, 1.00000000, 1.00000000, 1.00000000
0.777777777778, 0.545454545455, 1.19487909, 1.00000000, 1.00000000, 1.00000000
0.777777777778, 0.555555555556, 1.19446980, 1.00000000, 1.00000000, 1.00000000
0.777777777778, 0.565656565657, 1.19327640, 1.00000000, 1.00000000, 1.00000000
0.777777777778, 0.575757575758, 1.19130379, 1.00000000, 1.00000000, 1.00000000
0.777777777778, 0.585858585859, 1.18856001, 1.00000000, 1.00000000, 1.00000000
0.777777777778, 0.595959595960, 1.18505621, 1.00000000, 1.00000000, 1.00000000
0.777777777778, 0.606060606061, 1.18080662, 1.00000000, 1.00000000, 1.00000000
0.777777777778, 0.616161616162, 1.17582849, 1.00000000, 1.00000000, 1.00000000
0.777777777778, 0.626262626263, 1.17014201, 1.00000000, 1.00000000, 1.00000000
0.777777777778, 0.636363636364, 1.16377023, 1.00000000, 1.00000000, 1.00000000
0.777777777778, 0.646464646465, 1.15673898, 1.00000000, 1.00000000, 1.00000000
0.777777777778, 0.656565656566, 1.14907677, 1.00000000, 1.00000000, 1.00000000
0.777777777778, 0.666666666667, 1.14081464, 1.00000000, 1.00000000, 1.00000000
0.777777777778, 0.676767676768, 1.13198606, 1.00000000, 1.00000000, 1.00000000
0.777777777778, 0.686868686869, 1.12262679, 1.00000000, 1.00000000, 1.00000000
0.777777777778, 0.696969696970, 1.11277472, 1.00000000, 1.00000000, 1.00000000
0.777777777778, 0.707070707071, 1.10246975, 1.00000000, 1.00000000, 1.00000000
0.777777777778, 0.717171717172, 1.09175357, 1.00000000, 1.00000000, 1.00000000
0.777777777778, 0.727272727273, 1.08066954, 1.00000000, 1.00000000, 1.00000000
0.777777777778, 0.737373737374, 1.06926249, 1.00000000, 1.00000000, 1.00000000
0.777777777778, 0.747474747475, 1.05757852, 1.00000000, 1.00000000, 1.00000000
0.777777777778, 0.757575757576, 1.04566487, 1.00000000, 1.00000000, 1.00000000
0.777777777778, 0.767676767677, 1.03356964, 1.00000000, 1.00000000, 1.00000000
0.777777777778, 0.777777777778, 1.02134167, 1.00000000, 1.00000000, 1.00000000
0.777777777778, 0.787878787879, 1.00903031, 1.00000000, 1.00000000, 1.00000000
0.777777777778, 0.797979797980, 0.99668520, 1.00000000, 1.00000000, 1.00000000
0.777777777778, 0.808080808081, 0.98435611, 1.00000000, 1.00000000, 1.00000000
0.777777777778, 0.818181818182, 0.97209270, 1.00000000, 1.00000000, 1.00000000
0.777777777778, 0.828282828283, 0.95994434, 1.00000000, 1.00000000, 1.00000000
0.777777777778, 0.838383838384, 0.94795989, 1.00000000, 1.00000000, 1.00000000
0.777777777778, 0.848484848485, 0.93618753, 1.00000000, 1.00000000, 1.00000000
0.777777777778, 0.858585858586, 0.92467454, 1.00000000, 1.00000000, 1.00000000
0.777777777778, 0.868686868687, 0.91346713, 1.00000000, 1.00000000, 1.00000000
0.777777777778, 0.878787878788, 0.90261024, 1.00000000, 1.00000000, 1.00000000
0.777777777778, 0.888888888889, 0.89214738, 1.00000000, 1.00000000, 1.00000000
0.777777777778, 0.898989898990, 0.88212043, 1.00000000, 1.00000000, 1.00000000
0.777777777778, 0.909090909091, 0.87256950, 1.00000000, 1.00000000, 1.00000000
0.777777777778, 0.919191919192, 0.86353276, 1.00000000, 1.00000000, 1.00000000
0.777777777778, 0.929292929293, 0.85504629, 1.00000000, 1.00000000, 1.00000000
0.777777777778, 0.939393939394, 0.84714395, 1.00000000, 1.00000000, 1.00000000
0.777777777778, 0.949494949495, 0.83985723, 1.00000000, 1.00000000, 1.00000000
0.777777777778, 0.959595959596, 0.83321514, 1.00000000, 1.00000000, 1.00000000
0.787878787879, -0.000000000000, 0.80804637, 1.00000000, 1.00000000, 1.00000000
0.787878787879, 0.010101010101, 0.80636730, 1.00000000, 1.00000000, 1.00000000
0.787878787879, 0.020202020202, 0.80538066, 1.00000000, 1.00000000, 1.00000000
0.787878787879, 0.030303030303, 0.80506830, 1.00000000, 1.00000000, 1.00000000
0.787878787879, 0.040404040404, 0.80542064, 1.00000000, 1.00000000, 1.00000000
0.787878787879, 0.050505050505, 0.80644156, 1.00000000, 1.00000000, 1.00000000
0.787878787879, 0.060606060606, 0.80814693, 1.00000000, 1.00000000, 1.00000000
0.787878787879, 0.070707070707, 0.81055740, 1.00000000, 1.00000000, 1.00000000
0.787878787879, 0.080808080808, 0.81368988, 1.00000000, 1.00000000, 1.00000000
0.787878787879, 0.090909090909, 0.81755173, 1.00000000, 1.00000000, 1.00000000
0.787878787879, 0.101010101010, 0.82213942, 1.00000000, 1.00000000, 1.00000000
0.787878787879, 0.111111111111, 0.82744030, 1.00000000, 1.00000000, 1.00000000
0.787878787879, 0.121212121212, 0.83343531, 1.00000000, 1.00000000, 1.00000000
0.787878787879, 0.131313131313, 0.84010104, 1.00000000, 1.00000000, 1.00000000
0.787878787879, 0.141414141414, 0.84741095, 1.00000000, 1.00000000, 1.00000000
0.787878787879, 0.151515151515, 0.85533587, 1.00000000, 1.00000000, 1.00000000
0.787878787879, 0.161616161616, 0.86384413, 1.00000000, 1.00000000, 1.00000000
0.787878787879, 0.171717171717, 0.87290178, 1.00000000, 1.00000000, 1.00000000
0.787878787879, 0.181818181818, 0.88247261, 1.00000000, 1.00000000, 1.00000000
0.787878787879, 0.191919191919, 0.89251834, 1.00000000, 1.00000000, 1.00000000
0.787878787879, 0.202020202020, 0.90299876, 1.00000000, 1.00000000, 1.00000000
0.787878787879, 0.212121212121, 0.91387189, 1.00000000, 1.00000000, 1.00000000
0.787878787879, 0.222222222222, 0.92509411, 1.00000000, 1.00000000, 1.00000000
0.787878787879, 0.232323232323, 0.93662039, 1.00000000, 1.00000000, 1.00000000
0.787878787879, 0.242424242424, 0.94840443, 1.00000000, 1.00000000, 1.00000000
0.787878787879, 0.252525252525, 0.96039884, 1.00000000, 1.00000000, 1.00000000
0.787878787879, 0.262626262626, 0.97255539, 1.00000000, 1.00000000, 1.00000000
0.787878787879, 0.272727272727, 0.98482513, 1.00000000, 1.00000000, 1.00000000
0.787878787879, 0.282828282828, 0.99715863, 1.00000000, 1.00000000, 1.00000000
0.787878787879, 0.292929292929, 1.00950617, 1.00000000, 1.00000000, 1.00000000
0.787878787879, 0.303030303030, 1.02181795, 1.00000000, 1.00000000, 1.00000000
0.787878787879, 0.313131313131, 1.03404430, 1.00000000, 1.00000000, 1.00000000
0.787878787879, 0.323232323232, 1.04613584, 1.00000000, 1.00000000, 1.00000000
0.787878787879, 0.333333333333, 1.05804373, 1.00000000, 1.00000000, 1.00000000
0.787878787879, 0.343434343434, 1.06971987, 1.00000000, 1.00000000, 1.00000000
0.787878787879, 0.353535353535, 1.08111704, 1.00000000, 1.00000000, 1.00000000
0.787878787879, 0.363636363636, 1.09218917, 1.00000000, 1.00000000, 1.00000000
0.787878787879, 0.373737373737, 1.10289146, 1.00000000, 1.00000000, 1.00000000
0.787878787879, 0.383838383838, 1.11318061, 1.00000000, 1.00000000, 1.00000000
0.787878787879, 0.393939393939, 1.12301499, 1.00000000, 1.00000000, 1.00000000
0.787878787879, 0.404040404040, 1.13235477, 1.00000000, 1.00000000, 1.00000000
0.787878787879, 0.414141414141, 1.14116215, 1.00000000, 1.00000000, 1.00000000
0.787878787879, 0.424242424242, 1.14940146, 1.00000000, 1.00000000, 1.00000000
0.787878787879, 0.434343434343, 1.15703934, 1.00000000, 1.00000000, 1.00000000
0.787878787879, 0.444444444444, 1.16404483, 1.00000000, 1.00000000, 1.00000000
0.787878787879, 0.454545454545, 1.17038956, 1.00000000, 1.00000000, 1.00000000
0.787878787879, 0.464646464646, 1.17604783, 1.00000000, 1.00000000, 1.00000000
0.787878787879, 0.474747474747, 1.18099670, 1.00000000, 1.00000000, 1.00000000
0.787878787879, 0.484848484848, 1.18521611, 1.00000000, 1.00000000, 1.00000000
0.787878787879, 0.494949494949, 1.18868896, 1.00000000, 1.00000000, 1.00000000
0.787878787879, 0.505050505051, 1.19140114, 1.00000000, 1.00000000, 1.00000000
0.787878787879, 0.515151515152, 1.19334163, 1.00000000, 1.00000000, 1.00000000
0.787878787879, 0.525252525253, 1.19450254, 1.00000000, 1.00000000, 1.00000000
0.787878787879, 0.535353535354, 1.19487909, 1.00000000, 1.00000000, 1.00000000
0.787878787879, 0.545454545455, 1.19446980, 1.00000000, 1.00000000, 1.00000000
0.787878787879, 0.555555555556, 1.19327640, 1.00000000, 1.00000000, 1.00000000
0.787878787879, 0.565656565657, 1.19130379, 1.00000000, 1.00000000, 1.00000000
0.787878787879, 0.575757575758, 1.18856001, 1.00000000, 1.00000000, 1.00000000
0.787878787879, 0.585858585859, 1.18505621, 1.00000000, 1.00000000, 1.00000000
0.787878787879, 0.595959595960, 1.18080662, 1.00000000, 1.00000000, 1.00000000
0.787878787879, 0.606060606061, 1.17582849, 1.00000000, 1.00000000, 1.00000000
0.787878787879, 0.616161616162, 1.17014201, 1.00000000, 1.00000000, 1.00000000
0.787878787879, 0.626262626263, 1.16377023, 1.00000000, 1.00000000, 1.00000000
0.787878787879, 0.636363636364, 1.15673898, 1.00000000, 1.00000000, 1.00000000
0.787878787879, 0.646464646465, 1.14907677, 1.00000000, 1.00000000, 1.00000000
0.787878787879, 0.656565656566, 1.14081464, 1.00000000, 1.00000000, 1.00000000
0.787878787879, 0.666666666667, 1.13198606, 1.00000000, 1.00000000, 1.00000000
0.787878787879, 0.676767676768, 1.12262679, 1.00000000, 1.00000000, 1.00000000
0.787878787879, 0.686868686869, 1.11277472, 1.00000000, 1.00000000, 1.00000000
0.787878787879, 0.696969696970, 1.10246975, 1.00000000, 1.00000000, 1.00000000
0.787878787879, 0.707070707071, 1.09175357, 1.00000000, 1.00000000, 1.00000000
0.787878787879, 0.717171717172, 1.08066954, 1.00000000, 1.00000000, 1.00000000
0.787878787879, 0.727272727273, 1.06926249, 1.00000000, 1.00000000, 1.00000000
0.787878787879, 0.737373737374, 1.05757852, 1.00000000, 1.00000000, 1.00000000
0.787878787879, 0.747474747475, 1.04566487, 1.00000000, 1.00000000, 1.00000000
0.787878787879, 0.757575757576, 1.03356964, 1.00000000, 1.00000000, 1.00000000
0.787878787879, 0.767676767677, 1.02134167, 1.00000000, 1.00000000, 1.00000000
0.787878787879, 0.777777777778, 1.00903031, 1.00000000, 1.00000000, 1.00000000
0.787878787879, 0.787878787879, 0.99668520, 1.00000000, 1.00000000, 1.00000000
0.787878787879, 0.797979797980, 0.98435611, 1.00000000, 1.00000000, 1.00000000
0.787878787879, 0.808080808081, 0.97209270, 1.00000000, 1.00000000, 1.00000000
0.787878787879, 0.818181818182, 0.95994434, 1.00000000, 1.00000000, 1.00000000
0.787878787879, 0.828282828283, 0.94795989, 1.00000000, 1.00000000, 1.00000000
0.787878787879, 0.838383838384, 0.93618753, 1.00000000, 1.00000000, 1.00000000
0.787878787879, 0.848484848485, 0.92467454, 1.00000000, 1.00000000, 1.00000000
0.787878787879, 0.858585858586, 0.91346713, 1.00000000, 1.00000000, 1.00000000
0.787878787879, 0.868686868687, 0.90261024, 1.00000000, 1.00000000, 1.00000000
0.787878787879, 0.878787878788, 0.89214738, 1.00000000, 1.00000000, 1.00000000
0.787878787879, 0.888888888889, 0.88212043, 1.00000000, 1.00000000, 1.00000000
0.787878787879, 0.898989898990, 0.87256950, 1.00000000, 1.00000000, 1.00000000
0.787878787879, 0.909090909091, 0.86353276, 1.00000000, 1.00000000, 1.00000000
0.787878787879, 0.919191919192, 0.85504629, 1.00000000, 1.00000000, 1.00000000
0.787878787879, 0.929292929293, 0.84714394, 1.00000000, 1.00000000, 1.00000000
0.787878787879, 0.939393939394, 0.83985717, 1.00000000, 1.00000000, 1.00000000
0.787878787879, 0.949494949495, 0.83321485, 1.00000000, 1.00000000, 1.00000000
0.787878787879, 0.959595959596, 0.82724293, 1.00000000, 1.00000000, 1.00000000
0.797979797980, -0.000000000000, 0.80639934, 1.00000000, 1.00000000, 1.00000000
0.797979797980, 0.010101010101, 0.80542561, 1.00000000, 1.00000000, 1.00000000
0.797979797980, 0.020202020202, 0.80512581, 1.00000000, 1.00000000, 1.00000000
0.797979797980, 0.030303030303, 0.80548692, 1.00000000, 1.00000000, 1.00000000
0.797979797980, 0.040404040404, 0.80650966, 1.00000000, 1.00000000, 1.00000000
0.797979797980, 0.050505050505, 0.80820877, 1.00000000, 1.00000000, 1.00000000
0.797979797980, 0.060606060606, 0.81060678, 1.00000000, 1.00000000, 1.00000000
0.797979797980, 0.070707070707, 0.81372441, 1.00000000, 1.00000000, 1.00000000
0.797979797980, 0.080808080808, 0.81757283, 1.00000000, 1.00000000, 1.00000000
0.797979797980, 0.090909090909, 0.82215065, 1.00000000, 1.00000000, 1.00000000
0.797979797980, 0.101010101010, 0.82744551, 1.00000000, 1.00000000, 1.00000000
0.797979797980, 0.111111111111, 0.83343740, 1.00000000, 1.00000000, 1.00000000
0.797979797980, 0.121212121212, 0.84010176, 1.00000000, 1.00000000, 1.00000000
0.797979797980, 0.131313131313, 0.84741117, 1.00000000, 1.00000000, 1.00000000
0.797979797980, 0.141414141414, 0.85533592, 1.00000000, 1.00000000, 1.00000000
0.797979797980, 0.151515151515, 0.86384415, 1.00000000, 1.00000000, 1.00000000
0.797979797980, 0.161616161616, 0.87290178, 1.00000000, 1.00000000, 1.00000000
0.797979797980, 0.171717171717, 0.88247261, 1.00000000, 1.00000000, 1.00000000
0.797979797980, 0.181818181818, 0.89251834, 1.00000000, 1.00000000, 1.00000000
0.797979797980, 0.191919191919, 0.90299876, 1.00000000, 1.00000000, 1.00000000
0.797979797980, 0.202020202020, 0.91387189, 1.00000000, 1.00000000, 1.00000000
0.797979797980, 0.212121212121, 0.92509411, 1.00000000, 1.00000000, 1.00000000
0.797979797980, 0.222222222222, 0.93662039, 1.00000000, 1.00000000, 1.00000000
0.797979797980, 0.232323232323, 0.94840443, 1.00000000, 1.00000000, 1.00000000
0.797979797980, 0.242424242424, 0.96039884, 1.00000000, 1.00000000, 1.00000000
0.797979797980, 0.252525252525, 0.97255539, 1.00000000, 1.00000000, 1.00000000
0.797979797980, 0.262626262626, 0.98482513, 1.00000000, 1.00000000, 1.00000000
0.797979797980, 0.272727272727, 0.99715863, 1.00000000, 1.00000000, 1.00000000
0.797979797980, 0.282828282828, 1.00950617, 1.00000000, 1.00000000, 1.00000000
0.797979797980, 0.292929292929, 1.02181795, 1.00000000, 1.00000000, 1.00000000
0.797979797980, 0.303030303030, 1.03404430, 1.00000000, 1.00000000, 1.00000000
0.797979797980, 0.313131313131, 1.04613584, 1.00000000, 1.00000000, 1.00000000
0.797979797980, 0.323232323232, 1.05804373, 1.00000000, 1.00000000, 1.00000000
0.797979797980, 0.333333333333, 1.06971987, 1.00000000, 1.00000000, 1.00000000
0.797979797980, 0.343434343434, 1.08111704, 1.00000000, 1.00000000, 1.00000000
0.797979797980, 0.353535353535, 1.09218917, 1.00000000, 1.00000000, 1.00000000
0.797979797980, 0.363636363636, 1.10289146, 1.00000000, 1.00000000, 1.00000000
0.797979797980, 0.373737373737, 1.11318061, 1.00000000, 1.00000000, 1.00000000
0.797979797980, 0.383838383838, 1.12301499, 1.00000000, 1.00000000, 1.00000000
0.797979797980, 0.393939393939, 1.13235477, 1.00000000, 1.00000000, 1.00000000
0.797979797980, 0.404040404040, 1.14116215, 1.00000000, 1.00000000, 1.00000000
0.797979797980, 0.414141414141, 1.14940146, 1.00000000, 1.00000000, 1.00000000
0.797979797980, 0.424242424242, 1.15703934, 1.00000000, 1.00000000, 1.00000000
0.797979797980, 0.434343434343, 1.16404483, 1.00000000, 1.00000000, 1.00000000
0.797979797980, 0.444444444444, 1.17038956, 1.00000000, 1.00000000, 1.00000000
0.797979797980, 0.454545454545, 1.17604783, 1.00000000, 1.00000000, 1.00000000
0.797979797980, 0.464646464646, 1.18099670, 1.00000000, 1.00000000, 1.00000000
0.797979797980, 0.474747474747, 1.18521611, 1.00000000, 1.00000000, 1.00000000
0.797979797980, 0.484848484848, 1.18868896, 1.00000000, 1.00000000, 1.00000000
0.797979797980, 0.494949494949, 1.19140114, 1.00000000, 1.00000000, 1.00000000
0.797979797980, 0.505050505051, 1.19334163, 1.00000000, 1.00000000, 1.00000000
0.797979797980, 0.515151515152, 1.19450254, 1.00000000, 1.00000000, 1.00000000
0.797979797980, 0.525252525253, 1.19487909, 1.00000000, 1.00000000, 1.00000000
0.797979797980, 0.535353535354, 1.19446980, 1.00000000, 1.00000000, 1.00000000
0.797979797980, 0.545454545455, 1.19327640, 1.00000000, 1.00000000, 1.00000000
0.797979797980, 0.555555555556, 1.19130379, 1.00000000, 1.00000000, 1.00000000
0.797979797980, 0.565656565657, 1.18856001, 1.00000000, 1.00000000, 1.00000000
0.797979797980, 0.575757575758, 1.18505621, 1.00000000, 1.00000000, 1.00000000
0.797979797980, 0.585858585859, 1.18080662, 1.00000000, 1.00000000, 1.00000000
0.797979797980, 0.595959595960, 1.17582849, 1.00000000, 1.00000000, 1.00000000
0.797979797980, 0.606060606061, 1.17014201, 1.00000000, 1.00000000, 1.00000000
0.797979797980, 0.616161616162, 1.16377023, 1.00000000, 1.00000000, 1.00000000
0.797979797980, 0.626262626263, 1.15673898, 1.00000000, 1.00000000, 1.00000000
0.797979797980, 0.636363636364, 1.14907677, 1.00000000, 1.00000000, 1.00000000
0.797979797980, 0.646464646465, 1.14081464, 1.00000000, 1.00000000, 1.00000000
0.797979797980, 0.656565656566, 1.13198606, 1.00000000, 1.00000000, 1.00000000
0.797979797980, 0.666666666667, 1.12262679, 1.00000000, 1.00000000, 1.00000000
0.797979797980, 0.676767676768, 1.11277472, 1.00000000, 1.00000000, 1.00000000
0.797979797980, 0.686868686869, 1.10246975, 1.00000000, 1.00000000, 1.00000000
0.797979797980, 0.696969696970, 1.09175357, 1.00000000, 1.00000000, 1.00000000
0.797979797980, 0.707070707071, 1.08066954, 1.00000000, 1.00000000, 1.00000000
0.797979797980, 0.717171717172, 1.06926249, 1.00000000, 1.00000000, 1.00000000
0.797979797980, 0.727272727273, 1.05757852, 1.00000000, 1.00000000, 1.00000000
0.797979797980, 0.737373737374, 1.04566487, 1.00000000, 1.00000000, 1.00000000
0.797979797980, 0.747474747475, 1.03356964, 1.00000000, 1.00000000, 1.00000000
0.797979797980, 0.757575757576, 1.02134167, 1.00000000, 1.00000000, 1.00000000
0.797979797980, 0.767676767677, 1.00903031, 1.00000000, 1.00000000, 1.00000000
0.797979797980, 0.777777777778, 0.99668520, 1.00000000, 1.00000000, 1.00000000
0.797979797980, 0.787878787879, 0.98435611, 1.00000000, 1.00000000, 1.00000000
0.797979797980, 0.797979797980, 0.97209270, 1.00000000, 1.00000000, 1.00000000
0.797979797980, 0.808080808081, 0.95994434, 1.00000000, 1.00000000, 1.00000000
0.797979797980, 0.818181818182, 0.94795989, 1.00000000, 1.00000000, 1.00000000
0.797979797980, 0.828282828283, 0.93618753, 1.00000000, 1.00000000, 1.00000000
0.797979797980, 0.838383838384, 0.92467454, 1.00000000, 1.00000000, 1.00000000
0.797979797980, 0.848484848485, 0.91346713, 1.00000000, 1.00000000, 1.00000000
0.797979797980, 0.858585858586, 0.90261024, 1.00000000, 1.00000000, 1.00000000
0.797979797980, 0.868686868687, 0.89214738, 1.00000000, 1.00000000, 1.00000000
0.797979797980, 0.878787878788, 0.88212043, 1.00000000, 1.00000000, 1.00000000
0.797979797980, 0.888888888889, 0.87256950, 1.00000000, 1.00000000, 1.00000000
0.797979797980, 0.898989898990, 0.86353276, 1.00000000, 1.00000000, 1.00000000
0.797979797980, 0.909090909091, 0.85504629, 1.00000000, 1.00000000, 1.00000000
0.797979797980, 0.919191919192, 0.84714396, 1.00000000, 1.00000000, 1.00000000
0.797979797980, 0.929292929293, 0.83985725, 1.00000000, 1.00000000, 1.00000000
0.797979797980, 0.939393939394, 0.83321509, 1.00000000, 1.00000000, 1.00000000
0.797979797980, 0.949494949495, 0.82724361, 1.00000000, 1.00000000, 1.00000000
0.797979797980, 0.959595959596, 0.82196563, 1.00000000, 1.00000000, 1.00000000
0.808080808081, -0.000000000000, 0.80553048, 1.00000000, 1.00000000, 1.00000000
0.808080808081, 0.010101010101, 0.80526612, 1.00000000, 1.00000000, 1.00000000
0.808080808081, 0.020202020202, 0.80565428, 1.00000000, 1.00000000, 1.00000000
0.808080808081, 0.030303030303, 0.80668732, 1.00000000, 1.00000000, 1.00000000
0.808080808081, 0.040404040404, 0.80837628, 1.00000000, 1.00000000, 1.00000000
0.808080808081, 0.050505050505, 0.81074673, 1.00000000, 1.00000000, 1.00000000
0.808080808081, 0.060606060606, 0.81382780, 1.00000000, 1.00000000, 1.00000000
0.808080808081, 0.070707070707, 0.81764020, 1.00000000, 1.00000000, 1.00000000
0.808080808081, 0.080808080808, 0.82218929, 1.00000000, 1.00000000, 1.00000000
0.808080808081, 0.090909090909, 0.82746496, 1.00000000, 1.00000000, 1.00000000
0.808080808081, 0.101010101010, 0.83344597, 1.00000000, 1.00000000, 1.00000000
0.808080808081, 0.111111111111, 0.84010506, 1.00000000, 1.00000000, 1.00000000
0.808080808081, 0.121212121212, 0.84741227, 1.00000000, 1.00000000, 1.00000000
0.808080808081, 0.131313131313, 0.85533624, 1.00000000, 1.00000000, 1.00000000
0.808080808081, 0.141414141414, 0.86384422, 1.00000000, 1.00000000, 1.00000000
0.808080808081, 0.151515151515, 0.87290180, 1.00000000, 1.00000000, 1.00000000
0.808080808081, 0.161616161616, 0.88247261, 1.00000000, 1.00000000, 1.00000000
0.808080808081, 0.171717171717, 0.89251834, 1.00000000, 1.00000000, 1.00000000
0.808080808081, 0.181818181818, 0.90299876, 1.00000000, 1.00000000, 1.00000000
0.808080808081, 0.191919191919, 0.91387189, 1.00000000, 1.00000000, 1.00000000
0.808080808081, 0.202020202020, 0.92509411, 1.00000000, 1.00000000, 1.00000000
0.808080808081, 0.212121212121, 0.93662039, 1.00000000, 1.00000000, 1.00000000
0.808080808081, 0.222222222222, 0.94840443, 1.00000000, 1.00000000, 1.00000000
0.808080808081, 0.232323232323, 0.96039884, 1.00000000, 1.00000000, 1.00000000
0.808080808081, 0.242424242424, 0.97255539, 1.00000000, 1.00000000, 1.00000000
0.808080808081, 0.252525252525, 0.98482513, 1.00000000, 1.00000000, 1.00000000
0.808080808081, 0.262626262626, 0.99715863, 1.00000000, 1.00000000, 1.00000000
0.808080808081, 0.272727272727, 1.00950617, 1.00000000, 1.00000000, 1.00000000
0.808080808081, 0.282828282828, 1.02181795, 1.00000000, 1.00000000, 1.00000000
0.808080808081, 0.292929292929, 1.03404430, 1.00000000, 1.00000000, 1.00000000
0.808080808081, 0.303030303030, 1.04613584, 1.00000000, 1.00000000, 1.00000000
0.808080808081, 0.313131313131, 1.05804373, 1.00000000, 1.00000000, 1.00000000
0.808080808081, 0.323232323232, 1.06971987, 1.00000000, 1.00000000, 1.00000000
0.808080808081, 0.333333333333, 1.08111704, 1.00000000, 1.00000000, 1.00000000
0.808080808081, 0.343434343434, 1.09218917, 1.00000000, 1.00000000, 1.00000000
0.808080808081, 0.353535353535, 1.10289146, 1.00000000, 1.00000000, 1.00000000
0.808080808081, 0.363636363636, 1.11318061, 1.00000000, 1.00000000, 1.00000000
0.808080808081, 0.373737373737, 1.12301499, 1.00000000, 1.00000000, 1.00000000
0.808080808081, 0.383838383838, 1.13235477, 1.00000000, 1.00000000, 1.00000000
0.808080808081, 0.393939393939, 1.14116215, 1.00000000, 1.00000000, 1.00000000
0.808080808081, 0.404040404040, 1.14940146, 1.00000000, 1.00000000, 1.00000000
0.808080808081, 0.414141414141, 1.15703934, 1.00000000, 1.00000000, 1.00000000
0.808080808081, 0.424242424242, 1.16404483, 1.00000000, 1.00000000, 1.00000000
0.808080808081, 0.434343434343, 1.17038956, 1.00000000, 1.00000000, 1.00000000
0.808080808081, 0.444444444444, 1.17604783, 1.00000000, 1.00000000, 1.00000000
0.808080808081, 0.454545454545, 1.18099670, 1.00000000, 1.00000000, 1.00000000
0.808080808081, 0.464646464646, 1.18521611, 1.00000000, 1.00000000, 1.00000000
0.808080808081, 0.474747474747, 1.18868896, 1.00000000, 1.00000000, 1.00000000
0.808080808081, 0.484848484848, 1.19140114, 1.00000000, 1.00000000, 1.00000000
0.808080808081, 0.494949494949, 1.19334163, 1.00000000, 1.00000000, 1.00000000
0.808080808081, 0.505050505051, 1.19450254, 1.00000000, 1.00000000, 1.00000000
0.808080808081, 0.515151515152, 1.19487909, 1.00000000, 1.00000000, 1.00000000
0.808080808081, 0.525252525253, 1.19446980, 1.00000000, 1.00000000, 1.00000000
0.808080808081, 0.535353535354, 1.19327640, 1.00000000, 1.00000000, 1.00000000
0.808080808081, 0.545454545455, 1.19130379, 1.00000000, 1.00000000, 1.00000000
0.808080808081, 0.555555555556, 1.18856001, 1.00000000, 1.00000000, 1.00000000
0.808080808081, 0.565656565657, 1.18505621, 1.00000000, 1.00000000, 1.00000000
0.808080808081, 0.575757575758, 1.18080662, 1.00000000, 1.00000000, 1.00000000
0.808080808081, 0.585858585859, 1.17582849, 1.00000000, 1.00000000, 1.00000000
0.808080808081, 0.595959595960, 1.17014201, 1.00000000, 1.00000000, 1.00000000
0.808080808081, 0.606060606061, 1.16377023, 1.00000000, 1.00000000, 1.00000000
0.808080808081, 0.616161616162, 1.15673898, 1.00000000, 1.00000000, 1.00000000
0.808080808081, 0.626262626263, 1.14907677, 1.00000000, 1.00000000, 1.00000000
0.808080808081, 0.636363636364, 1.14081464, 1.00000000, 1.00000000, 1.00000000
0.808080808081, 0.646464646465, 1.13198606, 1.00000000, 1.00000000, 1.00000000
0.808080808081, 0.656565656566, 1.12262679, 1.00000000, 1.00000000, 1.00000000
0.808080808081, 0.666666666667, 1.11277472, 1.00000000, 1.00000000, 1.00000000
0.808080808081, 0.676767676768, 1.10246975, 1.00000000, 1.00000000, 1.00000000
0.808080808081, 0.686868686869, 1.09175357, 1.00000000, 1.00000000, 1.00000000
0.808080808081, 0.696969696970, 1.08066954, 1.00000000, 1.00000000, 1.00000000
0.808080808081, 0.707070707071, 1.06926249, 1.00000000, 1.00000000, 1.00000000
0.808080808081, 0.717171717172, 1.05757852, 1.00000000, 1.00000000, 1.00000000
0.808080808081, 0.727272727273, 1.04566487, 1.00000000, 1.00000000, 1.00000000
0.808080808081, 0.737373737374, 1.03356964, 1.00000000, 1.00000000, 1.00000000
0.808080808081, 0.747474747475, 1.02134167, 1.00000000, 1.00000000, 1.00000000
0.808080808081, 0.757575757576, 1.00903031, 1.00000000, 1.00000000, 1.00000000
0.808080808081, 0.767676767677, 0.99668520, 1.00000000, 1.00000000, 1.00000000
0.808080808081, 0.777777777778, 0.98435611, 1.00000000, 1.00000000, 1.00000000
0.808080808081, 0.787878787879, 0.97209270, 1.00000000, 1.00000000, 1.00000000
0.808080808081, 0.797979797980, 0.95994434, 1.00000000, 1.00000000, 1.00000000
0.808080808081, 0.808080808081, 0.94795989, 1.00000000, 1.00000000, 1.00000000
0.808080808081, 0.818181818182, 0.93618753, 1.00000000, 1.00000000, 1.00000000
0.808080808081, 0.828282828283, 0.92467454, 1.00000000, 1.00000000, 1.00000000
0.808080808081, 0.838383838384, 0.91346713, 1.00000000, 1.00000000, 1.00000000
0.808080808081, 0.848484848485, 0.90261024, 1.00000000, 1.00000000, 1.00000000
0.808080808081, 0.858585858586, 0.89214738, 1.00000000, 1.00000000, 1.00000000
0.808080808081, 0.868686868687, 0.88212043, 1.00000000, 1.00000000, 1.00000000
0.808080808081, 0.878787878788, 0.87256950, 1.00000000, 1.00000000, 1.00000000
0.808080808081, 0.888888888889, 0.86353276, 1.00000000, 1.00000000, 1.00000000
0.808080808081, 0.898989898990, 0.85504630, 1.00000000, 1.00000000, 1.00000000
0.808080808081, 0.909090909091, 0.84714397, 1.00000000, 1.00000000, 1.00000000
0.808080808081, 0.919191919192, 0.83985729, 1.00000000, 1.00000000, 1.00000000
0.808080808081, 0.929292929293, 0.83321525, 1.00000000, 1.00000000, 1.00000000
0.808080808081, 0.939393939394, 0.82724415, 1.00000000, 1.00000000, 1.00000000
0.808080808081, 0.949494949495, 0.82196729, 1.00000000, 1.00000000, 1.00000000
0.808080808081, 0.959595959596, 0.81740426, 1.00000000, 1.00000000, 1.00000000
0.818181818182, -0.000000000000, 0.80544344, 1.00000000, 1.00000000, 1.00000000
0.818181818182, 0.010101010101, 0.80588945, 1.00000000, 1.00000000, 1.00000000
0.818181818182, 0.020202020202, 0.80696396, 1.00000000, 1.00000000, 1.00000000
0.818181818182, 0.030303030303, 0.80866470, 1.00000000, 1.00000000, 1.00000000
0.818181818182, 0.040404040404, 0.81101302, 1.00000000, 1.00000000, 1.00000000
0.818181818182, 0.050505050505, 0.81404527, 1.00000000, 1.00000000, 1.00000000
0.818181818182, 0.060606060606, 0.81779710, 1.00000000, 1.00000000, 1.00000000
0.818181818182, 0.070707070707, 0.82228914, 1.00000000, 1.00000000, 1.00000000
0.818181818182, 0.080808080808, 0.82752090, 1.00000000, 1.00000000, 1.00000000
0.818181818182, 0.090909090909, 0.83347350, 1.00000000, 1.00000000, 1.00000000
0.818181818182, 0.101010101010, 0.84011693, 1.00000000, 1.00000000, 1.00000000
0.818181818182, 0.111111111111, 0.84741674, 1.00000000, 1.00000000, 1.00000000
0.818181818182, 0.121212121212, 0.85533770, 1.00000000, 1.00000000, 1.00000000
0.818181818182, 0.131313131313, 0.86384464, 1.00000000, 1.00000000, 1.00000000
0.818181818182, 0.141414141414, 0.87290190, 1.00000000, 1.00000000, 1.00000000
0.818181818182, 0.151515151515, 0.88247263, 1.00000000, 1.00000000, 1.00000000
0.818181818182, 0.161616161616, 0.89251834, 1.00000000, 1.00000000, 1.00000000
0.818181818182, 0.171717171717, 0.90299876, 1.00000000, 1.00000000, 1.00000000
0.818181818182, 0.181818181818, 0.91387189, 1.00000000, 1.00000000, 1.00000000
0.818181818182, 0.191919191919, 0.92509411, 1.00000000, 1.00000000, 1.00000000
0.818181818182, 0.202020202020, 0.93662039, 1.00000000, 1.00000000, 1.00000000
0.818181818182, 0.212121212121, 0.94840443, 1.00000000, 1.00000000, 1.00000000
0.818181818182, 0.222222222222, 0.96039884, 1.00000000, 1.00000000, 1.00000000
0.818181818182, 0.232323232323, 0.97255539, 1.00000000, 1.00000000, 1.00000000
0.818181818182, 0.242424242424, 0.98482513, 1.00000000, 1.00000000, 1.00000000
0.818181818182, 0.252525252525, 0.99715863, 1.00000000, 1.00000000, 1.00000000
0.818181818182, 0.262626262626, 1.00950617, 1.00000000, 1.00000000, 1.00000000
0.818181818182, 0.272727272727, 1.02181795, 1.00000000, 1.00000000, 1.00000000
0.818181818182, 0.282828282828, 1.03404430, 1.00000000, 1.00000000, 1.00000000
0.818181818182, 0.292929292929, 1.04613584, 1.00000000, 1.00000000, 1.00000000
0.818181818182, 0.303030303030, 1.05804373, 1.00000000, 1.00000000, 1.00000000
0.818181818182, 0.313131313131, 1.06971987, 1.00000000, 1.00000000, 1.00000000
0.818181818182, 0.323232323232, 1.08111704, 1.00000000, 1.00000000, 1.00000000
0.818181818182, 0.333333333333, 1.09218917, 1.00000000, 1.00000000, 1.00000000
0.818181818182, 0.343434343434, 1.10289146, 1.00000000, 1.00000000, 1.00000000
0.818181818182, 0.353535353535, 1.11318061, 1.00000000, 1.00000000, 1.00000000
0.818181818182, 0.363636363636, 1.12301499, 1.00000000, 1.00000000, 1.00000000
0.818181818182, 0.373737373737, 1.13235477, 1.00000000, 1.00000000, 1.00000000
0.818181818182, 0.383838383838, 1.14116215, 1.00000000, 1.00000000, 1.00000000
0.818181818182, 0.393939393939, 1.14940146, 1.00000000, 1.00000000, 1.00000000
0.818181818182, 0.404040404040, 1.15703934, 1.00000000, 1.00000000, 1.00000000
0.818181818182, 0.414141414141, 1.16404483, 1.00000000, 1.00000000, 1.00000000
0.818181818182, 0.424242424242, 1.17038956, 1.00000000, 1.00000000, 1.00000000
0.818181818182, 0.434343434343, 1.17604783, 1.00000000, 1.00000000, 1.00000000
0.818181818182, 0.444444444444, 1.18099670, 1.00000000, 1.00000000, 1.00000000
0.818181818182, 0.454545454545, 1.18521611, 1.00000000, 1.00000000, 1.00000000
0.818181818182, 0.464646464646, 1.18868896, 1.00000000, 1.00000000, 1.00000000
0.818181818182, 0.474747474747, 1.19140114, 1.00000000, 1.00000000, 1.00000000
0.818181818182, 0.484848484848, 1.19334163, 1.00000000, 1.00000000, 1.00000000
0.818181818182, 0.494949494949, 1.19450254, 1.00000000, 1.00000000, 1.00000000
0.818181818182, 0.505050505051, 1.19487909, 1.00000000, 1.00000000, 1.00000000
0.818181818182, 0.515151515152, 1.19446980, 1.00000000, 1.00000000, 1.00000000
0.818181818182, 0.525252525253, 1.19327640, 1.00000000, 1.00000000, 1.00000000
0.818181818182, 0.535353535354, 1.19130379, 1.00000000, 1.00000000, 1.00000000
0.818181818182, 0.545454545455, 1.18856001, 1.00000000, 1.00000000, 1.00000000
0.818181818182, 0.555555555556, 1.18505621, 1.00000000, 1.00000000, 1.00000000
0.818181818182, 0.565656565657, 1.18080662, 1.00000000, 1.00000000, 1.00000000
0.818181818182, 0.575757575758, 1.17582849, 1.00000000, 1.00000000, 1.00000000
0.818181818182, 0.585858585859, 1.17014201, 1.00000000, 1.00000000, 1.00000000
0.818181818182, 0.595959595960, 1.16377023, 1.00000000, 1.00000000, 1.00000000
0.818181818182, 0.606060606061, 1.15673898, 1.00000000, 1.00000000, 1.00000000
0.818181818182, 0.616161616162, 1.14907677, 1.00000000, 1.00000000, 1.00000000
0.818181818182, 0.626262626263, 1.14081464, 1.00000000, 1.00000000, 1.00000000
0.818181818182, 0.636363636364, 1.13198606, 1.00000000, 1.00000000, 1.00000000
0.818181818182, 0.646464646465, 1.12262679, 1.00000000, 1.00000000, 1.00000000
0.818181818182, 0.656565656566, 1.11277472, 1.00000000, 1.00000000, 1.00000000
0.818181818182, 0.666666666667, 1.10246975, 1.00000000, 1.00000000, 1.00000000
0.818181818182, 0.676767676768, 1.09175357, 1.00000000, 1.00000000, 1.00000000
0.818181818182, 0.686868686869, 1.08066954, 1.00000000, 1.00000000, 1.00000000
0.818181818182, 0.696969696970, 1.06926249, 1.00000000, 1.00000000, 1.00000000
0.818181818182, 0.707070707071, 1.05757852, 1.00000000, 1.00000000, 1.00000000
0.818181818182, 0.717171717172, 1.04566487, 1.00000000, 1.00000000, 1.00000000
0.818181818182, 0.727272727273, 1.03356964, 1.00000000, 1.00000000, 1.00000000
0.818181818182, 0.737373737374, 1.02134167, 1.00000000, 1.00000000, 1.00000000
0.818181818182, 0.747474747475, 1.00903031, 1.00000000, 1.00000000, 1.00000000
0.818181818182, 0.757575757576, 0.99668520, 1.00000000, 1.00000000, 1.00000000
0.818181818182, 0.767676767677, 0.98435611, 1.00000000, 1.00000000, 1.00000000
0.818181818182, 0.777777777778, 0.97209270, 1.00000000, 1.00000000, 1.00000000
0.818181818182, 0.787878787879, 0.95994434, 1.00000000, 1.00000000, 1.00000000
0.818181818182, 0.797979797980, 0.94795989, 1.00000000, 1.00000000, 1.00000000
0.818181818182, 0.808080808081, 0.93618753, 1.00000000, 1.00000000, 1.00000000
0.818181818182, 0.818181818182, 0.92467454, 1.00000000, 1.00000000, 1.00000000
0.818181818182, 0.828282828283, 0.91346713, 1.00000000, 1.00000000, 1.00000000
0.818181818182, 0.838383838384, 0.90261024, 1.00000000, 1.00000000, 1.00000000
0.818181818182, 0.848484848485, 0.89214738, 1.00000000, 1.00000000, 1.00000000
0.818181818182, 0.858585858586, 0.88212043, 1.00000000, 1.00000000, 1.00000000
0.818181818182, 0.868686868687, 0.87256950, 1.00000000, 1.00000000, 1.00000000
0.818181818182, 0.878787878788, 0.86353276, 1.00000000, 1.00000000, 1.00000000
0.818181818182, 0.888888888889, 0.85504630, 1.00000000, 1.00000000, 1.00000000
0.818181818182, 0.898989898990, 0.84714398, 1.00000000, 1.00000000, 1.00000000
0.818181818182, 0.909090909091, 0.83985731, 1.00000000, 1.00000000, 1.00000000
0.818181818182, 0.919191919192, 0.83321531, 1.00000000, 1.00000000, 1.00000000
0.818181818182, 0.929292929293, 0.82724440, 1.00000000, 1.00000000, 1.00000000
0.818181818182, 0.939393939394, 0.82196814, 1.00000000, 1.00000000, 1.00000000
0.818181818182, 0.949494949495, 0.81740689, 1.00000000, 1.00000000, 1.00000000
0.818181818182, 0.959595959596, 0.81357700, 1.00000000, 1.00000000, 1.00000000
0.828282828283, -0.000000000000, 0.80613858, 1.00000000, 1.00000000, 1.00000000
0.828282828283, 0.010101010101, 0.80729316, 1.00000000, 1.00000000, 1.00000000
0.828282828283, 0.020202020202, 0.80904963, 1.00000000, 1.00000000, 1.00000000
0.828282828283, 0.030303030303, 0.81141116, 1.00000000, 1.00000000, 1.00000000
0.828282828283, 0.040404040404, 0.81440935, 1.00000000, 1.00000000, 1.00000000
0.828282828283, 0.050505050505, 0.81809122, 1.00000000, 1.00000000, 1.00000000
0.828282828283, 0.060606060606, 0.82249886, 1.00000000, 1.00000000, 1.00000000
0.828282828283, 0.070707070707, 0.82765272, 1.00000000, 1.00000000, 1.00000000
0.828282828283, 0.080808080808, 0.83354642, 1.00000000, 1.00000000, 1.00000000
0.828282828283, 0.090909090909, 0.84015235, 1.00000000, 1.00000000, 1.00000000
0.828282828283, 0.101010101010, 0.84743182, 1.00000000, 1.00000000, 1.00000000
0.828282828283, 0.111111111111, 0.85534330, 1.00000000, 1.00000000, 1.00000000
0.828282828283, 0.121212121212, 0.86384645, 1.00000000, 1.00000000, 1.00000000
0.828282828283, 0.131313131313, 0.87290240, 1.00000000, 1.00000000, 1.00000000
0.828282828283, 0.141414141414, 0.88247275, 1.00000000, 1.00000000, 1.00000000
0.828282828283, 0.151515151515, 0.89251837, 1.00000000, 1.00000000, 1.00000000
0.828282828283, 0.161616161616, 0.90299877, 1.00000000, 1.00000000, 1.00000000
0.828282828283, 0.171717171717, 0.91387189, 1.00000000, 1.00000000, 1.00000000
0.828282828283, 0.181818181818, 0.92509411, 1.00000000, 1.00000000, 1.00000000
0.828282828283, 0.191919191919, 0.93662039, 1.00000000, 1.00000000, 1.00000000
0.828282828283, 0.202020202020, 0.94840443, 1.00000000, 1.00000000, 1.00000000
0.828282828283, 0.212121212121, 0.96039884, 1.00000000, 1.00000000, 1.00000000
0.828282828283, 0.222222222222, 0.97255539, 1.00000000, 1.00000000, 1.00000000
0.828282828283, 0.232323232323, 0.98482513, 1.00000000, 1.00000000, 1.00000000
0.828282828283, 0.242424242424, 0.99715863, 1.00000000, 1.00000000, 1.00000000
0.828282828283, 0.252525252525, 1.00950617, 1.00000000, 1.00000000, 1.00000000
0.828282828283, 0.262626262626, 1.02181795, 1.00000000, 1.00000000, 1.00000000
0.828282828283, 0.272727272727, 1.03404430, 1.00000000, 1.00000000, 1.00000000
0.828282828283, 0.282828282828, 1.04613584, 1.00000000, 1.00000000, 1.00000000
0.828282828283, 0.292929292929, 1.05804373, 1.00000000, 1.00000000, 1.00000000
0.828282828283, 0.303030303030, 1.06971987, 1.00000000, 1.00000000, 1.00000000
0.828282828283, 0.313131313131, 1.08111704, 1.00000000, 1.00000000, 1.00000000
0.828282828283, 0.323232323232, 1.09218917, 1.00000000, 1.00000000, 1.00000000
0.828282828283, 0.333333333333, 1.10289146, 1.00000000, 1.00000000, 1.00000000
0.828282828283, 0.343434343434, 1.11318061, 1.00000000, 1.00000000, 1.00000000
0.828282828283, 0.353535353535, 1.12301499, 1.00000000, 1.00000000, 1.00000000
0.828282828283, 0.363636363636, 1.13235477, 1.00000000, 1.00000000, 1.00000000
0.828282828283, 0.373737373737, 1.14116215, 1.00000000, 1.00000000, 1.00000000
0.828282828283, 0.383838383838, 1.14940146, 1.00000000, 1.00000000, 1.00000000
0.828282828283, 0.393939393939, 1.15703934, 1.00000000, 1.00000000, 1.00000000
0.828282828283, 0.404040404040, 1.16404483, 1.00000000, 1.00000000, 1.00000000
0.828282828283, 0.414141414141, 1.17038956, 1.00000000, 1.00000000, 1.00000000
0.828282828283, 0.424242424242, 1.17604783, 1.00000000, 1.00000000, 1.00000000
0.828282828283, 0.434343434343, 1.18099670, 1.00000000, 1.00000000, 1.00000000
0.828282828283, 0.444444444444, 1.18521611, 1.00000000, 1.00000000, 1.00000000
0.828282828283, 0.454545454545, 1.18868896, 1.00000000, 1.00000000, 1.00000000
0.828282828283, 0.464646464646, 1.19140114, 1.00000000, 1.00000000, 1.00000000
0.828282828283, 0.474747474747, 1.19334163, 1.00000000, 1.00000000, 1.00000000
0.828282828283, 0.484848484848, 1.19450254, 1.00000000, 1.00000000, 1.00000000
0.828282828283, 0.494949494949, 1.19487909, 1.00000000, 1.00000000, 1.00000000
0.828282828283, 0.505050505051, 1.19446980, 1.00000000, 1.00000000, 1.00000000
0.828282828283, 0.515151515152, 1.19327640, 1.00000000, 1.00000000, 1.00000000
0.828282828283, 0.525252525253, 1.19130379, 1.00000000, 1.00000000, 1.00000000
0.828282828283, 0.535353535354, 1.18856001, 1.00000000, 1.00000000, 1.00000000
0.828282828283, 0.545454545455, 1.18505621, 1.00000000, 1.00000000, 1.00000000
0.828282828283, 0.555555555556, 1.18080662, 1.00000000, 1.00000000, 1.00000000
0.828282828283, 0.565656565657, 1.17582849, 1.00000000, 1.00000000, 1.00000000
0.828282828283, 0.575757575758, 1.17014201, 1.00000000, 1.00000000, 1.00000000
0.828282828283, 0.585858585859, 1.16377023, 1.00000000, 1.00000000, 1.00000000
0.828282828283, 0.595959595960, 1.15673898, 1.00000000, 1.00000000, 1.00000000
0.828282828283, 0.606060606061, 1.14907677, 1.00000000, 1.00000000, 1.00000000
0.828282828283, 0.616161616162, 1.14081464, 1.00000000, 1.00000000, 1.00000000
0.828282828283, 0.626262626263, 1.13198606, 1.00000000, 1.00000000, 1.00000000
0.828282828283, 0.636363636364, 1.12262679, 1.00000000, 1.00000000, 1.00000000
0.828282828283, 0.646464646465, 1.11277472, 1.00000000, 1.00000000, 1.00000000
0.828282828283, 0.656565656566, 1.10246975, 1.00000000, 1.00000000, 1.00000000
0.828282828283, 0.666666666667, 1.09175357, 1.00000000, 1.00000000, 1.00000000
0.828282828283, 0.676767676768, 1.08066954, 1.00000000, 1.00000000, 1.00000000
0.828282828283, 0.686868686869, 1.06926249, 1.00000000, 1.00000000, 1.00000000
0.828282828283, 0.696969696970, 1.05757852, 1.00000000, 1.00000000, 1.00000000
0.828282828283, 0.707070707071, 1.04566487, 1.00000000, 1.00000000, 1.00000000
0.828282828283, 0.717171717172, 1.03356964, 1.00000000, 1.00000000, 1.00000000
0.828282828283, 0.727272727273, 1.02134167, 1.00000000, 1.00000000, 1.00000000
0.828282828283, 0.737373737374, 1.00903031, 1.00000000, 1.00000000, 1.00000000
0.828282828283, 0.747474747475, 0.99668520, 1.00000000, 1.00000000, 1.00000000
0.828282828283, 0.757575757576, 0.98435611, 1.00000000, 1.00000000, 1.00000000
0.828282828283, 0.767676767677, 0.97209270, 1.00000000, 1.00000000, 1.00000000
0.828282828283, 0.777777777778, 0.95994434, 1.00000000, 1.00000000, 1.00000000
0.828282828283, 0.787878787879, 0.94795989, 1.00000000, 1.00000000, 1.00000000
0.828282828283, 0.797979797980, 0.93618753, 1.00000000, 1.00000000, 1.00000000
0.828282828283, 0.808080808081, 0.92467454, 1.00000000, 1.00000000, 1.00000000
0.828282828283, 0.818181818182, 0.91346713, 1.00000000, 1.00000000, 1.00000000
0.828282828283, 0.828282828283, 0.90261024, 1.00000000, 1.00000000, 1.00000000
0.828282828283, 0.838383838384, 0.89214738, 1.00000000, 1.00000000, 1.00000000
0.828282828283, 0.848484848485, 0.88212043, 1.00000000, 1.00000000, 1.00000000
0.828282828283, 0.858585858586, 0.87256950, 1.00000000, 1.00000000, 1.00000000
0.828282828283, 0.868686868687, 0.86353276, 1.00000000, 1.00000000, 1.00000000
0.828282828283, 0.878787878788, 0.85504630, 1.00000000, 1.00000000, 1.00000000
0.828282828283, 0.888888888889, 0.84714398, 1.00000000, 1.00000000, 1.00000000
0.828282828283, 0.898989898990, 0.83985731, 1.00000000, 1.00000000, 1.00000000
0.828282828283, 0.909090909091, 0.83321533, 1.00000000, 1.00000000, 1.00000000
0.828282828283, 0.919191919192, 0.82724448, 1.00000000, 1.00000000, 1.00000000
0.828282828283, 0.929292929293, 0.82196847, 1.00000000, 1.00000000, 1.00000000
0.828282828283, 0.939393939394, 0.81740805, 1.00000000, 1.00000000, 1.00000000
0.828282828283, 0.949494949495, 0.81358060, 1.00000000, 1.00000000, 1.00000000
0.828282828283, 0.959595959596, 0.81049911, 1.00000000, 1.00000000, 1.00000000
0.838383838384, -0.000000000000, 0.80761315, 1.00000000, 1.00000000, 1.00000000
0.838383838384, 0.010101010101, 0.80947167, 1.00000000, 1.00000000, 1.00000000
0.838383838384, 0.020202020202, 0.81190303, 1.00000000, 1.00000000, 1.00000000
0.838383838384, 0.030303030303, 0.81491579, 1.00000000, 1.00000000, 1.00000000
0.838383838384, 0.040404040404, 0.81855173, 1.00000000, 1.00000000, 1.00000000
0.838383838384, 0.050505050505, 0.82286845, 1.00000000, 1.00000000, 1.00000000
0.838383838384, 0.060606060606, 0.82791432, 1.00000000, 1.00000000, 1.00000000
0.838383838384, 0.070707070707, 0.83370955, 1.00000000, 1.00000000, 1.00000000
0.838383838384, 0.080808080808, 0.84024184, 1.00000000, 1.00000000, 1.00000000
0.838383838384, 0.090909090909, 0.84747491, 1.00000000, 1.00000000, 1.00000000
0.838383838384, 0.101010101010, 0.85536148, 1.00000000, 1.00000000, 1.00000000
0.838383838384, 0.111111111111, 0.86385314, 1.00000000, 1.00000000, 1.00000000
0.838383838384, 0.121212121212, 0.87290455, 1.00000000, 1.00000000, 1.00000000
0.838383838384, 0.131313131313, 0.88247334, 1.00000000, 1.00000000, 1.00000000
0.838383838384, 0.141414141414, 0.89251851, 1.00000000, 1.00000000, 1.00000000
0.838383838384, 0.151515151515, 0.90299880, 1.00000000, 1.00000000, 1.00000000
0.838383838384, 0.161616161616, 0.91387189, 1.00000000, 1.00000000, 1.00000000
0.838383838384, 0.171717171717, 0.92509411, 1.00000000, 1.00000000, 1.00000000
0.838383838384, 0.181818181818, 0.93662039, 1.00000000, 1.00000000, 1.00000000
0.838383838384, 0.191919191919, 0.94840443, 1.00000000, 1.00000000, 1.00000000
0.838383838384, 0.202020202020, 0.96039884, 1.00000000, 1.00000000, 1.00000000
0.838383838384, 0.212121212121, 0.97255539, 1.00000000, 1.00000000, 1.00000000
0.838383838384, 0.222222222222, 0.98482513, 1.00000000, 1.00000000, 1.00000000
0.838383838384, 0.232323232323, 0.99715863, 1.00000000, 1.00000000, 1.00000000
0.838383838384, 0.242424242424, 1.00950617, 1.00000000, 1.00000000, 1.00000000
0.838383838384, 0.252525252525, 1.02181795, 1.00000000, 1.00000000, 1.00000000
0.838383838384, 0.262626262626, 1.03404430, 1.00000000, 1.00000000, 1.00000000
0.838383838384, 0.272727272727, 1.04613584, 1.00000000, 1.00000000, 1.00000000
0.838383838384, 0.282828282828, 1.05804373, 1.00000000, 1.00000000, 1.00000000
0.838383838384, 0.292929292929, 1.06971987, 1.00000000, 1.00000000, 1.00000000
0.838383838384, 0.303030303030, 1.08111704, 1.00000000, 1.00000000, 1.00000000
0.838383838384, 0.313131313131, 1.09218917, 1.00000000, 1.00000000, 1.00000000
0.838383838384, 0.323232323232, 1.10289146, 1.00000000, 1.00000000, 1.00000000
0.838383838384, 0.333333333333, 1.11318061, 1.00000000, 1.00000000, 1.00000000
0.838383838384, 0.343434343434, 1.12301499, 1.00000000, 1.00000000, 1.00000000
0.838383838384, 0.353535353535, 1.13235477, 1.00000000, 1.00000000, 1.00000000
0.838383838384, 0.363636363636, 1.14116215, 1.00000000, 1.00000000, 1.00000000
0.838383838384, 0.373737373737, 1.14940146, 1.00000000, 1.00000000, 1.00000000
0.838383838384, 0.383838383838, 1.15703934, 1.00000000, 1.00000000, 1.00000000
0.838383838384, 0.393939393939, 1.16404483, 1.00000000, 1.00000000, 1.00000000
0.838383838384, 0.404040404040, 1.17038956, 1.00000000, 1.00000000, 1.00000000
0.838383838384, 0.414141414141, 1.17604783, 1.00000000, 1.00000000, 1.00000000
0.838383838384, 0.424242424242, 1.18099670, 1.00000000, 1.00000000, 1.00000000
0.838383838384, 0.434343434343, 1.18521611, 1.00000000, 1.00000000, 1.00000000
0.838383838384, 0.444444444444, 1.18868896, 1.00000000, 1.00000000, 1.00000000
0.838383838384, 0.454545454545, 1.19140114, 1.00000000, 1.00000000, 1.00000000
0.838383838384, 0.464646464646, 1.19334163, 1.00000000, 1.00000000, 1.00000000
0.838383838384, 0.474747474747, 1.19450254, 1.00000000, 1.00000000, 1.00000000
0.838383838384, 0.484848484848, 1.19487909, 1.00000000, 1.00000000, 1.00000000
0.838383838384, 0.494949494949, 1.19446980, 1.00000000, 1.00000000, 1.00000000
0.838383838384, 0.505050505051, 1.19327640, 1.00000000, 1.00000000, 1.00000000
0.838383838384, 0.515151515152, 1.19130379, 1.00000000, 1.00000000, 1.00000000
0.838383838384, 0.525252525253, 1.18856001, 1.00000000, 1.00000000, 1.00000000
0.838383838384, 0.535353535354, 1.18505621, 1.00000000, 1.00000000, 1.00000000
0.838383838384, 0.545454545455, 1.18080662, 1.00000000, 1.00000000, 1.00000000
0.838383838384, 0.555555555556, 1.17582849, 1.00000000, 1.00000000, 1.00000000
0.838383838384, 0.565656565657, 1.17014201, 1.00000000, 1.00000000, 1.00000000
0.838383838384, 0.575757575758, 1.16377023, 1.00000000, 1.00000000, 1.00000000
0.838383838384, 0.585858585859, 1.15673898, 1.00000000, 1.00000000, 1.00000000
0.838383838384, 0.595959595960, 1.14907677, 1.00000000, 1.00000000, 1.00000000
0.838383838384, 0.606060606061, 1.14081464, 1.00000000, 1.00000000, 1.00000000
0.838383838384, 0.616161616162, 1.13198606, 1.00000000, 1.00000000, 1.00000000
0.838383838384, 0.626262626263, 1.12262679, 1.00000000, 1.00000000, 1.00000000
0.838383838384, 0.636363636364, 1.11277472, 1.00000000, 1.00000000, 1.00000000
0.838383838384, 0.646464646465, 1.10246975, 1.00000000, 1.00000000, 1.00000000
0.838383838384, 0.656565656566, 1.09175357, 1.00000000, 1.00000000, 1.00000000
0.838383838384, 0.666666666667, 1.08066954, 1.00000000, 1.00000000, 1.00000000
0.838383838384, 0.676767676768, 1.06926249, 1.00000000, 1.00000000, 1.00000000
0.838383838384, 0.686868686869, 1.05757852, 1.00000000, 1.00000000, 1.00000000
0.838383838384, 0.696969696970, 1.04566487, 1.00000000, 1.00000000, 1.00000000
0.838383838384, 0.707070707071, 1.03356964, 1.00000000, 1.00000000, 1.00000000
0.838383838384, 0.717171717172, 1.02134167, 1.00000000, 1.00000000, 1.00000000
0.838383838384, 0.727272727273, 1.00903031, 1.00000000, 1.00000000, 1.00000000
0.838383838384, 0.737373737374, 0.99668520, 1.00000000, 1.00000000, 1.00000000
0.838383838384, 0.747474747475, 0.98435611, 1.00000000, 1.00000000, 1.00000000
0.838383838384, 0.757575757576, 0.97209270, 1.00000000, 1.00000000, 1.00000000
0.838383838384, 0.767676767677, 0.95994434, 1.00000000, 1.00000000, 1.00000000
0.838383838384, 0.777777777778, 0.94795989, 1.00000000, 1.00000000, 1.00000000
0.838383838384, 0.787878787879, 0.93618753, 1.00000000, 1.00000000, 1.00000000
0.838383838384, 0.797979797980, 0.92467454, 1.00000000, 1.00000000, 1.00000000
0.838383838384, 0.808080808081, 0.91346713, 1.00000000, 1.00000000, 1.00000000
0.838383838384, 0.818181818182, 0.90261024, 1.00000000, 1.00000000, 1.00000000
0.838383838384, 0.828282828283, 0.89214738, 1.00000000, 1.00000000, 1.00000000
0.838383838384, 0.838383838384, 0.88212043, 1.00000000, 1.00000000, 1.00000000
0.838383838384, 0.848484848485, 0.87256950, 1.00000000, 1.00000000, 1.00000000
0.838383838384, 0.858585858586, 0.86353276, 1.00000000, 1.00000000, 1.00000000
0.838383838384, 0.868686868687, 0.85504630, 1.00000000, 1.00000000, 1.00000000
0.838383838384, 0.878787878788, 0.84714398, 1.00000000, 1.00000000, 1.00000000
0.838383838384, 0.888888888889, 0.83985731, 1.00000000, 1.00000000, 1.00000000
0.838383838384, 0.898989898990, 0.83321534, 1.00000000, 1.00000000, 1.00000000
0.838383838384, 0.909090909091, 0.82724450, 1.00000000, 1.00000000, 1.00000000
0.838383838384, 0.919191919192, 0.82196857, 1.00000000, 1.00000000, 1.00000000
0.838383838384, 0.929292929293, 0.81740846, 1.00000000, 1.00000000, 1.00000000
0.838383838384, 0.939393939394, 0.81358205, 1.00000000, 1.00000000, 1.00000000
0.838383838384, 0.949494949495, 0.81050365, 1.00000000, 1.00000000, 1.00000000
0.838383838384, 0.959595959596, 0.80818288, 1.00000000, 1.00000000, 1.00000000
0.848484848485, -0.000000000000, 0.80986132, 1.00000000, 1.00000000, 1.00000000
0.848484848485, 0.010101010101, 0.81241638, 1.00000000, 1.00000000, 1.00000000
0.848484848485, 0.020202020202, 0.81551286, 1.00000000, 1.00000000, 1.00000000
0.848484848485, 0.030303030303, 0.81916467, 1.00000000, 1.00000000, 1.00000000
0.848484848485, 0.040404040404, 0.82342367, 1.00000000, 1.00000000, 1.00000000
0.848484848485, 0.050505050505, 0.82835790, 1.00000000, 1.00000000, 1.00000000
0.848484848485, 0.060606060606, 0.83402190, 1.00000000, 1.00000000, 1.00000000
0.848484848485, 0.070707070707, 0.84043549, 1.00000000, 1.00000000, 1.00000000
0.848484848485, 0.080808080808, 0.84758048, 1.00000000, 1.00000000, 1.00000000
0.848484848485, 0.090909090909, 0.85541199, 1.00000000, 1.00000000, 1.00000000
0.848484848485, 0.101010101010, 0.86387430, 1.00000000, 1.00000000, 1.00000000
0.848484848485, 0.111111111111, 0.87291228, 1.00000000, 1.00000000, 1.00000000
0.848484848485, 0.121212121212, 0.88247580, 1.00000000, 1.00000000, 1.00000000
0.848484848485, 0.131313131313, 0.89251918, 1.00000000, 1.00000000, 1.00000000
0.848484848485, 0.141414141414, 0.90299895, 1.00000000, 1.00000000, 1.00000000
0.848484848485, 0.151515151515, 0.91387193, 1.00000000, 1.00000000, 1.00000000
0.848484848485, 0.161616161616, 0.92509412, 1.00000000, 1.00000000, 1.00000000
0.848484848485, 0.171717171717, 0.93662039, 1.00000000, 1.00000000, 1.00000000
0.848484848485, 0.181818181818, 0.94840443, 1.00000000, 1.00000000, 1.00000000
0.848484848485, 0.191919191919, 0.96039884, 1.00000000, 1.00000000, 1.00000000
0.848484848485, 0.202020202020, 0.97255539, 1.00000000, 1.00000000, 1.00000000
0.848484848485, 0.212121212121, 0.98482513, 1.00000000, 1.00000000, 1.00000000
0.848484848485, 0.222222222222, 0.99715863, 1.00000000, 1.00000000, 1.00000000
0.848484848485, 0.232323232323, 1.00950617, 1.00000000, 1.00000000, 1.00000000
0.848484848485, 0.242424242424, 1.02181795, 1.00000000, 1.00000000, 1.00000000
0.848484848485, 0.252525252525, 1.03404430, 1.00000000, 1.00000000, 1.00000000
0.848484848485, 0.262626262626, 1.04613584, 1.00000000, 1.00000000, 1.00000000
0.848484848485, 0.272727272727, 1.05804373, 1.00000000, 1.00000000, 1.00000000
0.848484848485, 0.282828282828, 1.06971987, 1.00000000, 1.00000000, 1.00000000
0.848484848485, 0.292929292929, 1.08111704, 1.00000000, 1.00000000, 1.00000000
0.848484848485, 0.303030303030, 1.09218917, 1.00000000, 1.00000000, 1.00000000
0.848484848485, 0.313131313131, 1.10289146, 1.00000000, 1.00000000, 1.00000000
0.848484848485, 0.323232323232, 1.11318061, 1.00000000, 1.00000000, 1.00000000
0.848484848485, 0.333333333333, 1.12301499, 1.00000000, 1.00000000, 1.00000000
0.848484848485, 0.343434343434, 1.13235477, 1.00000000, 1.00000000, 1.00000000
0.848484848485, 0.353535353535, 1.14116215, 1.00000000, 1.00000000, 1.00000000
0.848484848485, 0.363636363636, 1.14940146, 1.00000000, 1.00000000, 1.00000000
0.848484848485, 0.373737373737, 1.15703934, 1.00000000, 1.00000000, 1.00000000
0.848484848485, 0.383838383838, 1.16404483, 1.00000000, 1.00000000, 1.00000000
0.848484848485, 0.393939393939, 1.17038956, 1.00000000, 1.00000000, 1.00000000
0.848484848485, 0.404040404040, 1.17604783, 1.00000000, 1.00000000, 1.00000000
0.848484848485, 0.414141414141, 1.18099670, 1.00000000, 1.00000000, 1.00000000
0.848484848485, 0.424242424242, 1.18521611, 1.00000000, 1.00000000, 1.00000000
0.848484848485, 0.434343434343, 1.18868896, 1.00000000, 1.00000000, 1.00000000
0.848484848485, 0.444444444444, 1.19140114, 1.00000000, 1.00000000, 1.00000000
0.848484848485, 0.454545454545, 1.19334163, 1.00000000, 1.00000000, 1.00000000
0.848484848485, 0.464646464646, 1.19450254, 1.00000000, 1.00000000, 1.00000000
0.848484848485, 0.474747474747, 1.19487909, 1.00000000, 1.00000000, 1.00000000
0.848484848485, 0.484848484848, 1.19446980, 1.00000000, 1.00000000, 1.00000000
0.848484848485, 0.494949494949, 1.19327640, 1.00000000, 1.00000000, 1.00000000
0.848484848485, 0.505050505051, 1.19130379, 1.00000000, 1.00000000, 1.00000000
0.848484848485, 0.515151515152, 1.18856001, 1.00000000, 1.00000000, 1.00000000
0.848484848485, 0.525252525253, 1.18505621, 1.00000000, 1.00000000, 1.00000000
0.848484848485, 0.535353535354, 1.18080662, 1.00000000, 1.00000000, 1.00000000
0.848484848485, 0.545454545455, 1.17582849, 1.00000000, 1.00000000, 1.00000000
0.848484848485, 0.555555555556, 1.17014201, 1.00000000, 1.00000000, 1.00000000
0.848484848485, 0.565656565657, 1.16377023, 1.00000000, 1.00000000, 1.00000000
0.848484848485, 0.575757575758, 1.15673898, 1.00000000, 1.00000000, 1.00000000
0.848484848485, 0.585858585859, 1.14907677, 1.00000000, 1.00000000, 1.00000000
0.848484848485, 0.595959595960, 1.14081464, 1.00000000, 1.00000000, 1.00000000
0.848484848485, 0.606060606061, 1.13198606, 1.00000000, 1.00000000, 1.00000000
0.848484848485, 0.616161616162, 1.12262679, 1.00000000, 1.00000000, 1.00000000
0.848484848485, 0.626262626263, 1.11277472, 1.00000000, 1.00000000, 1.00000000
0.848484848485, 0.636363636364, 1.10246975, 1.00000000, 1.00000000, 1.00000000
0.848484848485, 0.646464646465, 1.09175357, 1.00000000, 1.00000000, 1.00000000
0.848484848485, 0.656565656566, 1.08066954, 1.00000000, 1.00000000, 1.00000000
0.848484848485, 0.666666666667, 1.06926249, 1.00000000, 1.00000000, 1.00000000
0.848484848485, 0.676767676768, 1.05757852, 1.00000000, 1.00000000, 1.00000000
0.848484848485, 0.686868686869, 1.04566487, 1.00000000, 1.00000000, 1.00000000
0.848484848485, 0.696969696970, 1.03356964, 1.00000000, 1.00000000, 1.00000000
0.848484848485, 0.707070707071, 1.02134167, 1.00000000, 1.00000000, 1.00000000
0.848484848485, 0.717171717172, 1.00903031, 1.00000000, 1.00000000, 1.00000000
0.848484848485, 0.727272727273, 0.99668520, 1.00000000, 1.00000000, 1.00000000
0.848484848485, 0.737373737374, 0.98435611, 1.00000000, 1.00000000, 1.00000000
0.848484848485, 0.747474747475, 0.97209270, 1.00000000, 1.00000000, 1.00000000
0.848484848485, 0.757575757576, 0.95994434, 1.00000000, 1.00000000, 1.00000000
0.848484848485, 0.767676767677, 0.94795989, 1.00000000, 1.00000000, 1.00000000
0.848484848485, 0.777777777778, 0.93618753, 1.00000000, 1.00000000, 1.00000000
0.848484848485, 0.787878787879, 0.92467454, 1.00000000, 1.00000000, 1.00000000
0.848484848485, 0.797979797980, 0.91346713, 1.00000000, 1.00000000, 1.00000000
0.848484848485, 0.808080808081, 0.90261024, 1.00000000, 1.00000000, 1.00000000
0.848484848485, 0.818181818182, 0.89214738, 1.00000000, 1.00000000, 1.00000000
0.848484848485, 0.828282828283, 0.88212043, 1.00000000, 1.00000000, 1.00000000
0.848484848485, 0.838383838384, 0.87256950, 1.00000000, 1.00000000, 1.00000000
0.848484848485, 0.848484848485, 0.86353276, 1.00000000, 1.00000000, 1.00000000
0.848484848485, 0.858585858586, 0.85504630, 1.00000000, 1.00000000, 1.00000000
0.848484848485, 0.868686868687, 0.84714398, 1.00000000, 1.00000000, 1.00000000
0.848484848485, 0.878787878788, 0.83985731, 1.00000000, 1.00000000, 1.00000000
0.848484848485, 0.888888888889, 0.83321534, 1.00000000, 1.00000000, 1.00000000
0.848484848485, 0.898989898990, 0.82724451, 1.00000000, 1.00000000, 1.00000000
0.848484848485, 0.909090909091, 0.82196859, 1.00000000, 1.00000000, 1.00000000
0.848484848485, 0.919191919192, 0.81740858, 1.00000000, 1.00000000, 1.00000000
0.848484848485, 0.929292929293, 0.81358254, 1.00000000, 1.00000000, 1.00000000
0.848484848485, 0.939393939394, 0.81050539, 1.00000000, 1.00000000, 1.00000000
0.848484848485, 0.949494949495, 0.80818835, 1.00000000, 1.00000000, 1.00000000
0.848484848485, 0.959595959596, 0.80663762, 1.00000000, 1.00000000, 1.00000000
0.858585858586, -0.000000000000, 0.81287420, 1.00000000, 1.00000000, 1.00000000
0.858585858586, 0.010101010101, 0.81611565, 1.00000000, 1.00000000, 1.00000000
0.858585858586, 0.020202020202, 0.81986479, 1.00000000, 1.00000000, 1.00000000
0.858585858586, 0.030303030303, 0.82414089, 1.00000000, 1.00000000, 1.00000000
0.858585858586, 0.040404040404, 0.82900576, 1.00000000, 1.00000000, 1.00000000
0.858585858586, 0.050505050505, 0.83453771, 1.00000000, 1.00000000, 1.00000000
0.858585858586, 0.060606060606, 0.84079724, 1.00000000, 1.00000000, 1.00000000
0.858585858586, 0.070707070707, 0.84780374, 1.00000000, 1.00000000, 1.00000000
0.858585858586, 0.080808080808, 0.85553308, 1.00000000, 1.00000000, 1.00000000
0.858585858586, 0.090909090909, 0.86393191, 1.00000000, 1.00000000, 1.00000000
0.858585858586, 0.101010101010, 0.87293627, 1.00000000, 1.00000000, 1.00000000
0.858585858586, 0.111111111111, 0.88248452, 1.00000000, 1.00000000, 1.00000000
0.858585858586, 0.121212121212, 0.89252193, 1.00000000, 1.00000000, 1.00000000
0.858585858586, 0.131313131313, 0.90299971, 1.00000000, 1.00000000, 1.00000000
0.858585858586, 0.141414141414, 0.91387210, 1.00000000, 1.00000000, 1.00000000
0.858585858586, 0.151515151515, 0.92509415, 1.00000000, 1.00000000, 1.00000000
0.858585858586, 0.161616161616, 0.93662040, 1.00000000, 1.00000000, 1.00000000
0.858585858586, 0.171717171717, 0.94840443, 1.00000000, 1.00000000, 1.00000000
0.858585858586, 0.181818181818, 0.96039884, 1.00000000, 1.00000000, 1.00000000
0.858585858586, 0.191919191919, 0.97255539, 1.00000000, 1.00000000, 1.00000000
0.858585858586, 0.202020202020, 0.98482513, 1.00000000, 1.00000000, 1.00000000
0.858585858586, 0.212121212121, 0.99715863, 1.00000000, 1.00000000, 1.00000000
0.858585858586, 0.222222222222, 1.00950617, 1.00000000, 1.00000000, 1.00000000
0.858585858586, 0.232323232323, 1.02181795, 1.00000000, 1.00000000, 1.00000000
0.858585858586, 0.242424242424, 1.03404430, 1.00000000, 1.00000000, 1.00000000
0.858585858586, 0.252525252525, 1.04613584, 1.00000000, 1.00000000, 1.00000000
0.858585858586, 0.262626262626, 1.05804373, 1.00000000, 1.00000000, 1.00000000
0.858585858586, 0.272727272727, 1.06971987, 1.00000000, 1.00000000, 1.00000000
0.858585858586, 0.282828282828, 1.08111704, 1.00000000, 1.00000000, 1.00000000
0.858585858586, 0.292929292929, 1.09218917, 1.00000000, 1.00000000, 1.00000000
0.858585858586, 0.303030303030, 1.10289146, 1.00000000, 1.00000000, 1.00000000
0.858585858586, 0.313131313131, 1.11318061, 1.00000000, 1.00000000, 1.00000000
0.858585858586, 0.323232323232, 1.12301499, 1.00000000, 1.00000000, 1.00000000
0.858585858586, 0.333333333333, 1.13235477, 1.00000000, 1.00000000, 1.00000000
0.858585858586, 0.343434343434, 1.14116215, 1.00000000, 1.00000000, 1.00000000
0.858585858586, 0.353535353535, 1.14940146, 1.00000000, 1.00000000, 1.00000000
0.858585858586, 0.363636363636, 1.15703934, 1.00000000, 1.00000000, 1.00000000
0.858585858586, 0.373737373737, 1.16404483, 1.00000000, 1.00000000, 1.00000000
0.858585858586, 0.383838383838, 1.17038956, 1.00000000, 1.00000000, 1.00000000
0.858585858586, 0.393939393939, 1.17604783, 1.00000000, 1.00000000, 1.00000000
0.858585858586, 0.404040404040, 1.18099670, 1.00000000, 1.00000000, 1.00000000
0.858585858586, 0.414141414141, 1.18521611, 1.00000000, 1.00000000, 1.00000000
0.858585858586, 0.424242424242, 1.18868896, 1.00000000, 1.00000000, 1.00000000
0.858585858586, 0.434343434343, 1.19140114, 1.00000000, 1.00000000, 1.00000000
0.858585858586, 0.444444444444, 1.19334163, 1.00000000, 1.00000000, 1.00000000
0.858585858586, 0.454545454545, 1.19450254, 1.00000000, 1.00000000, 1.00000000
0.858585858586, 0.464646464646, 1.19487909, 1.00000000, 1.00000000, 1.00000000
0.858585858586, 0.474747474747, 1.19446980, 1.00000000, 1.00000000, 1.00000000
0.858585858586, 0.484848484848, 1.19327640, 1.00000000, 1.00000000, 1.00000000
0.858585858586, 0.494949494949, 1.19130379, 1.00000000, 1.00000000, 1.00000000
0.858585858586, 0.505050505051, 1.18856001, 1.00000000, 1.00000000, 1.00000000
0.858585858586, 0.515151515152, 1.18505621, 1.00000000, 1.00000000, 1.00000000
0.858585858586, 0.525252525253, 1.18080662, 1.00000000, 1.00000000, 1.00000000
0.858585858586, 0.535353535354, 1.17582849, 1.00000000, 1.00000000, 1.00000000
0.858585858586, 0.545454545455, 1.17014201, 1.00000000, 1.00000000, 1.00000000
0.858585858586, 0.555555555556, 1.16377023, 1.00000000, 1.00000000, 1.00000000
0.858585858586, 0.565656565657, 1.15673898, 1.00000000, 1.00000000, 1.00000000
0.858585858586, 0.575757575758, 1.14907677, 1.00000000, 1.00000000, 1.00000000
0.858585858586, 0.585858585859, 1.14081464, 1.00000000, 1.00000000, 1.00000000
0.858585858586, 0.595959595960, 1.13198606, 1.00000000, 1.00000000, 1.00000000
0.858585858586, 0.606060606061, 1.12262679, 1.00000000, 1.00000000, 1.00000000
0.858585858586, 0.616161616162, 1.11277472, 1.00000000, 1.00000000, 1.00000000
0.858585858586, 0.626262626263, 1.10246975, 1.00000000, 1.00000000, 1.00000000
0.858585858586, 0.636363636364, 1.09175357, 1.00000000, 1.00000000, 1.00000000
0.858585858586, 0.646464646465, 1.08066954, 1.00000000, 1.00000000, 1.00000000
0.858585858586, 0.656565656566, 1.06926249, 1.00000000, 1.00000000, 1.00000000
0.858585858586, 0.666666666667, 1.05757852, 1.00000000, 1.00000000, 1.00000000
0.858585858586, 0.676767676768, 1.04566487, 1.00000000, 1.00000000, 1.00000000
0.858585858586, 0.686868686869, 1.03356964, 1.00000000, 1.00000000, 1.00000000
0.858585858586, 0.696969696970, 1.02134167, 1.00000000, 1.00000000, 1.00000000
0.858585858586, 0.707070707071, 1.00903031, 1.00000000, 1.00000000, 1.00000000
0.858585858586, 0.717171717172, 0.99668520, 1.00000000, 1.00000000, 1.00000000
0.858585858586, 0.727272727273, 0.98435611, 1.00000000, 1.00000000, 1.00000000
0.858585858586, 0.737373737374, 0.97209270, 1.00000000, 1.00000000, 1.00000000
0.858585858586, 0.747474747475, 0.95994434, 1.00000000, 1.00000000, 1.00000000
0.858585858586, 0.757575757576, 0.94795989, 1.00000000, 1.00000000, 1.00000000
0.858585858586, 0.767676767677, 0.93618753, 1.00000000, 1.00000000, 1.00000000
0.858585858586, 0.777777777778, 0.92467454, 1.00000000, 1.00000000, 1.00000000
0.858585858586, 0.787878787879, 0.91346713, 1.00000000, 1.00000000, 1.00000000
0.858585858586, 0.797979797980, 0.90261024, 1.00000000, 1.00000000, 1.00000000
0.858585858586, 0.808080808081, 0.89214738, 1.00000000, 1.00000000, 1.00000000
0.858585858586, 0.818181818182, 0.88212043, 1.00000000, 1.00000000, 1.00000000
0.858585858586, 0.828282828283, 0.87256950, 1.00000000, 1.00000000, 1.00000000
0.858585858586, 0.838383838384, 0.86353276, 1.00000000, 1.00000000, 1.00000000
0.858585858586, 0.848484848485, 0.85504630, 1.00000000, 1.00000000, 1.00000000
0.858585858586, 0.858585858586, 0.84714398, 1.00000000, 1.00000000, 1.00000000
0.858585858586, 0.868686868687, 0.83985731, 1.00000000, 1.00000000, 1.00000000
0.858585858586, 0.878787878788, 0.83321534, 1.00000000, 1.00000000, 1.00000000
0.858585858586, 0.888888888889, 0.82724451, 1.00000000, 1.00000000, 1.00000000
0.858585858586, 0.898989898990, 0.82196860, 1.00000000, 1.00000000, 1.00000000
0.858585858586, 0.909090909091, 0.81740861, 1.00000000, 1.00000000, 1.00000000
0.858585858586, 0.919191919192, 0.81358268, 1.00000000, 1.00000000, 1.00000000
0.858585858586, 0.929292929293, 0.81050596, 1.00000000, 1.00000000, 1.00000000
0.858585858586, 0.939393939394, 0.80819037, 1.00000000, 1.00000000, 1.00000000
0.858585858586, 0.949494949495, 0.80664398, 1.00000000, 1.00000000, 1.00000000
0.858585858586, 0.959595959596, 0.80586958, 1.00000000, 1.00000000, 1.00000000
0.868686868687, -0.000000000000, 0.81663988, 1.00000000, 1.00000000, 1.00000000
0.868686868687, 0.010101010101, 0.82055481, 1.00000000, 1.00000000, 1.00000000
0.868686868687, 0.020202020202, 0.82494157, 1.00000000, 1.00000000, 1.00000000
0.868686868687, 0.030303030303, 0.82982468, 1.00000000, 1.00000000, 1.00000000
0.868686868687, 0.040404040404, 0.83527579, 1.00000000, 1.00000000, 1.00000000
0.868686868687, 0.050505050505, 0.84138323, 1.00000000, 1.00000000, 1.00000000
0.868686868687, 0.060606060606, 0.84821333, 1.00000000, 1.00000000, 1.00000000
0.868686868687, 0.070707070707, 0.85578489, 1.00000000, 1.00000000, 1.00000000
0.868686868687, 0.080808080808, 0.86406791, 1.00000000, 1.00000000, 1.00000000
0.868686868687, 0.090909090909, 0.87300067, 1.00000000, 1.00000000, 1.00000000
0.868686868687, 0.101010101010, 0.88251120, 1.00000000, 1.00000000, 1.00000000
0.868686868687, 0.111111111111, 0.89253157, 1.00000000, 1.00000000, 1.00000000
0.868686868687, 0.121212121212, 0.90300273, 1.00000000, 1.00000000, 1.00000000
0.868686868687, 0.131313131313, 0.91387292, 1.00000000, 1.00000000, 1.00000000
0.868686868687, 0.141414141414, 0.92509434, 1.00000000, 1.00000000, 1.00000000
0.868686868687, 0.151515151515, 0.93662043, 1.00000000, 1.00000000, 1.00000000
0.868686868687, 0.161616161616, 0.94840443, 1.00000000, 1.00000000, 1.00000000
0.868686868687, 0.171717171717, 0.96039885, 1.00000000, 1.00000000, 1.00000000
0.868686868687, 0.181818181818, 0.97255539, 1.00000000, 1.00000000, 1.00000000
0.868686868687, 0.191919191919, 0.98482513, 1.00000000, 1.00000000, 1.00000000
0.868686868687, 0.202020202020, 0.99715863, 1.00000000, 1.00000000, 1.00000000
0.868686868687, 0.212121212121, 1.00950617, 1.00000000, 1.00000000, 1.00000000
0.868686868687, 0.222222222222, 1.02181795, 1.00000000, 1.00000000, 1.00000000
0.868686868687, 0.232323232323, 1.03404430, 1.00000000, 1.00000000, 1.00000000
0.868686868687, 0.242424242424, 1.04613584, 1.00000000, 1.00000000, 1.00000000
0.868686868687, 0.252525252525, 1.05804373, 1.00000000, 1.00000000, 1.00000000
0.868686868687, 0.262626262626, 1.06971987, 1.00000000, 1.00000000, 1.00000000
0.868686868687, 0.272727272727, 1.08111704, 1.00000000, 1.00000000, 1.00000000
0.868686868687, 0.282828282828, 1.09218917, 1.00000000, 1.00000000, 1.00000000
0.868686868687, 0.292929292929, 1.10289146, 1.00000000, 1.00000000, 1.00000000
0.868686868687, 0.303030303030, 1.11318061, 1.00000000, 1.00000000, 1.00000000
0.868686868687, 0.313131313131, 1.12301499, 1.00000000, 1.00000000, 1.00000000
0.868686868687, 0.323232323232, 1.13235477, 1.00000000, 1.00000000, 1.00000000
0.868686868687, 0.333333333333, 1.14116215, 1.00000000, 1.00000000, 1.00000000
0.868686868687, 0.343434343434, 1.14940146, 1.00000000, 1.00000000, 1.00000000
0.868686868687, 0.353535353535, 1.15703934, 1.00000000, 1.00000000, 1.00000000
0.868686868687, 0.363636363636, 1.16404483, 1.00000000, 1.00000000, 1.00000000
0.868686868687, 0.373737373737, 1.17038956, 1.00000000, 1.00000000, 1.00000000
0.868686868687, 0.383838383838, 1.17604783, 1.00000000, 1.00000000, 1.00000000
0.868686868687, 0.393939393939, 1.18099670, 1.00000000, 1.00000000, 1.00000000
0.868686868687, 0.404040404040, 1.18521611, 1.00000000, 1.00000000, 1.00000000
0.868686868687, 0.414141414141, 1.18868896, 1.00000000, 1.00000000, 1.00000000
0.868686868687, 0.424242424242, 1.19140114, 1.00000000, 1.00000000, 1.00000000
0.868686868687, 0.434343434343, 1.19334163, 1.00000000, 1.00000000, 1.00000000
0.868686868687, 0.444444444444, 1.19450254, 1.00000000, 1.00000000, 1.00000000
0.868686868687, 0.454545454545, 1.19487909, 1.00000000, 1.00000000, 1.00000000
0.868686868687, 0.464646464646, 1.19446980, 1.00000000, 1.00000000, 1.00000000
0.868686868687, 0.474747474747, 1.19327640, 1.00000000, 1.00000000, 1.00000000
0.868686868687, 0.484848484848, 1.19130379, 1.00000000, 1.00000000, 1.00000000
0.868686868687, 0.494949494949, 1.18856001, 1.00000000, 1.00000000, 1.00000000
0.868686868687, 0.505050505051, 1.18505621, 1.00000000, 1.00000000, 1.00000000
0.868686868687, 0.515151515152, 1.18080662, 1.00000000, 1.00000000, 1.00000000
0.868686868687, 0.525252525253, 1.17582849, 1.00000000, 1.00000000, 1.00000000
0.868686868687, 0.535353535354, 1.17014201, 1.00000000, 1.00000000, 1.00000000
0.868686868687, 0.545454545455, 1.16377023, 1.00000000, 1.00000000, 1.00000000
0.868686868687, 0.555555555556, 1.15673898, 1.00000000, 1.00000000, 1.00000000
0.868686868687, 0.565656565657, 1.14907677, 1.00000000, 1.00000000, 1.00000000
0.868686868687, 0.575757575758, 1.14081464, 1.00000000, 1.00000000, 1.00000000
0.868686868687, 0.585858585859, 1.13198606, 1.00000000, 1.00000000, 1.00000000
0.868686868687, 0.595959595960, 1.12262679, 1.00000000, 1.00000000, 1.00000000
0.868686868687, 0.606060606061, 1.11277472, 1.00000000, 1.00000000, 1.00000000
0.868686868687, 0.616161616162, 1.10246975, 1.00000000, 1.00000000, 1.00000000
0.868686868687, 0.626262626263, 1.09175357, 1.00000000, 1.00000000, 1.00000000
0.868686868687, 0.636363636364, 1.08066954, 1.00000000, 1.00000000, 1.00000000
0.868686868687, 0.646464646465, 1.06926249, 1.00000000, 1.00000000, 1.00000000
0.868686868687, 0.656565656566, 1.05757852, 1.00000000, 1.00000000, 1.00000000
0.868686868687, 0.666666666667, 1.04566487, 1.00000000, 1.00000000, 1.00000000
0.868686868687, 0.676767676768, 1.03356964, 1.00000000, 1.00000000, 1.00000000
0.868686868687, 0.686868686869, 1.02134167, 1.00000000, 1.00000000, 1.00000000
0.868686868687, 0.696969696970, 1.00903031, 1.00000000, 1.00000000, 1.00000000
0.868686868687, 0.707070707071, 0.99668520, 1.00000000, 1.00000000, 1.00000000
0.868686868687, 0.717171717172, 0.98435611, 1.00000000, 1.00000000, 1.00000000
0.868686868687, 0.727272727273, 0.97209270, 1.00000000, 1.00000000, 1.00000000
0.868686868687, 0.737373737374, 0.95994434, 1.00000000, 1.00000000, 1.00000000
0.868686868687, 0.747474747475, 0.94795989, 1.00000000, 1.00000000, 1.00000000
0.868686868687, 0.757575757576, 0.93618753, 1.00000000, 1.00000000, 1.00000000
0.868686868687, 0.767676767677, 0.92467454, 1.00000000, 1.00000000, 1.00000000
0.868686868687, 0.777777777778, 0.91346713, 1.00000000, 1.00000000, 1.00000000
0.868686868687, 0.787878787879, 0.90261024, 1.00000000, 1.00000000, 1.00000000
0.868686868687, 0.797979797980, 0.89214738, 1.00000000, 1.00000000, 1.00000000
0.868686868687, 0.808080808081, 0.88212043, 1.00000000, 1.00000000, 1.00000000
0.868686868687, 0.818181818182, 0.87256950, 1.00000000, 1.00000000, 1.00000000
0.868686868687, 0.828282828283, 0.86353276, 1.00000000, 1.00000000, 1.00000000
0.868686868687, 0.838383838384, 0.85504630, 1.00000000, 1.00000000, 1.00000000
0.868686868687, 0.848484848485, 0.84714398, 1.00000000, 1.00000000, 1.00000000
0.868686868687, 0.858585858586, 0.83985731, 1.00000000, 1.00000000, 1.00000000
0.868686868687, 0.868686868687, 0.83321534, 1.00000000, 1.00000000, 1.00000000
0.868686868687, 0.878787878788, 0.82724451, 1.00000000, 1.00000000, 1.00000000
0.868686868687, 0.888888888889, 0.82196860, 1.00000000, 1.00000000, 1.00000000
0.868686868687, 0.898989898990, 0.81740861, 1.00000000, 1.00000000, 1.00000000
0.868686868687, 0.909090909091, 0.81358271, 1.00000000, 1.00000000, 1.00000000
0.868686868687, 0.919191919192, 0.81050611, 1.00000000, 1.00000000, 1.00000000
0.868686868687, 0.929292929293, 0.80819100, 1.00000000, 1.00000000, 1.00000000
0.868686868687, 0.939393939394, 0.80664626, 1.00000000, 1.00000000, 1.00000000
0.868686868687, 0.949494949495, 0.80587680, 1.00000000, 1.00000000, 1.00000000
0.868686868687, 0.959595959596, 0.80588190, 1.00000000, 1.00000000, 1.00000000
0.878787878788, -0.000000000000, 0.82114343, 1.00000000, 1.00000000, 1.00000000
0.878787878788, 0.010101010101, 0.82571627, 1.00000000, 1.00000000, 1.00000000
0.878787878788, 0.020202020202, 0.83072302, 1.00000000, 1.00000000, 1.00000000
0.878787878788, 0.030303030303, 0.83619343, 1.00000000, 1.00000000, 1.00000000
0.878787878788, 0.040404040404, 0.84220877, 1.00000000, 1.00000000, 1.00000000
0.878787878788, 0.050505050505, 0.84886718, 1.00000000, 1.00000000, 1.00000000
0.878787878788, 0.060606060606, 0.85624057, 1.00000000, 1.00000000, 1.00000000
0.878787878788, 0.070707070707, 0.86434710, 1.00000000, 1.00000000, 1.00000000
0.878787878788, 0.080808080808, 0.87315087, 1.00000000, 1.00000000, 1.00000000
0.878787878788, 0.090909090909, 0.88258202, 1.00000000, 1.00000000, 1.00000000
0.878787878788, 0.101010101010, 0.89256078, 1.00000000, 1.00000000, 1.00000000
0.878787878788, 0.111111111111, 0.90301323, 1.00000000, 1.00000000, 1.00000000
0.878787878788, 0.121212121212, 0.91387620, 1.00000000, 1.00000000, 1.00000000
0.878787878788, 0.131313131313, 0.92509523, 1.00000000, 1.00000000, 1.00000000
0.878787878788, 0.141414141414, 0.93662064, 1.00000000, 1.00000000, 1.00000000
0.878787878788, 0.151515151515, 0.94840447, 1.00000000, 1.00000000, 1.00000000
0.878787878788, 0.161616161616, 0.96039885, 1.00000000, 1.00000000, 1.00000000
0.878787878788, 0.171717171717, 0.97255539, 1.00000000, 1.00000000, 1.00000000
0.878787878788, 0.181818181818, 0.98482513, 1.00000000, 1.00000000, 1.00000000
0.878787878788, 0.191919191919, 0.99715863, 1.00000000, 1.00000000, 1.00000000
0.878787878788, 0.202020202020, 1.00950617, 1.00000000, 1.00000000, 1.00000000
0.878787878788, 0.212121212121, 1.02181795, 1.00000000, 1.00000000, 1.00000000
0.878787878788, 0.222222222222, 1.03404430, 1.00000000, 1.00000000, 1.00000000
0.878787878788, 0.232323232323, 1.04613584, 1.00000000, 1.00000000, 1.00000000
0.878787878788, 0.242424242424, 1.05804373, 1.00000000, 1.00000000, 1.00000000
0.878787878788, 0.252525252525, 1.06971987, 1.00000000, 1.00000000, 1.00000000
0.878787878788, 0.262626262626, 1.08111704, 1.00000000, 1.00000000, 1.00000000
0.878787878788, 0.272727272727, 1.09218917, 1.00000000, 1.00000000, 1.00000000
0.878787878788, 0.282828282828, 1.10289146, 1.00000000, 1.00000000, 1.00000000
0.878787878788, 0.292929292929, 1.11318061, 1.00000000, 1.00000000, 1.00000000
0.878787878788, 0.303030303030, 1.12301499, 1.00000000, 1.00000000, 1.00000000
0.878787878788, 0.313131313131, 1.13235477, 1.00000000, 1.00000000, 1.00000000
0.878787878788, 0.323232323232, 1.14116215, 1.00000000, 1.00000000, 1.00000000
0.878787878788, 0.333333333333, 1.14940146, 1.00000000, 1.00000000, 1.00000000
0.878787878788, 0.343434343434, 1.15703934, 1.00000000, 1.00000000, 1.00000000
0.878787878788, 0.353535353535, 1.16404483, 1.00000000, 1.00000000, 1.00000000
0.878787878788, 0.363636363636, 1.17038956, 1.00000000, 1.00000000, 1.00000000
0.878787878788, 0.373737373737, 1.17604783, 1.00000000, 1.00000000, 1.00000000
0.878787878788, 0.383838383838, 1.18099670, 1.00000000, 1.00000000, 1.00000000
0.878787878788, 0.393939393939, 1.18521611, 1.00000000, 1.00000000, 1.00000000
0.878787878788, 0.404040404040, 1.18868896, 1.00000000, 1.00000000, 1.00000000
0.878787878788, 0.414141414141, 1.19140114, 1.00000000, 1.00000000, 1.00000000
0.878787878788, 0.424242424242, 1.19334163, 1.00000000, 1.00000000, 1.00000000
0.878787878788, 0.434343434343, 1.19450254, 1.00000000, 1.00000000, 1.00000000
0.878787878788, 0.444444444444, 1.19487909, 1.00000000, 1.00000000, 1.00000000
0.878787878788, 0.454545454545, 1.19446980, 1.00000000, 1.00000000, 1.00000000
0.878787878788, 0.464646464646, 1.19327640, 1.00000000, 1.00000000, 1.00000000
0.878787878788, 0.474747474747, 1.19130379, 1.00000000, 1.00000000, 1.00000000
0.878787878788, 0.484848484848, 1.18856001, 1.00000000, 1.00000000, 1.00000000
0.878787878788, 0.494949494949, 1.18505621, 1.00000000, 1.00000000, 1.00000000
0.878787878788, 0.505050505051, 1.18080662, 1.00000000, 1.00000000, 1.00000000
0.878787878788, 0.515151515152, 1.17582849, 1.00000000, 1.00000000, 1.00000000
0.878787878788, 0.525252525253, 1.17014201, 1.00000000, 1.00000000, 1.00000000
0.878787878788, 0.535353535354, 1.16377023, 1.00000000, 1.00000000, 1.00000000
0.878787878788, 0.545454545455, 1.15673898, 1.00000000, 1.00000000, 1.00000000
0.878787878788, 0.555555555556, 1.14907677, 1.00000000, 1.00000000, 1.00000000
0.878787878788, 0.565656565657, 1.14081464, 1.00000000, 1.00000000, 1.00000000
0.878787878788, 0.575757575758, 1.13198606, 1.00000000, 1.00000000, 1.00000000
0.878787878788, 0.585858585859, 1.12262679, 1.00000000, 1.00000000, 1.00000000
0.878787878788, 0.595959595960, 1.11277472, 1.00000000, 1.00000000, 1.00000000
0.878787878788, 0.606060606061, 1.10246975, 1.00000000, 1.00000000, 1.00000000
0.878787878788, 0.616161616162, 1.09175357, 1.00000000, 1.00000000, 1.00000000
0.878787878788, 0.626262626263, 1.08066954, 1.00000000, 1.00000000, 1.00000000
0.878787878788, 0.636363636364, 1.06926249, 1.00000000, 1.00000000, 1.00000000
0.878787878788, 0.646464646465, 1.05757852, 1.00000000, 1.00000000, 1.00000000
0.878787878788, 0.656565656566, 1.04566487, 1.00000000, 1.00000000, 1.00000000
0.878787878788, 0.666666666667, 1.03356964, 1.00000000, 1.00000000, 1.00000000
0.878787878788, 0.676767676768, 1.02134167, 1.00000000, 1.00000000, 1.00000000
0.878787878788, 0.686868686869, 1.00903031, 1.00000000, 1.00000000, 1.00000000
0.878787878788, 0.696969696970, 0.99668520, 1.00000000, 1.00000000, 1.00000000
0.878787878788, 0.707070707071, 0.98435611, 1.00000000, 1.00000000, 1.00000000
0.878787878788, 0.717171717172, 0.97209270, 1.00000000, 1.00000000, 1.00000000
0.878787878788, 0.727272727273, 0.95994434, 1.00000000, 1.00000000, 1.00000000
0.878787878788, 0.737373737374, 0.94795989, 1.00000000, 1.00000000, 1.00000000
0.878787878788, 0.747474747475, 0.93618753, 1.00000000, 1.00000000, 1.00000000
0.878787878788, 0.757575757576, 0.92467454, 1.00000000, 1.00000000, 1.00000000
0.878787878788, 0.767676767677, 0.91346713, 1.00000000, 1.00000000, 1.00000000
0.878787878788, 0.777777777778, 0.90261024, 1.00000000, 1.00000000, 1.00000000
0.878787878788, 0.787878787879, 0.89214738, 1.00000000, 1.00000000, 1.00000000
0.878787878788, 0.797979797980, 0.88212043, 1.00000000, 1.00000000, 1.00000000
0.878787878788, 0.808080808081, 0.87256950, 1.00000000, 1.00000000, 1.00000000
0.878787878788, 0.818181818182, 0.86353276, 1.00000000, 1.00000000, 1.00000000
0.878787878788, 0.828282828283, 0.85504630, 1.00000000, 1.00000000, 1.00000000
0.878787878788, 0.838383838384, 0.84714398, 1.00000000, 1.00000000, 1.00000000
0.878787878788, 0.848484848485, 0.83985731, 1.00000000, 1.00000000, 1.00000000
0.878787878788, 0.858585858586, 0.83321534, 1.00000000, 1.00000000, 1.00000000
0.878787878788, 0.868686868687, 0.82724451, 1.00000000, 1.00000000, 1.00000000
0.878787878788, 0.878787878788, 0.82196860, 1.00000000, 1.00000000, 1.00000000
0.878787878788, 0.888888888889, 0.81740862, 1.00000000, 1.00000000, 1.00000000
0.878787878788, 0.898989898990, 0.81358272, 1.00000000, 1.00000000, 1.00000000
0.878787878788, 0.909090909091, 0.81050615, 1.00000000, 1.00000000, 1.00000000
0.878787878788, 0.919191919192, 0.80819118, 1.00000000, 1.00000000, 1.00000000
0.878787878788, 0.929292929293, 0.80664697, 1.00000000, 1.00000000, 1.00000000
0.878787878788, 0.939393939394, 0.80587933, 1.00000000, 1.00000000, 1.00000000
0.878787878788, 0.949494949495, 0.80588993, 1.00000000, 1.00000000, 1.00000000
0.878787878788, 0.959595959596, 0.80667446, 1.00000000, 1.00000000, 1.00000000
0.888888888889, -0.000000000000, 0.82636699, 1.00000000, 1.00000000, 1.00000000
0.888888888889, 0.010101010101, 0.83157954, 1.00000000, 1.00000000, 1.00000000
0.888888888889, 0.020202020202, 0.83718618, 1.00000000, 1.00000000, 1.00000000
0.888888888889, 0.030303030303, 0.84322178, 1.00000000, 1.00000000, 1.00000000
0.888888888889, 0.040404040404, 0.84977706, 1.00000000, 1.00000000, 1.00000000
0.888888888889, 0.050505050505, 0.85695969, 1.00000000, 1.00000000, 1.00000000
0.888888888889, 0.060606060606, 0.86484694, 1.00000000, 1.00000000, 1.00000000
0.888888888889, 0.070707070707, 0.87345616, 1.00000000, 1.00000000, 1.00000000
0.888888888889, 0.080808080808, 0.88274568, 1.00000000, 1.00000000, 1.00000000
0.888888888889, 0.090909090909, 0.89263764, 1.00000000, 1.00000000, 1.00000000
0.888888888889, 0.101010101010, 0.90304479, 1.00000000, 1.00000000, 1.00000000
0.888888888889, 0.111111111111, 0.91388749, 1.00000000, 1.00000000, 1.00000000
0.888888888889, 0.121212121212, 0.92509874, 1.00000000, 1.00000000, 1.00000000
0.888888888889, 0.131313131313, 0.93662158, 1.00000000, 1.00000000, 1.00000000
0.888888888889, 0.141414141414, 0.94840469, 1.00000000, 1.00000000, 1.00000000
0.888888888889, 0.151515151515, 0.96039889, 1.00000000, 1.00000000, 1.00000000
0.888888888889, 0.161616161616, 0.97255540, 1.00000000, 1.00000000, 1.00000000
0.888888888889, 0.171717171717, 0.98482513, 1.00000000, 1.00000000, 1.00000000
0.888888888889, 0.181818181818, 0.99715863, 1.00000000, 1.00000000, 1.00000000
0.888888888889, 0.191919191919, 1.00950617, 1.00000000, 1.00000000, 1.00000000
0.888888888889, 0.202020202020, 1.02181795, 1.00000000, 1.00000000, 1.00000000
0.888888888889, 0.212121212121, 1.03404430, 1.00000000, 1.00000000, 1.00000000
0.888888888889, 0.222222222222, 1.04613584, 1.00000000, 1.00000000, 1.00000000
0.888888888889, 0.232323232323, 1.05804373, 1.00000000, 1.00000000, 1.00000000
0.888888888889, 0.242424242424, 1.06971987, 1.00000000, 1.00000000, 1.00000000
0.888888888889, 0.252525252525, 1.08111704, 1.00000000, 1.00000000, 1.00000000
0.888888888889, 0.262626262626, 1.09218917, 1.00000000, 1.00000000, 1.00000000
0.888888888889, 0.272727272727, 1.10289146, 1.00000000, 1.00000000, 1.00000000
0.888888888889, 0.282828282828, 1.11318061, 1.00000000, 1.00000000, 1.00000000
0.888888888889, 0.292929292929, 1.12301499, 1.00000000, 1.00000000, 1.00000000
0.888888888889, 0.303030303030, 1.13235477, 1.00000000, 1.00000000, 1.00000000
0.888888888889, 0.313131313131, 1.14116215, 1.00000000, 1.00000000, 1.00000000
0.888888888889, 0.323232323232, 1.14940146, 1.00000000, 1.00000000, 1.00000000
0.888888888889, 0.333333333333, 1.15703934, 1.00000000, 1.00000000, 1.00000000
0.888888888889, 0.343434343434, 1.16404483, 1.00000000, 1.00000000, 1.00000000
0.888888888889, 0.353535353535, 1.17038956, 1.00000000, 1.00000000, 1.00000000
0.888888888889, 0.363636363636, 1.17604783, 1.00000000, 1.00000000, 1.00000000
0.888888888889, 0.373737373737, 1.18099670, 1.00000000, 1.00000000, 1.00000000
0.888888888889, 0.383838383838, 1.18521611, 1.00000000, 1.00000000, 1.00000000
0.888888888889, 0.393939393939, 1.18868896, 1.00000000, 1.00000000, 1.00000000
0.888888888889, 0.404040404040, 1.19140114, 1.00000000, 1.00000000, 1.00000000
0.888888888889, 0.414141414141, 1.19334163, 1.00000000, 1.00000000, 1.00000000
0.888888888889, 0.424242424242, 1.19450254, 1.00000000, 1.00000000, 1.00000000
0.888888888889, 0.434343434343, 1.19487909, 1.00000000, 1.00000000, 1.00000000
0.888888888889, 0.444444444444, 1.19446980, 1.00000000, 1.00000000, 1.00000000
0.888888888889, 0.454545454545, 1.19327640, 1.00000000, 1.00000000, 1.00000000
0.888888888889, 0.464646464646, 1.19130379, 1.00000000, 1.00000000, 1.00000000
0.888888888889, 0.474747474747, 1.18856001, 1.00000000, 1.00000000, 1.00000000
0.888888888889, 0.484848484848, 1.18505621, 1.00000000, 1.00000000, 1.00000000
0.888888888889, 0.494949494949, 1.18080662, 1.00000000, 1.00000000, 1.00000000
0.888888888889, 0.505050505051, 1.17582849, 1.00000000, 1.00000000, 1.00000000
0.888888888889, 0.515151515152, 1.17014201, 1.00000000, 1.00000000, 1.00000000
0.888888888889, 0.525252525253, 1.16377023, 1.00000000, 1.00000000, 1.00000000
0.888888888889, 0.535353535354, 1.15673898, 1.00000000, 1.00000000, 1.00000000
0.888888888889, 0.545454545455, 1.14907677, 1.00000000, 1.00000000, 1.00000000
0.888888888889, 0.555555555556, 1.14081464, 1.00000000, 1.00000000, 1.00000000
0.888888888889, 0.565656565657, 1.13198606, 1.00000000, 1.00000000, 1.00000000
0.888888888889, 0.575757575758, 1.12262679, 1.00000000, 1.00000000, 1.00000000
0.888888888889, 0.585858585859, 1.11277472, 1.00000000, 1.00000000, 1.00000000
0.888888888889, 0.595959595960, 1.10246975, 1.00000000, 1.00000000, 1.00000000
0.888888888889, 0.606060606061, 1.09175357, 1.00000000, 1.00000000, 1.00000000
0.888888888889, 0.616161616162, 1.08066954, 1.00000000, 1.00000000, 1.00000000
0.888888888889, 0.626262626263, 1.06926249, 1.00000000, 1.00000000, 1.00000000
0.888888888889, 0.636363636364, 1.05757852, 1.00000000, 1.00000000, 1.00000000
0.888888888889, 0.646464646465, 1.04566487, 1.00000000, 1.00000000, 1.00000000
0.888888888889, 0.656565656566, 1.03356964, 1.00000000, 1.00000000, 1.00000000
0.888888888889, 0.666666666667, 1.02134167, 1.00000000, 1.00000000, 1.00000000
0.888888888889, 0.676767676768, 1.00903031, 1.00000000, 1.00000000, 1.00000000
0.888888888889, 0.686868686869, 0.99668520, 1.00000000, 1.00000000, 1.00000000
0.888888888889, 0.696969696970, 0.98435611, 1.00000000, 1.00000000, 1.00000000
0.888888888889, 0.707070707071, 0.97209270, 1.00000000, 1.00000000, 1.00000000
0.888888888889, 0.717171717172, 0.95994434, 1.00000000, 1.00000000, 1.00000000
0.888888888889, 0.727272727273, 0.94795989, 1.00000000, 1.00000000, 1.00000000
0.888888888889, 0.737373737374, 0.93618753, 1.00000000, 1.00000000, 1.00000000
0.888888888889, 0.747474747475, 0.92467454, 1.00000000, 1.00000000, 1.00000000
0.888888888889, 0.757575757576, 0.91346713, 1.00000000, 1.00000000, 1.00000000
0.888888888889, 0.767676767677, 0.90261024, 1.00000000, 1.00000000, 1.00000000
0.888888888889, 0.777777777778, 0.89214738, 1.00000000, 1.00000000, 1.00000000
0.888888888889, 0.787878787879, 0.88212043, 1.00000000, 1.00000000, 1.00000000
0.888888888889, 0.797979797980, 0.87256950, 1.00000000, 1.00000000, 1.00000000
0.888888888889, 0.808080808081, 0.86353276, 1.00000000, 1.00000000, 1.00000000
0.888888888889, 0.818181818182, 0.85504630, 1.00000000, 1.00000000, 1.00000000
0.888888888889, 0.828282828283, 0.84714398, 1.00000000, 1.00000000, 1.00000000
0.888888888889, 0.838383838384, 0.83985731, 1.00000000, 1.00000000, 1.00000000
0.888888888889, 0.848484848485, 0.83321534, 1.00000000, 1.00000000, 1.00000000
0.888888888889, 0.858585858586, 0.82724451, 1.00000000, 1.00000000, 1.00000000
0.888888888889, 0.868686868687, 0.82196860, 1.00000000, 1.00000000, 1.00000000
0.888888888889, 0.878787878788, 0.81740862, 1.00000000, 1.00000000, 1.00000000
0.888888888889, 0.888888888889, 0.81358272, 1.00000000, 1.00000000, 1.00000000
0.888888888889, 0.898989898990, 0.81050616, 1.00000000, 1.00000000, 1.00000000
0.888888888889, 0.909090909091, 0.80819122, 1.00000000, 1.00000000, 1.00000000
0.888888888889, 0.919191919192, 0.80664716, 1.00000000, 1.00000000, 1.00000000
0.888888888889, 0.929292929293, 0.80588010, 1.00000000, 1.00000000, 1.00000000
0.888888888889, 0.939393939394, 0.80589269, 1.00000000, 1.00000000, 1.00000000
0.888888888889, 0.949494949495, 0.80668325, 1.00000000, 1.00000000, 1.00000000
0.888888888889, 0.959595959596, 0.80824406, 1.00000000, 1.00000000, 1.00000000
0.898989898990, -0.000000000000, 0.83228983, 1.00000000, 1.00000000, 1.00000000
0.898989898990, 0.010101010101, 0.83812132, 1.00000000, 1.00000000, 1.00000000
0.898989898990, 0.020202020202, 0.84430530, 1.00000000, 1.00000000, 1.00000000
0.898989898990, 0.030303030303, 0.85088173, 1.00000000, 1.00000000, 1.00000000
0.898989898990, 0.040404040404, 0.85795048, 1.00000000, 1.00000000, 1.00000000
0.898989898990, 0.050505050505, 0.86562847, 1.00000000, 1.00000000, 1.00000000
0.898989898990, 0.060606060606, 0.87399805, 1.00000000, 1.00000000, 1.00000000
0.898989898990, 0.070707070707, 0.88307568, 1.00000000, 1.00000000, 1.00000000
0.898989898990, 0.080808080808, 0.89281395, 1.00000000, 1.00000000, 1.00000000
0.898989898990, 0.090909090909, 0.90312729, 1.00000000, 1.00000000, 1.00000000
0.898989898990, 0.101010101010, 0.91392122, 1.00000000, 1.00000000, 1.00000000
0.898989898990, 0.111111111111, 0.92511075, 1.00000000, 1.00000000, 1.00000000
0.898989898990, 0.121212121212, 0.93662530, 1.00000000, 1.00000000, 1.00000000
0.898989898990, 0.131313131313, 0.94840568, 1.00000000, 1.00000000, 1.00000000
0.898989898990, 0.141414141414, 0.96039912, 1.00000000, 1.00000000, 1.00000000
0.898989898990, 0.151515151515, 0.97255544, 1.00000000, 1.00000000, 1.00000000
0.898989898990, 0.161616161616, 0.98482514, 1.00000000, 1.00000000, 1.00000000
0.898989898990, 0.171717171717, 0.99715863, 1.00000000, 1.00000000, 1.00000000
0.898989898990, 0.181818181818, 1.00950617, 1.00000000, 1.00000000, 1.00000000
0.898989898990, 0.191919191919, 1.02181795, 1.00000000, 1.00000000, 1.00000000
0.898989898990, 0.202020202020, 1.03404429, 1.00000000, 1.00000000, 1.00000000
0.898989898990, 0.212121212121, 1.04613584, 1.00000000, 1.00000000, 1.00000000
0.898989898990, 0.222222222222, 1.05804373, 1.00000000, 1.00000000, 1.00000000
0.898989898990, 0.232323232323, 1.06971987, 1.00000000, 1.00000000, 1.00000000
0.898989898990, 0.242424242424, 1.08111704, 1.00000000, 1.00000000, 1.00000000
0.898989898990, 0.252525252525, 1.09218917, 1.00000000, 1.00000000, 1.00000000
0.898989898990, 0.262626262626, 1.10289146, 1.00000000, 1.00000000, 1.00000000
0.898989898990, 0.272727272727, 1.11318061, 1.00000000, 1.00000000, 1.00000000
0.898989898990, 0.282828282828, 1.12301499, 1.00000000, 1.00000000, 1.00000000
0.898989898990, 0.292929292929, 1.13235477, 1.00000000, 1.00000000, 1.00000000
0.898989898990, 0.303030303030, 1.14116215, 1.00000000, 1.00000000, 1.00000000
0.898989898990, 0.313131313131, 1.14940146, 1.00000000, 1.00000000, 1.00000000
0.898989898990, 0.323232323232, 1.15703934, 1.00000000, 1.00000000, 1.00000000
0.898989898990, 0.333333333333, 1.16404483, 1.00000000, 1.00000000, 1.00000000
0.898989898990, 0.343434343434, 1.17038956, 1.00000000, 1.00000000, 1.00000000
0.898989898990, 0.353535353535, 1.17604783, 1.00000000, 1.00000000, 1.00000000
0.898989898990, 0.363636363636, 1.18099670, 1.00000000, 1.00000000, 1.00000000
0.898989898990, 0.373737373737, 1.18521611, 1.00000000, 1.00000000, 1.00000000
0.898989898990, 0.383838383838, 1.18868896, 1.00000000, 1.00000000, 1.00000000
0.898989898990, 0.393939393939, 1.19140114, 1.00000000, 1.00000000, 1.00000000
0.898989898990, 0.404040404040, 1.19334163, 1.00000000, 1.00000000, 1.00000000
0.898989898990, 0.414141414141, 1.19450254, 1.00000000, 1.00000000, 1.00000000
0.898989898990, 0.424242424242, 1.19487909, 1.00000000, 1.00000000, 1.00000000
0.898989898990, 0.434343434343, 1.19446980, 1.00000000, 1.00000000, 1.00000000
0.898989898990, 0.444444444444, 1.19327640, 1.00000000, 1.00000000, 1.00000000
0.898989898990, 0.454545454545, 1.19130379, 1.00000000, 1.00000000, 1.00000000
0.898989898990, 0.464646464646, 1.18856001, 1.00000000, 1.00000000, 1.00000000
0.898989898990, 0.474747474747, 1.18505621, 1.00000000, 1.00000000, 1.00000000
0.898989898990, 0.484848484848, 1.18080662, 1.00000000, 1.00000000, 1.00000000
0.898989898990, 0.494949494949, 1.17582849, 1.00000000, 1.00000000, 1.00000000
0.898989898990, 0.505050505051, 1.17014201, 1.00000000, 1.00000000, 1.00000000
0.898989898990, 0.515151515152, 1.16377023, 1.00000000, 1.00000000, 1.00000000
0.898989898990, 0.525252525253, 1.15673898, 1.00000000, 1.00000000, 1.00000000
0.898989898990, 0.535353535354, 1.14907677, 1.00000000, 1.00000000, 1.00000000
0.898989898990, 0.545454545455, 1.14081464, 1.00000000, 1.00000000, 1.00000000
0.898989898990, 0.555555555556, 1.13198606, 1.00000000, 1.00000000, 1.00000000
0.898989898990, 0.565656565657, 1.12262679, 1.00000000, 1.00000000, 1.00000000
0.898989898990, 0.575757575758, 1.11277472, 1.00000000, 1.00000000, 1.00000000
0.898989898990, 0.585858585859, 1.10246975, 1.00000000, 1.00000000, 1.00000000
0.898989898990, 0.595959595960, 1.09175357, 1.00000000, 1.00000000, 1.00000000
0.898989898990, 0.606060606061, 1.08066954, 1.00000000, 1.00000000, 1.00000000
0.898989898990, 0.616161616162, 1.06926249, 1.00000000, 1.00000000, 1.00000000
0.898989898990, 0.626262626263, 1.05757852, 1.00000000, 1.00000000, 1.00000000
0.898989898990, 0.636363636364, 1.04566487, 1.00000000, 1.00000000, 1.00000000
0.898989898990, 0.646464646465, 1.03356964, 1.00000000, 1.00000000, 1.00000000
0.898989898990, 0.656565656566, 1.02134167, 1.00000000, 1.00000000, 1.00000000
0.898989898990, 0.666666666667, 1.00903031, 1.00000000, 1.00000000, 1.00000000
0.898989898990, 0.676767676768, 0.99668520, 1.00000000, 1.00000000, 1.00000000
0.898989898990, 0.686868686869, 0.98435611, 1.00000000, 1.00000000, 1.00000000
0.898989898990, 0.696969696970, 0.97209270, 1.00000000, 1.00000000, 1.00000000
0.898989898990, 0.707070707071, 0.95994434, 1.00000000, 1.00000000, 1.00000000
0.898989898990, 0.717171717172, 0.94795989, 1.00000000, 1.00000000, 1.00000000
0.898989898990, 0.727272727273, 0.93618753, 1.00000000, 1.00000000, 1.00000000
0.898989898990, 0.737373737374, 0.92467454, 1.00000000, 1.00000000, 1.00000000
0.898989898990, 0.747474747475, 0.91346713, 1.00000000, 1.00000000, 1.00000000
0.898989898990, 0.757575757576, 0.90261024, 1.00000000, 1.00000000, 1.00000000
0.898989898990, 0.767676767677, 0.89214738, 1.00000000, 1.00000000, 1.00000000
0.898989898990, 0.777777777778, 0.88212043, 1.00000000, 1.00000000, 1.00000000
0.898989898990, 0.787878787879, 0.87256950, 1.00000000, 1.00000000, 1.00000000
0.898989898990, 0.797979797980, 0.86353276, 1.00000000, 1.00000000, 1.00000000
0.898989898990, 0.808080808081, 0.85504630, 1.00000000, 1.00000000, 1.00000000
0.898989898990, 0.818181818182, 0.84714398, 1.00000000, 1.00000000, 1.00000000
0.898989898990, 0.828282828283, 0.83985731, 1.00000000, 1.00000000, 1.00000000
0.898989898990, 0.838383838384, 0.83321534, 1.00000000, 1.00000000, 1.00000000
0.898989898990, 0.848484848485, 0.82724451, 1.00000000, 1.00000000, 1.00000000
0.898989898990, 0.858585858586, 0.82196860, 1.00000000, 1.00000000, 1.00000000
0.898989898990, 0.868686868687, 0.81740861, 1.00000000, 1.00000000, 1.00000000
0.898989898990, 0.878787878788, 0.81358272, 1.00000000, 1.00000000, 1.00000000
0.898989898990, 0.888888888889, 0.81050616, 1.00000000, 1.00000000, 1.00000000
0.898989898990, 0.898989898990, 0.80819122, 1.00000000, 1.00000000, 1.00000000
0.898989898990, 0.909090909091, 0.80664720, 1.00000000, 1.00000000, 1.00000000
0.898989898990, 0.919191919192, 0.80588029, 1.00000000, 1.00000000, 1.00000000
0.898989898990, 0.929292929293, 0.80589352, 1.00000000, 1.00000000, 1.00000000
0.898989898990, 0.939393939394, 0.80668623, 1.00000000, 1.00000000, 1.00000000
0.898989898990, 0.949494949495, 0.80825356, 1.00000000, 1.00000000, 1.00000000
0.898989898990, 0.959595959596, 0.81058442, 1.00000000, 1.00000000, 1.00000000
0.909090909091, -0.000000000000, 0.83888838, 1.00000000, 1.00000000, 1.00000000
0.909090909091, 0.010101010101, 0.84531555, 1.00000000, 1.00000000, 1.00000000
0.909090909091, 0.020202020202, 0.85205203, 1.00000000, 1.00000000, 1.00000000
0.909090909091, 0.030303030303, 0.85914272, 1.00000000, 1.00000000, 1.00000000
0.909090909091, 0.040404040404, 0.86669640, 1.00000000, 1.00000000, 1.00000000
0.909090909091, 0.050505050505, 0.87483889, 1.00000000, 1.00000000, 1.00000000
0.909090909091, 0.060606060606, 0.88365734, 1.00000000, 1.00000000, 1.00000000
0.909090909091, 0.070707070707, 0.89316718, 1.00000000, 1.00000000, 1.00000000
0.909090909091, 0.080808080808, 0.90331539, 1.00000000, 1.00000000, 1.00000000
0.909090909091, 0.090909090909, 0.91400892, 1.00000000, 1.00000000, 1.00000000
0.909090909091, 0.101010101010, 0.92514647, 1.00000000, 1.00000000, 1.00000000
0.909090909091, 0.111111111111, 0.93663796, 1.00000000, 1.00000000, 1.00000000
0.909090909091, 0.121212121212, 0.94840958, 1.00000000, 1.00000000, 1.00000000
0.909090909091, 0.131313131313, 0.96040015, 1.00000000, 1.00000000, 1.00000000
0.909090909091, 0.141414141414, 0.97255568, 1.00000000, 1.00000000, 1.00000000
0.909090909091, 0.151515151515, 0.98482518, 1.00000000, 1.00000000, 1.00000000
0.909090909091, 0.161616161616, 0.99715863, 1.00000000, 1.00000000, 1.00000000
0.909090909091, 0.171717171717, 1.00950617, 1.00000000, 1.00000000, 1.00000000
0.909090909091, 0.181818181818, 1.02181795, 1.00000000, 1.00000000, 1.00000000
0.909090909091, 0.191919191919, 1.03404429, 1.00000000, 1.00000000, 1.00000000
0.909090909091, 0.202020202020, 1.04613583, 1.00000000, 1.00000000, 1.00000000
0.909090909091, 0.212121212121, 1.05804373, 1.00000000, 1.00000000, 1.00000000
0.909090909091, 0.222222222222, 1.06971987, 1.00000000, 1.00000000, 1.00000000
0.909090909091, 0.232323232323, 1.08111704, 1.00000000, 1.00000000, 1.00000000
0.909090909091, 0.242424242424, 1.09218917, 1.00000000, 1.00000000, 1.00000000
0.909090909091, 0.252525252525, 1.10289146, 1.00000000, 1.00000000, 1.00000000
0.909090909091, 0.262626262626, 1.11318061, 1.00000000, 1.00000000, 1.00000000
0.909090909091, 0.272727272727, 1.12301499, 1.00000000, 1.00000000, 1.00000000
0.909090909091, 0.282828282828, 1.13235477, 1.00000000, 1.00000000, 1.00000000
0.909090909091, 0.292929292929, 1.14116215, 1.00000000, 1.00000000, 1.00000000
0.909090909091, 0.303030303030, 1.14940146, 1.00000000, 1.00000000, 1.00000000
0.909090909091, 0.313131313131, 1.15703934, 1.00000000, 1.00000000, 1.00000000
0.909090909091, 0.323232323232, 1.16404483, 1.00000000, 1.00000000, 1.00000000
0.909090909091, 0.333333333333, 1.17038956, 1.00000000, 1.00000000, 1.00000000
0.909090909091, 0.343434343434, 1.17604783, 1.00000000, 1.00000000, 1.00000000
0.909090909091, 0.353535353535, 1.18099670, 1.00000000, 1.00000000, 1.00000000
0.909090909091, 0.363636363636, 1.18521611, 1.00000000, 1.00000000, 1.00000000
0.909090909091, 0.373737373737, 1.18868896, 1.00000000, 1.00000000, 1.00000000
0.909090909091, 0.383838383838, 1.19140114, 1.00000000, 1.00000000, 1.00000000
0.909090909091, 0.393939393939, 1.19334164, 1.00000000, 1.00000000, 1.00000000
0.909090909091, 0.404040404040, 1.19450254, 1.00000000, 1.00000000, 1.00000000
0.909090909091, 0.414141414141, 1.19487909, 1.00000000, 1.00000000, 1.00000000
0.909090909091, 0.424242424242, 1.19446980, 1.00000000, 1.00000000, 1.00000000
0.909090909091, 0.434343434343, 1.19327640, 1.00000000, 1.00000000, 1.00000000
0.909090909091, 0.444444444444, 1.19130379, 1.00000000, 1.00000000, 1.00000000
0.909090909091, 0.454545454545, 1.18856001, 1.00000000, 1.00000000, 1.00000000
0.909090909091, 0.464646464646, 1.18505621, 1.00000000, 1.00000000, 1.00000000
0.909090909091, 0.474747474747, 1.18080662, 1.00000000, 1.00000000, 1.00000000
0.909090909091, 0.484848484848, 1.17582849, 1.00000000, 1.00000000, 1.00000000
0.909090909091, 0.494949494949, 1.17014201, 1.00000000, 1.00000000, 1.00000000
0.909090909091, 0.505050505051, 1.16377023, 1.00000000, 1.00000000, 1.00000000
0.909090909091, 0.515151515152, 1.15673899, 1.00000000, 1.00000000, 1.00000000
0.909090909091, 0.525252525253, 1.14907677, 1.00000000, 1.00000000, 1.00000000
0.909090909091, 0.535353535354, 1.14081464, 1.00000000, 1.00000000, 1.00000000
0.909090909091, 0.545454545455, 1.13198606, 1.00000000, 1.00000000, 1.00000000
0.909090909091, 0.555555555556, 1.12262679, 1.00000000, 1.00000000, 1.00000000
0.909090909091, 0.565656565657, 1.11277473, 1.00000000, 1.00000000, 1.00000000
0.909090909091, 0.575757575758, 1.10246976, 1.00000000, 1.00000000, 1.00000000
0.909090909091, 0.585858585859, 1.09175358, 1.00000000, 1.00000000, 1.00000000
0.909090909091, 0.595959595960, 1.08066955, 1.00000000, 1.00000000, 1.00000000
0.909090909091, 0.606060606061, 1.06926249, 1.00000000, 1.00000000, 1.00000000
0.909090909091, 0.616161616162, 1.05757853, 1.00000000, 1.00000000, 1.00000000
0.909090909091, 0.626262626263, 1.04566487, 1.00000000, 1.00000000, 1.00000000
0.909090909091, 0.636363636364, 1.03356964, 1.00000000, 1.00000000, 1.00000000
0.909090909091, 0.646464646465, 1.02134167, 1.00000000, 1.00000000, 1.00000000
0.909090909091, 0.656565656566, 1.00903031, 1.00000000, 1.00000000, 1.00000000
0.909090909091, 0.666666666667, 0.99668521, 1.00000000, 1.00000000, 1.00000000
0.909090909091, 0.676767676768, 0.98435612, 1.00000000, 1.00000000, 1.00000000
0.909090909091, 0.686868686869, 0.97209271, 1.00000000, 1.00000000, 1.00000000
0.909090909091, 0.696969696970, 0.95994434, 1.00000000, 1.00000000, 1.00000000
0.909090909091, 0.707070707071, 0.94795989, 1.00000000, 1.00000000, 1.00000000
0.909090909091, 0.717171717172, 0.93618753, 1.00000000, 1.00000000, 1.00000000
0.909090909091, 0.727272727273, 0.92467454, 1.00000000, 1.00000000, 1.00000000
0.909090909091, 0.737373737374, 0.91346713, 1.00000000, 1.00000000, 1.00000000
0.909090909091, 0.747474747475, 0.90261025, 1.00000000, 1.00000000, 1.00000000
0.909090909091, 0.757575757576, 0.89214738, 1.00000000, 1.00000000, 1.00000000
0.909090909091, 0.767676767677, 0.88212043, 1.00000000, 1.00000000, 1.00000000
0.909090909091, 0.777777777778, 0.87256950, 1.00000000, 1.00000000, 1.00000000
0.909090909091, 0.787878787879, 0.86353276, 1.00000000, 1.00000000, 1.00000000
0.909090909091, 0.797979797980, 0.85504629, 1.00000000, 1.00000000, 1.00000000
0.909090909091, 0.808080808081, 0.84714397, 1.00000000, 1.00000000, 1.00000000
0.909090909091, 0.818181818182, 0.83985731, 1.00000000, 1.00000000, 1.00000000
0.909090909091, 0.828282828283, 0.83321533, 1.00000000, 1.00000000, 1.00000000
0.909090909091, 0.838383838384, 0.82724450, 1.00000000, 1.00000000, 1.00000000
0.909090909091, 0.848484848485, 0.82196859, 1.00000000, 1.00000000, 1.00000000
0.909090909091, 0.858585858586, 0.81740861, 1.00000000, 1.00000000, 1.00000000
0.909090909091, 0.868686868687, 0.81358271, 1.00000000, 1.00000000, 1.00000000
0.909090909091, 0.878787878788, 0.81050615, 1.00000000, 1.00000000, 1.00000000
0.909090909091, 0.888888888889, 0.80819122, 1.00000000, 1.00000000, 1.00000000
0.909090909091, 0.898989898990, 0.80664720, 1.00000000, 1.00000000, 1.00000000
0.909090909091, 0.909090909091, 0.80588033, 1.00000000, 1.00000000, 1.00000000
0.909090909091, 0.919191919192, 0.80589372, 1.00000000, 1.00000000, 1.00000000
0.909090909091, 0.929292929293, 0.80668710, 1.00000000, 1.00000000, 1.00000000
0.909090909091, 0.939393939394, 0.80825672, 1.00000000, 1.00000000, 1.00000000
0.909090909091, 0.949494949495, 0.81059456, 1.00000000, 1.00000000, 1.00000000
0.909090909091, 0.959595959596, 0.81368624, 1.00000000, 1.00000000, 1.00000000
0.919191919192, -0.000000000000, 0.84613636, 1.00000000, 1.00000000, 1.00000000
0.919191919192, 0.010101010101, 0.85313355, 1.00000000, 1.00000000, 1.00000000
0.919191919192, 0.020202020202, 0.86039544, 1.00000000, 1.00000000, 1.00000000
0.919191919192, 0.030303030303, 0.86797174, 1.00000000, 1.00000000, 1.00000000
0.919191919192, 0.040404040404, 0.87597986, 1.00000000, 1.00000000, 1.00000000
0.919191919192, 0.050505050505, 0.88455411, 1.00000000, 1.00000000, 1.00000000
0.919191919192, 0.060606060606, 0.89378614, 1.00000000, 1.00000000, 1.00000000
0.919191919192, 0.070707070707, 0.90369025, 1.00000000, 1.00000000, 1.00000000
0.919191919192, 0.080808080808, 0.91420791, 1.00000000, 1.00000000, 1.00000000
0.919191919192, 0.090909090909, 0.92523890, 1.00000000, 1.00000000, 1.00000000
0.919191919192, 0.101010101010, 0.93667545, 1.00000000, 1.00000000, 1.00000000
0.919191919192, 0.111111111111, 0.94842280, 1.00000000, 1.00000000, 1.00000000
0.919191919192, 0.121212121212, 0.96040419, 1.00000000, 1.00000000, 1.00000000
0.919191919192, 0.131313131313, 0.97255673, 1.00000000, 1.00000000, 1.00000000
0.919191919192, 0.141414141414, 0.98482540, 1.00000000, 1.00000000, 1.00000000
0.919191919192, 0.151515151515, 0.99715866, 1.00000000, 1.00000000, 1.00000000
0.919191919192, 0.161616161616, 1.00950616, 1.00000000, 1.00000000, 1.00000000
0.919191919192, 0.171717171717, 1.02181793, 1.00000000, 1.00000000, 1.00000000
0.919191919192, 0.181818181818, 1.03404428, 1.00000000, 1.00000000, 1.00000000
0.919191919192, 0.191919191919, 1.04613582, 1.00000000, 1.00000000, 1.00000000
0.919191919192, 0.202020202020, 1.05804372, 1.00000000, 1.00000000, 1.00000000
0.919191919192, 0.212121212121, 1.06971986, 1.00000000, 1.00000000, 1.00000000
0.919191919192, 0.222222222222, 1.08111703, 1.00000000, 1.00000000, 1.00000000
0.919191919192, 0.232323232323, 1.09218916, 1.00000000, 1.00000000, 1.00000000
0.919191919192, 0.242424242424, 1.10289145, 1.00000000, 1.00000000, 1.00000000
0.919191919192, 0.252525252525, 1.11318061, 1.00000000, 1.00000000, 1.00000000
0.919191919192, 0.262626262626, 1.12301498, 1.00000000, 1.00000000, 1.00000000
0.919191919192, 0.272727272727, 1.13235477, 1.00000000, 1.00000000, 1.00000000
0.919191919192, 0.282828282828, 1.14116215, 1.00000000, 1.00000000, 1.00000000
0.919191919192, 0.292929292929, 1.14940147, 1.00000000, 1.00000000, 1.00000000
0.919191919192, 0.303030303030, 1.15703934, 1.00000000, 1.00000000, 1.00000000
0.919191919192, 0.313131313131, 1.16404484, 1.00000000, 1.00000000, 1.00000000
0.919191919192, 0.323232323232, 1.17038957, 1.00000000, 1.00000000, 1.00000000
0.919191919192, 0.333333333333, 1.17604784, 1.00000000, 1.00000000, 1.00000000
0.919191919192, 0.343434343434, 1.18099671, 1.00000000, 1.00000000, 1.00000000
0.919191919192, 0.353535353535, 1.18521612, 1.00000000, 1.00000000, 1.00000000
0.919191919192, 0.363636363636, 1.18868897, 1.00000000, 1.00000000, 1.00000000
0.919191919192, 0.373737373737, 1.19140115, 1.00000000, 1.00000000, 1.00000000
0.919191919192, 0.383838383838, 1.19334165, 1.00000000, 1.00000000, 1.00000000
0.919191919192, 0.393939393939, 1.19450256, 1.00000000, 1.00000000, 1.00000000
0.919191919192, 0.404040404040, 1.19487911, 1.00000000, 1.00000000, 1.00000000
0.919191919192, 0.414141414141, 1.19446982, 1.00000000, 1.00000000, 1.00000000
0.919191919192, 0.424242424242, 1.19327642, 1.00000000, 1.00000000, 1.00000000
0.919191919192, 0.434343434343, 1.19130381, 1.00000000, 1.00000000, 1.00000000
0.919191919192, 0.444444444444, 1.18856003, 1.00000000, 1.00000000, 1.00000000
0.919191919192, 0.454545454545, 1.18505623, 1.00000000, 1.00000000, 1.00000000
0.919191919192, 0.464646464646, 1.18080665, 1.00000000, 1.00000000, 1.00000000
0.919191919192, 0.474747474747, 1.17582852, 1.00000000, 1.00000000, 1.00000000
0.919191919192, 0.484848484848, 1.17014203, 1.00000000, 1.00000000, 1.00000000
0.919191919192, 0.494949494949, 1.16377026, 1.00000000, 1.00000000, 1.00000000
0.919191919192, 0.505050505051, 1.15673901, 1.00000000, 1.00000000, 1.00000000
0.919191919192, 0.515151515152, 1.14907680, 1.00000000, 1.00000000, 1.00000000
0.919191919192, 0.525252525253, 1.14081467, 1.00000000, 1.00000000, 1.00000000
0.919191919192, 0.535353535354, 1.13198609, 1.00000000, 1.00000000, 1.00000000
0.919191919192, 0.545454545455, 1.12262682, 1.00000000, 1.00000000, 1.00000000
0.919191919192, 0.555555555556, 1.11277476, 1.00000000, 1.00000000, 1.00000000
0.919191919192, 0.565656565657, 1.10246979, 1.00000000, 1.00000000, 1.00000000
0.919191919192, 0.575757575758, 1.09175361, 1.00000000, 1.00000000, 1.00000000
0.919191919192, 0.585858585859, 1.08066958, 1.00000000, 1.00000000, 1.00000000
0.919191919192, 0.595959595960, 1.06926253, 1.00000000, 1.00000000, 1.00000000
0.919191919192, 0.606060606061, 1.05757856, 1.00000000, 1.00000000, 1.00000000
0.919191919192, 0.616161616162, 1.04566491, 1.00000000, 1.00000000, 1.00000000
0.919191919192, 0.626262626263, 1.03356968, 1.00000000, 1.00000000, 1.00000000
0.919191919192, 0.636363636364, 1.02134171, 1.00000000, 1.00000000, 1.00000000
0.919191919192, 0.646464646465, 1.00903034, 1.00000000, 1.00000000, 1.00000000
0.919191919192, 0.656565656566, 0.99668524, 1.00000000, 1.00000000, 1.00000000
0.919191919192, 0.666666666667, 0.98435615, 1.00000000, 1.00000000, 1.00000000
0.919191919192, 0.676767676768, 0.97209273, 1.00000000, 1.00000000, 1.00000000
0.919191919192, 0.686868686869, 0.95994437, 1.00000000, 1.00000000, 1.00000000
0.919191919192, 0.696969696970, 0.94795992, 1.00000000, 1.00000000, 1.00000000
0.919191919192, 0.707070707071, 0.93618755, 1.00000000, 1.00000000, 1.00000000
0.919191919192, 0.717171717172, 0.92467456, 1.00000000, 1.00000000, 1.00000000
0.919191919192, 0.727272727273, 0.91346715, 1.00000000, 1.00000000, 1.00000000
0.919191919192, 0.737373737374, 0.90261026, 1.00000000, 1.00000000, 1.00000000
0.919191919192, 0.747474747475, 0.89214739, 1.00000000, 1.00000000, 1.00000000
0.919191919192, 0.757575757576, 0.88212044, 1.00000000, 1.00000000, 1.00000000
0.919191919192, 0.767676767677, 0.87256950, 1.00000000, 1.00000000, 1.00000000
0.919191919192, 0.777777777778, 0.86353276, 1.00000000, 1.00000000, 1.00000000
0.919191919192, 0.787878787879, 0.85504629, 1.00000000, 1.00000000, 1.00000000
0.919191919192, 0.797979797980, 0.84714396, 1.00000000, 1.00000000, 1.00000000
0.919191919192, 0.808080808081, 0.83985729, 1.00000000, 1.00000000, 1.00000000
0.919191919192, 0.818181818182, 0.83321531, 1.00000000, 1.00000000, 1.00000000
0.919191919192, 0.828282828283, 0.82724448, 1.00000000, 1.00000000, 1.00000000
0.919191919192, 0.838383838384, 0.82196857, 1.00000000, 1.00000000, 1.00000000
0.919191919192, 0.848484848485, 0.81740858, 1.00000000, 1.00000000, 1.00000000
0.919191919192, 0.858585858586, 0.81358268, 1.00000000, 1.00000000, 1.00000000
0.919191919192, 0.868686868687, 0.81050611, 1.00000000, 1.00000000, 1.00000000
0.919191919192, 0.878787878788, 0.80819118, 1.00000000, 1.00000000, 1.00000000
0.919191919192, 0.888888888889, 0.80664716, 1.00000000, 1.00000000, 1.00000000
0.919191919192, 0.898989898990, 0.80588029, 1.00000000, 1.00000000, 1.00000000
0.919191919192, 0.909090909091, 0.80589372, 1.00000000, 1.00000000, 1.00000000
0.919191919192, 0.919191919192, 0.80668727, 1.00000000, 1.00000000, 1.00000000
0.919191919192, 0.929292929293, 0.80825759, 1.00000000, 1.00000000, 1.00000000
0.919191919192, 0.939393939394, 0.81059786, 1.00000000, 1.00000000, 1.00000000
0.919191919192, 0.949494949495, 0.81369692, 1.00000000, 1.00000000, 1.00000000
0.919191919192, 0.959595959596, 0.81753715, 1.00000000, 1.00000000, 1.00000000
0.929292929293, -0.000000000000, 0.85400471, 1.00000000, 1.00000000, 1.00000000
0.929292929293, 0.010101010101, 0.86154397, 1.00000000, 1.00000000, 1.00000000
0.929292929293, 0.020202020202, 0.86930207, 1.00000000, 1.00000000, 1.00000000
0.929292929293, 0.030303030303, 0.87733339, 1.00000000, 1.00000000, 1.00000000
0.929292929293, 0.040404040404, 0.88576362, 1.00000000, 1.00000000, 1.00000000
0.929292929293, 0.050505050505, 0.89473515, 1.00000000, 1.00000000, 1.00000000
0.929292929293, 0.060606060606, 0.90434380, 1.00000000, 1.00000000, 1.00000000
0.929292929293, 0.070707070707, 0.91460263, 1.00000000, 1.00000000, 1.00000000
0.929292929293, 0.080808080808, 0.92544773, 1.00000000, 1.00000000, 1.00000000
0.929292929293, 0.090909090909, 0.93677206, 1.00000000, 1.00000000, 1.00000000
0.929292929293, 0.101010101010, 0.94846176, 1.00000000, 1.00000000, 1.00000000
0.929292929293, 0.111111111111, 0.96041781, 1.00000000, 1.00000000, 1.00000000
0.929292929293, 0.121212121212, 0.97256079, 1.00000000, 1.00000000, 1.00000000
0.929292929293, 0.131313131313, 0.98482638, 1.00000000, 1.00000000, 1.00000000
0.929292929293, 0.141414141414, 0.99715879, 1.00000000, 1.00000000, 1.00000000
0.929292929293, 0.151515151515, 1.00950610, 1.00000000, 1.00000000, 1.00000000
0.929292929293, 0.161616161616, 1.02181785, 1.00000000, 1.00000000, 1.00000000
0.929292929293, 0.171717171717, 1.03404419, 1.00000000, 1.00000000, 1.00000000
0.929292929293, 0.181818181818, 1.04613574, 1.00000000, 1.00000000, 1.00000000
0.929292929293, 0.191919191919, 1.05804365, 1.00000000, 1.00000000, 1.00000000
0.929292929293, 0.202020202020, 1.06971980, 1.00000000, 1.00000000, 1.00000000
0.929292929293, 0.212121212121, 1.08111698, 1.00000000, 1.00000000, 1.00000000
0.929292929293, 0.222222222222, 1.09218912, 1.00000000, 1.00000000, 1.00000000
0.929292929293, 0.232323232323, 1.10289142, 1.00000000, 1.00000000, 1.00000000
0.929292929293, 0.242424242424, 1.11318058, 1.00000000, 1.00000000, 1.00000000
0.929292929293, 0.252525252525, 1.12301497, 1.00000000, 1.00000000, 1.00000000
0.929292929293, 0.262626262626, 1.13235476, 1.00000000, 1.00000000, 1.00000000
0.929292929293, 0.272727272727, 1.14116215, 1.00000000, 1.00000000, 1.00000000
0.929292929293, 0.282828282828, 1.14940147, 1.00000000, 1.00000000, 1.00000000
0.929292929293, 0.292929292929, 1.15703935, 1.00000000, 1.00000000, 1.00000000
0.929292929293, 0.303030303030, 1.16404485, 1.00000000, 1.00000000, 1.00000000
0.929292929293, 0.313131313131, 1.17038960, 1.00000000, 1.00000000, 1.00000000
0.929292929293, 0.323232323232, 1.17604787, 1.00000000, 1.00000000, 1.00000000
0.929292929293, 0.333333333333, 1.18099675, 1.00000000, 1.00000000, 1.00000000
0.929292929293, 0.343434343434, 1.18521617, 1.00000000, 1.00000000, 1.00000000
0.929292929293, 0.353535353535, 1.18868902, 1.00000000, 1.00000000, 1.00000000
0.929292929293, 0.363636363636, 1.19140121, 1.00000000, 1.00000000, 1.00000000
0.929292929293, 0.373737373737, 1.19334171, 1.00000000, 1.00000000, 1.00000000
0.929292929293, 0.383838383838, 1.19450263, 1.00000000, 1.00000000, 1.00000000
0.929292929293, 0.393939393939, 1.19487919, 1.00000000, 1.00000000, 1.00000000
0.929292929293, 0.404040404040, 1.19446990, 1.00000000, 1.00000000, 1.00000000
0.929292929293, 0.414141414141, 1.19327651, 1.00000000, 1.00000000, 1.00000000
0.929292929293, 0.424242424242, 1.19130391, 1.00000000, 1.00000000, 1.00000000
0.929292929293, 0.434343434343, 1.18856013, 1.00000000, 1.00000000, 1.00000000
0.929292929293, 0.444444444444, 1.18505634, 1.00000000, 1.00000000, 1.00000000
0.929292929293, 0.454545454545, 1.18080676, 1.00000000, 1.00000000, 1.00000000
0.929292929293, 0.464646464646, 1.17582864, 1.00000000, 1.00000000, 1.00000000
0.929292929293, 0.474747474747, 1.17014216, 1.00000000, 1.00000000, 1.00000000
0.929292929293, 0.484848484848, 1.16377039, 1.00000000, 1.00000000, 1.00000000
0.929292929293, 0.494949494949, 1.15673915, 1.00000000, 1.00000000, 1.00000000
0.929292929293, 0.505050505051, 1.14907694, 1.00000000, 1.00000000, 1.00000000
0.929292929293, 0.515151515152, 1.14081482, 1.00000000, 1.00000000, 1.00000000
0.929292929293, 0.525252525253, 1.13198624, 1.00000000, 1.00000000, 1.00000000
0.929292929293, 0.535353535354, 1.12262698, 1.00000000, 1.00000000, 1.00000000
0.929292929293, 0.545454545455, 1.11277492, 1.00000000, 1.00000000, 1.00000000
0.929292929293, 0.555555555556, 1.10246995, 1.00000000, 1.00000000, 1.00000000
0.929292929293, 0.565656565657, 1.09175378, 1.00000000, 1.00000000, 1.00000000
0.929292929293, 0.575757575758, 1.08066975, 1.00000000, 1.00000000, 1.00000000
0.929292929293, 0.585858585859, 1.06926270, 1.00000000, 1.00000000, 1.00000000
0.929292929293, 0.595959595960, 1.05757874, 1.00000000, 1.00000000, 1.00000000
0.929292929293, 0.606060606061, 1.04566508, 1.00000000, 1.00000000, 1.00000000
0.929292929293, 0.616161616162, 1.03356985, 1.00000000, 1.00000000, 1.00000000
0.929292929293, 0.626262626263, 1.02134188, 1.00000000, 1.00000000, 1.00000000
0.929292929293, 0.636363636364, 1.00903051, 1.00000000, 1.00000000, 1.00000000
0.929292929293, 0.646464646465, 0.99668540, 1.00000000, 1.00000000, 1.00000000
0.929292929293, 0.656565656566, 0.98435631, 1.00000000, 1.00000000, 1.00000000
0.929292929293, 0.666666666667, 0.97209289, 1.00000000, 1.00000000, 1.00000000
0.929292929293, 0.676767676768, 0.95994451, 1.00000000, 1.00000000, 1.00000000
0.929292929293, 0.686868686869, 0.94796005, 1.00000000, 1.00000000, 1.00000000
0.929292929293, 0.696969696970, 0.93618768, 1.00000000, 1.00000000, 1.00000000
0.929292929293, 0.707070707071, 0.92467468, 1.00000000, 1.00000000, 1.00000000
0.929292929293, 0.717171717172, 0.91346725, 1.00000000, 1.00000000, 1.00000000
0.929292929293, 0.727272727273, 0.90261035, 1.00000000, 1.00000000, 1.00000000
0.929292929293, 0.737373737374, 0.89214746, 1.00000000, 1.00000000, 1.00000000
0.929292929293, 0.747474747475, 0.88212049, 1.00000000, 1.00000000, 1.00000000
0.929292929293, 0.757575757576, 0.87256954, 1.00000000, 1.00000000, 1.00000000
0.929292929293, 0.767676767677, 0.86353277, 1.00000000, 1.00000000, 1.00000000
0.929292929293, 0.777777777778, 0.85504629, 1.00000000, 1.00000000, 1.00000000
0.929292929293, 0.787878787879, 0.84714394, 1.00000000, 1.00000000, 1.00000000
0.929292929293, 0.797979797980, 0.83985725, 1.00000000, 1.00000000, 1.00000000
0.929292929293, 0.808080808081, 0.83321525, 1.00000000, 1.00000000, 1.00000000
0.929292929293, 0.818181818182, 0.82724440, 1.00000000, 1.00000000, 1.00000000
0.929292929293, 0.828282828283, 0.82196847, 1.00000000, 1.00000000, 1.00000000
0.929292929293, 0.838383838384, 0.81740846, 1.00000000, 1.00000000, 1.00000000
0.929292929293, 0.848484848485, 0.81358254, 1.00000000, 1.00000000, 1.00000000
0.929292929293, 0.858585858586, 0.81050596, 1.00000000, 1.00000000, 1.00000000
0.929292929293, 0.868686868687, 0.80819100, 1.00000000, 1.00000000, 1.00000000
0.929292929293, 0.878787878788, 0.80664697, 1.00000000, 1.00000000, 1.00000000
0.929292929293, 0.888888888889, 0.80588010, 1.00000000, 1.00000000, 1.00000000
0.929292929293, 0.898989898990, 0.80589352, 1.00000000, 1.00000000, 1.00000000
0.929292929293, 0.909090909091, 0.80668710, 1.00000000, 1.00000000, 1.00000000
0.929292929293, 0.919191919192, 0.80825759, 1.00000000, 1.00000000, 1.00000000
0.929292929293, 0.929292929293, 0.81059857, 1.00000000, 1.00000000, 1.00000000
0.929292929293, 0.939393939394, 0.81370017, 1.00000000, 1.00000000, 1.00000000
0.929292929293, 0.949494949495, 0.81754815, 1.00000000, 1.00000000, 1.00000000
0.929292929293, 0.959595959596, 0.82212170, 1.00000000, 1.00000000, 1.00000000
0.939393939394, -0.000000000000, 0.86246146, 1.00000000, 1.00000000, 1.00000000
0.939393939394, 0.010101010101, 0.87051265, 1.00000000, 1.00000000, 1.00000000
0.939393939394, 0.020202020202, 0.87873575, 1.00000000, 1.00000000, 1.00000000
0.939393939394, 0.030303030303, 0.88718968, 1.00000000, 1.00000000, 1.00000000
0.939393939394, 0.040404040404, 0.89600799, 1.00000000, 1.00000000, 1.00000000
0.939393939394, 0.050505050505, 0.90534074, 1.00000000, 1.00000000, 1.00000000
0.939393939394, 0.060606060606, 0.91528753, 1.00000000, 1.00000000, 1.00000000
0.939393939394, 0.070707070707, 0.92586009, 1.00000000, 1.00000000, 1.00000000
0.939393939394, 0.080808080808, 0.93698930, 1.00000000, 1.00000000, 1.00000000
0.939393939394, 0.090909090909, 0.94856163, 1.00000000, 1.00000000, 1.00000000
0.939393939394, 0.101010101010, 0.96045762, 1.00000000, 1.00000000, 1.00000000
0.939393939394, 0.111111111111, 0.97257432, 1.00000000, 1.00000000, 1.00000000
0.939393939394, 0.121212121212, 0.98483007, 1.00000000, 1.00000000, 1.00000000
0.939393939394, 0.131313131313, 0.99715934, 1.00000000, 1.00000000, 1.00000000
0.939393939394, 0.141414141414, 1.00950581, 1.00000000, 1.00000000, 1.00000000
0.939393939394, 0.151515151515, 1.02181739, 1.00000000, 1.00000000, 1.00000000
0.939393939394, 0.161616161616, 1.03404374, 1.00000000, 1.00000000, 1.00000000
0.939393939394, 0.171717171717, 1.04613533, 1.00000000, 1.00000000, 1.00000000
0.939393939394, 0.181818181818, 1.05804328, 1.00000000, 1.00000000, 1.00000000
0.939393939394, 0.191919191919, 1.06971947, 1.00000000, 1.00000000, 1.00000000
0.939393939394, 0.202020202020, 1.08111669, 1.00000000, 1.00000000, 1.00000000
0.939393939394, 0.212121212121, 1.09218887, 1.00000000, 1.00000000, 1.00000000
0.939393939394, 0.222222222222, 1.10289121, 1.00000000, 1.00000000, 1.00000000
0.939393939394, 0.232323232323, 1.11318041, 1.00000000, 1.00000000, 1.00000000
0.939393939394, 0.242424242424, 1.12301483, 1.00000000, 1.00000000, 1.00000000
0.939393939394, 0.252525252525, 1.13235467, 1.00000000, 1.00000000, 1.00000000
0.939393939394, 0.262626262626, 1.14116209, 1.00000000, 1.00000000, 1.00000000
0.939393939394, 0.272727272727, 1.14940145, 1.00000000, 1.00000000, 1.00000000
0.939393939394, 0.282828282828, 1.15703937, 1.00000000, 1.00000000, 1.00000000
0.939393939394, 0.292929292929, 1.16404490, 1.00000000, 1.00000000, 1.00000000
0.939393939394, 0.303030303030, 1.17038968, 1.00000000, 1.00000000, 1.00000000
0.939393939394, 0.313131313131, 1.17604799, 1.00000000, 1.00000000, 1.00000000
0.939393939394, 0.323232323232, 1.18099690, 1.00000000, 1.00000000, 1.00000000
0.939393939394, 0.333333333333, 1.18521636, 1.00000000, 1.00000000, 1.00000000
0.939393939394, 0.343434343434, 1.18868924, 1.00000000, 1.00000000, 1.00000000
0.939393939394, 0.353535353535, 1.19140146, 1.00000000, 1.00000000, 1.00000000
0.939393939394, 0.363636363636, 1.19334200, 1.00000000, 1.00000000, 1.00000000
0.939393939394, 0.373737373737, 1.19450294, 1.00000000, 1.00000000, 1.00000000
0.939393939394, 0.383838383838, 1.19487953, 1.00000000, 1.00000000, 1.00000000
0.939393939394, 0.393939393939, 1.19447028, 1.00000000, 1.00000000, 1.00000000
0.939393939394, 0.404040404040, 1.19327692, 1.00000000, 1.00000000, 1.00000000
0.939393939394, 0.414141414141, 1.19130435, 1.00000000, 1.00000000, 1.00000000
0.939393939394, 0.424242424242, 1.18856060, 1.00000000, 1.00000000, 1.00000000
0.939393939394, 0.434343434343, 1.18505684, 1.00000000, 1.00000000, 1.00000000
0.939393939394, 0.444444444444, 1.18080729, 1.00000000, 1.00000000, 1.00000000
0.939393939394, 0.454545454545, 1.17582919, 1.00000000, 1.00000000, 1.00000000
0.939393939394, 0.464646464646, 1.17014274, 1.00000000, 1.00000000, 1.00000000
0.939393939394, 0.474747474747, 1.16377100, 1.00000000, 1.00000000, 1.00000000
0.939393939394, 0.484848484848, 1.15673978, 1.00000000, 1.00000000, 1.00000000
0.939393939394, 0.494949494949, 1.14907760, 1.00000000, 1.00000000, 1.00000000
0.939393939394, 0.505050505051, 1.14081550, 1.00000000, 1.00000000, 1.00000000
0.939393939394, 0.515151515152, 1.13198695, 1.00000000, 1.00000000, 1.00000000
0.939393939394, 0.525252525253, 1.12262770, 1.00000000, 1.00000000, 1.00000000
0.939393939394, 0.535353535354, 1.11277566, 1.00000000, 1.00000000, 1.00000000
0.939393939394, 0.545454545455, 1.10247071, 1.00000000, 1.00000000, 1.00000000
0.939393939394, 0.555555555556, 1.09175455, 1.00000000, 1.00000000, 1.00000000
0.939393939394, 0.565656565657, 1.08067053, 1.00000000, 1.00000000, 1.00000000
0.939393939394, 0.575757575758, 1.06926349, 1.00000000, 1.00000000, 1.00000000
0.939393939394, 0.585858585859, 1.05757953, 1.00000000, 1.00000000, 1.00000000
0.939393939394, 0.595959595960, 1.04566587, 1.00000000, 1.00000000, 1.00000000
0.939393939394, 0.606060606061, 1.03357064, 1.00000000, 1.00000000, 1.00000000
0.939393939394, 0.616161616162, 1.02134266, 1.00000000, 1.00000000, 1.00000000
0.939393939394, 0.626262626263, 1.00903128, 1.00000000, 1.00000000, 1.00000000
0.939393939394, 0.636363636364, 0.99668616, 1.00000000, 1.00000000, 1.00000000
0.939393939394, 0.646464646465, 0.98435704, 1.00000000, 1.00000000, 1.00000000
0.939393939394, 0.656565656566, 0.97209360, 1.00000000, 1.00000000, 1.00000000
0.939393939394, 0.666666666667, 0.95994519, 1.00000000, 1.00000000, 1.00000000
0.939393939394, 0.676767676768, 0.94796070, 1.00000000, 1.00000000, 1.00000000
0.939393939394, 0.686868686869, 0.93618828, 1.00000000, 1.00000000, 1.00000000
0.939393939394, 0.696969696970, 0.92467523, 1.00000000, 1.00000000, 1.00000000
0.939393939394, 0.707070707071, 0.91346775, 1.00000000, 1.00000000, 1.00000000
0.939393939394, 0.717171717172, 0.90261079, 1.00000000, 1.00000000, 1.00000000
0.939393939394, 0.727272727273, 0.89214784, 1.00000000, 1.00000000, 1.00000000
0.939393939394, 0.737373737374, 0.88212080, 1.00000000, 1.00000000, 1.00000000
0.939393939394, 0.747474747475, 0.87256978, 1.00000000, 1.00000000, 1.00000000
0.939393939394, 0.757575757576, 0.86353294, 1.00000000, 1.00000000, 1.00000000
0.939393939394, 0.767676767677, 0.85504637, 1.00000000, 1.00000000, 1.00000000
0.939393939394, 0.777777777778, 0.84714395, 1.00000000, 1.00000000, 1.00000000
0.939393939394, 0.787878787879, 0.83985717, 1.00000000, 1.00000000, 1.00000000
0.939393939394, 0.797979797980, 0.83321509, 1.00000000, 1.00000000, 1.00000000
0.939393939394, 0.808080808081, 0.82724415, 1.00000000, 1.00000000, 1.00000000
0.939393939394, 0.818181818182, 0.82196814, 1.00000000, 1.00000000, 1.00000000
0.939393939394, 0.828282828283, 0.81740805, 1.00000000, 1.00000000, 1.00000000
0.939393939394, 0.838383838384, 0.81358205, 1.00000000, 1.00000000, 1.00000000
0.939393939394, 0.848484848485, 0.81050539, 1.00000000, 1.00000000, 1.00000000
0.939393939394, 0.858585858586, 0.80819037, 1.00000000, 1.00000000, 1.00000000
0.939393939394, 0.868686868687, 0.80664626, 1.00000000, 1.00000000, 1.00000000
0.939393939394, 0.878787878788, 0.80587933, 1.00000000, 1.00000000, 1.00000000
0.939393939394, 0.888888888889, 0.80589269, 1.00000000, 1.00000000, 1.00000000
0.939393939394, 0.898989898990, 0.80668623, 1.00000000, 1.00000000, 1.00000000
0.939393939394, 0.909090909091, 0.80825672, 1.00000000, 1.00000000, 1.00000000
0.939393939394, 0.919191919192, 0.81059786, 1.00000000, 1.00000000, 1.00000000
0.939393939394, 0.929292929293, 0.81370017, 1.00000000, 1.00000000, 1.00000000
0.939393939394, 0.939393939394, 0.81755075, 1.00000000, 1.00000000, 1.00000000
0.939393939394, 0.949494949495, 0.82213236, 1.00000000, 1.00000000, 1.00000000
0.939393939394, 0.959595959596, 0.82742107, 1.00000000, 1.00000000, 1.00000000
0.949494949495, -0.000000000000, 0.87147076, 1.00000000, 1.00000000, 1.00000000
0.949494949495, 0.010101010101, 0.88000169, 1.00000000, 1.00000000, 1.00000000
0.949494949495, 0.020202020202, 0.88865675, 1.00000000, 1.00000000, 1.00000000
0.949494949495, 0.030303030303, 0.89749919, 1.00000000, 1.00000000, 1.00000000
0.949494949495, 0.040404040404, 0.90667006, 1.00000000, 1.00000000, 1.00000000
0.949494949495, 0.050505050505, 0.91632654, 1.00000000, 1.00000000, 1.00000000
0.949494949495, 0.060606060606, 0.92657167, 1.00000000, 1.00000000, 1.00000000
0.949494949495, 0.070707070707, 0.93741573, 1.00000000, 1.00000000, 1.00000000
0.949494949495, 0.080808080808, 0.94878458, 1.00000000, 1.00000000, 1.00000000
0.949494949495, 0.090909090909, 0.96055861, 1.00000000, 1.00000000, 1.00000000
0.949494949495, 0.101010101010, 0.97261321, 1.00000000, 1.00000000, 1.00000000
0.949494949495, 0.111111111111, 0.98484195, 1.00000000, 1.00000000, 1.00000000
0.949494949495, 0.121212121212, 0.99716121, 1.00000000, 1.00000000, 1.00000000
0.949494949495, 0.131313131313, 1.00950458, 1.00000000, 1.00000000, 1.00000000
0.949494949495, 0.141414141414, 1.02181544, 1.00000000, 1.00000000, 1.00000000
0.949494949495, 0.151515151515, 1.03404174, 1.00000000, 1.00000000, 1.00000000
0.949494949495, 0.161616161616, 1.04613345, 1.00000000, 1.00000000, 1.00000000
0.949494949495, 0.171717171717, 1.05804156, 1.00000000, 1.00000000, 1.00000000
0.949494949495, 0.181818181818, 1.06971791, 1.00000000, 1.00000000, 1.00000000
0.949494949495, 0.191919191919, 1.08111531, 1.00000000, 1.00000000, 1.00000000
0.949494949495, 0.202020202020, 1.09218765, 1.00000000, 1.00000000, 1.00000000
0.949494949495, 0.212121212121, 1.10289015, 1.00000000, 1.00000000, 1.00000000
0.949494949495, 0.222222222222, 1.11317952, 1.00000000, 1.00000000, 1.00000000
0.949494949495, 0.232323232323, 1.12301410, 1.00000000, 1.00000000, 1.00000000
0.949494949495, 0.242424242424, 1.13235409, 1.00000000, 1.00000000, 1.00000000
0.949494949495, 0.252525252525, 1.14116168, 1.00000000, 1.00000000, 1.00000000
0.949494949495, 0.262626262626, 1.14940119, 1.00000000, 1.00000000, 1.00000000
0.949494949495, 0.272727272727, 1.15703926, 1.00000000, 1.00000000, 1.00000000
0.949494949495, 0.282828282828, 1.16404495, 1.00000000, 1.00000000, 1.00000000
0.949494949495, 0.292929292929, 1.17038988, 1.00000000, 1.00000000, 1.00000000
0.949494949495, 0.303030303030, 1.17604834, 1.00000000, 1.00000000, 1.00000000
0.949494949495, 0.313131313131, 1.18099739, 1.00000000, 1.00000000, 1.00000000
0.949494949495, 0.323232323232, 1.18521699, 1.00000000, 1.00000000, 1.00000000
0.949494949495, 0.333333333333, 1.18869002, 1.00000000, 1.00000000, 1.00000000
0.949494949495, 0.343434343434, 1.19140238, 1.00000000, 1.00000000, 1.00000000
0.949494949495, 0.353535353535, 1.19334306, 1.00000000, 1.00000000, 1.00000000
0.949494949495, 0.363636363636, 1.19450414, 1.00000000, 1.00000000, 1.00000000
0.949494949495, 0.373737373737, 1.19488087, 1.00000000, 1.00000000, 1.00000000
0.949494949495, 0.383838383838, 1.19447175, 1.00000000, 1.00000000, 1.00000000
0.949494949495, 0.393939393939, 1.19327852, 1.00000000, 1.00000000, 1.00000000
0.949494949495, 0.404040404040, 1.19130607, 1.00000000, 1.00000000, 1.00000000
0.949494949495, 0.414141414141, 1.18856245, 1.00000000, 1.00000000, 1.00000000
0.949494949495, 0.424242424242, 1.18505882, 1.00000000, 1.00000000, 1.00000000
0.949494949495, 0.434343434343, 1.18080938, 1.00000000, 1.00000000, 1.00000000
0.949494949495, 0.444444444444, 1.17583141, 1.00000000, 1.00000000, 1.00000000
0.949494949495, 0.454545454545, 1.17014507, 1.00000000, 1.00000000, 1.00000000
0.949494949495, 0.464646464646, 1.16377343, 1.00000000, 1.00000000, 1.00000000
0.949494949495, 0.474747474747, 1.15674232, 1.00000000, 1.00000000, 1.00000000
0.949494949495, 0.484848484848, 1.14908024, 1.00000000, 1.00000000, 1.00000000
0.949494949495, 0.494949494949, 1.14081823, 1.00000000, 1.00000000, 1.00000000
0.949494949495, 0.505050505051, 1.13198976, 1.00000000, 1.00000000, 1.00000000
0.949494949495, 0.515151515152, 1.12263059, 1.00000000, 1.00000000, 1.00000000
0.949494949495, 0.525252525253, 1.11277862, 1.00000000, 1.00000000, 1.00000000
0.949494949495, 0.535353535354, 1.10247373, 1.00000000, 1.00000000, 1.00000000
0.949494949495, 0.545454545455, 1.09175763, 1.00000000, 1.00000000, 1.00000000
0.949494949495, 0.555555555556, 1.08067365, 1.00000000, 1.00000000, 1.00000000
0.949494949495, 0.565656565657, 1.06926664, 1.00000000, 1.00000000, 1.00000000
0.949494949495, 0.575757575758, 1.05758270, 1.00000000, 1.00000000, 1.00000000
0.949494949495, 0.585858585859, 1.04566904, 1.00000000, 1.00000000, 1.00000000
0.949494949495, 0.595959595960, 1.03357380, 1.00000000, 1.00000000, 1.00000000
0.949494949495, 0.606060606061, 1.02134580, 1.00000000, 1.00000000, 1.00000000
0.949494949495, 0.616161616162, 1.00903438, 1.00000000, 1.00000000, 1.00000000
0.949494949495, 0.626262626263, 0.99668919, 1.00000000, 1.00000000, 1.00000000
0.949494949495, 0.636363636364, 0.98436000, 1.00000000, 1.00000000, 1.00000000
0.949494949495, 0.646464646465, 0.97209647, 1.00000000, 1.00000000, 1.00000000
0.949494949495, 0.656565656566, 0.95994795, 1.00000000, 1.00000000, 1.00000000
0.949494949495, 0.666666666667, 0.94796332, 1.00000000, 1.00000000, 1.00000000
0.949494949495, 0.676767676768, 0.93619075, 1.00000000, 1.00000000, 1.00000000
0.949494949495, 0.686868686869, 0.92467753, 1.00000000, 1.00000000, 1.00000000
0.949494949495, 0.696969696970, 0.91346987, 1.00000000, 1.00000000, 1.00000000
0.949494949495, 0.707070707071, 0.90261270, 1.00000000, 1.00000000, 1.00000000
0.949494949495, 0.717171717172, 0.89214953, 1.00000000, 1.00000000, 1.00000000
0.949494949495, 0.727272727273, 0.88212225, 1.00000000, 1.00000000, 1.00000000
0.949494949495, 0.737373737374, 0.87257097, 1.00000000, 1.00000000, 1.00000000
0.949494949495, 0.747474747475, 0.86353386, 1.00000000, 1.00000000, 1.00000000
0.949494949495, 0.757575757576, 0.85504702, 1.00000000, 1.00000000, 1.00000000
0.949494949495, 0.767676767677, 0.84714430, 1.00000000, 1.00000000, 1.00000000
0.949494949495, 0.777777777778, 0.83985723, 1.00000000, 1.00000000, 1.00000000
0.949494949495, 0.787878787879, 0.83321485, 1.00000000, 1.00000000, 1.00000000
0.949494949495, 0.797979797980, 0.82724361, 1.00000000, 1.00000000, 1.00000000
0.949494949495, 0.808080808081, 0.82196729, 1.00000000, 1.00000000, 1.00000000
0.949494949495, 0.818181818182, 0.81740689, 1.00000000, 1.00000000, 1.00000000
0.949494949495, 0.828282828283, 0.81358060, 1.00000000, 1.00000000, 1.00000000
0.949494949495, 0.838383838384, 0.81050365, 1.00000000, 1.00000000, 1.00000000
0.949494949495, 0.848484848485, 0.80818835, 1.00000000, 1.00000000, 1.00000000
0.949494949495, 0.858585858586, 0.80664398, 1.00000000, 1.00000000, 1.00000000
0.949494949495, 0.868686868687, 0.80587680, 1.00000000, 1.00000000, 1.00000000
0.949494949495, 0.878787878788, 0.80588993, 1.00000000, 1.00000000, 1.00000000
0.949494949495, 0.888888888889, 0.80668325, 1.00000000, 1.00000000, 1.00000000
0.949494949495, 0.898989898990, 0.80825356, 1.00000000, 1.00000000, 1.00000000
0.949494949495, 0.909090909091, 0.81059456, 1.00000000, 1.00000000, 1.00000000
0.949494949495, 0.919191919192, 0.81369692, 1.00000000, 1.00000000, 1.00000000
0.949494949495, 0.929292929293, 0.81754815, 1.00000000, 1.00000000, 1.00000000
0.949494949495, 0.939393939394, 0.82213236, 1.00000000, 1.00000000, 1.00000000
0.949494949495, 0.949494949495, 0.82742933, 1.00000000, 1.00000000, 1.00000000
0.949494949495, 0.959595959596, 0.83341217, 1.00000000, 1.00000000, 1.00000000
0.959595959596, -0.000000000000, 0.88099044, 1.00000000, 1.00000000, 1.00000000
0.959595959596, 0.010101010101, 0.88996702, 1.00000000, 1.00000000, 1.00000000
0.959595959596, 0.020202020202, 0.89901928, 1.00000000, 1.00000000, 1.00000000
0.959595959596, 0.030303030303, 0.90821465, 1.00000000, 1.00000000, 1.00000000
0.959595959596, 0.040404040404, 0.91770122, 1.00000000, 1.00000000, 1.00000000
0.959595959596, 0.050505050505, 0.92764276, 1.00000000, 1.00000000, 1.00000000
0.959595959596, 0.060606060606, 0.93814534, 1.00000000, 1.00000000, 1.00000000
0.959595959596, 0.070707070707, 0.94921769, 1.00000000, 1.00000000, 1.00000000
0.959595959596, 0.080808080808, 0.96078090, 1.00000000, 1.00000000, 1.00000000
0.959595959596, 0.090909090909, 0.97270968, 1.00000000, 1.00000000, 1.00000000
0.959595959596, 0.101010101010, 0.98487473, 1.00000000, 1.00000000, 1.00000000
0.959595959596, 0.111111111111, 0.99716661, 1.00000000, 1.00000000, 1.00000000
0.959595959596, 0.121212121212, 1.00950010, 1.00000000, 1.00000000, 1.00000000
0.959595959596, 0.131313131313, 1.02180816, 1.00000000, 1.00000000, 1.00000000
0.959595959596, 0.141414141414, 1.03403409, 1.00000000, 1.00000000, 1.00000000
0.959595959596, 0.151515151515, 1.04612614, 1.00000000, 1.00000000, 1.00000000
0.959595959596, 0.161616161616, 1.05803476, 1.00000000, 1.00000000, 1.00000000
0.959595959596, 0.171717171717, 1.06971168, 1.00000000, 1.00000000, 1.00000000
0.959595959596, 0.181818181818, 1.08110964, 1.00000000, 1.00000000, 1.00000000
0.959595959596, 0.191919191919, 1.09218256, 1.00000000, 1.00000000, 1.00000000
0.959595959596, 0.202020202020, 1.10288564, 1.00000000, 1.00000000, 1.00000000
0.959595959596, 0.212121212121, 1.11317559, 1.00000000, 1.00000000, 1.00000000
0.959595959596, 0.222222222222, 1.12301076, 1.00000000, 1.00000000, 1.00000000
0.959595959596, 0.232323232323, 1.13235133, 1.00000000, 1.00000000, 1.00000000
0.959595959596, 0.242424242424, 1.14115950, 1.00000000, 1.00000000, 1.00000000
0.959595959596, 0.252525252525, 1.14939959, 1.00000000, 1.00000000, 1.00000000
0.959595959596, 0.262626262626, 1.15703823, 1.00000000, 1.00000000, 1.00000000
0.959595959596, 0.272727272727, 1.16404449, 1.00000000, 1.00000000, 1.00000000
0.959595959596, 0.282828282828, 1.17038999, 1.00000000, 1.00000000, 1.00000000
0.959595959596, 0.292929292929, 1.17604900, 1.00000000, 1.00000000, 1.00000000
0.959595959596, 0.303030303030, 1.18099862, 1.00000000, 1.00000000, 1.00000000
0.959595959596, 0.313131313131, 1.18521877, 1.00000000, 1.00000000, 1.00000000
0.959595959596, 0.323232323232, 1.18869234, 1.00000000, 1.00000000, 1.00000000
0.959595959596, 0.333333333333, 1.19140523, 1.00000000, 1.00000000, 1.00000000
0.959595959596, 0.343434343434, 1.19334644, 1.00000000, 1.00000000, 1.00000000
0.959595959596, 0.353535353535, 1.19450804, 1.00000000, 1.00000000, 1.00000000
0.959595959596, 0.363636363636, 1.19488528, 1.00000000, 1.00000000, 1.00000000
0.959595959596, 0.373737373737, 1.19447666, 1.00000000, 1.00000000, 1.00000000
0.959595959596, 0.383838383838, 1.19328393, 1.00000000, 1.00000000, 1.00000000
0.959595959596, 0.393939393939, 1.19131197, 1.00000000, 1.00000000, 1.00000000
0.959595959596, 0.404040404040, 1.18856882, 1.00000000, 1.00000000, 1.00000000
0.959595959596, 0.414141414141, 1.18506564, 1.00000000, 1.00000000, 1.00000000
0.959595959596, 0.424242424242, 1.18081665, 1.00000000, 1.00000000, 1.00000000
0.959595959596, 0.434343434343, 1.17583910, 1.00000000, 1.00000000, 1.00000000
0.959595959596, 0.444444444444, 1.17015317, 1.00000000, 1.00000000, 1.00000000
0.959595959596, 0.454545454545, 1.16378193, 1.00000000, 1.00000000, 1.00000000
0.959595959596, 0.464646464646, 1.15675119, 1.00000000, 1.00000000, 1.00000000
0.959595959596, 0.474747474747, 1.14908946, 1.00000000, 1.00000000, 1.00000000
0.959595959596, 0.484848484848, 1.14082778, 1.00000000, 1.00000000, 1.00000000
0.959595959596, 0.494949494949, 1.13199961, 1.00000000, 1.00000000, 1.00000000
0.959595959596, 0.505050505051, 1.12264072, 1.00000000, 1.00000000, 1.00000000
0.959595959596, 0.515151515152, 1.11278900, 1.00000000, 1.00000000, 1.00000000
0.959595959596, 0.525252525253, 1.10248432, 1.00000000, 1.00000000, 1.00000000
0.959595959596, 0.535353535354, 1.09176839, 1.00000000, 1.00000000, 1.00000000
0.959595959596, 0.545454545455, 1.08068456, 1.00000000, 1.00000000, 1.00000000
0.959595959596, 0.555555555556, 1.06927765, 1.00000000, 1.00000000, 1.00000000
0.959595959596, 0.565656565657, 1.05759377, 1.00000000, 1.00000000, 1.00000000
0.959595959596, 0.575757575758, 1.04568013, 1.00000000, 1.00000000, 1.00000000
0.959595959596, 0.585858585859, 1.03358486, 1.00000000, 1.00000000, 1.00000000
0.959595959596, 0.595959595960, 1.02135677, 1.00000000, 1.00000000, 1.00000000
0.959595959596, 0.606060606061, 1.00904522, 1.00000000, 1.00000000, 1.00000000
0.959595959596, 0.616161616162, 0.99669985, 1.00000000, 1.00000000, 1.00000000
0.959595959596, 0.626262626263, 0.98437042, 1.00000000, 1.00000000, 1.00000000
0.959595959596, 0.636363636364, 0.97210658, 1.00000000, 1.00000000, 1.00000000
0.959595959596, 0.646464646465, 0.95995771, 1.00000000, 1.00000000, 1.00000000
0.959595959596, 0.656565656566, 0.94797266, 1.00000000, 1.00000000, 1.00000000
0.959595959596, 0.666666666667, 0.93619962, 1.00000000, 1.00000000, 1.00000000
0.959595959596, 0.676767676768, 0.92468586, 1.00000000, 1.00000000, 1.00000000
0.959595959596, 0.686868686869, 0.91347760, 1.00000000, 1.00000000, 1.00000000
0.959595959596, 0.696969696970, 0.90261979, 1.00000000, 1.00000000, 1.00000000
0.959595959596, 0.707070707071, 0.89215592, 1.00000000, 1.00000000, 1.00000000
0.959595959596, 0.717171717172, 0.88212788, 1.00000000, 1.00000000, 1.00000000
0.959595959596, 0.727272727273, 0.87257580, 1.00000000, 1.00000000, 1.00000000
0.959595959596, 0.737373737374, 0.86353785, 1.00000000, 1.00000000, 1.00000000
0.959595959596, 0.747474747475, 0.85505012, 1.00000000, 1.00000000, 1.00000000
0.959595959596, 0.757575757576, 0.84714649, 1.00000000, 1.00000000, 1.00000000
0.959595959596, 0.767676767677, 0.83985848, 1.00000000, 1.00000000, 1.00000000
0.959595959596, 0.777777777778, 0.83321514, 1.00000000, 1.00000000, 1.00000000
0.959595959596, 0.787878787879, 0.82724293, 1.00000000, 1.00000000, 1.00000000
0.959595959596, 0.797979797980, 0.82196563, 1.00000000, 1.00000000, 1.00000000
0.959595959596, 0.808080808081, 0.81740426, 1.00000000, 1.00000000, 1.00000000
0.959595959596, 0.818181818182, 0.81357700, 1.00000000, 1.00000000, 1.00000000
0.959595959596, 0.828282828283, 0.81049911, 1.00000000, 1.00000000, 1.00000000
0.959595959596, 0.838383838384, 0.80818288, 1.00000000, 1.00000000, 1.00000000
0.959595959596, 0.848484848485, 0.80663762, 1.00000000, 1.00000000, 1.00000000
0.959595959596, 0.858585858586, 0.80586958, 1.00000000, 1.00000000, 1.00000000
0.959595959596, 0.868686868687, 0.80588190, 1.00000000, 1.00000000, 1.00000000
0.959595959596, 0.878787878788, 0.80667446, 1.00000000, 1.00000000, 1.00000000
0.959595959596, 0.888888888889, 0.80824406, 1.00000000, 1.00000000, 1.00000000
0.959595959596, 0.898989898990, 0.81058442, 1.00000000, 1.00000000, 1.00000000
0.959595959596, 0.909090909091, 0.81368624, 1.00000000, 1.00000000, 1.00000000
0.959595959596, 0.919191919192, 0.81753715, 1.00000000, 1.00000000, 1.00000000
0.959595959596, 0.929292929293, 0.82212170, 1.00000000, 1.00000000, 1.00000000
0.959595959596, 0.939393939394, 0.82742107, 1.00000000, 1.00000000, 1.00000000
0.959595959596, 0.949494949495, 0.83341217, 1.00000000, 1.00000000, 1.00000000
0.959595959596, 0.959595959596, 0.84006519, 1.00000000, 1.00000000, 1.00000000
