# Time: 0.0456
# x, y, density, x-velocity, y-velocity, pressure
-0.000000000000, -0.000000000000, 0.91427915, 1.00000000, 1.00000000, 1.00000000
-0.000000000000, 0.010101010101, 0.92464796, 1.00000000, 1.00000000, 1.00000000
-0.000000000000, 0.020202020202, 0.93499580, 1.00000000, 1.00000000, 1.00000000
-0.000000000000, 0.030303030303, 0.94531507, 1.00000000, 1.00000000, 1.00000000
-0.000000000000, 0.040404040404, 0.95567146, 1.00000000, 1.00000000, 1.00000000
-0.000000000000, 0.050505050505, 0.96618095, 1.00000000, 1.00000000, 1.00000000
-0.000000000000, 0.060606060606, 0.97696291, 1.00000000, 1.00000000, 1.00000000
-0.000000000000, 0.070707070707, 0.98809181, 1.00000000, 1.00000000, 1.00000000
-0.000000000000, 0.080808080808, 0.99957024, 1.00000000, 1.00000000, 1.00000000
-0.000000000000, 0.090909090909, 1.01133263, 1.00000000, 1.00000000, 1.00000000
-0.000000000000, 0.101010101010, 1.02327099, 1.00000000, 1.00000000, 1.00000000
-0.000000000000, 0.111111111111, 1.03526566, 1.00000000, 1.00000000, 1.00000000
-0.000000000000, 0.121212121212, 1.04720725, 1.00000000, 1.00000000, 1.00000000
-0.000000000000, 0.131313131313, 1.05900553, 1.00000000, 1.00000000, 1.00000000
-0.000000000000, 0.141414141414, 1.07058840, 1.00000000, 1.00000000, 1.00000000
-0.000000000000, 0.151515151515, 1.08189687, 1.00000000, 1.00000000, 1.00000000
-0.000000000000, 0.161616161616, 1.09287989, 1.00000000, 1.00000000, 1.00000000
-0.000000000000, 0.171717171717, 1.10349100, 1.00000000, 1.00000000, 1.00000000
-0.000000000000, 0.181818181818, 1.11368658, 1.00000000, 1.00000000, 1.00000000
-0.000000000000, 0.191919191919, 1.12342514, 1.00000000, 1.00000000, 1.00000000
-0.000000000000, 0.202020202020, 1.13266717, 1.00000000, 1.00000000, 1.00000000
-0.000000000000, 0.212121212121, 1.14137521, 1.00000000, 1.00000000, 1.00000000
-0.000000000000, 0.222222222222, 1.14951398, 1.00000000, 1.00000000, 1.00000000
-0.000000000000, 0.232323232323, 1.15705050, 1.00000000, 1.00000000, 1.00000000
-0.000000000000, 0.242424242424, 1.16395423, 1.00000000, 1.00000000, 1.00000000
-0.000000000000, 0.252525252525, 1.17019722, 1.00000000, 1.00000000, 1.00000000
-0.000000000000, 0.262626262626, 1.17575415, 1.00000000, 1.00000000, 1.00000000
-0.000000000000, 0.272727272727, 1.18060253, 1.00000000, 1.00000000, 1.00000000
-0.000000000000, 0.282828282828, 1.18472273, 1.00000000, 1.00000000, 1.00000000
-0.000000000000, 0.292929292929, 1.18809804, 1.00000000, 1.00000000, 1.00000000
-0.000000000000, 0.303030303030, 1.19071481, 1.00000000, 1.00000000, 1.00000000
-0.000000000000, 0.313131313131, 1.19256242, 1.00000000, 1.00000000, 1.00000000
-0.000000000000, 0.323232323232, 1.19363340, 1.00000000, 1.00000000, 1.00000000
-0.000000000000, 0.333333333333, 1.19392340, 1.00000000, 1.00000000, 1.00000000
-0.000000000000, 0.343434343434, 1.19343132, 1.00000000, 1.00000000, 1.00000000
-0.000000000000, 0.353535353535, 1.19215928, 1.00000000, 1.00000000, 1.00000000
-0.000000000000, 0.363636363636, 1.19011256, 1.00000000, 1.00000000, 1.00000000
-0.000000000000, 0.373737373737, 1.18729955, 1.00000000, 1.00000000, 1.00000000
-0.000000000000, 0.383838383838, 1.18373174, 1.00000000, 1.00000000, 1.00000000
-0.000000000000, 0.393939393939, 1.17942368, 1.00000000, 1.00000000, 1.00000000
-0.000000000000, 0.404040404040, 1.17439290, 1.00000000, 1.00000000, 1.00000000
-0.000000000000, 0.414141414141, 1.16865986, 1.00000000, 1.00000000, 1.00000000
-0.000000000000, 0.424242424242, 1.16224787, 1.00000000, 1.00000000, 1.00000000
-0.000000000000, 0.434343434343, 1.15518295, 1.00000000, 1.00000000, 1.00000000
-0.000000000000, 0.444444444444, 1.14749380, 1.00000000, 1.00000000, 1.00000000
-0.000000000000, 0.454545454545, 1.13921160, 1.00000000, 1.00000000, 1.00000000
-0.000000000000, 0.464646464646, 1.13036995, 1.00000000, 1.00000000, 1.00000000
-0.000000000000, 0.474747474747, 1.12100468, 1.00000000, 1.00000000, 1.00000000
-0.000000000000, 0.484848484848, 1.11115376, 1.00000000, 1.00000000, 1.00000000
-0.000000000000, 0.494949494949, 1.10085706, 1.00000000, 1.00000000, 1.00000000
-0.000000000000, 0.505050505051, 1.09015628, 1.00000000, 1.00000000, 1.00000000
-0.000000000000, 0.515151515152, 1.07909471, 1.00000000, 1.00000000, 1.00000000
-0.000000000000, 0.525252525253, 1.06771708, 1.00000000, 1.00000000, 1.00000000
-0.000000000000, 0.535353535354, 1.05606939, 1.00000000, 1.00000000, 1.00000000
-0.000000000000, 0.545454545455, 1.04419869, 1.00000000, 1.00000000, 1.00000000
-0.000000000000, 0.555555555556, 1.03215289, 1.00000000, 1.00000000, 1.00000000
-0.000000000000, 0.565656565657, 1.01998060, 1.00000000, 1.00000000, 1.00000000
-0.000000000000, 0.575757575758, 1.00773089, 1.00000000, 1.00000000, 1.00000000
-0.000000000000, 0.585858585859, 0.99545313, 1.00000000, 1.00000000, 1.00000000
-0.000000000000, 0.595959595960, 0.98319675, 1.00000000, 1.00000000, 1.00000000
-0.000000000000, 0.606060606061, 0.97101105, 1.00000000, 1.00000000, 1.00000000
-0.000000000000, 0.616161616162, 0.95894503, 1.00000000, 1.00000000, 1.00000000
-0.000000000000, 0.626262626263, 0.94704715, 1.00000000, 1.00000000, 1.00000000
-0.000000000000, 0.636363636364, 0.93536516, 1.00000000, 1.00000000, 1.00000000
-0.000000000000, 0.646464646465, 0.92394592, 1.00000000, 1.00000000, 1.00000000
-0.000000000000, 0.656565656566, 0.91283517, 1.00000000, 1.00000000, 1.00000000
-0.000000000000, 0.666666666667, 0.90207739, 1.00000000, 1.00000000, 1.00000000
-0.000000000000, 0.676767676768, 0.89171562, 1.00000000, 1.00000000, 1.00000000
-0.000000000000, 0.686868686869, 0.88179126, 1.00000000, 1.00000000, 1.00000000
-0.000000000000, 0.696969696970, 0.87234395, 1.00000000, 1.00000000, 1.00000000
-0.000000000000, 0.707070707071, 0.86341138, 1.00000000, 1.00000000, 1.00000000
-0.000000000000, 0.717171717172, 0.85502918, 1.00000000, 1.00000000, 1.00000000
-0.000000000000, 0.727272727273, 0.84723074, 1.00000000, 1.00000000, 1.00000000
-0.000000000000, 0.737373737374, 0.84004714, 1.00000000, 1.00000000, 1.00000000
-0.000000000000, 0.747474747475, 0.83350696, 1.00000000, 1.00000000, 1.00000000
-0.000000000000, 0.757575757576, 0.82763627, 1.00000000, 1.00000000, 1.00000000
-0.000000000000, 0.767676767677, 0.82245842, 1.00000000, 1.00000000, 1.00000000
-0.000000000000, 0.777777777778, 0.81799405, 1.00000000, 1.00000000, 1.00000000
-0.000000000000, 0.787878787879, 0.81426096, 1.00000000, 1.00000000, 1.00000000
-0.000000000000, 0.797979797980, 0.81127409, 1.00000000, 1.00000000, 1.00000000
-0.000000000000, 0.808080808081, 0.80904540, 1.00000000, 1.00000000, 1.00000000
-0.000000000000, 0.818181818182, 0.80758388, 1.00000000, 1.00000000, 1.00000000
-0.000000000000, 0.828282828283, 0.80689553, 1.00000000, 1.00000000, 1.00000000
-0.000000000000, 0.838383838384, 0.80698321, 1.00000000, 1.00000000, 1.00000000
-0.000000000000, 0.848484848485, 0.80784658, 1.00000000, 1.00000000, 1.00000000
-0.000000000000, 0.858585858586, 0.80948223, 1.00000000, 1.00000000, 1.00000000
-0.000000000000, 0.868686868687, 0.81188371, 1.00000000, 1.00000000, 1.00000000
-0.000000000000, 0.878787878788, 0.81504153, 1.00000000, 1.00000000, 1.00000000
-0.000000000000, 0.888888888889, 0.81894323, 1.00000000, 1.00000000, 1.00000000
-0.000000000000, 0.898989898990, 0.82357339, 1.00000000, 1.00000000, 1.00000000
-0.000000000000, 0.909090909091, 0.82891366, 1.00000000, 1.00000000, 1.00000000
-0.000000000000, 0.919191919192, 0.83494283, 1.00000000, 1.00000000, 1.00000000
-0.000000000000, 0.929292929293, 0.84163675, 1.00000000, 1.00000000, 1.00000000
-0.000000000000, 0.939393939394, 0.84896811, 1.00000000, 1.00000000, 1.00000000
-0.000000000000, 0.949494949495, 0.85690567, 1.00000000, 1.00000000, 1.00000000
-0.000000000000, 0.959595959596, 0.86541243, 1.00000000, 1.00000000, 1.00000000
0.010101010101, -0.000000000000, 0.92464796, 1.00000000, 1.00000000, 1.00000000
0.010101010101, 0.010101010101, 0.93530087, 1.00000000, 1.00000000, 1.00000000
0.010101010101, 0.020202020202, 0.94588824, 1.00000000, 1.00000000, 1.00000000
0.010101010101, 0.030303030303, 0.95640322, 1.00000000, 1.00000000, 1.00000000
0.010101010101, 0.040404040404, 0.96691370, 1.00000000, 1.00000000, 1.00000000
0.010101010101, 0.050505050505, 0.97753847, 1.00000000, 1.00000000, 1.00000000
0.010101010101, 0.060606060606, 0.98839906, 1.00000000, 1.00000000, 1.00000000
0.010101010101, 0.070707070707, 0.99957049, 1.00000000, 1.00000000, 1.00000000
0.010101010101, 0.080808080808, 1.01105418, 1.00000000, 1.00000000, 1.00000000
0.010101010101, 0.090909090909, 1.02278231, 1.00000000, 1.00000000, 1.00000000
0.010101010101, 0.101010101010, 1.03464453, 1.00000000, 1.00000000, 1.00000000
0.010101010101, 0.111111111111, 1.04651943, 1.00000000, 1.00000000, 1.00000000
0.010101010101, 0.121212121212, 1.05829678, 1.00000000, 1.00000000, 1.00000000
0.010101010101, 0.131313131313, 1.06988631, 1.00000000, 1.00000000, 1.00000000
0.010101010101, 0.141414141414, 1.08121646, 1.00000000, 1.00000000, 1.00000000
0.010101010101, 0.151515151515, 1.09222914, 1.00000000, 1.00000000, 1.00000000
0.010101010101, 0.161616161616, 1.10287448, 1.00000000, 1.00000000, 1.00000000
0.010101010101, 0.171717171717, 1.11310738, 1.00000000, 1.00000000, 1.00000000
0.010101010101, 0.181818181818, 1.12288573, 1.00000000, 1.00000000, 1.00000000
0.010101010101, 0.191919191919, 1.13216973, 1.00000000, 1.00000000, 1.00000000
0.010101010101, 0.202020202020, 1.14092171, 1.00000000, 1.00000000, 1.00000000
0.010101010101, 0.212121212121, 1.14910620, 1.00000000, 1.00000000, 1.00000000
0.010101010101, 0.222222222222, 1.15669004, 1.00000000, 1.00000000, 1.00000000
0.010101010101, 0.232323232323, 1.16364250, 1.00000000, 1.00000000, 1.00000000
0.010101010101, 0.242424242424, 1.16993542, 1.00000000, 1.00000000, 1.00000000
0.010101010101, 0.252525252525, 1.17554330, 1.00000000, 1.00000000, 1.00000000
0.010101010101, 0.262626262626, 1.18044343, 1.00000000, 1.00000000, 1.00000000
0.010101010101, 0.272727272727, 1.18461598, 1.00000000, 1.00000000, 1.00000000
0.010101010101, 0.282828282828, 1.18804404, 1.00000000, 1.00000000, 1.00000000
0.010101010101, 0.292929292929, 1.19071373, 1.00000000, 1.00000000, 1.00000000
0.010101010101, 0.303030303030, 1.19261426, 1.00000000, 1.00000000, 1.00000000
0.010101010101, 0.313131313131, 1.19373791, 1.00000000, 1.00000000, 1.00000000
0.010101010101, 0.323232323232, 1.19408014, 1.00000000, 1.00000000, 1.00000000
0.010101010101, 0.333333333333, 1.19363964, 1.00000000, 1.00000000, 1.00000000
0.010101010101, 0.343434343434, 1.19241832, 1.00000000, 1.00000000, 1.00000000
0.010101010101, 0.353535353535, 1.19042126, 1.00000000, 1.00000000, 1.00000000
0.010101010101, 0.363636363636, 1.18765666, 1.00000000, 1.00000000, 1.00000000
0.010101010101, 0.373737373737, 1.18413582, 1.00000000, 1.00000000, 1.00000000
0.010101010101, 0.383838383838, 1.17987310, 1.00000000, 1.00000000, 1.00000000
0.010101010101, 0.393939393939, 1.17488584, 1.00000000, 1.00000000, 1.00000000
0.010101010101, 0.404040404040, 1.16919435, 1.00000000, 1.00000000, 1.00000000
0.010101010101, 0.414141414141, 1.16282175, 1.00000000, 1.00000000, 1.00000000
0.010101010101, 0.424242424242, 1.15579393, 1.00000000, 1.00000000, 1.00000000
0.010101010101, 0.434343434343, 1.14813942, 1.00000000, 1.00000000, 1.00000000
0.010101010101, 0.444444444444, 1.13988927, 1.00000000, 1.00000000, 1.00000000
0.010101010101, 0.454545454545, 1.13107695, 1.00000000, 1.00000000, 1.00000000
0.010101010101, 0.464646464646, 1.12173819, 1.00000000, 1.00000000, 1.00000000
0.010101010101, 0.474747474747, 1.11191082, 1.00000000, 1.00000000, 1.00000000
0.010101010101, 0.484848484848, 1.10163464, 1.00000000, 1.00000000, 1.00000000
0.010101010101, 0.494949494949, 1.09095126, 1.00000000, 1.00000000, 1.00000000
0.010101010101, 0.505050505051, 1.07990391, 1.00000000, 1.00000000, 1.00000000
0.010101010101, 0.515151515152, 1.06853725, 1.00000000, 1.00000000, 1.00000000
0.010101010101, 0.525252525253, 1.05689723, 1.00000000, 1.00000000, 1.00000000
0.010101010101, 0.535353535354, 1.04503088, 1.00000000, 1.00000000, 1.00000000
0.010101010101, 0.545454545455, 1.03298608, 1.00000000, 1.00000000, 1.00000000
0.010101010101, 0.555555555556, 1.02081145, 1.00000000, 1.00000000, 1.00000000
0.010101010101, 0.565656565657, 1.00855607, 1.00000000, 1.00000000, 1.00000000
0.010101010101, 0.575757575758, 0.99626930, 1.00000000, 1.00000000, 1.00000000
0.010101010101, 0.585858585859, 0.98400064, 1.00000000, 1.00000000, 1.00000000
0.010101010101, 0.595959595960, 0.97179942, 1.00000000, 1.00000000, 1.00000000
0.010101010101, 0.606060606061, 0.95971470, 1.00000000, 1.00000000, 1.00000000
0.010101010101, 0.616161616162, 0.94779502, 1.00000000, 1.00000000, 1.00000000
0.010101010101, 0.626262626263, 0.93608822, 1.00000000, 1.00000000, 1.00000000
0.010101010101, 0.636363636364, 0.92464124, 1.00000000, 1.00000000, 1.00000000
0.010101010101, 0.646464646465, 0.91349994, 1.00000000, 1.00000000, 1.00000000
0.010101010101, 0.656565656566, 0.90270893, 1.00000000, 1.00000000, 1.00000000
0.010101010101, 0.666666666667, 0.89231137, 1.00000000, 1.00000000, 1.00000000
0.010101010101, 0.676767676768, 0.88234880, 1.00000000, 1.00000000, 1.00000000
0.010101010101, 0.686868686869, 0.87286102, 1.00000000, 1.00000000, 1.00000000
0.010101010101, 0.696969696970, 0.86388588, 1.00000000, 1.00000000, 1.00000000
0.010101010101, 0.707070707071, 0.85545916, 1.00000000, 1.00000000, 1.00000000
0.010101010101, 0.717171717172, 0.84761444, 1.00000000, 1.00000000, 1.00000000
0.010101010101, 0.727272727273, 0.84038298, 1.00000000, 1.00000000, 1.00000000
0.010101010101, 0.737373737374, 0.83379356, 1.00000000, 1.00000000, 1.00000000
0.010101010101, 0.747474747475, 0.82787243, 1.00000000, 1.00000000, 1.00000000
0.010101010101, 0.757575757576, 0.82264314, 1.00000000, 1.00000000, 1.00000000
0.010101010101, 0.767676767677, 0.81812655, 1.00000000, 1.00000000, 1.00000000
0.010101010101, 0.777777777778, 0.81434067, 1.00000000, 1.00000000, 1.00000000
0.010101010101, 0.787878787879, 0.81130062, 1.00000000, 1.00000000, 1.00000000
0.010101010101, 0.797979797980, 0.80901860, 1.00000000, 1.00000000, 1.00000000
0.010101010101, 0.808080808081, 0.80750381, 1.00000000, 1.00000000, 1.00000000
0.010101010101, 0.818181818182, 0.80676245, 1.00000000, 1.00000000, 1.00000000
0.010101010101, 0.828282828283, 0.80679763, 1.00000000, 1.00000000, 1.00000000
0.010101010101, 0.838383838384, 0.80760920, 1.00000000, 1.00000000, 1.00000000
0.010101010101, 0.848484848485, 0.80919398, 1.00000000, 1.00000000, 1.00000000
0.010101010101, 0.858585858586, 0.81154572, 1.00000000, 1.00000000, 1.00000000
0.010101010101, 0.868686868687, 0.81465514, 1.00000000, 1.00000000, 1.00000000
0.010101010101, 0.878787878788, 0.81850998, 1.00000000, 1.00000000, 1.00000000
0.010101010101, 0.888888888889, 0.82309500, 1.00000000, 1.00000000, 1.00000000
0.010101010101, 0.898989898990, 0.82839207, 1.00000000, 1.00000000, 1.00000000
0.010101010101, 0.909090909091, 0.83438020, 1.00000000, 1.00000000, 1.00000000
0.010101010101, 0.919191919192, 0.84103557, 1.00000000, 1.00000000, 1.00000000
0.010101010101, 0.929292929293, 0.84833154, 1.00000000, 1.00000000, 1.00000000
0.010101010101, 0.939393939394, 0.85623838, 1.00000000, 1.00000000, 1.00000000
0.010101010101, 0.949494949495, 0.86472252, 1.00000000, 1.00000000, 1.00000000
0.010101010101, 0.959595959596, 0.87374477, 1.00000000, 1.00000000, 1.00000000
0.020202020202, -0.000000000000, 0.93499580, 1.00000000, 1.00000000, 1.00000000
0.020202020202, 0.010101010101, 0.94588824, 1.00000000, 1.00000000, 1.00000000
0.020202020202, 0.020202020202, 0.95667193, 1.00000000, 1.00000000, 1.00000000
0.020202020202, 0.030303030303, 0.96734078, 1.00000000, 1.00000000, 1.00000000
0.020202020202, 0.040404040404, 0.97796466, 1.00000000, 1.00000000, 1.00000000
0.020202020202, 0.050505050505, 0.98866469, 1.00000000, 1.00000000, 1.00000000
0.020202020202, 0.060606060606, 0.99956414, 1.00000000, 1.00000000, 1.00000000
0.020202020202, 0.070707070707, 1.01073827, 1.00000000, 1.00000000, 1.00000000
0.020202020202, 0.080808080808, 1.02218736, 1.00000000, 1.00000000, 1.00000000
0.020202020202, 0.090909090909, 1.03384162, 1.00000000, 1.00000000, 1.00000000
0.020202020202, 0.101010101010, 1.04558878, 1.00000000, 1.00000000, 1.00000000
0.020202020202, 0.111111111111, 1.05730619, 1.00000000, 1.00000000, 1.00000000
0.020202020202, 0.121212121212, 1.06888320, 1.00000000, 1.00000000, 1.00000000
0.020202020202, 0.131313131313, 1.08022981, 1.00000000, 1.00000000, 1.00000000
0.020202020202, 0.141414141414, 1.09127526, 1.00000000, 1.00000000, 1.00000000
0.020202020202, 0.151515151515, 1.10196254, 1.00000000, 1.00000000, 1.00000000
0.020202020202, 0.161616161616, 1.11224311, 1.00000000, 1.00000000, 1.00000000
0.020202020202, 0.171717171717, 1.12207334, 1.00000000, 1.00000000, 1.00000000
0.020202020202, 0.181818181818, 1.13141274, 1.00000000, 1.00000000, 1.00000000
0.020202020202, 0.191919191919, 1.14022330, 1.00000000, 1.00000000, 1.00000000
0.020202020202, 0.202020202020, 1.14846926, 1.00000000, 1.00000000, 1.00000000
0.020202020202, 0.212121212121, 1.15611719, 1.00000000, 1.00000000, 1.00000000
0.020202020202, 0.222222222222, 1.16313610, 1.00000000, 1.00000000, 1.00000000
0.020202020202, 0.232323232323, 1.16949755, 1.00000000, 1.00000000, 1.00000000
0.020202020202, 0.242424242424, 1.17517576, 1.00000000, 1.00000000, 1.00000000
0.020202020202, 0.252525252525, 1.18014774, 1.00000000, 1.00000000, 1.00000000
0.020202020202, 0.262626262626, 1.18439333, 1.00000000, 1.00000000, 1.00000000
0.020202020202, 0.272727272727, 1.18789535, 1.00000000, 1.00000000, 1.00000000
0.020202020202, 0.282828282828, 1.19063961, 1.00000000, 1.00000000, 1.00000000
0.020202020202, 0.292929292929, 1.19261497, 1.00000000, 1.00000000, 1.00000000
0.020202020202, 0.303030303030, 1.19381345, 1.00000000, 1.00000000, 1.00000000
0.020202020202, 0.313131313131, 1.19423016, 1.00000000, 1.00000000, 1.00000000
0.020202020202, 0.323232323232, 1.19386349, 1.00000000, 1.00000000, 1.00000000
0.020202020202, 0.333333333333, 1.19271505, 1.00000000, 1.00000000, 1.00000000
0.020202020202, 0.343434343434, 1.19078959, 1.00000000, 1.00000000, 1.00000000
0.020202020202, 0.353535353535, 1.18809504, 1.00000000, 1.00000000, 1.00000000
0.020202020202, 0.363636363636, 1.18464240, 1.00000000, 1.00000000, 1.00000000
0.020202020202, 0.373737373737, 1.18044575, 1.00000000, 1.00000000, 1.00000000
0.020202020202, 0.383838383838, 1.17552217, 1.00000000, 1.00000000, 1.00000000
0.020202020202, 0.393939393939, 1.16989169, 1.00000000, 1.00000000, 1.00000000
0.020202020202, 0.404040404040, 1.16357720, 1.00000000, 1.00000000, 1.00000000
0.020202020202, 0.414141414141, 1.15660433, 1.00000000, 1.00000000, 1.00000000
0.020202020202, 0.424242424242, 1.14900141, 1.00000000, 1.00000000, 1.00000000
0.020202020202, 0.434343434343, 1.14079928, 1.00000000, 1.00000000, 1.00000000
0.020202020202, 0.444444444444, 1.13203120, 1.00000000, 1.00000000, 1.00000000
0.020202020202, 0.454545454545, 1.12273274, 1.00000000, 1.00000000, 1.00000000
0.020202020202, 0.464646464646, 1.11294156, 1.00000000, 1.00000000, 1.00000000
0.020202020202, 0.474747474747, 1.10269735, 1.00000000, 1.00000000, 1.00000000
0.020202020202, 0.484848484848, 1.09204156, 1.00000000, 1.00000000, 1.00000000
0.020202020202, 0.494949494949, 1.08101733, 1.00000000, 1.00000000, 1.00000000
0.020202020202, 0.505050505051, 1.06966924, 1.00000000, 1.00000000, 1.00000000
0.020202020202, 0.515151515152, 1.05804318, 1.00000000, 1.00000000, 1.00000000
0.020202020202, 0.525252525253, 1.04618613, 1.00000000, 1.00000000, 1.00000000
0.020202020202, 0.535353535354, 1.03414595, 1.00000000, 1.00000000, 1.00000000
0.020202020202, 0.545454545455, 1.02197124, 1.00000000, 1.00000000, 1.00000000
0.020202020202, 0.555555555556, 1.00971110, 1.00000000, 1.00000000, 1.00000000
0.020202020202, 0.565656565657, 0.99741495, 1.00000000, 1.00000000, 1.00000000
0.020202020202, 0.575757575758, 0.98513229, 1.00000000, 1.00000000, 1.00000000
0.020202020202, 0.585858585859, 0.97291257, 1.00000000, 1.00000000, 1.00000000
0.020202020202, 0.595959595960, 0.96080492, 1.00000000, 1.00000000, 1.00000000
0.020202020202, 0.606060606061, 0.94885798, 1.00000000, 1.00000000, 1.00000000
0.020202020202, 0.616161616162, 0.93711972, 1.00000000, 1.00000000, 1.00000000
0.020202020202, 0.626262626263, 0.92563721, 1.00000000, 1.00000000, 1.00000000
0.020202020202, 0.636363636364, 0.91445648, 1.00000000, 1.00000000, 1.00000000
0.020202020202, 0.646464646465, 0.90362229, 1.00000000, 1.00000000, 1.00000000
0.020202020202, 0.656565656566, 0.89317798, 1.00000000, 1.00000000, 1.00000000
0.020202020202, 0.666666666667, 0.88316529, 1.00000000, 1.00000000, 1.00000000
0.020202020202, 0.676767676768, 0.87362422, 1.00000000, 1.00000000, 1.00000000
0.020202020202, 0.686868686869, 0.86459282, 1.00000000, 1.00000000, 1.00000000
0.020202020202, 0.696969696970, 0.85610712, 1.00000000, 1.00000000, 1.00000000
0.020202020202, 0.707070707071, 0.84820093, 1.00000000, 1.00000000, 1.00000000
0.020202020202, 0.717171717172, 0.84090572, 1.00000000, 1.00000000, 1.00000000
0.020202020202, 0.727272727273, 0.83425054, 1.00000000, 1.00000000, 1.00000000
0.020202020202, 0.737373737374, 0.82826186, 1.00000000, 1.00000000, 1.00000000
0.020202020202, 0.747474747475, 0.82296354, 1.00000000, 1.00000000, 1.00000000
0.020202020202, 0.757575757576, 0.81837665, 1.00000000, 1.00000000, 1.00000000
0.020202020202, 0.767676767677, 0.81451948, 1.00000000, 1.00000000, 1.00000000
0.020202020202, 0.777777777778, 0.81140743, 1.00000000, 1.00000000, 1.00000000
0.020202020202, 0.787878787879, 0.80905296, 1.00000000, 1.00000000, 1.00000000
0.020202020202, 0.797979797980, 0.80746556, 1.00000000, 1.00000000, 1.00000000
0.020202020202, 0.808080808081, 0.80665167, 1.00000000, 1.00000000, 1.00000000
0.020202020202, 0.818181818182, 0.80661471, 1.00000000, 1.00000000, 1.00000000
0.020202020202, 0.828282828283, 0.80735481, 1.00000000, 1.00000000, 1.00000000
0.020202020202, 0.838383838384, 0.80886905, 1.00000000, 1.00000000, 1.00000000
0.020202020202, 0.848484848485, 0.81115146, 1.00000000, 1.00000000, 1.00000000
0.020202020202, 0.858585858586, 0.81419303, 1.00000000, 1.00000000, 1.00000000
0.020202020202, 0.868686868687, 0.81798174, 1.00000000, 1.00000000, 1.00000000
0.020202020202, 0.878787878788, 0.82250265, 1.00000000, 1.00000000, 1.00000000
0.020202020202, 0.888888888889, 0.82773785, 1.00000000, 1.00000000, 1.00000000
0.020202020202, 0.898989898990, 0.83366663, 1.00000000, 1.00000000, 1.00000000
0.020202020202, 0.909090909091, 0.84026545, 1.00000000, 1.00000000, 1.00000000
0.020202020202, 0.919191919192, 0.84750806, 1.00000000, 1.00000000, 1.00000000
0.020202020202, 0.929292929293, 0.85536545, 1.00000000, 1.00000000, 1.00000000
0.020202020202, 0.939393939394, 0.86380562, 1.00000000, 1.00000000, 1.00000000
0.020202020202, 0.949494949495, 0.87279289, 1.00000000, 1.00000000, 1.00000000
0.020202020202, 0.959595959596, 0.88228604, 1.00000000, 1.00000000, 1.00000000
0.030303030303, -0.000000000000, 0.94531507, 1.00000000, 1.00000000, 1.00000000
0.030303030303, 0.010101010101, 0.95640322, 1.00000000, 1.00000000, 1.00000000
0.030303030303, 0.020202020202, 0.96734078, 1.00000000, 1.00000000, 1.00000000
0.030303030303, 0.030303030303, 0.97812249, 1.00000000, 1.00000000, 1.00000000
0.030303030303, 0.040404040404, 0.98881990, 1.00000000, 1.00000000, 1.00000000
0.030303030303, 0.050505050505, 0.99955604, 1.00000000, 1.00000000, 1.00000000
0.030303030303, 0.060606060606, 1.01045543, 1.00000000, 1.00000000, 1.00000000
0.030303030303, 0.070707070707, 1.02159334, 1.00000000, 1.00000000, 1.00000000
0.030303030303, 0.080808080808, 1.03296889, 1.00000000, 1.00000000, 1.00000000
0.030303030303, 0.090909090909, 1.04451064, 1.00000000, 1.00000000, 1.00000000
0.030303030303, 0.101010101010, 1.05610485, 1.00000000, 1.00000000, 1.00000000
0.030303030303, 0.111111111111, 1.06762810, 1.00000000, 1.00000000, 1.00000000
0.030303030303, 0.121212121212, 1.07896972, 1.00000000, 1.00000000, 1.00000000
0.030303030303, 0.131313131313, 1.09004032, 1.00000000, 1.00000000, 1.00000000
0.030303030303, 0.141414141414, 1.10077017, 1.00000000, 1.00000000, 1.00000000
0.030303030303, 0.151515151515, 1.11110353, 1.00000000, 1.00000000, 1.00000000
0.030303030303, 0.161616161616, 1.12099329, 1.00000000, 1.00000000, 1.00000000
0.030303030303, 0.171717171717, 1.13039743, 1.00000000, 1.00000000, 1.00000000
0.030303030303, 0.181818181818, 1.13927718, 1.00000000, 1.00000000, 1.00000000
0.030303030303, 0.191919191919, 1.14759638, 1.00000000, 1.00000000, 1.00000000
0.030303030303, 0.202020202020, 1.15532126, 1.00000000, 1.00000000, 1.00000000
0.030303030303, 0.212121212121, 1.16242050, 1.00000000, 1.00000000, 1.00000000
0.030303030303, 0.222222222222, 1.16886532, 1.00000000, 1.00000000, 1.00000000
0.030303030303, 0.232323232323, 1.17462959, 1.00000000, 1.00000000, 1.00000000
0.030303030303, 0.242424242424, 1.17968994, 1.00000000, 1.00000000, 1.00000000
0.030303030303, 0.252525252525, 1.18402586, 1.00000000, 1.00000000, 1.00000000
0.030303030303, 0.262626262626, 1.18761975, 1.00000000, 1.00000000, 1.00000000
0.030303030303, 0.272727272727, 1.19045706, 1.00000000, 1.00000000, 1.00000000
0.030303030303, 0.282828282828, 1.19252624, 1.00000000, 1.00000000, 1.00000000
0.030303030303, 0.292929292929, 1.19381891, 1.00000000, 1.00000000, 1.00000000
0.030303030303, 0.303030303030, 1.19432977, 1.00000000, 1.00000000, 1.00000000
0.030303030303, 0.313131313131, 1.19405679, 1.00000000, 1.00000000, 1.00000000
0.030303030303, 0.323232323232, 1.19300119, 1.00000000, 1.00000000, 1.00000000
0.030303030303, 0.333333333333, 1.19116733, 1.00000000, 1.00000000, 1.00000000
0.030303030303, 0.343434343434, 1.18856272, 1.00000000, 1.00000000, 1.00000000
0.030303030303, 0.353535353535, 1.18519801, 1.00000000, 1.00000000, 1.00000000
0.030303030303, 0.363636363636, 1.18108689, 1.00000000, 1.00000000, 1.00000000
0.030303030303, 0.373737373737, 1.17624608, 1.00000000, 1.00000000, 1.00000000
0.030303030303, 0.383838383838, 1.17069527, 1.00000000, 1.00000000, 1.00000000
0.030303030303, 0.393939393939, 1.16445701, 1.00000000, 1.00000000, 1.00000000
0.030303030303, 0.404040404040, 1.15755663, 1.00000000, 1.00000000, 1.00000000
0.030303030303, 0.414141414141, 1.15002213, 1.00000000, 1.00000000, 1.00000000
0.030303030303, 0.424242424242, 1.14188409, 1.00000000, 1.00000000, 1.00000000
0.030303030303, 0.434343434343, 1.13317552, 1.00000000, 1.00000000, 1.00000000
0.030303030303, 0.444444444444, 1.12393173, 1.00000000, 1.00000000, 1.00000000
0.030303030303, 0.454545454545, 1.11419018, 1.00000000, 1.00000000, 1.00000000
0.030303030303, 0.464646464646, 1.10399036, 1.00000000, 1.00000000, 1.00000000
0.030303030303, 0.474747474747, 1.09337356, 1.00000000, 1.00000000, 1.00000000
0.030303030303, 0.484848484848, 1.08238277, 1.00000000, 1.00000000, 1.00000000
0.030303030303, 0.494949494949, 1.07106246, 1.00000000, 1.00000000, 1.00000000
0.030303030303, 0.505050505051, 1.05945843, 1.00000000, 1.00000000, 1.00000000
0.030303030303, 0.515151515152, 1.04761757, 1.00000000, 1.00000000, 1.00000000
0.030303030303, 0.525252525253, 1.03558773, 1.00000000, 1.00000000, 1.00000000
0.030303030303, 0.535353535354, 1.02341748, 1.00000000, 1.00000000, 1.00000000
0.030303030303, 0.545454545455, 1.01115593, 1.00000000, 1.00000000, 1.00000000
0.030303030303, 0.555555555556, 0.99885254, 1.00000000, 1.00000000, 1.00000000
0.030303030303, 0.565656565657, 0.98655688, 1.00000000, 1.00000000, 1.00000000
0.030303030303, 0.575757575758, 0.97431846, 1.00000000, 1.00000000, 1.00000000
0.030303030303, 0.585858585859, 0.96218652, 1.00000000, 1.00000000, 1.00000000
0.030303030303, 0.595959595960, 0.95020985, 1.00000000, 1.00000000, 1.00000000
0.030303030303, 0.606060606061, 0.93843654, 1.00000000, 1.00000000, 1.00000000
0.030303030303, 0.616161616162, 0.92691386, 1.00000000, 1.00000000, 1.00000000
0.030303030303, 0.626262626263, 0.91568799, 1.00000000, 1.00000000, 1.00000000
0.030303030303, 0.636363636364, 0.90480392, 1.00000000, 1.00000000, 1.00000000
0.030303030303, 0.646464646465, 0.89430519, 1.00000000, 1.00000000, 1.00000000
0.030303030303, 0.656565656566, 0.88423379, 1.00000000, 1.00000000, 1.00000000
0.030303030303, 0.666666666667, 0.87462996, 1.00000000, 1.00000000, 1.00000000
0.030303030303, 0.676767676768, 0.86553201, 1.00000000, 1.00000000, 1.00000000
0.030303030303, 0.686868686869, 0.85697623, 1.00000000, 1.00000000, 1.00000000
0.030303030303, 0.696969696970, 0.84899671, 1.00000000, 1.00000000, 1.00000000
0.030303030303, 0.707070707071, 0.84162521, 1.00000000, 1.00000000, 1.00000000
0.030303030303, 0.717171717172, 0.83489106, 1.00000000, 1.00000000, 1.00000000
0.030303030303, 0.727272727273, 0.82882106, 1.00000000, 1.00000000, 1.00000000
0.030303030303, 0.737373737374, 0.82343933, 1.00000000, 1.00000000, 1.00000000
0.030303030303, 0.747474747475, 0.81876727, 1.00000000, 1.00000000, 1.00000000
0.030303030303, 0.757575757576, 0.81482349, 1.00000000, 1.00000000, 1.00000000
0.030303030303, 0.767676767677, 0.81162368, 1.00000000, 1.00000000, 1.00000000
0.030303030303, 0.777777777778, 0.80918063, 1.00000000, 1.00000000, 1.00000000
0.030303030303, 0.787878787879, 0.80750415, 1.00000000, 1.00000000, 1.00000000
0.030303030303, 0.797979797980, 0.80660100, 1.00000000, 1.00000000, 1.00000000
0.030303030303, 0.808080808081, 0.80647493, 1.00000000, 1.00000000, 1.00000000
0.030303030303, 0.818181818182, 0.80712642, 1.00000000, 1.00000000, 1.00000000
0.030303030303, 0.828282828283, 0.80855286, 1.00000000, 1.00000000, 1.00000000
0.030303030303, 0.838383838384, 0.81074859, 1.00000000, 1.00000000, 1.00000000
0.030303030303, 0.848484848485, 0.81370492, 1.00000000, 1.00000000, 1.00000000
0.030303030303, 0.858585858586, 0.81741018, 1.00000000, 1.00000000, 1.00000000
0.030303030303, 0.868686868687, 0.82184970, 1.00000000, 1.00000000, 1.00000000
0.030303030303, 0.878787878788, 0.82700590, 1.00000000, 1.00000000, 1.00000000
0.030303030303, 0.888888888889, 0.83285837, 1.00000000, 1.00000000, 1.00000000
0.030303030303, 0.898989898990, 0.83938390, 1.00000000, 1.00000000, 1.00000000
0.030303030303, 0.909090909091, 0.84655655, 1.00000000, 1.00000000, 1.00000000
0.030303030303, 0.919191919192, 0.85434775, 1.00000000, 1.00000000, 1.00000000
0.030303030303, 0.929292929293, 0.86272629, 1.00000000, 1.00000000, 1.00000000
0.030303030303, 0.939393939394, 0.87165809, 1.00000000, 1.00000000, 1.00000000
0.030303030303, 0.949494949495, 0.88110549, 1.00000000, 1.00000000, 1.00000000
0.030303030303, 0.959595959596, 0.89102545, 1.00000000, 1.00000000, 1.00000000
0.040404040404, -0.000000000000, 0.95567146, 1.00000000, 1.00000000, 1.00000000
0.040404040404, 0.010101010101, 0.96691370, 1.00000000, 1.00000000, 1.00000000
0.040404040404, 0.020202020202, 0.97796466, 1.00000000, 1.00000000, 1.00000000
0.040404040404, 0.030303030303, 0.98881990, 1.00000000, 1.00000000, 1.00000000
0.040404040404, 0.040404040404, 0.99955240, 1.00000000, 1.00000000, 1.00000000
0.040404040404, 0.050505050505, 1.01028668, 1.00000000, 1.00000000, 1.00000000
0.040404040404, 0.060606060606, 1.02114803, 1.00000000, 1.00000000, 1.00000000
0.040404040404, 0.070707070707, 1.03221147, 1.00000000, 1.00000000, 1.00000000
0.040404040404, 0.080808080808, 1.04347500, 1.00000000, 1.00000000, 1.00000000
0.040404040404, 0.090909090909, 1.05486576, 1.00000000, 1.00000000, 1.00000000
0.040404040404, 0.101010101010, 1.06626903, 1.00000000, 1.00000000, 1.00000000
0.040404040404, 0.111111111111, 1.07756103, 1.00000000, 1.00000000, 1.00000000
0.040404040404, 0.121212121212, 1.08863150, 1.00000000, 1.00000000, 1.00000000
0.040404040404, 0.131313131313, 1.09939197, 1.00000000, 1.00000000, 1.00000000
0.040404040404, 0.141414141414, 1.10977393, 1.00000000, 1.00000000, 1.00000000
0.040404040404, 0.151515151515, 1.11972311, 1.00000000, 1.00000000, 1.00000000
0.040404040404, 0.161616161616, 1.12919399, 1.00000000, 1.00000000, 1.00000000
0.040404040404, 0.171717171717, 1.13814624, 1.00000000, 1.00000000, 1.00000000
0.040404040404, 0.181818181818, 1.14654294, 1.00000000, 1.00000000, 1.00000000
0.040404040404, 0.191919191919, 1.15434987, 1.00000000, 1.00000000, 1.00000000
0.040404040404, 0.202020202020, 1.16153534, 1.00000000, 1.00000000, 1.00000000
0.040404040404, 0.212121212121, 1.16807018, 1.00000000, 1.00000000, 1.00000000
0.040404040404, 0.222222222222, 1.17392789, 1.00000000, 1.00000000, 1.00000000
0.040404040404, 0.232323232323, 1.17908470, 1.00000000, 1.00000000, 1.00000000
0.040404040404, 0.242424242424, 1.18351969, 1.00000000, 1.00000000, 1.00000000
0.040404040404, 0.252525252525, 1.18721484, 1.00000000, 1.00000000, 1.00000000
0.040404040404, 0.262626262626, 1.19015514, 1.00000000, 1.00000000, 1.00000000
0.040404040404, 0.272727272727, 1.19232863, 1.00000000, 1.00000000, 1.00000000
0.040404040404, 0.282828282828, 1.19372645, 1.00000000, 1.00000000, 1.00000000
0.040404040404, 0.292929292929, 1.19434286, 1.00000000, 1.00000000, 1.00000000
0.040404040404, 0.303030303030, 1.19417536, 1.00000000, 1.00000000, 1.00000000
0.040404040404, 0.313131313131, 1.19322469, 1.00000000, 1.00000000, 1.00000000
0.040404040404, 0.323232323232, 1.19149478, 1.00000000, 1.00000000, 1.00000000
0.040404040404, 0.333333333333, 1.18899268, 1.00000000, 1.00000000, 1.00000000
0.040404040404, 0.343434343434, 1.18572859, 1.00000000, 1.00000000, 1.00000000
0.040404040404, 0.353535353535, 1.18171578, 1.00000000, 1.00000000, 1.00000000
0.040404040404, 0.363636363636, 1.17697056, 1.00000000, 1.00000000, 1.00000000
0.040404040404, 0.373737373737, 1.17151218, 1.00000000, 1.00000000, 1.00000000
0.040404040404, 0.383838383838, 1.16536283, 1.00000000, 1.00000000, 1.00000000
0.040404040404, 0.393939393939, 1.15854744, 1.00000000, 1.00000000, 1.00000000
0.040404040404, 0.404040404040, 1.15109368, 1.00000000, 1.00000000, 1.00000000
0.040404040404, 0.414141414141, 1.14303178, 1.00000000, 1.00000000, 1.00000000
0.040404040404, 0.424242424242, 1.13439444, 1.00000000, 1.00000000, 1.00000000
0.040404040404, 0.434343434343, 1.12521668, 1.00000000, 1.00000000, 1.00000000
0.040404040404, 0.444444444444, 1.11553571, 1.00000000, 1.00000000, 1.00000000
0.040404040404, 0.454545454545, 1.10539076, 1.00000000, 1.00000000, 1.00000000
0.040404040404, 0.464646464646, 1.09482292, 1.00000000, 1.00000000, 1.00000000
0.040404040404, 0.474747474747, 1.08387500, 1.00000000, 1.00000000, 1.00000000
0.040404040404, 0.484848484848, 1.07259132, 1.00000000, 1.00000000, 1.00000000
0.040404040404, 0.494949494949, 1.06101753, 1.00000000, 1.00000000, 1.00000000
0.040404040404, 0.505050505051, 1.04920046, 1.00000000, 1.00000000, 1.00000000
0.040404040404, 0.515151515152, 1.03718787, 1.00000000, 1.00000000, 1.00000000
0.040404040404, 0.525252525253, 1.02502830, 1.00000000, 1.00000000, 1.00000000
0.040404040404, 0.535353535354, 1.01277086, 1.00000000, 1.00000000, 1.00000000
0.040404040404, 0.545454545455, 1.00046501, 1.00000000, 1.00000000, 1.00000000
0.040404040404, 0.555555555556, 0.98816039, 1.00000000, 1.00000000, 1.00000000
0.040404040404, 0.565656565657, 0.97590657, 1.00000000, 1.00000000, 1.00000000
0.040404040404, 0.575757575758, 0.96375291, 1.00000000, 1.00000000, 1.00000000
0.040404040404, 0.585858585859, 0.95174830, 1.00000000, 1.00000000, 1.00000000
0.040404040404, 0.595959595960, 0.93994102, 1.00000000, 1.00000000, 1.00000000
0.040404040404, 0.606060606061, 0.92837847, 1.00000000, 1.00000000, 1.00000000
0.040404040404, 0.616161616162, 0.91710706, 1.00000000, 1.00000000, 1.00000000
0.040404040404, 0.626262626263, 0.90617198, 1.00000000, 1.00000000, 1.00000000
0.040404040404, 0.636363636364, 0.89561702, 1.00000000, 1.00000000, 1.00000000
0.040404040404, 0.646464646465, 0.88548440, 1.00000000, 1.00000000, 1.00000000
0.040404040404, 0.656565656566, 0.87581463, 1.00000000, 1.00000000, 1.00000000
0.040404040404, 0.666666666667, 0.86664630, 1.00000000, 1.00000000, 1.00000000
0.040404040404, 0.676767676768, 0.85801599, 1.00000000, 1.00000000, 1.00000000
0.040404040404, 0.686868686869, 0.84995810, 1.00000000, 1.00000000, 1.00000000
0.040404040404, 0.696969696970, 0.84250469, 1.00000000, 1.00000000, 1.00000000
0.040404040404, 0.707070707071, 0.83568541, 1.00000000, 1.00000000, 1.00000000
0.040404040404, 0.717171717172, 0.82952738, 1.00000000, 1.00000000, 1.00000000
0.040404040404, 0.727272727273, 0.82405506, 1.00000000, 1.00000000, 1.00000000
0.040404040404, 0.737373737374, 0.81929018, 1.00000000, 1.00000000, 1.00000000
0.040404040404, 0.747474747475, 0.81525167, 1.00000000, 1.00000000, 1.00000000
0.040404040404, 0.757575757576, 0.81195558, 1.00000000, 1.00000000, 1.00000000
0.040404040404, 0.767676767677, 0.80941504, 1.00000000, 1.00000000, 1.00000000
0.040404040404, 0.777777777778, 0.80764020, 1.00000000, 1.00000000, 1.00000000
0.040404040404, 0.787878787879, 0.80663818, 1.00000000, 1.00000000, 1.00000000
0.040404040404, 0.797979797980, 0.80641308, 1.00000000, 1.00000000, 1.00000000
0.040404040404, 0.808080808081, 0.80696575, 1.00000000, 1.00000000, 1.00000000
0.040404040404, 0.818181818182, 0.80829392, 1.00000000, 1.00000000, 1.00000000
0.040404040404, 0.828282828283, 0.81039230, 1.00000000, 1.00000000, 1.00000000
0.040404040404, 0.838383838384, 0.81325254, 1.00000000, 1.00000000, 1.00000000
0.040404040404, 0.848484848485, 0.81686331, 1.00000000, 1.00000000, 1.00000000
0.040404040404, 0.858585858586, 0.82121028, 1.00000000, 1.00000000, 1.00000000
0.040404040404, 0.868686868687, 0.82627624, 1.00000000, 1.00000000, 1.00000000
0.040404040404, 0.878787878788, 0.83204110, 1.00000000, 1.00000000, 1.00000000
0.040404040404, 0.888888888889, 0.83848197, 1.00000000, 1.00000000, 1.00000000
0.040404040404, 0.898989898990, 0.84557327, 1.00000000, 1.00000000, 1.00000000
0.040404040404, 0.909090909091, 0.85328680, 1.00000000, 1.00000000, 1.00000000
0.040404040404, 0.919191919192, 0.86159180, 1.00000000, 1.00000000, 1.00000000
0.040404040404, 0.929292929293, 0.87045499, 1.00000000, 1.00000000, 1.00000000
0.040404040404, 0.939393939394, 0.87984034, 1.00000000, 1.00000000, 1.00000000
0.040404040404, 0.949494949495, 0.88970838, 1.00000000, 1.00000000, 1.00000000
0.040404040404, 0.959595959596, 0.90001446, 1.00000000, 1.00000000, 1.00000000
0.050505050505, -0.000000000000, 0.96618095, 1.00000000, 1.00000000, 1.00000000
0.050505050505, 0.010101010101, 0.97753847, 1.00000000, 1.00000000, 1.00000000
0.050505050505, 0.020202020202, 0.98866469, 1.00000000, 1.00000000, 1.00000000
0.050505050505, 0.030303030303, 0.99955604, 1.00000000, 1.00000000, 1.00000000
0.050505050505, 0.040404040404, 1.01028668, 1.00000000, 1.00000000, 1.00000000
0.050505050505, 0.050505050505, 1.02098215, 1.00000000, 1.00000000, 1.00000000
0.050505050505, 0.060606060606, 1.03176807, 1.00000000, 1.00000000, 1.00000000
0.050505050505, 0.070707070707, 1.04271894, 1.00000000, 1.00000000, 1.00000000
0.050505050505, 0.080808080808, 1.05383163, 1.00000000, 1.00000000, 1.00000000
0.050505050505, 0.090909090909, 1.06503218, 1.00000000, 1.00000000, 1.00000000
0.050505050505, 0.101010101010, 1.07620521, 1.00000000, 1.00000000, 1.00000000
0.050505050505, 0.111111111111, 1.08722709, 1.00000000, 1.00000000, 1.00000000
0.050505050505, 0.121212121212, 1.09798830, 1.00000000, 1.00000000, 1.00000000
0.050505050505, 0.131313131313, 1.10840159, 1.00000000, 1.00000000, 1.00000000
0.050505050505, 0.141414141414, 1.11839996, 1.00000000, 1.00000000, 1.00000000
0.050505050505, 0.151515151515, 1.12793073, 1.00000000, 1.00000000, 1.00000000
0.050505050505, 0.161616161616, 1.13695014, 1.00000000, 1.00000000, 1.00000000
0.050505050505, 0.171717171717, 1.14541969, 1.00000000, 1.00000000, 1.00000000
0.050505050505, 0.181818181818, 1.15330444, 1.00000000, 1.00000000, 1.00000000
0.050505050505, 0.191919191919, 1.16057223, 1.00000000, 1.00000000, 1.00000000
0.050505050505, 0.202020202020, 1.16719352, 1.00000000, 1.00000000, 1.00000000
0.050505050505, 0.212121212121, 1.17314144, 1.00000000, 1.00000000, 1.00000000
0.050505050505, 0.222222222222, 1.17839184, 1.00000000, 1.00000000, 1.00000000
0.050505050505, 0.232323232323, 1.18292338, 1.00000000, 1.00000000, 1.00000000
0.050505050505, 0.242424242424, 1.18671766, 1.00000000, 1.00000000, 1.00000000
0.050505050505, 0.252525252525, 1.18975923, 1.00000000, 1.00000000, 1.00000000
0.050505050505, 0.262626262626, 1.19203570, 1.00000000, 1.00000000, 1.00000000
0.050505050505, 0.272727272727, 1.19353777, 1.00000000, 1.00000000, 1.00000000
0.050505050505, 0.282828282828, 1.19425924, 1.00000000, 1.00000000, 1.00000000
0.050505050505, 0.292929292929, 1.19419716, 1.00000000, 1.00000000, 1.00000000
0.050505050505, 0.303030303030, 1.19335179, 1.00000000, 1.00000000, 1.00000000
0.050505050505, 0.313131313131, 1.19172662, 1.00000000, 1.00000000, 1.00000000
0.050505050505, 0.323232323232, 1.18932825, 1.00000000, 1.00000000, 1.00000000
0.050505050505, 0.333333333333, 1.18616643, 1.00000000, 1.00000000, 1.00000000
0.050505050505, 0.343434343434, 1.18225399, 1.00000000, 1.00000000, 1.00000000
0.050505050505, 0.353535353535, 1.17760680, 1.00000000, 1.00000000, 1.00000000
0.050505050505, 0.363636363636, 1.17224373, 1.00000000, 1.00000000, 1.00000000
0.050505050505, 0.373737373737, 1.16618651, 1.00000000, 1.00000000, 1.00000000
0.050505050505, 0.383838383838, 1.15945973, 1.00000000, 1.00000000, 1.00000000
0.050505050505, 0.393939393939, 1.15209066, 1.00000000, 1.00000000, 1.00000000
0.050505050505, 0.404040404040, 1.14410918, 1.00000000, 1.00000000, 1.00000000
0.050505050505, 0.414141414141, 1.13554767, 1.00000000, 1.00000000, 1.00000000
0.050505050505, 0.424242424242, 1.12644082, 1.00000000, 1.00000000, 1.00000000
0.050505050505, 0.434343434343, 1.11682556, 1.00000000, 1.00000000, 1.00000000
0.050505050505, 0.444444444444, 1.10674086, 1.00000000, 1.00000000, 1.00000000
0.050505050505, 0.454545454545, 1.09622758, 1.00000000, 1.00000000, 1.00000000
0.050505050505, 0.464646464646, 1.08532830, 1.00000000, 1.00000000, 1.00000000
0.050505050505, 0.474747474747, 1.07408718, 1.00000000, 1.00000000, 1.00000000
0.050505050505, 0.484848484848, 1.06254970, 1.00000000, 1.00000000, 1.00000000
0.050505050505, 0.494949494949, 1.05076256, 1.00000000, 1.00000000, 1.00000000
0.050505050505, 0.505050505051, 1.03877344, 1.00000000, 1.00000000, 1.00000000
0.050505050505, 0.515151515152, 1.02663081, 1.00000000, 1.00000000, 1.00000000
0.050505050505, 0.525252525253, 1.01438373, 1.00000000, 1.00000000, 1.00000000
0.050505050505, 0.535353535354, 1.00208166, 1.00000000, 1.00000000, 1.00000000
0.050505050505, 0.545454545455, 0.98977425, 1.00000000, 1.00000000, 1.00000000
0.050505050505, 0.555555555556, 0.97751114, 1.00000000, 1.00000000, 1.00000000
0.050505050505, 0.565656565657, 0.96534174, 1.00000000, 1.00000000, 1.00000000
0.050505050505, 0.575757575758, 0.95331506, 1.00000000, 1.00000000, 1.00000000
0.050505050505, 0.585858585859, 0.94147949, 1.00000000, 1.00000000, 1.00000000
0.050505050505, 0.595959595960, 0.92988260, 1.00000000, 1.00000000, 1.00000000
0.050505050505, 0.606060606061, 0.91857097, 1.00000000, 1.00000000, 1.00000000
0.050505050505, 0.616161616162, 0.90758997, 1.00000000, 1.00000000, 1.00000000
0.050505050505, 0.626262626263, 0.89698362, 1.00000000, 1.00000000, 1.00000000
0.050505050505, 0.636363636364, 0.88679438, 1.00000000, 1.00000000, 1.00000000
0.050505050505, 0.646464646465, 0.87706299, 1.00000000, 1.00000000, 1.00000000
0.050505050505, 0.656565656566, 0.86782832, 1.00000000, 1.00000000, 1.00000000
0.050505050505, 0.666666666667, 0.85912724, 1.00000000, 1.00000000, 1.00000000
0.050505050505, 0.676767676768, 0.85099442, 1.00000000, 1.00000000, 1.00000000
0.050505050505, 0.686868686869, 0.84346224, 1.00000000, 1.00000000, 1.00000000
0.050505050505, 0.696969696970, 0.83656066, 1.00000000, 1.00000000, 1.00000000
0.050505050505, 0.707070707071, 0.83031711, 1.00000000, 1.00000000, 1.00000000
0.050505050505, 0.717171717172, 0.82475638, 1.00000000, 1.00000000, 1.00000000
0.050505050505, 0.727272727273, 0.81990055, 1.00000000, 1.00000000, 1.00000000
0.050505050505, 0.737373737374, 0.81576886, 1.00000000, 1.00000000, 1.00000000
0.050505050505, 0.747474747475, 0.81237773, 1.00000000, 1.00000000, 1.00000000
0.050505050505, 0.757575757576, 0.80974060, 1.00000000, 1.00000000, 1.00000000
0.050505050505, 0.767676767677, 0.80786798, 1.00000000, 1.00000000, 1.00000000
0.050505050505, 0.777777777778, 0.80676735, 1.00000000, 1.00000000, 1.00000000
0.050505050505, 0.787878787879, 0.80644317, 1.00000000, 1.00000000, 1.00000000
0.050505050505, 0.797979797980, 0.80689663, 1.00000000, 1.00000000, 1.00000000
0.050505050505, 0.808080808081, 0.80812586, 1.00000000, 1.00000000, 1.00000000
0.050505050505, 0.818181818182, 0.81012588, 1.00000000, 1.00000000, 1.00000000
0.050505050505, 0.828282828283, 0.81288872, 1.00000000, 1.00000000, 1.00000000
0.050505050505, 0.838383838384, 0.81640338, 1.00000000, 1.00000000, 1.00000000
0.050505050505, 0.848484848485, 0.82065590, 1.00000000, 1.00000000, 1.00000000
0.050505050505, 0.858585858586, 0.82562939, 1.00000000, 1.00000000, 1.00000000
0.050505050505, 0.868686868687, 0.83130412, 1.00000000, 1.00000000, 1.00000000
0.050505050505, 0.878787878788, 0.83765754, 1.00000000, 1.00000000, 1.00000000
0.050505050505, 0.888888888889, 0.84466440, 1.00000000, 1.00000000, 1.00000000
0.050505050505, 0.898989898990, 0.85229684, 1.00000000, 1.00000000, 1.00000000
0.050505050505, 0.909090909091, 0.86052447, 1.00000000, 1.00000000, 1.00000000
0.050505050505, 0.919191919192, 0.86931447, 1.00000000, 1.00000000, 1.00000000
0.050505050505, 0.929292929293, 0.87863157, 1.00000000, 1.00000000, 1.00000000
0.050505050505, 0.939393939394, 0.88843795, 1.00000000, 1.00000000, 1.00000000
0.050505050505, 0.949494949495, 0.89869246, 1.00000000, 1.00000000, 1.00000000
0.050505050505, 0.959595959596, 0.90934898, 1.00000000, 1.00000000, 1.00000000
0.060606060606, -0.000000000000, 0.97696291, 1.00000000, 1.00000000, 1.00000000
0.060606060606, 0.010101010101, 0.98839906, 1.00000000, 1.00000000, 1.00000000
0.060606060606, 0.020202020202, 0.99956414, 1.00000000, 1.00000000, 1.00000000
0.060606060606, 0.030303030303, 1.01045543, 1.00000000, 1.00000000, 1.00000000
0.060606060606, 0.040404040404, 1.02114803, 1.00000000, 1.00000000, 1.00000000
0.060606060606, 0.050505050505, 1.03176807, 1.00000000, 1.00000000, 1.00000000
0.060606060606, 0.060606060606, 1.04244106, 1.00000000, 1.00000000, 1.00000000
0.060606060606, 0.070707070707, 1.05324071, 1.00000000, 1.00000000, 1.00000000
0.060606060606, 0.080808080808, 1.06416274, 1.00000000, 1.00000000, 1.00000000
0.060606060606, 0.090909090909, 1.07513228, 1.00000000, 1.00000000, 1.00000000
0.060606060606, 0.101010101010, 1.08603375, 1.00000000, 1.00000000, 1.00000000
0.060606060606, 0.111111111111, 1.09674402, 1.00000000, 1.00000000, 1.00000000
0.060606060606, 0.121212121212, 1.10715474, 1.00000000, 1.00000000, 1.00000000
0.060606060606, 0.131313131313, 1.11718018, 1.00000000, 1.00000000, 1.00000000
0.060606060606, 0.141414141414, 1.12675504, 1.00000000, 1.00000000, 1.00000000
0.060606060606, 0.151515151515, 1.13582850, 1.00000000, 1.00000000, 1.00000000
0.060606060606, 0.161616161616, 1.14435868, 1.00000000, 1.00000000, 1.00000000
0.060606060606, 0.171717171717, 1.15230911, 1.00000000, 1.00000000, 1.00000000
0.060606060606, 0.181818181818, 1.15964693, 1.00000000, 1.00000000, 1.00000000
0.060606060606, 0.191919191919, 1.16634219, 1.00000000, 1.00000000, 1.00000000
0.060606060606, 0.202020202020, 1.17236768, 1.00000000, 1.00000000, 1.00000000
0.060606060606, 0.212121212121, 1.17769892, 1.00000000, 1.00000000, 1.00000000
0.060606060606, 0.222222222222, 1.18231424, 1.00000000, 1.00000000, 1.00000000
0.060606060606, 0.232323232323, 1.18619487, 1.00000000, 1.00000000, 1.00000000
0.060606060606, 0.242424242424, 1.18932501, 1.00000000, 1.00000000, 1.00000000
0.060606060606, 0.252525252525, 1.19169191, 1.00000000, 1.00000000, 1.00000000
0.060606060606, 0.262626262626, 1.19328586, 1.00000000, 1.00000000, 1.00000000
0.060606060606, 0.272727272727, 1.19410030, 1.00000000, 1.00000000, 1.00000000
0.060606060606, 0.282828282828, 1.19413186, 1.00000000, 1.00000000, 1.00000000
0.060606060606, 0.292929292929, 1.19338042, 1.00000000, 1.00000000, 1.00000000
0.060606060606, 0.303030303030, 1.19184904, 1.00000000, 1.00000000, 1.00000000
0.060606060606, 0.313131313131, 1.18954395, 1.00000000, 1.00000000, 1.00000000
0.060606060606, 0.323232323232, 1.18647450, 1.00000000, 1.00000000, 1.00000000
0.060606060606, 0.333333333333, 1.18265313, 1.00000000, 1.00000000, 1.00000000
0.060606060606, 0.343434343434, 1.17809532, 1.00000000, 1.00000000, 1.00000000
0.060606060606, 0.353535353535, 1.17281956, 1.00000000, 1.00000000, 1.00000000
0.060606060606, 0.363636363636, 1.16684723, 1.00000000, 1.00000000, 1.00000000
0.060606060606, 0.373737373737, 1.16020255, 1.00000000, 1.00000000, 1.00000000
0.060606060606, 0.383838383838, 1.15291245, 1.00000000, 1.00000000, 1.00000000
0.060606060606, 0.393939393939, 1.14500649, 1.00000000, 1.00000000, 1.00000000
0.060606060606, 0.404040404040, 1.13651672, 1.00000000, 1.00000000, 1.00000000
0.060606060606, 0.414141414141, 1.12747755, 1.00000000, 1.00000000, 1.00000000
0.060606060606, 0.424242424242, 1.11792563, 1.00000000, 1.00000000, 1.00000000
0.060606060606, 0.434343434343, 1.10789966, 1.00000000, 1.00000000, 1.00000000
0.060606060606, 0.444444444444, 1.09744027, 1.00000000, 1.00000000, 1.00000000
0.060606060606, 0.454545454545, 1.08658984, 1.00000000, 1.00000000, 1.00000000
0.060606060606, 0.464646464646, 1.07539231, 1.00000000, 1.00000000, 1.00000000
0.060606060606, 0.474747474747, 1.06389302, 1.00000000, 1.00000000, 1.00000000
0.060606060606, 0.484848484848, 1.05213851, 1.00000000, 1.00000000, 1.00000000
0.060606060606, 0.494949494949, 1.04017635, 1.00000000, 1.00000000, 1.00000000
0.060606060606, 0.505050505051, 1.02805490, 1.00000000, 1.00000000, 1.00000000
0.060606060606, 0.515151515152, 1.01582317, 1.00000000, 1.00000000, 1.00000000
0.060606060606, 0.525252525253, 1.00353057, 1.00000000, 1.00000000, 1.00000000
0.060606060606, 0.535353535354, 0.99122673, 1.00000000, 1.00000000, 1.00000000
0.060606060606, 0.545454545455, 0.97896130, 1.00000000, 1.00000000, 1.00000000
0.060606060606, 0.555555555556, 0.96678373, 1.00000000, 1.00000000, 1.00000000
0.060606060606, 0.565656565657, 0.95474308, 1.00000000, 1.00000000, 1.00000000
0.060606060606, 0.575757575758, 0.94288783, 1.00000000, 1.00000000, 1.00000000
0.060606060606, 0.585858585859, 0.93126565, 1.00000000, 1.00000000, 1.00000000
0.060606060606, 0.595959595960, 0.91992324, 1.00000000, 1.00000000, 1.00000000
0.060606060606, 0.606060606061, 0.90890613, 1.00000000, 1.00000000, 1.00000000
0.060606060606, 0.616161616162, 0.89825850, 1.00000000, 1.00000000, 1.00000000
0.060606060606, 0.626262626263, 0.88802301, 1.00000000, 1.00000000, 1.00000000
0.060606060606, 0.636363636364, 0.87824060, 1.00000000, 1.00000000, 1.00000000
0.060606060606, 0.646464646465, 0.86895037, 1.00000000, 1.00000000, 1.00000000
0.060606060606, 0.656565656566, 0.86018941, 1.00000000, 1.00000000, 1.00000000
0.060606060606, 0.666666666667, 0.85199266, 1.00000000, 1.00000000, 1.00000000
0.060606060606, 0.676767676768, 0.84439275, 1.00000000, 1.00000000, 1.00000000
0.060606060606, 0.686868686869, 0.83741993, 1.00000000, 1.00000000, 1.00000000
0.060606060606, 0.696969696970, 0.83110191, 1.00000000, 1.00000000, 1.00000000
0.060606060606, 0.707070707071, 0.82546377, 1.00000000, 1.00000000, 1.00000000
0.060606060606, 0.717171717172, 0.82052789, 1.00000000, 1.00000000, 1.00000000
0.060606060606, 0.727272727273, 0.81631382, 1.00000000, 1.00000000, 1.00000000
0.060606060606, 0.737373737374, 0.81283829, 1.00000000, 1.00000000, 1.00000000
0.060606060606, 0.747474747475, 0.81011506, 1.00000000, 1.00000000, 1.00000000
0.060606060606, 0.757575757576, 0.80815495, 1.00000000, 1.00000000, 1.00000000
0.060606060606, 0.767676767677, 0.80696577, 1.00000000, 1.00000000, 1.00000000
0.060606060606, 0.777777777778, 0.80655230, 1.00000000, 1.00000000, 1.00000000
0.060606060606, 0.787878787879, 0.80691609, 1.00000000, 1.00000000, 1.00000000
0.060606060606, 0.797979797980, 0.80805558, 1.00000000, 1.00000000, 1.00000000
0.060606060606, 0.808080808081, 0.80996615, 1.00000000, 1.00000000, 1.00000000
0.060606060606, 0.818181818182, 0.81264013, 1.00000000, 1.00000000, 1.00000000
0.060606060606, 0.828282828283, 0.81606685, 1.00000000, 1.00000000, 1.00000000
0.060606060606, 0.838383838384, 0.82023268, 1.00000000, 1.00000000, 1.00000000
0.060606060606, 0.848484848485, 0.82512105, 1.00000000, 1.00000000, 1.00000000
0.060606060606, 0.858585858586, 0.83071254, 1.00000000, 1.00000000, 1.00000000
0.060606060606, 0.868686868687, 0.83698493, 1.00000000, 1.00000000, 1.00000000
0.060606060606, 0.878787878788, 0.84391327, 1.00000000, 1.00000000, 1.00000000
0.060606060606, 0.888888888889, 0.85147001, 1.00000000, 1.00000000, 1.00000000
0.060606060606, 0.898989898990, 0.85962507, 1.00000000, 1.00000000, 1.00000000
0.060606060606, 0.909090909091, 0.86834594, 1.00000000, 1.00000000, 1.00000000
0.060606060606, 0.919191919192, 0.87759780, 1.00000000, 1.00000000, 1.00000000
0.060606060606, 0.929292929293, 0.88734355, 1.00000000, 1.00000000, 1.00000000
0.060606060606, 0.939393939394, 0.89754362, 1.00000000, 1.00000000, 1.00000000
0.060606060606, 0.949494949495, 0.90815532, 1.00000000, 1.00000000, 1.00000000
0.060606060606, 0.959595959596, 0.91913117, 1.00000000, 1.00000000, 1.00000000
0.070707070707, -0.000000000000, 0.98809181, 1.00000000, 1.00000000, 1.00000000
0.070707070707, 0.010101010101, 0.99957049, 1.00000000, 1.00000000, 1.00000000
0.070707070707, 0.020202020202, 1.01073827, 1.00000000, 1.00000000, 1.00000000
0.070707070707, 0.030303030303, 1.02159334, 1.00000000, 1.00000000, 1.00000000
0.070707070707, 0.040404040404, 1.03221147, 1.00000000, 1.00000000, 1.00000000
0.070707070707, 0.050505050505, 1.04271894, 1.00000000, 1.00000000, 1.00000000
0.070707070707, 0.060606060606, 1.05324071, 1.00000000, 1.00000000, 1.00000000
0.070707070707, 0.070707070707, 1.06384936, 1.00000000, 1.00000000, 1.00000000
0.070707070707, 0.080808080808, 1.07453948, 1.00000000, 1.00000000, 1.00000000
0.070707070707, 0.090909090909, 1.08523551, 1.00000000, 1.00000000, 1.00000000
0.070707070707, 0.101010101010, 1.09582203, 1.00000000, 1.00000000, 1.00000000
0.070707070707, 0.111111111111, 1.10617686, 1.00000000, 1.00000000, 1.00000000
0.070707070707, 0.121212121212, 1.11619320, 1.00000000, 1.00000000, 1.00000000
0.070707070707, 0.131313131313, 1.12578715, 1.00000000, 1.00000000, 1.00000000
0.070707070707, 0.141414141414, 1.13489539, 1.00000000, 1.00000000, 1.00000000
0.070707070707, 0.151515151515, 1.14346913, 1.00000000, 1.00000000, 1.00000000
0.070707070707, 0.161616161616, 1.15146860, 1.00000000, 1.00000000, 1.00000000
0.070707070707, 0.171717171717, 1.15885949, 1.00000000, 1.00000000, 1.00000000
0.070707070707, 0.181818181818, 1.16561124, 1.00000000, 1.00000000, 1.00000000
0.070707070707, 0.191919191919, 1.17169625, 1.00000000, 1.00000000, 1.00000000
0.070707070707, 0.202020202020, 1.17708979, 1.00000000, 1.00000000, 1.00000000
0.070707070707, 0.212121212121, 1.18176991, 1.00000000, 1.00000000, 1.00000000
0.070707070707, 0.222222222222, 1.18571760, 1.00000000, 1.00000000, 1.00000000
0.070707070707, 0.232323232323, 1.18891677, 1.00000000, 1.00000000, 1.00000000
0.070707070707, 0.242424242424, 1.19135438, 1.00000000, 1.00000000, 1.00000000
0.070707070707, 0.252525252525, 1.19302045, 1.00000000, 1.00000000, 1.00000000
0.070707070707, 0.262626262626, 1.19390813, 1.00000000, 1.00000000, 1.00000000
0.070707070707, 0.272727272727, 1.19401373, 1.00000000, 1.00000000, 1.00000000
0.070707070707, 0.282828282828, 1.19333683, 1.00000000, 1.00000000, 1.00000000
0.070707070707, 0.292929292929, 1.19188019, 1.00000000, 1.00000000, 1.00000000
0.070707070707, 0.303030303030, 1.18964972, 1.00000000, 1.00000000, 1.00000000
0.070707070707, 0.313131313131, 1.18665448, 1.00000000, 1.00000000, 1.00000000
0.070707070707, 0.323232323232, 1.18290660, 1.00000000, 1.00000000, 1.00000000
0.070707070707, 0.333333333333, 1.17842126, 1.00000000, 1.00000000, 1.00000000
0.070707070707, 0.343434343434, 1.17321666, 1.00000000, 1.00000000, 1.00000000
0.070707070707, 0.353535353535, 1.16731388, 1.00000000, 1.00000000, 1.00000000
0.070707070707, 0.363636363636, 1.16073685, 1.00000000, 1.00000000, 1.00000000
0.070707070707, 0.373737373737, 1.15351223, 1.00000000, 1.00000000, 1.00000000
0.070707070707, 0.383838383838, 1.14566932, 1.00000000, 1.00000000, 1.00000000
0.070707070707, 0.393939393939, 1.13723989, 1.00000000, 1.00000000, 1.00000000
0.070707070707, 0.404040404040, 1.12825813, 1.00000000, 1.00000000, 1.00000000
0.070707070707, 0.414141414141, 1.11876043, 1.00000000, 1.00000000, 1.00000000
0.070707070707, 0.424242424242, 1.10878528, 1.00000000, 1.00000000, 1.00000000
0.070707070707, 0.434343434343, 1.09837310, 1.00000000, 1.00000000, 1.00000000
0.070707070707, 0.444444444444, 1.08756608, 1.00000000, 1.00000000, 1.00000000
0.070707070707, 0.454545454545, 1.07640798, 1.00000000, 1.00000000, 1.00000000
0.070707070707, 0.464646464646, 1.06494399, 1.00000000, 1.00000000, 1.00000000
0.070707070707, 0.474747474747, 1.05322049, 1.00000000, 1.00000000, 1.00000000
0.070707070707, 0.484848484848, 1.04128493, 1.00000000, 1.00000000, 1.00000000
0.070707070707, 0.494949494949, 1.02918558, 1.00000000, 1.00000000, 1.00000000
0.070707070707, 0.505050505051, 1.01697135, 1.00000000, 1.00000000, 1.00000000
0.070707070707, 0.515151515152, 1.00469158, 1.00000000, 1.00000000, 1.00000000
0.070707070707, 0.525252525253, 0.99239586, 1.00000000, 1.00000000, 1.00000000
0.070707070707, 0.535353535354, 0.98013382, 1.00000000, 1.00000000, 1.00000000
0.070707070707, 0.545454545455, 0.96795488, 1.00000000, 1.00000000, 1.00000000
0.070707070707, 0.555555555556, 0.95590813, 1.00000000, 1.00000000, 1.00000000
0.070707070707, 0.565656565657, 0.94404208, 1.00000000, 1.00000000, 1.00000000
0.070707070707, 0.575757575758, 0.93240444, 1.00000000, 1.00000000, 1.00000000
0.070707070707, 0.585858585859, 0.92104200, 1.00000000, 1.00000000, 1.00000000
0.070707070707, 0.595959595960, 0.91000038, 1.00000000, 1.00000000, 1.00000000
0.070707070707, 0.606060606061, 0.89932386, 1.00000000, 1.00000000, 1.00000000
0.070707070707, 0.616161616162, 0.88905521, 1.00000000, 1.00000000, 1.00000000
0.070707070707, 0.626262626263, 0.87923555, 1.00000000, 1.00000000, 1.00000000
0.070707070707, 0.636363636364, 0.86990412, 1.00000000, 1.00000000, 1.00000000
0.070707070707, 0.646464646465, 0.86109818, 1.00000000, 1.00000000, 1.00000000
0.070707070707, 0.656565656566, 0.85285287, 1.00000000, 1.00000000, 1.00000000
0.070707070707, 0.666666666667, 0.84520102, 1.00000000, 1.00000000, 1.00000000
0.070707070707, 0.676767676768, 0.83817309, 1.00000000, 1.00000000, 1.00000000
0.070707070707, 0.686868686869, 0.83179703, 1.00000000, 1.00000000, 1.00000000
0.070707070707, 0.696969696970, 0.82609814, 1.00000000, 1.00000000, 1.00000000
0.070707070707, 0.707070707071, 0.82109905, 1.00000000, 1.00000000, 1.00000000
0.070707070707, 0.717171717172, 0.81681957, 1.00000000, 1.00000000, 1.00000000
0.070707070707, 0.727272727273, 0.81327668, 1.00000000, 1.00000000, 1.00000000
0.070707070707, 0.737373737374, 0.81048442, 1.00000000, 1.00000000, 1.00000000
0.070707070707, 0.747474747475, 0.80845387, 1.00000000, 1.00000000, 1.00000000
0.070707070707, 0.757575757576, 0.80719310, 1.00000000, 1.00000000, 1.00000000
0.070707070707, 0.767676767677, 0.80670718, 1.00000000, 1.00000000, 1.00000000
0.070707070707, 0.777777777778, 0.80699796, 1.00000000, 1.00000000, 1.00000000
0.070707070707, 0.787878787879, 0.80806416, 1.00000000, 1.00000000, 1.00000000
0.070707070707, 0.797979797980, 0.80990143, 1.00000000, 1.00000000, 1.00000000
0.070707070707, 0.808080808081, 0.81250239, 1.00000000, 1.00000000, 1.00000000
0.070707070707, 0.818181818182, 0.81585665, 1.00000000, 1.00000000, 1.00000000
0.070707070707, 0.828282828283, 0.81995086, 1.00000000, 1.00000000, 1.00000000
0.070707070707, 0.838383838384, 0.82476872, 1.00000000, 1.00000000, 1.00000000
0.070707070707, 0.848484848485, 0.83029109, 1.00000000, 1.00000000, 1.00000000
0.070707070707, 0.858585858586, 0.83649600, 1.00000000, 1.00000000, 1.00000000
0.070707070707, 0.868686868687, 0.84335878, 1.00000000, 1.00000000, 1.00000000
0.070707070707, 0.878787878788, 0.85085213, 1.00000000, 1.00000000, 1.00000000
0.070707070707, 0.888888888889, 0.85894621, 1.00000000, 1.00000000, 1.00000000
0.070707070707, 0.898989898990, 0.86760879, 1.00000000, 1.00000000, 1.00000000
0.070707070707, 0.909090909091, 0.87680530, 1.00000000, 1.00000000, 1.00000000
0.070707070707, 0.919191919192, 0.88649901, 1.00000000, 1.00000000, 1.00000000
0.070707070707, 0.929292929293, 0.89665102, 1.00000000, 1.00000000, 1.00000000
0.070707070707, 0.939393939394, 0.90722012, 1.00000000, 1.00000000, 1.00000000
0.070707070707, 0.949494949495, 0.91816219, 1.00000000, 1.00000000, 1.00000000
0.070707070707, 0.959595959596, 0.92942848, 1.00000000, 1.00000000, 1.00000000
0.080808080808, -0.000000000000, 0.99957024, 1.00000000, 1.00000000, 1.00000000
0.080808080808, 0.010101010101, 1.01105418, 1.00000000, 1.00000000, 1.00000000
0.080808080808, 0.020202020202, 1.02218736, 1.00000000, 1.00000000, 1.00000000
0.080808080808, 0.030303030303, 1.03296889, 1.00000000, 1.00000000, 1.00000000
0.080808080808, 0.040404040404, 1.04347500, 1.00000000, 1.00000000, 1.00000000
0.080808080808, 0.050505050505, 1.05383163, 1.00000000, 1.00000000, 1.00000000
0.080808080808, 0.060606060606, 1.06416274, 1.00000000, 1.00000000, 1.00000000
0.080808080808, 0.070707070707, 1.07453948, 1.00000000, 1.00000000, 1.00000000
0.080808080808, 0.080808080808, 1.08495523, 1.00000000, 1.00000000, 1.00000000
0.080808080808, 0.090909090909, 1.09533404, 1.00000000, 1.00000000, 1.00000000
0.080808080808, 0.101010101010, 1.10556101, 1.00000000, 1.00000000, 1.00000000
0.080808080808, 0.111111111111, 1.11551539, 1.00000000, 1.00000000, 1.00000000
0.080808080808, 0.121212121212, 1.12509230, 1.00000000, 1.00000000, 1.00000000
0.080808080808, 0.131313131313, 1.13421003, 1.00000000, 1.00000000, 1.00000000
0.080808080808, 0.141414141414, 1.14280749, 1.00000000, 1.00000000, 1.00000000
0.080808080808, 0.151515151515, 1.15083816, 1.00000000, 1.00000000, 1.00000000
0.080808080808, 0.161616161616, 1.15826455, 1.00000000, 1.00000000, 1.00000000
0.080808080808, 0.171717171717, 1.16505472, 1.00000000, 1.00000000, 1.00000000
0.080808080808, 0.181818181818, 1.17118054, 1.00000000, 1.00000000, 1.00000000
0.080808080808, 0.191919191919, 1.17661697, 1.00000000, 1.00000000, 1.00000000
0.080808080808, 0.202020202020, 1.18134187, 1.00000000, 1.00000000, 1.00000000
0.080808080808, 0.212121212121, 1.18533604, 1.00000000, 1.00000000, 1.00000000
0.080808080808, 0.222222222222, 1.18858322, 1.00000000, 1.00000000, 1.00000000
0.080808080808, 0.232323232323, 1.19107016, 1.00000000, 1.00000000, 1.00000000
0.080808080808, 0.242424242424, 1.19278672, 1.00000000, 1.00000000, 1.00000000
0.080808080808, 0.252525252525, 1.19372583, 1.00000000, 1.00000000, 1.00000000
0.080808080808, 0.262626262626, 1.19388360, 1.00000000, 1.00000000, 1.00000000
0.080808080808, 0.272727272727, 1.19325940, 1.00000000, 1.00000000, 1.00000000
0.080808080808, 0.282828282828, 1.19185580, 1.00000000, 1.00000000, 1.00000000
0.080808080808, 0.292929292929, 1.18967851, 1.00000000, 1.00000000, 1.00000000
0.080808080808, 0.303030303030, 1.18673635, 1.00000000, 1.00000000, 1.00000000
0.080808080808, 0.313131313131, 1.18304126, 1.00000000, 1.00000000, 1.00000000
0.080808080808, 0.323232323232, 1.17860824, 1.00000000, 1.00000000, 1.00000000
0.080808080808, 0.333333333333, 1.17345524, 1.00000000, 1.00000000, 1.00000000
0.080808080808, 0.343434343434, 1.16760317, 1.00000000, 1.00000000, 1.00000000
0.080808080808, 0.353535353535, 1.16107575, 1.00000000, 1.00000000, 1.00000000
0.080808080808, 0.363636363636, 1.15389944, 1.00000000, 1.00000000, 1.00000000
0.080808080808, 0.373737373737, 1.14610335, 1.00000000, 1.00000000, 1.00000000
0.080808080808, 0.383838383838, 1.13771906, 1.00000000, 1.00000000, 1.00000000
0.080808080808, 0.393939393939, 1.12878058, 1.00000000, 1.00000000, 1.00000000
0.080808080808, 0.404040404040, 1.11932413, 1.00000000, 1.00000000, 1.00000000
0.080808080808, 0.414141414141, 1.10938803, 1.00000000, 1.00000000, 1.00000000
0.080808080808, 0.424242424242, 1.09901254, 1.00000000, 1.00000000, 1.00000000
0.080808080808, 0.434343434343, 1.08823969, 1.00000000, 1.00000000, 1.00000000
0.080808080808, 0.444444444444, 1.07711312, 1.00000000, 1.00000000, 1.00000000
0.080808080808, 0.454545454545, 1.06567785, 1.00000000, 1.00000000, 1.00000000
0.080808080808, 0.464646464646, 1.05398019, 1.00000000, 1.00000000, 1.00000000
0.080808080808, 0.474747474747, 1.04206744, 1.00000000, 1.00000000, 1.00000000
0.080808080808, 0.484848484848, 1.02998778, 1.00000000, 1.00000000, 1.00000000
0.080808080808, 0.494949494949, 1.01779003, 1.00000000, 1.00000000, 1.00000000
0.080808080808, 0.505050505051, 1.00552347, 1.00000000, 1.00000000, 1.00000000
0.080808080808, 0.515151515152, 0.99323762, 1.00000000, 1.00000000, 1.00000000
0.080808080808, 0.525252525253, 0.98098205, 1.00000000, 1.00000000, 1.00000000
0.080808080808, 0.535353535354, 0.96880617, 1.00000000, 1.00000000, 1.00000000
0.080808080808, 0.545454545455, 0.95675904, 1.00000000, 1.00000000, 1.00000000
0.080808080808, 0.555555555556, 0.94488915, 1.00000000, 1.00000000, 1.00000000
0.080808080808, 0.565656565657, 0.93324424, 1.00000000, 1.00000000, 1.00000000
0.080808080808, 0.575757575758, 0.92187111, 1.00000000, 1.00000000, 1.00000000
0.080808080808, 0.585858585859, 0.91081541, 1.00000000, 1.00000000, 1.00000000
0.080808080808, 0.595959595960, 0.90012150, 1.00000000, 1.00000000, 1.00000000
0.080808080808, 0.606060606061, 0.88983220, 1.00000000, 1.00000000, 1.00000000
0.080808080808, 0.616161616162, 0.87998870, 1.00000000, 1.00000000, 1.00000000
0.080808080808, 0.626262626263, 0.87063036, 1.00000000, 1.00000000, 1.00000000
0.080808080808, 0.636363636364, 0.86179455, 1.00000000, 1.00000000, 1.00000000
0.080808080808, 0.646464646465, 0.85351650, 1.00000000, 1.00000000, 1.00000000
0.080808080808, 0.656565656566, 0.84582922, 1.00000000, 1.00000000, 1.00000000
0.080808080808, 0.666666666667, 0.83876328, 1.00000000, 1.00000000, 1.00000000
0.080808080808, 0.676767676768, 0.83234680, 1.00000000, 1.00000000, 1.00000000
0.080808080808, 0.686868686869, 0.82660526, 1.00000000, 1.00000000, 1.00000000
0.080808080808, 0.696969696970, 0.82156146, 1.00000000, 1.00000000, 1.00000000
0.080808080808, 0.707070707071, 0.81723540, 1.00000000, 1.00000000, 1.00000000
0.080808080808, 0.717171717172, 0.81364424, 1.00000000, 1.00000000, 1.00000000
0.080808080808, 0.727272727273, 0.81080224, 1.00000000, 1.00000000, 1.00000000
0.080808080808, 0.737373737374, 0.80872067, 1.00000000, 1.00000000, 1.00000000
0.080808080808, 0.747474747475, 0.80740783, 1.00000000, 1.00000000, 1.00000000
0.080808080808, 0.757575757576, 0.80686899, 1.00000000, 1.00000000, 1.00000000
0.080808080808, 0.767676767677, 0.80710625, 1.00000000, 1.00000000, 1.00000000
0.080808080808, 0.777777777778, 0.80811852, 1.00000000, 1.00000000, 1.00000000
0.080808080808, 0.787878787879, 0.80990168, 1.00000000, 1.00000000, 1.00000000
0.080808080808, 0.797979797980, 0.81244858, 1.00000000, 1.00000000, 1.00000000
0.080808080808, 0.808080808081, 0.81574906, 1.00000000, 1.00000000, 1.00000000
0.080808080808, 0.818181818182, 0.81978996, 1.00000000, 1.00000000, 1.00000000
0.080808080808, 0.828282828283, 0.82455521, 1.00000000, 1.00000000, 1.00000000
0.080808080808, 0.838383838384, 0.83002589, 1.00000000, 1.00000000, 1.00000000
0.080808080808, 0.848484848485, 0.83618023, 1.00000000, 1.00000000, 1.00000000
0.080808080808, 0.858585858586, 0.84299378, 1.00000000, 1.00000000, 1.00000000
0.080808080808, 0.868686868687, 0.85043941, 1.00000000, 1.00000000, 1.00000000
0.080808080808, 0.878787878788, 0.85848751, 1.00000000, 1.00000000, 1.00000000
0.080808080808, 0.888888888889, 0.86710600, 1.00000000, 1.00000000, 1.00000000
0.080808080808, 0.898989898990, 0.87626051, 1.00000000, 1.00000000, 1.00000000
0.080808080808, 0.909090909091, 0.88591452, 1.00000000, 1.00000000, 1.00000000
0.080808080808, 0.919191919192, 0.89602942, 1.00000000, 1.00000000, 1.00000000
0.080808080808, 0.929292929293, 0.90656460, 1.00000000, 1.00000000, 1.00000000
0.080808080808, 0.939393939394, 0.91747731, 1.00000000, 1.00000000, 1.00000000
0.080808080808, 0.949494949495, 0.92872205, 1.00000000, 1.00000000, 1.00000000
0.080808080808, 0.959595959596, 0.94024897, 1.00000000, 1.00000000, 1.00000000
0.090909090909, -0.000000000000, 1.01133263, 1.00000000, 1.00000000, 1.00000000
0.090909090909, 0.010101010101, 1.02278231, 1.00000000, 1.00000000, 1.00000000
0.090909090909, 0.020202020202, 1.03384162, 1.00000000, 1.00000000, 1.00000000
0.090909090909, 0.030303030303, 1.04451064, 1.00000000, 1.00000000, 1.00000000
0.090909090909, 0.040404040404, 1.05486576, 1.00000000, 1.00000000, 1.00000000
0.090909090909, 0.050505050505, 1.06503218, 1.00000000, 1.00000000, 1.00000000
0.090909090909, 0.060606060606, 1.07513228, 1.00000000, 1.00000000, 1.00000000
0.090909090909, 0.070707070707, 1.08523551, 1.00000000, 1.00000000, 1.00000000
0.090909090909, 0.080808080808, 1.09533404, 1.00000000, 1.00000000, 1.00000000
0.090909090909, 0.090909090909, 1.10535174, 1.00000000, 1.00000000, 1.00000000
0.090909090909, 0.101010101010, 1.11517469, 1.00000000, 1.00000000, 1.00000000
0.090909090909, 0.111111111111, 1.12468404, 1.00000000, 1.00000000, 1.00000000
0.090909090909, 0.121212121212, 1.13377725, 1.00000000, 1.00000000, 1.00000000
0.090909090909, 0.131313131313, 1.14237515, 1.00000000, 1.00000000, 1.00000000
0.090909090909, 0.141414141414, 1.15041915, 1.00000000, 1.00000000, 1.00000000
0.090909090909, 0.151515151515, 1.15786519, 1.00000000, 1.00000000, 1.00000000
0.090909090909, 0.161616161616, 1.16467827, 1.00000000, 1.00000000, 1.00000000
0.090909090909, 0.171717171717, 1.17082899, 1.00000000, 1.00000000, 1.00000000
0.090909090909, 0.181818181818, 1.17629181, 1.00000000, 1.00000000, 1.00000000
0.090909090909, 0.191919191919, 1.18104438, 1.00000000, 1.00000000, 1.00000000
0.090909090909, 0.202020202020, 1.18506737, 1.00000000, 1.00000000, 1.00000000
0.090909090909, 0.212121212121, 1.18834438, 1.00000000, 1.00000000, 1.00000000
0.090909090909, 0.222222222222, 1.19086208, 1.00000000, 1.00000000, 1.00000000
0.090909090909, 0.232323232323, 1.19261019, 1.00000000, 1.00000000, 1.00000000
0.090909090909, 0.242424242424, 1.19358154, 1.00000000, 1.00000000, 1.00000000
0.090909090909, 0.252525252525, 1.19377210, 1.00000000, 1.00000000, 1.00000000
0.090909090909, 0.262626262626, 1.19318115, 1.00000000, 1.00000000, 1.00000000
0.090909090909, 0.272727272727, 1.19181112, 1.00000000, 1.00000000, 1.00000000
0.090909090909, 0.282828282828, 1.18966759, 1.00000000, 1.00000000, 1.00000000
0.090909090909, 0.292929292929, 1.18675927, 1.00000000, 1.00000000, 1.00000000
0.090909090909, 0.303030303030, 1.18309799, 1.00000000, 1.00000000, 1.00000000
0.090909090909, 0.313131313131, 1.17869860, 1.00000000, 1.00000000, 1.00000000
0.090909090909, 0.323232323232, 1.17357895, 1.00000000, 1.00000000, 1.00000000
0.090909090909, 0.333333333333, 1.16775980, 1.00000000, 1.00000000, 1.00000000
0.090909090909, 0.343434343434, 1.16126477, 1.00000000, 1.00000000, 1.00000000
0.090909090909, 0.353535353535, 1.15412019, 1.00000000, 1.00000000, 1.00000000
0.090909090909, 0.363636363636, 1.14635503, 1.00000000, 1.00000000, 1.00000000
0.090909090909, 0.373737373737, 1.13800079, 1.00000000, 1.00000000, 1.00000000
0.090909090909, 0.383838383838, 1.12909134, 1.00000000, 1.00000000, 1.00000000
0.090909090909, 0.393939393939, 1.11966278, 1.00000000, 1.00000000, 1.00000000
0.090909090909, 0.404040404040, 1.10975334, 1.00000000, 1.00000000, 1.00000000
0.090909090909, 0.414141414141, 1.09940316, 1.00000000, 1.00000000, 1.00000000
0.090909090909, 0.424242424242, 1.08865417, 1.00000000, 1.00000000, 1.00000000
0.090909090909, 0.434343434343, 1.07754989, 1.00000000, 1.00000000, 1.00000000
0.090909090909, 0.444444444444, 1.06613528, 1.00000000, 1.00000000, 1.00000000
0.090909090909, 0.454545454545, 1.05445653, 1.00000000, 1.00000000, 1.00000000
0.090909090909, 0.464646464646, 1.04256088, 1.00000000, 1.00000000, 1.00000000
0.090909090909, 0.474747474747, 1.03049642, 1.00000000, 1.00000000, 1.00000000
0.090909090909, 0.484848484848, 1.01831189, 1.00000000, 1.00000000, 1.00000000
0.090909090909, 0.494949494949, 1.00605652, 1.00000000, 1.00000000, 1.00000000
0.090909090909, 0.505050505051, 0.99377976, 1.00000000, 1.00000000, 1.00000000
0.090909090909, 0.515151515152, 0.98153114, 1.00000000, 1.00000000, 1.00000000
0.090909090909, 0.525252525253, 0.96936001, 1.00000000, 1.00000000, 1.00000000
0.090909090909, 0.535353535354, 0.95731541, 1.00000000, 1.00000000, 1.00000000
0.090909090909, 0.545454545455, 0.94544580, 1.00000000, 1.00000000, 1.00000000
0.090909090909, 0.555555555556, 0.93379891, 1.00000000, 1.00000000, 1.00000000
0.090909090909, 0.565656565657, 0.92242152, 1.00000000, 1.00000000, 1.00000000
0.090909090909, 0.575757575758, 0.91135930, 1.00000000, 1.00000000, 1.00000000
0.090909090909, 0.585858585859, 0.90065661, 1.00000000, 1.00000000, 1.00000000
0.090909090909, 0.595959595960, 0.89035630, 1.00000000, 1.00000000, 1.00000000
0.090909090909, 0.606060606061, 0.88049960, 1.00000000, 1.00000000, 1.00000000
0.090909090909, 0.616161616162, 0.87112590, 1.00000000, 1.00000000, 1.00000000
0.090909090909, 0.626262626263, 0.86227263, 1.00000000, 1.00000000, 1.00000000
0.090909090909, 0.636363636364, 0.85397510, 1.00000000, 1.00000000, 1.00000000
0.090909090909, 0.646464646465, 0.84626637, 1.00000000, 1.00000000, 1.00000000
0.090909090909, 0.656565656566, 0.83917713, 1.00000000, 1.00000000, 1.00000000
0.090909090909, 0.666666666667, 0.83273557, 1.00000000, 1.00000000, 1.00000000
0.090909090909, 0.676767676768, 0.82696729, 1.00000000, 1.00000000, 1.00000000
0.090909090909, 0.686868686869, 0.82189519, 1.00000000, 1.00000000, 1.00000000
0.090909090909, 0.696969696970, 0.81753942, 1.00000000, 1.00000000, 1.00000000
0.090909090909, 0.707070707071, 0.81391725, 1.00000000, 1.00000000, 1.00000000
0.090909090909, 0.717171717172, 0.81104307, 1.00000000, 1.00000000, 1.00000000
0.090909090909, 0.727272727273, 0.80892831, 1.00000000, 1.00000000, 1.00000000
0.090909090909, 0.737373737374, 0.80758142, 1.00000000, 1.00000000, 1.00000000
0.090909090909, 0.747474747475, 0.80700780, 1.00000000, 1.00000000, 1.00000000
0.090909090909, 0.757575757576, 0.80720972, 1.00000000, 1.00000000, 1.00000000
0.090909090909, 0.767676767677, 0.80818625, 1.00000000, 1.00000000, 1.00000000
0.090909090909, 0.777777777778, 0.80993345, 1.00000000, 1.00000000, 1.00000000
0.090909090909, 0.787878787879, 0.81244429, 1.00000000, 1.00000000, 1.00000000
0.090909090909, 0.797979797980, 0.81570878, 1.00000000, 1.00000000, 1.00000000
0.090909090909, 0.808080808081, 0.81971392, 1.00000000, 1.00000000, 1.00000000
0.090909090909, 0.818181818182, 0.82444382, 1.00000000, 1.00000000, 1.00000000
0.090909090909, 0.828282828283, 0.82987967, 1.00000000, 1.00000000, 1.00000000
0.090909090909, 0.838383838384, 0.83599988, 1.00000000, 1.00000000, 1.00000000
0.090909090909, 0.848484848485, 0.84278013, 1.00000000, 1.00000000, 1.00000000
0.090909090909, 0.858585858586, 0.85019345, 1.00000000, 1.00000000, 1.00000000
0.090909090909, 0.868686868687, 0.85821033, 1.00000000, 1.00000000, 1.00000000
0.090909090909, 0.878787878788, 0.86679886, 1.00000000, 1.00000000, 1.00000000
0.090909090909, 0.888888888889, 0.87592478, 1.00000000, 1.00000000, 1.00000000
0.090909090909, 0.898989898990, 0.88555168, 1.00000000, 1.00000000, 1.00000000
0.090909090909, 0.909090909091, 0.89564110, 1.00000000, 1.00000000, 1.00000000
0.090909090909, 0.919191919192, 0.90615266, 1.00000000, 1.00000000, 1.00000000
0.090909090909, 0.929292929293, 0.91704413, 1.00000000, 1.00000000, 1.00000000
0.090909090909, 0.939393939394, 0.92827131, 1.00000000, 1.00000000, 1.00000000
0.090909090909, 0.949494949495, 0.93978746, 1.00000000, 1.00000000, 1.00000000
0.090909090909, 0.959595959596, 0.95154175, 1.00000000, 1.00000000, 1.00000000
0.101010101010, -0.000000000000, 1.02327099, 1.00000000, 1.00000000, 1.00000000
0.101010101010, 0.010101010101, 1.03464453, 1.00000000, 1.00000000, 1.00000000
0.101010101010, 0.020202020202, 1.04558878, 1.00000000, 1.00000000, 1.00000000
0.101010101010, 0.030303030303, 1.05610485, 1.00000000, 1.00000000, 1.00000000
0.101010101010, 0.040404040404, 1.06626903, 1.00000000, 1.00000000, 1.00000000
0.101010101010, 0.050505050505, 1.07620521, 1.00000000, 1.00000000, 1.00000000
0.101010101010, 0.060606060606, 1.08603375, 1.00000000, 1.00000000, 1.00000000
0.101010101010, 0.070707070707, 1.09582203, 1.00000000, 1.00000000, 1.00000000
0.101010101010, 0.080808080808, 1.10556101, 1.00000000, 1.00000000, 1.00000000
0.101010101010, 0.090909090909, 1.11517469, 1.00000000, 1.00000000, 1.00000000
0.101010101010, 0.101010101010, 1.12455062, 1.00000000, 1.00000000, 1.00000000
0.101010101010, 0.111111111111, 1.13357228, 1.00000000, 1.00000000, 1.00000000
0.101010101010, 0.121212121212, 1.14213995, 1.00000000, 1.00000000, 1.00000000
0.101010101010, 0.131313131313, 1.15017729, 1.00000000, 1.00000000, 1.00000000
0.101010101010, 0.141414141414, 1.15762850, 1.00000000, 1.00000000, 1.00000000
0.101010101010, 0.151515151515, 1.16445219, 1.00000000, 1.00000000, 1.00000000
0.101010101010, 0.161616161616, 1.17061601, 1.00000000, 1.00000000, 1.00000000
0.101010101010, 0.171717171717, 1.17609324, 1.00000000, 1.00000000, 1.00000000
0.101010101010, 0.181818181818, 1.18086110, 1.00000000, 1.00000000, 1.00000000
0.101010101010, 0.191919191919, 1.18490006, 1.00000000, 1.00000000, 1.00000000
0.101010101010, 0.202020202020, 1.18819367, 1.00000000, 1.00000000, 1.00000000
0.101010101010, 0.212121212121, 1.19072851, 1.00000000, 1.00000000, 1.00000000
0.101010101010, 0.222222222222, 1.19249424, 1.00000000, 1.00000000, 1.00000000
0.101010101010, 0.232323232323, 1.19348365, 1.00000000, 1.00000000, 1.00000000
0.101010101010, 0.242424242424, 1.19369263, 1.00000000, 1.00000000, 1.00000000
0.101010101010, 0.252525252525, 1.19312040, 1.00000000, 1.00000000, 1.00000000
0.101010101010, 0.262626262626, 1.19176933, 1.00000000, 1.00000000, 1.00000000
0.101010101010, 0.272727272727, 1.18964493, 1.00000000, 1.00000000, 1.00000000
0.101010101010, 0.282828282828, 1.18675587, 1.00000000, 1.00000000, 1.00000000
0.101010101010, 0.292929292929, 1.18311388, 1.00000000, 1.00000000, 1.00000000
0.101010101010, 0.303030303030, 1.17873377, 1.00000000, 1.00000000, 1.00000000
0.101010101010, 0.313131313131, 1.17363332, 1.00000000, 1.00000000, 1.00000000
0.101010101010, 0.323232323232, 1.16783322, 1.00000000, 1.00000000, 1.00000000
0.101010101010, 0.333333333333, 1.16135703, 1.00000000, 1.00000000, 1.00000000
0.101010101010, 0.343434343434, 1.15423100, 1.00000000, 1.00000000, 1.00000000
0.101010101010, 0.353535353535, 1.14648406, 1.00000000, 1.00000000, 1.00000000
0.101010101010, 0.363636363636, 1.13814762, 1.00000000, 1.00000000, 1.00000000
0.101010101010, 0.373737373737, 1.12925549, 1.00000000, 1.00000000, 1.00000000
0.101010101010, 0.383838383838, 1.11984371, 1.00000000, 1.00000000, 1.00000000
0.101010101010, 0.393939393939, 1.10995044, 1.00000000, 1.00000000, 1.00000000
0.101010101010, 0.404040404040, 1.09961577, 1.00000000, 1.00000000, 1.00000000
0.101010101010, 0.414141414141, 1.08888155, 1.00000000, 1.00000000, 1.00000000
0.101010101010, 0.424242424242, 1.07779125, 1.00000000, 1.00000000, 1.00000000
0.101010101010, 0.434343434343, 1.06638977, 1.00000000, 1.00000000, 1.00000000
0.101010101010, 0.444444444444, 1.05472324, 1.00000000, 1.00000000, 1.00000000
0.101010101010, 0.454545454545, 1.04283885, 1.00000000, 1.00000000, 1.00000000
0.101010101010, 0.464646464646, 1.03078462, 1.00000000, 1.00000000, 1.00000000
0.101010101010, 0.474747474747, 1.01860927, 1.00000000, 1.00000000, 1.00000000
0.101010101010, 0.484848484848, 1.00636195, 1.00000000, 1.00000000, 1.00000000
0.101010101010, 0.494949494949, 0.99409209, 1.00000000, 1.00000000, 1.00000000
0.101010101010, 0.505050505051, 0.98184915, 1.00000000, 1.00000000, 1.00000000
0.101010101010, 0.515151515152, 0.96968248, 1.00000000, 1.00000000, 1.00000000
0.101010101010, 0.525252525253, 0.95764106, 1.00000000, 1.00000000, 1.00000000
0.101010101010, 0.535353535354, 0.94577333, 1.00000000, 1.00000000, 1.00000000
0.101010101010, 0.545454545455, 0.93412699, 1.00000000, 1.00000000, 1.00000000
0.101010101010, 0.555555555556, 0.92274881, 1.00000000, 1.00000000, 1.00000000
0.101010101010, 0.565656565657, 0.91168445, 1.00000000, 1.00000000, 1.00000000
0.101010101010, 0.575757575758, 0.90097825, 1.00000000, 1.00000000, 1.00000000
0.101010101010, 0.585858585859, 0.89067307, 1.00000000, 1.00000000, 1.00000000
0.101010101010, 0.595959595960, 0.88081015, 1.00000000, 1.00000000, 1.00000000
0.101010101010, 0.606060606061, 0.87142888, 1.00000000, 1.00000000, 1.00000000
0.101010101010, 0.616161616162, 0.86256672, 1.00000000, 1.00000000, 1.00000000
0.101010101010, 0.626262626263, 0.85425900, 1.00000000, 1.00000000, 1.00000000
0.101010101010, 0.636363636364, 0.84653883, 1.00000000, 1.00000000, 1.00000000
0.101010101010, 0.646464646465, 0.83943693, 1.00000000, 1.00000000, 1.00000000
0.101010101010, 0.656565656566, 0.83298155, 1.00000000, 1.00000000, 1.00000000
0.101010101010, 0.666666666667, 0.82719833, 1.00000000, 1.00000000, 1.00000000
0.101010101010, 0.676767676768, 0.82211026, 1.00000000, 1.00000000, 1.00000000
0.101010101010, 0.686868686869, 0.81773753, 1.00000000, 1.00000000, 1.00000000
0.101010101010, 0.696969696970, 0.81409752, 1.00000000, 1.00000000, 1.00000000
0.101010101010, 0.707070707071, 0.81120469, 1.00000000, 1.00000000, 1.00000000
0.101010101010, 0.717171717172, 0.80907055, 1.00000000, 1.00000000, 1.00000000
0.101010101010, 0.727272727273, 0.80770364, 1.00000000, 1.00000000, 1.00000000
0.101010101010, 0.737373737374, 0.80710947, 1.00000000, 1.00000000, 1.00000000
0.101010101010, 0.747474747475, 0.80729042, 1.00000000, 1.00000000, 1.00000000
0.101010101010, 0.757575757576, 0.80824565, 1.00000000, 1.00000000, 1.00000000
0.101010101010, 0.767676767677, 0.80997130, 1.00000000, 1.00000000, 1.00000000
0.101010101010, 0.777777777778, 0.81246048, 1.00000000, 1.00000000, 1.00000000
0.101010101010, 0.787878787879, 0.81570328, 1.00000000, 1.00000000, 1.00000000
0.101010101010, 0.797979797980, 0.81968682, 1.00000000, 1.00000000, 1.00000000
0.101010101010, 0.808080808081, 0.82439529, 1.00000000, 1.00000000, 1.00000000
0.101010101010, 0.818181818182, 0.82981000, 1.00000000, 1.00000000, 1.00000000
0.101010101010, 0.828282828283, 0.83590945, 1.00000000, 1.00000000, 1.00000000
0.101010101010, 0.838383838384, 0.84266941, 1.00000000, 1.00000000, 1.00000000
0.101010101010, 0.848484848485, 0.85006301, 1.00000000, 1.00000000, 1.00000000
0.101010101010, 0.858585858586, 0.85806083, 1.00000000, 1.00000000, 1.00000000
0.101010101010, 0.868686868687, 0.86663103, 1.00000000, 1.00000000, 1.00000000
0.101010101010, 0.878787878788, 0.87573944, 1.00000000, 1.00000000, 1.00000000
0.101010101010, 0.888888888889, 0.88534971, 1.00000000, 1.00000000, 1.00000000
0.101010101010, 0.898989898990, 0.89542347, 1.00000000, 1.00000000, 1.00000000
0.101010101010, 0.909090909091, 0.90592042, 1.00000000, 1.00000000, 1.00000000
0.101010101010, 0.919191919192, 0.91679851, 1.00000000, 1.00000000, 1.00000000
0.101010101010, 0.929292929293, 0.92801401, 1.00000000, 1.00000000, 1.00000000
0.101010101010, 0.939393939394, 0.93952140, 1.00000000, 1.00000000, 1.00000000
0.101010101010, 0.949494949495, 0.95127283, 1.00000000, 1.00000000, 1.00000000
0.101010101010, 0.959595959596, 0.96321663, 1.00000000, 1.00000000, 1.00000000
0.111111111111, -0.000000000000, 1.03526566, 1.00000000, 1.00000000, 1.00000000
0.111111111111, 0.010101010101, 1.04651943, 1.00000000, 1.00000000, 1.00000000
0.111111111111, 0.020202020202, 1.05730619, 1.00000000, 1.00000000, 1.00000000
0.111111111111, 0.030303030303, 1.06762810, 1.00000000, 1.00000000, 1.00000000
0.111111111111, 0.040404040404, 1.07756103, 1.00000000, 1.00000000, 1.00000000
0.111111111111, 0.050505050505, 1.08722709, 1.00000000, 1.00000000, 1.00000000
0.111111111111, 0.060606060606, 1.09674402, 1.00000000, 1.00000000, 1.00000000
0.111111111111, 0.070707070707, 1.10617686, 1.00000000, 1.00000000, 1.00000000
0.111111111111, 0.080808080808, 1.11551539, 1.00000000, 1.00000000, 1.00000000
0.111111111111, 0.090909090909, 1.12468404, 1.00000000, 1.00000000, 1.00000000
0.111111111111, 0.101010101010, 1.13357228, 1.00000000, 1.00000000, 1.00000000
0.111111111111, 0.111111111111, 1.14206647, 1.00000000, 1.00000000, 1.00000000
0.111111111111, 0.121212121212, 1.15007010, 1.00000000, 1.00000000, 1.00000000
0.111111111111, 0.131313131313, 1.15751001, 1.00000000, 1.00000000, 1.00000000
0.111111111111, 0.141414141414, 1.16433340, 1.00000000, 1.00000000, 1.00000000
0.111111111111, 0.151515151515, 1.17050175, 1.00000000, 1.00000000, 1.00000000
0.111111111111, 0.161616161616, 1.17598552, 1.00000000, 1.00000000, 1.00000000
0.111111111111, 0.171717171717, 1.18076080, 1.00000000, 1.00000000, 1.00000000
0.111111111111, 0.181818181818, 1.18480767, 1.00000000, 1.00000000, 1.00000000
0.111111111111, 0.191919191919, 1.18810953, 1.00000000, 1.00000000, 1.00000000
0.111111111111, 0.202020202020, 1.19065293, 1.00000000, 1.00000000, 1.00000000
0.111111111111, 0.212121212121, 1.19242748, 1.00000000, 1.00000000, 1.00000000
0.111111111111, 0.222222222222, 1.19342593, 1.00000000, 1.00000000, 1.00000000
0.111111111111, 0.232323232323, 1.19364416, 1.00000000, 1.00000000, 1.00000000
0.111111111111, 0.242424242424, 1.19308135, 1.00000000, 1.00000000, 1.00000000
0.111111111111, 0.252525252525, 1.19173983, 1.00000000, 1.00000000, 1.00000000
0.111111111111, 0.262626262626, 1.18962512, 1.00000000, 1.00000000, 1.00000000
0.111111111111, 0.272727272727, 1.18674582, 1.00000000, 1.00000000, 1.00000000
0.111111111111, 0.282828282828, 1.18311367, 1.00000000, 1.00000000, 1.00000000
0.111111111111, 0.292929292929, 1.17874342, 1.00000000, 1.00000000, 1.00000000
0.111111111111, 0.303030303030, 1.17365282, 1.00000000, 1.00000000, 1.00000000
0.111111111111, 0.313131313131, 1.16786256, 1.00000000, 1.00000000, 1.00000000
0.111111111111, 0.323232323232, 1.16139613, 1.00000000, 1.00000000, 1.00000000
0.111111111111, 0.333333333333, 1.15427977, 1.00000000, 1.00000000, 1.00000000
0.111111111111, 0.343434343434, 1.14654238, 1.00000000, 1.00000000, 1.00000000
0.111111111111, 0.353535353535, 1.13821533, 1.00000000, 1.00000000, 1.00000000
0.111111111111, 0.363636363636, 1.12933240, 1.00000000, 1.00000000, 1.00000000
0.111111111111, 0.373737373737, 1.11992960, 1.00000000, 1.00000000, 1.00000000
0.111111111111, 0.383838383838, 1.11004506, 1.00000000, 1.00000000, 1.00000000
0.111111111111, 0.393939393939, 1.09971882, 1.00000000, 1.00000000, 1.00000000
0.111111111111, 0.404040404040, 1.08899272, 1.00000000, 1.00000000, 1.00000000
0.111111111111, 0.414141414141, 1.07791020, 1.00000000, 1.00000000, 1.00000000
0.111111111111, 0.424242424242, 1.06651611, 1.00000000, 1.00000000, 1.00000000
0.111111111111, 0.434343434343, 1.05485656, 1.00000000, 1.00000000, 1.00000000
0.111111111111, 0.444444444444, 1.04297869, 1.00000000, 1.00000000, 1.00000000
0.111111111111, 0.454545454545, 1.03093052, 1.00000000, 1.00000000, 1.00000000
0.111111111111, 0.464646464646, 1.01876071, 1.00000000, 1.00000000, 1.00000000
0.111111111111, 0.474747474747, 1.00651840, 1.00000000, 1.00000000, 1.00000000
0.111111111111, 0.484848484848, 0.99425298, 1.00000000, 1.00000000, 1.00000000
0.111111111111, 0.494949494949, 0.98201390, 1.00000000, 1.00000000, 1.00000000
0.111111111111, 0.505050505051, 0.96985046, 1.00000000, 1.00000000, 1.00000000
0.111111111111, 0.515151515152, 0.95781162, 1.00000000, 1.00000000, 1.00000000
0.111111111111, 0.525252525253, 0.94594581, 1.00000000, 1.00000000, 1.00000000
0.111111111111, 0.535353535354, 0.93430071, 1.00000000, 1.00000000, 1.00000000
0.111111111111, 0.545454545455, 0.92292307, 1.00000000, 1.00000000, 1.00000000
0.111111111111, 0.555555555556, 0.91185852, 1.00000000, 1.00000000, 1.00000000
0.111111111111, 0.565656565657, 0.90115140, 1.00000000, 1.00000000, 1.00000000
0.111111111111, 0.575757575758, 0.89084457, 1.00000000, 1.00000000, 1.00000000
0.111111111111, 0.585858585859, 0.88097924, 1.00000000, 1.00000000, 1.00000000
0.111111111111, 0.595959595960, 0.87159483, 1.00000000, 1.00000000, 1.00000000
0.111111111111, 0.606060606061, 0.86272878, 1.00000000, 1.00000000, 1.00000000
0.111111111111, 0.616161616162, 0.85441644, 1.00000000, 1.00000000, 1.00000000
0.111111111111, 0.626262626263, 0.84669092, 1.00000000, 1.00000000, 1.00000000
0.111111111111, 0.636363636364, 0.83958296, 1.00000000, 1.00000000, 1.00000000
0.111111111111, 0.646464646465, 0.83312083, 1.00000000, 1.00000000, 1.00000000
0.111111111111, 0.656565656566, 0.82733022, 1.00000000, 1.00000000, 1.00000000
0.111111111111, 0.666666666667, 0.82223411, 1.00000000, 1.00000000, 1.00000000
0.111111111111, 0.676767676768, 0.81785276, 1.00000000, 1.00000000, 1.00000000
0.111111111111, 0.686868686869, 0.81420358, 1.00000000, 1.00000000, 1.00000000
0.111111111111, 0.696969696970, 0.81130106, 1.00000000, 1.00000000, 1.00000000
0.111111111111, 0.707070707071, 0.80915678, 1.00000000, 1.00000000, 1.00000000
0.111111111111, 0.717171717172, 0.80777933, 1.00000000, 1.00000000, 1.00000000
0.111111111111, 0.727272727273, 0.80717426, 1.00000000, 1.00000000, 1.00000000
0.111111111111, 0.737373737374, 0.80734401, 1.00000000, 1.00000000, 1.00000000
0.111111111111, 0.747474747475, 0.80828782, 1.00000000, 1.00000000, 1.00000000
0.111111111111, 0.757575757576, 0.81000188, 1.00000000, 1.00000000, 1.00000000
0.111111111111, 0.767676767677, 0.81247934, 1.00000000, 1.00000000, 1.00000000
0.111111111111, 0.777777777778, 0.81571037, 1.00000000, 1.00000000, 1.00000000
0.111111111111, 0.787878787879, 0.81968215, 1.00000000, 1.00000000, 1.00000000
0.111111111111, 0.797979797980, 0.82437893, 1.00000000, 1.00000000, 1.00000000
0.111111111111, 0.808080808081, 0.82978207, 1.00000000, 1.00000000, 1.00000000
0.111111111111, 0.818181818182, 0.83587014, 1.00000000, 1.00000000, 1.00000000
0.111111111111, 0.828282828283, 0.84261897, 1.00000000, 1.00000000, 1.00000000
0.111111111111, 0.838383838384, 0.85000173, 1.00000000, 1.00000000, 1.00000000
0.111111111111, 0.848484848485, 0.85798906, 1.00000000, 1.00000000, 1.00000000
0.111111111111, 0.858585858586, 0.86654916, 1.00000000, 1.00000000, 1.00000000
0.111111111111, 0.868686868687, 0.87564791, 1.00000000, 1.00000000, 1.00000000
0.111111111111, 0.878787878788, 0.88524902, 1.00000000, 1.00000000, 1.00000000
0.111111111111, 0.888888888889, 0.89531412, 1.00000000, 1.00000000, 1.00000000
0.111111111111, 0.898989898990, 0.90580298, 1.00000000, 1.00000000, 1.00000000
0.111111111111, 0.909090909091, 0.91667361, 1.00000000, 1.00000000, 1.00000000
0.111111111111, 0.919191919192, 0.92788241, 1.00000000, 1.00000000, 1.00000000
0.111111111111, 0.929292929293, 0.93938428, 1.00000000, 1.00000000, 1.00000000
0.111111111111, 0.939393939394, 0.95113253, 1.00000000, 1.00000000, 1.00000000
0.111111111111, 0.949494949495, 0.96307837, 1.00000000, 1.00000000, 1.00000000
0.111111111111, 0.959595959596, 0.97516947, 1.00000000, 1.00000000, 1.00000000
0.121212121212, -0.000000000000, 1.04720725, 1.00000000, 1.00000000, 1.00000000
0.121212121212, 0.010101010101, 1.05829678, 1.00000000, 1.00000000, 1.00000000
0.121212121212, 0.020202020202, 1.06888320, 1.00000000, 1.00000000, 1.00000000
0.121212121212, 0.030303030303, 1.07896972, 1.00000000, 1.00000000, 1.00000000
0.121212121212, 0.040404040404, 1.08863150, 1.00000000, 1.00000000, 1.00000000
0.121212121212, 0.050505050505, 1.09798830, 1.00000000, 1.00000000, 1.00000000
0.121212121212, 0.060606060606, 1.10715474, 1.00000000, 1.00000000, 1.00000000
0.121212121212, 0.070707070707, 1.11619320, 1.00000000, 1.00000000, 1.00000000
0.121212121212, 0.080808080808, 1.12509230, 1.00000000, 1.00000000, 1.00000000
0.121212121212, 0.090909090909, 1.13377725, 1.00000000, 1.00000000, 1.00000000
0.121212121212, 0.101010101010, 1.14213995, 1.00000000, 1.00000000, 1.00000000
0.121212121212, 0.111111111111, 1.15007010, 1.00000000, 1.00000000, 1.00000000
0.121212121212, 0.121212121212, 1.15747482, 1.00000000, 1.00000000, 1.00000000
0.121212121212, 0.131313131313, 1.16428444, 1.00000000, 1.00000000, 1.00000000
0.121212121212, 0.141414141414, 1.17044938, 1.00000000, 1.00000000, 1.00000000
0.121212121212, 0.151515151515, 1.17593415, 1.00000000, 1.00000000, 1.00000000
0.121212121212, 0.161616161616, 1.18071215, 1.00000000, 1.00000000, 1.00000000
0.121212121212, 0.171717171717, 1.18476238, 1.00000000, 1.00000000, 1.00000000
0.121212121212, 0.181818181818, 1.18806789, 1.00000000, 1.00000000, 1.00000000
0.121212121212, 0.191919191919, 1.19061510, 1.00000000, 1.00000000, 1.00000000
0.121212121212, 0.202020202020, 1.19239359, 1.00000000, 1.00000000, 1.00000000
0.121212121212, 0.212121212121, 1.19339610, 1.00000000, 1.00000000, 1.00000000
0.121212121212, 0.222222222222, 1.19361848, 1.00000000, 1.00000000, 1.00000000
0.121212121212, 0.232323232323, 1.19305990, 1.00000000, 1.00000000, 1.00000000
0.121212121212, 0.242424242424, 1.19172270, 1.00000000, 1.00000000, 1.00000000
0.121212121212, 0.252525252525, 1.18961236, 1.00000000, 1.00000000, 1.00000000
0.121212121212, 0.262626262626, 1.18673750, 1.00000000, 1.00000000, 1.00000000
0.121212121212, 0.272727272727, 1.18310981, 1.00000000, 1.00000000, 1.00000000
0.121212121212, 0.282828282828, 1.17874406, 1.00000000, 1.00000000, 1.00000000
0.121212121212, 0.292929292929, 1.17365797, 1.00000000, 1.00000000, 1.00000000
0.121212121212, 0.303030303030, 1.16787223, 1.00000000, 1.00000000, 1.00000000
0.121212121212, 0.313131313131, 1.16141031, 1.00000000, 1.00000000, 1.00000000
0.121212121212, 0.323232323232, 1.15429845, 1.00000000, 1.00000000, 1.00000000
0.121212121212, 0.333333333333, 1.14656551, 1.00000000, 1.00000000, 1.00000000
0.121212121212, 0.343434343434, 1.13824287, 1.00000000, 1.00000000, 1.00000000
0.121212121212, 0.353535353535, 1.12936429, 1.00000000, 1.00000000, 1.00000000
0.121212121212, 0.363636363636, 1.11996577, 1.00000000, 1.00000000, 1.00000000
0.121212121212, 0.373737373737, 1.11008542, 1.00000000, 1.00000000, 1.00000000
0.121212121212, 0.383838383838, 1.09976326, 1.00000000, 1.00000000, 1.00000000
0.121212121212, 0.393939393939, 1.08904113, 1.00000000, 1.00000000, 1.00000000
0.121212121212, 0.404040404040, 1.07796244, 1.00000000, 1.00000000, 1.00000000
0.121212121212, 0.414141414141, 1.06657204, 1.00000000, 1.00000000, 1.00000000
0.121212121212, 0.424242424242, 1.05491601, 1.00000000, 1.00000000, 1.00000000
0.121212121212, 0.434343434343, 1.04304148, 1.00000000, 1.00000000, 1.00000000
0.121212121212, 0.444444444444, 1.03099646, 1.00000000, 1.00000000, 1.00000000
0.121212121212, 0.454545454545, 1.01882960, 1.00000000, 1.00000000, 1.00000000
0.121212121212, 0.464646464646, 1.00659000, 1.00000000, 1.00000000, 1.00000000
0.121212121212, 0.474747474747, 0.99432706, 1.00000000, 1.00000000, 1.00000000
0.121212121212, 0.484848484848, 0.98209019, 1.00000000, 1.00000000, 1.00000000
0.121212121212, 0.494949494949, 0.96992870, 1.00000000, 1.00000000, 1.00000000
0.121212121212, 0.505050505051, 0.95789152, 1.00000000, 1.00000000, 1.00000000
0.121212121212, 0.515151515152, 0.94602707, 1.00000000, 1.00000000, 1.00000000
0.121212121212, 0.525252525253, 0.93438302, 1.00000000, 1.00000000, 1.00000000
0.121212121212, 0.535353535354, 0.92300610, 1.00000000, 1.00000000, 1.00000000
0.121212121212, 0.545454545455, 0.91194193, 1.00000000, 1.00000000, 1.00000000
0.121212121212, 0.555555555556, 0.90123485, 1.00000000, 1.00000000, 1.00000000
0.121212121212, 0.565656565657, 0.89092770, 1.00000000, 1.00000000, 1.00000000
0.121212121212, 0.575757575758, 0.88106168, 1.00000000, 1.00000000, 1.00000000
0.121212121212, 0.585858585859, 0.87167621, 1.00000000, 1.00000000, 1.00000000
0.121212121212, 0.595959595960, 0.86280874, 1.00000000, 1.00000000, 1.00000000
0.121212121212, 0.606060606061, 0.85449460, 1.00000000, 1.00000000, 1.00000000
0.121212121212, 0.616161616162, 0.84676692, 1.00000000, 1.00000000, 1.00000000
0.121212121212, 0.626262626263, 0.83965643, 1.00000000, 1.00000000, 1.00000000
0.121212121212, 0.636363636364, 0.83319141, 1.00000000, 1.00000000, 1.00000000
0.121212121212, 0.646464646465, 0.82739755, 1.00000000, 1.00000000, 1.00000000
0.121212121212, 0.656565656566, 0.82229787, 1.00000000, 1.00000000, 1.00000000
0.121212121212, 0.666666666667, 0.81791262, 1.00000000, 1.00000000, 1.00000000
0.121212121212, 0.676767676768, 0.81425922, 1.00000000, 1.00000000, 1.00000000
0.121212121212, 0.686868686869, 0.81135222, 1.00000000, 1.00000000, 1.00000000
0.121212121212, 0.696969696970, 0.80920320, 1.00000000, 1.00000000, 1.00000000
0.121212121212, 0.707070707071, 0.80782077, 1.00000000, 1.00000000, 1.00000000
0.121212121212, 0.717171717172, 0.80721052, 1.00000000, 1.00000000, 1.00000000
0.121212121212, 0.727272727273, 0.80737491, 1.00000000, 1.00000000, 1.00000000
0.121212121212, 0.737373737374, 0.80831322, 1.00000000, 1.00000000, 1.00000000
0.121212121212, 0.747474747475, 0.81002166, 1.00000000, 1.00000000, 1.00000000
0.121212121212, 0.757575757576, 0.81249343, 1.00000000, 1.00000000, 1.00000000
0.121212121212, 0.767676767677, 0.81571872, 1.00000000, 1.00000000, 1.00000000
0.121212121212, 0.777777777778, 0.81968474, 1.00000000, 1.00000000, 1.00000000
0.121212121212, 0.787878787879, 0.82437577, 1.00000000, 1.00000000, 1.00000000
0.121212121212, 0.797979797980, 0.82977322, 1.00000000, 1.00000000, 1.00000000
0.121212121212, 0.808080808081, 0.83585567, 1.00000000, 1.00000000, 1.00000000
0.121212121212, 0.818181818182, 0.84259899, 1.00000000, 1.00000000, 1.00000000
0.121212121212, 0.828282828283, 0.84997638, 1.00000000, 1.00000000, 1.00000000
0.121212121212, 0.838383838384, 0.85795852, 1.00000000, 1.00000000, 1.00000000
0.121212121212, 0.848484848485, 0.86651361, 1.00000000, 1.00000000, 1.00000000
0.121212121212, 0.858585858586, 0.87560757, 1.00000000, 1.00000000, 1.00000000
0.121212121212, 0.868686868687, 0.88520412, 1.00000000, 1.00000000, 1.00000000
0.121212121212, 0.878787878788, 0.89526493, 1.00000000, 1.00000000, 1.00000000
0.121212121212, 0.888888888889, 0.90574976, 1.00000000, 1.00000000, 1.00000000
0.121212121212, 0.898989898990, 0.91661666, 1.00000000, 1.00000000, 1.00000000
0.121212121212, 0.909090909091, 0.92782208, 1.00000000, 1.00000000, 1.00000000
0.121212121212, 0.919191919192, 0.93932102, 1.00000000, 1.00000000, 1.00000000
0.121212121212, 0.929292929293, 0.95106720, 1.00000000, 1.00000000, 1.00000000
0.121212121212, 0.939393939394, 0.96301290, 1.00000000, 1.00000000, 1.00000000
0.121212121212, 0.949494949495, 0.97510858, 1.00000000, 1.00000000, 1.00000000
0.121212121212, 0.959595959596, 0.98730146, 1.00000000, 1.00000000, 1.00000000
0.131313131313, -0.000000000000, 1.05900553, 1.00000000, 1.00000000, 1.00000000
0.131313131313, 0.010101010101, 1.06988631, 1.00000000, 1.00000000, 1.00000000
0.131313131313, 0.020202020202, 1.08022981, 1.00000000, 1.00000000, 1.00000000
0.131313131313, 0.030303030303, 1.09004032, 1.00000000, 1.00000000, 1.00000000
0.131313131313, 0.040404040404, 1.09939197, 1.00000000, 1.00000000, 1.00000000
0.131313131313, 0.050505050505, 1.10840159, 1.00000000, 1.00000000, 1.00000000
0.131313131313, 0.060606060606, 1.11718018, 1.00000000, 1.00000000, 1.00000000
0.131313131313, 0.070707070707, 1.12578715, 1.00000000, 1.00000000, 1.00000000
0.131313131313, 0.080808080808, 1.13421003, 1.00000000, 1.00000000, 1.00000000
0.131313131313, 0.090909090909, 1.14237515, 1.00000000, 1.00000000, 1.00000000
0.131313131313, 0.101010101010, 1.15017729, 1.00000000, 1.00000000, 1.00000000
0.131313131313, 0.111111111111, 1.15751001, 1.00000000, 1.00000000, 1.00000000
0.131313131313, 0.121212121212, 1.16428444, 1.00000000, 1.00000000, 1.00000000
0.131313131313, 0.131313131313, 1.17043467, 1.00000000, 1.00000000, 1.00000000
0.131313131313, 0.141414141414, 1.17591457, 1.00000000, 1.00000000, 1.00000000
0.131313131313, 0.151515151515, 1.18069180, 1.00000000, 1.00000000, 1.00000000
0.131313131313, 0.161616161616, 1.18474281, 1.00000000, 1.00000000, 1.00000000
0.131313131313, 0.171717171717, 1.18804963, 1.00000000, 1.00000000, 1.00000000
0.131313131313, 0.181818181818, 1.19059833, 1.00000000, 1.00000000, 1.00000000
0.131313131313, 0.191919191919, 1.19237839, 1.00000000, 1.00000000, 1.00000000
0.131313131313, 0.202020202020, 1.19338252, 1.00000000, 1.00000000, 1.00000000
0.131313131313, 0.212121212121, 1.19360657, 1.00000000, 1.00000000, 1.00000000
0.131313131313, 0.222222222222, 1.19304970, 1.00000000, 1.00000000, 1.00000000
0.131313131313, 0.232323232323, 1.19171424, 1.00000000, 1.00000000, 1.00000000
0.131313131313, 0.242424242424, 1.18960566, 1.00000000, 1.00000000, 1.00000000
0.131313131313, 0.252525252525, 1.18673259, 1.00000000, 1.00000000, 1.00000000
0.131313131313, 0.262626262626, 1.18310671, 1.00000000, 1.00000000, 1.00000000
0.131313131313, 0.272727272727, 1.17874279, 1.00000000, 1.00000000, 1.00000000
0.131313131313, 0.282828282828, 1.17365855, 1.00000000, 1.00000000, 1.00000000
0.131313131313, 0.292929292929, 1.16787466, 1.00000000, 1.00000000, 1.00000000
0.131313131313, 0.303030303030, 1.16141460, 1.00000000, 1.00000000, 1.00000000
0.131313131313, 0.313131313131, 1.15430460, 1.00000000, 1.00000000, 1.00000000
0.131313131313, 0.323232323232, 1.14657351, 1.00000000, 1.00000000, 1.00000000
0.131313131313, 0.333333333333, 1.13825272, 1.00000000, 1.00000000, 1.00000000
0.131313131313, 0.343434343434, 1.12937597, 1.00000000, 1.00000000, 1.00000000
0.131313131313, 0.353535353535, 1.11997926, 1.00000000, 1.00000000, 1.00000000
0.131313131313, 0.363636363636, 1.11010069, 1.00000000, 1.00000000, 1.00000000
0.131313131313, 0.373737373737, 1.09978029, 1.00000000, 1.00000000, 1.00000000
0.131313131313, 0.383838383838, 1.08905988, 1.00000000, 1.00000000, 1.00000000
0.131313131313, 0.393939393939, 1.07798287, 1.00000000, 1.00000000, 1.00000000
0.131313131313, 0.404040404040, 1.06659410, 1.00000000, 1.00000000, 1.00000000
0.131313131313, 0.414141414141, 1.05493964, 1.00000000, 1.00000000, 1.00000000
0.131313131313, 0.424242424242, 1.04306663, 1.00000000, 1.00000000, 1.00000000
0.131313131313, 0.434343434343, 1.03102305, 1.00000000, 1.00000000, 1.00000000
0.131313131313, 0.444444444444, 1.01885756, 1.00000000, 1.00000000, 1.00000000
0.131313131313, 0.454545454545, 1.00661926, 1.00000000, 1.00000000, 1.00000000
0.131313131313, 0.464646464646, 0.99435751, 1.00000000, 1.00000000, 1.00000000
0.131313131313, 0.474747474747, 0.98212175, 1.00000000, 1.00000000, 1.00000000
0.131313131313, 0.484848484848, 0.96996125, 1.00000000, 1.00000000, 1.00000000
0.131313131313, 0.494949494949, 0.95792497, 1.00000000, 1.00000000, 1.00000000
0.131313131313, 0.505050505051, 0.94606129, 1.00000000, 1.00000000, 1.00000000
0.131313131313, 0.515151515152, 0.93441788, 1.00000000, 1.00000000, 1.00000000
0.131313131313, 0.525252525253, 0.92304146, 1.00000000, 1.00000000, 1.00000000
0.131313131313, 0.535353535354, 0.91197767, 1.00000000, 1.00000000, 1.00000000
0.131313131313, 0.545454545455, 0.90127081, 1.00000000, 1.00000000, 1.00000000
0.131313131313, 0.555555555556, 0.89096373, 1.00000000, 1.00000000, 1.00000000
0.131313131313, 0.565656565657, 0.88109763, 1.00000000, 1.00000000, 1.00000000
0.131313131313, 0.575757575758, 0.87171192, 1.00000000, 1.00000000, 1.00000000
0.131313131313, 0.585858585859, 0.86284403, 1.00000000, 1.00000000, 1.00000000
0.131313131313, 0.595959595960, 0.85452932, 1.00000000, 1.00000000, 1.00000000
0.131313131313, 0.606060606061, 0.84680089, 1.00000000, 1.00000000, 1.00000000
0.131313131313, 0.616161616162, 0.83968948, 1.00000000, 1.00000000, 1.00000000
0.131313131313, 0.626262626263, 0.83322338, 1.00000000, 1.00000000, 1.00000000
0.131313131313, 0.636363636364, 0.82742828, 1.00000000, 1.00000000, 1.00000000
0.131313131313, 0.646464646465, 0.82232719, 1.00000000, 1.00000000, 1.00000000
0.131313131313, 0.656565656566, 0.81794038, 1.00000000, 1.00000000, 1.00000000
0.131313131313, 0.666666666667, 0.81428527, 1.00000000, 1.00000000, 1.00000000
0.131313131313, 0.676767676768, 0.81137642, 1.00000000, 1.00000000, 1.00000000
0.131313131313, 0.686868686869, 0.80922542, 1.00000000, 1.00000000, 1.00000000
0.131313131313, 0.696969696970, 0.80784089, 1.00000000, 1.00000000, 1.00000000
0.131313131313, 0.707070707071, 0.80722844, 1.00000000, 1.00000000, 1.00000000
0.131313131313, 0.717171717172, 0.80739053, 1.00000000, 1.00000000, 1.00000000
0.131313131313, 0.727272727273, 0.80832647, 1.00000000, 1.00000000, 1.00000000
0.131313131313, 0.737373737374, 0.81003247, 1.00000000, 1.00000000, 1.00000000
0.131313131313, 0.747474747475, 0.81250176, 1.00000000, 1.00000000, 1.00000000
0.131313131313, 0.757575757576, 0.81572453, 1.00000000, 1.00000000, 1.00000000
0.131313131313, 0.767676767677, 0.81968801, 1.00000000, 1.00000000, 1.00000000
0.131313131313, 0.777777777778, 0.82437650, 1.00000000, 1.00000000, 1.00000000
0.131313131313, 0.787878787879, 0.82977142, 1.00000000, 1.00000000, 1.00000000
0.131313131313, 0.797979797980, 0.83585138, 1.00000000, 1.00000000, 1.00000000
0.131313131313, 0.808080808081, 0.84259225, 1.00000000, 1.00000000, 1.00000000
0.131313131313, 0.818181818182, 0.84996725, 1.00000000, 1.00000000, 1.00000000
0.131313131313, 0.828282828283, 0.85794707, 1.00000000, 1.00000000, 1.00000000
0.131313131313, 0.838383838384, 0.86649992, 1.00000000, 1.00000000, 1.00000000
0.131313131313, 0.848484848485, 0.87559174, 1.00000000, 1.00000000, 1.00000000
0.131313131313, 0.858585858586, 0.88518626, 1.00000000, 1.00000000, 1.00000000
0.131313131313, 0.868686868687, 0.89524514, 1.00000000, 1.00000000, 1.00000000
0.131313131313, 0.878787878788, 0.90572818, 1.00000000, 1.00000000, 1.00000000
0.131313131313, 0.888888888889, 0.91659342, 1.00000000, 1.00000000, 1.00000000
0.131313131313, 0.898989898990, 0.92779730, 1.00000000, 1.00000000, 1.00000000
0.131313131313, 0.909090909091, 0.93929490, 1.00000000, 1.00000000, 1.00000000
0.131313131313, 0.919191919192, 0.95104001, 1.00000000, 1.00000000, 1.00000000
0.131313131313, 0.929292929293, 0.96298529, 1.00000000, 1.00000000, 1.00000000
0.131313131313, 0.939393939394, 0.97508224, 1.00000000, 1.00000000, 1.00000000
0.131313131313, 0.949494949495, 0.98728073, 1.00000000, 1.00000000, 1.00000000
0.131313131313, 0.959595959596, 0.99952774, 1.00000000, 1.00000000, 1.00000000
0.141414141414, -0.000000000000, 1.07058840, 1.00000000, 1.00000000, 1.00000000
0.141414141414, 0.010101010101, 1.08121646, 1.00000000, 1.00000000, 1.00000000
0.141414141414, 0.020202020202, 1.09127526, 1.00000000, 1.00000000, 1.00000000
0.141414141414, 0.030303030303, 1.10077017, 1.00000000, 1.00000000, 1.00000000
0.141414141414, 0.040404040404, 1.10977393, 1.00000000, 1.00000000, 1.00000000
0.141414141414, 0.050505050505, 1.11839996, 1.00000000, 1.00000000, 1.00000000
0.141414141414, 0.060606060606, 1.12675504, 1.00000000, 1.00000000, 1.00000000
0.141414141414, 0.070707070707, 1.13489539, 1.00000000, 1.00000000, 1.00000000
0.141414141414, 0.080808080808, 1.14280749, 1.00000000, 1.00000000, 1.00000000
0.141414141414, 0.090909090909, 1.15041915, 1.00000000, 1.00000000, 1.00000000
0.141414141414, 0.101010101010, 1.15762850, 1.00000000, 1.00000000, 1.00000000
0.141414141414, 0.111111111111, 1.16433340, 1.00000000, 1.00000000, 1.00000000
0.141414141414, 0.121212121212, 1.17044938, 1.00000000, 1.00000000, 1.00000000
0.141414141414, 0.131313131313, 1.17591457, 1.00000000, 1.00000000, 1.00000000
0.141414141414, 0.141414141414, 1.18068643, 1.00000000, 1.00000000, 1.00000000
0.141414141414, 0.151515151515, 1.18473594, 1.00000000, 1.00000000, 1.00000000
0.141414141414, 0.161616161616, 1.18804269, 1.00000000, 1.00000000, 1.00000000
0.141414141414, 0.171717171717, 1.19059177, 1.00000000, 1.00000000, 1.00000000
0.141414141414, 0.181818181818, 1.19237236, 1.00000000, 1.00000000, 1.00000000
0.141414141414, 0.191919191919, 1.19337707, 1.00000000, 1.00000000, 1.00000000
0.141414141414, 0.202020202020, 1.19360172, 1.00000000, 1.00000000, 1.00000000
0.141414141414, 0.212121212121, 1.19304545, 1.00000000, 1.00000000, 1.00000000
0.141414141414, 0.222222222222, 1.19171061, 1.00000000, 1.00000000, 1.00000000
0.141414141414, 0.232323232323, 1.18960268, 1.00000000, 1.00000000, 1.00000000
0.141414141414, 0.242424242424, 1.18673025, 1.00000000, 1.00000000, 1.00000000
0.141414141414, 0.252525252525, 1.18310503, 1.00000000, 1.00000000, 1.00000000
0.141414141414, 0.262626262626, 1.17874177, 1.00000000, 1.00000000, 1.00000000
0.141414141414, 0.272727272727, 1.17365820, 1.00000000, 1.00000000, 1.00000000
0.141414141414, 0.282828282828, 1.16787499, 1.00000000, 1.00000000, 1.00000000
0.141414141414, 0.292929292929, 1.16141561, 1.00000000, 1.00000000, 1.00000000
0.141414141414, 0.303030303030, 1.15430629, 1.00000000, 1.00000000, 1.00000000
0.141414141414, 0.313131313131, 1.14657590, 1.00000000, 1.00000000, 1.00000000
0.141414141414, 0.323232323232, 1.13825579, 1.00000000, 1.00000000, 1.00000000
0.141414141414, 0.333333333333, 1.12937972, 1.00000000, 1.00000000, 1.00000000
0.141414141414, 0.343434343434, 1.11998369, 1.00000000, 1.00000000, 1.00000000
0.141414141414, 0.353535353535, 1.11010580, 1.00000000, 1.00000000, 1.00000000
0.141414141414, 0.363636363636, 1.09978608, 1.00000000, 1.00000000, 1.00000000
0.141414141414, 0.373737373737, 1.08906633, 1.00000000, 1.00000000, 1.00000000
0.141414141414, 0.383838383838, 1.07798997, 1.00000000, 1.00000000, 1.00000000
0.141414141414, 0.393939393939, 1.06660183, 1.00000000, 1.00000000, 1.00000000
0.141414141414, 0.404040404040, 1.05494800, 1.00000000, 1.00000000, 1.00000000
0.141414141414, 0.414141414141, 1.04307560, 1.00000000, 1.00000000, 1.00000000
0.141414141414, 0.424242424242, 1.03103261, 1.00000000, 1.00000000, 1.00000000
0.141414141414, 0.434343434343, 1.01886768, 1.00000000, 1.00000000, 1.00000000
0.141414141414, 0.444444444444, 1.00662991, 1.00000000, 1.00000000, 1.00000000
0.141414141414, 0.454545454545, 0.99436867, 1.00000000, 1.00000000, 1.00000000
0.141414141414, 0.464646464646, 0.98213339, 1.00000000, 1.00000000, 1.00000000
0.141414141414, 0.474747474747, 0.96997334, 1.00000000, 1.00000000, 1.00000000
0.141414141414, 0.484848484848, 0.95793746, 1.00000000, 1.00000000, 1.00000000
0.141414141414, 0.494949494949, 0.94607414, 1.00000000, 1.00000000, 1.00000000
0.141414141414, 0.505050505051, 0.93443105, 1.00000000, 1.00000000, 1.00000000
0.141414141414, 0.515151515152, 0.92305491, 1.00000000, 1.00000000, 1.00000000
0.141414141414, 0.525252525253, 0.91199134, 1.00000000, 1.00000000, 1.00000000
0.141414141414, 0.535353535354, 0.90128465, 1.00000000, 1.00000000, 1.00000000
0.141414141414, 0.545454545455, 0.89097768, 1.00000000, 1.00000000, 1.00000000
0.141414141414, 0.555555555556, 0.88111164, 1.00000000, 1.00000000, 1.00000000
0.141414141414, 0.565656565657, 0.87172591, 1.00000000, 1.00000000, 1.00000000
0.141414141414, 0.575757575758, 0.86285795, 1.00000000, 1.00000000, 1.00000000
0.141414141414, 0.585858585859, 0.85454310, 1.00000000, 1.00000000, 1.00000000
0.141414141414, 0.595959595960, 0.84681445, 1.00000000, 1.00000000, 1.00000000
0.141414141414, 0.606060606061, 0.83970277, 1.00000000, 1.00000000, 1.00000000
0.141414141414, 0.616161616162, 0.83323633, 1.00000000, 1.00000000, 1.00000000
0.141414141414, 0.626262626263, 0.82744080, 1.00000000, 1.00000000, 1.00000000
0.141414141414, 0.636363636364, 0.82233923, 1.00000000, 1.00000000, 1.00000000
0.141414141414, 0.646464646465, 0.81795187, 1.00000000, 1.00000000, 1.00000000
0.141414141414, 0.656565656566, 0.81429615, 1.00000000, 1.00000000, 1.00000000
0.141414141414, 0.666666666667, 0.81138662, 1.00000000, 1.00000000, 1.00000000
0.141414141414, 0.676767676768, 0.80923488, 1.00000000, 1.00000000, 1.00000000
0.141414141414, 0.686868686869, 0.80784956, 1.00000000, 1.00000000, 1.00000000
0.141414141414, 0.696969696970, 0.80723627, 1.00000000, 1.00000000, 1.00000000
0.141414141414, 0.707070707071, 0.80739749, 1.00000000, 1.00000000, 1.00000000
0.141414141414, 0.717171717172, 0.80833251, 1.00000000, 1.00000000, 1.00000000
0.141414141414, 0.727272727273, 0.81003757, 1.00000000, 1.00000000, 1.00000000
0.141414141414, 0.737373737374, 0.81250588, 1.00000000, 1.00000000, 1.00000000
0.141414141414, 0.747474747475, 0.81572766, 1.00000000, 1.00000000, 1.00000000
0.141414141414, 0.757575757576, 0.81969014, 1.00000000, 1.00000000, 1.00000000
0.141414141414, 0.767676767677, 0.82437762, 1.00000000, 1.00000000, 1.00000000
0.141414141414, 0.777777777778, 0.82977154, 1.00000000, 1.00000000, 1.00000000
0.141414141414, 0.787878787879, 0.83585051, 1.00000000, 1.00000000, 1.00000000
0.141414141414, 0.797979797980, 0.84259040, 1.00000000, 1.00000000, 1.00000000
0.141414141414, 0.808080808081, 0.84996444, 1.00000000, 1.00000000, 1.00000000
0.141414141414, 0.818181818182, 0.85794332, 1.00000000, 1.00000000, 1.00000000
0.141414141414, 0.828282828283, 0.86649528, 1.00000000, 1.00000000, 1.00000000
0.141414141414, 0.838383838384, 0.87558624, 1.00000000, 1.00000000, 1.00000000
0.141414141414, 0.848484848485, 0.88517994, 1.00000000, 1.00000000, 1.00000000
0.141414141414, 0.858585858586, 0.89523805, 1.00000000, 1.00000000, 1.00000000
0.141414141414, 0.868686868687, 0.90572037, 1.00000000, 1.00000000, 1.00000000
0.141414141414, 0.878787878788, 0.91658493, 1.00000000, 1.00000000, 1.00000000
0.141414141414, 0.888888888889, 0.92778821, 1.00000000, 1.00000000, 1.00000000
0.141414141414, 0.898989898990, 0.93928525, 1.00000000, 1.00000000, 1.00000000
0.141414141414, 0.909090909091, 0.95102990, 1.00000000, 1.00000000, 1.00000000
0.141414141414, 0.919191919192, 0.96297492, 1.00000000, 1.00000000, 1.00000000
0.141414141414, 0.929292929293, 0.97507213, 1.00000000, 1.00000000, 1.00000000
0.141414141414, 0.939393939394, 0.98727240, 1.00000000, 1.00000000, 1.00000000
0.141414141414, 0.949494949495, 0.99952524, 1.00000000, 1.00000000, 1.00000000
0.141414141414, 0.959595959596, 1.01177758, 1.00000000, 1.00000000, 1.00000000
0.151515151515, -0.000000000000, 1.08189687, 1.00000000, 1.00000000, 1.00000000
0.151515151515, 0.010101010101, 1.09222914, 1.00000000, 1.00000000, 1.00000000
0.151515151515, 0.020202020202, 1.10196254, 1.00000000, 1.00000000, 1.00000000
0.151515151515, 0.030303030303, 1.11110353, 1.00000000, 1.00000000, 1.00000000
0.151515151515, 0.040404040404, 1.11972311, 1.00000000, 1.00000000, 1.00000000
0.151515151515, 0.050505050505, 1.12793073, 1.00000000, 1.00000000, 1.00000000
0.151515151515, 0.060606060606, 1.13582850, 1.00000000, 1.00000000, 1.00000000
0.151515151515, 0.070707070707, 1.14346913, 1.00000000, 1.00000000, 1.00000000
0.151515151515, 0.080808080808, 1.15083816, 1.00000000, 1.00000000, 1.00000000
0.151515151515, 0.090909090909, 1.15786519, 1.00000000, 1.00000000, 1.00000000
0.151515151515, 0.101010101010, 1.16445219, 1.00000000, 1.00000000, 1.00000000
0.151515151515, 0.111111111111, 1.17050175, 1.00000000, 1.00000000, 1.00000000
0.151515151515, 0.121212121212, 1.17593415, 1.00000000, 1.00000000, 1.00000000
0.151515151515, 0.131313131313, 1.18069180, 1.00000000, 1.00000000, 1.00000000
0.151515151515, 0.141414141414, 1.18473594, 1.00000000, 1.00000000, 1.00000000
0.151515151515, 0.151515151515, 1.18804097, 1.00000000, 1.00000000, 1.00000000
0.151515151515, 0.161616161616, 1.19058966, 1.00000000, 1.00000000, 1.00000000
0.151515151515, 0.171717171717, 1.19237028, 1.00000000, 1.00000000, 1.00000000
0.151515151515, 0.181818181818, 1.19337514, 1.00000000, 1.00000000, 1.00000000
0.151515151515, 0.191919191919, 1.19359997, 1.00000000, 1.00000000, 1.00000000
0.151515151515, 0.202020202020, 1.19304390, 1.00000000, 1.00000000, 1.00000000
0.151515151515, 0.212121212121, 1.19170926, 1.00000000, 1.00000000, 1.00000000
0.151515151515, 0.222222222222, 1.18960153, 1.00000000, 1.00000000, 1.00000000
0.151515151515, 0.232323232323, 1.18672931, 1.00000000, 1.00000000, 1.00000000
0.151515151515, 0.242424242424, 1.18310430, 1.00000000, 1.00000000, 1.00000000
0.151515151515, 0.252525252525, 1.17874126, 1.00000000, 1.00000000, 1.00000000
0.151515151515, 0.262626262626, 1.17365791, 1.00000000, 1.00000000, 1.00000000
0.151515151515, 0.272727272727, 1.16787492, 1.00000000, 1.00000000, 1.00000000
0.151515151515, 0.282828282828, 1.16141576, 1.00000000, 1.00000000, 1.00000000
0.151515151515, 0.292929292929, 1.15430667, 1.00000000, 1.00000000, 1.00000000
0.151515151515, 0.303030303030, 1.14657650, 1.00000000, 1.00000000, 1.00000000
0.151515151515, 0.313131313131, 1.13825661, 1.00000000, 1.00000000, 1.00000000
0.151515151515, 0.323232323232, 1.12938078, 1.00000000, 1.00000000, 1.00000000
0.151515151515, 0.333333333333, 1.11998498, 1.00000000, 1.00000000, 1.00000000
0.151515151515, 0.343434343434, 1.11010731, 1.00000000, 1.00000000, 1.00000000
0.151515151515, 0.353535353535, 1.09978781, 1.00000000, 1.00000000, 1.00000000
0.151515151515, 0.363636363636, 1.08906829, 1.00000000, 1.00000000, 1.00000000
0.151515151515, 0.373737373737, 1.07799216, 1.00000000, 1.00000000, 1.00000000
0.151515151515, 0.383838383838, 1.06660424, 1.00000000, 1.00000000, 1.00000000
0.151515151515, 0.393939393939, 1.05495063, 1.00000000, 1.00000000, 1.00000000
0.151515151515, 0.404040404040, 1.04307844, 1.00000000, 1.00000000, 1.00000000
0.151515151515, 0.414141414141, 1.03103566, 1.00000000, 1.00000000, 1.00000000
0.151515151515, 0.424242424242, 1.01887093, 1.00000000, 1.00000000, 1.00000000
0.151515151515, 0.434343434343, 1.00663336, 1.00000000, 1.00000000, 1.00000000
0.151515151515, 0.444444444444, 0.99437232, 1.00000000, 1.00000000, 1.00000000
0.151515151515, 0.454545454545, 0.98213721, 1.00000000, 1.00000000, 1.00000000
0.151515151515, 0.464646464646, 0.96997733, 1.00000000, 1.00000000, 1.00000000
0.151515151515, 0.474747474747, 0.95794161, 1.00000000, 1.00000000, 1.00000000
0.151515151515, 0.484848484848, 0.94607845, 1.00000000, 1.00000000, 1.00000000
0.151515151515, 0.494949494949, 0.93443549, 1.00000000, 1.00000000, 1.00000000
0.151515151515, 0.505050505051, 0.92305947, 1.00000000, 1.00000000, 1.00000000
0.151515151515, 0.515151515152, 0.91199601, 1.00000000, 1.00000000, 1.00000000
0.151515151515, 0.525252525253, 0.90128940, 1.00000000, 1.00000000, 1.00000000
0.151515151515, 0.535353535354, 0.89098250, 1.00000000, 1.00000000, 1.00000000
0.151515151515, 0.545454545455, 0.88111650, 1.00000000, 1.00000000, 1.00000000
0.151515151515, 0.555555555556, 0.87173080, 1.00000000, 1.00000000, 1.00000000
0.151515151515, 0.565656565657, 0.86286285, 1.00000000, 1.00000000, 1.00000000
0.151515151515, 0.575757575758, 0.85454797, 1.00000000, 1.00000000, 1.00000000
0.151515151515, 0.585858585859, 0.84681929, 1.00000000, 1.00000000, 1.00000000
0.151515151515, 0.595959595960, 0.83970754, 1.00000000, 1.00000000, 1.00000000
0.151515151515, 0.606060606061, 0.83324100, 1.00000000, 1.00000000, 1.00000000
0.151515151515, 0.616161616162, 0.82744536, 1.00000000, 1.00000000, 1.00000000
0.151515151515, 0.626262626263, 0.82234364, 1.00000000, 1.00000000, 1.00000000
0.151515151515, 0.636363636364, 0.81795611, 1.00000000, 1.00000000, 1.00000000
0.151515151515, 0.646464646465, 0.81430019, 1.00000000, 1.00000000, 1.00000000
0.151515151515, 0.656565656566, 0.81139044, 1.00000000, 1.00000000, 1.00000000
0.151515151515, 0.666666666667, 0.80923847, 1.00000000, 1.00000000, 1.00000000
0.151515151515, 0.676767676768, 0.80785288, 1.00000000, 1.00000000, 1.00000000
0.151515151515, 0.686868686869, 0.80723931, 1.00000000, 1.00000000, 1.00000000
0.151515151515, 0.696969696970, 0.80740023, 1.00000000, 1.00000000, 1.00000000
0.151515151515, 0.707070707071, 0.80833493, 1.00000000, 1.00000000, 1.00000000
0.151515151515, 0.717171717172, 0.81003966, 1.00000000, 1.00000000, 1.00000000
0.151515151515, 0.727272727273, 0.81250763, 1.00000000, 1.00000000, 1.00000000
0.151515151515, 0.737373737374, 0.81572906, 1.00000000, 1.00000000, 1.00000000
0.151515151515, 0.747474747475, 0.81969119, 1.00000000, 1.00000000, 1.00000000
0.151515151515, 0.757575757576, 0.82437832, 1.00000000, 1.00000000, 1.00000000
0.151515151515, 0.767676767677, 0.82977188, 1.00000000, 1.00000000, 1.00000000
0.151515151515, 0.777777777778, 0.83585049, 1.00000000, 1.00000000, 1.00000000
0.151515151515, 0.787878787879, 0.84259002, 1.00000000, 1.00000000, 1.00000000
0.151515151515, 0.797979797980, 0.84996372, 1.00000000, 1.00000000, 1.00000000
0.151515151515, 0.808080808081, 0.85794227, 1.00000000, 1.00000000, 1.00000000
0.151515151515, 0.818181818182, 0.86649391, 1.00000000, 1.00000000, 1.00000000
0.151515151515, 0.828282828283, 0.87558456, 1.00000000, 1.00000000, 1.00000000
0.151515151515, 0.838383838384, 0.88517796, 1.00000000, 1.00000000, 1.00000000
0.151515151515, 0.848484848485, 0.89523579, 1.00000000, 1.00000000, 1.00000000
0.151515151515, 0.858585858586, 0.90571785, 1.00000000, 1.00000000, 1.00000000
0.151515151515, 0.868686868687, 0.91658217, 1.00000000, 1.00000000, 1.00000000
0.151515151515, 0.878787878788, 0.92778522, 1.00000000, 1.00000000, 1.00000000
0.151515151515, 0.888888888889, 0.93928207, 1.00000000, 1.00000000, 1.00000000
0.151515151515, 0.898989898990, 0.95102654, 1.00000000, 1.00000000, 1.00000000
0.151515151515, 0.909090909091, 0.96297144, 1.00000000, 1.00000000, 1.00000000
0.151515151515, 0.919191919192, 0.97506868, 1.00000000, 1.00000000, 1.00000000
0.151515151515, 0.929292929293, 0.98726945, 1.00000000, 1.00000000, 1.00000000
0.151515151515, 0.939393939394, 0.99952418, 1.00000000, 1.00000000, 1.00000000
0.151515151515, 0.949494949495, 1.01178220, 1.00000000, 1.00000000, 1.00000000
0.151515151515, 0.959595959596, 1.02399062, 1.00000000, 1.00000000, 1.00000000
0.161616161616, -0.000000000000, 1.09287989, 1.00000000, 1.00000000, 1.00000000
0.161616161616, 0.010101010101, 1.10287448, 1.00000000, 1.00000000, 1.00000000
0.161616161616, 0.020202020202, 1.11224311, 1.00000000, 1.00000000, 1.00000000
0.161616161616, 0.030303030303, 1.12099329, 1.00000000, 1.00000000, 1.00000000
0.161616161616, 0.040404040404, 1.12919399, 1.00000000, 1.00000000, 1.00000000
0.161616161616, 0.050505050505, 1.13695014, 1.00000000, 1.00000000, 1.00000000
0.161616161616, 0.060606060606, 1.14435868, 1.00000000, 1.00000000, 1.00000000
0.161616161616, 0.070707070707, 1.15146860, 1.00000000, 1.00000000, 1.00000000
0.161616161616, 0.080808080808, 1.15826455, 1.00000000, 1.00000000, 1.00000000
0.161616161616, 0.090909090909, 1.16467827, 1.00000000, 1.00000000, 1.00000000
0.161616161616, 0.101010101010, 1.17061601, 1.00000000, 1.00000000, 1.00000000
0.161616161616, 0.111111111111, 1.17598552, 1.00000000, 1.00000000, 1.00000000
0.161616161616, 0.121212121212, 1.18071215, 1.00000000, 1.00000000, 1.00000000
0.161616161616, 0.131313131313, 1.18474281, 1.00000000, 1.00000000, 1.00000000
0.161616161616, 0.141414141414, 1.18804269, 1.00000000, 1.00000000, 1.00000000
0.161616161616, 0.151515151515, 1.19058966, 1.00000000, 1.00000000, 1.00000000
0.161616161616, 0.161616161616, 1.19236980, 1.00000000, 1.00000000, 1.00000000
0.161616161616, 0.171717171717, 1.19337457, 1.00000000, 1.00000000, 1.00000000
0.161616161616, 0.181818181818, 1.19359942, 1.00000000, 1.00000000, 1.00000000
0.161616161616, 0.191919191919, 1.19304341, 1.00000000, 1.00000000, 1.00000000
0.161616161616, 0.202020202020, 1.19170882, 1.00000000, 1.00000000, 1.00000000
0.161616161616, 0.212121212121, 1.18960115, 1.00000000, 1.00000000, 1.00000000
0.161616161616, 0.222222222222, 1.18672899, 1.00000000, 1.00000000, 1.00000000
0.161616161616, 0.232323232323, 1.18310404, 1.00000000, 1.00000000, 1.00000000
0.161616161616, 0.242424242424, 1.17874106, 1.00000000, 1.00000000, 1.00000000
0.161616161616, 0.252525252525, 1.17365777, 1.00000000, 1.00000000, 1.00000000
0.161616161616, 0.262626262626, 1.16787484, 1.00000000, 1.00000000, 1.00000000
0.161616161616, 0.272727272727, 1.16141575, 1.00000000, 1.00000000, 1.00000000
0.161616161616, 0.282828282828, 1.15430672, 1.00000000, 1.00000000, 1.00000000
0.161616161616, 0.292929292929, 1.14657662, 1.00000000, 1.00000000, 1.00000000
0.161616161616, 0.303030303030, 1.13825680, 1.00000000, 1.00000000, 1.00000000
0.161616161616, 0.313131313131, 1.12938103, 1.00000000, 1.00000000, 1.00000000
0.161616161616, 0.323232323232, 1.11998530, 1.00000000, 1.00000000, 1.00000000
0.161616161616, 0.333333333333, 1.11010770, 1.00000000, 1.00000000, 1.00000000
0.161616161616, 0.343434343434, 1.09978827, 1.00000000, 1.00000000, 1.00000000
0.161616161616, 0.353535353535, 1.08906882, 1.00000000, 1.00000000, 1.00000000
0.161616161616, 0.363636363636, 1.07799275, 1.00000000, 1.00000000, 1.00000000
0.161616161616, 0.373737373737, 1.06660491, 1.00000000, 1.00000000, 1.00000000
0.161616161616, 0.383838383838, 1.05495136, 1.00000000, 1.00000000, 1.00000000
0.161616161616, 0.393939393939, 1.04307924, 1.00000000, 1.00000000, 1.00000000
0.161616161616, 0.404040404040, 1.03103653, 1.00000000, 1.00000000, 1.00000000
0.161616161616, 0.414141414141, 1.01887186, 1.00000000, 1.00000000, 1.00000000
0.161616161616, 0.424242424242, 1.00663436, 1.00000000, 1.00000000, 1.00000000
0.161616161616, 0.434343434343, 0.99437337, 1.00000000, 1.00000000, 1.00000000
0.161616161616, 0.444444444444, 0.98213833, 1.00000000, 1.00000000, 1.00000000
0.161616161616, 0.454545454545, 0.96997851, 1.00000000, 1.00000000, 1.00000000
0.161616161616, 0.464646464646, 0.95794284, 1.00000000, 1.00000000, 1.00000000
0.161616161616, 0.474747474747, 0.94607973, 1.00000000, 1.00000000, 1.00000000
0.161616161616, 0.484848484848, 0.93443682, 1.00000000, 1.00000000, 1.00000000
0.161616161616, 0.494949494949, 0.92306085, 1.00000000, 1.00000000, 1.00000000
0.161616161616, 0.505050505051, 0.91199742, 1.00000000, 1.00000000, 1.00000000
0.161616161616, 0.515151515152, 0.90129085, 1.00000000, 1.00000000, 1.00000000
0.161616161616, 0.525252525253, 0.89098398, 1.00000000, 1.00000000, 1.00000000
0.161616161616, 0.535353535354, 0.88111801, 1.00000000, 1.00000000, 1.00000000
0.161616161616, 0.545454545455, 0.87173233, 1.00000000, 1.00000000, 1.00000000
0.161616161616, 0.555555555556, 0.86286438, 1.00000000, 1.00000000, 1.00000000
0.161616161616, 0.565656565657, 0.85454951, 1.00000000, 1.00000000, 1.00000000
0.161616161616, 0.575757575758, 0.84682082, 1.00000000, 1.00000000, 1.00000000
0.161616161616, 0.585858585859, 0.83970906, 1.00000000, 1.00000000, 1.00000000
0.161616161616, 0.595959595960, 0.83324250, 1.00000000, 1.00000000, 1.00000000
0.161616161616, 0.606060606061, 0.82744683, 1.00000000, 1.00000000, 1.00000000
0.161616161616, 0.616161616162, 0.82234507, 1.00000000, 1.00000000, 1.00000000
0.161616161616, 0.626262626263, 0.81795750, 1.00000000, 1.00000000, 1.00000000
0.161616161616, 0.636363636364, 0.81430153, 1.00000000, 1.00000000, 1.00000000
0.161616161616, 0.646464646465, 0.81139172, 1.00000000, 1.00000000, 1.00000000
0.161616161616, 0.656565656566, 0.80923967, 1.00000000, 1.00000000, 1.00000000
0.161616161616, 0.666666666667, 0.80785401, 1.00000000, 1.00000000, 1.00000000
0.161616161616, 0.676767676768, 0.80724035, 1.00000000, 1.00000000, 1.00000000
0.161616161616, 0.686868686869, 0.80740118, 1.00000000, 1.00000000, 1.00000000
0.161616161616, 0.696969696970, 0.80833579, 1.00000000, 1.00000000, 1.00000000
0.161616161616, 0.707070707071, 0.81004041, 1.00000000, 1.00000000, 1.00000000
0.161616161616, 0.717171717172, 0.81250828, 1.00000000, 1.00000000, 1.00000000
0.161616161616, 0.727272727273, 0.81572960, 1.00000000, 1.00000000, 1.00000000
0.161616161616, 0.737373737374, 0.81969162, 1.00000000, 1.00000000, 1.00000000
0.161616161616, 0.747474747475, 0.82437863, 1.00000000, 1.00000000, 1.00000000
0.161616161616, 0.757575757576, 0.82977208, 1.00000000, 1.00000000, 1.00000000
0.161616161616, 0.767676767677, 0.83585057, 1.00000000, 1.00000000, 1.00000000
0.161616161616, 0.777777777778, 0.84259000, 1.00000000, 1.00000000, 1.00000000
0.161616161616, 0.787878787879, 0.84996359, 1.00000000, 1.00000000, 1.00000000
0.161616161616, 0.797979797980, 0.85794203, 1.00000000, 1.00000000, 1.00000000
0.161616161616, 0.808080808081, 0.86649356, 1.00000000, 1.00000000, 1.00000000
0.161616161616, 0.818181818182, 0.87558411, 1.00000000, 1.00000000, 1.00000000
0.161616161616, 0.828282828283, 0.88517741, 1.00000000, 1.00000000, 1.00000000
0.161616161616, 0.838383838384, 0.89523516, 1.00000000, 1.00000000, 1.00000000
0.161616161616, 0.848484848485, 0.90571713, 1.00000000, 1.00000000, 1.00000000
0.161616161616, 0.858585858586, 0.91658137, 1.00000000, 1.00000000, 1.00000000
0.161616161616, 0.868686868687, 0.92778435, 1.00000000, 1.00000000, 1.00000000
0.161616161616, 0.878787878788, 0.93928113, 1.00000000, 1.00000000, 1.00000000
0.161616161616, 0.888888888889, 0.95102555, 1.00000000, 1.00000000, 1.00000000
0.161616161616, 0.898989898990, 0.96297041, 1.00000000, 1.00000000, 1.00000000
0.161616161616, 0.909090909091, 0.97506764, 1.00000000, 1.00000000, 1.00000000
0.161616161616, 0.919191919192, 0.98726852, 1.00000000, 1.00000000, 1.00000000
0.161616161616, 0.929292929293, 0.99952379, 1.00000000, 1.00000000, 1.00000000
0.161616161616, 0.939393939394, 1.01178365, 1.00000000, 1.00000000, 1.00000000
0.161616161616, 0.949494949495, 1.02399747, 1.00000000, 1.00000000, 1.00000000
0.161616161616, 0.959595959596, 1.03611273, 1.00000000, 1.00000000, 1.00000000
0.171717171717, -0.000000000000, 1.10349100, 1.00000000, 1.00000000, 1.00000000
0.171717171717, 0.010101010101, 1.11310738, 1.00000000, 1.00000000, 1.00000000
0.171717171717, 0.020202020202, 1.12207334, 1.00000000, 1.00000000, 1.00000000
0.171717171717, 0.030303030303, 1.13039743, 1.00000000, 1.00000000, 1.00000000
0.171717171717, 0.040404040404, 1.13814624, 1.00000000, 1.00000000, 1.00000000
0.171717171717, 0.050505050505, 1.14541969, 1.00000000, 1.00000000, 1.00000000
0.171717171717, 0.060606060606, 1.15230911, 1.00000000, 1.00000000, 1.00000000
0.171717171717, 0.070707070707, 1.15885949, 1.00000000, 1.00000000, 1.00000000
0.171717171717, 0.080808080808, 1.16505472, 1.00000000, 1.00000000, 1.00000000
0.171717171717, 0.090909090909, 1.17082899, 1.00000000, 1.00000000, 1.00000000
0.171717171717, 0.101010101010, 1.17609324, 1.00000000, 1.00000000, 1.00000000
0.171717171717, 0.111111111111, 1.18076080, 1.00000000, 1.00000000, 1.00000000
0.171717171717, 0.121212121212, 1.18476238, 1.00000000, 1.00000000, 1.00000000
0.171717171717, 0.131313131313, 1.18804963, 1.00000000, 1.00000000, 1.00000000
0.171717171717, 0.141414141414, 1.19059177, 1.00000000, 1.00000000, 1.00000000
0.171717171717, 0.151515151515, 1.19237028, 1.00000000, 1.00000000, 1.00000000
0.171717171717, 0.161616161616, 1.19337457, 1.00000000, 1.00000000, 1.00000000
0.171717171717, 0.171717171717, 1.19359931, 1.00000000, 1.00000000, 1.00000000
0.171717171717, 0.181818181818, 1.19304327, 1.00000000, 1.00000000, 1.00000000
0.171717171717, 0.191919191919, 1.19170870, 1.00000000, 1.00000000, 1.00000000
0.171717171717, 0.202020202020, 1.18960104, 1.00000000, 1.00000000, 1.00000000
0.171717171717, 0.212121212121, 1.18672889, 1.00000000, 1.00000000, 1.00000000
0.171717171717, 0.222222222222, 1.18310396, 1.00000000, 1.00000000, 1.00000000
0.171717171717, 0.232323232323, 1.17874099, 1.00000000, 1.00000000, 1.00000000
0.171717171717, 0.242424242424, 1.17365773, 1.00000000, 1.00000000, 1.00000000
0.171717171717, 0.252525252525, 1.16787481, 1.00000000, 1.00000000, 1.00000000
0.171717171717, 0.262626262626, 1.16141573, 1.00000000, 1.00000000, 1.00000000
0.171717171717, 0.272727272727, 1.15430672, 1.00000000, 1.00000000, 1.00000000
0.171717171717, 0.282828282828, 1.14657663, 1.00000000, 1.00000000, 1.00000000
0.171717171717, 0.292929292929, 1.13825684, 1.00000000, 1.00000000, 1.00000000
0.171717171717, 0.303030303030, 1.12938108, 1.00000000, 1.00000000, 1.00000000
0.171717171717, 0.313131313131, 1.11998537, 1.00000000, 1.00000000, 1.00000000
0.171717171717, 0.323232323232, 1.11010779, 1.00000000, 1.00000000, 1.00000000
0.171717171717, 0.333333333333, 1.09978838, 1.00000000, 1.00000000, 1.00000000
0.171717171717, 0.343434343434, 1.08906894, 1.00000000, 1.00000000, 1.00000000
0.171717171717, 0.353535353535, 1.07799289, 1.00000000, 1.00000000, 1.00000000
0.171717171717, 0.363636363636, 1.06660507, 1.00000000, 1.00000000, 1.00000000
0.171717171717, 0.373737373737, 1.05495154, 1.00000000, 1.00000000, 1.00000000
0.171717171717, 0.383838383838, 1.04307944, 1.00000000, 1.00000000, 1.00000000
0.171717171717, 0.393939393939, 1.03103674, 1.00000000, 1.00000000, 1.00000000
0.171717171717, 0.404040404040, 1.01887210, 1.00000000, 1.00000000, 1.00000000
0.171717171717, 0.414141414141, 1.00663461, 1.00000000, 1.00000000, 1.00000000
0.171717171717, 0.424242424242, 0.99437364, 1.00000000, 1.00000000, 1.00000000
0.171717171717, 0.434343434343, 0.98213862, 1.00000000, 1.00000000, 1.00000000
0.171717171717, 0.444444444444, 0.96997881, 1.00000000, 1.00000000, 1.00000000
0.171717171717, 0.454545454545, 0.95794317, 1.00000000, 1.00000000, 1.00000000
0.171717171717, 0.464646464646, 0.94608007, 1.00000000, 1.00000000, 1.00000000
0.171717171717, 0.474747474747, 0.93443718, 1.00000000, 1.00000000, 1.00000000
0.171717171717, 0.484848484848, 0.92306122, 1.00000000, 1.00000000, 1.00000000
0.171717171717, 0.494949494949, 0.91199780, 1.00000000, 1.00000000, 1.00000000
0.171717171717, 0.505050505051, 0.90129124, 1.00000000, 1.00000000, 1.00000000
0.171717171717, 0.515151515152, 0.89098438, 1.00000000, 1.00000000, 1.00000000
0.171717171717, 0.525252525253, 0.88111842, 1.00000000, 1.00000000, 1.00000000
0.171717171717, 0.535353535354, 0.87173275, 1.00000000, 1.00000000, 1.00000000
0.171717171717, 0.545454545455, 0.86286481, 1.00000000, 1.00000000, 1.00000000
0.171717171717, 0.555555555556, 0.85454994, 1.00000000, 1.00000000, 1.00000000
0.171717171717, 0.565656565657, 0.84682125, 1.00000000, 1.00000000, 1.00000000
0.171717171717, 0.575757575758, 0.83970949, 1.00000000, 1.00000000, 1.00000000
0.171717171717, 0.585858585859, 0.83324292, 1.00000000, 1.00000000, 1.00000000
0.171717171717, 0.595959595960, 0.82744725, 1.00000000, 1.00000000, 1.00000000
0.171717171717, 0.606060606061, 0.82234549, 1.00000000, 1.00000000, 1.00000000
0.171717171717, 0.616161616162, 0.81795790, 1.00000000, 1.00000000, 1.00000000
0.171717171717, 0.626262626263, 0.81430192, 1.00000000, 1.00000000, 1.00000000
0.171717171717, 0.636363636364, 0.81139210, 1.00000000, 1.00000000, 1.00000000
0.171717171717, 0.646464646465, 0.80924003, 1.00000000, 1.00000000, 1.00000000
0.171717171717, 0.656565656566, 0.80785435, 1.00000000, 1.00000000, 1.00000000
0.171717171717, 0.666666666667, 0.80724067, 1.00000000, 1.00000000, 1.00000000
0.171717171717, 0.676767676768, 0.80740147, 1.00000000, 1.00000000, 1.00000000
0.171717171717, 0.686868686869, 0.80833605, 1.00000000, 1.00000000, 1.00000000
0.171717171717, 0.696969696970, 0.81004065, 1.00000000, 1.00000000, 1.00000000
0.171717171717, 0.707070707071, 0.81250849, 1.00000000, 1.00000000, 1.00000000
0.171717171717, 0.717171717172, 0.81572978, 1.00000000, 1.00000000, 1.00000000
0.171717171717, 0.727272727273, 0.81969177, 1.00000000, 1.00000000, 1.00000000
0.171717171717, 0.737373737374, 0.82437875, 1.00000000, 1.00000000, 1.00000000
0.171717171717, 0.747474747475, 0.82977216, 1.00000000, 1.00000000, 1.00000000
0.171717171717, 0.757575757576, 0.83585062, 1.00000000, 1.00000000, 1.00000000
0.171717171717, 0.767676767677, 0.84259002, 1.00000000, 1.00000000, 1.00000000
0.171717171717, 0.777777777778, 0.84996357, 1.00000000, 1.00000000, 1.00000000
0.171717171717, 0.787878787879, 0.85794198, 1.00000000, 1.00000000, 1.00000000
0.171717171717, 0.797979797980, 0.86649348, 1.00000000, 1.00000000, 1.00000000
0.171717171717, 0.808080808081, 0.87558400, 1.00000000, 1.00000000, 1.00000000
0.171717171717, 0.818181818182, 0.88517728, 1.00000000, 1.00000000, 1.00000000
0.171717171717, 0.828282828283, 0.89523500, 1.00000000, 1.00000000, 1.00000000
0.171717171717, 0.838383838384, 0.90571695, 1.00000000, 1.00000000, 1.00000000
0.171717171717, 0.848484848485, 0.91658117, 1.00000000, 1.00000000, 1.00000000
0.171717171717, 0.858585858586, 0.92778413, 1.00000000, 1.00000000, 1.00000000
0.171717171717, 0.868686868687, 0.93928089, 1.00000000, 1.00000000, 1.00000000
0.171717171717, 0.878787878788, 0.95102529, 1.00000000, 1.00000000, 1.00000000
0.171717171717, 0.888888888889, 0.96297013, 1.00000000, 1.00000000, 1.00000000
0.171717171717, 0.898989898990, 0.97506736, 1.00000000, 1.00000000, 1.00000000
0.171717171717, 0.909090909091, 0.98726827, 1.00000000, 1.00000000, 1.00000000
0.171717171717, 0.919191919192, 0.99952367, 1.00000000, 1.00000000, 1.00000000
0.171717171717, 0.929292929293, 1.01178405, 1.00000000, 1.00000000, 1.00000000
0.171717171717, 0.939393939394, 1.02399959, 1.00000000, 1.00000000, 1.00000000
0.171717171717, 0.949494949495, 1.03611990, 1.00000000, 1.00000000, 1.00000000
0.171717171717, 0.959595959596, 1.04809305, 1.00000000, 1.00000000, 1.00000000
0.181818181818, -0.000000000000, 1.11368658, 1.00000000, 1.00000000, 1.00000000
0.181818181818, 0.010101010101, 1.12288573, 1.00000000, 1.00000000, 1.00000000
0.181818181818, 0.020202020202, 1.13141274, 1.00000000, 1.00000000, 1.00000000
0.181818181818, 0.030303030303, 1.13927718, 1.00000000, 1.00000000, 1.00000000
0.181818181818, 0.040404040404, 1.14654294, 1.00000000, 1.00000000, 1.00000000
0.181818181818, 0.050505050505, 1.15330444, 1.00000000, 1.00000000, 1.00000000
0.181818181818, 0.060606060606, 1.15964693, 1.00000000, 1.00000000, 1.00000000
0.181818181818, 0.070707070707, 1.16561124, 1.00000000, 1.00000000, 1.00000000
0.181818181818, 0.080808080808, 1.17118054, 1.00000000, 1.00000000, 1.00000000
0.181818181818, 0.090909090909, 1.17629181, 1.00000000, 1.00000000, 1.00000000
0.181818181818, 0.101010101010, 1.18086110, 1.00000000, 1.00000000, 1.00000000
0.181818181818, 0.111111111111, 1.18480767, 1.00000000, 1.00000000, 1.00000000
0.181818181818, 0.121212121212, 1.18806789, 1.00000000, 1.00000000, 1.00000000
0.181818181818, 0.131313131313, 1.19059833, 1.00000000, 1.00000000, 1.00000000
0.181818181818, 0.141414141414, 1.19237236, 1.00000000, 1.00000000, 1.00000000
0.181818181818, 0.151515151515, 1.19337514, 1.00000000, 1.00000000, 1.00000000
0.181818181818, 0.161616161616, 1.19359942, 1.00000000, 1.00000000, 1.00000000
0.181818181818, 0.171717171717, 1.19304327, 1.00000000, 1.00000000, 1.00000000
0.181818181818, 0.181818181818, 1.19170867, 1.00000000, 1.00000000, 1.00000000
0.181818181818, 0.191919191919, 1.18960101, 1.00000000, 1.00000000, 1.00000000
0.181818181818, 0.202020202020, 1.18672887, 1.00000000, 1.00000000, 1.00000000
0.181818181818, 0.212121212121, 1.18310394, 1.00000000, 1.00000000, 1.00000000
0.181818181818, 0.222222222222, 1.17874098, 1.00000000, 1.00000000, 1.00000000
0.181818181818, 0.232323232323, 1.17365771, 1.00000000, 1.00000000, 1.00000000
0.181818181818, 0.242424242424, 1.16787480, 1.00000000, 1.00000000, 1.00000000
0.181818181818, 0.252525252525, 1.16141573, 1.00000000, 1.00000000, 1.00000000
0.181818181818, 0.262626262626, 1.15430672, 1.00000000, 1.00000000, 1.00000000
0.181818181818, 0.272727272727, 1.14657664, 1.00000000, 1.00000000, 1.00000000
0.181818181818, 0.282828282828, 1.13825684, 1.00000000, 1.00000000, 1.00000000
0.181818181818, 0.292929292929, 1.12938109, 1.00000000, 1.00000000, 1.00000000
0.181818181818, 0.303030303030, 1.11998538, 1.00000000, 1.00000000, 1.00000000
0.181818181818, 0.313131313131, 1.11010781, 1.00000000, 1.00000000, 1.00000000
0.181818181818, 0.323232323232, 1.09978840, 1.00000000, 1.00000000, 1.00000000
0.181818181818, 0.333333333333, 1.08906897, 1.00000000, 1.00000000, 1.00000000
0.181818181818, 0.343434343434, 1.07799292, 1.00000000, 1.00000000, 1.00000000
0.181818181818, 0.353535353535, 1.06660510, 1.00000000, 1.00000000, 1.00000000
0.181818181818, 0.363636363636, 1.05495158, 1.00000000, 1.00000000, 1.00000000
0.181818181818, 0.373737373737, 1.04307948, 1.00000000, 1.00000000, 1.00000000
0.181818181818, 0.383838383838, 1.03103679, 1.00000000, 1.00000000, 1.00000000
0.181818181818, 0.393939393939, 1.01887215, 1.00000000, 1.00000000, 1.00000000
0.181818181818, 0.404040404040, 1.00663467, 1.00000000, 1.00000000, 1.00000000
0.181818181818, 0.414141414141, 0.99437371, 1.00000000, 1.00000000, 1.00000000
0.181818181818, 0.424242424242, 0.98213868, 1.00000000, 1.00000000, 1.00000000
0.181818181818, 0.434343434343, 0.96997888, 1.00000000, 1.00000000, 1.00000000
0.181818181818, 0.444444444444, 0.95794324, 1.00000000, 1.00000000, 1.00000000
0.181818181818, 0.454545454545, 0.94608015, 1.00000000, 1.00000000, 1.00000000
0.181818181818, 0.464646464646, 0.93443726, 1.00000000, 1.00000000, 1.00000000
0.181818181818, 0.474747474747, 0.92306130, 1.00000000, 1.00000000, 1.00000000
0.181818181818, 0.484848484848, 0.91199789, 1.00000000, 1.00000000, 1.00000000
0.181818181818, 0.494949494949, 0.90129134, 1.00000000, 1.00000000, 1.00000000
0.181818181818, 0.505050505051, 0.89098448, 1.00000000, 1.00000000, 1.00000000
0.181818181818, 0.515151515152, 0.88111852, 1.00000000, 1.00000000, 1.00000000
0.181818181818, 0.525252525253, 0.87173285, 1.00000000, 1.00000000, 1.00000000
0.181818181818, 0.535353535354, 0.86286491, 1.00000000, 1.00000000, 1.00000000
0.181818181818, 0.545454545455, 0.85455004, 1.00000000, 1.00000000, 1.00000000
0.181818181818, 0.555555555556, 0.84682136, 1.00000000, 1.00000000, 1.00000000
0.181818181818, 0.565656565657, 0.83970960, 1.00000000, 1.00000000, 1.00000000
0.181818181818, 0.575757575758, 0.83324303, 1.00000000, 1.00000000, 1.00000000
0.181818181818, 0.585858585859, 0.82744736, 1.00000000, 1.00000000, 1.00000000
0.181818181818, 0.595959595960, 0.82234559, 1.00000000, 1.00000000, 1.00000000
0.181818181818, 0.606060606061, 0.81795800, 1.00000000, 1.00000000, 1.00000000
0.181818181818, 0.616161616162, 0.81430202, 1.00000000, 1.00000000, 1.00000000
0.181818181818, 0.626262626263, 0.81139219, 1.00000000, 1.00000000, 1.00000000
0.181818181818, 0.636363636364, 0.80924013, 1.00000000, 1.00000000, 1.00000000
0.181818181818, 0.646464646465, 0.80785444, 1.00000000, 1.00000000, 1.00000000
0.181818181818, 0.656565656566, 0.80724076, 1.00000000, 1.00000000, 1.00000000
0.181818181818, 0.666666666667, 0.80740155, 1.00000000, 1.00000000, 1.00000000
0.181818181818, 0.676767676768, 0.80833613, 1.00000000, 1.00000000, 1.00000000
0.181818181818, 0.686868686869, 0.81004072, 1.00000000, 1.00000000, 1.00000000
0.181818181818, 0.696969696970, 0.81250855, 1.00000000, 1.00000000, 1.00000000
0.181818181818, 0.707070707071, 0.81572983, 1.00000000, 1.00000000, 1.00000000
0.181818181818, 0.717171717172, 0.81969181, 1.00000000, 1.00000000, 1.00000000
0.181818181818, 0.727272727273, 0.82437878, 1.00000000, 1.00000000, 1.00000000
0.181818181818, 0.737373737374, 0.82977219, 1.00000000, 1.00000000, 1.00000000
0.181818181818, 0.747474747475, 0.83585064, 1.00000000, 1.00000000, 1.00000000
0.181818181818, 0.757575757576, 0.84259003, 1.00000000, 1.00000000, 1.00000000
0.181818181818, 0.767676767677, 0.84996358, 1.00000000, 1.00000000, 1.00000000
0.181818181818, 0.777777777778, 0.85794198, 1.00000000, 1.00000000, 1.00000000
0.181818181818, 0.787878787879, 0.86649347, 1.00000000, 1.00000000, 1.00000000
0.181818181818, 0.797979797980, 0.87558398, 1.00000000, 1.00000000, 1.00000000
0.181818181818, 0.808080808081, 0.88517725, 1.00000000, 1.00000000, 1.00000000
0.181818181818, 0.818181818182, 0.89523497, 1.00000000, 1.00000000, 1.00000000
0.181818181818, 0.828282828283, 0.90571691, 1.00000000, 1.00000000, 1.00000000
0.181818181818, 0.838383838384, 0.91658112, 1.00000000, 1.00000000, 1.00000000
0.181818181818, 0.848484848485, 0.92778408, 1.00000000, 1.00000000, 1.00000000
0.181818181818, 0.858585858586, 0.93928083, 1.00000000, 1.00000000, 1.00000000
0.181818181818, 0.868686868687, 0.95102523, 1.00000000, 1.00000000, 1.00000000
0.181818181818, 0.878787878788, 0.96297007, 1.00000000, 1.00000000, 1.00000000
0.181818181818, 0.888888888889, 0.97506730, 1.00000000, 1.00000000, 1.00000000
0.181818181818, 0.898989898990, 0.98726821, 1.00000000, 1.00000000, 1.00000000
0.181818181818, 0.909090909091, 0.99952364, 1.00000000, 1.00000000, 1.00000000
0.181818181818, 0.919191919192, 1.01178414, 1.00000000, 1.00000000, 1.00000000
0.181818181818, 0.929292929293, 1.02400016, 1.00000000, 1.00000000, 1.00000000
0.181818181818, 0.939393939394, 1.03612207, 1.00000000, 1.00000000, 1.00000000
0.181818181818, 0.949494949495, 1.04809990, 1.00000000, 1.00000000, 1.00000000
0.181818181818, 0.959595959596, 1.05988252, 1.00000000, 1.00000000, 1.00000000
0.191919191919, -0.000000000000, 1.12342514, 1.00000000, 1.00000000, 1.00000000
0.191919191919, 0.010101010101, 1.13216973, 1.00000000, 1.00000000, 1.00000000
0.191919191919, 0.020202020202, 1.14022330, 1.00000000, 1.00000000, 1.00000000
0.191919191919, 0.030303030303, 1.14759638, 1.00000000, 1.00000000, 1.00000000
0.191919191919, 0.040404040404, 1.15434987, 1.00000000, 1.00000000, 1.00000000
0.191919191919, 0.050505050505, 1.16057223, 1.00000000, 1.00000000, 1.00000000
0.191919191919, 0.060606060606, 1.16634219, 1.00000000, 1.00000000, 1.00000000
0.191919191919, 0.070707070707, 1.17169625, 1.00000000, 1.00000000, 1.00000000
0.191919191919, 0.080808080808, 1.17661697, 1.00000000, 1.00000000, 1.00000000
0.191919191919, 0.090909090909, 1.18104438, 1.00000000, 1.00000000, 1.00000000
0.191919191919, 0.101010101010, 1.18490006, 1.00000000, 1.00000000, 1.00000000
0.191919191919, 0.111111111111, 1.18810953, 1.00000000, 1.00000000, 1.00000000
0.191919191919, 0.121212121212, 1.19061510, 1.00000000, 1.00000000, 1.00000000
0.191919191919, 0.131313131313, 1.19237839, 1.00000000, 1.00000000, 1.00000000
0.191919191919, 0.141414141414, 1.19337707, 1.00000000, 1.00000000, 1.00000000
0.191919191919, 0.151515151515, 1.19359997, 1.00000000, 1.00000000, 1.00000000
0.191919191919, 0.161616161616, 1.19304341, 1.00000000, 1.00000000, 1.00000000
0.191919191919, 0.171717171717, 1.19170870, 1.00000000, 1.00000000, 1.00000000
0.191919191919, 0.181818181818, 1.18960101, 1.00000000, 1.00000000, 1.00000000
0.191919191919, 0.191919191919, 1.18672886, 1.00000000, 1.00000000, 1.00000000
0.191919191919, 0.202020202020, 1.18310394, 1.00000000, 1.00000000, 1.00000000
0.191919191919, 0.212121212121, 1.17874097, 1.00000000, 1.00000000, 1.00000000
0.191919191919, 0.222222222222, 1.17365771, 1.00000000, 1.00000000, 1.00000000
0.191919191919, 0.232323232323, 1.16787480, 1.00000000, 1.00000000, 1.00000000
0.191919191919, 0.242424242424, 1.16141572, 1.00000000, 1.00000000, 1.00000000
0.191919191919, 0.252525252525, 1.15430672, 1.00000000, 1.00000000, 1.00000000
0.191919191919, 0.262626262626, 1.14657664, 1.00000000, 1.00000000, 1.00000000
0.191919191919, 0.272727272727, 1.13825684, 1.00000000, 1.00000000, 1.00000000
0.191919191919, 0.282828282828, 1.12938109, 1.00000000, 1.00000000, 1.00000000
0.191919191919, 0.292929292929, 1.11998539, 1.00000000, 1.00000000, 1.00000000
0.191919191919, 0.303030303030, 1.11010781, 1.00000000, 1.00000000, 1.00000000
0.191919191919, 0.313131313131, 1.09978840, 1.00000000, 1.00000000, 1.00000000
0.191919191919, 0.323232323232, 1.08906897, 1.00000000, 1.00000000, 1.00000000
0.191919191919, 0.333333333333, 1.07799293, 1.00000000, 1.00000000, 1.00000000
0.191919191919, 0.343434343434, 1.06660511, 1.00000000, 1.00000000, 1.00000000
0.191919191919, 0.353535353535, 1.05495159, 1.00000000, 1.00000000, 1.00000000
0.191919191919, 0.363636363636, 1.04307949, 1.00000000, 1.00000000, 1.00000000
0.191919191919, 0.373737373737, 1.03103680, 1.00000000, 1.00000000, 1.00000000
0.191919191919, 0.383838383838, 1.01887216, 1.00000000, 1.00000000, 1.00000000
0.191919191919, 0.393939393939, 1.00663468, 1.00000000, 1.00000000, 1.00000000
0.191919191919, 0.404040404040, 0.99437372, 1.00000000, 1.00000000, 1.00000000
0.191919191919, 0.414141414141, 0.98213870, 1.00000000, 1.00000000, 1.00000000
0.191919191919, 0.424242424242, 0.96997890, 1.00000000, 1.00000000, 1.00000000
0.191919191919, 0.434343434343, 0.95794326, 1.00000000, 1.00000000, 1.00000000
0.191919191919, 0.444444444444, 0.94608016, 1.00000000, 1.00000000, 1.00000000
0.191919191919, 0.454545454545, 0.93443728, 1.00000000, 1.00000000, 1.00000000
0.191919191919, 0.464646464646, 0.92306132, 1.00000000, 1.00000000, 1.00000000
0.191919191919, 0.474747474747, 0.91199791, 1.00000000, 1.00000000, 1.00000000
0.191919191919, 0.484848484848, 0.90129136, 1.00000000, 1.00000000, 1.00000000
0.191919191919, 0.494949494949, 0.89098450, 1.00000000, 1.00000000, 1.00000000
0.191919191919, 0.505050505051, 0.88111854, 1.00000000, 1.00000000, 1.00000000
0.191919191919, 0.515151515152, 0.87173287, 1.00000000, 1.00000000, 1.00000000
0.191919191919, 0.525252525253, 0.86286493, 1.00000000, 1.00000000, 1.00000000
0.191919191919, 0.535353535354, 0.85455007, 1.00000000, 1.00000000, 1.00000000
0.191919191919, 0.545454545455, 0.84682138, 1.00000000, 1.00000000, 1.00000000
0.191919191919, 0.555555555556, 0.83970962, 1.00000000, 1.00000000, 1.00000000
0.191919191919, 0.565656565657, 0.83324306, 1.00000000, 1.00000000, 1.00000000
0.191919191919, 0.575757575758, 0.82744738, 1.00000000, 1.00000000, 1.00000000
0.191919191919, 0.585858585859, 0.82234562, 1.00000000, 1.00000000, 1.00000000
0.191919191919, 0.595959595960, 0.81795803, 1.00000000, 1.00000000, 1.00000000
0.191919191919, 0.606060606061, 0.81430205, 1.00000000, 1.00000000, 1.00000000
0.191919191919, 0.616161616162, 0.81139222, 1.00000000, 1.00000000, 1.00000000
0.191919191919, 0.626262626263, 0.80924015, 1.00000000, 1.00000000, 1.00000000
0.191919191919, 0.636363636364, 0.80785446, 1.00000000, 1.00000000, 1.00000000
0.191919191919, 0.646464646465, 0.80724078, 1.00000000, 1.00000000, 1.00000000
0.191919191919, 0.656565656566, 0.80740157, 1.00000000, 1.00000000, 1.00000000
0.191919191919, 0.666666666667, 0.80833614, 1.00000000, 1.00000000, 1.00000000
0.191919191919, 0.676767676768, 0.81004073, 1.00000000, 1.00000000, 1.00000000
0.191919191919, 0.686868686869, 0.81250856, 1.00000000, 1.00000000, 1.00000000
0.191919191919, 0.696969696970, 0.81572985, 1.00000000, 1.00000000, 1.00000000
0.191919191919, 0.707070707071, 0.81969182, 1.00000000, 1.00000000, 1.00000000
0.191919191919, 0.717171717172, 0.82437879, 1.00000000, 1.00000000, 1.00000000
0.191919191919, 0.727272727273, 0.82977220, 1.00000000, 1.00000000, 1.00000000
0.191919191919, 0.737373737374, 0.83585065, 1.00000000, 1.00000000, 1.00000000
0.191919191919, 0.747474747475, 0.84259003, 1.00000000, 1.00000000, 1.00000000
0.191919191919, 0.757575757576, 0.84996358, 1.00000000, 1.00000000, 1.00000000
0.191919191919, 0.767676767677, 0.85794198, 1.00000000, 1.00000000, 1.00000000
0.191919191919, 0.777777777778, 0.86649347, 1.00000000, 1.00000000, 1.00000000
0.191919191919, 0.787878787879, 0.87558398, 1.00000000, 1.00000000, 1.00000000
0.191919191919, 0.797979797980, 0.88517725, 1.00000000, 1.00000000, 1.00000000
0.191919191919, 0.808080808081, 0.89523496, 1.00000000, 1.00000000, 1.00000000
0.191919191919, 0.818181818182, 0.90571690, 1.00000000, 1.00000000, 1.00000000
0.191919191919, 0.828282828283, 0.91658111, 1.00000000, 1.00000000, 1.00000000
0.191919191919, 0.838383838384, 0.92778407, 1.00000000, 1.00000000, 1.00000000
0.191919191919, 0.848484848485, 0.93928082, 1.00000000, 1.00000000, 1.00000000
0.191919191919, 0.858585858586, 0.95102522, 1.00000000, 1.00000000, 1.00000000
0.191919191919, 0.868686868687, 0.96297006, 1.00000000, 1.00000000, 1.00000000
0.191919191919, 0.878787878788, 0.97506728, 1.00000000, 1.00000000, 1.00000000
0.191919191919, 0.888888888889, 0.98726819, 1.00000000, 1.00000000, 1.00000000
0.191919191919, 0.898989898990, 0.99952363, 1.00000000, 1.00000000, 1.00000000
0.191919191919, 0.909090909091, 1.01178416, 1.00000000, 1.00000000, 1.00000000
0.191919191919, 0.919191919192, 1.02400030, 1.00000000, 1.00000000, 1.00000000
0.191919191919, 0.929292929293, 1.03612264, 1.00000000, 1.00000000, 1.00000000
0.191919191919, 0.939393939394, 1.04810193, 1.00000000, 1.00000000, 1.00000000
0.191919191919, 0.949494949495, 1.05988886, 1.00000000, 1.00000000, 1.00000000
0.191919191919, 0.959595959596, 1.07143328, 1.00000000, 1.00000000, 1.00000000
0.202020202020, -0.000000000000, 1.13266717, 1.00000000, 1.00000000, 1.00000000
0.202020202020, 0.010101010101, 1.14092171, 1.00000000, 1.00000000, 1.00000000
0.202020202020, 0.020202020202, 1.14846926, 1.00000000, 1.00000000, 1.00000000
0.202020202020, 0.030303030303, 1.15532126, 1.00000000, 1.00000000, 1.00000000
0.202020202020, 0.040404040404, 1.16153534, 1.00000000, 1.00000000, 1.00000000
0.202020202020, 0.050505050505, 1.16719352, 1.00000000, 1.00000000, 1.00000000
0.202020202020, 0.060606060606, 1.17236768, 1.00000000, 1.00000000, 1.00000000
0.202020202020, 0.070707070707, 1.17708979, 1.00000000, 1.00000000, 1.00000000
0.202020202020, 0.080808080808, 1.18134187, 1.00000000, 1.00000000, 1.00000000
0.202020202020, 0.090909090909, 1.18506737, 1.00000000, 1.00000000, 1.00000000
0.202020202020, 0.101010101010, 1.18819367, 1.00000000, 1.00000000, 1.00000000
0.202020202020, 0.111111111111, 1.19065293, 1.00000000, 1.00000000, 1.00000000
0.202020202020, 0.121212121212, 1.19239359, 1.00000000, 1.00000000, 1.00000000
0.202020202020, 0.131313131313, 1.19338252, 1.00000000, 1.00000000, 1.00000000
0.202020202020, 0.141414141414, 1.19360172, 1.00000000, 1.00000000, 1.00000000
0.202020202020, 0.151515151515, 1.19304390, 1.00000000, 1.00000000, 1.00000000
0.202020202020, 0.161616161616, 1.19170882, 1.00000000, 1.00000000, 1.00000000
0.202020202020, 0.171717171717, 1.18960104, 1.00000000, 1.00000000, 1.00000000
0.202020202020, 0.181818181818, 1.18672887, 1.00000000, 1.00000000, 1.00000000
0.202020202020, 0.191919191919, 1.18310394, 1.00000000, 1.00000000, 1.00000000
0.202020202020, 0.202020202020, 1.17874097, 1.00000000, 1.00000000, 1.00000000
0.202020202020, 0.212121212121, 1.17365771, 1.00000000, 1.00000000, 1.00000000
0.202020202020, 0.222222222222, 1.16787480, 1.00000000, 1.00000000, 1.00000000
0.202020202020, 0.232323232323, 1.16141572, 1.00000000, 1.00000000, 1.00000000
0.202020202020, 0.242424242424, 1.15430672, 1.00000000, 1.00000000, 1.00000000
0.202020202020, 0.252525252525, 1.14657664, 1.00000000, 1.00000000, 1.00000000
0.202020202020, 0.262626262626, 1.13825684, 1.00000000, 1.00000000, 1.00000000
0.202020202020, 0.272727272727, 1.12938109, 1.00000000, 1.00000000, 1.00000000
0.202020202020, 0.282828282828, 1.11998539, 1.00000000, 1.00000000, 1.00000000
0.202020202020, 0.292929292929, 1.11010781, 1.00000000, 1.00000000, 1.00000000
0.202020202020, 0.303030303030, 1.09978841, 1.00000000, 1.00000000, 1.00000000
0.202020202020, 0.313131313131, 1.08906897, 1.00000000, 1.00000000, 1.00000000
0.202020202020, 0.323232323232, 1.07799293, 1.00000000, 1.00000000, 1.00000000
0.202020202020, 0.333333333333, 1.06660511, 1.00000000, 1.00000000, 1.00000000
0.202020202020, 0.343434343434, 1.05495159, 1.00000000, 1.00000000, 1.00000000
0.202020202020, 0.353535353535, 1.04307949, 1.00000000, 1.00000000, 1.00000000
0.202020202020, 0.363636363636, 1.03103680, 1.00000000, 1.00000000, 1.00000000
0.202020202020, 0.373737373737, 1.01887216, 1.00000000, 1.00000000, 1.00000000
0.202020202020, 0.383838383838, 1.00663468, 1.00000000, 1.00000000, 1.00000000
0.202020202020, 0.393939393939, 0.99437372, 1.00000000, 1.00000000, 1.00000000
0.202020202020, 0.404040404040, 0.98213870, 1.00000000, 1.00000000, 1.00000000
0.202020202020, 0.414141414141, 0.96997890, 1.00000000, 1.00000000, 1.00000000
0.202020202020, 0.424242424242, 0.95794326, 1.00000000, 1.00000000, 1.00000000
0.202020202020, 0.434343434343, 0.94608017, 1.00000000, 1.00000000, 1.00000000
0.202020202020, 0.444444444444, 0.93443728, 1.00000000, 1.00000000, 1.00000000
0.202020202020, 0.454545454545, 0.92306132, 1.00000000, 1.00000000, 1.00000000
0.202020202020, 0.464646464646, 0.91199791, 1.00000000, 1.00000000, 1.00000000
0.202020202020, 0.474747474747, 0.90129136, 1.00000000, 1.00000000, 1.00000000
0.202020202020, 0.484848484848, 0.89098450, 1.00000000, 1.00000000, 1.00000000
0.202020202020, 0.494949494949, 0.88111854, 1.00000000, 1.00000000, 1.00000000
0.202020202020, 0.505050505051, 0.87173287, 1.00000000, 1.00000000, 1.00000000
0.202020202020, 0.515151515152, 0.86286494, 1.00000000, 1.00000000, 1.00000000
0.202020202020, 0.525252525253, 0.85455007, 1.00000000, 1.00000000, 1.00000000
0.202020202020, 0.535353535354, 0.84682139, 1.00000000, 1.00000000, 1.00000000
0.202020202020, 0.545454545455, 0.83970963, 1.00000000, 1.00000000, 1.00000000
0.202020202020, 0.555555555556, 0.83324306, 1.00000000, 1.00000000, 1.00000000
0.202020202020, 0.565656565657, 0.82744739, 1.00000000, 1.00000000, 1.00000000
0.202020202020, 0.575757575758, 0.82234562, 1.00000000, 1.00000000, 1.00000000
0.202020202020, 0.585858585859, 0.81795803, 1.00000000, 1.00000000, 1.00000000
0.202020202020, 0.595959595960, 0.81430205, 1.00000000, 1.00000000, 1.00000000
0.202020202020, 0.606060606061, 0.81139222, 1.00000000, 1.00000000, 1.00000000
0.202020202020, 0.616161616162, 0.80924015, 1.00000000, 1.00000000, 1.00000000
0.202020202020, 0.626262626263, 0.80785447, 1.00000000, 1.00000000, 1.00000000
0.202020202020, 0.636363636364, 0.80724078, 1.00000000, 1.00000000, 1.00000000
0.202020202020, 0.646464646465, 0.80740158, 1.00000000, 1.00000000, 1.00000000
0.202020202020, 0.656565656566, 0.80833615, 1.00000000, 1.00000000, 1.00000000
0.202020202020, 0.666666666667, 0.81004074, 1.00000000, 1.00000000, 1.00000000
0.202020202020, 0.676767676768, 0.81250857, 1.00000000, 1.00000000, 1.00000000
0.202020202020, 0.686868686869, 0.81572985, 1.00000000, 1.00000000, 1.00000000
0.202020202020, 0.696969696970, 0.81969182, 1.00000000, 1.00000000, 1.00000000
0.202020202020, 0.707070707071, 0.82437880, 1.00000000, 1.00000000, 1.00000000
0.202020202020, 0.717171717172, 0.82977220, 1.00000000, 1.00000000, 1.00000000
0.202020202020, 0.727272727273, 0.83585065, 1.00000000, 1.00000000, 1.00000000
0.202020202020, 0.737373737374, 0.84259003, 1.00000000, 1.00000000, 1.00000000
0.202020202020, 0.747474747475, 0.84996358, 1.00000000, 1.00000000, 1.00000000
0.202020202020, 0.757575757576, 0.85794198, 1.00000000, 1.00000000, 1.00000000
0.202020202020, 0.767676767677, 0.86649347, 1.00000000, 1.00000000, 1.00000000
0.202020202020, 0.777777777778, 0.87558398, 1.00000000, 1.00000000, 1.00000000
0.202020202020, 0.787878787879, 0.88517725, 1.00000000, 1.00000000, 1.00000000
0.202020202020, 0.797979797980, 0.89523496, 1.00000000, 1.00000000, 1.00000000
0.202020202020, 0.808080808081, 0.90571690, 1.00000000, 1.00000000, 1.00000000
0.202020202020, 0.818181818182, 0.91658111, 1.00000000, 1.00000000, 1.00000000
0.202020202020, 0.828282828283, 0.92778406, 1.00000000, 1.00000000, 1.00000000
0.202020202020, 0.838383838384, 0.93928082, 1.00000000, 1.00000000, 1.00000000
0.202020202020, 0.848484848485, 0.95102522, 1.00000000, 1.00000000, 1.00000000
0.202020202020, 0.858585858586, 0.96297005, 1.00000000, 1.00000000, 1.00000000
0.202020202020, 0.868686868687, 0.97506728, 1.00000000, 1.00000000, 1.00000000
0.202020202020, 0.878787878788, 0.98726819, 1.00000000, 1.00000000, 1.00000000
0.202020202020, 0.888888888889, 0.99952363, 1.00000000, 1.00000000, 1.00000000
0.202020202020, 0.898989898990, 1.01178417, 1.00000000, 1.00000000, 1.00000000
0.202020202020, 0.909090909091, 1.02400033, 1.00000000, 1.00000000, 1.00000000
0.202020202020, 0.919191919192, 1.03612278, 1.00000000, 1.00000000, 1.00000000
0.202020202020, 0.929292929293, 1.04810246, 1.00000000, 1.00000000, 1.00000000
0.202020202020, 0.939393939394, 1.05989071, 1.00000000, 1.00000000, 1.00000000
0.202020202020, 0.949494949495, 1.07143905, 1.00000000, 1.00000000, 1.00000000
0.202020202020, 0.959595959596, 1.08269854, 1.00000000, 1.00000000, 1.00000000
0.212121212121, -0.000000000000, 1.14137521, 1.00000000, 1.00000000, 1.00000000
0.212121212121, 0.010101010101, 1.14910620, 1.00000000, 1.00000000, 1.00000000
0.212121212121, 0.020202020202, 1.15611719, 1.00000000, 1.00000000, 1.00000000
0.212121212121, 0.030303030303, 1.16242050, 1.00000000, 1.00000000, 1.00000000
0.212121212121, 0.040404040404, 1.16807018, 1.00000000, 1.00000000, 1.00000000
0.212121212121, 0.050505050505, 1.17314144, 1.00000000, 1.00000000, 1.00000000
0.212121212121, 0.060606060606, 1.17769892, 1.00000000, 1.00000000, 1.00000000
0.212121212121, 0.070707070707, 1.18176991, 1.00000000, 1.00000000, 1.00000000
0.212121212121, 0.080808080808, 1.18533604, 1.00000000, 1.00000000, 1.00000000
0.212121212121, 0.090909090909, 1.18834438, 1.00000000, 1.00000000, 1.00000000
0.212121212121, 0.101010101010, 1.19072851, 1.00000000, 1.00000000, 1.00000000
0.212121212121, 0.111111111111, 1.19242748, 1.00000000, 1.00000000, 1.00000000
0.212121212121, 0.121212121212, 1.19339610, 1.00000000, 1.00000000, 1.00000000
0.212121212121, 0.131313131313, 1.19360657, 1.00000000, 1.00000000, 1.00000000
0.212121212121, 0.141414141414, 1.19304545, 1.00000000, 1.00000000, 1.00000000
0.212121212121, 0.151515151515, 1.19170926, 1.00000000, 1.00000000, 1.00000000
0.212121212121, 0.161616161616, 1.18960115, 1.00000000, 1.00000000, 1.00000000
0.212121212121, 0.171717171717, 1.18672889, 1.00000000, 1.00000000, 1.00000000
0.212121212121, 0.181818181818, 1.18310394, 1.00000000, 1.00000000, 1.00000000
0.212121212121, 0.191919191919, 1.17874097, 1.00000000, 1.00000000, 1.00000000
0.212121212121, 0.202020202020, 1.17365771, 1.00000000, 1.00000000, 1.00000000
0.212121212121, 0.212121212121, 1.16787480, 1.00000000, 1.00000000, 1.00000000
0.212121212121, 0.222222222222, 1.16141572, 1.00000000, 1.00000000, 1.00000000
0.212121212121, 0.232323232323, 1.15430672, 1.00000000, 1.00000000, 1.00000000
0.212121212121, 0.242424242424, 1.14657664, 1.00000000, 1.00000000, 1.00000000
0.212121212121, 0.252525252525, 1.13825684, 1.00000000, 1.00000000, 1.00000000
0.212121212121, 0.262626262626, 1.12938109, 1.00000000, 1.00000000, 1.00000000
0.212121212121, 0.272727272727, 1.11998539, 1.00000000, 1.00000000, 1.00000000
0.212121212121, 0.282828282828, 1.11010781, 1.00000000, 1.00000000, 1.00000000
0.212121212121, 0.292929292929, 1.09978841, 1.00000000, 1.00000000, 1.00000000
0.212121212121, 0.303030303030, 1.08906897, 1.00000000, 1.00000000, 1.00000000
0.212121212121, 0.313131313131, 1.07799293, 1.00000000, 1.00000000, 1.00000000
0.212121212121, 0.323232323232, 1.06660511, 1.00000000, 1.00000000, 1.00000000
0.212121212121, 0.333333333333, 1.05495159, 1.00000000, 1.00000000, 1.00000000
0.212121212121, 0.343434343434, 1.04307949, 1.00000000, 1.00000000, 1.00000000
0.212121212121, 0.353535353535, 1.03103680, 1.00000000, 1.00000000, 1.00000000
0.212121212121, 0.363636363636, 1.01887216, 1.00000000, 1.00000000, 1.00000000
0.212121212121, 0.373737373737, 1.00663468, 1.00000000, 1.00000000, 1.00000000
0.212121212121, 0.383838383838, 0.99437372, 1.00000000, 1.00000000, 1.00000000
0.212121212121, 0.393939393939, 0.98213870, 1.00000000, 1.00000000, 1.00000000
0.212121212121, 0.404040404040, 0.96997890, 1.00000000, 1.00000000, 1.00000000
0.212121212121, 0.414141414141, 0.95794326, 1.00000000, 1.00000000, 1.00000000
0.212121212121, 0.424242424242, 0.94608017, 1.00000000, 1.00000000, 1.00000000
0.212121212121, 0.434343434343, 0.93443728, 1.00000000, 1.00000000, 1.00000000
0.212121212121, 0.444444444444, 0.92306132, 1.00000000, 1.00000000, 1.00000000
0.212121212121, 0.454545454545, 0.91199791, 1.00000000, 1.00000000, 1.00000000
0.212121212121, 0.464646464646, 0.90129136, 1.00000000, 1.00000000, 1.00000000
0.212121212121, 0.474747474747, 0.89098450, 1.00000000, 1.00000000, 1.00000000
0.212121212121, 0.484848484848, 0.88111854, 1.00000000, 1.00000000, 1.00000000
0.212121212121, 0.494949494949, 0.87173287, 1.00000000, 1.00000000, 1.00000000
0.212121212121, 0.505050505051, 0.86286494, 1.00000000, 1.00000000, 1.00000000
0.212121212121, 0.515151515152, 0.85455007, 1.00000000, 1.00000000, 1.00000000
0.212121212121, 0.525252525253, 0.84682139, 1.00000000, 1.00000000, 1.00000000
0.212121212121, 0.535353535354, 0.83970963, 1.00000000, 1.00000000, 1.00000000
0.212121212121, 0.545454545455, 0.83324306, 1.00000000, 1.00000000, 1.00000000
0.212121212121, 0.555555555556, 0.82744739, 1.00000000, 1.00000000, 1.00000000
0.212121212121, 0.565656565657, 0.82234562, 1.00000000, 1.00000000, 1.00000000
0.212121212121, 0.575757575758, 0.81795803, 1.00000000, 1.00000000, 1.00000000
0.212121212121, 0.585858585859, 0.81430205, 1.00000000, 1.00000000, 1.00000000
0.212121212121, 0.595959595960, 0.81139222, 1.00000000, 1.00000000, 1.00000000
0.212121212121, 0.606060606061, 0.80924015, 1.00000000, 1.00000000, 1.00000000
0.212121212121, 0.616161616162, 0.80785447, 1.00000000, 1.00000000, 1.00000000
0.212121212121, 0.626262626263, 0.80724078, 1.00000000, 1.00000000, 1.00000000
0.212121212121, 0.636363636364, 0.80740158, 1.00000000, 1.00000000, 1.00000000
0.212121212121, 0.646464646465, 0.80833615, 1.00000000, 1.00000000, 1.00000000
0.212121212121, 0.656565656566, 0.81004074, 1.00000000, 1.00000000, 1.00000000
0.212121212121, 0.666666666667, 0.81250857, 1.00000000, 1.00000000, 1.00000000
0.212121212121, 0.676767676768, 0.81572985, 1.00000000, 1.00000000, 1.00000000
0.212121212121, 0.686868686869, 0.81969182, 1.00000000, 1.00000000, 1.00000000
0.212121212121, 0.696969696970, 0.82437880, 1.00000000, 1.00000000, 1.00000000
0.212121212121, 0.707070707071, 0.82977220, 1.00000000, 1.00000000, 1.00000000
0.212121212121, 0.717171717172, 0.83585065, 1.00000000, 1.00000000, 1.00000000
0.212121212121, 0.727272727273, 0.84259003, 1.00000000, 1.00000000, 1.00000000
0.212121212121, 0.737373737374, 0.84996358, 1.00000000, 1.00000000, 1.00000000
0.212121212121, 0.747474747475, 0.85794198, 1.00000000, 1.00000000, 1.00000000
0.212121212121, 0.757575757576, 0.86649347, 1.00000000, 1.00000000, 1.00000000
0.212121212121, 0.767676767677, 0.87558398, 1.00000000, 1.00000000, 1.00000000
0.212121212121, 0.777777777778, 0.88517725, 1.00000000, 1.00000000, 1.00000000
0.212121212121, 0.787878787879, 0.89523496, 1.00000000, 1.00000000, 1.00000000
0.212121212121, 0.797979797980, 0.90571690, 1.00000000, 1.00000000, 1.00000000
0.212121212121, 0.808080808081, 0.91658111, 1.00000000, 1.00000000, 1.00000000
0.212121212121, 0.818181818182, 0.92778406, 1.00000000, 1.00000000, 1.00000000
0.212121212121, 0.828282828283, 0.93928082, 1.00000000, 1.00000000, 1.00000000
0.212121212121, 0.838383838384, 0.95102522, 1.00000000, 1.00000000, 1.00000000
0.212121212121, 0.848484848485, 0.96297005, 1.00000000, 1.00000000, 1.00000000
0.212121212121, 0.858585858586, 0.97506728, 1.00000000, 1.00000000, 1.00000000
0.212121212121, 0.868686868687, 0.98726819, 1.00000000, 1.00000000, 1.00000000
0.212121212121, 0.878787878788, 0.99952363, 1.00000000, 1.00000000, 1.00000000
0.212121212121, 0.888888888889, 1.01178417, 1.00000000, 1.00000000, 1.00000000
0.212121212121, 0.898989898990, 1.02400034, 1.00000000, 1.00000000, 1.00000000
0.212121212121, 0.909090909091, 1.03612281, 1.00000000, 1.00000000, 1.00000000
0.212121212121, 0.919191919192, 1.04810258, 1.00000000, 1.00000000, 1.00000000
0.212121212121, 0.929292929293, 1.05989118, 1.00000000, 1.00000000, 1.00000000
0.212121212121, 0.939393939394, 1.07144071, 1.00000000, 1.00000000, 1.00000000
0.212121212121, 0.949494949495, 1.08270373, 1.00000000, 1.00000000, 1.00000000
0.212121212121, 0.959595959596, 1.09363269, 1.00000000, 1.00000000, 1.00000000
0.222222222222, -0.000000000000, 1.14951398, 1.00000000, 1.00000000, 1.00000000
0.222222222222, 0.010101010101, 1.15669004, 1.00000000, 1.00000000, 1.00000000
0.222222222222, 0.020202020202, 1.16313610, 1.00000000, 1.00000000, 1.00000000
0.222222222222, 0.030303030303, 1.16886532, 1.00000000, 1.00000000, 1.00000000
0.222222222222, 0.040404040404, 1.17392789, 1.00000000, 1.00000000, 1.00000000
0.222222222222, 0.050505050505, 1.17839184, 1.00000000, 1.00000000, 1.00000000
0.222222222222, 0.060606060606, 1.18231424, 1.00000000, 1.00000000, 1.00000000
0.222222222222, 0.070707070707, 1.18571760, 1.00000000, 1.00000000, 1.00000000
0.222222222222, 0.080808080808, 1.18858322, 1.00000000, 1.00000000, 1.00000000
0.222222222222, 0.090909090909, 1.19086208, 1.00000000, 1.00000000, 1.00000000
0.222222222222, 0.101010101010, 1.19249424, 1.00000000, 1.00000000, 1.00000000
0.222222222222, 0.111111111111, 1.19342593, 1.00000000, 1.00000000, 1.00000000
0.222222222222, 0.121212121212, 1.19361848, 1.00000000, 1.00000000, 1.00000000
0.222222222222, 0.131313131313, 1.19304970, 1.00000000, 1.00000000, 1.00000000
0.222222222222, 0.141414141414, 1.19171061, 1.00000000, 1.00000000, 1.00000000
0.222222222222, 0.151515151515, 1.18960153, 1.00000000, 1.00000000, 1.00000000
0.222222222222, 0.161616161616, 1.18672899, 1.00000000, 1.00000000, 1.00000000
0.222222222222, 0.171717171717, 1.18310396, 1.00000000, 1.00000000, 1.00000000
0.222222222222, 0.181818181818, 1.17874098, 1.00000000, 1.00000000, 1.00000000
0.222222222222, 0.191919191919, 1.17365771, 1.00000000, 1.00000000, 1.00000000
0.222222222222, 0.202020202020, 1.16787480, 1.00000000, 1.00000000, 1.00000000
0.222222222222, 0.212121212121, 1.16141572, 1.00000000, 1.00000000, 1.00000000
0.222222222222, 0.222222222222, 1.15430672, 1.00000000, 1.00000000, 1.00000000
0.222222222222, 0.232323232323, 1.14657664, 1.00000000, 1.00000000, 1.00000000
0.222222222222, 0.242424242424, 1.13825684, 1.00000000, 1.00000000, 1.00000000
0.222222222222, 0.252525252525, 1.12938109, 1.00000000, 1.00000000, 1.00000000
0.222222222222, 0.262626262626, 1.11998539, 1.00000000, 1.00000000, 1.00000000
0.222222222222, 0.272727272727, 1.11010781, 1.00000000, 1.00000000, 1.00000000
0.222222222222, 0.282828282828, 1.09978841, 1.00000000, 1.00000000, 1.00000000
0.222222222222, 0.292929292929, 1.08906897, 1.00000000, 1.00000000, 1.00000000
0.222222222222, 0.303030303030, 1.07799293, 1.00000000, 1.00000000, 1.00000000
0.222222222222, 0.313131313131, 1.06660511, 1.00000000, 1.00000000, 1.00000000
0.222222222222, 0.323232323232, 1.05495159, 1.00000000, 1.00000000, 1.00000000
0.222222222222, 0.333333333333, 1.04307949, 1.00000000, 1.00000000, 1.00000000
0.222222222222, 0.343434343434, 1.03103680, 1.00000000, 1.00000000, 1.00000000
0.222222222222, 0.353535353535, 1.01887216, 1.00000000, 1.00000000, 1.00000000
0.222222222222, 0.363636363636, 1.00663468, 1.00000000, 1.00000000, 1.00000000
0.222222222222, 0.373737373737, 0.99437372, 1.00000000, 1.00000000, 1.00000000
0.222222222222, 0.383838383838, 0.98213870, 1.00000000, 1.00000000, 1.00000000
0.222222222222, 0.393939393939, 0.96997890, 1.00000000, 1.00000000, 1.00000000
0.222222222222, 0.404040404040, 0.95794326, 1.00000000, 1.00000000, 1.00000000
0.222222222222, 0.414141414141, 0.94608017, 1.00000000, 1.00000000, 1.00000000
0.222222222222, 0.424242424242, 0.93443728, 1.00000000, 1.00000000, 1.00000000
0.222222222222, 0.434343434343, 0.92306132, 1.00000000, 1.00000000, 1.00000000
0.222222222222, 0.444444444444, 0.91199791, 1.00000000, 1.00000000, 1.00000000
0.222222222222, 0.454545454545, 0.90129136, 1.00000000, 1.00000000, 1.00000000
0.222222222222, 0.464646464646, 0.89098450, 1.00000000, 1.00000000, 1.00000000
0.222222222222, 0.474747474747, 0.88111854, 1.00000000, 1.00000000, 1.00000000
0.222222222222, 0.484848484848, 0.87173287, 1.00000000, 1.00000000, 1.00000000
0.222222222222, 0.494949494949, 0.86286494, 1.00000000, 1.00000000, 1.00000000
0.222222222222, 0.505050505051, 0.85455007, 1.00000000, 1.00000000, 1.00000000
0.222222222222, 0.515151515152, 0.84682139, 1.00000000, 1.00000000, 1.00000000
0.222222222222, 0.525252525253, 0.83970963, 1.00000000, 1.00000000, 1.00000000
0.222222222222, 0.535353535354, 0.83324306, 1.00000000, 1.00000000, 1.00000000
0.222222222222, 0.545454545455, 0.82744739, 1.00000000, 1.00000000, 1.00000000
0.222222222222, 0.555555555556, 0.82234562, 1.00000000, 1.00000000, 1.00000000
0.222222222222, 0.565656565657, 0.81795803, 1.00000000, 1.00000000, 1.00000000
0.222222222222, 0.575757575758, 0.81430205, 1.00000000, 1.00000000, 1.00000000
0.222222222222, 0.585858585859, 0.81139222, 1.00000000, 1.00000000, 1.00000000
0.222222222222, 0.595959595960, 0.80924015, 1.00000000, 1.00000000, 1.00000000
0.222222222222, 0.606060606061, 0.80785447, 1.00000000, 1.00000000, 1.00000000
0.222222222222, 0.616161616162, 0.80724078, 1.00000000, 1.00000000, 1.00000000
0.222222222222, 0.626262626263, 0.80740158, 1.00000000, 1.00000000, 1.00000000
0.222222222222, 0.636363636364, 0.80833615, 1.00000000, 1.00000000, 1.00000000
0.222222222222, 0.646464646465, 0.81004074, 1.00000000, 1.00000000, 1.00000000
0.222222222222, 0.656565656566, 0.81250857, 1.00000000, 1.00000000, 1.00000000
0.222222222222, 0.666666666667, 0.81572985, 1.00000000, 1.00000000, 1.00000000
0.222222222222, 0.676767676768, 0.81969182, 1.00000000, 1.00000000, 1.00000000
0.222222222222, 0.686868686869, 0.82437880, 1.00000000, 1.00000000, 1.00000000
0.222222222222, 0.696969696970, 0.82977220, 1.00000000, 1.00000000, 1.00000000
0.222222222222, 0.707070707071, 0.83585065, 1.00000000, 1.00000000, 1.00000000
0.222222222222, 0.717171717172, 0.84259003, 1.00000000, 1.00000000, 1.00000000
0.222222222222, 0.727272727273, 0.84996358, 1.00000000, 1.00000000, 1.00000000
0.222222222222, 0.737373737374, 0.85794198, 1.00000000, 1.00000000, 1.00000000
0.222222222222, 0.747474747475, 0.86649347, 1.00000000, 1.00000000, 1.00000000
0.222222222222, 0.757575757576, 0.87558398, 1.00000000, 1.00000000, 1.00000000
0.222222222222, 0.767676767677, 0.88517725, 1.00000000, 1.00000000, 1.00000000
0.222222222222, 0.777777777778, 0.89523496, 1.00000000, 1.00000000, 1.00000000
0.222222222222, 0.787878787879, 0.90571690, 1.00000000, 1.00000000, 1.00000000
0.222222222222, 0.797979797980, 0.91658111, 1.00000000, 1.00000000, 1.00000000
0.222222222222, 0.808080808081, 0.92778406, 1.00000000, 1.00000000, 1.00000000
0.222222222222, 0.818181818182, 0.93928082, 1.00000000, 1.00000000, 1.00000000
0.222222222222, 0.828282828283, 0.95102522, 1.00000000, 1.00000000, 1.00000000
0.222222222222, 0.838383838384, 0.96297005, 1.00000000, 1.00000000, 1.00000000
0.222222222222, 0.848484848485, 0.97506728, 1.00000000, 1.00000000, 1.00000000
0.222222222222, 0.858585858586, 0.98726819, 1.00000000, 1.00000000, 1.00000000
0.222222222222, 0.868686868687, 0.99952363, 1.00000000, 1.00000000, 1.00000000
0.222222222222, 0.878787878788, 1.01178417, 1.00000000, 1.00000000, 1.00000000
0.222222222222, 0.888888888889, 1.02400034, 1.00000000, 1.00000000, 1.00000000
0.222222222222, 0.898989898990, 1.03612281, 1.00000000, 1.00000000, 1.00000000
0.222222222222, 0.909090909091, 1.04810261, 1.00000000, 1.00000000, 1.00000000
0.222222222222, 0.919191919192, 1.05989129, 1.00000000, 1.00000000, 1.00000000
0.222222222222, 0.929292929293, 1.07144112, 1.00000000, 1.00000000, 1.00000000
0.222222222222, 0.939393939394, 1.08270519, 1.00000000, 1.00000000, 1.00000000
0.222222222222, 0.949494949495, 1.09363729, 1.00000000, 1.00000000, 1.00000000
0.222222222222, 0.959595959596, 1.10419145, 1.00000000, 1.00000000, 1.00000000
0.232323232323, -0.000000000000, 1.15705050, 1.00000000, 1.00000000, 1.00000000
0.232323232323, 0.010101010101, 1.16364250, 1.00000000, 1.00000000, 1.00000000
0.232323232323, 0.020202020202, 1.16949755, 1.00000000, 1.00000000, 1.00000000
0.232323232323, 0.030303030303, 1.17462959, 1.00000000, 1.00000000, 1.00000000
0.232323232323, 0.040404040404, 1.17908470, 1.00000000, 1.00000000, 1.00000000
0.232323232323, 0.050505050505, 1.18292338, 1.00000000, 1.00000000, 1.00000000
0.232323232323, 0.060606060606, 1.18619487, 1.00000000, 1.00000000, 1.00000000
0.232323232323, 0.070707070707, 1.18891677, 1.00000000, 1.00000000, 1.00000000
0.232323232323, 0.080808080808, 1.19107016, 1.00000000, 1.00000000, 1.00000000
0.232323232323, 0.090909090909, 1.19261019, 1.00000000, 1.00000000, 1.00000000
0.232323232323, 0.101010101010, 1.19348365, 1.00000000, 1.00000000, 1.00000000
0.232323232323, 0.111111111111, 1.19364416, 1.00000000, 1.00000000, 1.00000000
0.232323232323, 0.121212121212, 1.19305990, 1.00000000, 1.00000000, 1.00000000
0.232323232323, 0.131313131313, 1.19171424, 1.00000000, 1.00000000, 1.00000000
0.232323232323, 0.141414141414, 1.18960268, 1.00000000, 1.00000000, 1.00000000
0.232323232323, 0.151515151515, 1.18672931, 1.00000000, 1.00000000, 1.00000000
0.232323232323, 0.161616161616, 1.18310404, 1.00000000, 1.00000000, 1.00000000
0.232323232323, 0.171717171717, 1.17874099, 1.00000000, 1.00000000, 1.00000000
0.232323232323, 0.181818181818, 1.17365771, 1.00000000, 1.00000000, 1.00000000
0.232323232323, 0.191919191919, 1.16787480, 1.00000000, 1.00000000, 1.00000000
0.232323232323, 0.202020202020, 1.16141572, 1.00000000, 1.00000000, 1.00000000
0.232323232323, 0.212121212121, 1.15430672, 1.00000000, 1.00000000, 1.00000000
0.232323232323, 0.222222222222, 1.14657664, 1.00000000, 1.00000000, 1.00000000
0.232323232323, 0.232323232323, 1.13825684, 1.00000000, 1.00000000, 1.00000000
0.232323232323, 0.242424242424, 1.12938109, 1.00000000, 1.00000000, 1.00000000
0.232323232323, 0.252525252525, 1.11998539, 1.00000000, 1.00000000, 1.00000000
0.232323232323, 0.262626262626, 1.11010781, 1.00000000, 1.00000000, 1.00000000
0.232323232323, 0.272727272727, 1.09978841, 1.00000000, 1.00000000, 1.00000000
0.232323232323, 0.282828282828, 1.08906897, 1.00000000, 1.00000000, 1.00000000
0.232323232323, 0.292929292929, 1.07799293, 1.00000000, 1.00000000, 1.00000000
0.232323232323, 0.303030303030, 1.06660511, 1.00000000, 1.00000000, 1.00000000
0.232323232323, 0.313131313131, 1.05495159, 1.00000000, 1.00000000, 1.00000000
0.232323232323, 0.323232323232, 1.04307949, 1.00000000, 1.00000000, 1.00000000
0.232323232323, 0.333333333333, 1.03103680, 1.00000000, 1.00000000, 1.00000000
0.232323232323, 0.343434343434, 1.01887216, 1.00000000, 1.00000000, 1.00000000
0.232323232323, 0.353535353535, 1.00663468, 1.00000000, 1.00000000, 1.00000000
0.232323232323, 0.363636363636, 0.99437372, 1.00000000, 1.00000000, 1.00000000
0.232323232323, 0.373737373737, 0.98213870, 1.00000000, 1.00000000, 1.00000000
0.232323232323, 0.383838383838, 0.96997890, 1.00000000, 1.00000000, 1.00000000
0.232323232323, 0.393939393939, 0.95794326, 1.00000000, 1.00000000, 1.00000000
0.232323232323, 0.404040404040, 0.94608017, 1.00000000, 1.00000000, 1.00000000
0.232323232323, 0.414141414141, 0.93443728, 1.00000000, 1.00000000, 1.00000000
0.232323232323, 0.424242424242, 0.92306132, 1.00000000, 1.00000000, 1.00000000
0.232323232323, 0.434343434343, 0.91199791, 1.00000000, 1.00000000, 1.00000000
0.232323232323, 0.444444444444, 0.90129136, 1.00000000, 1.00000000, 1.00000000
0.232323232323, 0.454545454545, 0.89098450, 1.00000000, 1.00000000, 1.00000000
0.232323232323, 0.464646464646, 0.88111854, 1.00000000, 1.00000000, 1.00000000
0.232323232323, 0.474747474747, 0.87173287, 1.00000000, 1.00000000, 1.00000000
0.232323232323, 0.484848484848, 0.86286494, 1.00000000, 1.00000000, 1.00000000
0.232323232323, 0.494949494949, 0.85455007, 1.00000000, 1.00000000, 1.00000000
0.232323232323, 0.505050505051, 0.84682139, 1.00000000, 1.00000000, 1.00000000
0.232323232323, 0.515151515152, 0.83970963, 1.00000000, 1.00000000, 1.00000000
0.232323232323, 0.525252525253, 0.83324306, 1.00000000, 1.00000000, 1.00000000
0.232323232323, 0.535353535354, 0.82744739, 1.00000000, 1.00000000, 1.00000000
0.232323232323, 0.545454545455, 0.82234562, 1.00000000, 1.00000000, 1.00000000
0.232323232323, 0.555555555556, 0.81795803, 1.00000000, 1.00000000, 1.00000000
0.232323232323, 0.565656565657, 0.81430205, 1.00000000, 1.00000000, 1.00000000
0.232323232323, 0.575757575758, 0.81139222, 1.00000000, 1.00000000, 1.00000000
0.232323232323, 0.585858585859, 0.80924015, 1.00000000, 1.00000000, 1.00000000
0.232323232323, 0.595959595960, 0.80785447, 1.00000000, 1.00000000, 1.00000000
0.232323232323, 0.606060606061, 0.80724078, 1.00000000, 1.00000000, 1.00000000
0.232323232323, 0.616161616162, 0.80740158, 1.00000000, 1.00000000, 1.00000000
0.232323232323, 0.626262626263, 0.80833615, 1.00000000, 1.00000000, 1.00000000
0.232323232323, 0.636363636364, 0.81004074, 1.00000000, 1.00000000, 1.00000000
0.232323232323, 0.646464646465, 0.81250857, 1.00000000, 1.00000000, 1.00000000
0.232323232323, 0.656565656566, 0.81572985, 1.00000000, 1.00000000, 1.00000000
0.232323232323, 0.666666666667, 0.81969182, 1.00000000, 1.00000000, 1.00000000
0.232323232323, 0.676767676768, 0.82437880, 1.00000000, 1.00000000, 1.00000000
0.232323232323, 0.686868686869, 0.82977220, 1.00000000, 1.00000000, 1.00000000
0.232323232323, 0.696969696970, 0.83585065, 1.00000000, 1.00000000, 1.00000000
0.232323232323, 0.707070707071, 0.84259003, 1.00000000, 1.00000000, 1.00000000
0.232323232323, 0.717171717172, 0.84996358, 1.00000000, 1.00000000, 1.00000000
0.232323232323, 0.727272727273, 0.85794198, 1.00000000, 1.00000000, 1.00000000
0.232323232323, 0.737373737374, 0.86649347, 1.00000000, 1.00000000, 1.00000000
0.232323232323, 0.747474747475, 0.87558398, 1.00000000, 1.00000000, 1.00000000
0.232323232323, 0.757575757576, 0.88517725, 1.00000000, 1.00000000, 1.00000000
0.232323232323, 0.767676767677, 0.89523496, 1.00000000, 1.00000000, 1.00000000
0.232323232323, 0.777777777778, 0.90571690, 1.00000000, 1.00000000, 1.00000000
0.232323232323, 0.787878787879, 0.91658111, 1.00000000, 1.00000000, 1.00000000
0.232323232323, 0.797979797980, 0.92778406, 1.00000000, 1.00000000, 1.00000000
0.232323232323, 0.808080808081, 0.93928082, 1.00000000, 1.00000000, 1.00000000
0.232323232323, 0.818181818182, 0.95102522, 1.00000000, 1.00000000, 1.00000000
0.232323232323, 0.828282828283, 0.96297005, 1.00000000, 1.00000000, 1.00000000
0.232323232323, 0.838383838384, 0.97506728, 1.00000000, 1.00000000, 1.00000000
0.232323232323, 0.848484848485, 0.98726819, 1.00000000, 1.00000000, 1.00000000
0.232323232323, 0.858585858586, 0.99952363, 1.00000000, 1.00000000, 1.00000000
0.232323232323, 0.868686868687, 1.01178417, 1.00000000, 1.00000000, 1.00000000
0.232323232323, 0.878787878788, 1.02400034, 1.00000000, 1.00000000, 1.00000000
0.232323232323, 0.888888888889, 1.03612281, 1.00000000, 1.00000000, 1.00000000
0.232323232323, 0.898989898990, 1.04810261, 1.00000000, 1.00000000, 1.00000000
0.232323232323, 0.909090909091, 1.05989131, 1.00000000, 1.00000000, 1.00000000
0.232323232323, 0.919191919192, 1.07144121, 1.00000000, 1.00000000, 1.00000000
0.232323232323, 0.929292929293, 1.08270555, 1.00000000, 1.00000000, 1.00000000
0.232323232323, 0.939393939394, 1.09363855, 1.00000000, 1.00000000, 1.00000000
0.232323232323, 0.949494949495, 1.10419545, 1.00000000, 1.00000000, 1.00000000
0.232323232323, 0.959595959596, 1.11433205, 1.00000000, 1.00000000, 1.00000000
0.242424242424, -0.000000000000, 1.16395423, 1.00000000, 1.00000000, 1.00000000
0.242424242424, 0.010101010101, 1.16993542, 1.00000000, 1.00000000, 1.00000000
0.242424242424, 0.020202020202, 1.17517576, 1.00000000, 1.00000000, 1.00000000
0.242424242424, 0.030303030303, 1.17968994, 1.00000000, 1.00000000, 1.00000000
0.242424242424, 0.040404040404, 1.18351969, 1.00000000, 1.00000000, 1.00000000
0.242424242424, 0.050505050505, 1.18671766, 1.00000000, 1.00000000, 1.00000000
0.242424242424, 0.060606060606, 1.18932501, 1.00000000, 1.00000000, 1.00000000
0.242424242424, 0.070707070707, 1.19135438, 1.00000000, 1.00000000, 1.00000000
0.242424242424, 0.080808080808, 1.19278672, 1.00000000, 1.00000000, 1.00000000
0.242424242424, 0.090909090909, 1.19358154, 1.00000000, 1.00000000, 1.00000000
0.242424242424, 0.101010101010, 1.19369263, 1.00000000, 1.00000000, 1.00000000
0.242424242424, 0.111111111111, 1.19308135, 1.00000000, 1.00000000, 1.00000000
0.242424242424, 0.121212121212, 1.19172270, 1.00000000, 1.00000000, 1.00000000
0.242424242424, 0.131313131313, 1.18960566, 1.00000000, 1.00000000, 1.00000000
0.242424242424, 0.141414141414, 1.18673025, 1.00000000, 1.00000000, 1.00000000
0.242424242424, 0.151515151515, 1.18310430, 1.00000000, 1.00000000, 1.00000000
0.242424242424, 0.161616161616, 1.17874106, 1.00000000, 1.00000000, 1.00000000
0.242424242424, 0.171717171717, 1.17365773, 1.00000000, 1.00000000, 1.00000000
0.242424242424, 0.181818181818, 1.16787480, 1.00000000, 1.00000000, 1.00000000
0.242424242424, 0.191919191919, 1.16141572, 1.00000000, 1.00000000, 1.00000000
0.242424242424, 0.202020202020, 1.15430672, 1.00000000, 1.00000000, 1.00000000
0.242424242424, 0.212121212121, 1.14657664, 1.00000000, 1.00000000, 1.00000000
0.242424242424, 0.222222222222, 1.13825684, 1.00000000, 1.00000000, 1.00000000
0.242424242424, 0.232323232323, 1.12938109, 1.00000000, 1.00000000, 1.00000000
0.242424242424, 0.242424242424, 1.11998539, 1.00000000, 1.00000000, 1.00000000
0.242424242424, 0.252525252525, 1.11010781, 1.00000000, 1.00000000, 1.00000000
0.242424242424, 0.262626262626, 1.09978841, 1.00000000, 1.00000000, 1.00000000
0.242424242424, 0.272727272727, 1.08906897, 1.00000000, 1.00000000, 1.00000000
0.242424242424, 0.282828282828, 1.07799293, 1.00000000, 1.00000000, 1.00000000
0.242424242424, 0.292929292929, 1.06660511, 1.00000000, 1.00000000, 1.00000000
0.242424242424, 0.303030303030, 1.05495159, 1.00000000, 1.00000000, 1.00000000
0.242424242424, 0.313131313131, 1.04307949, 1.00000000, 1.00000000, 1.00000000
0.242424242424, 0.323232323232, 1.03103680, 1.00000000, 1.00000000, 1.00000000
0.242424242424, 0.333333333333, 1.01887216, 1.00000000, 1.00000000, 1.00000000
0.242424242424, 0.343434343434, 1.00663468, 1.00000000, 1.00000000, 1.00000000
0.242424242424, 0.353535353535, 0.99437372, 1.00000000, 1.00000000, 1.00000000
0.242424242424, 0.363636363636, 0.98213870, 1.00000000, 1.00000000, 1.00000000
0.242424242424, 0.373737373737, 0.96997890, 1.00000000, 1.00000000, 1.00000000
0.242424242424, 0.383838383838, 0.95794326, 1.00000000, 1.00000000, 1.00000000
0.242424242424, 0.393939393939, 0.94608017, 1.00000000, 1.00000000, 1.00000000
0.242424242424, 0.404040404040, 0.93443728, 1.00000000, 1.00000000, 1.00000000
0.242424242424, 0.414141414141, 0.92306132, 1.00000000, 1.00000000, 1.00000000
0.242424242424, 0.424242424242, 0.91199791, 1.00000000, 1.00000000, 1.00000000
0.242424242424, 0.434343434343, 0.90129136, 1.00000000, 1.00000000, 1.00000000
0.242424242424, 0.444444444444, 0.89098450, 1.00000000, 1.00000000, 1.00000000
0.242424242424, 0.454545454545, 0.88111854, 1.00000000, 1.00000000, 1.00000000
0.242424242424, 0.464646464646, 0.87173287, 1.00000000, 1.00000000, 1.00000000
0.242424242424, 0.474747474747, 0.86286494, 1.00000000, 1.00000000, 1.00000000
0.242424242424, 0.484848484848, 0.85455007, 1.00000000, 1.00000000, 1.00000000
0.242424242424, 0.494949494949, 0.84682139, 1.00000000, 1.00000000, 1.00000000
0.242424242424, 0.505050505051, 0.83970963, 1.00000000, 1.00000000, 1.00000000
0.242424242424, 0.515151515152, 0.83324306, 1.00000000, 1.00000000, 1.00000000
0.242424242424, 0.525252525253, 0.82744739, 1.00000000, 1.00000000, 1.00000000
0.242424242424, 0.535353535354, 0.82234562, 1.00000000, 1.00000000, 1.00000000
0.242424242424, 0.545454545455, 0.81795803, 1.00000000, 1.00000000, 1.00000000
0.242424242424, 0.555555555556, 0.81430205, 1.00000000, 1.00000000, 1.00000000
0.242424242424, 0.565656565657, 0.81139222, 1.00000000, 1.00000000, 1.00000000
0.242424242424, 0.575757575758, 0.80924015, 1.00000000, 1.00000000, 1.00000000
0.242424242424, 0.585858585859, 0.80785447, 1.00000000, 1.00000000, 1.00000000
0.242424242424, 0.595959595960, 0.80724078, 1.00000000, 1.00000000, 1.00000000
0.242424242424, 0.606060606061, 0.80740158, 1.00000000, 1.00000000, 1.00000000
0.242424242424, 0.616161616162, 0.80833615, 1.00000000, 1.00000000, 1.00000000
0.242424242424, 0.626262626263, 0.81004074, 1.00000000, 1.00000000, 1.00000000
0.242424242424, 0.636363636364, 0.81250857, 1.00000000, 1.00000000, 1.00000000
0.242424242424, 0.646464646465, 0.81572985, 1.00000000, 1.00000000, 1.00000000
0.242424242424, 0.656565656566, 0.81969182, 1.00000000, 1.00000000, 1.00000000
0.242424242424, 0.666666666667, 0.82437880, 1.00000000, 1.00000000, 1.00000000
0.242424242424, 0.676767676768, 0.82977220, 1.00000000, 1.00000000, 1.00000000
0.242424242424, 0.686868686869, 0.83585065, 1.00000000, 1.00000000, 1.00000000
0.242424242424, 0.696969696970, 0.84259003, 1.00000000, 1.00000000, 1.00000000
0.242424242424, 0.707070707071, 0.84996358, 1.00000000, 1.00000000, 1.00000000
0.242424242424, 0.717171717172, 0.85794198, 1.00000000, 1.00000000, 1.00000000
0.242424242424, 0.727272727273, 0.86649347, 1.00000000, 1.00000000, 1.00000000
0.242424242424, 0.737373737374, 0.87558398, 1.00000000, 1.00000000, 1.00000000
0.242424242424, 0.747474747475, 0.88517725, 1.00000000, 1.00000000, 1.00000000
0.242424242424, 0.757575757576, 0.89523496, 1.00000000, 1.00000000, 1.00000000
0.242424242424, 0.767676767677, 0.90571690, 1.00000000, 1.00000000, 1.00000000
0.242424242424, 0.777777777778, 0.91658111, 1.00000000, 1.00000000, 1.00000000
0.242424242424, 0.787878787879, 0.92778406, 1.00000000, 1.00000000, 1.00000000
0.242424242424, 0.797979797980, 0.93928082, 1.00000000, 1.00000000, 1.00000000
0.242424242424, 0.808080808081, 0.95102522, 1.00000000, 1.00000000, 1.00000000
0.242424242424, 0.818181818182, 0.96297005, 1.00000000, 1.00000000, 1.00000000
0.242424242424, 0.828282828283, 0.97506728, 1.00000000, 1.00000000, 1.00000000
0.242424242424, 0.838383838384, 0.98726819, 1.00000000, 1.00000000, 1.00000000
0.242424242424, 0.848484848485, 0.99952363, 1.00000000, 1.00000000, 1.00000000
0.242424242424, 0.858585858586, 1.01178417, 1.00000000, 1.00000000, 1.00000000
0.242424242424, 0.868686868687, 1.02400034, 1.00000000, 1.00000000, 1.00000000
0.242424242424, 0.878787878788, 1.03612281, 1.00000000, 1.00000000, 1.00000000
0.242424242424, 0.888888888889, 1.04810261, 1.00000000, 1.00000000, 1.00000000
0.242424242424, 0.898989898990, 1.05989131, 1.00000000, 1.00000000, 1.00000000
0.242424242424, 0.909090909091, 1.07144123, 1.00000000, 1.00000000, 1.00000000
0.242424242424, 0.919191919192, 1.08270562, 1.00000000, 1.00000000, 1.00000000
0.242424242424, 0.929292929293, 1.09363885, 1.00000000, 1.00000000, 1.00000000
0.242424242424, 0.939393939394, 1.10419653, 1.00000000, 1.00000000, 1.00000000
0.242424242424, 0.949494949495, 1.11433546, 1.00000000, 1.00000000, 1.00000000
0.242424242424, 0.959595959596, 1.12401340, 1.00000000, 1.00000000, 1.00000000
0.252525252525, -0.000000000000, 1.17019722, 1.00000000, 1.00000000, 1.00000000
0.252525252525, 0.010101010101, 1.17554330, 1.00000000, 1.00000000, 1.00000000
0.252525252525, 0.020202020202, 1.18014774, 1.00000000, 1.00000000, 1.00000000
0.252525252525, 0.030303030303, 1.18402586, 1.00000000, 1.00000000, 1.00000000
0.252525252525, 0.040404040404, 1.18721484, 1.00000000, 1.00000000, 1.00000000
0.252525252525, 0.050505050505, 1.18975923, 1.00000000, 1.00000000, 1.00000000
0.252525252525, 0.060606060606, 1.19169191, 1.00000000, 1.00000000, 1.00000000
0.252525252525, 0.070707070707, 1.19302045, 1.00000000, 1.00000000, 1.00000000
0.252525252525, 0.080808080808, 1.19372583, 1.00000000, 1.00000000, 1.00000000
0.252525252525, 0.090909090909, 1.19377210, 1.00000000, 1.00000000, 1.00000000
0.252525252525, 0.101010101010, 1.19312040, 1.00000000, 1.00000000, 1.00000000
0.252525252525, 0.111111111111, 1.19173983, 1.00000000, 1.00000000, 1.00000000
0.252525252525, 0.121212121212, 1.18961236, 1.00000000, 1.00000000, 1.00000000
0.252525252525, 0.131313131313, 1.18673259, 1.00000000, 1.00000000, 1.00000000
0.252525252525, 0.141414141414, 1.18310503, 1.00000000, 1.00000000, 1.00000000
0.252525252525, 0.151515151515, 1.17874126, 1.00000000, 1.00000000, 1.00000000
0.252525252525, 0.161616161616, 1.17365777, 1.00000000, 1.00000000, 1.00000000
0.252525252525, 0.171717171717, 1.16787481, 1.00000000, 1.00000000, 1.00000000
0.252525252525, 0.181818181818, 1.16141573, 1.00000000, 1.00000000, 1.00000000
0.252525252525, 0.191919191919, 1.15430672, 1.00000000, 1.00000000, 1.00000000
0.252525252525, 0.202020202020, 1.14657664, 1.00000000, 1.00000000, 1.00000000
0.252525252525, 0.212121212121, 1.13825684, 1.00000000, 1.00000000, 1.00000000
0.252525252525, 0.222222222222, 1.12938109, 1.00000000, 1.00000000, 1.00000000
0.252525252525, 0.232323232323, 1.11998539, 1.00000000, 1.00000000, 1.00000000
0.252525252525, 0.242424242424, 1.11010781, 1.00000000, 1.00000000, 1.00000000
0.252525252525, 0.252525252525, 1.09978841, 1.00000000, 1.00000000, 1.00000000
0.252525252525, 0.262626262626, 1.08906897, 1.00000000, 1.00000000, 1.00000000
0.252525252525, 0.272727272727, 1.07799293, 1.00000000, 1.00000000, 1.00000000
0.252525252525, 0.282828282828, 1.06660511, 1.00000000, 1.00000000, 1.00000000
0.252525252525, 0.292929292929, 1.05495159, 1.00000000, 1.00000000, 1.00000000
0.252525252525, 0.303030303030, 1.04307949, 1.00000000, 1.00000000, 1.00000000
0.252525252525, 0.313131313131, 1.03103680, 1.00000000, 1.00000000, 1.00000000
0.252525252525, 0.323232323232, 1.01887216, 1.00000000, 1.00000000, 1.00000000
0.252525252525, 0.333333333333, 1.00663468, 1.00000000, 1.00000000, 1.00000000
0.252525252525, 0.343434343434, 0.99437372, 1.00000000, 1.00000000, 1.00000000
0.252525252525, 0.353535353535, 0.98213870, 1.00000000, 1.00000000, 1.00000000
0.252525252525, 0.363636363636, 0.96997890, 1.00000000, 1.00000000, 1.00000000
0.252525252525, 0.373737373737, 0.95794326, 1.00000000, 1.00000000, 1.00000000
0.252525252525, 0.383838383838, 0.94608017, 1.00000000, 1.00000000, 1.00000000
0.252525252525, 0.393939393939, 0.93443728, 1.00000000, 1.00000000, 1.00000000
0.252525252525, 0.404040404040, 0.92306132, 1.00000000, 1.00000000, 1.00000000
0.252525252525, 0.414141414141, 0.91199791, 1.00000000, 1.00000000, 1.00000000
0.252525252525, 0.424242424242, 0.90129136, 1.00000000, 1.00000000, 1.00000000
0.252525252525, 0.434343434343, 0.89098450, 1.00000000, 1.00000000, 1.00000000
0.252525252525, 0.444444444444, 0.88111854, 1.00000000, 1.00000000, 1.00000000
0.252525252525, 0.454545454545, 0.87173287, 1.00000000, 1.00000000, 1.00000000
0.252525252525, 0.464646464646, 0.86286494, 1.00000000, 1.00000000, 1.00000000
0.252525252525, 0.474747474747, 0.85455007, 1.00000000, 1.00000000, 1.00000000
0.252525252525, 0.484848484848, 0.84682139, 1.00000000, 1.00000000, 1.00000000
0.252525252525, 0.494949494949, 0.83970963, 1.00000000, 1.00000000, 1.00000000
0.252525252525, 0.505050505051, 0.83324306, 1.00000000, 1.00000000, 1.00000000
0.252525252525, 0.515151515152, 0.82744739, 1.00000000, 1.00000000, 1.00000000
0.252525252525, 0.525252525253, 0.82234562, 1.00000000, 1.00000000, 1.00000000
0.252525252525, 0.535353535354, 0.81795803, 1.00000000, 1.00000000, 1.00000000
0.252525252525, 0.545454545455, 0.81430205, 1.00000000, 1.00000000, 1.00000000
0.252525252525, 0.555555555556, 0.81139222, 1.00000000, 1.00000000, 1.00000000
0.252525252525, 0.565656565657, 0.80924015, 1.00000000, 1.00000000, 1.00000000
0.252525252525, 0.575757575758, 0.80785447, 1.00000000, 1.00000000, 1.00000000
0.252525252525, 0.585858585859, 0.80724078, 1.00000000, 1.00000000, 1.00000000
0.252525252525, 0.595959595960, 0.80740158, 1.00000000, 1.00000000, 1.00000000
0.252525252525, 0.606060606061, 0.80833615, 1.00000000, 1.00000000, 1.00000000
0.252525252525, 0.616161616162, 0.81004074, 1.00000000, 1.00000000, 1.00000000
0.252525252525, 0.626262626263, 0.81250857, 1.00000000, 1.00000000, 1.00000000
0.252525252525, 0.636363636364, 0.81572985, 1.00000000, 1.00000000, 1.00000000
0.252525252525, 0.646464646465, 0.81969182, 1.00000000, 1.00000000, 1.00000000
0.252525252525, 0.656565656566, 0.82437880, 1.00000000, 1.00000000, 1.00000000
0.252525252525, 0.666666666667, 0.82977220, 1.00000000, 1.00000000, 1.00000000
0.252525252525, 0.676767676768, 0.83585065, 1.00000000, 1.00000000, 1.00000000
0.252525252525, 0.686868686869, 0.84259003, 1.00000000, 1.00000000, 1.00000000
0.252525252525, 0.696969696970, 0.84996358, 1.00000000, 1.00000000, 1.00000000
0.252525252525, 0.707070707071, 0.85794198, 1.00000000, 1.00000000, 1.00000000
0.252525252525, 0.717171717172, 0.86649347, 1.00000000, 1.00000000, 1.00000000
0.252525252525, 0.727272727273, 0.87558398, 1.00000000, 1.00000000, 1.00000000
0.252525252525, 0.737373737374, 0.88517725, 1.00000000, 1.00000000, 1.00000000
0.252525252525, 0.747474747475, 0.89523496, 1.00000000, 1.00000000, 1.00000000
0.252525252525, 0.757575757576, 0.90571690, 1.00000000, 1.00000000, 1.00000000
0.252525252525, 0.767676767677, 0.91658111, 1.00000000, 1.00000000, 1.00000000
0.252525252525, 0.777777777778, 0.92778406, 1.00000000, 1.00000000, 1.00000000
0.252525252525, 0.787878787879, 0.93928082, 1.00000000, 1.00000000, 1.00000000
0.252525252525, 0.797979797980, 0.95102522, 1.00000000, 1.00000000, 1.00000000
0.252525252525, 0.808080808081, 0.96297005, 1.00000000, 1.00000000, 1.00000000
0.252525252525, 0.818181818182, 0.97506728, 1.00000000, 1.00000000, 1.00000000
0.252525252525, 0.828282828283, 0.98726819, 1.00000000, 1.00000000, 1.00000000
0.252525252525, 0.838383838384, 0.99952363, 1.00000000, 1.00000000, 1.00000000
0.252525252525, 0.848484848485, 1.01178417, 1.00000000, 1.00000000, 1.00000000
0.252525252525, 0.858585858586, 1.02400034, 1.00000000, 1.00000000, 1.00000000
0.252525252525, 0.868686868687, 1.03612281, 1.00000000, 1.00000000, 1.00000000
0.252525252525, 0.878787878788, 1.04810261, 1.00000000, 1.00000000, 1.00000000
0.252525252525, 0.888888888889, 1.05989131, 1.00000000, 1.00000000, 1.00000000
0.252525252525, 0.898989898990, 1.07144123, 1.00000000, 1.00000000, 1.00000000
0.252525252525, 0.909090909091, 1.08270564, 1.00000000, 1.00000000, 1.00000000
0.252525252525, 0.919191919192, 1.09363892, 1.00000000, 1.00000000, 1.00000000
0.252525252525, 0.929292929293, 1.10419677, 1.00000000, 1.00000000, 1.00000000
0.252525252525, 0.939393939394, 1.11433634, 1.00000000, 1.00000000, 1.00000000
0.252525252525, 0.949494949495, 1.12401621, 1.00000000, 1.00000000, 1.00000000
0.252525252525, 0.959595959596, 1.13319625, 1.00000000, 1.00000000, 1.00000000
0.262626262626, -0.000000000000, 1.17575415, 1.00000000, 1.00000000, 1.00000000
0.262626262626, 0.010101010101, 1.18044343, 1.00000000, 1.00000000, 1.00000000
0.262626262626, 0.020202020202, 1.18439333, 1.00000000, 1.00000000, 1.00000000
0.262626262626, 0.030303030303, 1.18761975, 1.00000000, 1.00000000, 1.00000000
0.262626262626, 0.040404040404, 1.19015514, 1.00000000, 1.00000000, 1.00000000
0.262626262626, 0.050505050505, 1.19203570, 1.00000000, 1.00000000, 1.00000000
0.262626262626, 0.060606060606, 1.19328586, 1.00000000, 1.00000000, 1.00000000
0.262626262626, 0.070707070707, 1.19390813, 1.00000000, 1.00000000, 1.00000000
0.262626262626, 0.080808080808, 1.19388360, 1.00000000, 1.00000000, 1.00000000
0.262626262626, 0.090909090909, 1.19318115, 1.00000000, 1.00000000, 1.00000000
0.262626262626, 0.101010101010, 1.19176933, 1.00000000, 1.00000000, 1.00000000
0.262626262626, 0.111111111111, 1.18962512, 1.00000000, 1.00000000, 1.00000000
0.262626262626, 0.121212121212, 1.18673750, 1.00000000, 1.00000000, 1.00000000
0.262626262626, 0.131313131313, 1.18310671, 1.00000000, 1.00000000, 1.00000000
0.262626262626, 0.141414141414, 1.17874177, 1.00000000, 1.00000000, 1.00000000
0.262626262626, 0.151515151515, 1.17365791, 1.00000000, 1.00000000, 1.00000000
0.262626262626, 0.161616161616, 1.16787484, 1.00000000, 1.00000000, 1.00000000
0.262626262626, 0.171717171717, 1.16141573, 1.00000000, 1.00000000, 1.00000000
0.262626262626, 0.181818181818, 1.15430672, 1.00000000, 1.00000000, 1.00000000
0.262626262626, 0.191919191919, 1.14657664, 1.00000000, 1.00000000, 1.00000000
0.262626262626, 0.202020202020, 1.13825684, 1.00000000, 1.00000000, 1.00000000
0.262626262626, 0.212121212121, 1.12938109, 1.00000000, 1.00000000, 1.00000000
0.262626262626, 0.222222222222, 1.11998539, 1.00000000, 1.00000000, 1.00000000
0.262626262626, 0.232323232323, 1.11010781, 1.00000000, 1.00000000, 1.00000000
0.262626262626, 0.242424242424, 1.09978841, 1.00000000, 1.00000000, 1.00000000
0.262626262626, 0.252525252525, 1.08906897, 1.00000000, 1.00000000, 1.00000000
0.262626262626, 0.262626262626, 1.07799293, 1.00000000, 1.00000000, 1.00000000
0.262626262626, 0.272727272727, 1.06660511, 1.00000000, 1.00000000, 1.00000000
0.262626262626, 0.282828282828, 1.05495159, 1.00000000, 1.00000000, 1.00000000
0.262626262626, 0.292929292929, 1.04307949, 1.00000000, 1.00000000, 1.00000000
0.262626262626, 0.303030303030, 1.03103680, 1.00000000, 1.00000000, 1.00000000
0.262626262626, 0.313131313131, 1.01887216, 1.00000000, 1.00000000, 1.00000000
0.262626262626, 0.323232323232, 1.00663468, 1.00000000, 1.00000000, 1.00000000
0.262626262626, 0.333333333333, 0.99437372, 1.00000000, 1.00000000, 1.00000000
0.262626262626, 0.343434343434, 0.98213870, 1.00000000, 1.00000000, 1.00000000
0.262626262626, 0.353535353535, 0.96997890, 1.00000000, 1.00000000, 1.00000000
0.262626262626, 0.363636363636, 0.95794326, 1.00000000, 1.00000000, 1.00000000
0.262626262626, 0.373737373737, 0.94608017, 1.00000000, 1.00000000, 1.00000000
0.262626262626, 0.383838383838, 0.93443728, 1.00000000, 1.00000000, 1.00000000
0.262626262626, 0.393939393939, 0.92306132, 1.00000000, 1.00000000, 1.00000000
0.262626262626, 0.404040404040, 0.91199791, 1.00000000, 1.00000000, 1.00000000
0.262626262626, 0.414141414141, 0.90129136, 1.00000000, 1.00000000, 1.00000000
0.262626262626, 0.424242424242, 0.89098450, 1.00000000, 1.00000000, 1.00000000
0.262626262626, 0.434343434343, 0.88111854, 1.00000000, 1.00000000, 1.00000000
0.262626262626, 0.444444444444, 0.87173287, 1.00000000, 1.00000000, 1.00000000
0.262626262626, 0.454545454545, 0.86286494, 1.00000000, 1.00000000, 1.00000000
0.262626262626, 0.464646464646, 0.85455007, 1.00000000, 1.00000000, 1.00000000
0.262626262626, 0.474747474747, 0.84682139, 1.00000000, 1.00000000, 1.00000000
0.262626262626, 0.484848484848, 0.83970963, 1.00000000, 1.00000000, 1.00000000
0.262626262626, 0.494949494949, 0.83324306, 1.00000000, 1.00000000, 1.00000000
0.262626262626, 0.505050505051, 0.82744739, 1.00000000, 1.00000000, 1.00000000
0.262626262626, 0.515151515152, 0.82234562, 1.00000000, 1.00000000, 1.00000000
0.262626262626, 0.525252525253, 0.81795803, 1.00000000, 1.00000000, 1.00000000
0.262626262626, 0.535353535354, 0.81430205, 1.00000000, 1.00000000, 1.00000000
0.262626262626, 0.545454545455, 0.81139222, 1.00000000, 1.00000000, 1.00000000
0.262626262626, 0.555555555556, 0.80924015, 1.00000000, 1.00000000, 1.00000000
0.262626262626, 0.565656565657, 0.80785447, 1.00000000, 1.00000000, 1.00000000
0.262626262626, 0.575757575758, 0.80724078, 1.00000000, 1.00000000, 1.00000000
0.262626262626, 0.585858585859, 0.80740158, 1.00000000, 1.00000000, 1.00000000
0.262626262626, 0.595959595960, 0.80833615, 1.00000000, 1.00000000, 1.00000000
0.262626262626, 0.606060606061, 0.81004074, 1.00000000, 1.00000000, 1.00000000
0.262626262626, 0.616161616162, 0.81250857, 1.00000000, 1.00000000, 1.00000000
0.262626262626, 0.626262626263, 0.81572985, 1.00000000, 1.00000000, 1.00000000
0.262626262626, 0.636363636364, 0.81969182, 1.00000000, 1.00000000, 1.00000000
0.262626262626, 0.646464646465, 0.82437880, 1.00000000, 1.00000000, 1.00000000
0.262626262626, 0.656565656566, 0.82977220, 1.00000000, 1.00000000, 1.00000000
0.262626262626, 0.666666666667, 0.83585065, 1.00000000, 1.00000000, 1.00000000
0.262626262626, 0.676767676768, 0.84259003, 1.00000000, 1.00000000, 1.00000000
0.262626262626, 0.686868686869, 0.84996358, 1.00000000, 1.00000000, 1.00000000
0.262626262626, 0.696969696970, 0.85794198, 1.00000000, 1.00000000, 1.00000000
0.262626262626, 0.707070707071, 0.86649347, 1.00000000, 1.00000000, 1.00000000
0.262626262626, 0.717171717172, 0.87558398, 1.00000000, 1.00000000, 1.00000000
0.262626262626, 0.727272727273, 0.88517725, 1.00000000, 1.00000000, 1.00000000
0.262626262626, 0.737373737374, 0.89523496, 1.00000000, 1.00000000, 1.00000000
0.262626262626, 0.747474747475, 0.90571690, 1.00000000, 1.00000000, 1.00000000
0.262626262626, 0.757575757576, 0.91658111, 1.00000000, 1.00000000, 1.00000000
0.262626262626, 0.767676767677, 0.92778406, 1.00000000, 1.00000000, 1.00000000
0.262626262626, 0.777777777778, 0.93928082, 1.00000000, 1.00000000, 1.00000000
0.262626262626, 0.787878787879, 0.95102522, 1.00000000, 1.00000000, 1.00000000
0.262626262626, 0.797979797980, 0.96297005, 1.00000000, 1.00000000, 1.00000000
0.262626262626, 0.808080808081, 0.97506728, 1.00000000, 1.00000000, 1.00000000
0.262626262626, 0.818181818182, 0.98726819, 1.00000000, 1.00000000, 1.00000000
0.262626262626, 0.828282828283, 0.99952363, 1.00000000, 1.00000000, 1.00000000
0.262626262626, 0.838383838384, 1.01178417, 1.00000000, 1.00000000, 1.00000000
0.262626262626, 0.848484848485, 1.02400034, 1.00000000, 1.00000000, 1.00000000
0.262626262626, 0.858585858586, 1.03612281, 1.00000000, 1.00000000, 1.00000000
0.262626262626, 0.868686868687, 1.04810261, 1.00000000, 1.00000000, 1.00000000
0.262626262626, 0.878787878788, 1.05989131, 1.00000000, 1.00000000, 1.00000000
0.262626262626, 0.888888888889, 1.07144123, 1.00000000, 1.00000000, 1.00000000
0.262626262626, 0.898989898990, 1.08270564, 1.00000000, 1.00000000, 1.00000000
0.262626262626, 0.909090909091, 1.09363893, 1.00000000, 1.00000000, 1.00000000
0.262626262626, 0.919191919192, 1.10419682, 1.00000000, 1.00000000, 1.00000000
0.262626262626, 0.929292929293, 1.11433653, 1.00000000, 1.00000000, 1.00000000
0.262626262626, 0.939393939394, 1.12401690, 1.00000000, 1.00000000, 1.00000000
0.262626262626, 0.949494949495, 1.13319848, 1.00000000, 1.00000000, 1.00000000
0.262626262626, 0.959595959596, 1.14184339, 1.00000000, 1.00000000, 1.00000000
0.272727272727, -0.000000000000, 1.18060253, 1.00000000, 1.00000000, 1.00000000
0.272727272727, 0.010101010101, 1.18461598, 1.00000000, 1.00000000, 1.00000000
0.272727272727, 0.020202020202, 1.18789535, 1.00000000, 1.00000000, 1.00000000
0.272727272727, 0.030303030303, 1.19045706, 1.00000000, 1.00000000, 1.00000000
0.272727272727, 0.040404040404, 1.19232863, 1.00000000, 1.00000000, 1.00000000
0.272727272727, 0.050505050505, 1.19353777, 1.00000000, 1.00000000, 1.00000000
0.272727272727, 0.060606060606, 1.19410030, 1.00000000, 1.00000000, 1.00000000
0.272727272727, 0.070707070707, 1.19401373, 1.00000000, 1.00000000, 1.00000000
0.272727272727, 0.080808080808, 1.19325940, 1.00000000, 1.00000000, 1.00000000
0.272727272727, 0.090909090909, 1.19181112, 1.00000000, 1.00000000, 1.00000000
0.272727272727, 0.101010101010, 1.18964493, 1.00000000, 1.00000000, 1.00000000
0.272727272727, 0.111111111111, 1.18674582, 1.00000000, 1.00000000, 1.00000000
0.272727272727, 0.121212121212, 1.18310981, 1.00000000, 1.00000000, 1.00000000
0.272727272727, 0.131313131313, 1.17874279, 1.00000000, 1.00000000, 1.00000000
0.272727272727, 0.141414141414, 1.17365820, 1.00000000, 1.00000000, 1.00000000
0.272727272727, 0.151515151515, 1.16787492, 1.00000000, 1.00000000, 1.00000000
0.272727272727, 0.161616161616, 1.16141575, 1.00000000, 1.00000000, 1.00000000
0.272727272727, 0.171717171717, 1.15430672, 1.00000000, 1.00000000, 1.00000000
0.272727272727, 0.181818181818, 1.14657664, 1.00000000, 1.00000000, 1.00000000
0.272727272727, 0.191919191919, 1.13825684, 1.00000000, 1.00000000, 1.00000000
0.272727272727, 0.202020202020, 1.12938109, 1.00000000, 1.00000000, 1.00000000
0.272727272727, 0.212121212121, 1.11998539, 1.00000000, 1.00000000, 1.00000000
0.272727272727, 0.222222222222, 1.11010781, 1.00000000, 1.00000000, 1.00000000
0.272727272727, 0.232323232323, 1.09978841, 1.00000000, 1.00000000, 1.00000000
0.272727272727, 0.242424242424, 1.08906897, 1.00000000, 1.00000000, 1.00000000
0.272727272727, 0.252525252525, 1.07799293, 1.00000000, 1.00000000, 1.00000000
0.272727272727, 0.262626262626, 1.06660511, 1.00000000, 1.00000000, 1.00000000
0.272727272727, 0.272727272727, 1.05495159, 1.00000000, 1.00000000, 1.00000000
0.272727272727, 0.282828282828, 1.04307949, 1.00000000, 1.00000000, 1.00000000
0.272727272727, 0.292929292929, 1.03103680, 1.00000000, 1.00000000, 1.00000000
0.272727272727, 0.303030303030, 1.01887216, 1.00000000, 1.00000000, 1.00000000
0.272727272727, 0.313131313131, 1.00663468, 1.00000000, 1.00000000, 1.00000000
0.272727272727, 0.323232323232, 0.99437372, 1.00000000, 1.00000000, 1.00000000
0.272727272727, 0.333333333333, 0.98213870, 1.00000000, 1.00000000, 1.00000000
0.272727272727, 0.343434343434, 0.96997890, 1.00000000, 1.00000000, 1.00000000
0.272727272727, 0.353535353535, 0.95794326, 1.00000000, 1.00000000, 1.00000000
0.272727272727, 0.363636363636, 0.94608017, 1.00000000, 1.00000000, 1.00000000
0.272727272727, 0.373737373737, 0.93443728, 1.00000000, 1.00000000, 1.00000000
0.272727272727, 0.383838383838, 0.92306132, 1.00000000, 1.00000000, 1.00000000
0.272727272727, 0.393939393939, 0.91199791, 1.00000000, 1.00000000, 1.00000000
0.272727272727, 0.404040404040, 0.90129136, 1.00000000, 1.00000000, 1.00000000
0.272727272727, 0.414141414141, 0.89098450, 1.00000000, 1.00000000, 1.00000000
0.272727272727, 0.424242424242, 0.88111854, 1.00000000, 1.00000000, 1.00000000
0.272727272727, 0.434343434343, 0.87173287, 1.00000000, 1.00000000, 1.00000000
0.272727272727, 0.444444444444, 0.86286494, 1.00000000, 1.00000000, 1.00000000
0.272727272727, 0.454545454545, 0.85455007, 1.00000000, 1.00000000, 1.00000000
0.272727272727, 0.464646464646, 0.84682139, 1.00000000, 1.00000000, 1.00000000
0.272727272727, 0.474747474747, 0.83970963, 1.00000000, 1.00000000, 1.00000000
0.272727272727, 0.484848484848, 0.83324306, 1.00000000, 1.00000000, 1.00000000
0.272727272727, 0.494949494949, 0.82744739, 1.00000000, 1.00000000, 1.00000000
0.272727272727, 0.505050505051, 0.82234562, 1.00000000, 1.00000000, 1.00000000
0.272727272727, 0.515151515152, 0.81795803, 1.00000000, 1.00000000, 1.00000000
0.272727272727, 0.525252525253, 0.81430205, 1.00000000, 1.00000000, 1.00000000
0.272727272727, 0.535353535354, 0.81139222, 1.00000000, 1.00000000, 1.00000000
0.272727272727, 0.545454545455, 0.80924015, 1.00000000, 1.00000000, 1.00000000
0.272727272727, 0.555555555556, 0.80785447, 1.00000000, 1.00000000, 1.00000000
0.272727272727, 0.565656565657, 0.80724078, 1.00000000, 1.00000000, 1.00000000
0.272727272727, 0.575757575758, 0.80740158, 1.00000000, 1.00000000, 1.00000000
0.272727272727, 0.585858585859, 0.80833615, 1.00000000, 1.00000000, 1.00000000
0.272727272727, 0.595959595960, 0.81004074, 1.00000000, 1.00000000, 1.00000000
0.272727272727, 0.606060606061, 0.81250857, 1.00000000, 1.00000000, 1.00000000
0.272727272727, 0.616161616162, 0.81572985, 1.00000000, 1.00000000, 1.00000000
0.272727272727, 0.626262626263, 0.81969182, 1.00000000, 1.00000000, 1.00000000
0.272727272727, 0.636363636364, 0.82437880, 1.00000000, 1.00000000, 1.00000000
0.272727272727, 0.646464646465, 0.82977220, 1.00000000, 1.00000000, 1.00000000
0.272727272727, 0.656565656566, 0.83585065, 1.00000000, 1.00000000, 1.00000000
0.272727272727, 0.666666666667, 0.84259003, 1.00000000, 1.00000000, 1.00000000
0.272727272727, 0.676767676768, 0.84996358, 1.00000000, 1.00000000, 1.00000000
0.272727272727, 0.686868686869, 0.85794198, 1.00000000, 1.00000000, 1.00000000
0.272727272727, 0.696969696970, 0.86649347, 1.00000000, 1.00000000, 1.00000000
0.272727272727, 0.707070707071, 0.87558398, 1.00000000, 1.00000000, 1.00000000
0.272727272727, 0.717171717172, 0.88517725, 1.00000000, 1.00000000, 1.00000000
0.272727272727, 0.727272727273, 0.89523496, 1.00000000, 1.00000000, 1.00000000
0.272727272727, 0.737373737374, 0.90571690, 1.00000000, 1.00000000, 1.00000000
0.272727272727, 0.747474747475, 0.91658111, 1.00000000, 1.00000000, 1.00000000
0.272727272727, 0.757575757576, 0.92778406, 1.00000000, 1.00000000, 1.00000000
0.272727272727, 0.767676767677, 0.93928082, 1.00000000, 1.00000000, 1.00000000
0.272727272727, 0.777777777778, 0.95102522, 1.00000000, 1.00000000, 1.00000000
0.272727272727, 0.787878787879, 0.96297005, 1.00000000, 1.00000000, 1.00000000
0.272727272727, 0.797979797980, 0.97506728, 1.00000000, 1.00000000, 1.00000000
0.272727272727, 0.808080808081, 0.98726819, 1.00000000, 1.00000000, 1.00000000
0.272727272727, 0.818181818182, 0.99952363, 1.00000000, 1.00000000, 1.00000000
0.272727272727, 0.828282828283, 1.01178417, 1.00000000, 1.00000000, 1.00000000
0.272727272727, 0.838383838384, 1.02400034, 1.00000000, 1.00000000, 1.00000000
0.272727272727, 0.848484848485, 1.03612281, 1.00000000, 1.00000000, 1.00000000
0.272727272727, 0.858585858586, 1.04810261, 1.00000000, 1.00000000, 1.00000000
0.272727272727, 0.868686868687, 1.05989131, 1.00000000, 1.00000000, 1.00000000
0.272727272727, 0.878787878788, 1.07144123, 1.00000000, 1.00000000, 1.00000000
0.272727272727, 0.888888888889, 1.08270564, 1.00000000, 1.00000000, 1.00000000
0.272727272727, 0.898989898990, 1.09363893, 1.00000000, 1.00000000, 1.00000000
0.272727272727, 0.909090909091, 1.10419683, 1.00000000, 1.00000000, 1.00000000
0.272727272727, 0.919191919192, 1.11433656, 1.00000000, 1.00000000, 1.00000000
0.272727272727, 0.929292929293, 1.12401704, 1.00000000, 1.00000000, 1.00000000
0.272727272727, 0.939393939394, 1.13319898, 1.00000000, 1.00000000, 1.00000000
0.272727272727, 0.949494949495, 1.14184502, 1.00000000, 1.00000000, 1.00000000
0.272727272727, 0.959595959596, 1.14991975, 1.00000000, 1.00000000, 1.00000000
0.282828282828, -0.000000000000, 1.18472273, 1.00000000, 1.00000000, 1.00000000
0.282828282828, 0.010101010101, 1.18804404, 1.00000000, 1.00000000, 1.00000000
0.282828282828, 0.020202020202, 1.19063961, 1.00000000, 1.00000000, 1.00000000
0.282828282828, 0.030303030303, 1.19252624, 1.00000000, 1.00000000, 1.00000000
0.282828282828, 0.040404040404, 1.19372645, 1.00000000, 1.00000000, 1.00000000
0.282828282828, 0.050505050505, 1.19425924, 1.00000000, 1.00000000, 1.00000000
0.282828282828, 0.060606060606, 1.19413186, 1.00000000, 1.00000000, 1.00000000
0.282828282828, 0.070707070707, 1.19333683, 1.00000000, 1.00000000, 1.00000000
0.282828282828, 0.080808080808, 1.19185580, 1.00000000, 1.00000000, 1.00000000
0.282828282828, 0.090909090909, 1.18966759, 1.00000000, 1.00000000, 1.00000000
0.282828282828, 0.101010101010, 1.18675587, 1.00000000, 1.00000000, 1.00000000
0.282828282828, 0.111111111111, 1.18311367, 1.00000000, 1.00000000, 1.00000000
0.282828282828, 0.121212121212, 1.17874406, 1.00000000, 1.00000000, 1.00000000
0.282828282828, 0.131313131313, 1.17365855, 1.00000000, 1.00000000, 1.00000000
0.282828282828, 0.141414141414, 1.16787499, 1.00000000, 1.00000000, 1.00000000
0.282828282828, 0.151515151515, 1.16141576, 1.00000000, 1.00000000, 1.00000000
0.282828282828, 0.161616161616, 1.15430672, 1.00000000, 1.00000000, 1.00000000
0.282828282828, 0.171717171717, 1.14657663, 1.00000000, 1.00000000, 1.00000000
0.282828282828, 0.181818181818, 1.13825684, 1.00000000, 1.00000000, 1.00000000
0.282828282828, 0.191919191919, 1.12938109, 1.00000000, 1.00000000, 1.00000000
0.282828282828, 0.202020202020, 1.11998539, 1.00000000, 1.00000000, 1.00000000
0.282828282828, 0.212121212121, 1.11010781, 1.00000000, 1.00000000, 1.00000000
0.282828282828, 0.222222222222, 1.09978841, 1.00000000, 1.00000000, 1.00000000
0.282828282828, 0.232323232323, 1.08906897, 1.00000000, 1.00000000, 1.00000000
0.282828282828, 0.242424242424, 1.07799293, 1.00000000, 1.00000000, 1.00000000
0.282828282828, 0.252525252525, 1.06660511, 1.00000000, 1.00000000, 1.00000000
0.282828282828, 0.262626262626, 1.05495159, 1.00000000, 1.00000000, 1.00000000
0.282828282828, 0.272727272727, 1.04307949, 1.00000000, 1.00000000, 1.00000000
0.282828282828, 0.282828282828, 1.03103680, 1.00000000, 1.00000000, 1.00000000
0.282828282828, 0.292929292929, 1.01887216, 1.00000000, 1.00000000, 1.00000000
0.282828282828, 0.303030303030, 1.00663468, 1.00000000, 1.00000000, 1.00000000
0.282828282828, 0.313131313131, 0.99437372, 1.00000000, 1.00000000, 1.00000000
0.282828282828, 0.323232323232, 0.98213870, 1.00000000, 1.00000000, 1.00000000
0.282828282828, 0.333333333333, 0.96997890, 1.00000000, 1.00000000, 1.00000000
0.282828282828, 0.343434343434, 0.95794326, 1.00000000, 1.00000000, 1.00000000
0.282828282828, 0.353535353535, 0.94608017, 1.00000000, 1.00000000, 1.00000000
0.282828282828, 0.363636363636, 0.93443728, 1.00000000, 1.00000000, 1.00000000
0.282828282828, 0.373737373737, 0.92306132, 1.00000000, 1.00000000, 1.00000000
0.282828282828, 0.383838383838, 0.91199791, 1.00000000, 1.00000000, 1.00000000
0.282828282828, 0.393939393939, 0.90129136, 1.00000000, 1.00000000, 1.00000000
0.282828282828, 0.404040404040, 0.89098450, 1.00000000, 1.00000000, 1.00000000
0.282828282828, 0.414141414141, 0.88111854, 1.00000000, 1.00000000, 1.00000000
0.282828282828, 0.424242424242, 0.87173287, 1.00000000, 1.00000000, 1.00000000
0.282828282828, 0.434343434343, 0.86286494, 1.00000000, 1.00000000, 1.00000000
0.282828282828, 0.444444444444, 0.85455007, 1.00000000, 1.00000000, 1.00000000
0.282828282828, 0.454545454545, 0.84682139, 1.00000000, 1.00000000, 1.00000000
0.282828282828, 0.464646464646, 0.83970963, 1.00000000, 1.00000000, 1.00000000
0.282828282828, 0.474747474747, 0.83324306, 1.00000000, 1.00000000, 1.00000000
0.282828282828, 0.484848484848, 0.82744739, 1.00000000, 1.00000000, 1.00000000
0.282828282828, 0.494949494949, 0.82234562, 1.00000000, 1.00000000, 1.00000000
0.282828282828, 0.505050505051, 0.81795803, 1.00000000, 1.00000000, 1.00000000
0.282828282828, 0.515151515152, 0.81430205, 1.00000000, 1.00000000, 1.00000000
0.282828282828, 0.525252525253, 0.81139222, 1.00000000, 1.00000000, 1.00000000
0.282828282828, 0.535353535354, 0.80924015, 1.00000000, 1.00000000, 1.00000000
0.282828282828, 0.545454545455, 0.80785447, 1.00000000, 1.00000000, 1.00000000
0.282828282828, 0.555555555556, 0.80724078, 1.00000000, 1.00000000, 1.00000000
0.282828282828, 0.565656565657, 0.80740158, 1.00000000, 1.00000000, 1.00000000
0.282828282828, 0.575757575758, 0.80833615, 1.00000000, 1.00000000, 1.00000000
0.282828282828, 0.585858585859, 0.81004074, 1.00000000, 1.00000000, 1.00000000
0.282828282828, 0.595959595960, 0.81250857, 1.00000000, 1.00000000, 1.00000000
0.282828282828, 0.606060606061, 0.81572985, 1.00000000, 1.00000000, 1.00000000
0.282828282828, 0.616161616162, 0.81969182, 1.00000000, 1.00000000, 1.00000000
0.282828282828, 0.626262626263, 0.82437880, 1.00000000, 1.00000000, 1.00000000
0.282828282828, 0.636363636364, 0.82977220, 1.00000000, 1.00000000, 1.00000000
0.282828282828, 0.646464646465, 0.83585065, 1.00000000, 1.00000000, 1.00000000
0.282828282828, 0.656565656566, 0.84259003, 1.00000000, 1.00000000, 1.00000000
0.282828282828, 0.666666666667, 0.84996358, 1.00000000, 1.00000000, 1.00000000
0.282828282828, 0.676767676768, 0.85794198, 1.00000000, 1.00000000, 1.00000000
0.282828282828, 0.686868686869, 0.86649347, 1.00000000, 1.00000000, 1.00000000
0.282828282828, 0.696969696970, 0.87558398, 1.00000000, 1.00000000, 1.00000000
0.282828282828, 0.707070707071, 0.88517725, 1.00000000, 1.00000000, 1.00000000
0.282828282828, 0.717171717172, 0.89523496, 1.00000000, 1.00000000, 1.00000000
0.282828282828, 0.727272727273, 0.90571690, 1.00000000, 1.00000000, 1.00000000
0.282828282828, 0.737373737374, 0.91658111, 1.00000000, 1.00000000, 1.00000000
0.282828282828, 0.747474747475, 0.92778406, 1.00000000, 1.00000000, 1.00000000
0.282828282828, 0.757575757576, 0.93928082, 1.00000000, 1.00000000, 1.00000000
0.282828282828, 0.767676767677, 0.95102522, 1.00000000, 1.00000000, 1.00000000
0.282828282828, 0.777777777778, 0.96297005, 1.00000000, 1.00000000, 1.00000000
0.282828282828, 0.787878787879, 0.97506728, 1.00000000, 1.00000000, 1.00000000
0.282828282828, 0.797979797980, 0.98726819, 1.00000000, 1.00000000, 1.00000000
0.282828282828, 0.808080808081, 0.99952363, 1.00000000, 1.00000000, 1.00000000
0.282828282828, 0.818181818182, 1.01178417, 1.00000000, 1.00000000, 1.00000000
0.282828282828, 0.828282828283, 1.02400034, 1.00000000, 1.00000000, 1.00000000
0.282828282828, 0.838383838384, 1.03612281, 1.00000000, 1.00000000, 1.00000000
0.282828282828, 0.848484848485, 1.04810261, 1.00000000, 1.00000000, 1.00000000
0.282828282828, 0.858585858586, 1.05989131, 1.00000000, 1.00000000, 1.00000000
0.282828282828, 0.868686868687, 1.07144123, 1.00000000, 1.00000000, 1.00000000
0.282828282828, 0.878787878788, 1.08270564, 1.00000000, 1.00000000, 1.00000000
0.282828282828, 0.888888888889, 1.09363893, 1.00000000, 1.00000000, 1.00000000
0.282828282828, 0.898989898990, 1.10419683, 1.00000000, 1.00000000, 1.00000000
0.282828282828, 0.909090909091, 1.11433657, 1.00000000, 1.00000000, 1.00000000
0.282828282828, 0.919191919192, 1.12401706, 1.00000000, 1.00000000, 1.00000000
0.282828282828, 0.929292929293, 1.13319906, 1.00000000, 1.00000000, 1.00000000
0.282828282828, 0.939393939394, 1.14184534, 1.00000000, 1.00000000, 1.00000000
0.282828282828, 0.949494949495, 1.14992079, 1.00000000, 1.00000000, 1.00000000
0.282828282828, 0.959595959596, 1.15739256, 1.00000000, 1.00000000, 1.00000000
0.292929292929, -0.000000000000, 1.18809804, 1.00000000, 1.00000000, 1.00000000
0.292929292929, 0.010101010101, 1.19071373, 1.00000000, 1.00000000, 1.00000000
0.292929292929, 0.020202020202, 1.19261497, 1.00000000, 1.00000000, 1.00000000
0.292929292929, 0.030303030303, 1.19381891, 1.00000000, 1.00000000, 1.00000000
0.292929292929, 0.040404040404, 1.19434286, 1.00000000, 1.00000000, 1.00000000
0.292929292929, 0.050505050505, 1.19419716, 1.00000000, 1.00000000, 1.00000000
0.292929292929, 0.060606060606, 1.19338042, 1.00000000, 1.00000000, 1.00000000
0.292929292929, 0.070707070707, 1.19188019, 1.00000000, 1.00000000, 1.00000000
0.292929292929, 0.080808080808, 1.18967851, 1.00000000, 1.00000000, 1.00000000
0.292929292929, 0.090909090909, 1.18675927, 1.00000000, 1.00000000, 1.00000000
0.292929292929, 0.101010101010, 1.18311388, 1.00000000, 1.00000000, 1.00000000
0.292929292929, 0.111111111111, 1.17874342, 1.00000000, 1.00000000, 1.00000000
0.292929292929, 0.121212121212, 1.17365797, 1.00000000, 1.00000000, 1.00000000
0.292929292929, 0.131313131313, 1.16787466, 1.00000000, 1.00000000, 1.00000000
0.292929292929, 0.141414141414, 1.16141561, 1.00000000, 1.00000000, 1.00000000
0.292929292929, 0.151515151515, 1.15430667, 1.00000000, 1.00000000, 1.00000000
0.292929292929, 0.161616161616, 1.14657662, 1.00000000, 1.00000000, 1.00000000
0.292929292929, 0.171717171717, 1.13825684, 1.00000000, 1.00000000, 1.00000000
0.292929292929, 0.181818181818, 1.12938109, 1.00000000, 1.00000000, 1.00000000
0.292929292929, 0.191919191919, 1.11998539, 1.00000000, 1.00000000, 1.00000000
0.292929292929, 0.202020202020, 1.11010781, 1.00000000, 1.00000000, 1.00000000
0.292929292929, 0.212121212121, 1.09978841, 1.00000000, 1.00000000, 1.00000000
0.292929292929, 0.222222222222, 1.08906897, 1.00000000, 1.00000000, 1.00000000
0.292929292929, 0.232323232323, 1.07799293, 1.00000000, 1.00000000, 1.00000000
0.292929292929, 0.242424242424, 1.06660511, 1.00000000, 1.00000000, 1.00000000
0.292929292929, 0.252525252525, 1.05495159, 1.00000000, 1.00000000, 1.00000000
0.292929292929, 0.262626262626, 1.04307949, 1.00000000, 1.00000000, 1.00000000
0.292929292929, 0.272727272727, 1.03103680, 1.00000000, 1.00000000, 1.00000000
0.292929292929, 0.282828282828, 1.01887216, 1.00000000, 1.00000000, 1.00000000
0.292929292929, 0.292929292929, 1.00663468, 1.00000000, 1.00000000, 1.00000000
0.292929292929, 0.303030303030, 0.99437372, 1.00000000, 1.00000000, 1.00000000
0.292929292929, 0.313131313131, 0.98213870, 1.00000000, 1.00000000, 1.00000000
0.292929292929, 0.323232323232, 0.96997890, 1.00000000, 1.00000000, 1.00000000
0.292929292929, 0.333333333333, 0.95794326, 1.00000000, 1.00000000, 1.00000000
0.292929292929, 0.343434343434, 0.94608017, 1.00000000, 1.00000000, 1.00000000
0.292929292929, 0.353535353535, 0.93443728, 1.00000000, 1.00000000, 1.00000000
0.292929292929, 0.363636363636, 0.92306132, 1.00000000, 1.00000000, 1.00000000
0.292929292929, 0.373737373737, 0.91199791, 1.00000000, 1.00000000, 1.00000000
0.292929292929, 0.383838383838, 0.90129136, 1.00000000, 1.00000000, 1.00000000
0.292929292929, 0.393939393939, 0.89098450, 1.00000000, 1.00000000, 1.00000000
0.292929292929, 0.404040404040, 0.88111854, 1.00000000, 1.00000000, 1.00000000
0.292929292929, 0.414141414141, 0.87173287, 1.00000000, 1.00000000, 1.00000000
0.292929292929, 0.424242424242, 0.86286494, 1.00000000, 1.00000000, 1.00000000
0.292929292929, 0.434343434343, 0.85455007, 1.00000000, 1.00000000, 1.00000000
0.292929292929, 0.444444444444, 0.84682139, 1.00000000, 1.00000000, 1.00000000
0.292929292929, 0.454545454545, 0.83970963, 1.00000000, 1.00000000, 1.00000000
0.292929292929, 0.464646464646, 0.83324306, 1.00000000, 1.00000000, 1.00000000
0.292929292929, 0.474747474747, 0.82744739, 1.00000000, 1.00000000, 1.00000000
0.292929292929, 0.484848484848, 0.82234562, 1.00000000, 1.00000000, 1.00000000
0.292929292929, 0.494949494949, 0.81795803, 1.00000000, 1.00000000, 1.00000000
0.292929292929, 0.505050505051, 0.81430205, 1.00000000, 1.00000000, 1.00000000
0.292929292929, 0.515151515152, 0.81139222, 1.00000000, 1.00000000, 1.00000000
0.292929292929, 0.525252525253, 0.80924015, 1.00000000, 1.00000000, 1.00000000
0.292929292929, 0.535353535354, 0.80785447, 1.00000000, 1.00000000, 1.00000000
0.292929292929, 0.545454545455, 0.80724078, 1.00000000, 1.00000000, 1.00000000
0.292929292929, 0.555555555556, 0.80740158, 1.00000000, 1.00000000, 1.00000000
0.292929292929, 0.565656565657, 0.80833615, 1.00000000, 1.00000000, 1.00000000
0.292929292929, 0.575757575758, 0.81004074, 1.00000000, 1.00000000, 1.00000000
0.292929292929, 0.585858585859, 0.81250857, 1.00000000, 1.00000000, 1.00000000
0.292929292929, 0.595959595960, 0.81572985, 1.00000000, 1.00000000, 1.00000000
0.292929292929, 0.606060606061, 0.81969182, 1.00000000, 1.00000000, 1.00000000
0.292929292929, 0.616161616162, 0.82437880, 1.00000000, 1.00000000, 1.00000000
0.292929292929, 0.626262626263, 0.82977220, 1.00000000, 1.00000000, 1.00000000
0.292929292929, 0.636363636364, 0.83585065, 1.00000000, 1.00000000, 1.00000000
0.292929292929, 0.646464646465, 0.84259003, 1.00000000, 1.00000000, 1.00000000
0.292929292929, 0.656565656566, 0.84996358, 1.00000000, 1.00000000, 1.00000000
0.292929292929, 0.666666666667, 0.85794198, 1.00000000, 1.00000000, 1.00000000
0.292929292929, 0.676767676768, 0.86649347, 1.00000000, 1.00000000, 1.00000000
0.292929292929, 0.686868686869, 0.87558398, 1.00000000, 1.00000000, 1.00000000
0.292929292929, 0.696969696970, 0.88517725, 1.00000000, 1.00000000, 1.00000000
0.292929292929, 0.707070707071, 0.89523496, 1.00000000, 1.00000000, 1.00000000
0.292929292929, 0.717171717172, 0.90571690, 1.00000000, 1.00000000, 1.00000000
0.292929292929, 0.727272727273, 0.91658111, 1.00000000, 1.00000000, 1.00000000
0.292929292929, 0.737373737374, 0.92778406, 1.00000000, 1.00000000, 1.00000000
0.292929292929, 0.747474747475, 0.93928082, 1.00000000, 1.00000000, 1.00000000
0.292929292929, 0.757575757576, 0.95102522, 1.00000000, 1.00000000, 1.00000000
0.292929292929, 0.767676767677, 0.96297005, 1.00000000, 1.00000000, 1.00000000
0.292929292929, 0.777777777778, 0.97506728, 1.00000000, 1.00000000, 1.00000000
0.292929292929, 0.787878787879, 0.98726819, 1.00000000, 1.00000000, 1.00000000
0.292929292929, 0.797979797980, 0.99952363, 1.00000000, 1.00000000, 1.00000000
0.292929292929, 0.808080808081, 1.01178417, 1.00000000, 1.00000000, 1.00000000
0.292929292929, 0.818181818182, 1.02400034, 1.00000000, 1.00000000, 1.00000000
0.292929292929, 0.828282828283, 1.03612281, 1.00000000, 1.00000000, 1.00000000
0.292929292929, 0.838383838384, 1.04810261, 1.00000000, 1.00000000, 1.00000000
0.292929292929, 0.848484848485, 1.05989131, 1.00000000, 1.00000000, 1.00000000
0.292929292929, 0.858585858586, 1.07144123, 1.00000000, 1.00000000, 1.00000000
0.292929292929, 0.868686868687, 1.08270564, 1.00000000, 1.00000000, 1.00000000
0.292929292929, 0.878787878788, 1.09363893, 1.00000000, 1.00000000, 1.00000000
0.292929292929, 0.888888888889, 1.10419683, 1.00000000, 1.00000000, 1.00000000
0.292929292929, 0.898989898990, 1.11433657, 1.00000000, 1.00000000, 1.00000000
0.292929292929, 0.909090909091, 1.12401706, 1.00000000, 1.00000000, 1.00000000
0.292929292929, 0.919191919192, 1.13319907, 1.00000000, 1.00000000, 1.00000000
0.292929292929, 0.929292929293, 1.14184537, 1.00000000, 1.00000000, 1.00000000
0.292929292929, 0.939393939394, 1.14992092, 1.00000000, 1.00000000, 1.00000000
0.292929292929, 0.949494949495, 1.15739303, 1.00000000, 1.00000000, 1.00000000
0.292929292929, 0.959595959596, 1.16423153, 1.00000000, 1.00000000, 1.00000000
0.303030303030, -0.000000000000, 1.19071481, 1.00000000, 1.00000000, 1.00000000
0.303030303030, 0.010101010101, 1.19261426, 1.00000000, 1.00000000, 1.00000000
0.303030303030, 0.020202020202, 1.19381345, 1.00000000, 1.00000000, 1.00000000
0.303030303030, 0.030303030303, 1.19432977, 1.00000000, 1.00000000, 1.00000000
0.303030303030, 0.040404040404, 1.19417536, 1.00000000, 1.00000000, 1.00000000
0.303030303030, 0.050505050505, 1.19335179, 1.00000000, 1.00000000, 1.00000000
0.303030303030, 0.060606060606, 1.19184904, 1.00000000, 1.00000000, 1.00000000
0.303030303030, 0.070707070707, 1.18964972, 1.00000000, 1.00000000, 1.00000000
0.303030303030, 0.080808080808, 1.18673635, 1.00000000, 1.00000000, 1.00000000
0.303030303030, 0.090909090909, 1.18309799, 1.00000000, 1.00000000, 1.00000000
0.303030303030, 0.101010101010, 1.17873377, 1.00000000, 1.00000000, 1.00000000
0.303030303030, 0.111111111111, 1.17365282, 1.00000000, 1.00000000, 1.00000000
0.303030303030, 0.121212121212, 1.16787223, 1.00000000, 1.00000000, 1.00000000
0.303030303030, 0.131313131313, 1.16141460, 1.00000000, 1.00000000, 1.00000000
0.303030303030, 0.141414141414, 1.15430629, 1.00000000, 1.00000000, 1.00000000
0.303030303030, 0.151515151515, 1.14657650, 1.00000000, 1.00000000, 1.00000000
0.303030303030, 0.161616161616, 1.13825680, 1.00000000, 1.00000000, 1.00000000
0.303030303030, 0.171717171717, 1.12938108, 1.00000000, 1.00000000, 1.00000000
0.303030303030, 0.181818181818, 1.11998538, 1.00000000, 1.00000000, 1.00000000
0.303030303030, 0.191919191919, 1.11010781, 1.00000000, 1.00000000, 1.00000000
0.303030303030, 0.202020202020, 1.09978841, 1.00000000, 1.00000000, 1.00000000
0.303030303030, 0.212121212121, 1.08906897, 1.00000000, 1.00000000, 1.00000000
0.303030303030, 0.222222222222, 1.07799293, 1.00000000, 1.00000000, 1.00000000
0.303030303030, 0.232323232323, 1.06660511, 1.00000000, 1.00000000, 1.00000000
0.303030303030, 0.242424242424, 1.05495159, 1.00000000, 1.00000000, 1.00000000
0.303030303030, 0.252525252525, 1.04307949, 1.00000000, 1.00000000, 1.00000000
0.303030303030, 0.262626262626, 1.03103680, 1.00000000, 1.00000000, 1.00000000
0.303030303030, 0.272727272727, 1.01887216, 1.00000000, 1.00000000, 1.00000000
0.303030303030, 0.282828282828, 1.00663468, 1.00000000, 1.00000000, 1.00000000
0.303030303030, 0.292929292929, 0.99437372, 1.00000000, 1.00000000, 1.00000000
0.303030303030, 0.303030303030, 0.98213870, 1.00000000, 1.00000000, 1.00000000
0.303030303030, 0.313131313131, 0.96997890, 1.00000000, 1.00000000, 1.00000000
0.303030303030, 0.323232323232, 0.95794326, 1.00000000, 1.00000000, 1.00000000
0.303030303030, 0.333333333333, 0.94608017, 1.00000000, 1.00000000, 1.00000000
0.303030303030, 0.343434343434, 0.93443728, 1.00000000, 1.00000000, 1.00000000
0.303030303030, 0.353535353535, 0.92306132, 1.00000000, 1.00000000, 1.00000000
0.303030303030, 0.363636363636, 0.91199791, 1.00000000, 1.00000000, 1.00000000
0.303030303030, 0.373737373737, 0.90129136, 1.00000000, 1.00000000, 1.00000000
0.303030303030, 0.383838383838, 0.89098450, 1.00000000, 1.00000000, 1.00000000
0.303030303030, 0.393939393939, 0.88111854, 1.00000000, 1.00000000, 1.00000000
0.303030303030, 0.404040404040, 0.87173287, 1.00000000, 1.00000000, 1.00000000
0.303030303030, 0.414141414141, 0.86286494, 1.00000000, 1.00000000, 1.00000000
0.303030303030, 0.424242424242, 0.85455007, 1.00000000, 1.00000000, 1.00000000
0.303030303030, 0.434343434343, 0.84682139, 1.00000000, 1.00000000, 1.00000000
0.303030303030, 0.444444444444, 0.83970963, 1.00000000, 1.00000000, 1.00000000
0.303030303030, 0.454545454545, 0.83324306, 1.00000000, 1.00000000, 1.00000000
0.303030303030, 0.464646464646, 0.82744739, 1.00000000, 1.00000000, 1.00000000
0.303030303030, 0.474747474747, 0.82234562, 1.00000000, 1.00000000, 1.00000000
0.303030303030, 0.484848484848, 0.81795803, 1.00000000, 1.00000000, 1.00000000
0.303030303030, 0.494949494949, 0.81430205, 1.00000000, 1.00000000, 1.00000000
0.303030303030, 0.505050505051, 0.81139222, 1.00000000, 1.00000000, 1.00000000
0.303030303030, 0.515151515152, 0.80924015, 1.00000000, 1.00000000, 1.00000000
0.303030303030, 0.525252525253, 0.80785447, 1.00000000, 1.00000000, 1.00000000
0.303030303030, 0.535353535354, 0.80724078, 1.00000000, 1.00000000, 1.00000000
0.303030303030, 0.545454545455, 0.80740158, 1.00000000, 1.00000000, 1.00000000
0.303030303030, 0.555555555556, 0.80833615, 1.00000000, 1.00000000, 1.00000000
0.303030303030, 0.565656565657, 0.81004074, 1.00000000, 1.00000000, 1.00000000
0.303030303030, 0.575757575758, 0.81250857, 1.00000000, 1.00000000, 1.00000000
0.303030303030, 0.585858585859, 0.81572985, 1.00000000, 1.00000000, 1.00000000
0.303030303030, 0.595959595960, 0.81969182, 1.00000000, 1.00000000, 1.00000000
0.303030303030, 0.606060606061, 0.82437880, 1.00000000, 1.00000000, 1.00000000
0.303030303030, 0.616161616162, 0.82977220, 1.00000000, 1.00000000, 1.00000000
0.303030303030, 0.626262626263, 0.83585065, 1.00000000, 1.00000000, 1.00000000
0.303030303030, 0.636363636364, 0.84259003, 1.00000000, 1.00000000, 1.00000000
0.303030303030, 0.646464646465, 0.84996358, 1.00000000, 1.00000000, 1.00000000
0.303030303030, 0.656565656566, 0.85794198, 1.00000000, 1.00000000, 1.00000000
0.303030303030, 0.666666666667, 0.86649347, 1.00000000, 1.00000000, 1.00000000
0.303030303030, 0.676767676768, 0.87558398, 1.00000000, 1.00000000, 1.00000000
0.303030303030, 0.686868686869, 0.88517725, 1.00000000, 1.00000000, 1.00000000
0.303030303030, 0.696969696970, 0.89523496, 1.00000000, 1.00000000, 1.00000000
0.303030303030, 0.707070707071, 0.90571690, 1.00000000, 1.00000000, 1.00000000
0.303030303030, 0.717171717172, 0.91658111, 1.00000000, 1.00000000, 1.00000000
0.303030303030, 0.727272727273, 0.92778406, 1.00000000, 1.00000000, 1.00000000
0.303030303030, 0.737373737374, 0.93928082, 1.00000000, 1.00000000, 1.00000000
0.303030303030, 0.747474747475, 0.95102522, 1.00000000, 1.00000000, 1.00000000
0.303030303030, 0.757575757576, 0.96297005, 1.00000000, 1.00000000, 1.00000000
0.303030303030, 0.767676767677, 0.97506728, 1.00000000, 1.00000000, 1.00000000
0.303030303030, 0.777777777778, 0.98726819, 1.00000000, 1.00000000, 1.00000000
0.303030303030, 0.787878787879, 0.99952363, 1.00000000, 1.00000000, 1.00000000
0.303030303030, 0.797979797980, 1.01178417, 1.00000000, 1.00000000, 1.00000000
0.303030303030, 0.808080808081, 1.02400034, 1.00000000, 1.00000000, 1.00000000
0.303030303030, 0.818181818182, 1.03612281, 1.00000000, 1.00000000, 1.00000000
0.303030303030, 0.828282828283, 1.04810261, 1.00000000, 1.00000000, 1.00000000
0.303030303030, 0.838383838384, 1.05989131, 1.00000000, 1.00000000, 1.00000000
0.303030303030, 0.848484848485, 1.07144123, 1.00000000, 1.00000000, 1.00000000
0.303030303030, 0.858585858586, 1.08270564, 1.00000000, 1.00000000, 1.00000000
0.303030303030, 0.868686868687, 1.09363893, 1.00000000, 1.00000000, 1.00000000
0.303030303030, 0.878787878788, 1.10419683, 1.00000000, 1.00000000, 1.00000000
0.303030303030, 0.888888888889, 1.11433657, 1.00000000, 1.00000000, 1.00000000
0.303030303030, 0.898989898990, 1.12401706, 1.00000000, 1.00000000, 1.00000000
0.303030303030, 0.909090909091, 1.13319906, 1.00000000, 1.00000000, 1.00000000
0.303030303030, 0.919191919192, 1.14184536, 1.00000000, 1.00000000, 1.00000000
0.303030303030, 0.929292929293, 1.14992090, 1.00000000, 1.00000000, 1.00000000
0.303030303030, 0.939393939394, 1.15739298, 1.00000000, 1.00000000, 1.00000000
0.303030303030, 0.949494949495, 1.16423142, 1.00000000, 1.00000000, 1.00000000
0.303030303030, 0.959595959596, 1.17040891, 1.00000000, 1.00000000, 1.00000000
0.313131313131, -0.000000000000, 1.19256242, 1.00000000, 1.00000000, 1.00000000
0.313131313131, 0.010101010101, 1.19373791, 1.00000000, 1.00000000, 1.00000000
0.313131313131, 0.020202020202, 1.19423016, 1.00000000, 1.00000000, 1.00000000
0.313131313131, 0.030303030303, 1.19405679, 1.00000000, 1.00000000, 1.00000000
0.313131313131, 0.040404040404, 1.19322469, 1.00000000, 1.00000000, 1.00000000
0.313131313131, 0.050505050505, 1.19172662, 1.00000000, 1.00000000, 1.00000000
0.313131313131, 0.060606060606, 1.18954395, 1.00000000, 1.00000000, 1.00000000
0.313131313131, 0.070707070707, 1.18665448, 1.00000000, 1.00000000, 1.00000000
0.313131313131, 0.080808080808, 1.18304126, 1.00000000, 1.00000000, 1.00000000
0.313131313131, 0.090909090909, 1.17869860, 1.00000000, 1.00000000, 1.00000000
0.313131313131, 0.101010101010, 1.17363332, 1.00000000, 1.00000000, 1.00000000
0.313131313131, 0.111111111111, 1.16786256, 1.00000000, 1.00000000, 1.00000000
0.313131313131, 0.121212121212, 1.16141031, 1.00000000, 1.00000000, 1.00000000
0.313131313131, 0.131313131313, 1.15430460, 1.00000000, 1.00000000, 1.00000000
0.313131313131, 0.141414141414, 1.14657590, 1.00000000, 1.00000000, 1.00000000
0.313131313131, 0.151515151515, 1.13825661, 1.00000000, 1.00000000, 1.00000000
0.313131313131, 0.161616161616, 1.12938103, 1.00000000, 1.00000000, 1.00000000
0.313131313131, 0.171717171717, 1.11998537, 1.00000000, 1.00000000, 1.00000000
0.313131313131, 0.181818181818, 1.11010781, 1.00000000, 1.00000000, 1.00000000
0.313131313131, 0.191919191919, 1.09978840, 1.00000000, 1.00000000, 1.00000000
0.313131313131, 0.202020202020, 1.08906897, 1.00000000, 1.00000000, 1.00000000
0.313131313131, 0.212121212121, 1.07799293, 1.00000000, 1.00000000, 1.00000000
0.313131313131, 0.222222222222, 1.06660511, 1.00000000, 1.00000000, 1.00000000
0.313131313131, 0.232323232323, 1.05495159, 1.00000000, 1.00000000, 1.00000000
0.313131313131, 0.242424242424, 1.04307949, 1.00000000, 1.00000000, 1.00000000
0.313131313131, 0.252525252525, 1.03103680, 1.00000000, 1.00000000, 1.00000000
0.313131313131, 0.262626262626, 1.01887216, 1.00000000, 1.00000000, 1.00000000
0.313131313131, 0.272727272727, 1.00663468, 1.00000000, 1.00000000, 1.00000000
0.313131313131, 0.282828282828, 0.99437372, 1.00000000, 1.00000000, 1.00000000
0.313131313131, 0.292929292929, 0.98213870, 1.00000000, 1.00000000, 1.00000000
0.313131313131, 0.303030303030, 0.96997890, 1.00000000, 1.00000000, 1.00000000
0.313131313131, 0.313131313131, 0.95794326, 1.00000000, 1.00000000, 1.00000000
0.313131313131, 0.323232323232, 0.94608017, 1.00000000, 1.00000000, 1.00000000
0.313131313131, 0.333333333333, 0.93443728, 1.00000000, 1.00000000, 1.00000000
0.313131313131, 0.343434343434, 0.92306132, 1.00000000, 1.00000000, 1.00000000
0.313131313131, 0.353535353535, 0.91199791, 1.00000000, 1.00000000, 1.00000000
0.313131313131, 0.363636363636, 0.90129136, 1.00000000, 1.00000000, 1.00000000
0.313131313131, 0.373737373737, 0.89098450, 1.00000000, 1.00000000, 1.00000000
0.313131313131, 0.383838383838, 0.88111854, 1.00000000, 1.00000000, 1.00000000
0.313131313131, 0.393939393939, 0.87173287, 1.00000000, 1.00000000, 1.00000000
0.313131313131, 0.404040404040, 0.86286494, 1.00000000, 1.00000000, 1.00000000
0.313131313131, 0.414141414141, 0.85455007, 1.00000000, 1.00000000, 1.00000000
0.313131313131, 0.424242424242, 0.84682139, 1.00000000, 1.00000000, 1.00000000
0.313131313131, 0.434343434343, 0.83970963, 1.00000000, 1.00000000, 1.00000000
0.313131313131, 0.444444444444, 0.83324306, 1.00000000, 1.00000000, 1.00000000
0.313131313131, 0.454545454545, 0.82744739, 1.00000000, 1.00000000, 1.00000000
0.313131313131, 0.464646464646, 0.82234562, 1.00000000, 1.00000000, 1.00000000
0.313131313131, 0.474747474747, 0.81795803, 1.00000000, 1.00000000, 1.00000000
0.313131313131, 0.484848484848, 0.81430205, 1.00000000, 1.00000000, 1.00000000
0.313131313131, 0.494949494949, 0.81139222, 1.00000000, 1.00000000, 1.00000000
0.313131313131, 0.505050505051, 0.80924015, 1.00000000, 1.00000000, 1.00000000
0.313131313131, 0.515151515152, 0.80785447, 1.00000000, 1.00000000, 1.00000000
0.313131313131, 0.525252525253, 0.80724078, 1.00000000, 1.00000000, 1.00000000
0.313131313131, 0.535353535354, 0.80740158, 1.00000000, 1.00000000, 1.00000000
0.313131313131, 0.545454545455, 0.80833615, 1.00000000, 1.00000000, 1.00000000
0.313131313131, 0.555555555556, 0.81004074, 1.00000000, 1.00000000, 1.00000000
0.313131313131, 0.565656565657, 0.81250857, 1.00000000, 1.00000000, 1.00000000
0.313131313131, 0.575757575758, 0.81572985, 1.00000000, 1.00000000, 1.00000000
0.313131313131, 0.585858585859, 0.81969182, 1.00000000, 1.00000000, 1.00000000
0.313131313131, 0.595959595960, 0.82437880, 1.00000000, 1.00000000, 1.00000000
0.313131313131, 0.606060606061, 0.82977220, 1.00000000, 1.00000000, 1.00000000
0.313131313131, 0.616161616162, 0.83585065, 1.00000000, 1.00000000, 1.00000000
0.313131313131, 0.626262626263, 0.84259003, 1.00000000, 1.00000000, 1.00000000
0.313131313131, 0.636363636364, 0.84996358, 1.00000000, 1.00000000, 1.00000000
0.313131313131, 0.646464646465, 0.85794198, 1.00000000, 1.00000000, 1.00000000
0.313131313131, 0.656565656566, 0.86649347, 1.00000000, 1.00000000, 1.00000000
0.313131313131, 0.666666666667, 0.87558398, 1.00000000, 1.00000000, 1.00000000
0.313131313131, 0.676767676768, 0.88517725, 1.00000000, 1.00000000, 1.00000000
0.313131313131, 0.686868686869, 0.89523496, 1.00000000, 1.00000000, 1.00000000
0.313131313131, 0.696969696970, 0.90571690, 1.00000000, 1.00000000, 1.00000000
0.313131313131, 0.707070707071, 0.91658111, 1.00000000, 1.00000000, 1.00000000
0.313131313131, 0.717171717172, 0.92778406, 1.00000000, 1.00000000, 1.00000000
0.313131313131, 0.727272727273, 0.93928082, 1.00000000, 1.00000000, 1.00000000
0.313131313131, 0.737373737374, 0.95102522, 1.00000000, 1.00000000, 1.00000000
0.313131313131, 0.747474747475, 0.96297005, 1.00000000, 1.00000000, 1.00000000
0.313131313131, 0.757575757576, 0.97506728, 1.00000000, 1.00000000, 1.00000000
0.313131313131, 0.767676767677, 0.98726819, 1.00000000, 1.00000000, 1.00000000
0.313131313131, 0.777777777778, 0.99952363, 1.00000000, 1.00000000, 1.00000000
0.313131313131, 0.787878787879, 1.01178417, 1.00000000, 1.00000000, 1.00000000
0.313131313131, 0.797979797980, 1.02400034, 1.00000000, 1.00000000, 1.00000000
0.313131313131, 0.808080808081, 1.03612281, 1.00000000, 1.00000000, 1.00000000
0.313131313131, 0.818181818182, 1.04810261, 1.00000000, 1.00000000, 1.00000000
0.313131313131, 0.828282828283, 1.05989131, 1.00000000, 1.00000000, 1.00000000
0.313131313131, 0.838383838384, 1.07144123, 1.00000000, 1.00000000, 1.00000000
0.313131313131, 0.848484848485, 1.08270564, 1.00000000, 1.00000000, 1.00000000
0.313131313131, 0.858585858586, 1.09363893, 1.00000000, 1.00000000, 1.00000000
0.313131313131, 0.868686868687, 1.10419683, 1.00000000, 1.00000000, 1.00000000
0.313131313131, 0.878787878788, 1.11433657, 1.00000000, 1.00000000, 1.00000000
0.313131313131, 0.888888888889, 1.12401706, 1.00000000, 1.00000000, 1.00000000
0.313131313131, 0.898989898990, 1.13319906, 1.00000000, 1.00000000, 1.00000000
0.313131313131, 0.909090909091, 1.14184536, 1.00000000, 1.00000000, 1.00000000
0.313131313131, 0.919191919192, 1.14992088, 1.00000000, 1.00000000, 1.00000000
0.313131313131, 0.929292929293, 1.15739291, 1.00000000, 1.00000000, 1.00000000
0.313131313131, 0.939393939394, 1.16423119, 1.00000000, 1.00000000, 1.00000000
0.313131313131, 0.949494949495, 1.17040823, 1.00000000, 1.00000000, 1.00000000
0.313131313131, 0.959595959596, 1.17589962, 1.00000000, 1.00000000, 1.00000000
0.323232323232, -0.000000000000, 1.19363340, 1.00000000, 1.00000000, 1.00000000
0.323232323232, 0.010101010101, 1.19408014, 1.00000000, 1.00000000, 1.00000000
0.323232323232, 0.020202020202, 1.19386349, 1.00000000, 1.00000000, 1.00000000
0.323232323232, 0.030303030303, 1.19300119, 1.00000000, 1.00000000, 1.00000000
0.323232323232, 0.040404040404, 1.19149478, 1.00000000, 1.00000000, 1.00000000
0.323232323232, 0.050505050505, 1.18932825, 1.00000000, 1.00000000, 1.00000000
0.323232323232, 0.060606060606, 1.18647450, 1.00000000, 1.00000000, 1.00000000
0.323232323232, 0.070707070707, 1.18290660, 1.00000000, 1.00000000, 1.00000000
0.323232323232, 0.080808080808, 1.17860824, 1.00000000, 1.00000000, 1.00000000
0.323232323232, 0.090909090909, 1.17357895, 1.00000000, 1.00000000, 1.00000000
0.323232323232, 0.101010101010, 1.16783322, 1.00000000, 1.00000000, 1.00000000
0.323232323232, 0.111111111111, 1.16139613, 1.00000000, 1.00000000, 1.00000000
0.323232323232, 0.121212121212, 1.15429845, 1.00000000, 1.00000000, 1.00000000
0.323232323232, 0.131313131313, 1.14657351, 1.00000000, 1.00000000, 1.00000000
0.323232323232, 0.141414141414, 1.13825579, 1.00000000, 1.00000000, 1.00000000
0.323232323232, 0.151515151515, 1.12938078, 1.00000000, 1.00000000, 1.00000000
0.323232323232, 0.161616161616, 1.11998530, 1.00000000, 1.00000000, 1.00000000
0.323232323232, 0.171717171717, 1.11010779, 1.00000000, 1.00000000, 1.00000000
0.323232323232, 0.181818181818, 1.09978840, 1.00000000, 1.00000000, 1.00000000
0.323232323232, 0.191919191919, 1.08906897, 1.00000000, 1.00000000, 1.00000000
0.323232323232, 0.202020202020, 1.07799293, 1.00000000, 1.00000000, 1.00000000
0.323232323232, 0.212121212121, 1.06660511, 1.00000000, 1.00000000, 1.00000000
0.323232323232, 0.222222222222, 1.05495159, 1.00000000, 1.00000000, 1.00000000
0.323232323232, 0.232323232323, 1.04307949, 1.00000000, 1.00000000, 1.00000000
0.323232323232, 0.242424242424, 1.03103680, 1.00000000, 1.00000000, 1.00000000
0.323232323232, 0.252525252525, 1.01887216, 1.00000000, 1.00000000, 1.00000000
0.323232323232, 0.262626262626, 1.00663468, 1.00000000, 1.00000000, 1.00000000
0.323232323232, 0.272727272727, 0.99437372, 1.00000000, 1.00000000, 1.00000000
0.323232323232, 0.282828282828, 0.98213870, 1.00000000, 1.00000000, 1.00000000
0.323232323232, 0.292929292929, 0.96997890, 1.00000000, 1.00000000, 1.00000000
0.323232323232, 0.303030303030, 0.95794326, 1.00000000, 1.00000000, 1.00000000
0.323232323232, 0.313131313131, 0.94608017, 1.00000000, 1.00000000, 1.00000000
0.323232323232, 0.323232323232, 0.93443728, 1.00000000, 1.00000000, 1.00000000
0.323232323232, 0.333333333333, 0.92306132, 1.00000000, 1.00000000, 1.00000000
0.323232323232, 0.343434343434, 0.91199791, 1.00000000, 1.00000000, 1.00000000
0.323232323232, 0.353535353535, 0.90129136, 1.00000000, 1.00000000, 1.00000000
0.323232323232, 0.363636363636, 0.89098450, 1.00000000, 1.00000000, 1.00000000
0.323232323232, 0.373737373737, 0.88111854, 1.00000000, 1.00000000, 1.00000000
0.323232323232, 0.383838383838, 0.87173287, 1.00000000, 1.00000000, 1.00000000
0.323232323232, 0.393939393939, 0.86286494, 1.00000000, 1.00000000, 1.00000000
0.323232323232, 0.404040404040, 0.85455007, 1.00000000, 1.00000000, 1.00000000
0.323232323232, 0.414141414141, 0.84682139, 1.00000000, 1.00000000, 1.00000000
0.323232323232, 0.424242424242, 0.83970963, 1.00000000, 1.00000000, 1.00000000
0.323232323232, 0.434343434343, 0.83324306, 1.00000000, 1.00000000, 1.00000000
0.323232323232, 0.444444444444, 0.82744739, 1.00000000, 1.00000000, 1.00000000
0.323232323232, 0.454545454545, 0.82234562, 1.00000000, 1.00000000, 1.00000000
0.323232323232, 0.464646464646, 0.81795803, 1.00000000, 1.00000000, 1.00000000
0.323232323232, 0.474747474747, 0.81430205, 1.00000000, 1.00000000, 1.00000000
0.323232323232, 0.484848484848, 0.81139222, 1.00000000, 1.00000000, 1.00000000
0.323232323232, 0.494949494949, 0.80924015, 1.00000000, 1.00000000, 1.00000000
0.323232323232, 0.505050505051, 0.80785447, 1.00000000, 1.00000000, 1.00000000
0.323232323232, 0.515151515152, 0.80724078, 1.00000000, 1.00000000, 1.00000000
0.323232323232, 0.525252525253, 0.80740158, 1.00000000, 1.00000000, 1.00000000
0.323232323232, 0.535353535354, 0.80833615, 1.00000000, 1.00000000, 1.00000000
0.323232323232, 0.545454545455, 0.81004074, 1.00000000, 1.00000000, 1.00000000
0.323232323232, 0.555555555556, 0.81250857, 1.00000000, 1.00000000, 1.00000000
0.323232323232, 0.565656565657, 0.81572985, 1.00000000, 1.00000000, 1.00000000
0.323232323232, 0.575757575758, 0.81969182, 1.00000000, 1.00000000, 1.00000000
0.323232323232, 0.585858585859, 0.82437880, 1.00000000, 1.00000000, 1.00000000
0.323232323232, 0.595959595960, 0.82977220, 1.00000000, 1.00000000, 1.00000000
0.323232323232, 0.606060606061, 0.83585065, 1.00000000, 1.00000000, 1.00000000
0.323232323232, 0.616161616162, 0.84259003, 1.00000000, 1.00000000, 1.00000000
0.323232323232, 0.626262626263, 0.84996358, 1.00000000, 1.00000000, 1.00000000
0.323232323232, 0.636363636364, 0.85794198, 1.00000000, 1.00000000, 1.00000000
0.323232323232, 0.646464646465, 0.86649347, 1.00000000, 1.00000000, 1.00000000
0.323232323232, 0.656565656566, 0.87558398, 1.00000000, 1.00000000, 1.00000000
0.323232323232, 0.666666666667, 0.88517725, 1.00000000, 1.00000000, 1.00000000
0.323232323232, 0.676767676768, 0.89523496, 1.00000000, 1.00000000, 1.00000000
0.323232323232, 0.686868686869, 0.90571690, 1.00000000, 1.00000000, 1.00000000
0.323232323232, 0.696969696970, 0.91658111, 1.00000000, 1.00000000, 1.00000000
0.323232323232, 0.707070707071, 0.92778406, 1.00000000, 1.00000000, 1.00000000
0.323232323232, 0.717171717172, 0.93928082, 1.00000000, 1.00000000, 1.00000000
0.323232323232, 0.727272727273, 0.95102522, 1.00000000, 1.00000000, 1.00000000
0.323232323232, 0.737373737374, 0.96297005, 1.00000000, 1.00000000, 1.00000000
0.323232323232, 0.747474747475, 0.97506728, 1.00000000, 1.00000000, 1.00000000
0.323232323232, 0.757575757576, 0.98726819, 1.00000000, 1.00000000, 1.00000000
0.323232323232, 0.767676767677, 0.99952363, 1.00000000, 1.00000000, 1.00000000
0.323232323232, 0.777777777778, 1.01178417, 1.00000000, 1.00000000, 1.00000000
0.323232323232, 0.787878787879, 1.02400034, 1.00000000, 1.00000000, 1.00000000
0.323232323232, 0.797979797980, 1.03612281, 1.00000000, 1.00000000, 1.00000000
0.323232323232, 0.808080808081, 1.04810261, 1.00000000, 1.00000000, 1.00000000
0.323232323232, 0.818181818182, 1.05989131, 1.00000000, 1.00000000, 1.00000000
0.323232323232, 0.828282828283, 1.07144123, 1.00000000, 1.00000000, 1.00000000
0.323232323232, 0.838383838384, 1.08270564, 1.00000000, 1.00000000, 1.00000000
0.323232323232, 0.848484848485, 1.09363893, 1.00000000, 1.00000000, 1.00000000
0.323232323232, 0.858585858586, 1.10419683, 1.00000000, 1.00000000, 1.00000000
0.323232323232, 0.868686868687, 1.11433657, 1.00000000, 1.00000000, 1.00000000
0.323232323232, 0.878787878788, 1.12401706, 1.00000000, 1.00000000, 1.00000000
0.323232323232, 0.888888888889, 1.13319906, 1.00000000, 1.00000000, 1.00000000
0.323232323232, 0.898989898990, 1.14184536, 1.00000000, 1.00000000, 1.00000000
0.323232323232, 0.909090909091, 1.14992088, 1.00000000, 1.00000000, 1.00000000
0.323232323232, 0.919191919192, 1.15739288, 1.00000000, 1.00000000, 1.00000000
0.323232323232, 0.929292929293, 1.16423107, 1.00000000, 1.00000000, 1.00000000
0.323232323232, 0.939393939394, 1.17040782, 1.00000000, 1.00000000, 1.00000000
0.323232323232, 0.949494949495, 1.17589838, 1.00000000, 1.00000000, 1.00000000
0.323232323232, 0.959595959596, 1.18068139, 1.00000000, 1.00000000, 1.00000000
0.333333333333, -0.000000000000, 1.19392340, 1.00000000, 1.00000000, 1.00000000
0.333333333333, 0.010101010101, 1.19363964, 1.00000000, 1.00000000, 1.00000000
0.333333333333, 0.020202020202, 1.19271505, 1.00000000, 1.00000000, 1.00000000
0.333333333333, 0.030303030303, 1.19116733, 1.00000000, 1.00000000, 1.00000000
0.333333333333, 0.040404040404, 1.18899268, 1.00000000, 1.00000000, 1.00000000
0.333333333333, 0.050505050505, 1.18616643, 1.00000000, 1.00000000, 1.00000000
0.333333333333, 0.060606060606, 1.18265313, 1.00000000, 1.00000000, 1.00000000
0.333333333333, 0.070707070707, 1.17842126, 1.00000000, 1.00000000, 1.00000000
0.333333333333, 0.080808080808, 1.17345524, 1.00000000, 1.00000000, 1.00000000
0.333333333333, 0.090909090909, 1.16775980, 1.00000000, 1.00000000, 1.00000000
0.333333333333, 0.101010101010, 1.16135703, 1.00000000, 1.00000000, 1.00000000
0.333333333333, 0.111111111111, 1.15427977, 1.00000000, 1.00000000, 1.00000000
0.333333333333, 0.121212121212, 1.14656551, 1.00000000, 1.00000000, 1.00000000
0.333333333333, 0.131313131313, 1.13825272, 1.00000000, 1.00000000, 1.00000000
0.333333333333, 0.141414141414, 1.12937972, 1.00000000, 1.00000000, 1.00000000
0.333333333333, 0.151515151515, 1.11998498, 1.00000000, 1.00000000, 1.00000000
0.333333333333, 0.161616161616, 1.11010770, 1.00000000, 1.00000000, 1.00000000
0.333333333333, 0.171717171717, 1.09978838, 1.00000000, 1.00000000, 1.00000000
0.333333333333, 0.181818181818, 1.08906897, 1.00000000, 1.00000000, 1.00000000
0.333333333333, 0.191919191919, 1.07799293, 1.00000000, 1.00000000, 1.00000000
0.333333333333, 0.202020202020, 1.06660511, 1.00000000, 1.00000000, 1.00000000
0.333333333333, 0.212121212121, 1.05495159, 1.00000000, 1.00000000, 1.00000000
0.333333333333, 0.222222222222, 1.04307949, 1.00000000, 1.00000000, 1.00000000
0.333333333333, 0.232323232323, 1.03103680, 1.00000000, 1.00000000, 1.00000000
0.333333333333, 0.242424242424, 1.01887216, 1.00000000, 1.00000000, 1.00000000
0.333333333333, 0.252525252525, 1.00663468, 1.00000000, 1.00000000, 1.00000000
0.333333333333, 0.262626262626, 0.99437372, 1.00000000, 1.00000000, 1.00000000
0.333333333333, 0.272727272727, 0.98213870, 1.00000000, 1.00000000, 1.00000000
0.333333333333, 0.282828282828, 0.96997890, 1.00000000, 1.00000000, 1.00000000
0.333333333333, 0.292929292929, 0.95794326, 1.00000000, 1.00000000, 1.00000000
0.333333333333, 0.303030303030, 0.94608017, 1.00000000, 1.00000000, 1.00000000
0.333333333333, 0.313131313131, 0.93443728, 1.00000000, 1.00000000, 1.00000000
0.333333333333, 0.323232323232, 0.92306132, 1.00000000, 1.00000000, 1.00000000
0.333333333333, 0.333333333333, 0.91199791, 1.00000000, 1.00000000, 1.00000000
0.333333333333, 0.343434343434, 0.90129136, 1.00000000, 1.00000000, 1.00000000
0.333333333333, 0.353535353535, 0.89098450, 1.00000000, 1.00000000, 1.00000000
0.333333333333, 0.363636363636, 0.88111854, 1.00000000, 1.00000000, 1.00000000
0.333333333333, 0.373737373737, 0.87173287, 1.00000000, 1.00000000, 1.00000000
0.333333333333, 0.383838383838, 0.86286494, 1.00000000, 1.00000000, 1.00000000
0.333333333333, 0.393939393939, 0.85455007, 1.00000000, 1.00000000, 1.00000000
0.333333333333, 0.404040404040, 0.84682139, 1.00000000, 1.00000000, 1.00000000
0.333333333333, 0.414141414141, 0.83970963, 1.00000000, 1.00000000, 1.00000000
0.333333333333, 0.424242424242, 0.83324306, 1.00000000, 1.00000000, 1.00000000
0.333333333333, 0.434343434343, 0.82744739, 1.00000000, 1.00000000, 1.00000000
0.333333333333, 0.444444444444, 0.82234562, 1.00000000, 1.00000000, 1.00000000
0.333333333333, 0.454545454545, 0.81795803, 1.00000000, 1.00000000, 1.00000000
0.333333333333, 0.464646464646, 0.81430205, 1.00000000, 1.00000000, 1.00000000
0.333333333333, 0.474747474747, 0.81139222, 1.00000000, 1.00000000, 1.00000000
0.333333333333, 0.484848484848, 0.80924015, 1.00000000, 1.00000000, 1.00000000
0.333333333333, 0.494949494949, 0.80785447, 1.00000000, 1.00000000, 1.00000000
0.333333333333, 0.505050505051, 0.80724078, 1.00000000, 1.00000000, 1.00000000
0.333333333333, 0.515151515152, 0.80740158, 1.00000000, 1.00000000, 1.00000000
0.333333333333, 0.525252525253, 0.80833615, 1.00000000, 1.00000000, 1.00000000
0.333333333333, 0.535353535354, 0.81004074, 1.00000000, 1.00000000, 1.00000000
0.333333333333, 0.545454545455, 0.81250857, 1.00000000, 1.00000000, 1.00000000
0.333333333333, 0.555555555556, 0.81572985, 1.00000000, 1.00000000, 1.00000000
0.333333333333, 0.565656565657, 0.81969182, 1.00000000, 1.00000000, 1.00000000
0.333333333333, 0.575757575758, 0.82437880, 1.00000000, 1.00000000, 1.00000000
0.333333333333, 0.585858585859, 0.82977220, 1.00000000, 1.00000000, 1.00000000
0.333333333333, 0.595959595960, 0.83585065, 1.00000000, 1.00000000, 1.00000000
0.333333333333, 0.606060606061, 0.84259003, 1.00000000, 1.00000000, 1.00000000
0.333333333333, 0.616161616162, 0.84996358, 1.00000000, 1.00000000, 1.00000000
0.333333333333, 0.626262626263, 0.85794198, 1.00000000, 1.00000000, 1.00000000
0.333333333333, 0.636363636364, 0.86649347, 1.00000000, 1.00000000, 1.00000000
0.333333333333, 0.646464646465, 0.87558398, 1.00000000, 1.00000000, 1.00000000
0.333333333333, 0.656565656566, 0.88517725, 1.00000000, 1.00000000, 1.00000000
0.333333333333, 0.666666666667, 0.89523496, 1.00000000, 1.00000000, 1.00000000
0.333333333333, 0.676767676768, 0.90571690, 1.00000000, 1.00000000, 1.00000000
0.333333333333, 0.686868686869, 0.91658111, 1.00000000, 1.00000000, 1.00000000
0.333333333333, 0.696969696970, 0.92778406, 1.00000000, 1.00000000, 1.00000000
0.333333333333, 0.707070707071, 0.93928082, 1.00000000, 1.00000000, 1.00000000
0.333333333333, 0.717171717172, 0.95102522, 1.00000000, 1.00000000, 1.00000000
0.333333333333, 0.727272727273, 0.96297005, 1.00000000, 1.00000000, 1.00000000
0.333333333333, 0.737373737374, 0.97506728, 1.00000000, 1.00000000, 1.00000000
0.333333333333, 0.747474747475, 0.98726819, 1.00000000, 1.00000000, 1.00000000
0.333333333333, 0.757575757576, 0.99952363, 1.00000000, 1.00000000, 1.00000000
0.333333333333, 0.767676767677, 1.01178417, 1.00000000, 1.00000000, 1.00000000
0.333333333333, 0.777777777778, 1.02400034, 1.00000000, 1.00000000, 1.00000000
0.333333333333, 0.787878787879, 1.03612281, 1.00000000, 1.00000000, 1.00000000
0.333333333333, 0.797979797980, 1.04810261, 1.00000000, 1.00000000, 1.00000000
0.333333333333, 0.808080808081, 1.05989131, 1.00000000, 1.00000000, 1.00000000
0.333333333333, 0.818181818182, 1.07144123, 1.00000000, 1.00000000, 1.00000000
0.333333333333, 0.828282828283, 1.08270564, 1.00000000, 1.00000000, 1.00000000
0.333333333333, 0.838383838384, 1.09363893, 1.00000000, 1.00000000, 1.00000000
0.333333333333, 0.848484848485, 1.10419683, 1.00000000, 1.00000000, 1.00000000
0.333333333333, 0.858585858586, 1.11433657, 1.00000000, 1.00000000, 1.00000000
0.333333333333, 0.868686868687, 1.12401706, 1.00000000, 1.00000000, 1.00000000
0.333333333333, 0.878787878788, 1.13319906, 1.00000000, 1.00000000, 1.00000000
0.333333333333, 0.888888888889, 1.14184536, 1.00000000, 1.00000000, 1.00000000
0.333333333333, 0.898989898990, 1.14992088, 1.00000000, 1.00000000, 1.00000000
0.333333333333, 0.909090909091, 1.15739287, 1.00000000, 1.00000000, 1.00000000
0.333333333333, 0.919191919192, 1.16423103, 1.00000000, 1.00000000, 1.00000000
0.333333333333, 0.929292929293, 1.17040765, 1.00000000, 1.00000000, 1.00000000
0.333333333333, 0.939393939394, 1.17589779, 1.00000000, 1.00000000, 1.00000000
0.333333333333, 0.949494949495, 1.18067958, 1.00000000, 1.00000000, 1.00000000
0.333333333333, 0.959595959596, 1.18473479, 1.00000000, 1.00000000, 1.00000000
0.343434343434, -0.000000000000, 1.19343132, 1.00000000, 1.00000000, 1.00000000
0.343434343434, 0.010101010101, 1.19241832, 1.00000000, 1.00000000, 1.00000000
0.343434343434, 0.020202020202, 1.19078959, 1.00000000, 1.00000000, 1.00000000
0.343434343434, 0.030303030303, 1.18856272, 1.00000000, 1.00000000, 1.00000000
0.343434343434, 0.040404040404, 1.18572859, 1.00000000, 1.00000000, 1.00000000
0.343434343434, 0.050505050505, 1.18225399, 1.00000000, 1.00000000, 1.00000000
0.343434343434, 0.060606060606, 1.17809532, 1.00000000, 1.00000000, 1.00000000
0.343434343434, 0.070707070707, 1.17321666, 1.00000000, 1.00000000, 1.00000000
0.343434343434, 0.080808080808, 1.16760317, 1.00000000, 1.00000000, 1.00000000
0.343434343434, 0.090909090909, 1.16126477, 1.00000000, 1.00000000, 1.00000000
0.343434343434, 0.101010101010, 1.15423100, 1.00000000, 1.00000000, 1.00000000
0.343434343434, 0.111111111111, 1.14654238, 1.00000000, 1.00000000, 1.00000000
0.343434343434, 0.121212121212, 1.13824287, 1.00000000, 1.00000000, 1.00000000
0.343434343434, 0.131313131313, 1.12937597, 1.00000000, 1.00000000, 1.00000000
0.343434343434, 0.141414141414, 1.11998369, 1.00000000, 1.00000000, 1.00000000
0.343434343434, 0.151515151515, 1.11010731, 1.00000000, 1.00000000, 1.00000000
0.343434343434, 0.161616161616, 1.09978827, 1.00000000, 1.00000000, 1.00000000
0.343434343434, 0.171717171717, 1.08906894, 1.00000000, 1.00000000, 1.00000000
0.343434343434, 0.181818181818, 1.07799292, 1.00000000, 1.00000000, 1.00000000
0.343434343434, 0.191919191919, 1.06660511, 1.00000000, 1.00000000, 1.00000000
0.343434343434, 0.202020202020, 1.05495159, 1.00000000, 1.00000000, 1.00000000
0.343434343434, 0.212121212121, 1.04307949, 1.00000000, 1.00000000, 1.00000000
0.343434343434, 0.222222222222, 1.03103680, 1.00000000, 1.00000000, 1.00000000
0.343434343434, 0.232323232323, 1.01887216, 1.00000000, 1.00000000, 1.00000000
0.343434343434, 0.242424242424, 1.00663468, 1.00000000, 1.00000000, 1.00000000
0.343434343434, 0.252525252525, 0.99437372, 1.00000000, 1.00000000, 1.00000000
0.343434343434, 0.262626262626, 0.98213870, 1.00000000, 1.00000000, 1.00000000
0.343434343434, 0.272727272727, 0.96997890, 1.00000000, 1.00000000, 1.00000000
0.343434343434, 0.282828282828, 0.95794326, 1.00000000, 1.00000000, 1.00000000
0.343434343434, 0.292929292929, 0.94608017, 1.00000000, 1.00000000, 1.00000000
0.343434343434, 0.303030303030, 0.93443728, 1.00000000, 1.00000000, 1.00000000
0.343434343434, 0.313131313131, 0.92306132, 1.00000000, 1.00000000, 1.00000000
0.343434343434, 0.323232323232, 0.91199791, 1.00000000, 1.00000000, 1.00000000
0.343434343434, 0.333333333333, 0.90129136, 1.00000000, 1.00000000, 1.00000000
0.343434343434, 0.343434343434, 0.89098450, 1.00000000, 1.00000000, 1.00000000
0.343434343434, 0.353535353535, 0.88111854, 1.00000000, 1.00000000, 1.00000000
0.343434343434, 0.363636363636, 0.87173287, 1.00000000, 1.00000000, 1.00000000
0.343434343434, 0.373737373737, 0.86286494, 1.00000000, 1.00000000, 1.00000000
0.343434343434, 0.383838383838, 0.85455007, 1.00000000, 1.00000000, 1.00000000
0.343434343434, 0.393939393939, 0.84682139, 1.00000000, 1.00000000, 1.00000000
0.343434343434, 0.404040404040, 0.83970963, 1.00000000, 1.00000000, 1.00000000
0.343434343434, 0.414141414141, 0.83324306, 1.00000000, 1.00000000, 1.00000000
0.343434343434, 0.424242424242, 0.82744739, 1.00000000, 1.00000000, 1.00000000
0.343434343434, 0.434343434343, 0.82234562, 1.00000000, 1.00000000, 1.00000000
0.343434343434, 0.444444444444, 0.81795803, 1.00000000, 1.00000000, 1.00000000
0.343434343434, 0.454545454545, 0.81430205, 1.00000000, 1.00000000, 1.00000000
0.343434343434, 0.464646464646, 0.81139222, 1.00000000, 1.00000000, 1.00000000
0.343434343434, 0.474747474747, 0.80924015, 1.00000000, 1.00000000, 1.00000000
0.343434343434, 0.484848484848, 0.80785447, 1.00000000, 1.00000000, 1.00000000
0.343434343434, 0.494949494949, 0.80724078, 1.00000000, 1.00000000, 1.00000000
0.343434343434, 0.505050505051, 0.80740158, 1.00000000, 1.00000000, 1.00000000
0.343434343434, 0.515151515152, 0.80833615, 1.00000000, 1.00000000, 1.00000000
0.343434343434, 0.525252525253, 0.81004074, 1.00000000, 1.00000000, 1.00000000
0.343434343434, 0.535353535354, 0.81250857, 1.00000000, 1.00000000, 1.00000000
0.343434343434, 0.545454545455, 0.81572985, 1.00000000, 1.00000000, 1.00000000
0.343434343434, 0.555555555556, 0.81969182, 1.00000000, 1.00000000, 1.00000000
0.343434343434, 0.565656565657, 0.82437880, 1.00000000, 1.00000000, 1.00000000
0.343434343434, 0.575757575758, 0.82977220, 1.00000000, 1.00000000, 1.00000000
0.343434343434, 0.585858585859, 0.83585065, 1.00000000, 1.00000000, 1.00000000
0.343434343434, 0.595959595960, 0.84259003, 1.00000000, 1.00000000, 1.00000000
0.343434343434, 0.606060606061, 0.84996358, 1.00000000, 1.00000000, 1.00000000
0.343434343434, 0.616161616162, 0.85794198, 1.00000000, 1.00000000, 1.00000000
0.343434343434, 0.626262626263, 0.86649347, 1.00000000, 1.00000000, 1.00000000
0.343434343434, 0.636363636364, 0.87558398, 1.00000000, 1.00000000, 1.00000000
0.343434343434, 0.646464646465, 0.88517725, 1.00000000, 1.00000000, 1.00000000
0.343434343434, 0.656565656566, 0.89523496, 1.00000000, 1.00000000, 1.00000000
0.343434343434, 0.666666666667, 0.90571690, 1.00000000, 1.00000000, 1.00000000
0.343434343434, 0.676767676768, 0.91658111, 1.00000000, 1.00000000, 1.00000000
0.343434343434, 0.686868686869, 0.92778406, 1.00000000, 1.00000000, 1.00000000
0.343434343434, 0.696969696970, 0.93928082, 1.00000000, 1.00000000, 1.00000000
0.343434343434, 0.707070707071, 0.95102522, 1.00000000, 1.00000000, 1.00000000
0.343434343434, 0.717171717172, 0.96297005, 1.00000000, 1.00000000, 1.00000000
0.343434343434, 0.727272727273, 0.97506728, 1.00000000, 1.00000000, 1.00000000
0.343434343434, 0.737373737374, 0.98726819, 1.00000000, 1.00000000, 1.00000000
0.343434343434, 0.747474747475, 0.99952363, 1.00000000, 1.00000000, 1.00000000
0.343434343434, 0.757575757576, 1.01178417, 1.00000000, 1.00000000, 1.00000000
0.343434343434, 0.767676767677, 1.02400034, 1.00000000, 1.00000000, 1.00000000
0.343434343434, 0.777777777778, 1.03612281, 1.00000000, 1.00000000, 1.00000000
0.343434343434, 0.787878787879, 1.04810261, 1.00000000, 1.00000000, 1.00000000
0.343434343434, 0.797979797980, 1.05989131, 1.00000000, 1.00000000, 1.00000000
0.343434343434, 0.808080808081, 1.07144123, 1.00000000, 1.00000000, 1.00000000
0.343434343434, 0.818181818182, 1.08270564, 1.00000000, 1.00000000, 1.00000000
0.343434343434, 0.828282828283, 1.09363893, 1.00000000, 1.00000000, 1.00000000
0.343434343434, 0.838383838384, 1.10419683, 1.00000000, 1.00000000, 1.00000000
0.343434343434, 0.848484848485, 1.11433657, 1.00000000, 1.00000000, 1.00000000
0.343434343434, 0.858585858586, 1.12401706, 1.00000000, 1.00000000, 1.00000000
0.343434343434, 0.868686868687, 1.13319906, 1.00000000, 1.00000000, 1.00000000
0.343434343434, 0.878787878788, 1.14184536, 1.00000000, 1.00000000, 1.00000000
0.343434343434, 0.888888888889, 1.14992087, 1.00000000, 1.00000000, 1.00000000
0.343434343434, 0.898989898990, 1.15739286, 1.00000000, 1.00000000, 1.00000000
0.343434343434, 0.909090909091, 1.16423102, 1.00000000, 1.00000000, 1.00000000
0.343434343434, 0.919191919192, 1.17040760, 1.00000000, 1.00000000, 1.00000000
0.343434343434, 0.929292929293, 1.17589758, 1.00000000, 1.00000000, 1.00000000
0.343434343434, 0.939393939394, 1.18067883, 1.00000000, 1.00000000, 1.00000000
0.343434343434, 0.949494949495, 1.18473244, 1.00000000, 1.00000000, 1.00000000
0.343434343434, 0.959595959596, 1.18804337, 1.00000000, 1.00000000, 1.00000000
0.353535353535, -0.000000000000, 1.19215928, 1.00000000, 1.00000000, 1.00000000
0.353535353535, 0.010101010101, 1.19042126, 1.00000000, 1.00000000, 1.00000000
0.353535353535, 0.020202020202, 1.18809504, 1.00000000, 1.00000000, 1.00000000
0.353535353535, 0.030303030303, 1.18519801, 1.00000000, 1.00000000, 1.00000000
0.353535353535, 0.040404040404, 1.18171578, 1.00000000, 1.00000000, 1.00000000
0.353535353535, 0.050505050505, 1.17760680, 1.00000000, 1.00000000, 1.00000000
0.353535353535, 0.060606060606, 1.17281956, 1.00000000, 1.00000000, 1.00000000
0.353535353535, 0.070707070707, 1.16731388, 1.00000000, 1.00000000, 1.00000000
0.353535353535, 0.080808080808, 1.16107575, 1.00000000, 1.00000000, 1.00000000
0.353535353535, 0.090909090909, 1.15412019, 1.00000000, 1.00000000, 1.00000000
0.353535353535, 0.101010101010, 1.14648406, 1.00000000, 1.00000000, 1.00000000
0.353535353535, 0.111111111111, 1.13821533, 1.00000000, 1.00000000, 1.00000000
0.353535353535, 0.121212121212, 1.12936429, 1.00000000, 1.00000000, 1.00000000
0.353535353535, 0.131313131313, 1.11997926, 1.00000000, 1.00000000, 1.00000000
0.353535353535, 0.141414141414, 1.11010580, 1.00000000, 1.00000000, 1.00000000
0.353535353535, 0.151515151515, 1.09978781, 1.00000000, 1.00000000, 1.00000000
0.353535353535, 0.161616161616, 1.08906882, 1.00000000, 1.00000000, 1.00000000
0.353535353535, 0.171717171717, 1.07799289, 1.00000000, 1.00000000, 1.00000000
0.353535353535, 0.181818181818, 1.06660510, 1.00000000, 1.00000000, 1.00000000
0.353535353535, 0.191919191919, 1.05495159, 1.00000000, 1.00000000, 1.00000000
0.353535353535, 0.202020202020, 1.04307949, 1.00000000, 1.00000000, 1.00000000
0.353535353535, 0.212121212121, 1.03103680, 1.00000000, 1.00000000, 1.00000000
0.353535353535, 0.222222222222, 1.01887216, 1.00000000, 1.00000000, 1.00000000
0.353535353535, 0.232323232323, 1.00663468, 1.00000000, 1.00000000, 1.00000000
0.353535353535, 0.242424242424, 0.99437372, 1.00000000, 1.00000000, 1.00000000
0.353535353535, 0.252525252525, 0.98213870, 1.00000000, 1.00000000, 1.00000000
0.353535353535, 0.262626262626, 0.96997890, 1.00000000, 1.00000000, 1.00000000
0.353535353535, 0.272727272727, 0.95794326, 1.00000000, 1.00000000, 1.00000000
0.353535353535, 0.282828282828, 0.94608017, 1.00000000, 1.00000000, 1.00000000
0.353535353535, 0.292929292929, 0.93443728, 1.00000000, 1.00000000, 1.00000000
0.353535353535, 0.303030303030, 0.92306132, 1.00000000, 1.00000000, 1.00000000
0.353535353535, 0.313131313131, 0.91199791, 1.00000000, 1.00000000, 1.00000000
0.353535353535, 0.323232323232, 0.90129136, 1.00000000, 1.00000000, 1.00000000
0.353535353535, 0.333333333333, 0.89098450, 1.00000000, 1.00000000, 1.00000000
0.353535353535, 0.343434343434, 0.88111854, 1.00000000, 1.00000000, 1.00000000
0.353535353535, 0.353535353535, 0.87173287, 1.00000000, 1.00000000, 1.00000000
0.353535353535, 0.363636363636, 0.86286494, 1.00000000, 1.00000000, 1.00000000
0.353535353535, 0.373737373737, 0.85455007, 1.00000000, 1.00000000, 1.00000000
0.353535353535, 0.383838383838, 0.84682139, 1.00000000, 1.00000000, 1.00000000
0.353535353535, 0.393939393939, 0.83970963, 1.00000000, 1.00000000, 1.00000000
0.353535353535, 0.404040404040, 0.83324306, 1.00000000, 1.00000000, 1.00000000
0.353535353535, 0.414141414141, 0.82744739, 1.00000000, 1.00000000, 1.00000000
0.353535353535, 0.424242424242, 0.82234562, 1.00000000, 1.00000000, 1.00000000
0.353535353535, 0.434343434343, 0.81795803, 1.00000000, 1.00000000, 1.00000000
0.353535353535, 0.444444444444, 0.81430205, 1.00000000, 1.00000000, 1.00000000
0.353535353535, 0.454545454545, 0.81139222, 1.00000000, 1.00000000, 1.00000000
0.353535353535, 0.464646464646, 0.80924015, 1.00000000, 1.00000000, 1.00000000
0.353535353535, 0.474747474747, 0.80785447, 1.00000000, 1.00000000, 1.00000000
0.353535353535, 0.484848484848, 0.80724078, 1.00000000, 1.00000000, 1.00000000
0.353535353535, 0.494949494949, 0.80740158, 1.00000000, 1.00000000, 1.00000000
0.353535353535, 0.505050505051, 0.80833615, 1.00000000, 1.00000000, 1.00000000
0.353535353535, 0.515151515152, 0.81004074, 1.00000000, 1.00000000, 1.00000000
0.353535353535, 0.525252525253, 0.81250857, 1.00000000, 1.00000000, 1.00000000
0.353535353535, 0.535353535354, 0.81572985, 1.00000000, 1.00000000, 1.00000000
0.353535353535, 0.545454545455, 0.81969182, 1.00000000, 1.00000000, 1.00000000
0.353535353535, 0.555555555556, 0.82437880, 1.00000000, 1.00000000, 1.00000000
0.353535353535, 0.565656565657, 0.82977220, 1.00000000, 1.00000000, 1.00000000
0.353535353535, 0.575757575758, 0.83585065, 1.00000000, 1.00000000, 1.00000000
0.353535353535, 0.585858585859, 0.84259003, 1.00000000, 1.00000000, 1.00000000
0.353535353535, 0.595959595960, 0.84996358, 1.00000000, 1.00000000, 1.00000000
0.353535353535, 0.606060606061, 0.85794198, 1.00000000, 1.00000000, 1.00000000
0.353535353535, 0.616161616162, 0.86649347, 1.00000000, 1.00000000, 1.00000000
0.353535353535, 0.626262626263, 0.87558398, 1.00000000, 1.00000000, 1.00000000
0.353535353535, 0.636363636364, 0.88517725, 1.00000000, 1.00000000, 1.00000000
0.353535353535, 0.646464646465, 0.89523496, 1.00000000, 1.00000000, 1.00000000
0.353535353535, 0.656565656566, 0.90571690, 1.00000000, 1.00000000, 1.00000000
0.353535353535, 0.666666666667, 0.91658111, 1.00000000, 1.00000000, 1.00000000
0.353535353535, 0.676767676768, 0.92778406, 1.00000000, 1.00000000, 1.00000000
0.353535353535, 0.686868686869, 0.93928082, 1.00000000, 1.00000000, 1.00000000
0.353535353535, 0.696969696970, 0.95102522, 1.00000000, 1.00000000, 1.00000000
0.353535353535, 0.707070707071, 0.96297005, 1.00000000, 1.00000000, 1.00000000
0.353535353535, 0.717171717172, 0.97506728, 1.00000000, 1.00000000, 1.00000000
0.353535353535, 0.727272727273, 0.98726819, 1.00000000, 1.00000000, 1.00000000
0.353535353535, 0.737373737374, 0.99952363, 1.00000000, 1.00000000, 1.00000000
0.353535353535, 0.747474747475, 1.01178417, 1.00000000, 1.00000000, 1.00000000
0.353535353535, 0.757575757576, 1.02400034, 1.00000000, 1.00000000, 1.00000000
0.353535353535, 0.767676767677, 1.03612281, 1.00000000, 1.00000000, 1.00000000
0.353535353535, 0.777777777778, 1.04810261, 1.00000000, 1.00000000, 1.00000000
0.353535353535, 0.787878787879, 1.05989131, 1.00000000, 1.00000000, 1.00000000
0.353535353535, 0.797979797980, 1.07144123, 1.00000000, 1.00000000, 1.00000000
0.353535353535, 0.808080808081, 1.08270564, 1.00000000, 1.00000000, 1.00000000
0.353535353535, 0.818181818182, 1.09363893, 1.00000000, 1.00000000, 1.00000000
0.353535353535, 0.828282828283, 1.10419683, 1.00000000, 1.00000000, 1.00000000
0.353535353535, 0.838383838384, 1.11433657, 1.00000000, 1.00000000, 1.00000000
0.353535353535, 0.848484848485, 1.12401706, 1.00000000, 1.00000000, 1.00000000
0.353535353535, 0.858585858586, 1.13319906, 1.00000000, 1.00000000, 1.00000000
0.353535353535, 0.868686868687, 1.14184536, 1.00000000, 1.00000000, 1.00000000
0.353535353535, 0.878787878788, 1.14992087, 1.00000000, 1.00000000, 1.00000000
0.353535353535, 0.888888888889, 1.15739286, 1.00000000, 1.00000000, 1.00000000
0.353535353535, 0.898989898990, 1.16423101, 1.00000000, 1.00000000, 1.00000000
0.353535353535, 0.909090909091, 1.17040758, 1.00000000, 1.00000000, 1.00000000
0.353535353535, 0.919191919192, 1.17589751, 1.00000000, 1.00000000, 1.00000000
0.353535353535, 0.929292929293, 1.18067857, 1.00000000, 1.00000000, 1.00000000
0.353535353535, 0.939393939394, 1.18473151, 1.00000000, 1.00000000, 1.00000000
0.353535353535, 0.949494949495, 1.18804047, 1.00000000, 1.00000000, 1.00000000
0.353535353535, 0.959595959596, 1.19059367, 1.00000000, 1.00000000, 1.00000000
0.363636363636, -0.000000000000, 1.19011256, 1.00000000, 1.00000000, 1.00000000
0.363636363636, 0.010101010101, 1.18765666, 1.00000000, 1.00000000, 1.00000000
0.363636363636, 0.020202020202, 1.18464240, 1.00000000, 1.00000000, 1.00000000
0.363636363636, 0.030303030303, 1.18108689, 1.00000000, 1.00000000, 1.00000000
0.363636363636, 0.040404040404, 1.17697056, 1.00000000, 1.00000000, 1.00000000
0.363636363636, 0.050505050505, 1.17224373, 1.00000000, 1.00000000, 1.00000000
0.363636363636, 0.060606060606, 1.16684723, 1.00000000, 1.00000000, 1.00000000
0.363636363636, 0.070707070707, 1.16073685, 1.00000000, 1.00000000, 1.00000000
0.363636363636, 0.080808080808, 1.15389944, 1.00000000, 1.00000000, 1.00000000
0.363636363636, 0.090909090909, 1.14635503, 1.00000000, 1.00000000, 1.00000000
0.363636363636, 0.101010101010, 1.13814762, 1.00000000, 1.00000000, 1.00000000
0.363636363636, 0.111111111111, 1.12933240, 1.00000000, 1.00000000, 1.00000000
0.363636363636, 0.121212121212, 1.11996577, 1.00000000, 1.00000000, 1.00000000
0.363636363636, 0.131313131313, 1.11010069, 1.00000000, 1.00000000, 1.00000000
0.363636363636, 0.141414141414, 1.09978608, 1.00000000, 1.00000000, 1.00000000
0.363636363636, 0.151515151515, 1.08906829, 1.00000000, 1.00000000, 1.00000000
0.363636363636, 0.161616161616, 1.07799275, 1.00000000, 1.00000000, 1.00000000
0.363636363636, 0.171717171717, 1.06660507, 1.00000000, 1.00000000, 1.00000000
0.363636363636, 0.181818181818, 1.05495158, 1.00000000, 1.00000000, 1.00000000
0.363636363636, 0.191919191919, 1.04307949, 1.00000000, 1.00000000, 1.00000000
0.363636363636, 0.202020202020, 1.03103680, 1.00000000, 1.00000000, 1.00000000
0.363636363636, 0.212121212121, 1.01887216, 1.00000000, 1.00000000, 1.00000000
0.363636363636, 0.222222222222, 1.00663468, 1.00000000, 1.00000000, 1.00000000
0.363636363636, 0.232323232323, 0.99437372, 1.00000000, 1.00000000, 1.00000000
0.363636363636, 0.242424242424, 0.98213870, 1.00000000, 1.00000000, 1.00000000
0.363636363636, 0.252525252525, 0.96997890, 1.00000000, 1.00000000, 1.00000000
0.363636363636, 0.262626262626, 0.95794326, 1.00000000, 1.00000000, 1.00000000
0.363636363636, 0.272727272727, 0.94608017, 1.00000000, 1.00000000, 1.00000000
0.363636363636, 0.282828282828, 0.93443728, 1.00000000, 1.00000000, 1.00000000
0.363636363636, 0.292929292929, 0.92306132, 1.00000000, 1.00000000, 1.00000000
0.363636363636, 0.303030303030, 0.91199791, 1.00000000, 1.00000000, 1.00000000
0.363636363636, 0.313131313131, 0.90129136, 1.00000000, 1.00000000, 1.00000000
0.363636363636, 0.323232323232, 0.89098450, 1.00000000, 1.00000000, 1.00000000
0.363636363636, 0.333333333333, 0.88111854, 1.00000000, 1.00000000, 1.00000000
0.363636363636, 0.343434343434, 0.87173287, 1.00000000, 1.00000000, 1.00000000
0.363636363636, 0.353535353535, 0.86286494, 1.00000000, 1.00000000, 1.00000000
0.363636363636, 0.363636363636, 0.85455007, 1.00000000, 1.00000000, 1.00000000
0.363636363636, 0.373737373737, 0.84682139, 1.00000000, 1.00000000, 1.00000000
0.363636363636, 0.383838383838, 0.83970963, 1.00000000, 1.00000000, 1.00000000
0.363636363636, 0.393939393939, 0.83324306, 1.00000000, 1.00000000, 1.00000000
0.363636363636, 0.404040404040, 0.82744739, 1.00000000, 1.00000000, 1.00000000
0.363636363636, 0.414141414141, 0.82234562, 1.00000000, 1.00000000, 1.00000000
0.363636363636, 0.424242424242, 0.81795803, 1.00000000, 1.00000000, 1.00000000
0.363636363636, 0.434343434343, 0.81430205, 1.00000000, 1.00000000, 1.00000000
0.363636363636, 0.444444444444, 0.81139222, 1.00000000, 1.00000000, 1.00000000
0.363636363636, 0.454545454545, 0.80924015, 1.00000000, 1.00000000, 1.00000000
0.363636363636, 0.464646464646, 0.80785447, 1.00000000, 1.00000000, 1.00000000
0.363636363636, 0.474747474747, 0.80724078, 1.00000000, 1.00000000, 1.00000000
0.363636363636, 0.484848484848, 0.80740158, 1.00000000, 1.00000000, 1.00000000
0.363636363636, 0.494949494949, 0.80833615, 1.00000000, 1.00000000, 1.00000000
0.363636363636, 0.505050505051, 0.81004074, 1.00000000, 1.00000000, 1.00000000
0.363636363636, 0.515151515152, 0.81250857, 1.00000000, 1.00000000, 1.00000000
0.363636363636, 0.525252525253, 0.81572985, 1.00000000, 1.00000000, 1.00000000
0.363636363636, 0.535353535354, 0.81969182, 1.00000000, 1.00000000, 1.00000000
0.363636363636, 0.545454545455, 0.82437880, 1.00000000, 1.00000000, 1.00000000
0.363636363636, 0.555555555556, 0.82977220, 1.00000000, 1.00000000, 1.00000000
0.363636363636, 0.565656565657, 0.83585065, 1.00000000, 1.00000000, 1.00000000
0.363636363636, 0.575757575758, 0.84259003, 1.00000000, 1.00000000, 1.00000000
0.363636363636, 0.585858585859, 0.84996358, 1.00000000, 1.00000000, 1.00000000
0.363636363636, 0.595959595960, 0.85794198, 1.00000000, 1.00000000, 1.00000000
0.363636363636, 0.606060606061, 0.86649347, 1.00000000, 1.00000000, 1.00000000
0.363636363636, 0.616161616162, 0.87558398, 1.00000000, 1.00000000, 1.00000000
0.363636363636, 0.626262626263, 0.88517725, 1.00000000, 1.00000000, 1.00000000
0.363636363636, 0.636363636364, 0.89523496, 1.00000000, 1.00000000, 1.00000000
0.363636363636, 0.646464646465, 0.90571690, 1.00000000, 1.00000000, 1.00000000
0.363636363636, 0.656565656566, 0.91658111, 1.00000000, 1.00000000, 1.00000000
0.363636363636, 0.666666666667, 0.92778406, 1.00000000, 1.00000000, 1.00000000
0.363636363636, 0.676767676768, 0.93928082, 1.00000000, 1.00000000, 1.00000000
0.363636363636, 0.686868686869, 0.95102522, 1.00000000, 1.00000000, 1.00000000
0.363636363636, 0.696969696970, 0.96297005, 1.00000000, 1.00000000, 1.00000000
0.363636363636, 0.707070707071, 0.97506728, 1.00000000, 1.00000000, 1.00000000
0.363636363636, 0.717171717172, 0.98726819, 1.00000000, 1.00000000, 1.00000000
0.363636363636, 0.727272727273, 0.99952363, 1.00000000, 1.00000000, 1.00000000
0.363636363636, 0.737373737374, 1.01178417, 1.00000000, 1.00000000, 1.00000000
0.363636363636, 0.747474747475, 1.02400034, 1.00000000, 1.00000000, 1.00000000
0.363636363636, 0.757575757576, 1.03612281, 1.00000000, 1.00000000, 1.00000000
0.363636363636, 0.767676767677, 1.04810261, 1.00000000, 1.00000000, 1.00000000
0.363636363636, 0.777777777778, 1.05989131, 1.00000000, 1.00000000, 1.00000000
0.363636363636, 0.787878787879, 1.07144123, 1.00000000, 1.00000000, 1.00000000
0.363636363636, 0.797979797980, 1.08270564, 1.00000000, 1.00000000, 1.00000000
0.363636363636, 0.808080808081, 1.09363893, 1.00000000, 1.00000000, 1.00000000
0.363636363636, 0.818181818182, 1.10419683, 1.00000000, 1.00000000, 1.00000000
0.363636363636, 0.828282828283, 1.11433657, 1.00000000, 1.00000000, 1.00000000
0.363636363636, 0.838383838384, 1.12401706, 1.00000000, 1.00000000, 1.00000000
0.363636363636, 0.848484848485, 1.13319906, 1.00000000, 1.00000000, 1.00000000
0.363636363636, 0.858585858586, 1.14184536, 1.00000000, 1.00000000, 1.00000000
0.363636363636, 0.868686868687, 1.14992087, 1.00000000, 1.00000000, 1.00000000
0.363636363636, 0.878787878788, 1.15739286, 1.00000000, 1.00000000, 1.00000000
0.363636363636, 0.888888888889, 1.16423101, 1.00000000, 1.00000000, 1.00000000
0.363636363636, 0.898989898990, 1.17040758, 1.00000000, 1.00000000, 1.00000000
0.363636363636, 0.909090909091, 1.17589749, 1.00000000, 1.00000000, 1.00000000
0.363636363636, 0.919191919192, 1.18067849, 1.00000000, 1.00000000, 1.00000000
0.363636363636, 0.929292929293, 1.18473120, 1.00000000, 1.00000000, 1.00000000
0.363636363636, 0.939393939394, 1.18803938, 1.00000000, 1.00000000, 1.00000000
0.363636363636, 0.949494949495, 1.19059024, 1.00000000, 1.00000000, 1.00000000
0.363636363636, 0.959595959596, 1.19237531, 1.00000000, 1.00000000, 1.00000000
0.373737373737, -0.000000000000, 1.18729955, 1.00000000, 1.00000000, 1.00000000
0.373737373737, 0.010101010101, 1.18413582, 1.00000000, 1.00000000, 1.00000000
0.373737373737, 0.020202020202, 1.18044575, 1.00000000, 1.00000000, 1.00000000
0.373737373737, 0.030303030303, 1.17624608, 1.00000000, 1.00000000, 1.00000000
0.373737373737, 0.040404040404, 1.17151218, 1.00000000, 1.00000000, 1.00000000
0.373737373737, 0.050505050505, 1.16618651, 1.00000000, 1.00000000, 1.00000000
0.373737373737, 0.060606060606, 1.16020255, 1.00000000, 1.00000000, 1.00000000
0.373737373737, 0.070707070707, 1.15351223, 1.00000000, 1.00000000, 1.00000000
0.373737373737, 0.080808080808, 1.14610335, 1.00000000, 1.00000000, 1.00000000
0.373737373737, 0.090909090909, 1.13800079, 1.00000000, 1.00000000, 1.00000000
0.373737373737, 0.101010101010, 1.12925549, 1.00000000, 1.00000000, 1.00000000
0.373737373737, 0.111111111111, 1.11992960, 1.00000000, 1.00000000, 1.00000000
0.373737373737, 0.121212121212, 1.11008542, 1.00000000, 1.00000000, 1.00000000
0.373737373737, 0.131313131313, 1.09978029, 1.00000000, 1.00000000, 1.00000000
0.373737373737, 0.141414141414, 1.08906633, 1.00000000, 1.00000000, 1.00000000
0.373737373737, 0.151515151515, 1.07799216, 1.00000000, 1.00000000, 1.00000000
0.373737373737, 0.161616161616, 1.06660491, 1.00000000, 1.00000000, 1.00000000
0.373737373737, 0.171717171717, 1.05495154, 1.00000000, 1.00000000, 1.00000000
0.373737373737, 0.181818181818, 1.04307948, 1.00000000, 1.00000000, 1.00000000
0.373737373737, 0.191919191919, 1.03103680, 1.00000000, 1.00000000, 1.00000000
0.373737373737, 0.202020202020, 1.01887216, 1.00000000, 1.00000000, 1.00000000
0.373737373737, 0.212121212121, 1.00663468, 1.00000000, 1.00000000, 1.00000000
0.373737373737, 0.222222222222, 0.99437372, 1.00000000, 1.00000000, 1.00000000
0.373737373737, 0.232323232323, 0.98213870, 1.00000000, 1.00000000, 1.00000000
0.373737373737, 0.242424242424, 0.96997890, 1.00000000, 1.00000000, 1.00000000
0.373737373737, 0.252525252525, 0.95794326, 1.00000000, 1.00000000, 1.00000000
0.373737373737, 0.262626262626, 0.94608017, 1.00000000, 1.00000000, 1.00000000
0.373737373737, 0.272727272727, 0.93443728, 1.00000000, 1.00000000, 1.00000000
0.373737373737, 0.282828282828, 0.92306132, 1.00000000, 1.00000000, 1.00000000
0.373737373737, 0.292929292929, 0.91199791, 1.00000000, 1.00000000, 1.00000000
0.373737373737, 0.303030303030, 0.90129136, 1.00000000, 1.00000000, 1.00000000
0.373737373737, 0.313131313131, 0.89098450, 1.00000000, 1.00000000, 1.00000000
0.373737373737, 0.323232323232, 0.88111854, 1.00000000, 1.00000000, 1.00000000
0.373737373737, 0.333333333333, 0.87173287, 1.00000000, 1.00000000, 1.00000000
0.373737373737, 0.343434343434, 0.86286494, 1.00000000, 1.00000000, 1.00000000
0.373737373737, 0.353535353535, 0.85455007, 1.00000000, 1.00000000, 1.00000000
0.373737373737, 0.363636363636, 0.84682139, 1.00000000, 1.00000000, 1.00000000
0.373737373737, 0.373737373737, 0.83970963, 1.00000000, 1.00000000, 1.00000000
0.373737373737, 0.383838383838, 0.83324306, 1.00000000, 1.00000000, 1.00000000
0.373737373737, 0.393939393939, 0.82744739, 1.00000000, 1.00000000, 1.00000000
0.373737373737, 0.404040404040, 0.82234562, 1.00000000, 1.00000000, 1.00000000
0.373737373737, 0.414141414141, 0.81795803, 1.00000000, 1.00000000, 1.00000000
0.373737373737, 0.424242424242, 0.81430205, 1.00000000, 1.00000000, 1.00000000
0.373737373737, 0.434343434343, 0.81139222, 1.00000000, 1.00000000, 1.00000000
0.373737373737, 0.444444444444, 0.80924015, 1.00000000, 1.00000000, 1.00000000
0.373737373737, 0.454545454545, 0.80785447, 1.00000000, 1.00000000, 1.00000000
0.373737373737, 0.464646464646, 0.80724078, 1.00000000, 1.00000000, 1.00000000
0.373737373737, 0.474747474747, 0.80740158, 1.00000000, 1.00000000, 1.00000000
0.373737373737, 0.484848484848, 0.80833615, 1.00000000, 1.00000000, 1.00000000
0.373737373737, 0.494949494949, 0.81004074, 1.00000000, 1.00000000, 1.00000000
0.373737373737, 0.505050505051, 0.81250857, 1.00000000, 1.00000000, 1.00000000
0.373737373737, 0.515151515152, 0.81572985, 1.00000000, 1.00000000, 1.00000000
0.373737373737, 0.525252525253, 0.81969182, 1.00000000, 1.00000000, 1.00000000
0.373737373737, 0.535353535354, 0.82437880, 1.00000000, 1.00000000, 1.00000000
0.373737373737, 0.545454545455, 0.82977220, 1.00000000, 1.00000000, 1.00000000
0.373737373737, 0.555555555556, 0.83585065, 1.00000000, 1.00000000, 1.00000000
0.373737373737, 0.565656565657, 0.84259003, 1.00000000, 1.00000000, 1.00000000
0.373737373737, 0.575757575758, 0.84996358, 1.00000000, 1.00000000, 1.00000000
0.373737373737, 0.585858585859, 0.85794198, 1.00000000, 1.00000000, 1.00000000
0.373737373737, 0.595959595960, 0.86649347, 1.00000000, 1.00000000, 1.00000000
0.373737373737, 0.606060606061, 0.87558398, 1.00000000, 1.00000000, 1.00000000
0.373737373737, 0.616161616162, 0.88517725, 1.00000000, 1.00000000, 1.00000000
0.373737373737, 0.626262626263, 0.89523496, 1.00000000, 1.00000000, 1.00000000
0.373737373737, 0.636363636364, 0.90571690, 1.00000000, 1.00000000, 1.00000000
0.373737373737, 0.646464646465, 0.91658111, 1.00000000, 1.00000000, 1.00000000
0.373737373737, 0.656565656566, 0.92778406, 1.00000000, 1.00000000, 1.00000000
0.373737373737, 0.666666666667, 0.93928082, 1.00000000, 1.00000000, 1.00000000
0.373737373737, 0.676767676768, 0.95102522, 1.00000000, 1.00000000, 1.00000000
0.373737373737, 0.686868686869, 0.96297005, 1.00000000, 1.00000000, 1.00000000
0.373737373737, 0.696969696970, 0.97506728, 1.00000000, 1.00000000, 1.00000000
0.373737373737, 0.707070707071, 0.98726819, 1.00000000, 1.00000000, 1.00000000
0.373737373737, 0.717171717172, 0.99952363, 1.00000000, 1.00000000, 1.00000000
0.373737373737, 0.727272727273, 1.01178417, 1.00000000, 1.00000000, 1.00000000
0.373737373737, 0.737373737374, 1.02400034, 1.00000000, 1.00000000, 1.00000000
0.373737373737, 0.747474747475, 1.03612281, 1.00000000, 1.00000000, 1.00000000
0.373737373737, 0.757575757576, 1.04810261, 1.00000000, 1.00000000, 1.00000000
0.373737373737, 0.767676767677, 1.05989131, 1.00000000, 1.00000000, 1.00000000
0.373737373737, 0.777777777778, 1.07144123, 1.00000000, 1.00000000, 1.00000000
0.373737373737, 0.787878787879, 1.08270564, 1.00000000, 1.00000000, 1.00000000
0.373737373737, 0.797979797980, 1.09363893, 1.00000000, 1.00000000, 1.00000000
0.373737373737, 0.808080808081, 1.10419683, 1.00000000, 1.00000000, 1.00000000
0.373737373737, 0.818181818182, 1.11433657, 1.00000000, 1.00000000, 1.00000000
0.373737373737, 0.828282828283, 1.12401706, 1.00000000, 1.00000000, 1.00000000
0.373737373737, 0.838383838384, 1.13319906, 1.00000000, 1.00000000, 1.00000000
0.373737373737, 0.848484848485, 1.14184536, 1.00000000, 1.00000000, 1.00000000
0.373737373737, 0.858585858586, 1.14992087, 1.00000000, 1.00000000, 1.00000000
0.373737373737, 0.868686868687, 1.15739286, 1.00000000, 1.00000000, 1.00000000
0.373737373737, 0.878787878788, 1.16423101, 1.00000000, 1.00000000, 1.00000000
0.373737373737, 0.888888888889, 1.17040758, 1.00000000, 1.00000000, 1.00000000
0.373737373737, 0.898989898990, 1.17589749, 1.00000000, 1.00000000, 1.00000000
0.373737373737, 0.909090909091, 1.18067847, 1.00000000, 1.00000000, 1.00000000
0.373737373737, 0.919191919192, 1.18473111, 1.00000000, 1.00000000, 1.00000000
0.373737373737, 0.929292929293, 1.18803903, 1.00000000, 1.00000000, 1.00000000
0.373737373737, 0.939393939394, 1.19058898, 1.00000000, 1.00000000, 1.00000000
0.373737373737, 0.949494949495, 1.19237135, 1.00000000, 1.00000000, 1.00000000
0.373737373737, 0.959595959596, 1.19338102, 1.00000000, 1.00000000, 1.00000000
0.383838383838, -0.000000000000, 1.18373174, 1.00000000, 1.00000000, 1.00000000
0.383838383838, 0.010101010101, 1.17987310, 1.00000000, 1.00000000, 1.00000000
0.383838383838, 0.020202020202, 1.17552217, 1.00000000, 1.00000000, 1.00000000
0.383838383838, 0.030303030303, 1.17069527, 1.00000000, 1.00000000, 1.00000000
0.383838383838, 0.040404040404, 1.16536283, 1.00000000, 1.00000000, 1.00000000
0.383838383838, 0.050505050505, 1.15945973, 1.00000000, 1.00000000, 1.00000000
0.383838383838, 0.060606060606, 1.15291245, 1.00000000, 1.00000000, 1.00000000
0.383838383838, 0.070707070707, 1.14566932, 1.00000000, 1.00000000, 1.00000000
0.383838383838, 0.080808080808, 1.13771906, 1.00000000, 1.00000000, 1.00000000
0.383838383838, 0.090909090909, 1.12909134, 1.00000000, 1.00000000, 1.00000000
0.383838383838, 0.101010101010, 1.11984371, 1.00000000, 1.00000000, 1.00000000
0.383838383838, 0.111111111111, 1.11004506, 1.00000000, 1.00000000, 1.00000000
0.383838383838, 0.121212121212, 1.09976326, 1.00000000, 1.00000000, 1.00000000
0.383838383838, 0.131313131313, 1.08905988, 1.00000000, 1.00000000, 1.00000000
0.383838383838, 0.141414141414, 1.07798997, 1.00000000, 1.00000000, 1.00000000
0.383838383838, 0.151515151515, 1.06660424, 1.00000000, 1.00000000, 1.00000000
0.383838383838, 0.161616161616, 1.05495136, 1.00000000, 1.00000000, 1.00000000
0.383838383838, 0.171717171717, 1.04307944, 1.00000000, 1.00000000, 1.00000000
0.383838383838, 0.181818181818, 1.03103679, 1.00000000, 1.00000000, 1.00000000
0.383838383838, 0.191919191919, 1.01887216, 1.00000000, 1.00000000, 1.00000000
0.383838383838, 0.202020202020, 1.00663468, 1.00000000, 1.00000000, 1.00000000
0.383838383838, 0.212121212121, 0.99437372, 1.00000000, 1.00000000, 1.00000000
0.383838383838, 0.222222222222, 0.98213870, 1.00000000, 1.00000000, 1.00000000
0.383838383838, 0.232323232323, 0.96997890, 1.00000000, 1.00000000, 1.00000000
0.383838383838, 0.242424242424, 0.95794326, 1.00000000, 1.00000000, 1.00000000
0.383838383838, 0.252525252525, 0.94608017, 1.00000000, 1.00000000, 1.00000000
0.383838383838, 0.262626262626, 0.93443728, 1.00000000, 1.00000000, 1.00000000
0.383838383838, 0.272727272727, 0.92306132, 1.00000000, 1.00000000, 1.00000000
0.383838383838, 0.282828282828, 0.91199791, 1.00000000, 1.00000000, 1.00000000
0.383838383838, 0.292929292929, 0.90129136, 1.00000000, 1.00000000, 1.00000000
0.383838383838, 0.303030303030, 0.89098450, 1.00000000, 1.00000000, 1.00000000
0.383838383838, 0.313131313131, 0.88111854, 1.00000000, 1.00000000, 1.00000000
0.383838383838, 0.323232323232, 0.87173287, 1.00000000, 1.00000000, 1.00000000
0.383838383838, 0.333333333333, 0.86286494, 1.00000000, 1.00000000, 1.00000000
0.383838383838, 0.343434343434, 0.85455007, 1.00000000, 1.00000000, 1.00000000
0.383838383838, 0.353535353535, 0.84682139, 1.00000000, 1.00000000, 1.00000000
0.383838383838, 0.363636363636, 0.83970963, 1.00000000, 1.00000000, 1.00000000
0.383838383838, 0.373737373737, 0.83324306, 1.00000000, 1.00000000, 1.00000000
0.383838383838, 0.383838383838, 0.82744739, 1.00000000, 1.00000000, 1.00000000
0.383838383838, 0.393939393939, 0.82234562, 1.00000000, 1.00000000, 1.00000000
0.383838383838, 0.404040404040, 0.81795803, 1.00000000, 1.00000000, 1.00000000
0.383838383838, 0.414141414141, 0.81430205, 1.00000000, 1.00000000, 1.00000000
0.383838383838, 0.424242424242, 0.81139222, 1.00000000, 1.00000000, 1.00000000
0.383838383838, 0.434343434343, 0.80924015, 1.00000000, 1.00000000, 1.00000000
0.383838383838, 0.444444444444, 0.80785447, 1.00000000, 1.00000000, 1.00000000
0.383838383838, 0.454545454545, 0.80724078, 1.00000000, 1.00000000, 1.00000000
0.383838383838, 0.464646464646, 0.80740158, 1.00000000, 1.00000000, 1.00000000
0.383838383838, 0.474747474747, 0.80833615, 1.00000000, 1.00000000, 1.00000000
0.383838383838, 0.484848484848, 0.81004074, 1.00000000, 1.00000000, 1.00000000
0.383838383838, 0.494949494949, 0.81250857, 1.00000000, 1.00000000, 1.00000000
0.383838383838, 0.505050505051, 0.81572985, 1.00000000, 1.00000000, 1.00000000
0.383838383838, 0.515151515152, 0.81969182, 1.00000000, 1.00000000, 1.00000000
0.383838383838, 0.525252525253, 0.82437880, 1.00000000, 1.00000000, 1.00000000
0.383838383838, 0.535353535354, 0.82977220, 1.00000000, 1.00000000, 1.00000000
0.383838383838, 0.545454545455, 0.83585065, 1.00000000, 1.00000000, 1.00000000
0.383838383838, 0.555555555556, 0.84259003, 1.00000000, 1.00000000, 1.00000000
0.383838383838, 0.565656565657, 0.84996358, 1.00000000, 1.00000000, 1.00000000
0.383838383838, 0.575757575758, 0.85794198, 1.00000000, 1.00000000, 1.00000000
0.383838383838, 0.585858585859, 0.86649347, 1.00000000, 1.00000000, 1.00000000
0.383838383838, 0.595959595960, 0.87558398, 1.00000000, 1.00000000, 1.00000000
0.383838383838, 0.606060606061, 0.88517725, 1.00000000, 1.00000000, 1.00000000
0.383838383838, 0.616161616162, 0.89523496, 1.00000000, 1.00000000, 1.00000000
0.383838383838, 0.626262626263, 0.90571690, 1.00000000, 1.00000000, 1.00000000
0.383838383838, 0.636363636364, 0.91658111, 1.00000000, 1.00000000, 1.00000000
0.383838383838, 0.646464646465, 0.92778406, 1.00000000, 1.00000000, 1.00000000
0.383838383838, 0.656565656566, 0.93928082, 1.00000000, 1.00000000, 1.00000000
0.383838383838, 0.666666666667, 0.95102522, 1.00000000, 1.00000000, 1.00000000
0.383838383838, 0.676767676768, 0.96297005, 1.00000000, 1.00000000, 1.00000000
0.383838383838, 0.686868686869, 0.97506728, 1.00000000, 1.00000000, 1.00000000
0.383838383838, 0.696969696970, 0.98726819, 1.00000000, 1.00000000, 1.00000000
0.383838383838, 0.707070707071, 0.99952363, 1.00000000, 1.00000000, 1.00000000
0.383838383838, 0.717171717172, 1.01178417, 1.00000000, 1.00000000, 1.00000000
0.383838383838, 0.727272727273, 1.02400034, 1.00000000, 1.00000000, 1.00000000
0.383838383838, 0.737373737374, 1.03612281, 1.00000000, 1.00000000, 1.00000000
0.383838383838, 0.747474747475, 1.04810261, 1.00000000, 1.00000000, 1.00000000
0.383838383838, 0.757575757576, 1.05989131, 1.00000000, 1.00000000, 1.00000000
0.383838383838, 0.767676767677, 1.07144123, 1.00000000, 1.00000000, 1.00000000
0.383838383838, 0.777777777778, 1.08270564, 1.00000000, 1.00000000, 1.00000000
0.383838383838, 0.787878787879, 1.09363893, 1.00000000, 1.00000000, 1.00000000
0.383838383838, 0.797979797980, 1.10419683, 1.00000000, 1.00000000, 1.00000000
0.383838383838, 0.808080808081, 1.11433657, 1.00000000, 1.00000000, 1.00000000
0.383838383838, 0.818181818182, 1.12401706, 1.00000000, 1.00000000, 1.00000000
0.383838383838, 0.828282828283, 1.13319906, 1.00000000, 1.00000000, 1.00000000
0.383838383838, 0.838383838384, 1.14184536, 1.00000000, 1.00000000, 1.00000000
0.383838383838, 0.848484848485, 1.14992087, 1.00000000, 1.00000000, 1.00000000
0.383838383838, 0.858585858586, 1.15739286, 1.00000000, 1.00000000, 1.00000000
0.383838383838, 0.868686868687, 1.16423101, 1.00000000, 1.00000000, 1.00000000
0.383838383838, 0.878787878788, 1.17040758, 1.00000000, 1.00000000, 1.00000000
0.383838383838, 0.888888888889, 1.17589749, 1.00000000, 1.00000000, 1.00000000
0.383838383838, 0.898989898990, 1.18067846, 1.00000000, 1.00000000, 1.00000000
0.383838383838, 0.909090909091, 1.18473109, 1.00000000, 1.00000000, 1.00000000
0.383838383838, 0.919191919192, 1.18803892, 1.00000000, 1.00000000, 1.00000000
0.383838383838, 0.929292929293, 1.19058858, 1.00000000, 1.00000000, 1.00000000
0.383838383838, 0.939393939394, 1.19236994, 1.00000000, 1.00000000, 1.00000000
0.383838383838, 0.949494949495, 1.19337654, 1.00000000, 1.00000000, 1.00000000
0.383838383838, 0.959595959596, 1.19360665, 1.00000000, 1.00000000, 1.00000000
0.393939393939, -0.000000000000, 1.17942368, 1.00000000, 1.00000000, 1.00000000
0.393939393939, 0.010101010101, 1.17488584, 1.00000000, 1.00000000, 1.00000000
0.393939393939, 0.020202020202, 1.16989169, 1.00000000, 1.00000000, 1.00000000
0.393939393939, 0.030303030303, 1.16445701, 1.00000000, 1.00000000, 1.00000000
0.393939393939, 0.040404040404, 1.15854744, 1.00000000, 1.00000000, 1.00000000
0.393939393939, 0.050505050505, 1.15209066, 1.00000000, 1.00000000, 1.00000000
0.393939393939, 0.060606060606, 1.14500649, 1.00000000, 1.00000000, 1.00000000
0.393939393939, 0.070707070707, 1.13723989, 1.00000000, 1.00000000, 1.00000000
0.393939393939, 0.080808080808, 1.12878058, 1.00000000, 1.00000000, 1.00000000
0.393939393939, 0.090909090909, 1.11966278, 1.00000000, 1.00000000, 1.00000000
0.393939393939, 0.101010101010, 1.10995044, 1.00000000, 1.00000000, 1.00000000
0.393939393939, 0.111111111111, 1.09971882, 1.00000000, 1.00000000, 1.00000000
0.393939393939, 0.121212121212, 1.08904113, 1.00000000, 1.00000000, 1.00000000
0.393939393939, 0.131313131313, 1.07798287, 1.00000000, 1.00000000, 1.00000000
0.393939393939, 0.141414141414, 1.06660183, 1.00000000, 1.00000000, 1.00000000
0.393939393939, 0.151515151515, 1.05495063, 1.00000000, 1.00000000, 1.00000000
0.393939393939, 0.161616161616, 1.04307924, 1.00000000, 1.00000000, 1.00000000
0.393939393939, 0.171717171717, 1.03103674, 1.00000000, 1.00000000, 1.00000000
0.393939393939, 0.181818181818, 1.01887215, 1.00000000, 1.00000000, 1.00000000
0.393939393939, 0.191919191919, 1.00663468, 1.00000000, 1.00000000, 1.00000000
0.393939393939, 0.202020202020, 0.99437372, 1.00000000, 1.00000000, 1.00000000
0.393939393939, 0.212121212121, 0.98213870, 1.00000000, 1.00000000, 1.00000000
0.393939393939, 0.222222222222, 0.96997890, 1.00000000, 1.00000000, 1.00000000
0.393939393939, 0.232323232323, 0.95794326, 1.00000000, 1.00000000, 1.00000000
0.393939393939, 0.242424242424, 0.94608017, 1.00000000, 1.00000000, 1.00000000
0.393939393939, 0.252525252525, 0.93443728, 1.00000000, 1.00000000, 1.00000000
0.393939393939, 0.262626262626, 0.92306132, 1.00000000, 1.00000000, 1.00000000
0.393939393939, 0.272727272727, 0.91199791, 1.00000000, 1.00000000, 1.00000000
0.393939393939, 0.282828282828, 0.90129136, 1.00000000, 1.00000000, 1.00000000
0.393939393939, 0.292929292929, 0.89098450, 1.00000000, 1.00000000, 1.00000000
0.393939393939, 0.303030303030, 0.88111854, 1.00000000, 1.00000000, 1.00000000
0.393939393939, 0.313131313131, 0.87173287, 1.00000000, 1.00000000, 1.00000000
0.393939393939, 0.323232323232, 0.86286494, 1.00000000, 1.00000000, 1.00000000
0.393939393939, 0.333333333333, 0.85455007, 1.00000000, 1.00000000, 1.00000000
0.393939393939, 0.343434343434, 0.84682139, 1.00000000, 1.00000000, 1.00000000
0.393939393939, 0.353535353535, 0.83970963, 1.00000000, 1.00000000, 1.00000000
0.393939393939, 0.363636363636, 0.83324306, 1.00000000, 1.00000000, 1.00000000
0.393939393939, 0.373737373737, 0.82744739, 1.00000000, 1.00000000, 1.00000000
0.393939393939, 0.383838383838, 0.82234562, 1.00000000, 1.00000000, 1.00000000
0.393939393939, 0.393939393939, 0.81795803, 1.00000000, 1.00000000, 1.00000000
0.393939393939, 0.404040404040, 0.81430205, 1.00000000, 1.00000000, 1.00000000
0.393939393939, 0.414141414141, 0.81139222, 1.00000000, 1.00000000, 1.00000000
0.393939393939, 0.424242424242, 0.80924015, 1.00000000, 1.00000000, 1.00000000
0.393939393939, 0.434343434343, 0.80785447, 1.00000000, 1.00000000, 1.00000000
0.393939393939, 0.444444444444, 0.80724078, 1.00000000, 1.00000000, 1.00000000
0.393939393939, 0.454545454545, 0.80740158, 1.00000000, 1.00000000, 1.00000000
0.393939393939, 0.464646464646, 0.80833615, 1.00000000, 1.00000000, 1.00000000
0.393939393939, 0.474747474747, 0.81004074, 1.00000000, 1.00000000, 1.00000000
0.393939393939, 0.484848484848, 0.81250857, 1.00000000, 1.00000000, 1.00000000
0.393939393939, 0.494949494949, 0.81572985, 1.00000000, 1.00000000, 1.00000000
0.393939393939, 0.505050505051, 0.81969182, 1.00000000, 1.00000000, 1.00000000
0.393939393939, 0.515151515152, 0.82437880, 1.00000000, 1.00000000, 1.00000000
0.393939393939, 0.525252525253, 0.82977220, 1.00000000, 1.00000000, 1.00000000
0.393939393939, 0.535353535354, 0.83585065, 1.00000000, 1.00000000, 1.00000000
0.393939393939, 0.545454545455, 0.84259003, 1.00000000, 1.00000000, 1.00000000
0.393939393939, 0.555555555556, 0.84996358, 1.00000000, 1.00000000, 1.00000000
0.393939393939, 0.565656565657, 0.85794198, 1.00000000, 1.00000000, 1.00000000
0.393939393939, 0.575757575758, 0.86649347, 1.00000000, 1.00000000, 1.00000000
0.393939393939, 0.585858585859, 0.87558398, 1.00000000, 1.00000000, 1.00000000
0.393939393939, 0.595959595960, 0.88517725, 1.00000000, 1.00000000, 1.00000000
0.393939393939, 0.606060606061, 0.89523496, 1.00000000, 1.00000000, 1.00000000
0.393939393939, 0.616161616162, 0.90571690, 1.00000000, 1.00000000, 1.00000000
0.393939393939, 0.626262626263, 0.91658111, 1.00000000, 1.00000000, 1.00000000
0.393939393939, 0.636363636364, 0.92778406, 1.00000000, 1.00000000, 1.00000000
0.393939393939, 0.646464646465, 0.93928082, 1.00000000, 1.00000000, 1.00000000
0.393939393939, 0.656565656566, 0.95102522, 1.00000000, 1.00000000, 1.00000000
0.393939393939, 0.666666666667, 0.96297005, 1.00000000, 1.00000000, 1.00000000
0.393939393939, 0.676767676768, 0.97506728, 1.00000000, 1.00000000, 1.00000000
0.393939393939, 0.686868686869, 0.98726819, 1.00000000, 1.00000000, 1.00000000
0.393939393939, 0.696969696970, 0.99952363, 1.00000000, 1.00000000, 1.00000000
0.393939393939, 0.707070707071, 1.01178417, 1.00000000, 1.00000000, 1.00000000
0.393939393939, 0.717171717172, 1.02400034, 1.00000000, 1.00000000, 1.00000000
0.393939393939, 0.727272727273, 1.03612281, 1.00000000, 1.00000000, 1.00000000
0.393939393939, 0.737373737374, 1.04810261, 1.00000000, 1.00000000, 1.00000000
0.393939393939, 0.747474747475, 1.05989131, 1.00000000, 1.00000000, 1.00000000
0.393939393939, 0.757575757576, 1.07144123, 1.00000000, 1.00000000, 1.00000000
0.393939393939, 0.767676767677, 1.08270564, 1.00000000, 1.00000000, 1.00000000
0.393939393939, 0.777777777778, 1.09363893, 1.00000000, 1.00000000, 1.00000000
0.393939393939, 0.787878787879, 1.10419683, 1.00000000, 1.00000000, 1.00000000
0.393939393939, 0.797979797980, 1.11433657, 1.00000000, 1.00000000, 1.00000000
0.393939393939, 0.808080808081, 1.12401706, 1.00000000, 1.00000000, 1.00000000
0.393939393939, 0.818181818182, 1.13319906, 1.00000000, 1.00000000, 1.00000000
0.393939393939, 0.828282828283, 1.14184536, 1.00000000, 1.00000000, 1.00000000
0.393939393939, 0.838383838384, 1.14992087, 1.00000000, 1.00000000, 1.00000000
0.393939393939, 0.848484848485, 1.15739286, 1.00000000, 1.00000000, 1.00000000
0.393939393939, 0.858585858586, 1.16423101, 1.00000000, 1.00000000, 1.00000000
0.393939393939, 0.868686868687, 1.17040758, 1.00000000, 1.00000000, 1.00000000
0.393939393939, 0.878787878788, 1.17589749, 1.00000000, 1.00000000, 1.00000000
0.393939393939, 0.888888888889, 1.18067846, 1.00000000, 1.00000000, 1.00000000
0.393939393939, 0.898989898990, 1.18473108, 1.00000000, 1.00000000, 1.00000000
0.393939393939, 0.909090909091, 1.18803890, 1.00000000, 1.00000000, 1.00000000
0.393939393939, 0.919191919192, 1.19058847, 1.00000000, 1.00000000, 1.00000000
0.393939393939, 0.929292929293, 1.19236949, 1.00000000, 1.00000000, 1.00000000
0.393939393939, 0.939393939394, 1.19337497, 1.00000000, 1.00000000, 1.00000000
0.393939393939, 0.949494949495, 1.19360167, 1.00000000, 1.00000000, 1.00000000
0.393939393939, 0.959595959596, 1.19305137, 1.00000000, 1.00000000, 1.00000000
0.404040404040, -0.000000000000, 1.17439290, 1.00000000, 1.00000000, 1.00000000
0.404040404040, 0.010101010101, 1.16919435, 1.00000000, 1.00000000, 1.00000000
0.404040404040, 0.020202020202, 1.16357720, 1.00000000, 1.00000000, 1.00000000
0.404040404040, 0.030303030303, 1.15755663, 1.00000000, 1.00000000, 1.00000000
0.404040404040, 0.040404040404, 1.15109368, 1.00000000, 1.00000000, 1.00000000
0.404040404040, 0.050505050505, 1.14410918, 1.00000000, 1.00000000, 1.00000000
0.404040404040, 0.060606060606, 1.13651672, 1.00000000, 1.00000000, 1.00000000
0.404040404040, 0.070707070707, 1.12825813, 1.00000000, 1.00000000, 1.00000000
0.404040404040, 0.080808080808, 1.11932413, 1.00000000, 1.00000000, 1.00000000
0.404040404040, 0.090909090909, 1.10975334, 1.00000000, 1.00000000, 1.00000000
0.404040404040, 0.101010101010, 1.09961577, 1.00000000, 1.00000000, 1.00000000
0.404040404040, 0.111111111111, 1.08899272, 1.00000000, 1.00000000, 1.00000000
0.404040404040, 0.121212121212, 1.07796244, 1.00000000, 1.00000000, 1.00000000
0.404040404040, 0.131313131313, 1.06659410, 1.00000000, 1.00000000, 1.00000000
0.404040404040, 0.141414141414, 1.05494800, 1.00000000, 1.00000000, 1.00000000
0.404040404040, 0.151515151515, 1.04307844, 1.00000000, 1.00000000, 1.00000000
0.404040404040, 0.161616161616, 1.03103653, 1.00000000, 1.00000000, 1.00000000
0.404040404040, 0.171717171717, 1.01887210, 1.00000000, 1.00000000, 1.00000000
0.404040404040, 0.181818181818, 1.00663467, 1.00000000, 1.00000000, 1.00000000
0.404040404040, 0.191919191919, 0.99437372, 1.00000000, 1.00000000, 1.00000000
0.404040404040, 0.202020202020, 0.98213870, 1.00000000, 1.00000000, 1.00000000
0.404040404040, 0.212121212121, 0.96997890, 1.00000000, 1.00000000, 1.00000000
0.404040404040, 0.222222222222, 0.95794326, 1.00000000, 1.00000000, 1.00000000
0.404040404040, 0.232323232323, 0.94608017, 1.00000000, 1.00000000, 1.00000000
0.404040404040, 0.242424242424, 0.93443728, 1.00000000, 1.00000000, 1.00000000
0.404040404040, 0.252525252525, 0.92306132, 1.00000000, 1.00000000, 1.00000000
0.404040404040, 0.262626262626, 0.91199791, 1.00000000, 1.00000000, 1.00000000
0.404040404040, 0.272727272727, 0.90129136, 1.00000000, 1.00000000, 1.00000000
0.404040404040, 0.282828282828, 0.89098450, 1.00000000, 1.00000000, 1.00000000
0.404040404040, 0.292929292929, 0.88111854, 1.00000000, 1.00000000, 1.00000000
0.404040404040, 0.303030303030, 0.87173287, 1.00000000, 1.00000000, 1.00000000
0.404040404040, 0.313131313131, 0.86286494, 1.00000000, 1.00000000, 1.00000000
0.404040404040, 0.323232323232, 0.85455007, 1.00000000, 1.00000000, 1.00000000
0.404040404040, 0.333333333333, 0.84682139, 1.00000000, 1.00000000, 1.00000000
0.404040404040, 0.343434343434, 0.83970963, 1.00000000, 1.00000000, 1.00000000
0.404040404040, 0.353535353535, 0.83324306, 1.00000000, 1.00000000, 1.00000000
0.404040404040, 0.363636363636, 0.82744739, 1.00000000, 1.00000000, 1.00000000
0.404040404040, 0.373737373737, 0.82234562, 1.00000000, 1.00000000, 1.00000000
0.404040404040, 0.383838383838, 0.81795803, 1.00000000, 1.00000000, 1.00000000
0.404040404040, 0.393939393939, 0.81430205, 1.00000000, 1.00000000, 1.00000000
0.404040404040, 0.404040404040, 0.81139222, 1.00000000, 1.00000000, 1.00000000
0.404040404040, 0.414141414141, 0.80924015, 1.00000000, 1.00000000, 1.00000000
0.404040404040, 0.424242424242, 0.80785447, 1.00000000, 1.00000000, 1.00000000
0.404040404040, 0.434343434343, 0.80724078, 1.00000000, 1.00000000, 1.00000000
0.404040404040, 0.444444444444, 0.80740158, 1.00000000, 1.00000000, 1.00000000
0.404040404040, 0.454545454545, 0.80833615, 1.00000000, 1.00000000, 1.00000000
0.404040404040, 0.464646464646, 0.81004074, 1.00000000, 1.00000000, 1.00000000
0.404040404040, 0.474747474747, 0.81250857, 1.00000000, 1.00000000, 1.00000000
0.404040404040, 0.484848484848, 0.81572985, 1.00000000, 1.00000000, 1.00000000
0.404040404040, 0.494949494949, 0.81969182, 1.00000000, 1.00000000, 1.00000000
0.404040404040, 0.505050505051, 0.82437880, 1.00000000, 1.00000000, 1.00000000
0.404040404040, 0.515151515152, 0.82977220, 1.00000000, 1.00000000, 1.00000000
0.404040404040, 0.525252525253, 0.83585065, 1.00000000, 1.00000000, 1.00000000
0.404040404040, 0.535353535354, 0.84259003, 1.00000000, 1.00000000, 1.00000000
0.404040404040, 0.545454545455, 0.84996358, 1.00000000, 1.00000000, 1.00000000
0.404040404040, 0.555555555556, 0.85794198, 1.00000000, 1.00000000, 1.00000000
0.404040404040, 0.565656565657, 0.86649347, 1.00000000, 1.00000000, 1.00000000
0.404040404040, 0.575757575758, 0.87558398, 1.00000000, 1.00000000, 1.00000000
0.404040404040, 0.585858585859, 0.88517725, 1.00000000, 1.00000000, 1.00000000
0.404040404040, 0.595959595960, 0.89523496, 1.00000000, 1.00000000, 1.00000000
0.404040404040, 0.606060606061, 0.90571690, 1.00000000, 1.00000000, 1.00000000
0.404040404040, 0.616161616162, 0.91658111, 1.00000000, 1.00000000, 1.00000000
0.404040404040, 0.626262626263, 0.92778406, 1.00000000, 1.00000000, 1.00000000
0.404040404040, 0.636363636364, 0.93928082, 1.00000000, 1.00000000, 1.00000000
0.404040404040, 0.646464646465, 0.95102522, 1.00000000, 1.00000000, 1.00000000
0.404040404040, 0.656565656566, 0.96297005, 1.00000000, 1.00000000, 1.00000000
0.404040404040, 0.666666666667, 0.97506728, 1.00000000, 1.00000000, 1.00000000
0.404040404040, 0.676767676768, 0.98726819, 1.00000000, 1.00000000, 1.00000000
0.404040404040, 0.686868686869, 0.99952363, 1.00000000, 1.00000000, 1.00000000
0.404040404040, 0.696969696970, 1.01178417, 1.00000000, 1.00000000, 1.00000000
0.404040404040, 0.707070707071, 1.02400034, 1.00000000, 1.00000000, 1.00000000
0.404040404040, 0.717171717172, 1.03612281, 1.00000000, 1.00000000, 1.00000000
0.404040404040, 0.727272727273, 1.04810261, 1.00000000, 1.00000000, 1.00000000
0.404040404040, 0.737373737374, 1.05989131, 1.00000000, 1.00000000, 1.00000000
0.404040404040, 0.747474747475, 1.07144123, 1.00000000, 1.00000000, 1.00000000
0.404040404040, 0.757575757576, 1.08270564, 1.00000000, 1.00000000, 1.00000000
0.404040404040, 0.767676767677, 1.09363893, 1.00000000, 1.00000000, 1.00000000
0.404040404040, 0.777777777778, 1.10419683, 1.00000000, 1.00000000, 1.00000000
0.404040404040, 0.787878787879, 1.11433657, 1.00000000, 1.00000000, 1.00000000
0.404040404040, 0.797979797980, 1.12401706, 1.00000000, 1.00000000, 1.00000000
0.404040404040, 0.808080808081, 1.13319906, 1.00000000, 1.00000000, 1.00000000
0.404040404040, 0.818181818182, 1.14184536, 1.00000000, 1.00000000, 1.00000000
0.404040404040, 0.828282828283, 1.14992087, 1.00000000, 1.00000000, 1.00000000
0.404040404040, 0.838383838384, 1.15739286, 1.00000000, 1.00000000, 1.00000000
0.404040404040, 0.848484848485, 1.16423101, 1.00000000, 1.00000000, 1.00000000
0.404040404040, 0.858585858586, 1.17040758, 1.00000000, 1.00000000, 1.00000000
0.404040404040, 0.868686868687, 1.17589749, 1.00000000, 1.00000000, 1.00000000
0.404040404040, 0.878787878788, 1.18067846, 1.00000000, 1.00000000, 1.00000000
0.404040404040, 0.888888888889, 1.18473108, 1.00000000, 1.00000000, 1.00000000
0.404040404040, 0.898989898990, 1.18803889, 1.00000000, 1.00000000, 1.00000000
0.404040404040, 0.909090909091, 1.19058844, 1.00000000, 1.00000000, 1.00000000
0.404040404040, 0.919191919192, 1.19236936, 1.00000000, 1.00000000, 1.00000000
0.404040404040, 0.929292929293, 1.19337447, 1.00000000, 1.00000000, 1.00000000
0.404040404040, 0.939393939394, 1.19359994, 1.00000000, 1.00000000, 1.00000000
0.404040404040, 0.949494949495, 1.19304589, 1.00000000, 1.00000000, 1.00000000
0.404040404040, 0.959595959596, 1.19171749, 1.00000000, 1.00000000, 1.00000000
0.414141414141, -0.000000000000, 1.16865986, 1.00000000, 1.00000000, 1.00000000
0.414141414141, 0.010101010101, 1.16282175, 1.00000000, 1.00000000, 1.00000000
0.414141414141, 0.020202020202, 1.15660433, 1.00000000, 1.00000000, 1.00000000
0.414141414141, 0.030303030303, 1.15002213, 1.00000000, 1.00000000, 1.00000000
0.414141414141, 0.040404040404, 1.14303178, 1.00000000, 1.00000000, 1.00000000
0.414141414141, 0.050505050505, 1.13554767, 1.00000000, 1.00000000, 1.00000000
0.414141414141, 0.060606060606, 1.12747755, 1.00000000, 1.00000000, 1.00000000
0.414141414141, 0.070707070707, 1.11876043, 1.00000000, 1.00000000, 1.00000000
0.414141414141, 0.080808080808, 1.10938803, 1.00000000, 1.00000000, 1.00000000
0.414141414141, 0.090909090909, 1.09940316, 1.00000000, 1.00000000, 1.00000000
0.414141414141, 0.101010101010, 1.08888155, 1.00000000, 1.00000000, 1.00000000
0.414141414141, 0.111111111111, 1.07791020, 1.00000000, 1.00000000, 1.00000000
0.414141414141, 0.121212121212, 1.06657204, 1.00000000, 1.00000000, 1.00000000
0.414141414141, 0.131313131313, 1.05493964, 1.00000000, 1.00000000, 1.00000000
0.414141414141, 0.141414141414, 1.04307560, 1.00000000, 1.00000000, 1.00000000
0.414141414141, 0.151515151515, 1.03103566, 1.00000000, 1.00000000, 1.00000000
0.414141414141, 0.161616161616, 1.01887186, 1.00000000, 1.00000000, 1.00000000
0.414141414141, 0.171717171717, 1.00663461, 1.00000000, 1.00000000, 1.00000000
0.414141414141, 0.181818181818, 0.99437371, 1.00000000, 1.00000000, 1.00000000
0.414141414141, 0.191919191919, 0.98213870, 1.00000000, 1.00000000, 1.00000000
0.414141414141, 0.202020202020, 0.96997890, 1.00000000, 1.00000000, 1.00000000
0.414141414141, 0.212121212121, 0.95794326, 1.00000000, 1.00000000, 1.00000000
0.414141414141, 0.222222222222, 0.94608017, 1.00000000, 1.00000000, 1.00000000
0.414141414141, 0.232323232323, 0.93443728, 1.00000000, 1.00000000, 1.00000000
0.414141414141, 0.242424242424, 0.92306132, 1.00000000, 1.00000000, 1.00000000
0.414141414141, 0.252525252525, 0.91199791, 1.00000000, 1.00000000, 1.00000000
0.414141414141, 0.262626262626, 0.90129136, 1.00000000, 1.00000000, 1.00000000
0.414141414141, 0.272727272727, 0.89098450, 1.00000000, 1.00000000, 1.00000000
0.414141414141, 0.282828282828, 0.88111854, 1.00000000, 1.00000000, 1.00000000
0.414141414141, 0.292929292929, 0.87173287, 1.00000000, 1.00000000, 1.00000000
0.414141414141, 0.303030303030, 0.86286494, 1.00000000, 1.00000000, 1.00000000
0.414141414141, 0.313131313131, 0.85455007, 1.00000000, 1.00000000, 1.00000000
0.414141414141, 0.323232323232, 0.84682139, 1.00000000, 1.00000000, 1.00000000
0.414141414141, 0.333333333333, 0.83970963, 1.00000000, 1.00000000, 1.00000000
0.414141414141, 0.343434343434, 0.83324306, 1.00000000, 1.00000000, 1.00000000
0.414141414141, 0.353535353535, 0.82744739, 1.00000000, 1.00000000, 1.00000000
0.414141414141, 0.363636363636, 0.82234562, 1.00000000, 1.00000000, 1.00000000
0.414141414141, 0.373737373737, 0.81795803, 1.00000000, 1.00000000, 1.00000000
0.414141414141, 0.383838383838, 0.81430205, 1.00000000, 1.00000000, 1.00000000
0.414141414141, 0.393939393939, 0.81139222, 1.00000000, 1.00000000, 1.00000000
0.414141414141, 0.404040404040, 0.80924015, 1.00000000, 1.00000000, 1.00000000
0.414141414141, 0.414141414141, 0.80785447, 1.00000000, 1.00000000, 1.00000000
0.414141414141, 0.424242424242, 0.80724078, 1.00000000, 1.00000000, 1.00000000
0.414141414141, 0.434343434343, 0.80740158, 1.00000000, 1.00000000, 1.00000000
0.414141414141, 0.444444444444, 0.80833615, 1.00000000, 1.00000000, 1.00000000
0.414141414141, 0.454545454545, 0.81004074, 1.00000000, 1.00000000, 1.00000000
0.414141414141, 0.464646464646, 0.81250857, 1.00000000, 1.00000000, 1.00000000
0.414141414141, 0.474747474747, 0.81572985, 1.00000000, 1.00000000, 1.00000000
0.414141414141, 0.484848484848, 0.81969182, 1.00000000, 1.00000000, 1.00000000
0.414141414141, 0.494949494949, 0.82437880, 1.00000000, 1.00000000, 1.00000000
0.414141414141, 0.505050505051, 0.82977220, 1.00000000, 1.00000000, 1.00000000
0.414141414141, 0.515151515152, 0.83585065, 1.00000000, 1.00000000, 1.00000000
0.414141414141, 0.525252525253, 0.84259003, 1.00000000, 1.00000000, 1.00000000
0.414141414141, 0.535353535354, 0.84996358, 1.00000000, 1.00000000, 1.00000000
0.414141414141, 0.545454545455, 0.85794198, 1.00000000, 1.00000000, 1.00000000
0.414141414141, 0.555555555556, 0.86649347, 1.00000000, 1.00000000, 1.00000000
0.414141414141, 0.565656565657, 0.87558398, 1.00000000, 1.00000000, 1.00000000
0.414141414141, 0.575757575758, 0.88517725, 1.00000000, 1.00000000, 1.00000000
0.414141414141, 0.585858585859, 0.89523496, 1.00000000, 1.00000000, 1.00000000
0.414141414141, 0.595959595960, 0.90571690, 1.00000000, 1.00000000, 1.00000000
0.414141414141, 0.606060606061, 0.91658111, 1.00000000, 1.00000000, 1.00000000
0.414141414141, 0.616161616162, 0.92778406, 1.00000000, 1.00000000, 1.00000000
0.414141414141, 0.626262626263, 0.93928082, 1.00000000, 1.00000000, 1.00000000
0.414141414141, 0.636363636364, 0.95102522, 1.00000000, 1.00000000, 1.00000000
0.414141414141, 0.646464646465, 0.96297005, 1.00000000, 1.00000000, 1.00000000
0.414141414141, 0.656565656566, 0.97506728, 1.00000000, 1.00000000, 1.00000000
0.414141414141, 0.666666666667, 0.98726819, 1.00000000, 1.00000000, 1.00000000
0.414141414141, 0.676767676768, 0.99952363, 1.00000000, 1.00000000, 1.00000000
0.414141414141, 0.686868686869, 1.01178417, 1.00000000, 1.00000000, 1.00000000
0.414141414141, 0.696969696970, 1.02400034, 1.00000000, 1.00000000, 1.00000000
0.414141414141, 0.707070707071, 1.03612281, 1.00000000, 1.00000000, 1.00000000
0.414141414141, 0.717171717172, 1.04810261, 1.00000000, 1.00000000, 1.00000000
0.414141414141, 0.727272727273, 1.05989131, 1.00000000, 1.00000000, 1.00000000
0.414141414141, 0.737373737374, 1.07144123, 1.00000000, 1.00000000, 1.00000000
0.414141414141, 0.747474747475, 1.08270564, 1.00000000, 1.00000000, 1.00000000
0.414141414141, 0.757575757576, 1.09363893, 1.00000000, 1.00000000, 1.00000000
0.414141414141, 0.767676767677, 1.10419683, 1.00000000, 1.00000000, 1.00000000
0.414141414141, 0.777777777778, 1.11433657, 1.00000000, 1.00000000, 1.00000000
0.414141414141, 0.787878787879, 1.12401706, 1.00000000, 1.00000000, 1.00000000
0.414141414141, 0.797979797980, 1.13319906, 1.00000000, 1.00000000, 1.00000000
0.414141414141, 0.808080808081, 1.14184536, 1.00000000, 1.00000000, 1.00000000
0.414141414141, 0.818181818182, 1.14992087, 1.00000000, 1.00000000, 1.00000000
0.414141414141, 0.828282828283, 1.15739286, 1.00000000, 1.00000000, 1.00000000
0.414141414141, 0.838383838384, 1.16423101, 1.00000000, 1.00000000, 1.00000000
0.414141414141, 0.848484848485, 1.17040758, 1.00000000, 1.00000000, 1.00000000
0.414141414141, 0.858585858586, 1.17589749, 1.00000000, 1.00000000, 1.00000000
0.414141414141, 0.868686868687, 1.18067846, 1.00000000, 1.00000000, 1.00000000
0.414141414141, 0.878787878788, 1.18473108, 1.00000000, 1.00000000, 1.00000000
0.414141414141, 0.888888888889, 1.18803889, 1.00000000, 1.00000000, 1.00000000
0.414141414141, 0.898989898990, 1.19058843, 1.00000000, 1.00000000, 1.00000000
0.414141414141, 0.909090909091, 1.19236933, 1.00000000, 1.00000000, 1.00000000
0.414141414141, 0.919191919192, 1.19337434, 1.00000000, 1.00000000, 1.00000000
0.414141414141, 0.929292929293, 1.19359940, 1.00000000, 1.00000000, 1.00000000
0.414141414141, 0.939393939394, 1.19304400, 1.00000000, 1.00000000, 1.00000000
0.414141414141, 0.949494949495, 1.19171153, 1.00000000, 1.00000000, 1.00000000
0.414141414141, 0.959595959596, 1.18961051, 1.00000000, 1.00000000, 1.00000000
0.424242424242, -0.000000000000, 1.16224787, 1.00000000, 1.00000000, 1.00000000
0.424242424242, 0.010101010101, 1.15579393, 1.00000000, 1.00000000, 1.00000000
0.424242424242, 0.020202020202, 1.14900141, 1.00000000, 1.00000000, 1.00000000
0.424242424242, 0.030303030303, 1.14188409, 1.00000000, 1.00000000, 1.00000000
0.424242424242, 0.040404040404, 1.13439444, 1.00000000, 1.00000000, 1.00000000
0.424242424242, 0.050505050505, 1.12644082, 1.00000000, 1.00000000, 1.00000000
0.424242424242, 0.060606060606, 1.11792563, 1.00000000, 1.00000000, 1.00000000
0.424242424242, 0.070707070707, 1.10878528, 1.00000000, 1.00000000, 1.00000000
0.424242424242, 0.080808080808, 1.09901254, 1.00000000, 1.00000000, 1.00000000
0.424242424242, 0.090909090909, 1.08865417, 1.00000000, 1.00000000, 1.00000000
0.424242424242, 0.101010101010, 1.07779125, 1.00000000, 1.00000000, 1.00000000
0.424242424242, 0.111111111111, 1.06651611, 1.00000000, 1.00000000, 1.00000000
0.424242424242, 0.121212121212, 1.05491601, 1.00000000, 1.00000000, 1.00000000
0.424242424242, 0.131313131313, 1.04306663, 1.00000000, 1.00000000, 1.00000000
0.424242424242, 0.141414141414, 1.03103261, 1.00000000, 1.00000000, 1.00000000
0.424242424242, 0.151515151515, 1.01887093, 1.00000000, 1.00000000, 1.00000000
0.424242424242, 0.161616161616, 1.00663436, 1.00000000, 1.00000000, 1.00000000
0.424242424242, 0.171717171717, 0.99437364, 1.00000000, 1.00000000, 1.00000000
0.424242424242, 0.181818181818, 0.98213868, 1.00000000, 1.00000000, 1.00000000
0.424242424242, 0.191919191919, 0.96997890, 1.00000000, 1.00000000, 1.00000000
0.424242424242, 0.202020202020, 0.95794326, 1.00000000, 1.00000000, 1.00000000
0.424242424242, 0.212121212121, 0.94608017, 1.00000000, 1.00000000, 1.00000000
0.424242424242, 0.222222222222, 0.93443728, 1.00000000, 1.00000000, 1.00000000
0.424242424242, 0.232323232323, 0.92306132, 1.00000000, 1.00000000, 1.00000000
0.424242424242, 0.242424242424, 0.91199791, 1.00000000, 1.00000000, 1.00000000
0.424242424242, 0.252525252525, 0.90129136, 1.00000000, 1.00000000, 1.00000000
0.424242424242, 0.262626262626, 0.89098450, 1.00000000, 1.00000000, 1.00000000
0.424242424242, 0.272727272727, 0.88111854, 1.00000000, 1.00000000, 1.00000000
0.424242424242, 0.282828282828, 0.87173287, 1.00000000, 1.00000000, 1.00000000
0.424242424242, 0.292929292929, 0.86286494, 1.00000000, 1.00000000, 1.00000000
0.424242424242, 0.303030303030, 0.85455007, 1.00000000, 1.00000000, 1.00000000
0.424242424242, 0.313131313131, 0.84682139, 1.00000000, 1.00000000, 1.00000000
0.424242424242, 0.323232323232, 0.83970963, 1.00000000, 1.00000000, 1.00000000
0.424242424242, 0.333333333333, 0.83324306, 1.00000000, 1.00000000, 1.00000000
0.424242424242, 0.343434343434, 0.82744739, 1.00000000, 1.00000000, 1.00000000
0.424242424242, 0.353535353535, 0.82234562, 1.00000000, 1.00000000, 1.00000000
0.424242424242, 0.363636363636, 0.81795803, 1.00000000, 1.00000000, 1.00000000
0.424242424242, 0.373737373737, 0.81430205, 1.00000000, 1.00000000, 1.00000000
0.424242424242, 0.383838383838, 0.81139222, 1.00000000, 1.00000000, 1.00000000
0.424242424242, 0.393939393939, 0.80924015, 1.00000000, 1.00000000, 1.00000000
0.424242424242, 0.404040404040, 0.80785447, 1.00000000, 1.00000000, 1.00000000
0.424242424242, 0.414141414141, 0.80724078, 1.00000000, 1.00000000, 1.00000000
0.424242424242, 0.424242424242, 0.80740158, 1.00000000, 1.00000000, 1.00000000
0.424242424242, 0.434343434343, 0.80833615, 1.00000000, 1.00000000, 1.00000000
0.424242424242, 0.444444444444, 0.81004074, 1.00000000, 1.00000000, 1.00000000
0.424242424242, 0.454545454545, 0.81250857, 1.00000000, 1.00000000, 1.00000000
0.424242424242, 0.464646464646, 0.81572985, 1.00000000, 1.00000000, 1.00000000
0.424242424242, 0.474747474747, 0.81969182, 1.00000000, 1.00000000, 1.00000000
0.424242424242, 0.484848484848, 0.82437880, 1.00000000, 1.00000000, 1.00000000
0.424242424242, 0.494949494949, 0.82977220, 1.00000000, 1.00000000, 1.00000000
0.424242424242, 0.505050505051, 0.83585065, 1.00000000, 1.00000000, 1.00000000
0.424242424242, 0.515151515152, 0.84259003, 1.00000000, 1.00000000, 1.00000000
0.424242424242, 0.525252525253, 0.84996358, 1.00000000, 1.00000000, 1.00000000
0.424242424242, 0.535353535354, 0.85794198, 1.00000000, 1.00000000, 1.00000000
0.424242424242, 0.545454545455, 0.86649347, 1.00000000, 1.00000000, 1.00000000
0.424242424242, 0.555555555556, 0.87558398, 1.00000000, 1.00000000, 1.00000000
0.424242424242, 0.565656565657, 0.88517725, 1.00000000, 1.00000000, 1.00000000
0.424242424242, 0.575757575758, 0.89523496, 1.00000000, 1.00000000, 1.00000000
0.424242424242, 0.585858585859, 0.90571690, 1.00000000, 1.00000000, 1.00000000
0.424242424242, 0.595959595960, 0.91658111, 1.00000000, 1.00000000, 1.00000000
0.424242424242, 0.606060606061, 0.92778406, 1.00000000, 1.00000000, 1.00000000
0.424242424242, 0.616161616162, 0.93928082, 1.00000000, 1.00000000, 1.00000000
0.424242424242, 0.626262626263, 0.95102522, 1.00000000, 1.00000000, 1.00000000
0.424242424242, 0.636363636364, 0.96297005, 1.00000000, 1.00000000, 1.00000000
0.424242424242, 0.646464646465, 0.97506728, 1.00000000, 1.00000000, 1.00000000
0.424242424242, 0.656565656566, 0.98726819, 1.00000000, 1.00000000, 1.00000000
0.424242424242, 0.666666666667, 0.99952363, 1.00000000, 1.00000000, 1.00000000
0.424242424242, 0.676767676768, 1.01178417, 1.00000000, 1.00000000, 1.00000000
0.424242424242, 0.686868686869, 1.02400034, 1.00000000, 1.00000000, 1.00000000
0.424242424242, 0.696969696970, 1.03612281, 1.00000000, 1.00000000, 1.00000000
0.424242424242, 0.707070707071, 1.04810261, 1.00000000, 1.00000000, 1.00000000
0.424242424242, 0.717171717172, 1.05989131, 1.00000000, 1.00000000, 1.00000000
0.424242424242, 0.727272727273, 1.07144123, 1.00000000, 1.00000000, 1.00000000
0.424242424242, 0.737373737374, 1.08270564, 1.00000000, 1.00000000, 1.00000000
0.424242424242, 0.747474747475, 1.09363893, 1.00000000, 1.00000000, 1.00000000
0.424242424242, 0.757575757576, 1.10419683, 1.00000000, 1.00000000, 1.00000000
0.424242424242, 0.767676767677, 1.11433657, 1.00000000, 1.00000000, 1.00000000
0.424242424242, 0.777777777778, 1.12401706, 1.00000000, 1.00000000, 1.00000000
0.424242424242, 0.787878787879, 1.13319906, 1.00000000, 1.00000000, 1.00000000
0.424242424242, 0.797979797980, 1.14184536, 1.00000000, 1.00000000, 1.00000000
0.424242424242, 0.808080808081, 1.14992087, 1.00000000, 1.00000000, 1.00000000
0.424242424242, 0.818181818182, 1.15739286, 1.00000000, 1.00000000, 1.00000000
0.424242424242, 0.828282828283, 1.16423101, 1.00000000, 1.00000000, 1.00000000
0.424242424242, 0.838383838384, 1.17040758, 1.00000000, 1.00000000, 1.00000000
0.424242424242, 0.848484848485, 1.17589749, 1.00000000, 1.00000000, 1.00000000
0.424242424242, 0.858585858586, 1.18067846, 1.00000000, 1.00000000, 1.00000000
0.424242424242, 0.868686868687, 1.18473108, 1.00000000, 1.00000000, 1.00000000
0.424242424242, 0.878787878788, 1.18803889, 1.00000000, 1.00000000, 1.00000000
0.424242424242, 0.888888888889, 1.19058843, 1.00000000, 1.00000000, 1.00000000
0.424242424242, 0.898989898990, 1.19236933, 1.00000000, 1.00000000, 1.00000000
0.424242424242, 0.909090909091, 1.19337431, 1.00000000, 1.00000000, 1.00000000
0.424242424242, 0.919191919192, 1.19359926, 1.00000000, 1.00000000, 1.00000000
0.424242424242, 0.929292929293, 1.19304343, 1.00000000, 1.00000000, 1.00000000
0.424242424242, 0.939393939394, 1.19170949, 1.00000000, 1.00000000, 1.00000000
0.424242424242, 0.949494949495, 1.18960408, 1.00000000, 1.00000000, 1.00000000
0.424242424242, 0.959595959596, 1.18673902, 1.00000000, 1.00000000, 1.00000000
0.434343434343, -0.000000000000, 1.15518295, 1.00000000, 1.00000000, 1.00000000
0.434343434343, 0.010101010101, 1.14813942, 1.00000000, 1.00000000, 1.00000000
0.434343434343, 0.020202020202, 1.14079928, 1.00000000, 1.00000000, 1.00000000
0.434343434343, 0.030303030303, 1.13317552, 1.00000000, 1.00000000, 1.00000000
0.434343434343, 0.040404040404, 1.12521668, 1.00000000, 1.00000000, 1.00000000
0.434343434343, 0.050505050505, 1.11682556, 1.00000000, 1.00000000, 1.00000000
0.434343434343, 0.060606060606, 1.10789966, 1.00000000, 1.00000000, 1.00000000
0.434343434343, 0.070707070707, 1.09837310, 1.00000000, 1.00000000, 1.00000000
0.434343434343, 0.080808080808, 1.08823969, 1.00000000, 1.00000000, 1.00000000
0.434343434343, 0.090909090909, 1.07754989, 1.00000000, 1.00000000, 1.00000000
0.434343434343, 0.101010101010, 1.06638977, 1.00000000, 1.00000000, 1.00000000
0.434343434343, 0.111111111111, 1.05485656, 1.00000000, 1.00000000, 1.00000000
0.434343434343, 0.121212121212, 1.04304148, 1.00000000, 1.00000000, 1.00000000
0.434343434343, 0.131313131313, 1.03102305, 1.00000000, 1.00000000, 1.00000000
0.434343434343, 0.141414141414, 1.01886768, 1.00000000, 1.00000000, 1.00000000
0.434343434343, 0.151515151515, 1.00663336, 1.00000000, 1.00000000, 1.00000000
0.434343434343, 0.161616161616, 0.99437337, 1.00000000, 1.00000000, 1.00000000
0.434343434343, 0.171717171717, 0.98213862, 1.00000000, 1.00000000, 1.00000000
0.434343434343, 0.181818181818, 0.96997888, 1.00000000, 1.00000000, 1.00000000
0.434343434343, 0.191919191919, 0.95794326, 1.00000000, 1.00000000, 1.00000000
0.434343434343, 0.202020202020, 0.94608017, 1.00000000, 1.00000000, 1.00000000
0.434343434343, 0.212121212121, 0.93443728, 1.00000000, 1.00000000, 1.00000000
0.434343434343, 0.222222222222, 0.92306132, 1.00000000, 1.00000000, 1.00000000
0.434343434343, 0.232323232323, 0.91199791, 1.00000000, 1.00000000, 1.00000000
0.434343434343, 0.242424242424, 0.90129136, 1.00000000, 1.00000000, 1.00000000
0.434343434343, 0.252525252525, 0.89098450, 1.00000000, 1.00000000, 1.00000000
0.434343434343, 0.262626262626, 0.88111854, 1.00000000, 1.00000000, 1.00000000
0.434343434343, 0.272727272727, 0.87173287, 1.00000000, 1.00000000, 1.00000000
0.434343434343, 0.282828282828, 0.86286494, 1.00000000, 1.00000000, 1.00000000
0.434343434343, 0.292929292929, 0.85455007, 1.00000000, 1.00000000, 1.00000000
0.434343434343, 0.303030303030, 0.84682139, 1.00000000, 1.00000000, 1.00000000
0.434343434343, 0.313131313131, 0.83970963, 1.00000000, 1.00000000, 1.00000000
0.434343434343, 0.323232323232, 0.83324306, 1.00000000, 1.00000000, 1.00000000
0.434343434343, 0.333333333333, 0.82744739, 1.00000000, 1.00000000, 1.00000000
0.434343434343, 0.343434343434, 0.82234562, 1.00000000, 1.00000000, 1.00000000
0.434343434343, 0.353535353535, 0.81795803, 1.00000000, 1.00000000, 1.00000000
0.434343434343, 0.363636363636, 0.81430205, 1.00000000, 1.00000000, 1.00000000
0.434343434343, 0.373737373737, 0.81139222, 1.00000000, 1.00000000, 1.00000000
0.434343434343, 0.383838383838, 0.80924015, 1.00000000, 1.00000000, 1.00000000
0.434343434343, 0.393939393939, 0.80785447, 1.00000000, 1.00000000, 1.00000000
0.434343434343, 0.404040404040, 0.80724078, 1.00000000, 1.00000000, 1.00000000
0.434343434343, 0.414141414141, 0.80740158, 1.00000000, 1.00000000, 1.00000000
0.434343434343, 0.424242424242, 0.80833615, 1.00000000, 1.00000000, 1.00000000
0.434343434343, 0.434343434343, 0.81004074, 1.00000000, 1.00000000, 1.00000000
0.434343434343, 0.444444444444, 0.81250857, 1.00000000, 1.00000000, 1.00000000
0.434343434343, 0.454545454545, 0.81572985, 1.00000000, 1.00000000, 1.00000000
0.434343434343, 0.464646464646, 0.81969182, 1.00000000, 1.00000000, 1.00000000
0.434343434343, 0.474747474747, 0.82437880, 1.00000000, 1.00000000, 1.00000000
0.434343434343, 0.484848484848, 0.82977220, 1.00000000, 1.00000000, 1.00000000
0.434343434343, 0.494949494949, 0.83585065, 1.00000000, 1.00000000, 1.00000000
0.434343434343, 0.505050505051, 0.84259003, 1.00000000, 1.00000000, 1.00000000
0.434343434343, 0.515151515152, 0.84996358, 1.00000000, 1.00000000, 1.00000000
0.434343434343, 0.525252525253, 0.85794198, 1.00000000, 1.00000000, 1.00000000
0.434343434343, 0.535353535354, 0.86649347, 1.00000000, 1.00000000, 1.00000000
0.434343434343, 0.545454545455, 0.87558398, 1.00000000, 1.00000000, 1.00000000
0.434343434343, 0.555555555556, 0.88517725, 1.00000000, 1.00000000, 1.00000000
0.434343434343, 0.565656565657, 0.89523496, 1.00000000, 1.00000000, 1.00000000
0.434343434343, 0.575757575758, 0.90571690, 1.00000000, 1.00000000, 1.00000000
0.434343434343, 0.585858585859, 0.91658111, 1.00000000, 1.00000000, 1.00000000
0.434343434343, 0.595959595960, 0.92778406, 1.00000000, 1.00000000, 1.00000000
0.434343434343, 0.606060606061, 0.93928082, 1.00000000, 1.00000000, 1.00000000
0.434343434343, 0.616161616162, 0.95102522, 1.00000000, 1.00000000, 1.00000000
0.434343434343, 0.626262626263, 0.96297005, 1.00000000, 1.00000000, 1.00000000
0.434343434343, 0.636363636364, 0.97506728, 1.00000000, 1.00000000, 1.00000000
0.434343434343, 0.646464646465, 0.98726819, 1.00000000, 1.00000000, 1.00000000
0.434343434343, 0.656565656566, 0.99952363, 1.00000000, 1.00000000, 1.00000000
0.434343434343, 0.666666666667, 1.01178417, 1.00000000, 1.00000000, 1.00000000
0.434343434343, 0.676767676768, 1.02400034, 1.00000000, 1.00000000, 1.00000000
0.434343434343, 0.686868686869, 1.03612281, 1.00000000, 1.00000000, 1.00000000
0.434343434343, 0.696969696970, 1.04810261, 1.00000000, 1.00000000, 1.00000000
0.434343434343, 0.707070707071, 1.05989131, 1.00000000, 1.00000000, 1.00000000
0.434343434343, 0.717171717172, 1.07144123, 1.00000000, 1.00000000, 1.00000000
0.434343434343, 0.727272727273, 1.08270564, 1.00000000, 1.00000000, 1.00000000
0.434343434343, 0.737373737374, 1.09363893, 1.00000000, 1.00000000, 1.00000000
0.434343434343, 0.747474747475, 1.10419683, 1.00000000, 1.00000000, 1.00000000
0.434343434343, 0.757575757576, 1.11433657, 1.00000000, 1.00000000, 1.00000000
0.434343434343, 0.767676767677, 1.12401706, 1.00000000, 1.00000000, 1.00000000
0.434343434343, 0.777777777778, 1.13319906, 1.00000000, 1.00000000, 1.00000000
0.434343434343, 0.787878787879, 1.14184536, 1.00000000, 1.00000000, 1.00000000
0.434343434343, 0.797979797980, 1.14992087, 1.00000000, 1.00000000, 1.00000000
0.434343434343, 0.808080808081, 1.15739286, 1.00000000, 1.00000000, 1.00000000
0.434343434343, 0.818181818182, 1.16423101, 1.00000000, 1.00000000, 1.00000000
0.434343434343, 0.828282828283, 1.17040758, 1.00000000, 1.00000000, 1.00000000
0.434343434343, 0.838383838384, 1.17589749, 1.00000000, 1.00000000, 1.00000000
0.434343434343, 0.848484848485, 1.18067846, 1.00000000, 1.00000000, 1.00000000
0.434343434343, 0.858585858586, 1.18473108, 1.00000000, 1.00000000, 1.00000000
0.434343434343, 0.868686868687, 1.18803889, 1.00000000, 1.00000000, 1.00000000
0.434343434343, 0.878787878788, 1.19058843, 1.00000000, 1.00000000, 1.00000000
0.434343434343, 0.888888888889, 1.19236933, 1.00000000, 1.00000000, 1.00000000
0.434343434343, 0.898989898990, 1.19337430, 1.00000000, 1.00000000, 1.00000000
0.434343434343, 0.909090909091, 1.19359922, 1.00000000, 1.00000000, 1.00000000
0.434343434343, 0.919191919192, 1.19304327, 1.00000000, 1.00000000, 1.00000000
0.434343434343, 0.929292929293, 1.19170888, 1.00000000, 1.00000000, 1.00000000
0.434343434343, 0.939393939394, 1.18960189, 1.00000000, 1.00000000, 1.00000000
0.434343434343, 0.949494949495, 1.18673213, 1.00000000, 1.00000000, 1.00000000
0.434343434343, 0.959595959596, 1.18311473, 1.00000000, 1.00000000, 1.00000000
0.444444444444, -0.000000000000, 1.14749380, 1.00000000, 1.00000000, 1.00000000
0.444444444444, 0.010101010101, 1.13988927, 1.00000000, 1.00000000, 1.00000000
0.444444444444, 0.020202020202, 1.13203120, 1.00000000, 1.00000000, 1.00000000
0.444444444444, 0.030303030303, 1.12393173, 1.00000000, 1.00000000, 1.00000000
0.444444444444, 0.040404040404, 1.11553571, 1.00000000, 1.00000000, 1.00000000
0.444444444444, 0.050505050505, 1.10674086, 1.00000000, 1.00000000, 1.00000000
0.444444444444, 0.060606060606, 1.09744027, 1.00000000, 1.00000000, 1.00000000
0.444444444444, 0.070707070707, 1.08756608, 1.00000000, 1.00000000, 1.00000000
0.444444444444, 0.080808080808, 1.07711312, 1.00000000, 1.00000000, 1.00000000
0.444444444444, 0.090909090909, 1.06613528, 1.00000000, 1.00000000, 1.00000000
0.444444444444, 0.101010101010, 1.05472324, 1.00000000, 1.00000000, 1.00000000
0.444444444444, 0.111111111111, 1.04297869, 1.00000000, 1.00000000, 1.00000000
0.444444444444, 0.121212121212, 1.03099646, 1.00000000, 1.00000000, 1.00000000
0.444444444444, 0.131313131313, 1.01885756, 1.00000000, 1.00000000, 1.00000000
0.444444444444, 0.141414141414, 1.00662991, 1.00000000, 1.00000000, 1.00000000
0.444444444444, 0.151515151515, 0.99437232, 1.00000000, 1.00000000, 1.00000000
0.444444444444, 0.161616161616, 0.98213833, 1.00000000, 1.00000000, 1.00000000
0.444444444444, 0.171717171717, 0.96997881, 1.00000000, 1.00000000, 1.00000000
0.444444444444, 0.181818181818, 0.95794324, 1.00000000, 1.00000000, 1.00000000
0.444444444444, 0.191919191919, 0.94608016, 1.00000000, 1.00000000, 1.00000000
0.444444444444, 0.202020202020, 0.93443728, 1.00000000, 1.00000000, 1.00000000
0.444444444444, 0.212121212121, 0.92306132, 1.00000000, 1.00000000, 1.00000000
0.444444444444, 0.222222222222, 0.91199791, 1.00000000, 1.00000000, 1.00000000
0.444444444444, 0.232323232323, 0.90129136, 1.00000000, 1.00000000, 1.00000000
0.444444444444, 0.242424242424, 0.89098450, 1.00000000, 1.00000000, 1.00000000
0.444444444444, 0.252525252525, 0.88111854, 1.00000000, 1.00000000, 1.00000000
0.444444444444, 0.262626262626, 0.87173287, 1.00000000, 1.00000000, 1.00000000
0.444444444444, 0.272727272727, 0.86286494, 1.00000000, 1.00000000, 1.00000000
0.444444444444, 0.282828282828, 0.85455007, 1.00000000, 1.00000000, 1.00000000
0.444444444444, 0.292929292929, 0.84682139, 1.00000000, 1.00000000, 1.00000000
0.444444444444, 0.303030303030, 0.83970963, 1.00000000, 1.00000000, 1.00000000
0.444444444444, 0.313131313131, 0.83324306, 1.00000000, 1.00000000, 1.00000000
0.444444444444, 0.323232323232, 0.82744739, 1.00000000, 1.00000000, 1.00000000
0.444444444444, 0.333333333333, 0.82234562, 1.00000000, 1.00000000, 1.00000000
0.444444444444, 0.343434343434, 0.81795803, 1.00000000, 1.00000000, 1.00000000
0.444444444444, 0.353535353535, 0.81430205, 1.00000000, 1.00000000, 1.00000000
0.444444444444, 0.363636363636, 0.81139222, 1.00000000, 1.00000000, 1.00000000
0.444444444444, 0.373737373737, 0.80924015, 1.00000000, 1.00000000, 1.00000000
0.444444444444, 0.383838383838, 0.80785447, 1.00000000, 1.00000000, 1.00000000
0.444444444444, 0.393939393939, 0.80724078, 1.00000000, 1.00000000, 1.00000000
0.444444444444, 0.404040404040, 0.80740158, 1.00000000, 1.00000000, 1.00000000
0.444444444444, 0.414141414141, 0.80833615, 1.00000000, 1.00000000, 1.00000000
0.444444444444, 0.424242424242, 0.81004074, 1.00000000, 1.00000000, 1.00000000
0.444444444444, 0.434343434343, 0.81250857, 1.00000000, 1.00000000, 1.00000000
0.444444444444, 0.444444444444, 0.81572985, 1.00000000, 1.00000000, 1.00000000
0.444444444444, 0.454545454545, 0.81969182, 1.00000000, 1.00000000, 1.00000000
0.444444444444, 0.464646464646, 0.82437880, 1.00000000, 1.00000000, 1.00000000
0.444444444444, 0.474747474747, 0.82977220, 1.00000000, 1.00000000, 1.00000000
0.444444444444, 0.484848484848, 0.83585065, 1.00000000, 1.00000000, 1.00000000
0.444444444444, 0.494949494949, 0.84259003, 1.00000000, 1.00000000, 1.00000000
0.444444444444, 0.505050505051, 0.84996358, 1.00000000, 1.00000000, 1.00000000
0.444444444444, 0.515151515152, 0.85794198, 1.00000000, 1.00000000, 1.00000000
0.444444444444, 0.525252525253, 0.86649347, 1.00000000, 1.00000000, 1.00000000
0.444444444444, 0.535353535354, 0.87558398, 1.00000000, 1.00000000, 1.00000000
0.444444444444, 0.545454545455, 0.88517725, 1.00000000, 1.00000000, 1.00000000
0.444444444444, 0.555555555556, 0.89523496, 1.00000000, 1.00000000, 1.00000000
0.444444444444, 0.565656565657, 0.90571690, 1.00000000, 1.00000000, 1.00000000
0.444444444444, 0.575757575758, 0.91658111, 1.00000000, 1.00000000, 1.00000000
0.444444444444, 0.585858585859, 0.92778406, 1.00000000, 1.00000000, 1.00000000
0.444444444444, 0.595959595960, 0.93928082, 1.00000000, 1.00000000, 1.00000000
0.444444444444, 0.606060606061, 0.95102522, 1.00000000, 1.00000000, 1.00000000
0.444444444444, 0.616161616162, 0.96297005, 1.00000000, 1.00000000, 1.00000000
0.444444444444, 0.626262626263, 0.97506728, 1.00000000, 1.00000000, 1.00000000
0.444444444444, 0.636363636364, 0.98726819, 1.00000000, 1.00000000, 1.00000000
0.444444444444, 0.646464646465, 0.99952363, 1.00000000, 1.00000000, 1.00000000
0.444444444444, 0.656565656566, 1.01178417, 1.00000000, 1.00000000, 1.00000000
0.444444444444, 0.666666666667, 1.02400034, 1.00000000, 1.00000000, 1.00000000
0.444444444444, 0.676767676768, 1.03612281, 1.00000000, 1.00000000, 1.00000000
0.444444444444, 0.686868686869, 1.04810261, 1.00000000, 1.00000000, 1.00000000
0.444444444444, 0.696969696970, 1.05989131, 1.00000000, 1.00000000, 1.00000000
0.444444444444, 0.707070707071, 1.07144123, 1.00000000, 1.00000000, 1.00000000
0.444444444444, 0.717171717172, 1.08270564, 1.00000000, 1.00000000, 1.00000000
0.444444444444, 0.727272727273, 1.09363893, 1.00000000, 1.00000000, 1.00000000
0.444444444444, 0.737373737374, 1.10419683, 1.00000000, 1.00000000, 1.00000000
0.444444444444, 0.747474747475, 1.11433657, 1.00000000, 1.00000000, 1.00000000
0.444444444444, 0.757575757576, 1.12401706, 1.00000000, 1.00000000, 1.00000000
0.444444444444, 0.767676767677, 1.13319906, 1.00000000, 1.00000000, 1.00000000
0.444444444444, 0.777777777778, 1.14184536, 1.00000000, 1.00000000, 1.00000000
0.444444444444, 0.787878787879, 1.14992087, 1.00000000, 1.00000000, 1.00000000
0.444444444444, 0.797979797980, 1.15739286, 1.00000000, 1.00000000, 1.00000000
0.444444444444, 0.808080808081, 1.16423101, 1.00000000, 1.00000000, 1.00000000
0.444444444444, 0.818181818182, 1.17040758, 1.00000000, 1.00000000, 1.00000000
0.444444444444, 0.828282828283, 1.17589749, 1.00000000, 1.00000000, 1.00000000
0.444444444444, 0.838383838384, 1.18067846, 1.00000000, 1.00000000, 1.00000000
0.444444444444, 0.848484848485, 1.18473108, 1.00000000, 1.00000000, 1.00000000
0.444444444444, 0.858585858586, 1.18803889, 1.00000000, 1.00000000, 1.00000000
0.444444444444, 0.868686868687, 1.19058843, 1.00000000, 1.00000000, 1.00000000
0.444444444444, 0.878787878788, 1.19236933, 1.00000000, 1.00000000, 1.00000000
0.444444444444, 0.888888888889, 1.19337430, 1.00000000, 1.00000000, 1.00000000
0.444444444444, 0.898989898990, 1.19359921, 1.00000000, 1.00000000, 1.00000000
0.444444444444, 0.909090909091, 1.19304323, 1.00000000, 1.00000000, 1.00000000
0.444444444444, 0.919191919192, 1.19170871, 1.00000000, 1.00000000, 1.00000000
0.444444444444, 0.929292929293, 1.18960123, 1.00000000, 1.00000000, 1.00000000
0.444444444444, 0.939393939394, 1.18672981, 1.00000000, 1.00000000, 1.00000000
0.444444444444, 0.949494949495, 1.18310740, 1.00000000, 1.00000000, 1.00000000
0.444444444444, 0.959595959596, 1.17875238, 1.00000000, 1.00000000, 1.00000000
0.454545454545, -0.000000000000, 1.13921160, 1.00000000, 1.00000000, 1.00000000
0.454545454545, 0.010101010101, 1.13107695, 1.00000000, 1.00000000, 1.00000000
0.454545454545, 0.020202020202, 1.12273274, 1.00000000, 1.00000000, 1.00000000
0.454545454545, 0.030303030303, 1.11419018, 1.00000000, 1.00000000, 1.00000000
0.454545454545, 0.040404040404, 1.10539076, 1.00000000, 1.00000000, 1.00000000
0.454545454545, 0.050505050505, 1.09622758, 1.00000000, 1.00000000, 1.00000000
0.454545454545, 0.060606060606, 1.08658984, 1.00000000, 1.00000000, 1.00000000
0.454545454545, 0.070707070707, 1.07640798, 1.00000000, 1.00000000, 1.00000000
0.454545454545, 0.080808080808, 1.06567785, 1.00000000, 1.00000000, 1.00000000
0.454545454545, 0.090909090909, 1.05445653, 1.00000000, 1.00000000, 1.00000000
0.454545454545, 0.101010101010, 1.04283885, 1.00000000, 1.00000000, 1.00000000
0.454545454545, 0.111111111111, 1.03093052, 1.00000000, 1.00000000, 1.00000000
0.454545454545, 0.121212121212, 1.01882960, 1.00000000, 1.00000000, 1.00000000
0.454545454545, 0.131313131313, 1.00661926, 1.00000000, 1.00000000, 1.00000000
0.454545454545, 0.141414141414, 0.99436867, 1.00000000, 1.00000000, 1.00000000
0.454545454545, 0.151515151515, 0.98213721, 1.00000000, 1.00000000, 1.00000000
0.454545454545, 0.161616161616, 0.96997851, 1.00000000, 1.00000000, 1.00000000
0.454545454545, 0.171717171717, 0.95794317, 1.00000000, 1.00000000, 1.00000000
0.454545454545, 0.181818181818, 0.94608015, 1.00000000, 1.00000000, 1.00000000
0.454545454545, 0.191919191919, 0.93443728, 1.00000000, 1.00000000, 1.00000000
0.454545454545, 0.202020202020, 0.92306132, 1.00000000, 1.00000000, 1.00000000
0.454545454545, 0.212121212121, 0.91199791, 1.00000000, 1.00000000, 1.00000000
0.454545454545, 0.222222222222, 0.90129136, 1.00000000, 1.00000000, 1.00000000
0.454545454545, 0.232323232323, 0.89098450, 1.00000000, 1.00000000, 1.00000000
0.454545454545, 0.242424242424, 0.88111854, 1.00000000, 1.00000000, 1.00000000
0.454545454545, 0.252525252525, 0.87173287, 1.00000000, 1.00000000, 1.00000000
0.454545454545, 0.262626262626, 0.86286494, 1.00000000, 1.00000000, 1.00000000
0.454545454545, 0.272727272727, 0.85455007, 1.00000000, 1.00000000, 1.00000000
0.454545454545, 0.282828282828, 0.84682139, 1.00000000, 1.00000000, 1.00000000
0.454545454545, 0.292929292929, 0.83970963, 1.00000000, 1.00000000, 1.00000000
0.454545454545, 0.303030303030, 0.83324306, 1.00000000, 1.00000000, 1.00000000
0.454545454545, 0.313131313131, 0.82744739, 1.00000000, 1.00000000, 1.00000000
0.454545454545, 0.323232323232, 0.82234562, 1.00000000, 1.00000000, 1.00000000
0.454545454545, 0.333333333333, 0.81795803, 1.00000000, 1.00000000, 1.00000000
0.454545454545, 0.343434343434, 0.81430205, 1.00000000, 1.00000000, 1.00000000
0.454545454545, 0.353535353535, 0.81139222, 1.00000000, 1.00000000, 1.00000000
0.454545454545, 0.363636363636, 0.80924015, 1.00000000, 1.00000000, 1.00000000
0.454545454545, 0.373737373737, 0.80785447, 1.00000000, 1.00000000, 1.00000000
0.454545454545, 0.383838383838, 0.80724078, 1.00000000, 1.00000000, 1.00000000
0.454545454545, 0.393939393939, 0.80740158, 1.00000000, 1.00000000, 1.00000000
0.454545454545, 0.404040404040, 0.80833615, 1.00000000, 1.00000000, 1.00000000
0.454545454545, 0.414141414141, 0.81004074, 1.00000000, 1.00000000, 1.00000000
0.454545454545, 0.424242424242, 0.81250857, 1.00000000, 1.00000000, 1.00000000
0.454545454545, 0.434343434343, 0.81572985, 1.00000000, 1.00000000, 1.00000000
0.454545454545, 0.444444444444, 0.81969182, 1.00000000, 1.00000000, 1.00000000
0.454545454545, 0.454545454545, 0.82437880, 1.00000000, 1.00000000, 1.00000000
0.454545454545, 0.464646464646, 0.82977220, 1.00000000, 1.00000000, 1.00000000
0.454545454545, 0.474747474747, 0.83585065, 1.00000000, 1.00000000, 1.00000000
0.454545454545, 0.484848484848, 0.84259003, 1.00000000, 1.00000000, 1.00000000
0.454545454545, 0.494949494949, 0.84996358, 1.00000000, 1.00000000, 1.00000000
0.454545454545, 0.505050505051, 0.85794198, 1.00000000, 1.00000000, 1.00000000
0.454545454545, 0.515151515152, 0.86649347, 1.00000000, 1.00000000, 1.00000000
0.454545454545, 0.525252525253, 0.87558398, 1.00000000, 1.00000000, 1.00000000
0.454545454545, 0.535353535354, 0.88517725, 1.00000000, 1.00000000, 1.00000000
0.454545454545, 0.545454545455, 0.89523496, 1.00000000, 1.00000000, 1.00000000
0.454545454545, 0.555555555556, 0.90571690, 1.00000000, 1.00000000, 1.00000000
0.454545454545, 0.565656565657, 0.91658111, 1.00000000, 1.00000000, 1.00000000
0.454545454545, 0.575757575758, 0.92778406, 1.00000000, 1.00000000, 1.00000000
0.454545454545, 0.585858585859, 0.93928082, 1.00000000, 1.00000000, 1.00000000
0.454545454545, 0.595959595960, 0.95102522, 1.00000000, 1.00000000, 1.00000000
0.454545454545, 0.606060606061, 0.96297005, 1.00000000, 1.00000000, 1.00000000
0.454545454545, 0.616161616162, 0.97506728, 1.00000000, 1.00000000, 1.00000000
0.454545454545, 0.626262626263, 0.98726819, 1.00000000, 1.00000000, 1.00000000
0.454545454545, 0.636363636364, 0.99952363, 1.00000000, 1.00000000, 1.00000000
0.454545454545, 0.646464646465, 1.01178417, 1.00000000, 1.00000000, 1.00000000
0.454545454545, 0.656565656566, 1.02400034, 1.00000000, 1.00000000, 1.00000000
0.454545454545, 0.666666666667, 1.03612281, 1.00000000, 1.00000000, 1.00000000
0.454545454545, 0.676767676768, 1.04810261, 1.00000000, 1.00000000, 1.00000000
0.454545454545, 0.686868686869, 1.05989131, 1.00000000, 1.00000000, 1.00000000
0.454545454545, 0.696969696970, 1.07144123, 1.00000000, 1.00000000, 1.00000000
0.454545454545, 0.707070707071, 1.08270564, 1.00000000, 1.00000000, 1.00000000
0.454545454545, 0.717171717172, 1.09363893, 1.00000000, 1.00000000, 1.00000000
0.454545454545, 0.727272727273, 1.10419683, 1.00000000, 1.00000000, 1.00000000
0.454545454545, 0.737373737374, 1.11433657, 1.00000000, 1.00000000, 1.00000000
0.454545454545, 0.747474747475, 1.12401706, 1.00000000, 1.00000000, 1.00000000
0.454545454545, 0.757575757576, 1.13319906, 1.00000000, 1.00000000, 1.00000000
0.454545454545, 0.767676767677, 1.14184536, 1.00000000, 1.00000000, 1.00000000
0.454545454545, 0.777777777778, 1.14992087, 1.00000000, 1.00000000, 1.00000000
0.454545454545, 0.787878787879, 1.15739286, 1.00000000, 1.00000000, 1.00000000
0.454545454545, 0.797979797980, 1.16423101, 1.00000000, 1.00000000, 1.00000000
0.454545454545, 0.808080808081, 1.17040758, 1.00000000, 1.00000000, 1.00000000
0.454545454545, 0.818181818182, 1.17589749, 1.00000000, 1.00000000, 1.00000000
0.454545454545, 0.828282828283, 1.18067846, 1.00000000, 1.00000000, 1.00000000
0.454545454545, 0.838383838384, 1.18473108, 1.00000000, 1.00000000, 1.00000000
0.454545454545, 0.848484848485, 1.18803889, 1.00000000, 1.00000000, 1.00000000
0.454545454545, 0.858585858586, 1.19058843, 1.00000000, 1.00000000, 1.00000000
0.454545454545, 0.868686868687, 1.19236933, 1.00000000, 1.00000000, 1.00000000
0.454545454545, 0.878787878788, 1.19337430, 1.00000000, 1.00000000, 1.00000000
0.454545454545, 0.888888888889, 1.19359921, 1.00000000, 1.00000000, 1.00000000
0.454545454545, 0.898989898990, 1.19304322, 1.00000000, 1.00000000, 1.00000000
0.454545454545, 0.909090909091, 1.19170867, 1.00000000, 1.00000000, 1.00000000
0.454545454545, 0.919191919192, 1.18960106, 1.00000000, 1.00000000, 1.00000000
0.454545454545, 0.929292929293, 1.18672911, 1.00000000, 1.00000000, 1.00000000
0.454545454545, 0.939393939394, 1.18310493, 1.00000000, 1.00000000, 1.00000000
0.454545454545, 0.949494949495, 1.17874462, 1.00000000, 1.00000000, 1.00000000
0.454545454545, 0.959595959596, 1.17366970, 1.00000000, 1.00000000, 1.00000000
0.464646464646, -0.000000000000, 1.13036995, 1.00000000, 1.00000000, 1.00000000
0.464646464646, 0.010101010101, 1.12173819, 1.00000000, 1.00000000, 1.00000000
0.464646464646, 0.020202020202, 1.11294156, 1.00000000, 1.00000000, 1.00000000
0.464646464646, 0.030303030303, 1.10399036, 1.00000000, 1.00000000, 1.00000000
0.464646464646, 0.040404040404, 1.09482292, 1.00000000, 1.00000000, 1.00000000
0.464646464646, 0.050505050505, 1.08532830, 1.00000000, 1.00000000, 1.00000000
0.464646464646, 0.060606060606, 1.07539231, 1.00000000, 1.00000000, 1.00000000
0.464646464646, 0.070707070707, 1.06494399, 1.00000000, 1.00000000, 1.00000000
0.464646464646, 0.080808080808, 1.05398019, 1.00000000, 1.00000000, 1.00000000
0.464646464646, 0.090909090909, 1.04256088, 1.00000000, 1.00000000, 1.00000000
0.464646464646, 0.101010101010, 1.03078462, 1.00000000, 1.00000000, 1.00000000
0.464646464646, 0.111111111111, 1.01876071, 1.00000000, 1.00000000, 1.00000000
0.464646464646, 0.121212121212, 1.00659000, 1.00000000, 1.00000000, 1.00000000
0.464646464646, 0.131313131313, 0.99435751, 1.00000000, 1.00000000, 1.00000000
0.464646464646, 0.141414141414, 0.98213339, 1.00000000, 1.00000000, 1.00000000
0.464646464646, 0.151515151515, 0.96997733, 1.00000000, 1.00000000, 1.00000000
0.464646464646, 0.161616161616, 0.95794284, 1.00000000, 1.00000000, 1.00000000
0.464646464646, 0.171717171717, 0.94608007, 1.00000000, 1.00000000, 1.00000000
0.464646464646, 0.181818181818, 0.93443726, 1.00000000, 1.00000000, 1.00000000
0.464646464646, 0.191919191919, 0.92306132, 1.00000000, 1.00000000, 1.00000000
0.464646464646, 0.202020202020, 0.91199791, 1.00000000, 1.00000000, 1.00000000
0.464646464646, 0.212121212121, 0.90129136, 1.00000000, 1.00000000, 1.00000000
0.464646464646, 0.222222222222, 0.89098450, 1.00000000, 1.00000000, 1.00000000
0.464646464646, 0.232323232323, 0.88111854, 1.00000000, 1.00000000, 1.00000000
0.464646464646, 0.242424242424, 0.87173287, 1.00000000, 1.00000000, 1.00000000
0.464646464646, 0.252525252525, 0.86286494, 1.00000000, 1.00000000, 1.00000000
0.464646464646, 0.262626262626, 0.85455007, 1.00000000, 1.00000000, 1.00000000
0.464646464646, 0.272727272727, 0.84682139, 1.00000000, 1.00000000, 1.00000000
0.464646464646, 0.282828282828, 0.83970963, 1.00000000, 1.00000000, 1.00000000
0.464646464646, 0.292929292929, 0.83324306, 1.00000000, 1.00000000, 1.00000000
0.464646464646, 0.303030303030, 0.82744739, 1.00000000, 1.00000000, 1.00000000
0.464646464646, 0.313131313131, 0.82234562, 1.00000000, 1.00000000, 1.00000000
0.464646464646, 0.323232323232, 0.81795803, 1.00000000, 1.00000000, 1.00000000
0.464646464646, 0.333333333333, 0.81430205, 1.00000000, 1.00000000, 1.00000000
0.464646464646, 0.343434343434, 0.81139222, 1.00000000, 1.00000000, 1.00000000
0.464646464646, 0.353535353535, 0.80924015, 1.00000000, 1.00000000, 1.00000000
0.464646464646, 0.363636363636, 0.80785447, 1.00000000, 1.00000000, 1.00000000
0.464646464646, 0.373737373737, 0.80724078, 1.00000000, 1.00000000, 1.00000000
0.464646464646, 0.383838383838, 0.80740158, 1.00000000, 1.00000000, 1.00000000
0.464646464646, 0.393939393939, 0.80833615, 1.00000000, 1.00000000, 1.00000000
0.464646464646, 0.404040404040, 0.81004074, 1.00000000, 1.00000000, 1.00000000
0.464646464646, 0.414141414141, 0.81250857, 1.00000000, 1.00000000, 1.00000000
0.464646464646, 0.424242424242, 0.81572985, 1.00000000, 1.00000000, 1.00000000
0.464646464646, 0.434343434343, 0.81969182, 1.00000000, 1.00000000, 1.00000000
0.464646464646, 0.444444444444, 0.82437880, 1.00000000, 1.00000000, 1.00000000
0.464646464646, 0.454545454545, 0.82977220, 1.00000000, 1.00000000, 1.00000000
0.464646464646, 0.464646464646, 0.83585065, 1.00000000, 1.00000000, 1.00000000
0.464646464646, 0.474747474747, 0.84259003, 1.00000000, 1.00000000, 1.00000000
0.464646464646, 0.484848484848, 0.84996358, 1.00000000, 1.00000000, 1.00000000
0.464646464646, 0.494949494949, 0.85794198, 1.00000000, 1.00000000, 1.00000000
0.464646464646, 0.505050505051, 0.86649347, 1.00000000, 1.00000000, 1.00000000
0.464646464646, 0.515151515152, 0.87558398, 1.00000000, 1.00000000, 1.00000000
0.464646464646, 0.525252525253, 0.88517725, 1.00000000, 1.00000000, 1.00000000
0.464646464646, 0.535353535354, 0.89523496, 1.00000000, 1.00000000, 1.00000000
0.464646464646, 0.545454545455, 0.90571690, 1.00000000, 1.00000000, 1.00000000
0.464646464646, 0.555555555556, 0.91658111, 1.00000000, 1.00000000, 1.00000000
0.464646464646, 0.565656565657, 0.92778406, 1.00000000, 1.00000000, 1.00000000
0.464646464646, 0.575757575758, 0.93928082, 1.00000000, 1.00000000, 1.00000000
0.464646464646, 0.585858585859, 0.95102522, 1.00000000, 1.00000000, 1.00000000
0.464646464646, 0.595959595960, 0.96297005, 1.00000000, 1.00000000, 1.00000000
0.464646464646, 0.606060606061, 0.97506728, 1.00000000, 1.00000000, 1.00000000
0.464646464646, 0.616161616162, 0.98726819, 1.00000000, 1.00000000, 1.00000000
0.464646464646, 0.626262626263, 0.99952363, 1.00000000, 1.00000000, 1.00000000
0.464646464646, 0.636363636364, 1.01178417, 1.00000000, 1.00000000, 1.00000000
0.464646464646, 0.646464646465, 1.02400034, 1.00000000, 1.00000000, 1.00000000
0.464646464646, 0.656565656566, 1.03612281, 1.00000000, 1.00000000, 1.00000000
0.464646464646, 0.666666666667, 1.04810261, 1.00000000, 1.00000000, 1.00000000
0.464646464646, 0.676767676768, 1.05989131, 1.00000000, 1.00000000, 1.00000000
0.464646464646, 0.686868686869, 1.07144123, 1.00000000, 1.00000000, 1.00000000
0.464646464646, 0.696969696970, 1.08270564, 1.00000000, 1.00000000, 1.00000000
0.464646464646, 0.707070707071, 1.09363893, 1.00000000, 1.00000000, 1.00000000
0.464646464646, 0.717171717172, 1.10419683, 1.00000000, 1.00000000, 1.00000000
0.464646464646, 0.727272727273, 1.11433657, 1.00000000, 1.00000000, 1.00000000
0.464646464646, 0.737373737374, 1.12401706, 1.00000000, 1.00000000, 1.00000000
0.464646464646, 0.747474747475, 1.13319906, 1.00000000, 1.00000000, 1.00000000
0.464646464646, 0.757575757576, 1.14184536, 1.00000000, 1.00000000, 1.00000000
0.464646464646, 0.767676767677, 1.14992087, 1.00000000, 1.00000000, 1.00000000
0.464646464646, 0.777777777778, 1.15739286, 1.00000000, 1.00000000, 1.00000000
0.464646464646, 0.787878787879, 1.16423101, 1.00000000, 1.00000000, 1.00000000
0.464646464646, 0.797979797980, 1.17040758, 1.00000000, 1.00000000, 1.00000000
0.464646464646, 0.808080808081, 1.17589749, 1.00000000, 1.00000000, 1.00000000
0.464646464646, 0.818181818182, 1.18067846, 1.00000000, 1.00000000, 1.00000000
0.464646464646, 0.828282828283, 1.18473108, 1.00000000, 1.00000000, 1.00000000
0.464646464646, 0.838383838384, 1.18803889, 1.00000000, 1.00000000, 1.00000000
0.464646464646, 0.848484848485, 1.19058843, 1.00000000, 1.00000000, 1.00000000
0.464646464646, 0.858585858586, 1.19236933, 1.00000000, 1.00000000, 1.00000000
0.464646464646, 0.868686868687, 1.19337430, 1.00000000, 1.00000000, 1.00000000
0.464646464646, 0.878787878788, 1.19359921, 1.00000000, 1.00000000, 1.00000000
0.464646464646, 0.888888888889, 1.19304322, 1.00000000, 1.00000000, 1.00000000
0.464646464646, 0.898989898990, 1.19170866, 1.00000000, 1.00000000, 1.00000000
0.464646464646, 0.909090909091, 1.18960101, 1.00000000, 1.00000000, 1.00000000
0.464646464646, 0.919191919192, 1.18672892, 1.00000000, 1.00000000, 1.00000000
0.464646464646, 0.929292929293, 1.18310419, 1.00000000, 1.00000000, 1.00000000
0.464646464646, 0.939393939394, 1.17874202, 1.00000000, 1.00000000, 1.00000000
0.464646464646, 0.949494949495, 1.17366153, 1.00000000, 1.00000000, 1.00000000
0.464646464646, 0.959595959596, 1.16788735, 1.00000000, 1.00000000, 1.00000000
0.474747474747, -0.000000000000, 1.12100468, 1.00000000, 1.00000000, 1.00000000
0.474747474747, 0.010101010101, 1.11191082, 1.00000000, 1.00000000, 1.00000000
0.474747474747, 0.020202020202, 1.10269735, 1.00000000, 1.00000000, 1.00000000
0.474747474747, 0.030303030303, 1.09337356, 1.00000000, 1.00000000, 1.00000000
0.474747474747, 0.040404040404, 1.08387500, 1.00000000, 1.00000000, 1.00000000
0.474747474747, 0.050505050505, 1.07408718, 1.00000000, 1.00000000, 1.00000000
0.474747474747, 0.060606060606, 1.06389302, 1.00000000, 1.00000000, 1.00000000
0.474747474747, 0.070707070707, 1.05322049, 1.00000000, 1.00000000, 1.00000000
0.474747474747, 0.080808080808, 1.04206744, 1.00000000, 1.00000000, 1.00000000
0.474747474747, 0.090909090909, 1.03049642, 1.00000000, 1.00000000, 1.00000000
0.474747474747, 0.101010101010, 1.01860927, 1.00000000, 1.00000000, 1.00000000
0.474747474747, 0.111111111111, 1.00651840, 1.00000000, 1.00000000, 1.00000000
0.474747474747, 0.121212121212, 0.99432706, 1.00000000, 1.00000000, 1.00000000
0.474747474747, 0.131313131313, 0.98212175, 1.00000000, 1.00000000, 1.00000000
0.474747474747, 0.141414141414, 0.96997334, 1.00000000, 1.00000000, 1.00000000
0.474747474747, 0.151515151515, 0.95794161, 1.00000000, 1.00000000, 1.00000000
0.474747474747, 0.161616161616, 0.94607973, 1.00000000, 1.00000000, 1.00000000
0.474747474747, 0.171717171717, 0.93443718, 1.00000000, 1.00000000, 1.00000000
0.474747474747, 0.181818181818, 0.92306130, 1.00000000, 1.00000000, 1.00000000
0.474747474747, 0.191919191919, 0.91199791, 1.00000000, 1.00000000, 1.00000000
0.474747474747, 0.202020202020, 0.90129136, 1.00000000, 1.00000000, 1.00000000
0.474747474747, 0.212121212121, 0.89098450, 1.00000000, 1.00000000, 1.00000000
0.474747474747, 0.222222222222, 0.88111854, 1.00000000, 1.00000000, 1.00000000
0.474747474747, 0.232323232323, 0.87173287, 1.00000000, 1.00000000, 1.00000000
0.474747474747, 0.242424242424, 0.86286494, 1.00000000, 1.00000000, 1.00000000
0.474747474747, 0.252525252525, 0.85455007, 1.00000000, 1.00000000, 1.00000000
0.474747474747, 0.262626262626, 0.84682139, 1.00000000, 1.00000000, 1.00000000
0.474747474747, 0.272727272727, 0.83970963, 1.00000000, 1.00000000, 1.00000000
0.474747474747, 0.282828282828, 0.83324306, 1.00000000, 1.00000000, 1.00000000
0.474747474747, 0.292929292929, 0.82744739, 1.00000000, 1.00000000, 1.00000000
0.474747474747, 0.303030303030, 0.82234562, 1.00000000, 1.00000000, 1.00000000
0.474747474747, 0.313131313131, 0.81795803, 1.00000000, 1.00000000, 1.00000000
0.474747474747, 0.323232323232, 0.81430205, 1.00000000, 1.00000000, 1.00000000
0.474747474747, 0.333333333333, 0.81139222, 1.00000000, 1.00000000, 1.00000000
0.474747474747, 0.343434343434, 0.80924015, 1.00000000, 1.00000000, 1.00000000
0.474747474747, 0.353535353535, 0.80785447, 1.00000000, 1.00000000, 1.00000000
0.474747474747, 0.363636363636, 0.80724078, 1.00000000, 1.00000000, 1.00000000
0.474747474747, 0.373737373737, 0.80740158, 1.00000000, 1.00000000, 1.00000000
0.474747474747, 0.383838383838, 0.80833615, 1.00000000, 1.00000000, 1.00000000
0.474747474747, 0.393939393939, 0.81004074, 1.00000000, 1.00000000, 1.00000000
0.474747474747, 0.404040404040, 0.81250857, 1.00000000, 1.00000000, 1.00000000
0.474747474747, 0.414141414141, 0.81572985, 1.00000000, 1.00000000, 1.00000000
0.474747474747, 0.424242424242, 0.81969182, 1.00000000, 1.00000000, 1.00000000
0.474747474747, 0.434343434343, 0.82437880, 1.00000000, 1.00000000, 1.00000000
0.474747474747, 0.444444444444, 0.82977220, 1.00000000, 1.00000000, 1.00000000
0.474747474747, 0.454545454545, 0.83585065, 1.00000000, 1.00000000, 1.00000000
0.474747474747, 0.464646464646, 0.84259003, 1.00000000, 1.00000000, 1.00000000
0.474747474747, 0.474747474747, 0.84996358, 1.00000000, 1.00000000, 1.00000000
0.474747474747, 0.484848484848, 0.85794198, 1.00000000, 1.00000000, 1.00000000
0.474747474747, 0.494949494949, 0.86649347, 1.00000000, 1.00000000, 1.00000000
0.474747474747, 0.505050505051, 0.87558398, 1.00000000, 1.00000000, 1.00000000
0.474747474747, 0.515151515152, 0.88517725, 1.00000000, 1.00000000, 1.00000000
0.474747474747, 0.525252525253, 0.89523496, 1.00000000, 1.00000000, 1.00000000
0.474747474747, 0.535353535354, 0.90571690, 1.00000000, 1.00000000, 1.00000000
0.474747474747, 0.545454545455, 0.91658111, 1.00000000, 1.00000000, 1.00000000
0.474747474747, 0.555555555556, 0.92778406, 1.00000000, 1.00000000, 1.00000000
0.474747474747, 0.565656565657, 0.93928082, 1.00000000, 1.00000000, 1.00000000
0.474747474747, 0.575757575758, 0.95102522, 1.00000000, 1.00000000, 1.00000000
0.474747474747, 0.585858585859, 0.96297005, 1.00000000, 1.00000000, 1.00000000
0.474747474747, 0.595959595960, 0.97506728, 1.00000000, 1.00000000, 1.00000000
0.474747474747, 0.606060606061, 0.98726819, 1.00000000, 1.00000000, 1.00000000
0.474747474747, 0.616161616162, 0.99952363, 1.00000000, 1.00000000, 1.00000000
0.474747474747, 0.626262626263, 1.01178417, 1.00000000, 1.00000000, 1.00000000
0.474747474747, 0.636363636364, 1.02400034, 1.00000000, 1.00000000, 1.00000000
0.474747474747, 0.646464646465, 1.03612281, 1.00000000, 1.00000000, 1.00000000
0.474747474747, 0.656565656566, 1.04810261, 1.00000000, 1.00000000, 1.00000000
0.474747474747, 0.666666666667, 1.05989131, 1.00000000, 1.00000000, 1.00000000
0.474747474747, 0.676767676768, 1.07144123, 1.00000000, 1.00000000, 1.00000000
0.474747474747, 0.686868686869, 1.08270564, 1.00000000, 1.00000000, 1.00000000
0.474747474747, 0.696969696970, 1.09363893, 1.00000000, 1.00000000, 1.00000000
0.474747474747, 0.707070707071, 1.10419683, 1.00000000, 1.00000000, 1.00000000
0.474747474747, 0.717171717172, 1.11433657, 1.00000000, 1.00000000, 1.00000000
0.474747474747, 0.727272727273, 1.12401706, 1.00000000, 1.00000000, 1.00000000
0.474747474747, 0.737373737374, 1.13319906, 1.00000000, 1.00000000, 1.00000000
0.474747474747, 0.747474747475, 1.14184536, 1.00000000, 1.00000000, 1.00000000
0.474747474747, 0.757575757576, 1.14992087, 1.00000000, 1.00000000, 1.00000000
0.474747474747, 0.767676767677, 1.15739286, 1.00000000, 1.00000000, 1.00000000
0.474747474747, 0.777777777778, 1.16423101, 1.00000000, 1.00000000, 1.00000000
0.474747474747, 0.787878787879, 1.17040758, 1.00000000, 1.00000000, 1.00000000
0.474747474747, 0.797979797980, 1.17589749, 1.00000000, 1.00000000, 1.00000000
0.474747474747, 0.808080808081, 1.18067846, 1.00000000, 1.00000000, 1.00000000
0.474747474747, 0.818181818182, 1.18473108, 1.00000000, 1.00000000, 1.00000000
0.474747474747, 0.828282828283, 1.18803889, 1.00000000, 1.00000000, 1.00000000
0.474747474747, 0.838383838384, 1.19058843, 1.00000000, 1.00000000, 1.00000000
0.474747474747, 0.848484848485, 1.19236933, 1.00000000, 1.00000000, 1.00000000
0.474747474747, 0.858585858586, 1.19337430, 1.00000000, 1.00000000, 1.00000000
0.474747474747, 0.868686868687, 1.19359921, 1.00000000, 1.00000000, 1.00000000
0.474747474747, 0.878787878788, 1.19304322, 1.00000000, 1.00000000, 1.00000000
0.474747474747, 0.888888888889, 1.19170866, 1.00000000, 1.00000000, 1.00000000
0.474747474747, 0.898989898990, 1.18960100, 1.00000000, 1.00000000, 1.00000000
0.474747474747, 0.909090909091, 1.18672887, 1.00000000, 1.00000000, 1.00000000
0.474747474747, 0.919191919192, 1.18310399, 1.00000000, 1.00000000, 1.00000000
0.474747474747, 0.929292929293, 1.17874124, 1.00000000, 1.00000000, 1.00000000
0.474747474747, 0.939393939394, 1.17365880, 1.00000000, 1.00000000, 1.00000000
0.474747474747, 0.949494949495, 1.16787879, 1.00000000, 1.00000000, 1.00000000
0.474747474747, 0.959595959596, 1.16142881, 1.00000000, 1.00000000, 1.00000000
0.484848484848, -0.000000000000, 1.11115376, 1.00000000, 1.00000000, 1.00000000
0.484848484848, 0.010101010101, 1.10163464, 1.00000000, 1.00000000, 1.00000000
0.484848484848, 0.020202020202, 1.09204156, 1.00000000, 1.00000000, 1.00000000
0.484848484848, 0.030303030303, 1.08238277, 1.00000000, 1.00000000, 1.00000000
0.484848484848, 0.040404040404, 1.07259132, 1.00000000, 1.00000000, 1.00000000
0.484848484848, 0.050505050505, 1.06254970, 1.00000000, 1.00000000, 1.00000000
0.484848484848, 0.060606060606, 1.05213851, 1.00000000, 1.00000000, 1.00000000
0.484848484848, 0.070707070707, 1.04128493, 1.00000000, 1.00000000, 1.00000000
0.484848484848, 0.080808080808, 1.02998778, 1.00000000, 1.00000000, 1.00000000
0.484848484848, 0.090909090909, 1.01831189, 1.00000000, 1.00000000, 1.00000000
0.484848484848, 0.101010101010, 1.00636195, 1.00000000, 1.00000000, 1.00000000
0.484848484848, 0.111111111111, 0.99425298, 1.00000000, 1.00000000, 1.00000000
0.484848484848, 0.121212121212, 0.98209019, 1.00000000, 1.00000000, 1.00000000
0.484848484848, 0.131313131313, 0.96996125, 1.00000000, 1.00000000, 1.00000000
0.484848484848, 0.141414141414, 0.95793746, 1.00000000, 1.00000000, 1.00000000
0.484848484848, 0.151515151515, 0.94607845, 1.00000000, 1.00000000, 1.00000000
0.484848484848, 0.161616161616, 0.93443682, 1.00000000, 1.00000000, 1.00000000
0.484848484848, 0.171717171717, 0.92306122, 1.00000000, 1.00000000, 1.00000000
0.484848484848, 0.181818181818, 0.91199789, 1.00000000, 1.00000000, 1.00000000
0.484848484848, 0.191919191919, 0.90129136, 1.00000000, 1.00000000, 1.00000000
0.484848484848, 0.202020202020, 0.89098450, 1.00000000, 1.00000000, 1.00000000
0.484848484848, 0.212121212121, 0.88111854, 1.00000000, 1.00000000, 1.00000000
0.484848484848, 0.222222222222, 0.87173287, 1.00000000, 1.00000000, 1.00000000
0.484848484848, 0.232323232323, 0.86286494, 1.00000000, 1.00000000, 1.00000000
0.484848484848, 0.242424242424, 0.85455007, 1.00000000, 1.00000000, 1.00000000
0.484848484848, 0.252525252525, 0.84682139, 1.00000000, 1.00000000, 1.00000000
0.484848484848, 0.262626262626, 0.83970963, 1.00000000, 1.00000000, 1.00000000
0.484848484848, 0.272727272727, 0.83324306, 1.00000000, 1.00000000, 1.00000000
0.484848484848, 0.282828282828, 0.82744739, 1.00000000, 1.00000000, 1.00000000
0.484848484848, 0.292929292929, 0.82234562, 1.00000000, 1.00000000, 1.00000000
0.484848484848, 0.303030303030, 0.81795803, 1.00000000, 1.00000000, 1.00000000
0.484848484848, 0.313131313131, 0.81430205, 1.00000000, 1.00000000, 1.00000000
0.484848484848, 0.323232323232, 0.81139222, 1.00000000, 1.00000000, 1.00000000
0.484848484848, 0.333333333333, 0.80924015, 1.00000000, 1.00000000, 1.00000000
0.484848484848, 0.343434343434, 0.80785447, 1.00000000, 1.00000000, 1.00000000
0.484848484848, 0.353535353535, 0.80724078, 1.00000000, 1.00000000, 1.00000000
0.484848484848, 0.363636363636, 0.80740158, 1.00000000, 1.00000000, 1.00000000
0.484848484848, 0.373737373737, 0.80833615, 1.00000000, 1.00000000, 1.00000000
0.484848484848, 0.383838383838, 0.81004074, 1.00000000, 1.00000000, 1.00000000
0.484848484848, 0.393939393939, 0.81250857, 1.00000000, 1.00000000, 1.00000000
0.484848484848, 0.404040404040, 0.81572985, 1.00000000, 1.00000000, 1.00000000
0.484848484848, 0.414141414141, 0.81969182, 1.00000000, 1.00000000, 1.00000000
0.484848484848, 0.424242424242, 0.82437880, 1.00000000, 1.00000000, 1.00000000
0.484848484848, 0.434343434343, 0.82977220, 1.00000000, 1.00000000, 1.00000000
0.484848484848, 0.444444444444, 0.83585065, 1.00000000, 1.00000000, 1.00000000
0.484848484848, 0.454545454545, 0.84259003, 1.00000000, 1.00000000, 1.00000000
0.484848484848, 0.464646464646, 0.84996358, 1.00000000, 1.00000000, 1.00000000
0.484848484848, 0.474747474747, 0.85794198, 1.00000000, 1.00000000, 1.00000000
0.484848484848, 0.484848484848, 0.86649347, 1.00000000, 1.00000000, 1.00000000
0.484848484848, 0.494949494949, 0.87558398, 1.00000000, 1.00000000, 1.00000000
0.484848484848, 0.505050505051, 0.88517725, 1.00000000, 1.00000000, 1.00000000
0.484848484848, 0.515151515152, 0.89523496, 1.00000000, 1.00000000, 1.00000000
0.484848484848, 0.525252525253, 0.90571690, 1.00000000, 1.00000000, 1.00000000
0.484848484848, 0.535353535354, 0.91658111, 1.00000000, 1.00000000, 1.00000000
0.484848484848, 0.545454545455, 0.92778406, 1.00000000, 1.00000000, 1.00000000
0.484848484848, 0.555555555556, 0.93928082, 1.00000000, 1.00000000, 1.00000000
0.484848484848, 0.565656565657, 0.95102522, 1.00000000, 1.00000000, 1.00000000
0.484848484848, 0.575757575758, 0.96297005, 1.00000000, 1.00000000, 1.00000000
0.484848484848, 0.585858585859, 0.97506728, 1.00000000, 1.00000000, 1.00000000
0.484848484848, 0.595959595960, 0.98726819, 1.00000000, 1.00000000, 1.00000000
0.484848484848, 0.606060606061, 0.99952363, 1.00000000, 1.00000000, 1.00000000
0.484848484848, 0.616161616162, 1.01178417, 1.00000000, 1.00000000, 1.00000000
0.484848484848, 0.626262626263, 1.02400034, 1.00000000, 1.00000000, 1.00000000
0.484848484848, 0.636363636364, 1.03612281, 1.00000000, 1.00000000, 1.00000000
0.484848484848, 0.646464646465, 1.04810261, 1.00000000, 1.00000000, 1.00000000
0.484848484848, 0.656565656566, 1.05989131, 1.00000000, 1.00000000, 1.00000000
0.484848484848, 0.666666666667, 1.07144123, 1.00000000, 1.00000000, 1.00000000
0.484848484848, 0.676767676768, 1.08270564, 1.00000000, 1.00000000, 1.00000000
0.484848484848, 0.686868686869, 1.09363893, 1.00000000, 1.00000000, 1.00000000
0.484848484848, 0.696969696970, 1.10419683, 1.00000000, 1.00000000, 1.00000000
0.484848484848, 0.707070707071, 1.11433657, 1.00000000, 1.00000000, 1.00000000
0.484848484848, 0.717171717172, 1.12401706, 1.00000000, 1.00000000, 1.00000000
0.484848484848, 0.727272727273, 1.13319906, 1.00000000, 1.00000000, 1.00000000
0.484848484848, 0.737373737374, 1.14184536, 1.00000000, 1.00000000, 1.00000000
0.484848484848, 0.747474747475, 1.14992087, 1.00000000, 1.00000000, 1.00000000
0.484848484848, 0.757575757576, 1.15739286, 1.00000000, 1.00000000, 1.00000000
0.484848484848, 0.767676767677, 1.16423101, 1.00000000, 1.00000000, 1.00000000
0.484848484848, 0.777777777778, 1.17040758, 1.00000000, 1.00000000, 1.00000000
0.484848484848, 0.787878787879, 1.17589749, 1.00000000, 1.00000000, 1.00000000
0.484848484848, 0.797979797980, 1.18067846, 1.00000000, 1.00000000, 1.00000000
0.484848484848, 0.808080808081, 1.18473108, 1.00000000, 1.00000000, 1.00000000
0.484848484848, 0.818181818182, 1.18803889, 1.00000000, 1.00000000, 1.00000000
0.484848484848, 0.828282828283, 1.19058843, 1.00000000, 1.00000000, 1.00000000
0.484848484848, 0.838383838384, 1.19236933, 1.00000000, 1.00000000, 1.00000000
0.484848484848, 0.848484848485, 1.19337430, 1.00000000, 1.00000000, 1.00000000
0.484848484848, 0.858585858586, 1.19359921, 1.00000000, 1.00000000, 1.00000000
0.484848484848, 0.868686868687, 1.19304322, 1.00000000, 1.00000000, 1.00000000
0.484848484848, 0.878787878788, 1.19170866, 1.00000000, 1.00000000, 1.00000000
0.484848484848, 0.888888888889, 1.18960100, 1.00000000, 1.00000000, 1.00000000
0.484848484848, 0.898989898990, 1.18672886, 1.00000000, 1.00000000, 1.00000000
0.484848484848, 0.909090909091, 1.18310395, 1.00000000, 1.00000000, 1.00000000
0.484848484848, 0.919191919192, 1.17874103, 1.00000000, 1.00000000, 1.00000000
0.484848484848, 0.929292929293, 1.17365799, 1.00000000, 1.00000000, 1.00000000
0.484848484848, 0.939393939394, 1.16787594, 1.00000000, 1.00000000, 1.00000000
0.484848484848, 0.949494949495, 1.16141988, 1.00000000, 1.00000000, 1.00000000
0.484848484848, 0.959595959596, 1.15432030, 1.00000000, 1.00000000, 1.00000000
0.494949494949, -0.000000000000, 1.10085706, 1.00000000, 1.00000000, 1.00000000
0.494949494949, 0.010101010101, 1.09095126, 1.00000000, 1.00000000, 1.00000000
0.494949494949, 0.020202020202, 1.08101733, 1.00000000, 1.00000000, 1.00000000
0.494949494949, 0.030303030303, 1.07106246, 1.00000000, 1.00000000, 1.00000000
0.494949494949, 0.040404040404, 1.06101753, 1.00000000, 1.00000000, 1.00000000
0.494949494949, 0.050505050505, 1.05076256, 1.00000000, 1.00000000, 1.00000000
0.494949494949, 0.060606060606, 1.04017635, 1.00000000, 1.00000000, 1.00000000
0.494949494949, 0.070707070707, 1.02918558, 1.00000000, 1.00000000, 1.00000000
0.494949494949, 0.080808080808, 1.01779003, 1.00000000, 1.00000000, 1.00000000
0.494949494949, 0.090909090909, 1.00605652, 1.00000000, 1.00000000, 1.00000000
0.494949494949, 0.101010101010, 0.99409209, 1.00000000, 1.00000000, 1.00000000
0.494949494949, 0.111111111111, 0.98201390, 1.00000000, 1.00000000, 1.00000000
0.494949494949, 0.121212121212, 0.96992870, 1.00000000, 1.00000000, 1.00000000
0.494949494949, 0.131313131313, 0.95792497, 1.00000000, 1.00000000, 1.00000000
0.494949494949, 0.141414141414, 0.94607414, 1.00000000, 1.00000000, 1.00000000
0.494949494949, 0.151515151515, 0.93443549, 1.00000000, 1.00000000, 1.00000000
0.494949494949, 0.161616161616, 0.92306085, 1.00000000, 1.00000000, 1.00000000
0.494949494949, 0.171717171717, 0.91199780, 1.00000000, 1.00000000, 1.00000000
0.494949494949, 0.181818181818, 0.90129134, 1.00000000, 1.00000000, 1.00000000
0.494949494949, 0.191919191919, 0.89098450, 1.00000000, 1.00000000, 1.00000000
0.494949494949, 0.202020202020, 0.88111854, 1.00000000, 1.00000000, 1.00000000
0.494949494949, 0.212121212121, 0.87173287, 1.00000000, 1.00000000, 1.00000000
0.494949494949, 0.222222222222, 0.86286494, 1.00000000, 1.00000000, 1.00000000
0.494949494949, 0.232323232323, 0.85455007, 1.00000000, 1.00000000, 1.00000000
0.494949494949, 0.242424242424, 0.84682139, 1.00000000, 1.00000000, 1.00000000
0.494949494949, 0.252525252525, 0.83970963, 1.00000000, 1.00000000, 1.00000000
0.494949494949, 0.262626262626, 0.83324306, 1.00000000, 1.00000000, 1.00000000
0.494949494949, 0.272727272727, 0.82744739, 1.00000000, 1.00000000, 1.00000000
0.494949494949, 0.282828282828, 0.82234562, 1.00000000, 1.00000000, 1.00000000
0.494949494949, 0.292929292929, 0.81795803, 1.00000000, 1.00000000, 1.00000000
0.494949494949, 0.303030303030, 0.81430205, 1.00000000, 1.00000000, 1.00000000
0.494949494949, 0.313131313131, 0.81139222, 1.00000000, 1.00000000, 1.00000000
0.494949494949, 0.323232323232, 0.80924015, 1.00000000, 1.00000000, 1.00000000
0.494949494949, 0.333333333333, 0.80785447, 1.00000000, 1.00000000, 1.00000000
0.494949494949, 0.343434343434, 0.80724078, 1.00000000, 1.00000000, 1.00000000
0.494949494949, 0.353535353535, 0.80740158, 1.00000000, 1.00000000, 1.00000000
0.494949494949, 0.363636363636, 0.80833615, 1.00000000, 1.00000000, 1.00000000
0.494949494949, 0.373737373737, 0.81004074, 1.00000000, 1.00000000, 1.00000000
0.494949494949, 0.383838383838, 0.81250857, 1.00000000, 1.00000000, 1.00000000
0.494949494949, 0.393939393939, 0.81572985, 1.00000000, 1.00000000, 1.00000000
0.494949494949, 0.404040404040, 0.81969182, 1.00000000, 1.00000000, 1.00000000
0.494949494949, 0.414141414141, 0.82437880, 1.00000000, 1.00000000, 1.00000000
0.494949494949, 0.424242424242, 0.82977220, 1.00000000, 1.00000000, 1.00000000
0.494949494949, 0.434343434343, 0.83585065, 1.00000000, 1.00000000, 1.00000000
0.494949494949, 0.444444444444, 0.84259003, 1.00000000, 1.00000000, 1.00000000
0.494949494949, 0.454545454545, 0.84996358, 1.00000000, 1.00000000, 1.00000000
0.494949494949, 0.464646464646, 0.85794198, 1.00000000, 1.00000000, 1.00000000
0.494949494949, 0.474747474747, 0.86649347, 1.00000000, 1.00000000, 1.00000000
0.494949494949, 0.484848484848, 0.87558398, 1.00000000, 1.00000000, 1.00000000
0.494949494949, 0.494949494949, 0.88517725, 1.00000000, 1.00000000, 1.00000000
0.494949494949, 0.505050505051, 0.89523496, 1.00000000, 1.00000000, 1.00000000
0.494949494949, 0.515151515152, 0.90571690, 1.00000000, 1.00000000, 1.00000000
0.494949494949, 0.525252525253, 0.91658111, 1.00000000, 1.00000000, 1.00000000
0.494949494949, 0.535353535354, 0.92778406, 1.00000000, 1.00000000, 1.00000000
0.494949494949, 0.545454545455, 0.93928082, 1.00000000, 1.00000000, 1.00000000
0.494949494949, 0.555555555556, 0.95102522, 1.00000000, 1.00000000, 1.00000000
0.494949494949, 0.565656565657, 0.96297005, 1.00000000, 1.00000000, 1.00000000
0.494949494949, 0.575757575758, 0.97506728, 1.00000000, 1.00000000, 1.00000000
0.494949494949, 0.585858585859, 0.98726819, 1.00000000, 1.00000000, 1.00000000
0.494949494949, 0.595959595960, 0.99952363, 1.00000000, 1.00000000, 1.00000000
0.494949494949, 0.606060606061, 1.01178417, 1.00000000, 1.00000000, 1.00000000
0.494949494949, 0.616161616162, 1.02400034, 1.00000000, 1.00000000, 1.00000000
0.494949494949, 0.626262626263, 1.03612281, 1.00000000, 1.00000000, 1.00000000
0.494949494949, 0.636363636364, 1.04810261, 1.00000000, 1.00000000, 1.00000000
0.494949494949, 0.646464646465, 1.05989131, 1.00000000, 1.00000000, 1.00000000
0.494949494949, 0.656565656566, 1.07144123, 1.00000000, 1.00000000, 1.00000000
0.494949494949, 0.666666666667, 1.08270564, 1.00000000, 1.00000000, 1.00000000
0.494949494949, 0.676767676768, 1.09363893, 1.00000000, 1.00000000, 1.00000000
0.494949494949, 0.686868686869, 1.10419683, 1.00000000, 1.00000000, 1.00000000
0.494949494949, 0.696969696970, 1.11433657, 1.00000000, 1.00000000, 1.00000000
0.494949494949, 0.707070707071, 1.12401706, 1.00000000, 1.00000000, 1.00000000
0.494949494949, 0.717171717172, 1.13319906, 1.00000000, 1.00000000, 1.00000000
0.494949494949, 0.727272727273, 1.14184536, 1.00000000, 1.00000000, 1.00000000
0.494949494949, 0.737373737374, 1.14992087, 1.00000000, 1.00000000, 1.00000000
0.494949494949, 0.747474747475, 1.15739286, 1.00000000, 1.00000000, 1.00000000
0.494949494949, 0.757575757576, 1.16423101, 1.00000000, 1.00000000, 1.00000000
0.494949494949, 0.767676767677, 1.17040758, 1.00000000, 1.00000000, 1.00000000
0.494949494949, 0.777777777778, 1.17589749, 1.00000000, 1.00000000, 1.00000000
0.494949494949, 0.787878787879, 1.18067846, 1.00000000, 1.00000000, 1.00000000
0.494949494949, 0.797979797980, 1.18473108, 1.00000000, 1.00000000, 1.00000000
0.494949494949, 0.808080808081, 1.18803889, 1.00000000, 1.00000000, 1.00000000
0.494949494949, 0.818181818182, 1.19058843, 1.00000000, 1.00000000, 1.00000000
0.494949494949, 0.828282828283, 1.19236933, 1.00000000, 1.00000000, 1.00000000
0.494949494949, 0.838383838384, 1.19337430, 1.00000000, 1.00000000, 1.00000000
0.494949494949, 0.848484848485, 1.19359921, 1.00000000, 1.00000000, 1.00000000
0.494949494949, 0.858585858586, 1.19304322, 1.00000000, 1.00000000, 1.00000000
0.494949494949, 0.868686868687, 1.19170866, 1.00000000, 1.00000000, 1.00000000
0.494949494949, 0.878787878788, 1.18960100, 1.00000000, 1.00000000, 1.00000000
0.494949494949, 0.888888888889, 1.18672886, 1.00000000, 1.00000000, 1.00000000
0.494949494949, 0.898989898990, 1.18310394, 1.00000000, 1.00000000, 1.00000000
0.494949494949, 0.909090909091, 1.17874098, 1.00000000, 1.00000000, 1.00000000
0.494949494949, 0.919191919192, 1.17365777, 1.00000000, 1.00000000, 1.00000000
0.494949494949, 0.929292929293, 1.16787509, 1.00000000, 1.00000000, 1.00000000
0.494949494949, 0.939393939394, 1.16141691, 1.00000000, 1.00000000, 1.00000000
0.494949494949, 0.949494949495, 1.15431103, 1.00000000, 1.00000000, 1.00000000
0.494949494949, 0.959595959596, 1.14659068, 1.00000000, 1.00000000, 1.00000000
0.505050505051, -0.000000000000, 1.09015628, 1.00000000, 1.00000000, 1.00000000
0.505050505051, 0.010101010101, 1.07990391, 1.00000000, 1.00000000, 1.00000000
0.505050505051, 0.020202020202, 1.06966924, 1.00000000, 1.00000000, 1.00000000
0.505050505051, 0.030303030303, 1.05945843, 1.00000000, 1.00000000, 1.00000000
0.505050505051, 0.040404040404, 1.04920046, 1.00000000, 1.00000000, 1.00000000
0.505050505051, 0.050505050505, 1.03877344, 1.00000000, 1.00000000, 1.00000000
0.505050505051, 0.060606060606, 1.02805490, 1.00000000, 1.00000000, 1.00000000
0.505050505051, 0.070707070707, 1.01697135, 1.00000000, 1.00000000, 1.00000000
0.505050505051, 0.080808080808, 1.00552347, 1.00000000, 1.00000000, 1.00000000
0.505050505051, 0.090909090909, 0.99377976, 1.00000000, 1.00000000, 1.00000000
0.505050505051, 0.101010101010, 0.98184915, 1.00000000, 1.00000000, 1.00000000
0.505050505051, 0.111111111111, 0.96985046, 1.00000000, 1.00000000, 1.00000000
0.505050505051, 0.121212121212, 0.95789152, 1.00000000, 1.00000000, 1.00000000
0.505050505051, 0.131313131313, 0.94606129, 1.00000000, 1.00000000, 1.00000000
0.505050505051, 0.141414141414, 0.93443105, 1.00000000, 1.00000000, 1.00000000
0.505050505051, 0.151515151515, 0.92305947, 1.00000000, 1.00000000, 1.00000000
0.505050505051, 0.161616161616, 0.91199742, 1.00000000, 1.00000000, 1.00000000
0.505050505051, 0.171717171717, 0.90129124, 1.00000000, 1.00000000, 1.00000000
0.505050505051, 0.181818181818, 0.89098448, 1.00000000, 1.00000000, 1.00000000
0.505050505051, 0.191919191919, 0.88111854, 1.00000000, 1.00000000, 1.00000000
0.505050505051, 0.202020202020, 0.87173287, 1.00000000, 1.00000000, 1.00000000
0.505050505051, 0.212121212121, 0.86286494, 1.00000000, 1.00000000, 1.00000000
0.505050505051, 0.222222222222, 0.85455007, 1.00000000, 1.00000000, 1.00000000
0.505050505051, 0.232323232323, 0.84682139, 1.00000000, 1.00000000, 1.00000000
0.505050505051, 0.242424242424, 0.83970963, 1.00000000, 1.00000000, 1.00000000
0.505050505051, 0.252525252525, 0.83324306, 1.00000000, 1.00000000, 1.00000000
0.505050505051, 0.262626262626, 0.82744739, 1.00000000, 1.00000000, 1.00000000
0.505050505051, 0.272727272727, 0.82234562, 1.00000000, 1.00000000, 1.00000000
0.505050505051, 0.282828282828, 0.81795803, 1.00000000, 1.00000000, 1.00000000
0.505050505051, 0.292929292929, 0.81430205, 1.00000000, 1.00000000, 1.00000000
0.505050505051, 0.303030303030, 0.81139222, 1.00000000, 1.00000000, 1.00000000
0.505050505051, 0.313131313131, 0.80924015, 1.00000000, 1.00000000, 1.00000000
0.505050505051, 0.323232323232, 0.80785447, 1.00000000, 1.00000000, 1.00000000
0.505050505051, 0.333333333333, 0.80724078, 1.00000000, 1.00000000, 1.00000000
0.505050505051, 0.343434343434, 0.80740158, 1.00000000, 1.00000000, 1.00000000
0.505050505051, 0.353535353535, 0.80833615, 1.00000000, 1.00000000, 1.00000000
0.505050505051, 0.363636363636, 0.81004074, 1.00000000, 1.00000000, 1.00000000
0.505050505051, 0.373737373737, 0.81250857, 1.00000000, 1.00000000, 1.00000000
0.505050505051, 0.383838383838, 0.81572985, 1.00000000, 1.00000000, 1.00000000
0.505050505051, 0.393939393939, 0.81969182, 1.00000000, 1.00000000, 1.00000000
0.505050505051, 0.404040404040, 0.82437880, 1.00000000, 1.00000000, 1.00000000
0.505050505051, 0.414141414141, 0.82977220, 1.00000000, 1.00000000, 1.00000000
0.505050505051, 0.424242424242, 0.83585065, 1.00000000, 1.00000000, 1.00000000
0.505050505051, 0.434343434343, 0.84259003, 1.00000000, 1.00000000, 1.00000000
0.505050505051, 0.444444444444, 0.84996358, 1.00000000, 1.00000000, 1.00000000
0.505050505051, 0.454545454545, 0.85794198, 1.00000000, 1.00000000, 1.00000000
0.505050505051, 0.464646464646, 0.86649347, 1.00000000, 1.00000000, 1.00000000
0.505050505051, 0.474747474747, 0.87558398, 1.00000000, 1.00000000, 1.00000000
0.505050505051, 0.484848484848, 0.88517725, 1.00000000, 1.00000000, 1.00000000
0.505050505051, 0.494949494949, 0.89523496, 1.00000000, 1.00000000, 1.00000000
0.505050505051, 0.505050505051, 0.90571690, 1.00000000, 1.00000000, 1.00000000
0.505050505051, 0.515151515152, 0.91658111, 1.00000000, 1.00000000, 1.00000000
0.505050505051, 0.525252525253, 0.92778406, 1.00000000, 1.00000000, 1.00000000
0.505050505051, 0.535353535354, 0.93928082, 1.00000000, 1.00000000, 1.00000000
0.505050505051, 0.545454545455, 0.95102522, 1.00000000, 1.00000000, 1.00000000
0.505050505051, 0.555555555556, 0.96297005, 1.00000000, 1.00000000, 1.00000000
0.505050505051, 0.565656565657, 0.97506728, 1.00000000, 1.00000000, 1.00000000
0.505050505051, 0.575757575758, 0.98726819, 1.00000000, 1.00000000, 1.00000000
0.505050505051, 0.585858585859, 0.99952363, 1.00000000, 1.00000000, 1.00000000
0.505050505051, 0.595959595960, 1.01178417, 1.00000000, 1.00000000, 1.00000000
0.505050505051, 0.606060606061, 1.02400034, 1.00000000, 1.00000000, 1.00000000
0.505050505051, 0.616161616162, 1.03612281, 1.00000000, 1.00000000, 1.00000000
0.505050505051, 0.626262626263, 1.04810261, 1.00000000, 1.00000000, 1.00000000
0.505050505051, 0.636363636364, 1.05989131, 1.00000000, 1.00000000, 1.00000000
0.505050505051, 0.646464646465, 1.07144123, 1.00000000, 1.00000000, 1.00000000
0.505050505051, 0.656565656566, 1.08270564, 1.00000000, 1.00000000, 1.00000000
0.505050505051, 0.666666666667, 1.09363893, 1.00000000, 1.00000000, 1.00000000
0.505050505051, 0.676767676768, 1.10419683, 1.00000000, 1.00000000, 1.00000000
0.505050505051, 0.686868686869, 1.11433657, 1.00000000, 1.00000000, 1.00000000
0.505050505051, 0.696969696970, 1.12401706, 1.00000000, 1.00000000, 1.00000000
0.505050505051, 0.707070707071, 1.13319906, 1.00000000, 1.00000000, 1.00000000
0.505050505051, 0.717171717172, 1.14184536, 1.00000000, 1.00000000, 1.00000000
0.505050505051, 0.727272727273, 1.14992087, 1.00000000, 1.00000000, 1.00000000
0.505050505051, 0.737373737374, 1.15739286, 1.00000000, 1.00000000, 1.00000000
0.505050505051, 0.747474747475, 1.16423101, 1.00000000, 1.00000000, 1.00000000
0.505050505051, 0.757575757576, 1.17040758, 1.00000000, 1.00000000, 1.00000000
0.505050505051, 0.767676767677, 1.17589749, 1.00000000, 1.00000000, 1.00000000
0.505050505051, 0.777777777778, 1.18067846, 1.00000000, 1.00000000, 1.00000000
0.505050505051, 0.787878787879, 1.18473108, 1.00000000, 1.00000000, 1.00000000
0.505050505051, 0.797979797980, 1.18803889, 1.00000000, 1.00000000, 1.00000000
0.505050505051, 0.808080808081, 1.19058843, 1.00000000, 1.00000000, 1.00000000
0.505050505051, 0.818181818182, 1.19236933, 1.00000000, 1.00000000, 1.00000000
0.505050505051, 0.828282828283, 1.19337430, 1.00000000, 1.00000000, 1.00000000
0.505050505051, 0.838383838384, 1.19359921, 1.00000000, 1.00000000, 1.00000000
0.505050505051, 0.848484848485, 1.19304322, 1.00000000, 1.00000000, 1.00000000
0.505050505051, 0.858585858586, 1.19170866, 1.00000000, 1.00000000, 1.00000000
0.505050505051, 0.868686868687, 1.18960100, 1.00000000, 1.00000000, 1.00000000
0.505050505051, 0.878787878788, 1.18672886, 1.00000000, 1.00000000, 1.00000000
0.505050505051, 0.888888888889, 1.18310394, 1.00000000, 1.00000000, 1.00000000
0.505050505051, 0.898989898990, 1.17874097, 1.00000000, 1.00000000, 1.00000000
0.505050505051, 0.909090909091, 1.17365772, 1.00000000, 1.00000000, 1.00000000
0.505050505051, 0.919191919192, 1.16787486, 1.00000000, 1.00000000, 1.00000000
0.505050505051, 0.929292929293, 1.16141603, 1.00000000, 1.00000000, 1.00000000
0.505050505051, 0.939393939394, 1.15430795, 1.00000000, 1.00000000, 1.00000000
0.505050505051, 0.949494949495, 1.14658109, 1.00000000, 1.00000000, 1.00000000
0.505050505051, 0.959595959596, 1.13827132, 1.00000000, 1.00000000, 1.00000000
0.515151515152, -0.000000000000, 1.07909471, 1.00000000, 1.00000000, 1.00000000
0.515151515152, 0.010101010101, 1.06853725, 1.00000000, 1.00000000, 1.00000000
0.515151515152, 0.020202020202, 1.05804318, 1.00000000, 1.00000000, 1.00000000
0.515151515152, 0.030303030303, 1.04761757, 1.00000000, 1.00000000, 1.00000000
0.515151515152, 0.040404040404, 1.03718787, 1.00000000, 1.00000000, 1.00000000
0.515151515152, 0.050505050505, 1.02663081, 1.00000000, 1.00000000, 1.00000000
0.515151515152, 0.060606060606, 1.01582317, 1.00000000, 1.00000000, 1.00000000
0.515151515152, 0.070707070707, 1.00469158, 1.00000000, 1.00000000, 1.00000000
0.515151515152, 0.080808080808, 0.99323762, 1.00000000, 1.00000000, 1.00000000
0.515151515152, 0.090909090909, 0.98153114, 1.00000000, 1.00000000, 1.00000000
0.515151515152, 0.101010101010, 0.96968248, 1.00000000, 1.00000000, 1.00000000
0.515151515152, 0.111111111111, 0.95781162, 1.00000000, 1.00000000, 1.00000000
0.515151515152, 0.121212121212, 0.94602707, 1.00000000, 1.00000000, 1.00000000
0.515151515152, 0.131313131313, 0.93441788, 1.00000000, 1.00000000, 1.00000000
0.515151515152, 0.141414141414, 0.92305491, 1.00000000, 1.00000000, 1.00000000
0.515151515152, 0.151515151515, 0.91199601, 1.00000000, 1.00000000, 1.00000000
0.515151515152, 0.161616161616, 0.90129085, 1.00000000, 1.00000000, 1.00000000
0.515151515152, 0.171717171717, 0.89098438, 1.00000000, 1.00000000, 1.00000000
0.515151515152, 0.181818181818, 0.88111852, 1.00000000, 1.00000000, 1.00000000
0.515151515152, 0.191919191919, 0.87173287, 1.00000000, 1.00000000, 1.00000000
0.515151515152, 0.202020202020, 0.86286494, 1.00000000, 1.00000000, 1.00000000
0.515151515152, 0.212121212121, 0.85455007, 1.00000000, 1.00000000, 1.00000000
0.515151515152, 0.222222222222, 0.84682139, 1.00000000, 1.00000000, 1.00000000
0.515151515152, 0.232323232323, 0.83970963, 1.00000000, 1.00000000, 1.00000000
0.515151515152, 0.242424242424, 0.83324306, 1.00000000, 1.00000000, 1.00000000
0.515151515152, 0.252525252525, 0.82744739, 1.00000000, 1.00000000, 1.00000000
0.515151515152, 0.262626262626, 0.82234562, 1.00000000, 1.00000000, 1.00000000
0.515151515152, 0.272727272727, 0.81795803, 1.00000000, 1.00000000, 1.00000000
0.515151515152, 0.282828282828, 0.81430205, 1.00000000, 1.00000000, 1.00000000
0.515151515152, 0.292929292929, 0.81139222, 1.00000000, 1.00000000, 1.00000000
0.515151515152, 0.303030303030, 0.80924015, 1.00000000, 1.00000000, 1.00000000
0.515151515152, 0.313131313131, 0.80785447, 1.00000000, 1.00000000, 1.00000000
0.515151515152, 0.323232323232, 0.80724078, 1.00000000, 1.00000000, 1.00000000
0.515151515152, 0.333333333333, 0.80740158, 1.00000000, 1.00000000, 1.00000000
0.515151515152, 0.343434343434, 0.80833615, 1.00000000, 1.00000000, 1.00000000
0.515151515152, 0.353535353535, 0.81004074, 1.00000000, 1.00000000, 1.00000000
0.515151515152, 0.363636363636, 0.81250857, 1.00000000, 1.00000000, 1.00000000
0.515151515152, 0.373737373737, 0.81572985, 1.00000000, 1.00000000, 1.00000000
0.515151515152, 0.383838383838, 0.81969182, 1.00000000, 1.00000000, 1.00000000
0.515151515152, 0.393939393939, 0.82437880, 1.00000000, 1.00000000, 1.00000000
0.515151515152, 0.404040404040, 0.82977220, 1.00000000, 1.00000000, 1.00000000
0.515151515152, 0.414141414141, 0.83585065, 1.00000000, 1.00000000, 1.00000000
0.515151515152, 0.424242424242, 0.84259003, 1.00000000, 1.00000000, 1.00000000
0.515151515152, 0.434343434343, 0.84996358, 1.00000000, 1.00000000, 1.00000000
0.515151515152, 0.444444444444, 0.85794198, 1.00000000, 1.00000000, 1.00000000
0.515151515152, 0.454545454545, 0.86649347, 1.00000000, 1.00000000, 1.00000000
0.515151515152, 0.464646464646, 0.87558398, 1.00000000, 1.00000000, 1.00000000
0.515151515152, 0.474747474747, 0.88517725, 1.00000000, 1.00000000, 1.00000000
0.515151515152, 0.484848484848, 0.89523496, 1.00000000, 1.00000000, 1.00000000
0.515151515152, 0.494949494949, 0.90571690, 1.00000000, 1.00000000, 1.00000000
0.515151515152, 0.505050505051, 0.91658111, 1.00000000, 1.00000000, 1.00000000
0.515151515152, 0.515151515152, 0.92778406, 1.00000000, 1.00000000, 1.00000000
0.515151515152, 0.525252525253, 0.93928082, 1.00000000, 1.00000000, 1.00000000
0.515151515152, 0.535353535354, 0.95102522, 1.00000000, 1.00000000, 1.00000000
0.515151515152, 0.545454545455, 0.96297005, 1.00000000, 1.00000000, 1.00000000
0.515151515152, 0.555555555556, 0.97506728, 1.00000000, 1.00000000, 1.00000000
0.515151515152, 0.565656565657, 0.98726819, 1.00000000, 1.00000000, 1.00000000
0.515151515152, 0.575757575758, 0.99952363, 1.00000000, 1.00000000, 1.00000000
0.515151515152, 0.585858585859, 1.01178417, 1.00000000, 1.00000000, 1.00000000
0.515151515152, 0.595959595960, 1.02400034, 1.00000000, 1.00000000, 1.00000000
0.515151515152, 0.606060606061, 1.03612281, 1.00000000, 1.00000000, 1.00000000
0.515151515152, 0.616161616162, 1.04810261, 1.00000000, 1.00000000, 1.00000000
0.515151515152, 0.626262626263, 1.05989131, 1.00000000, 1.00000000, 1.00000000
0.515151515152, 0.636363636364, 1.07144123, 1.00000000, 1.00000000, 1.00000000
0.515151515152, 0.646464646465, 1.08270564, 1.00000000, 1.00000000, 1.00000000
0.515151515152, 0.656565656566, 1.09363893, 1.00000000, 1.00000000, 1.00000000
0.515151515152, 0.666666666667, 1.10419683, 1.00000000, 1.00000000, 1.00000000
0.515151515152, 0.676767676768, 1.11433657, 1.00000000, 1.00000000, 1.00000000
0.515151515152, 0.686868686869, 1.12401706, 1.00000000, 1.00000000, 1.00000000
0.515151515152, 0.696969696970, 1.13319906, 1.00000000, 1.00000000, 1.00000000
0.515151515152, 0.707070707071, 1.14184536, 1.00000000, 1.00000000, 1.00000000
0.515151515152, 0.717171717172, 1.14992087, 1.00000000, 1.00000000, 1.00000000
0.515151515152, 0.727272727273, 1.15739286, 1.00000000, 1.00000000, 1.00000000
0.515151515152, 0.737373737374, 1.16423101, 1.00000000, 1.00000000, 1.00000000
0.515151515152, 0.747474747475, 1.17040758, 1.00000000, 1.00000000, 1.00000000
0.515151515152, 0.757575757576, 1.17589749, 1.00000000, 1.00000000, 1.00000000
0.515151515152, 0.767676767677, 1.18067846, 1.00000000, 1.00000000, 1.00000000
0.515151515152, 0.777777777778, 1.18473108, 1.00000000, 1.00000000, 1.00000000
0.515151515152, 0.787878787879, 1.18803889, 1.00000000, 1.00000000, 1.00000000
0.515151515152, 0.797979797980, 1.19058843, 1.00000000, 1.00000000, 1.00000000
0.515151515152, 0.808080808081, 1.19236933, 1.00000000, 1.00000000, 1.00000000
0.515151515152, 0.818181818182, 1.19337430, 1.00000000, 1.00000000, 1.00000000
0.515151515152, 0.828282828283, 1.19359921, 1.00000000, 1.00000000, 1.00000000
0.515151515152, 0.838383838384, 1.19304322, 1.00000000, 1.00000000, 1.00000000
0.515151515152, 0.848484848485, 1.19170866, 1.00000000, 1.00000000, 1.00000000
0.515151515152, 0.858585858586, 1.18960100, 1.00000000, 1.00000000, 1.00000000
0.515151515152, 0.868686868687, 1.18672886, 1.00000000, 1.00000000, 1.00000000
0.515151515152, 0.878787878788, 1.18310393, 1.00000000, 1.00000000, 1.00000000
0.515151515152, 0.888888888889, 1.17874097, 1.00000000, 1.00000000, 1.00000000
0.515151515152, 0.898989898990, 1.17365771, 1.00000000, 1.00000000, 1.00000000
0.515151515152, 0.909090909091, 1.16787481, 1.00000000, 1.00000000, 1.00000000
0.515151515152, 0.919191919192, 1.16141580, 1.00000000, 1.00000000, 1.00000000
0.515151515152, 0.929292929293, 1.15430704, 1.00000000, 1.00000000, 1.00000000
0.515151515152, 0.939393939394, 1.14657791, 1.00000000, 1.00000000, 1.00000000
0.515151515152, 0.949494949495, 1.13826144, 1.00000000, 1.00000000, 1.00000000
0.515151515152, 0.959595959596, 1.12939596, 1.00000000, 1.00000000, 1.00000000
0.525252525253, -0.000000000000, 1.06771708, 1.00000000, 1.00000000, 1.00000000
0.525252525253, 0.010101010101, 1.05689723, 1.00000000, 1.00000000, 1.00000000
0.525252525253, 0.020202020202, 1.04618613, 1.00000000, 1.00000000, 1.00000000
0.525252525253, 0.030303030303, 1.03558773, 1.00000000, 1.00000000, 1.00000000
0.525252525253, 0.040404040404, 1.02502830, 1.00000000, 1.00000000, 1.00000000
0.525252525253, 0.050505050505, 1.01438373, 1.00000000, 1.00000000, 1.00000000
0.525252525253, 0.060606060606, 1.00353057, 1.00000000, 1.00000000, 1.00000000
0.525252525253, 0.070707070707, 0.99239586, 1.00000000, 1.00000000, 1.00000000
0.525252525253, 0.080808080808, 0.98098205, 1.00000000, 1.00000000, 1.00000000
0.525252525253, 0.090909090909, 0.96936001, 1.00000000, 1.00000000, 1.00000000
0.525252525253, 0.101010101010, 0.95764106, 1.00000000, 1.00000000, 1.00000000
0.525252525253, 0.111111111111, 0.94594581, 1.00000000, 1.00000000, 1.00000000
0.525252525253, 0.121212121212, 0.93438302, 1.00000000, 1.00000000, 1.00000000
0.525252525253, 0.131313131313, 0.92304146, 1.00000000, 1.00000000, 1.00000000
0.525252525253, 0.141414141414, 0.91199134, 1.00000000, 1.00000000, 1.00000000
0.525252525253, 0.151515151515, 0.90128940, 1.00000000, 1.00000000, 1.00000000
0.525252525253, 0.161616161616, 0.89098398, 1.00000000, 1.00000000, 1.00000000
0.525252525253, 0.171717171717, 0.88111842, 1.00000000, 1.00000000, 1.00000000
0.525252525253, 0.181818181818, 0.87173285, 1.00000000, 1.00000000, 1.00000000
0.525252525253, 0.191919191919, 0.86286493, 1.00000000, 1.00000000, 1.00000000
0.525252525253, 0.202020202020, 0.85455007, 1.00000000, 1.00000000, 1.00000000
0.525252525253, 0.212121212121, 0.84682139, 1.00000000, 1.00000000, 1.00000000
0.525252525253, 0.222222222222, 0.83970963, 1.00000000, 1.00000000, 1.00000000
0.525252525253, 0.232323232323, 0.83324306, 1.00000000, 1.00000000, 1.00000000
0.525252525253, 0.242424242424, 0.82744739, 1.00000000, 1.00000000, 1.00000000
0.525252525253, 0.252525252525, 0.82234562, 1.00000000, 1.00000000, 1.00000000
0.525252525253, 0.262626262626, 0.81795803, 1.00000000, 1.00000000, 1.00000000
0.525252525253, 0.272727272727, 0.81430205, 1.00000000, 1.00000000, 1.00000000
0.525252525253, 0.282828282828, 0.81139222, 1.00000000, 1.00000000, 1.00000000
0.525252525253, 0.292929292929, 0.80924015, 1.00000000, 1.00000000, 1.00000000
0.525252525253, 0.303030303030, 0.80785447, 1.00000000, 1.00000000, 1.00000000
0.525252525253, 0.313131313131, 0.80724078, 1.00000000, 1.00000000, 1.00000000
0.525252525253, 0.323232323232, 0.80740158, 1.00000000, 1.00000000, 1.00000000
0.525252525253, 0.333333333333, 0.80833615, 1.00000000, 1.00000000, 1.00000000
0.525252525253, 0.343434343434, 0.81004074, 1.00000000, 1.00000000, 1.00000000
0.525252525253, 0.353535353535, 0.81250857, 1.00000000, 1.00000000, 1.00000000
0.525252525253, 0.363636363636, 0.81572985, 1.00000000, 1.00000000, 1.00000000
0.525252525253, 0.373737373737, 0.81969182, 1.00000000, 1.00000000, 1.00000000
0.525252525253, 0.383838383838, 0.82437880, 1.00000000, 1.00000000, 1.00000000
0.525252525253, 0.393939393939, 0.82977220, 1.00000000, 1.00000000, 1.00000000
0.525252525253, 0.404040404040, 0.83585065, 1.00000000, 1.00000000, 1.00000000
0.525252525253, 0.414141414141, 0.84259003, 1.00000000, 1.00000000, 1.00000000
0.525252525253, 0.424242424242, 0.84996358, 1.00000000, 1.00000000, 1.00000000
0.525252525253, 0.434343434343, 0.85794198, 1.00000000, 1.00000000, 1.00000000
0.525252525253, 0.444444444444, 0.86649347, 1.00000000, 1.00000000, 1.00000000
0.525252525253, 0.454545454545, 0.87558398, 1.00000000, 1.00000000, 1.00000000
0.525252525253, 0.464646464646, 0.88517725, 1.00000000, 1.00000000, 1.00000000
0.525252525253, 0.474747474747, 0.89523496, 1.00000000, 1.00000000, 1.00000000
0.525252525253, 0.484848484848, 0.90571690, 1.00000000, 1.00000000, 1.00000000
0.525252525253, 0.494949494949, 0.91658111, 1.00000000, 1.00000000, 1.00000000
0.525252525253, 0.505050505051, 0.92778406, 1.00000000, 1.00000000, 1.00000000
0.525252525253, 0.515151515152, 0.93928082, 1.00000000, 1.00000000, 1.00000000
0.525252525253, 0.525252525253, 0.95102522, 1.00000000, 1.00000000, 1.00000000
0.525252525253, 0.535353535354, 0.96297005, 1.00000000, 1.00000000, 1.00000000
0.525252525253, 0.545454545455, 0.97506728, 1.00000000, 1.00000000, 1.00000000
0.525252525253, 0.555555555556, 0.98726819, 1.00000000, 1.00000000, 1.00000000
0.525252525253, 0.565656565657, 0.99952363, 1.00000000, 1.00000000, 1.00000000
0.525252525253, 0.575757575758, 1.01178417, 1.00000000, 1.00000000, 1.00000000
0.525252525253, 0.585858585859, 1.02400034, 1.00000000, 1.00000000, 1.00000000
0.525252525253, 0.595959595960, 1.03612281, 1.00000000, 1.00000000, 1.00000000
0.525252525253, 0.606060606061, 1.04810261, 1.00000000, 1.00000000, 1.00000000
0.525252525253, 0.616161616162, 1.05989131, 1.00000000, 1.00000000, 1.00000000
0.525252525253, 0.626262626263, 1.07144123, 1.00000000, 1.00000000, 1.00000000
0.525252525253, 0.636363636364, 1.08270564, 1.00000000, 1.00000000, 1.00000000
0.525252525253, 0.646464646465, 1.09363893, 1.00000000, 1.00000000, 1.00000000
0.525252525253, 0.656565656566, 1.10419683, 1.00000000, 1.00000000, 1.00000000
0.525252525253, 0.666666666667, 1.11433657, 1.00000000, 1.00000000, 1.00000000
0.525252525253, 0.676767676768, 1.12401706, 1.00000000, 1.00000000, 1.00000000
0.525252525253, 0.686868686869, 1.13319906, 1.00000000, 1.00000000, 1.00000000
0.525252525253, 0.696969696970, 1.14184536, 1.00000000, 1.00000000, 1.00000000
0.525252525253, 0.707070707071, 1.14992087, 1.00000000, 1.00000000, 1.00000000
0.525252525253, 0.717171717172, 1.15739286, 1.00000000, 1.00000000, 1.00000000
0.525252525253, 0.727272727273, 1.16423101, 1.00000000, 1.00000000, 1.00000000
0.525252525253, 0.737373737374, 1.17040758, 1.00000000, 1.00000000, 1.00000000
0.525252525253, 0.747474747475, 1.17589749, 1.00000000, 1.00000000, 1.00000000
0.525252525253, 0.757575757576, 1.18067846, 1.00000000, 1.00000000, 1.00000000
0.525252525253, 0.767676767677, 1.18473108, 1.00000000, 1.00000000, 1.00000000
0.525252525253, 0.777777777778, 1.18803889, 1.00000000, 1.00000000, 1.00000000
0.525252525253, 0.787878787879, 1.19058843, 1.00000000, 1.00000000, 1.00000000
0.525252525253, 0.797979797980, 1.19236933, 1.00000000, 1.00000000, 1.00000000
0.525252525253, 0.808080808081, 1.19337430, 1.00000000, 1.00000000, 1.00000000
0.525252525253, 0.818181818182, 1.19359921, 1.00000000, 1.00000000, 1.00000000
0.525252525253, 0.828282828283, 1.19304322, 1.00000000, 1.00000000, 1.00000000
0.525252525253, 0.838383838384, 1.19170866, 1.00000000, 1.00000000, 1.00000000
0.525252525253, 0.848484848485, 1.18960100, 1.00000000, 1.00000000, 1.00000000
0.525252525253, 0.858585858586, 1.18672886, 1.00000000, 1.00000000, 1.00000000
0.525252525253, 0.868686868687, 1.18310393, 1.00000000, 1.00000000, 1.00000000
0.525252525253, 0.878787878788, 1.17874097, 1.00000000, 1.00000000, 1.00000000
0.525252525253, 0.888888888889, 1.17365771, 1.00000000, 1.00000000, 1.00000000
0.525252525253, 0.898989898990, 1.16787480, 1.00000000, 1.00000000, 1.00000000
0.525252525253, 0.909090909091, 1.16141574, 1.00000000, 1.00000000, 1.00000000
0.525252525253, 0.919191919192, 1.15430679, 1.00000000, 1.00000000, 1.00000000
0.525252525253, 0.929292929293, 1.14657696, 1.00000000, 1.00000000, 1.00000000
0.525252525253, 0.939393939394, 1.13825816, 1.00000000, 1.00000000, 1.00000000
0.525252525253, 0.949494949495, 1.12938581, 1.00000000, 1.00000000, 1.00000000
0.525252525253, 0.959595959596, 1.12000060, 1.00000000, 1.00000000, 1.00000000
0.535353535354, -0.000000000000, 1.05606939, 1.00000000, 1.00000000, 1.00000000
0.535353535354, 0.010101010101, 1.04503088, 1.00000000, 1.00000000, 1.00000000
0.535353535354, 0.020202020202, 1.03414595, 1.00000000, 1.00000000, 1.00000000
0.535353535354, 0.030303030303, 1.02341748, 1.00000000, 1.00000000, 1.00000000
0.535353535354, 0.040404040404, 1.01277086, 1.00000000, 1.00000000, 1.00000000
0.535353535354, 0.050505050505, 1.00208166, 1.00000000, 1.00000000, 1.00000000
0.535353535354, 0.060606060606, 0.99122673, 1.00000000, 1.00000000, 1.00000000
0.535353535354, 0.070707070707, 0.98013382, 1.00000000, 1.00000000, 1.00000000
0.535353535354, 0.080808080808, 0.96880617, 1.00000000, 1.00000000, 1.00000000
0.535353535354, 0.090909090909, 0.95731541, 1.00000000, 1.00000000, 1.00000000
0.535353535354, 0.101010101010, 0.94577333, 1.00000000, 1.00000000, 1.00000000
0.535353535354, 0.111111111111, 0.93430071, 1.00000000, 1.00000000, 1.00000000
0.535353535354, 0.121212121212, 0.92300610, 1.00000000, 1.00000000, 1.00000000
0.535353535354, 0.131313131313, 0.91197767, 1.00000000, 1.00000000, 1.00000000
0.535353535354, 0.141414141414, 0.90128465, 1.00000000, 1.00000000, 1.00000000
0.535353535354, 0.151515151515, 0.89098250, 1.00000000, 1.00000000, 1.00000000
0.535353535354, 0.161616161616, 0.88111801, 1.00000000, 1.00000000, 1.00000000
0.535353535354, 0.171717171717, 0.87173275, 1.00000000, 1.00000000, 1.00000000
0.535353535354, 0.181818181818, 0.86286491, 1.00000000, 1.00000000, 1.00000000
0.535353535354, 0.191919191919, 0.85455007, 1.00000000, 1.00000000, 1.00000000
0.535353535354, 0.202020202020, 0.84682139, 1.00000000, 1.00000000, 1.00000000
0.535353535354, 0.212121212121, 0.83970963, 1.00000000, 1.00000000, 1.00000000
0.535353535354, 0.222222222222, 0.83324306, 1.00000000, 1.00000000, 1.00000000
0.535353535354, 0.232323232323, 0.82744739, 1.00000000, 1.00000000, 1.00000000
0.535353535354, 0.242424242424, 0.82234562, 1.00000000, 1.00000000, 1.00000000
0.535353535354, 0.252525252525, 0.81795803, 1.00000000, 1.00000000, 1.00000000
0.535353535354, 0.262626262626, 0.81430205, 1.00000000, 1.00000000, 1.00000000
0.535353535354, 0.272727272727, 0.81139222, 1.00000000, 1.00000000, 1.00000000
0.535353535354, 0.282828282828, 0.80924015, 1.00000000, 1.00000000, 1.00000000
0.535353535354, 0.292929292929, 0.80785447, 1.00000000, 1.00000000, 1.00000000
0.535353535354, 0.303030303030, 0.80724078, 1.00000000, 1.00000000, 1.00000000
0.535353535354, 0.313131313131, 0.80740158, 1.00000000, 1.00000000, 1.00000000
0.535353535354, 0.323232323232, 0.80833615, 1.00000000, 1.00000000, 1.00000000
0.535353535354, 0.333333333333, 0.81004074, 1.00000000, 1.00000000, 1.00000000
0.535353535354, 0.343434343434, 0.81250857, 1.00000000, 1.00000000, 1.00000000
0.535353535354, 0.353535353535, 0.81572985, 1.00000000, 1.00000000, 1.00000000
0.535353535354, 0.363636363636, 0.81969182, 1.00000000, 1.00000000, 1.00000000
0.535353535354, 0.373737373737, 0.82437880, 1.00000000, 1.00000000, 1.00000000
0.535353535354, 0.383838383838, 0.82977220, 1.00000000, 1.00000000, 1.00000000
0.535353535354, 0.393939393939, 0.83585065, 1.00000000, 1.00000000, 1.00000000
0.535353535354, 0.404040404040, 0.84259003, 1.00000000, 1.00000000, 1.00000000
0.535353535354, 0.414141414141, 0.84996358, 1.00000000, 1.00000000, 1.00000000
0.535353535354, 0.424242424242, 0.85794198, 1.00000000, 1.00000000, 1.00000000
0.535353535354, 0.434343434343, 0.86649347, 1.00000000, 1.00000000, 1.00000000
0.535353535354, 0.444444444444, 0.87558398, 1.00000000, 1.00000000, 1.00000000
0.535353535354, 0.454545454545, 0.88517725, 1.00000000, 1.00000000, 1.00000000
0.535353535354, 0.464646464646, 0.89523496, 1.00000000, 1.00000000, 1.00000000
0.535353535354, 0.474747474747, 0.90571690, 1.00000000, 1.00000000, 1.00000000
0.535353535354, 0.484848484848, 0.91658111, 1.00000000, 1.00000000, 1.00000000
0.535353535354, 0.494949494949, 0.92778406, 1.00000000, 1.00000000, 1.00000000
0.535353535354, 0.505050505051, 0.93928082, 1.00000000, 1.00000000, 1.00000000
0.535353535354, 0.515151515152, 0.95102522, 1.00000000, 1.00000000, 1.00000000
0.535353535354, 0.525252525253, 0.96297005, 1.00000000, 1.00000000, 1.00000000
0.535353535354, 0.535353535354, 0.97506728, 1.00000000, 1.00000000, 1.00000000
0.535353535354, 0.545454545455, 0.98726819, 1.00000000, 1.00000000, 1.00000000
0.535353535354, 0.555555555556, 0.99952363, 1.00000000, 1.00000000, 1.00000000
0.535353535354, 0.565656565657, 1.01178417, 1.00000000, 1.00000000, 1.00000000
0.535353535354, 0.575757575758, 1.02400034, 1.00000000, 1.00000000, 1.00000000
0.535353535354, 0.585858585859, 1.03612281, 1.00000000, 1.00000000, 1.00000000
0.535353535354, 0.595959595960, 1.04810261, 1.00000000, 1.00000000, 1.00000000
0.535353535354, 0.606060606061, 1.05989131, 1.00000000, 1.00000000, 1.00000000
0.535353535354, 0.616161616162, 1.07144123, 1.00000000, 1.00000000, 1.00000000
0.535353535354, 0.626262626263, 1.08270564, 1.00000000, 1.00000000, 1.00000000
0.535353535354, 0.636363636364, 1.09363893, 1.00000000, 1.00000000, 1.00000000
0.535353535354, 0.646464646465, 1.10419683, 1.00000000, 1.00000000, 1.00000000
0.535353535354, 0.656565656566, 1.11433657, 1.00000000, 1.00000000, 1.00000000
0.535353535354, 0.666666666667, 1.12401706, 1.00000000, 1.00000000, 1.00000000
0.535353535354, 0.676767676768, 1.13319906, 1.00000000, 1.00000000, 1.00000000
0.535353535354, 0.686868686869, 1.14184536, 1.00000000, 1.00000000, 1.00000000
0.535353535354, 0.696969696970, 1.14992087, 1.00000000, 1.00000000, 1.00000000
0.535353535354, 0.707070707071, 1.15739286, 1.00000000, 1.00000000, 1.00000000
0.535353535354, 0.717171717172, 1.16423101, 1.00000000, 1.00000000, 1.00000000
0.535353535354, 0.727272727273, 1.17040758, 1.00000000, 1.00000000, 1.00000000
0.535353535354, 0.737373737374, 1.17589749, 1.00000000, 1.00000000, 1.00000000
0.535353535354, 0.747474747475, 1.18067846, 1.00000000, 1.00000000, 1.00000000
0.535353535354, 0.757575757576, 1.18473108, 1.00000000, 1.00000000, 1.00000000
0.535353535354, 0.767676767677, 1.18803889, 1.00000000, 1.00000000, 1.00000000
0.535353535354, 0.777777777778, 1.19058843, 1.00000000, 1.00000000, 1.00000000
0.535353535354, 0.787878787879, 1.19236933, 1.00000000, 1.00000000, 1.00000000
0.535353535354, 0.797979797980, 1.19337430, 1.00000000, 1.00000000, 1.00000000
0.535353535354, 0.808080808081, 1.19359921, 1.00000000, 1.00000000, 1.00000000
0.535353535354, 0.818181818182, 1.19304322, 1.00000000, 1.00000000, 1.00000000
0.535353535354, 0.828282828283, 1.19170866, 1.00000000, 1.00000000, 1.00000000
0.535353535354, 0.838383838384, 1.18960100, 1.00000000, 1.00000000, 1.00000000
0.535353535354, 0.848484848485, 1.18672886, 1.00000000, 1.00000000, 1.00000000
0.535353535354, 0.858585858586, 1.18310393, 1.00000000, 1.00000000, 1.00000000
0.535353535354, 0.868686868687, 1.17874097, 1.00000000, 1.00000000, 1.00000000
0.535353535354, 0.878787878788, 1.17365771, 1.00000000, 1.00000000, 1.00000000
0.535353535354, 0.888888888889, 1.16787480, 1.00000000, 1.00000000, 1.00000000
0.535353535354, 0.898989898990, 1.16141573, 1.00000000, 1.00000000, 1.00000000
0.535353535354, 0.909090909091, 1.15430673, 1.00000000, 1.00000000, 1.00000000
0.535353535354, 0.919191919192, 1.14657671, 1.00000000, 1.00000000, 1.00000000
0.535353535354, 0.929292929293, 1.13825718, 1.00000000, 1.00000000, 1.00000000
0.535353535354, 0.939393939394, 1.12938244, 1.00000000, 1.00000000, 1.00000000
0.535353535354, 0.949494949495, 1.11999021, 1.00000000, 1.00000000, 1.00000000
0.535353535354, 0.959595959596, 1.11012332, 1.00000000, 1.00000000, 1.00000000
0.545454545455, -0.000000000000, 1.04419869, 1.00000000, 1.00000000, 1.00000000
0.545454545455, 0.010101010101, 1.03298608, 1.00000000, 1.00000000, 1.00000000
0.545454545455, 0.020202020202, 1.02197124, 1.00000000, 1.00000000, 1.00000000
0.545454545455, 0.030303030303, 1.01115593, 1.00000000, 1.00000000, 1.00000000
0.545454545455, 0.040404040404, 1.00046501, 1.00000000, 1.00000000, 1.00000000
0.545454545455, 0.050505050505, 0.98977425, 1.00000000, 1.00000000, 1.00000000
0.545454545455, 0.060606060606, 0.97896130, 1.00000000, 1.00000000, 1.00000000
0.545454545455, 0.070707070707, 0.96795488, 1.00000000, 1.00000000, 1.00000000
0.545454545455, 0.080808080808, 0.95675904, 1.00000000, 1.00000000, 1.00000000
0.545454545455, 0.090909090909, 0.94544580, 1.00000000, 1.00000000, 1.00000000
0.545454545455, 0.101010101010, 0.93412699, 1.00000000, 1.00000000, 1.00000000
0.545454545455, 0.111111111111, 0.92292307, 1.00000000, 1.00000000, 1.00000000
0.545454545455, 0.121212121212, 0.91194193, 1.00000000, 1.00000000, 1.00000000
0.545454545455, 0.131313131313, 0.90127081, 1.00000000, 1.00000000, 1.00000000
0.545454545455, 0.141414141414, 0.89097768, 1.00000000, 1.00000000, 1.00000000
0.545454545455, 0.151515151515, 0.88111650, 1.00000000, 1.00000000, 1.00000000
0.545454545455, 0.161616161616, 0.87173233, 1.00000000, 1.00000000, 1.00000000
0.545454545455, 0.171717171717, 0.86286481, 1.00000000, 1.00000000, 1.00000000
0.545454545455, 0.181818181818, 0.85455004, 1.00000000, 1.00000000, 1.00000000
0.545454545455, 0.191919191919, 0.84682138, 1.00000000, 1.00000000, 1.00000000
0.545454545455, 0.202020202020, 0.83970963, 1.00000000, 1.00000000, 1.00000000
0.545454545455, 0.212121212121, 0.83324306, 1.00000000, 1.00000000, 1.00000000
0.545454545455, 0.222222222222, 0.82744739, 1.00000000, 1.00000000, 1.00000000
0.545454545455, 0.232323232323, 0.82234562, 1.00000000, 1.00000000, 1.00000000
0.545454545455, 0.242424242424, 0.81795803, 1.00000000, 1.00000000, 1.00000000
0.545454545455, 0.252525252525, 0.81430205, 1.00000000, 1.00000000, 1.00000000
0.545454545455, 0.262626262626, 0.81139222, 1.00000000, 1.00000000, 1.00000000
0.545454545455, 0.272727272727, 0.80924015, 1.00000000, 1.00000000, 1.00000000
0.545454545455, 0.282828282828, 0.80785447, 1.00000000, 1.00000000, 1.00000000
0.545454545455, 0.292929292929, 0.80724078, 1.00000000, 1.00000000, 1.00000000
0.545454545455, 0.303030303030, 0.80740158, 1.00000000, 1.00000000, 1.00000000
0.545454545455, 0.313131313131, 0.80833615, 1.00000000, 1.00000000, 1.00000000
0.545454545455, 0.323232323232, 0.81004074, 1.00000000, 1.00000000, 1.00000000
0.545454545455, 0.333333333333, 0.81250857, 1.00000000, 1.00000000, 1.00000000
0.545454545455, 0.343434343434, 0.81572985, 1.00000000, 1.00000000, 1.00000000
0.545454545455, 0.353535353535, 0.81969182, 1.00000000, 1.00000000, 1.00000000
0.545454545455, 0.363636363636, 0.82437880, 1.00000000, 1.00000000, 1.00000000
0.545454545455, 0.373737373737, 0.82977220, 1.00000000, 1.00000000, 1.00000000
0.545454545455, 0.383838383838, 0.83585065, 1.00000000, 1.00000000, 1.00000000
0.545454545455, 0.393939393939, 0.84259003, 1.00000000, 1.00000000, 1.00000000
0.545454545455, 0.404040404040, 0.84996358, 1.00000000, 1.00000000, 1.00000000
0.545454545455, 0.414141414141, 0.85794198, 1.00000000, 1.00000000, 1.00000000
0.545454545455, 0.424242424242, 0.86649347, 1.00000000, 1.00000000, 1.00000000
0.545454545455, 0.434343434343, 0.87558398, 1.00000000, 1.00000000, 1.00000000
0.545454545455, 0.444444444444, 0.88517725, 1.00000000, 1.00000000, 1.00000000
0.545454545455, 0.454545454545, 0.89523496, 1.00000000, 1.00000000, 1.00000000
0.545454545455, 0.464646464646, 0.90571690, 1.00000000, 1.00000000, 1.00000000
0.545454545455, 0.474747474747, 0.91658111, 1.00000000, 1.00000000, 1.00000000
0.545454545455, 0.484848484848, 0.92778406, 1.00000000, 1.00000000, 1.00000000
0.545454545455, 0.494949494949, 0.93928082, 1.00000000, 1.00000000, 1.00000000
0.545454545455, 0.505050505051, 0.95102522, 1.00000000, 1.00000000, 1.00000000
0.545454545455, 0.515151515152, 0.96297005, 1.00000000, 1.00000000, 1.00000000
0.545454545455, 0.525252525253, 0.97506728, 1.00000000, 1.00000000, 1.00000000
0.545454545455, 0.535353535354, 0.98726819, 1.00000000, 1.00000000, 1.00000000
0.545454545455, 0.545454545455, 0.99952363, 1.00000000, 1.00000000, 1.00000000
0.545454545455, 0.555555555556, 1.01178417, 1.00000000, 1.00000000, 1.00000000
0.545454545455, 0.565656565657, 1.02400034, 1.00000000, 1.00000000, 1.00000000
0.545454545455, 0.575757575758, 1.03612281, 1.00000000, 1.00000000, 1.00000000
0.545454545455, 0.585858585859, 1.04810261, 1.00000000, 1.00000000, 1.00000000
0.545454545455, 0.595959595960, 1.05989131, 1.00000000, 1.00000000, 1.00000000
0.545454545455, 0.606060606061, 1.07144123, 1.00000000, 1.00000000, 1.00000000
0.545454545455, 0.616161616162, 1.08270564, 1.00000000, 1.00000000, 1.00000000
0.545454545455, 0.626262626263, 1.09363893, 1.00000000, 1.00000000, 1.00000000
0.545454545455, 0.636363636364, 1.10419683, 1.00000000, 1.00000000, 1.00000000
0.545454545455, 0.646464646465, 1.11433657, 1.00000000, 1.00000000, 1.00000000
0.545454545455, 0.656565656566, 1.12401706, 1.00000000, 1.00000000, 1.00000000
0.545454545455, 0.666666666667, 1.13319906, 1.00000000, 1.00000000, 1.00000000
0.545454545455, 0.676767676768, 1.14184536, 1.00000000, 1.00000000, 1.00000000
0.545454545455, 0.686868686869, 1.14992087, 1.00000000, 1.00000000, 1.00000000
0.545454545455, 0.696969696970, 1.15739286, 1.00000000, 1.00000000, 1.00000000
0.545454545455, 0.707070707071, 1.16423101, 1.00000000, 1.00000000, 1.00000000
0.545454545455, 0.717171717172, 1.17040758, 1.00000000, 1.00000000, 1.00000000
0.545454545455, 0.727272727273, 1.17589749, 1.00000000, 1.00000000, 1.00000000
0.545454545455, 0.737373737374, 1.18067846, 1.00000000, 1.00000000, 1.00000000
0.545454545455, 0.747474747475, 1.18473108, 1.00000000, 1.00000000, 1.00000000
0.545454545455, 0.757575757576, 1.18803889, 1.00000000, 1.00000000, 1.00000000
0.545454545455, 0.767676767677, 1.19058843, 1.00000000, 1.00000000, 1.00000000
0.545454545455, 0.777777777778, 1.19236933, 1.00000000, 1.00000000, 1.00000000
0.545454545455, 0.787878787879, 1.19337430, 1.00000000, 1.00000000, 1.00000000
0.545454545455, 0.797979797980, 1.19359921, 1.00000000, 1.00000000, 1.00000000
0.545454545455, 0.808080808081, 1.19304322, 1.00000000, 1.00000000, 1.00000000
0.545454545455, 0.818181818182, 1.19170866, 1.00000000, 1.00000000, 1.00000000
0.545454545455, 0.828282828283, 1.18960100, 1.00000000, 1.00000000, 1.00000000
0.545454545455, 0.838383838384, 1.18672886, 1.00000000, 1.00000000, 1.00000000
0.545454545455, 0.848484848485, 1.18310393, 1.00000000, 1.00000000, 1.00000000
0.545454545455, 0.858585858586, 1.17874097, 1.00000000, 1.00000000, 1.00000000
0.545454545455, 0.868686868687, 1.17365771, 1.00000000, 1.00000000, 1.00000000
0.545454545455, 0.878787878788, 1.16787480, 1.00000000, 1.00000000, 1.00000000
0.545454545455, 0.888888888889, 1.16141572, 1.00000000, 1.00000000, 1.00000000
0.545454545455, 0.898989898990, 1.15430672, 1.00000000, 1.00000000, 1.00000000
0.545454545455, 0.909090909091, 1.14657665, 1.00000000, 1.00000000, 1.00000000
0.545454545455, 0.919191919192, 1.13825692, 1.00000000, 1.00000000, 1.00000000
0.545454545455, 0.929292929293, 1.12938144, 1.00000000, 1.00000000, 1.00000000
0.545454545455, 0.939393939394, 1.11998676, 1.00000000, 1.00000000, 1.00000000
0.545454545455, 0.949494949495, 1.11011273, 1.00000000, 1.00000000, 1.00000000
0.545454545455, 0.959595959596, 1.09980416, 1.00000000, 1.00000000, 1.00000000
0.555555555556, -0.000000000000, 1.03215289, 1.00000000, 1.00000000, 1.00000000
0.555555555556, 0.010101010101, 1.02081145, 1.00000000, 1.00000000, 1.00000000
0.555555555556, 0.020202020202, 1.00971110, 1.00000000, 1.00000000, 1.00000000
0.555555555556, 0.030303030303, 0.99885254, 1.00000000, 1.00000000, 1.00000000
0.555555555556, 0.040404040404, 0.98816039, 1.00000000, 1.00000000, 1.00000000
0.555555555556, 0.050505050505, 0.97751114, 1.00000000, 1.00000000, 1.00000000
0.555555555556, 0.060606060606, 0.96678373, 1.00000000, 1.00000000, 1.00000000
0.555555555556, 0.070707070707, 0.95590813, 1.00000000, 1.00000000, 1.00000000
0.555555555556, 0.080808080808, 0.94488915, 1.00000000, 1.00000000, 1.00000000
0.555555555556, 0.090909090909, 0.93379891, 1.00000000, 1.00000000, 1.00000000
0.555555555556, 0.101010101010, 0.92274881, 1.00000000, 1.00000000, 1.00000000
0.555555555556, 0.111111111111, 0.91185852, 1.00000000, 1.00000000, 1.00000000
0.555555555556, 0.121212121212, 0.90123485, 1.00000000, 1.00000000, 1.00000000
0.555555555556, 0.131313131313, 0.89096373, 1.00000000, 1.00000000, 1.00000000
0.555555555556, 0.141414141414, 0.88111164, 1.00000000, 1.00000000, 1.00000000
0.555555555556, 0.151515151515, 0.87173080, 1.00000000, 1.00000000, 1.00000000
0.555555555556, 0.161616161616, 0.86286438, 1.00000000, 1.00000000, 1.00000000
0.555555555556, 0.171717171717, 0.85454994, 1.00000000, 1.00000000, 1.00000000
0.555555555556, 0.181818181818, 0.84682136, 1.00000000, 1.00000000, 1.00000000
0.555555555556, 0.191919191919, 0.83970962, 1.00000000, 1.00000000, 1.00000000
0.555555555556, 0.202020202020, 0.83324306, 1.00000000, 1.00000000, 1.00000000
0.555555555556, 0.212121212121, 0.82744739, 1.00000000, 1.00000000, 1.00000000
0.555555555556, 0.222222222222, 0.82234562, 1.00000000, 1.00000000, 1.00000000
0.555555555556, 0.232323232323, 0.81795803, 1.00000000, 1.00000000, 1.00000000
0.555555555556, 0.242424242424, 0.81430205, 1.00000000, 1.00000000, 1.00000000
0.555555555556, 0.252525252525, 0.81139222, 1.00000000, 1.00000000, 1.00000000
0.555555555556, 0.262626262626, 0.80924015, 1.00000000, 1.00000000, 1.00000000
0.555555555556, 0.272727272727, 0.80785447, 1.00000000, 1.00000000, 1.00000000
0.555555555556, 0.282828282828, 0.80724078, 1.00000000, 1.00000000, 1.00000000
0.555555555556, 0.292929292929, 0.80740158, 1.00000000, 1.00000000, 1.00000000
0.555555555556, 0.303030303030, 0.80833615, 1.00000000, 1.00000000, 1.00000000
0.555555555556, 0.313131313131, 0.81004074, 1.00000000, 1.00000000, 1.00000000
0.555555555556, 0.323232323232, 0.81250857, 1.00000000, 1.00000000, 1.00000000
0.555555555556, 0.333333333333, 0.81572985, 1.00000000, 1.00000000, 1.00000000
0.555555555556, 0.343434343434, 0.81969182, 1.00000000, 1.00000000, 1.00000000
0.555555555556, 0.353535353535, 0.82437880, 1.00000000, 1.00000000, 1.00000000
0.555555555556, 0.363636363636, 0.82977220, 1.00000000, 1.00000000, 1.00000000
0.555555555556, 0.373737373737, 0.83585065, 1.00000000, 1.00000000, 1.00000000
0.555555555556, 0.383838383838, 0.84259003, 1.00000000, 1.00000000, 1.00000000
0.555555555556, 0.393939393939, 0.84996358, 1.00000000, 1.00000000, 1.00000000
0.555555555556, 0.404040404040, 0.85794198, 1.00000000, 1.00000000, 1.00000000
0.555555555556, 0.414141414141, 0.86649347, 1.00000000, 1.00000000, 1.00000000
0.555555555556, 0.424242424242, 0.87558398, 1.00000000, 1.00000000, 1.00000000
0.555555555556, 0.434343434343, 0.88517725, 1.00000000, 1.00000000, 1.00000000
0.555555555556, 0.444444444444, 0.89523496, 1.00000000, 1.00000000, 1.00000000
0.555555555556, 0.454545454545, 0.90571690, 1.00000000, 1.00000000, 1.00000000
0.555555555556, 0.464646464646, 0.91658111, 1.00000000, 1.00000000, 1.00000000
0.555555555556, 0.474747474747, 0.92778406, 1.00000000, 1.00000000, 1.00000000
0.555555555556, 0.484848484848, 0.93928082, 1.00000000, 1.00000000, 1.00000000
0.555555555556, 0.494949494949, 0.95102522, 1.00000000, 1.00000000, 1.00000000
0.555555555556, 0.505050505051, 0.96297005, 1.00000000, 1.00000000, 1.00000000
0.555555555556, 0.515151515152, 0.97506728, 1.00000000, 1.00000000, 1.00000000
0.555555555556, 0.525252525253, 0.98726819, 1.00000000, 1.00000000, 1.00000000
0.555555555556, 0.535353535354, 0.99952363, 1.00000000, 1.00000000, 1.00000000
0.555555555556, 0.545454545455, 1.01178417, 1.00000000, 1.00000000, 1.00000000
0.555555555556, 0.555555555556, 1.02400034, 1.00000000, 1.00000000, 1.00000000
0.555555555556, 0.565656565657, 1.03612281, 1.00000000, 1.00000000, 1.00000000
0.555555555556, 0.575757575758, 1.04810261, 1.00000000, 1.00000000, 1.00000000
0.555555555556, 0.585858585859, 1.05989131, 1.00000000, 1.00000000, 1.00000000
0.555555555556, 0.595959595960, 1.07144123, 1.00000000, 1.00000000, 1.00000000
0.555555555556, 0.606060606061, 1.08270564, 1.00000000, 1.00000000, 1.00000000
0.555555555556, 0.616161616162, 1.09363893, 1.00000000, 1.00000000, 1.00000000
0.555555555556, 0.626262626263, 1.10419683, 1.00000000, 1.00000000, 1.00000000
0.555555555556, 0.636363636364, 1.11433657, 1.00000000, 1.00000000, 1.00000000
0.555555555556, 0.646464646465, 1.12401706, 1.00000000, 1.00000000, 1.00000000
0.555555555556, 0.656565656566, 1.13319906, 1.00000000, 1.00000000, 1.00000000
0.555555555556, 0.666666666667, 1.14184536, 1.00000000, 1.00000000, 1.00000000
0.555555555556, 0.676767676768, 1.14992087, 1.00000000, 1.00000000, 1.00000000
0.555555555556, 0.686868686869, 1.15739286, 1.00000000, 1.00000000, 1.00000000
0.555555555556, 0.696969696970, 1.16423101, 1.00000000, 1.00000000, 1.00000000
0.555555555556, 0.707070707071, 1.17040758, 1.00000000, 1.00000000, 1.00000000
0.555555555556, 0.717171717172, 1.17589749, 1.00000000, 1.00000000, 1.00000000
0.555555555556, 0.727272727273, 1.18067846, 1.00000000, 1.00000000, 1.00000000
0.555555555556, 0.737373737374, 1.18473108, 1.00000000, 1.00000000, 1.00000000
0.555555555556, 0.747474747475, 1.18803889, 1.00000000, 1.00000000, 1.00000000
0.555555555556, 0.757575757576, 1.19058843, 1.00000000, 1.00000000, 1.00000000
0.555555555556, 0.767676767677, 1.19236933, 1.00000000, 1.00000000, 1.00000000
0.555555555556, 0.777777777778, 1.19337430, 1.00000000, 1.00000000, 1.00000000
0.555555555556, 0.787878787879, 1.19359921, 1.00000000, 1.00000000, 1.00000000
0.555555555556, 0.797979797980, 1.19304322, 1.00000000, 1.00000000, 1.00000000
0.555555555556, 0.808080808081, 1.19170866, 1.00000000, 1.00000000, 1.00000000
0.555555555556, 0.818181818182, 1.18960100, 1.00000000, 1.00000000, 1.00000000
0.555555555556, 0.828282828283, 1.18672886, 1.00000000, 1.00000000, 1.00000000
0.555555555556, 0.838383838384, 1.18310393, 1.00000000, 1.00000000, 1.00000000
0.555555555556, 0.848484848485, 1.17874097, 1.00000000, 1.00000000, 1.00000000
0.555555555556, 0.858585858586, 1.17365771, 1.00000000, 1.00000000, 1.00000000
0.555555555556, 0.868686868687, 1.16787480, 1.00000000, 1.00000000, 1.00000000
0.555555555556, 0.878787878788, 1.16141572, 1.00000000, 1.00000000, 1.00000000
0.555555555556, 0.888888888889, 1.15430672, 1.00000000, 1.00000000, 1.00000000
0.555555555556, 0.898989898990, 1.14657664, 1.00000000, 1.00000000, 1.00000000
0.555555555556, 0.909090909091, 1.13825686, 1.00000000, 1.00000000, 1.00000000
0.555555555556, 0.919191919192, 1.12938118, 1.00000000, 1.00000000, 1.00000000
0.555555555556, 0.929292929293, 1.11998574, 1.00000000, 1.00000000, 1.00000000
0.555555555556, 0.939393939394, 1.11010922, 1.00000000, 1.00000000, 1.00000000
0.555555555556, 0.949494949495, 1.09979340, 1.00000000, 1.00000000, 1.00000000
0.555555555556, 0.959595959596, 1.08908492, 1.00000000, 1.00000000, 1.00000000
0.565656565657, -0.000000000000, 1.01998060, 1.00000000, 1.00000000, 1.00000000
0.565656565657, 0.010101010101, 1.00855607, 1.00000000, 1.00000000, 1.00000000
0.565656565657, 0.020202020202, 0.99741495, 1.00000000, 1.00000000, 1.00000000
0.565656565657, 0.030303030303, 0.98655688, 1.00000000, 1.00000000, 1.00000000
0.565656565657, 0.040404040404, 0.97590657, 1.00000000, 1.00000000, 1.00000000
0.565656565657, 0.050505050505, 0.96534174, 1.00000000, 1.00000000, 1.00000000
0.565656565657, 0.060606060606, 0.95474308, 1.00000000, 1.00000000, 1.00000000
0.565656565657, 0.070707070707, 0.94404208, 1.00000000, 1.00000000, 1.00000000
0.565656565657, 0.080808080808, 0.93324424, 1.00000000, 1.00000000, 1.00000000
0.565656565657, 0.090909090909, 0.92242152, 1.00000000, 1.00000000, 1.00000000
0.565656565657, 0.101010101010, 0.91168445, 1.00000000, 1.00000000, 1.00000000
0.565656565657, 0.111111111111, 0.90115140, 1.00000000, 1.00000000, 1.00000000
0.565656565657, 0.121212121212, 0.89092770, 1.00000000, 1.00000000, 1.00000000
0.565656565657, 0.131313131313, 0.88109763, 1.00000000, 1.00000000, 1.00000000
0.565656565657, 0.141414141414, 0.87172591, 1.00000000, 1.00000000, 1.00000000
0.565656565657, 0.151515151515, 0.86286285, 1.00000000, 1.00000000, 1.00000000
0.565656565657, 0.161616161616, 0.85454951, 1.00000000, 1.00000000, 1.00000000
0.565656565657, 0.171717171717, 0.84682125, 1.00000000, 1.00000000, 1.00000000
0.565656565657, 0.181818181818, 0.83970960, 1.00000000, 1.00000000, 1.00000000
0.565656565657, 0.191919191919, 0.83324306, 1.00000000, 1.00000000, 1.00000000
0.565656565657, 0.202020202020, 0.82744739, 1.00000000, 1.00000000, 1.00000000
0.565656565657, 0.212121212121, 0.82234562, 1.00000000, 1.00000000, 1.00000000
0.565656565657, 0.222222222222, 0.81795803, 1.00000000, 1.00000000, 1.00000000
0.565656565657, 0.232323232323, 0.81430205, 1.00000000, 1.00000000, 1.00000000
0.565656565657, 0.242424242424, 0.81139222, 1.00000000, 1.00000000, 1.00000000
0.565656565657, 0.252525252525, 0.80924015, 1.00000000, 1.00000000, 1.00000000
0.565656565657, 0.262626262626, 0.80785447, 1.00000000, 1.00000000, 1.00000000
0.565656565657, 0.272727272727, 0.80724078, 1.00000000, 1.00000000, 1.00000000
0.565656565657, 0.282828282828, 0.80740158, 1.00000000, 1.00000000, 1.00000000
0.565656565657, 0.292929292929, 0.80833615, 1.00000000, 1.00000000, 1.00000000
0.565656565657, 0.303030303030, 0.81004074, 1.00000000, 1.00000000, 1.00000000
0.565656565657, 0.313131313131, 0.81250857, 1.00000000, 1.00000000, 1.00000000
0.565656565657, 0.323232323232, 0.81572985, 1.00000000, 1.00000000, 1.00000000
0.565656565657, 0.333333333333, 0.81969182, 1.00000000, 1.00000000, 1.00000000
0.565656565657, 0.343434343434, 0.82437880, 1.00000000, 1.00000000, 1.00000000
0.565656565657, 0.353535353535, 0.82977220, 1.00000000, 1.00000000, 1.00000000
0.565656565657, 0.363636363636, 0.83585065, 1.00000000, 1.00000000, 1.00000000
0.565656565657, 0.373737373737, 0.84259003, 1.00000000, 1.00000000, 1.00000000
0.565656565657, 0.383838383838, 0.84996358, 1.00000000, 1.00000000, 1.00000000
0.565656565657, 0.393939393939, 0.85794198, 1.00000000, 1.00000000, 1.00000000
0.565656565657, 0.404040404040, 0.86649347, 1.00000000, 1.00000000, 1.00000000
0.565656565657, 0.414141414141, 0.87558398, 1.00000000, 1.00000000, 1.00000000
0.565656565657, 0.424242424242, 0.88517725, 1.00000000, 1.00000000, 1.00000000
0.565656565657, 0.434343434343, 0.89523496, 1.00000000, 1.00000000, 1.00000000
0.565656565657, 0.444444444444, 0.90571690, 1.00000000, 1.00000000, 1.00000000
0.565656565657, 0.454545454545, 0.91658111, 1.00000000, 1.00000000, 1.00000000
0.565656565657, 0.464646464646, 0.92778406, 1.00000000, 1.00000000, 1.00000000
0.565656565657, 0.474747474747, 0.93928082, 1.00000000, 1.00000000, 1.00000000
0.565656565657, 0.484848484848, 0.95102522, 1.00000000, 1.00000000, 1.00000000
0.565656565657, 0.494949494949, 0.96297005, 1.00000000, 1.00000000, 1.00000000
0.565656565657, 0.505050505051, 0.97506728, 1.00000000, 1.00000000, 1.00000000
0.565656565657, 0.515151515152, 0.98726819, 1.00000000, 1.00000000, 1.00000000
0.565656565657, 0.525252525253, 0.99952363, 1.00000000, 1.00000000, 1.00000000
0.565656565657, 0.535353535354, 1.01178417, 1.00000000, 1.00000000, 1.00000000
0.565656565657, 0.545454545455, 1.02400034, 1.00000000, 1.00000000, 1.00000000
0.565656565657, 0.555555555556, 1.03612281, 1.00000000, 1.00000000, 1.00000000
0.565656565657, 0.565656565657, 1.04810261, 1.00000000, 1.00000000, 1.00000000
0.565656565657, 0.575757575758, 1.05989131, 1.00000000, 1.00000000, 1.00000000
0.565656565657, 0.585858585859, 1.07144123, 1.00000000, 1.00000000, 1.00000000
0.565656565657, 0.595959595960, 1.08270564, 1.00000000, 1.00000000, 1.00000000
0.565656565657, 0.606060606061, 1.09363893, 1.00000000, 1.00000000, 1.00000000
0.565656565657, 0.616161616162, 1.10419683, 1.00000000, 1.00000000, 1.00000000
0.565656565657, 0.626262626263, 1.11433657, 1.00000000, 1.00000000, 1.00000000
0.565656565657, 0.636363636364, 1.12401706, 1.00000000, 1.00000000, 1.00000000
0.565656565657, 0.646464646465, 1.13319906, 1.00000000, 1.00000000, 1.00000000
0.565656565657, 0.656565656566, 1.14184536, 1.00000000, 1.00000000, 1.00000000
0.565656565657, 0.666666666667, 1.14992087, 1.00000000, 1.00000000, 1.00000000
0.565656565657, 0.676767676768, 1.15739286, 1.00000000, 1.00000000, 1.00000000
0.565656565657, 0.686868686869, 1.16423101, 1.00000000, 1.00000000, 1.00000000
0.565656565657, 0.696969696970, 1.17040758, 1.00000000, 1.00000000, 1.00000000
0.565656565657, 0.707070707071, 1.17589749, 1.00000000, 1.00000000, 1.00000000
0.565656565657, 0.717171717172, 1.18067846, 1.00000000, 1.00000000, 1.00000000
0.565656565657, 0.727272727273, 1.18473108, 1.00000000, 1.00000000, 1.00000000
0.565656565657, 0.737373737374, 1.18803889, 1.00000000, 1.00000000, 1.00000000
0.565656565657, 0.747474747475, 1.19058843, 1.00000000, 1.00000000, 1.00000000
0.565656565657, 0.757575757576, 1.19236933, 1.00000000, 1.00000000, 1.00000000
0.565656565657, 0.767676767677, 1.19337430, 1.00000000, 1.00000000, 1.00000000
0.565656565657, 0.777777777778, 1.19359921, 1.00000000, 1.00000000, 1.00000000
0.565656565657, 0.787878787879, 1.19304322, 1.00000000, 1.00000000, 1.00000000
0.565656565657, 0.797979797980, 1.19170866, 1.00000000, 1.00000000, 1.00000000
0.565656565657, 0.808080808081, 1.18960100, 1.00000000, 1.00000000, 1.00000000
0.565656565657, 0.818181818182, 1.18672886, 1.00000000, 1.00000000, 1.00000000
0.565656565657, 0.828282828283, 1.18310393, 1.00000000, 1.00000000, 1.00000000
0.565656565657, 0.838383838384, 1.17874097, 1.00000000, 1.00000000, 1.00000000
0.565656565657, 0.848484848485, 1.17365771, 1.00000000, 1.00000000, 1.00000000
0.565656565657, 0.858585858586, 1.16787480, 1.00000000, 1.00000000, 1.00000000
0.565656565657, 0.868686868687, 1.16141572, 1.00000000, 1.00000000, 1.00000000
0.565656565657, 0.878787878788, 1.15430672, 1.00000000, 1.00000000, 1.00000000
0.565656565657, 0.888888888889, 1.14657664, 1.00000000, 1.00000000, 1.00000000
0.565656565657, 0.898989898990, 1.13825685, 1.00000000, 1.00000000, 1.00000000
0.565656565657, 0.909090909091, 1.12938111, 1.00000000, 1.00000000, 1.00000000
0.565656565657, 0.919191919192, 1.11998547, 1.00000000, 1.00000000, 1.00000000
0.565656565657, 0.929292929293, 1.11010817, 1.00000000, 1.00000000, 1.00000000
0.565656565657, 0.939393939394, 1.09978983, 1.00000000, 1.00000000, 1.00000000
0.565656565657, 0.949494949495, 1.08907403, 1.00000000, 1.00000000, 1.00000000
0.565656565657, 0.959595959596, 1.07800901, 1.00000000, 1.00000000, 1.00000000
0.575757575758, -0.000000000000, 1.00773089, 1.00000000, 1.00000000, 1.00000000
0.575757575758, 0.010101010101, 0.99626930, 1.00000000, 1.00000000, 1.00000000
0.575757575758, 0.020202020202, 0.98513229, 1.00000000, 1.00000000, 1.00000000
0.575757575758, 0.030303030303, 0.97431846, 1.00000000, 1.00000000, 1.00000000
0.575757575758, 0.040404040404, 0.96375291, 1.00000000, 1.00000000, 1.00000000
0.575757575758, 0.050505050505, 0.95331506, 1.00000000, 1.00000000, 1.00000000
0.575757575758, 0.060606060606, 0.94288783, 1.00000000, 1.00000000, 1.00000000
0.575757575758, 0.070707070707, 0.93240444, 1.00000000, 1.00000000, 1.00000000
0.575757575758, 0.080808080808, 0.92187111, 1.00000000, 1.00000000, 1.00000000
0.575757575758, 0.090909090909, 0.91135930, 1.00000000, 1.00000000, 1.00000000
0.575757575758, 0.101010101010, 0.90097825, 1.00000000, 1.00000000, 1.00000000
0.575757575758, 0.111111111111, 0.89084457, 1.00000000, 1.00000000, 1.00000000
0.575757575758, 0.121212121212, 0.88106168, 1.00000000, 1.00000000, 1.00000000
0.575757575758, 0.131313131313, 0.87171192, 1.00000000, 1.00000000, 1.00000000
0.575757575758, 0.141414141414, 0.86285795, 1.00000000, 1.00000000, 1.00000000
0.575757575758, 0.151515151515, 0.85454797, 1.00000000, 1.00000000, 1.00000000
0.575757575758, 0.161616161616, 0.84682082, 1.00000000, 1.00000000, 1.00000000
0.575757575758, 0.171717171717, 0.83970949, 1.00000000, 1.00000000, 1.00000000
0.575757575758, 0.181818181818, 0.83324303, 1.00000000, 1.00000000, 1.00000000
0.575757575758, 0.191919191919, 0.82744738, 1.00000000, 1.00000000, 1.00000000
0.575757575758, 0.202020202020, 0.82234562, 1.00000000, 1.00000000, 1.00000000
0.575757575758, 0.212121212121, 0.81795803, 1.00000000, 1.00000000, 1.00000000
0.575757575758, 0.222222222222, 0.81430205, 1.00000000, 1.00000000, 1.00000000
0.575757575758, 0.232323232323, 0.81139222, 1.00000000, 1.00000000, 1.00000000
0.575757575758, 0.242424242424, 0.80924015, 1.00000000, 1.00000000, 1.00000000
0.575757575758, 0.252525252525, 0.80785447, 1.00000000, 1.00000000, 1.00000000
0.575757575758, 0.262626262626, 0.80724078, 1.00000000, 1.00000000, 1.00000000
0.575757575758, 0.272727272727, 0.80740158, 1.00000000, 1.00000000, 1.00000000
0.575757575758, 0.282828282828, 0.80833615, 1.00000000, 1.00000000, 1.00000000
0.575757575758, 0.292929292929, 0.81004074, 1.00000000, 1.00000000, 1.00000000
0.575757575758, 0.303030303030, 0.81250857, 1.00000000, 1.00000000, 1.00000000
0.575757575758, 0.313131313131, 0.81572985, 1.00000000, 1.00000000, 1.00000000
0.575757575758, 0.323232323232, 0.81969182, 1.00000000, 1.00000000, 1.00000000
0.575757575758, 0.333333333333, 0.82437880, 1.00000000, 1.00000000, 1.00000000
0.575757575758, 0.343434343434, 0.82977220, 1.00000000, 1.00000000, 1.00000000
0.575757575758, 0.353535353535, 0.83585065, 1.00000000, 1.00000000, 1.00000000
0.575757575758, 0.363636363636, 0.84259003, 1.00000000, 1.00000000, 1.00000000
0.575757575758, 0.373737373737, 0.84996358, 1.00000000, 1.00000000, 1.00000000
0.575757575758, 0.383838383838, 0.85794198, 1.00000000, 1.00000000, 1.00000000
0.575757575758, 0.393939393939, 0.86649347, 1.00000000, 1.00000000, 1.00000000
0.575757575758, 0.404040404040, 0.87558398, 1.00000000, 1.00000000, 1.00000000
0.575757575758, 0.414141414141, 0.88517725, 1.00000000, 1.00000000, 1.00000000
0.575757575758, 0.424242424242, 0.89523496, 1.00000000, 1.00000000, 1.00000000
0.575757575758, 0.434343434343, 0.90571690, 1.00000000, 1.00000000, 1.00000000
0.575757575758, 0.444444444444, 0.91658111, 1.00000000, 1.00000000, 1.00000000
0.575757575758, 0.454545454545, 0.92778406, 1.00000000, 1.00000000, 1.00000000
0.575757575758, 0.464646464646, 0.93928082, 1.00000000, 1.00000000, 1.00000000
0.575757575758, 0.474747474747, 0.95102522, 1.00000000, 1.00000000, 1.00000000
0.575757575758, 0.484848484848, 0.96297005, 1.00000000, 1.00000000, 1.00000000
0.575757575758, 0.494949494949, 0.97506728, 1.00000000, 1.00000000, 1.00000000
0.575757575758, 0.505050505051, 0.98726819, 1.00000000, 1.00000000, 1.00000000
0.575757575758, 0.515151515152, 0.99952363, 1.00000000, 1.00000000, 1.00000000
0.575757575758, 0.525252525253, 1.01178417, 1.00000000, 1.00000000, 1.00000000
0.575757575758, 0.535353535354, 1.02400034, 1.00000000, 1.00000000, 1.00000000
0.575757575758, 0.545454545455, 1.03612281, 1.00000000, 1.00000000, 1.00000000
0.575757575758, 0.555555555556, 1.04810261, 1.00000000, 1.00000000, 1.00000000
0.575757575758, 0.565656565657, 1.05989131, 1.00000000, 1.00000000, 1.00000000
0.575757575758, 0.575757575758, 1.07144123, 1.00000000, 1.00000000, 1.00000000
0.575757575758, 0.585858585859, 1.08270564, 1.00000000, 1.00000000, 1.00000000
0.575757575758, 0.595959595960, 1.09363893, 1.00000000, 1.00000000, 1.00000000
0.575757575758, 0.606060606061, 1.10419683, 1.00000000, 1.00000000, 1.00000000
0.575757575758, 0.616161616162, 1.11433657, 1.00000000, 1.00000000, 1.00000000
0.575757575758, 0.626262626263, 1.12401706, 1.00000000, 1.00000000, 1.00000000
0.575757575758, 0.636363636364, 1.13319906, 1.00000000, 1.00000000, 1.00000000
0.575757575758, 0.646464646465, 1.14184536, 1.00000000, 1.00000000, 1.00000000
0.575757575758, 0.656565656566, 1.14992087, 1.00000000, 1.00000000, 1.00000000
0.575757575758, 0.666666666667, 1.15739286, 1.00000000, 1.00000000, 1.00000000
0.575757575758, 0.676767676768, 1.16423101, 1.00000000, 1.00000000, 1.00000000
0.575757575758, 0.686868686869, 1.17040758, 1.00000000, 1.00000000, 1.00000000
0.575757575758, 0.696969696970, 1.17589749, 1.00000000, 1.00000000, 1.00000000
0.575757575758, 0.707070707071, 1.18067846, 1.00000000, 1.00000000, 1.00000000
0.575757575758, 0.717171717172, 1.18473108, 1.00000000, 1.00000000, 1.00000000
0.575757575758, 0.727272727273, 1.18803889, 1.00000000, 1.00000000, 1.00000000
0.575757575758, 0.737373737374, 1.19058843, 1.00000000, 1.00000000, 1.00000000
0.575757575758, 0.747474747475, 1.19236933, 1.00000000, 1.00000000, 1.00000000
0.575757575758, 0.757575757576, 1.19337430, 1.00000000, 1.00000000, 1.00000000
0.575757575758, 0.767676767677, 1.19359921, 1.00000000, 1.00000000, 1.00000000
0.575757575758, 0.777777777778, 1.19304322, 1.00000000, 1.00000000, 1.00000000
0.575757575758, 0.787878787879, 1.19170866, 1.00000000, 1.00000000, 1.00000000
0.575757575758, 0.797979797980, 1.18960100, 1.00000000, 1.00000000, 1.00000000
0.575757575758, 0.808080808081, 1.18672886, 1.00000000, 1.00000000, 1.00000000
0.575757575758, 0.818181818182, 1.18310393, 1.00000000, 1.00000000, 1.00000000
0.575757575758, 0.828282828283, 1.17874097, 1.00000000, 1.00000000, 1.00000000
0.575757575758, 0.838383838384, 1.17365771, 1.00000000, 1.00000000, 1.00000000
0.575757575758, 0.848484848485, 1.16787480, 1.00000000, 1.00000000, 1.00000000
0.575757575758, 0.858585858586, 1.16141572, 1.00000000, 1.00000000, 1.00000000
0.575757575758, 0.868686868687, 1.15430672, 1.00000000, 1.00000000, 1.00000000
0.575757575758, 0.878787878788, 1.14657664, 1.00000000, 1.00000000, 1.00000000
0.575757575758, 0.888888888889, 1.13825684, 1.00000000, 1.00000000, 1.00000000
0.575757575758, 0.898989898990, 1.12938110, 1.00000000, 1.00000000, 1.00000000
0.575757575758, 0.909090909091, 1.11998540, 1.00000000, 1.00000000, 1.00000000
0.575757575758, 0.919191919192, 1.11010790, 1.00000000, 1.00000000, 1.00000000
0.575757575758, 0.929292929293, 1.09978877, 1.00000000, 1.00000000, 1.00000000
0.575757575758, 0.939393939394, 1.08907042, 1.00000000, 1.00000000, 1.00000000
0.575757575758, 0.949494949495, 1.07799803, 1.00000000, 1.00000000, 1.00000000
0.575757575758, 0.959595959596, 1.06662126, 1.00000000, 1.00000000, 1.00000000
0.585858585859, -0.000000000000, 0.99545313, 1.00000000, 1.00000000, 1.00000000
0.585858585859, 0.010101010101, 0.98400064, 1.00000000, 1.00000000, 1.00000000
0.585858585859, 0.020202020202, 0.97291257, 1.00000000, 1.00000000, 1.00000000
0.585858585859, 0.030303030303, 0.96218652, 1.00000000, 1.00000000, 1.00000000
0.585858585859, 0.040404040404, 0.95174830, 1.00000000, 1.00000000, 1.00000000
0.585858585859, 0.050505050505, 0.94147949, 1.00000000, 1.00000000, 1.00000000
0.585858585859, 0.060606060606, 0.93126565, 1.00000000, 1.00000000, 1.00000000
0.585858585859, 0.070707070707, 0.92104200, 1.00000000, 1.00000000, 1.00000000
0.585858585859, 0.080808080808, 0.91081541, 1.00000000, 1.00000000, 1.00000000
0.585858585859, 0.090909090909, 0.90065661, 1.00000000, 1.00000000, 1.00000000
0.585858585859, 0.101010101010, 0.89067307, 1.00000000, 1.00000000, 1.00000000
0.585858585859, 0.111111111111, 0.88097924, 1.00000000, 1.00000000, 1.00000000
0.585858585859, 0.121212121212, 0.87167621, 1.00000000, 1.00000000, 1.00000000
0.585858585859, 0.131313131313, 0.86284403, 1.00000000, 1.00000000, 1.00000000
0.585858585859, 0.141414141414, 0.85454310, 1.00000000, 1.00000000, 1.00000000
0.585858585859, 0.151515151515, 0.84681929, 1.00000000, 1.00000000, 1.00000000
0.585858585859, 0.161616161616, 0.83970906, 1.00000000, 1.00000000, 1.00000000
0.585858585859, 0.171717171717, 0.83324292, 1.00000000, 1.00000000, 1.00000000
0.585858585859, 0.181818181818, 0.82744736, 1.00000000, 1.00000000, 1.00000000
0.585858585859, 0.191919191919, 0.82234562, 1.00000000, 1.00000000, 1.00000000
0.585858585859, 0.202020202020, 0.81795803, 1.00000000, 1.00000000, 1.00000000
0.585858585859, 0.212121212121, 0.81430205, 1.00000000, 1.00000000, 1.00000000
0.585858585859, 0.222222222222, 0.81139222, 1.00000000, 1.00000000, 1.00000000
0.585858585859, 0.232323232323, 0.80924015, 1.00000000, 1.00000000, 1.00000000
0.585858585859, 0.242424242424, 0.80785447, 1.00000000, 1.00000000, 1.00000000
0.585858585859, 0.252525252525, 0.80724078, 1.00000000, 1.00000000, 1.00000000
0.585858585859, 0.262626262626, 0.80740158, 1.00000000, 1.00000000, 1.00000000
0.585858585859, 0.272727272727, 0.80833615, 1.00000000, 1.00000000, 1.00000000
0.585858585859, 0.282828282828, 0.81004074, 1.00000000, 1.00000000, 1.00000000
0.585858585859, 0.292929292929, 0.81250857, 1.00000000, 1.00000000, 1.00000000
0.585858585859, 0.303030303030, 0.81572985, 1.00000000, 1.00000000, 1.00000000
0.585858585859, 0.313131313131, 0.81969182, 1.00000000, 1.00000000, 1.00000000
0.585858585859, 0.323232323232, 0.82437880, 1.00000000, 1.00000000, 1.00000000
0.585858585859, 0.333333333333, 0.82977220, 1.00000000, 1.00000000, 1.00000000
0.585858585859, 0.343434343434, 0.83585065, 1.00000000, 1.00000000, 1.00000000
0.585858585859, 0.353535353535, 0.84259003, 1.00000000, 1.00000000, 1.00000000
0.585858585859, 0.363636363636, 0.84996358, 1.00000000, 1.00000000, 1.00000000
0.585858585859, 0.373737373737, 0.85794198, 1.00000000, 1.00000000, 1.00000000
0.585858585859, 0.383838383838, 0.86649347, 1.00000000, 1.00000000, 1.00000000
0.585858585859, 0.393939393939, 0.87558398, 1.00000000, 1.00000000, 1.00000000
0.585858585859, 0.404040404040, 0.88517725, 1.00000000, 1.00000000, 1.00000000
0.585858585859, 0.414141414141, 0.89523496, 1.00000000, 1.00000000, 1.00000000
0.585858585859, 0.424242424242, 0.90571690, 1.00000000, 1.00000000, 1.00000000
0.585858585859, 0.434343434343, 0.91658111, 1.00000000, 1.00000000, 1.00000000
0.585858585859, 0.444444444444, 0.92778406, 1.00000000, 1.00000000, 1.00000000
0.585858585859, 0.454545454545, 0.93928082, 1.00000000, 1.00000000, 1.00000000
0.585858585859, 0.464646464646, 0.95102522, 1.00000000, 1.00000000, 1.00000000
0.585858585859, 0.474747474747, 0.96297005, 1.00000000, 1.00000000, 1.00000000
0.585858585859, 0.484848484848, 0.97506728, 1.00000000, 1.00000000, 1.00000000
0.585858585859, 0.494949494949, 0.98726819, 1.00000000, 1.00000000, 1.00000000
0.585858585859, 0.505050505051, 0.99952363, 1.00000000, 1.00000000, 1.00000000
0.585858585859, 0.515151515152, 1.01178417, 1.00000000, 1.00000000, 1.00000000
0.585858585859, 0.525252525253, 1.02400034, 1.00000000, 1.00000000, 1.00000000
0.585858585859, 0.535353535354, 1.03612281, 1.00000000, 1.00000000, 1.00000000
0.585858585859, 0.545454545455, 1.04810261, 1.00000000, 1.00000000, 1.00000000
0.585858585859, 0.555555555556, 1.05989131, 1.00000000, 1.00000000, 1.00000000
0.585858585859, 0.565656565657, 1.07144123, 1.00000000, 1.00000000, 1.00000000
0.585858585859, 0.575757575758, 1.08270564, 1.00000000, 1.00000000, 1.00000000
0.585858585859, 0.585858585859, 1.09363893, 1.00000000, 1.00000000, 1.00000000
0.585858585859, 0.595959595960, 1.10419683, 1.00000000, 1.00000000, 1.00000000
0.585858585859, 0.606060606061, 1.11433657, 1.00000000, 1.00000000, 1.00000000
0.585858585859, 0.616161616162, 1.12401706, 1.00000000, 1.00000000, 1.00000000
0.585858585859, 0.626262626263, 1.13319906, 1.00000000, 1.00000000, 1.00000000
0.585858585859, 0.636363636364, 1.14184536, 1.00000000, 1.00000000, 1.00000000
0.585858585859, 0.646464646465, 1.14992087, 1.00000000, 1.00000000, 1.00000000
0.585858585859, 0.656565656566, 1.15739286, 1.00000000, 1.00000000, 1.00000000
0.585858585859, 0.666666666667, 1.16423101, 1.00000000, 1.00000000, 1.00000000
0.585858585859, 0.676767676768, 1.17040758, 1.00000000, 1.00000000, 1.00000000
0.585858585859, 0.686868686869, 1.17589749, 1.00000000, 1.00000000, 1.00000000
0.585858585859, 0.696969696970, 1.18067846, 1.00000000, 1.00000000, 1.00000000
0.585858585859, 0.707070707071, 1.18473108, 1.00000000, 1.00000000, 1.00000000
0.585858585859, 0.717171717172, 1.18803889, 1.00000000, 1.00000000, 1.00000000
0.585858585859, 0.727272727273, 1.19058843, 1.00000000, 1.00000000, 1.00000000
0.585858585859, 0.737373737374, 1.19236933, 1.00000000, 1.00000000, 1.00000000
0.585858585859, 0.747474747475, 1.19337430, 1.00000000, 1.00000000, 1.00000000
0.585858585859, 0.757575757576, 1.19359921, 1.00000000, 1.00000000, 1.00000000
0.585858585859, 0.767676767677, 1.19304322, 1.00000000, 1.00000000, 1.00000000
0.585858585859, 0.777777777778, 1.19170866, 1.00000000, 1.00000000, 1.00000000
0.585858585859, 0.787878787879, 1.18960100, 1.00000000, 1.00000000, 1.00000000
0.585858585859, 0.797979797980, 1.18672886, 1.00000000, 1.00000000, 1.00000000
0.585858585859, 0.808080808081, 1.18310393, 1.00000000, 1.00000000, 1.00000000
0.585858585859, 0.818181818182, 1.17874097, 1.00000000, 1.00000000, 1.00000000
0.585858585859, 0.828282828283, 1.17365771, 1.00000000, 1.00000000, 1.00000000
0.585858585859, 0.838383838384, 1.16787480, 1.00000000, 1.00000000, 1.00000000
0.585858585859, 0.848484848485, 1.16141572, 1.00000000, 1.00000000, 1.00000000
0.585858585859, 0.858585858586, 1.15430672, 1.00000000, 1.00000000, 1.00000000
0.585858585859, 0.868686868687, 1.14657664, 1.00000000, 1.00000000, 1.00000000
0.585858585859, 0.878787878788, 1.13825684, 1.00000000, 1.00000000, 1.00000000
0.585858585859, 0.888888888889, 1.12938109, 1.00000000, 1.00000000, 1.00000000
0.585858585859, 0.898989898990, 1.11998539, 1.00000000, 1.00000000, 1.00000000
0.585858585859, 0.909090909091, 1.11010783, 1.00000000, 1.00000000, 1.00000000
0.585858585859, 0.919191919192, 1.09978849, 1.00000000, 1.00000000, 1.00000000
0.585858585859, 0.929292929293, 1.08906935, 1.00000000, 1.00000000, 1.00000000
0.585858585859, 0.939393939394, 1.07799439, 1.00000000, 1.00000000, 1.00000000
0.585858585859, 0.949494949495, 1.06661023, 1.00000000, 1.00000000, 1.00000000
0.585858585859, 0.959595959596, 1.05496774, 1.00000000, 1.00000000, 1.00000000
0.595959595960, -0.000000000000, 0.98319675, 1.00000000, 1.00000000, 1.00000000
0.595959595960, 0.010101010101, 0.97179942, 1.00000000, 1.00000000, 1.00000000
0.595959595960, 0.020202020202, 0.96080492, 1.00000000, 1.00000000, 1.00000000
0.595959595960, 0.030303030303, 0.95020985, 1.00000000, 1.00000000, 1.00000000
0.595959595960, 0.040404040404, 0.93994102, 1.00000000, 1.00000000, 1.00000000
0.595959595960, 0.050505050505, 0.92988260, 1.00000000, 1.00000000, 1.00000000
0.595959595960, 0.060606060606, 0.91992324, 1.00000000, 1.00000000, 1.00000000
0.595959595960, 0.070707070707, 0.91000038, 1.00000000, 1.00000000, 1.00000000
0.595959595960, 0.080808080808, 0.90012150, 1.00000000, 1.00000000, 1.00000000
0.595959595960, 0.090909090909, 0.89035630, 1.00000000, 1.00000000, 1.00000000
0.595959595960, 0.101010101010, 0.88081015, 1.00000000, 1.00000000, 1.00000000
0.595959595960, 0.111111111111, 0.87159483, 1.00000000, 1.00000000, 1.00000000
0.595959595960, 0.121212121212, 0.86280874, 1.00000000, 1.00000000, 1.00000000
0.595959595960, 0.131313131313, 0.85452932, 1.00000000, 1.00000000, 1.00000000
0.595959595960, 0.141414141414, 0.84681445, 1.00000000, 1.00000000, 1.00000000
0.595959595960, 0.151515151515, 0.83970754, 1.00000000, 1.00000000, 1.00000000
0.595959595960, 0.161616161616, 0.83324250, 1.00000000, 1.00000000, 1.00000000
0.595959595960, 0.171717171717, 0.82744725, 1.00000000, 1.00000000, 1.00000000
0.595959595960, 0.181818181818, 0.82234559, 1.00000000, 1.00000000, 1.00000000
0.595959595960, 0.191919191919, 0.81795803, 1.00000000, 1.00000000, 1.00000000
0.595959595960, 0.202020202020, 0.81430205, 1.00000000, 1.00000000, 1.00000000
0.595959595960, 0.212121212121, 0.81139222, 1.00000000, 1.00000000, 1.00000000
0.595959595960, 0.222222222222, 0.80924015, 1.00000000, 1.00000000, 1.00000000
0.595959595960, 0.232323232323, 0.80785447, 1.00000000, 1.00000000, 1.00000000
0.595959595960, 0.242424242424, 0.80724078, 1.00000000, 1.00000000, 1.00000000
0.595959595960, 0.252525252525, 0.80740158, 1.00000000, 1.00000000, 1.00000000
0.595959595960, 0.262626262626, 0.80833615, 1.00000000, 1.00000000, 1.00000000
0.595959595960, 0.272727272727, 0.81004074, 1.00000000, 1.00000000, 1.00000000
0.595959595960, 0.282828282828, 0.81250857, 1.00000000, 1.00000000, 1.00000000
0.595959595960, 0.292929292929, 0.81572985, 1.00000000, 1.00000000, 1.00000000
0.595959595960, 0.303030303030, 0.81969182, 1.00000000, 1.00000000, 1.00000000
0.595959595960, 0.313131313131, 0.82437880, 1.00000000, 1.00000000, 1.00000000
0.595959595960, 0.323232323232, 0.82977220, 1.00000000, 1.00000000, 1.00000000
0.595959595960, 0.333333333333, 0.83585065, 1.00000000, 1.00000000, 1.00000000
0.595959595960, 0.343434343434, 0.84259003, 1.00000000, 1.00000000, 1.00000000
0.595959595960, 0.353535353535, 0.84996358, 1.00000000, 1.00000000, 1.00000000
0.595959595960, 0.363636363636, 0.85794198, 1.00000000, 1.00000000, 1.00000000
0.595959595960, 0.373737373737, 0.86649347, 1.00000000, 1.00000000, 1.00000000
0.595959595960, 0.383838383838, 0.87558398, 1.00000000, 1.00000000, 1.00000000
0.595959595960, 0.393939393939, 0.88517725, 1.00000000, 1.00000000, 1.00000000
0.595959595960, 0.404040404040, 0.89523496, 1.00000000, 1.00000000, 1.00000000
0.595959595960, 0.414141414141, 0.90571690, 1.00000000, 1.00000000, 1.00000000
0.595959595960, 0.424242424242, 0.91658111, 1.00000000, 1.00000000, 1.00000000
0.595959595960, 0.434343434343, 0.92778406, 1.00000000, 1.00000000, 1.00000000
0.595959595960, 0.444444444444, 0.93928082, 1.00000000, 1.00000000, 1.00000000
0.595959595960, 0.454545454545, 0.95102522, 1.00000000, 1.00000000, 1.00000000
0.595959595960, 0.464646464646, 0.96297005, 1.00000000, 1.00000000, 1.00000000
0.595959595960, 0.474747474747, 0.97506728, 1.00000000, 1.00000000, 1.00000000
0.595959595960, 0.484848484848, 0.98726819, 1.00000000, 1.00000000, 1.00000000
0.595959595960, 0.494949494949, 0.99952363, 1.00000000, 1.00000000, 1.00000000
0.595959595960, 0.505050505051, 1.01178417, 1.00000000, 1.00000000, 1.00000000
0.595959595960, 0.515151515152, 1.02400034, 1.00000000, 1.00000000, 1.00000000
0.595959595960, 0.525252525253, 1.03612281, 1.00000000, 1.00000000, 1.00000000
0.595959595960, 0.535353535354, 1.04810261, 1.00000000, 1.00000000, 1.00000000
0.595959595960, 0.545454545455, 1.05989131, 1.00000000, 1.00000000, 1.00000000
0.595959595960, 0.555555555556, 1.07144123, 1.00000000, 1.00000000, 1.00000000
0.595959595960, 0.565656565657, 1.08270564, 1.00000000, 1.00000000, 1.00000000
0.595959595960, 0.575757575758, 1.09363893, 1.00000000, 1.00000000, 1.00000000
0.595959595960, 0.585858585859, 1.10419683, 1.00000000, 1.00000000, 1.00000000
0.595959595960, 0.595959595960, 1.11433657, 1.00000000, 1.00000000, 1.00000000
0.595959595960, 0.606060606061, 1.12401706, 1.00000000, 1.00000000, 1.00000000
0.595959595960, 0.616161616162, 1.13319906, 1.00000000, 1.00000000, 1.00000000
0.595959595960, 0.626262626263, 1.14184536, 1.00000000, 1.00000000, 1.00000000
0.595959595960, 0.636363636364, 1.14992087, 1.00000000, 1.00000000, 1.00000000
0.595959595960, 0.646464646465, 1.15739286, 1.00000000, 1.00000000, 1.00000000
0.595959595960, 0.656565656566, 1.16423101, 1.00000000, 1.00000000, 1.00000000
0.595959595960, 0.666666666667, 1.17040758, 1.00000000, 1.00000000, 1.00000000
0.595959595960, 0.676767676768, 1.17589749, 1.00000000, 1.00000000, 1.00000000
0.595959595960, 0.686868686869, 1.18067846, 1.00000000, 1.00000000, 1.00000000
0.595959595960, 0.696969696970, 1.18473108, 1.00000000, 1.00000000, 1.00000000
0.595959595960, 0.707070707071, 1.18803889, 1.00000000, 1.00000000, 1.00000000
0.595959595960, 0.717171717172, 1.19058843, 1.00000000, 1.00000000, 1.00000000
0.595959595960, 0.727272727273, 1.19236933, 1.00000000, 1.00000000, 1.00000000
0.595959595960, 0.737373737374, 1.19337430, 1.00000000, 1.00000000, 1.00000000
0.595959595960, 0.747474747475, 1.19359921, 1.00000000, 1.00000000, 1.00000000
0.595959595960, 0.757575757576, 1.19304322, 1.00000000, 1.00000000, 1.00000000
0.595959595960, 0.767676767677, 1.19170866, 1.00000000, 1.00000000, 1.00000000
0.595959595960, 0.777777777778, 1.18960100, 1.00000000, 1.00000000, 1.00000000
0.595959595960, 0.787878787879, 1.18672886, 1.00000000, 1.00000000, 1.00000000
0.595959595960, 0.797979797980, 1.18310393, 1.00000000, 1.00000000, 1.00000000
0.595959595960, 0.808080808081, 1.17874097, 1.00000000, 1.00000000, 1.00000000
0.595959595960, 0.818181818182, 1.17365771, 1.00000000, 1.00000000, 1.00000000
0.595959595960, 0.828282828283, 1.16787480, 1.00000000, 1.00000000, 1.00000000
0.595959595960, 0.838383838384, 1.16141572, 1.00000000, 1.00000000, 1.00000000
0.595959595960, 0.848484848485, 1.15430672, 1.00000000, 1.00000000, 1.00000000
0.595959595960, 0.858585858586, 1.14657664, 1.00000000, 1.00000000, 1.00000000
0.595959595960, 0.868686868687, 1.13825684, 1.00000000, 1.00000000, 1.00000000
0.595959595960, 0.878787878788, 1.12938109, 1.00000000, 1.00000000, 1.00000000
0.595959595960, 0.888888888889, 1.11998539, 1.00000000, 1.00000000, 1.00000000
0.595959595960, 0.898989898990, 1.11010782, 1.00000000, 1.00000000, 1.00000000
0.595959595960, 0.909090909091, 1.09978842, 1.00000000, 1.00000000, 1.00000000
0.595959595960, 0.919191919192, 1.08906906, 1.00000000, 1.00000000, 1.00000000
0.595959595960, 0.929292929293, 1.07799331, 1.00000000, 1.00000000, 1.00000000
0.595959595960, 0.939393939394, 1.06660657, 1.00000000, 1.00000000, 1.00000000
0.595959595960, 0.949494949495, 1.05495670, 1.00000000, 1.00000000, 1.00000000
0.595959595960, 0.959595959596, 1.04309558, 1.00000000, 1.00000000, 1.00000000
0.606060606061, -0.000000000000, 0.97101105, 1.00000000, 1.00000000, 1.00000000
0.606060606061, 0.010101010101, 0.95971470, 1.00000000, 1.00000000, 1.00000000
0.606060606061, 0.020202020202, 0.94885798, 1.00000000, 1.00000000, 1.00000000
0.606060606061, 0.030303030303, 0.93843654, 1.00000000, 1.00000000, 1.00000000
0.606060606061, 0.040404040404, 0.92837847, 1.00000000, 1.00000000, 1.00000000
0.606060606061, 0.050505050505, 0.91857097, 1.00000000, 1.00000000, 1.00000000
0.606060606061, 0.060606060606, 0.90890613, 1.00000000, 1.00000000, 1.00000000
0.606060606061, 0.070707070707, 0.89932386, 1.00000000, 1.00000000, 1.00000000
0.606060606061, 0.080808080808, 0.88983220, 1.00000000, 1.00000000, 1.00000000
0.606060606061, 0.090909090909, 0.88049960, 1.00000000, 1.00000000, 1.00000000
0.606060606061, 0.101010101010, 0.87142888, 1.00000000, 1.00000000, 1.00000000
0.606060606061, 0.111111111111, 0.86272878, 1.00000000, 1.00000000, 1.00000000
0.606060606061, 0.121212121212, 0.85449460, 1.00000000, 1.00000000, 1.00000000
0.606060606061, 0.131313131313, 0.84680089, 1.00000000, 1.00000000, 1.00000000
0.606060606061, 0.141414141414, 0.83970277, 1.00000000, 1.00000000, 1.00000000
0.606060606061, 0.151515151515, 0.83324100, 1.00000000, 1.00000000, 1.00000000
0.606060606061, 0.161616161616, 0.82744683, 1.00000000, 1.00000000, 1.00000000
0.606060606061, 0.171717171717, 0.82234549, 1.00000000, 1.00000000, 1.00000000
0.606060606061, 0.181818181818, 0.81795800, 1.00000000, 1.00000000, 1.00000000
0.606060606061, 0.191919191919, 0.81430205, 1.00000000, 1.00000000, 1.00000000
0.606060606061, 0.202020202020, 0.81139222, 1.00000000, 1.00000000, 1.00000000
0.606060606061, 0.212121212121, 0.80924015, 1.00000000, 1.00000000, 1.00000000
0.606060606061, 0.222222222222, 0.80785447, 1.00000000, 1.00000000, 1.00000000
0.606060606061, 0.232323232323, 0.80724078, 1.00000000, 1.00000000, 1.00000000
0.606060606061, 0.242424242424, 0.80740158, 1.00000000, 1.00000000, 1.00000000
0.606060606061, 0.252525252525, 0.80833615, 1.00000000, 1.00000000, 1.00000000
0.606060606061, 0.262626262626, 0.81004074, 1.00000000, 1.00000000, 1.00000000
0.606060606061, 0.272727272727, 0.81250857, 1.00000000, 1.00000000, 1.00000000
0.606060606061, 0.282828282828, 0.81572985, 1.00000000, 1.00000000, 1.00000000
0.606060606061, 0.292929292929, 0.81969182, 1.00000000, 1.00000000, 1.00000000
0.606060606061, 0.303030303030, 0.82437880, 1.00000000, 1.00000000, 1.00000000
0.606060606061, 0.313131313131, 0.82977220, 1.00000000, 1.00000000, 1.00000000
0.606060606061, 0.323232323232, 0.83585065, 1.00000000, 1.00000000, 1.00000000
0.606060606061, 0.333333333333, 0.84259003, 1.00000000, 1.00000000, 1.00000000
0.606060606061, 0.343434343434, 0.84996358, 1.00000000, 1.00000000, 1.00000000
0.606060606061, 0.353535353535, 0.85794198, 1.00000000, 1.00000000, 1.00000000
0.606060606061, 0.363636363636, 0.86649347, 1.00000000, 1.00000000, 1.00000000
0.606060606061, 0.373737373737, 0.87558398, 1.00000000, 1.00000000, 1.00000000
0.606060606061, 0.383838383838, 0.88517725, 1.00000000, 1.00000000, 1.00000000
0.606060606061, 0.393939393939, 0.89523496, 1.00000000, 1.00000000, 1.00000000
0.606060606061, 0.404040404040, 0.90571690, 1.00000000, 1.00000000, 1.00000000
0.606060606061, 0.414141414141, 0.91658111, 1.00000000, 1.00000000, 1.00000000
0.606060606061, 0.424242424242, 0.92778406, 1.00000000, 1.00000000, 1.00000000
0.606060606061, 0.434343434343, 0.93928082, 1.00000000, 1.00000000, 1.00000000
0.606060606061, 0.444444444444, 0.95102522, 1.00000000, 1.00000000, 1.00000000
0.606060606061, 0.454545454545, 0.96297005, 1.00000000, 1.00000000, 1.00000000
0.606060606061, 0.464646464646, 0.97506728, 1.00000000, 1.00000000, 1.00000000
0.606060606061, 0.474747474747, 0.98726819, 1.00000000, 1.00000000, 1.00000000
0.606060606061, 0.484848484848, 0.99952363, 1.00000000, 1.00000000, 1.00000000
0.606060606061, 0.494949494949, 1.01178417, 1.00000000, 1.00000000, 1.00000000
0.606060606061, 0.505050505051, 1.02400034, 1.00000000, 1.00000000, 1.00000000
0.606060606061, 0.515151515152, 1.03612281, 1.00000000, 1.00000000, 1.00000000
0.606060606061, 0.525252525253, 1.04810261, 1.00000000, 1.00000000, 1.00000000
0.606060606061, 0.535353535354, 1.05989131, 1.00000000, 1.00000000, 1.00000000
0.606060606061, 0.545454545455, 1.07144123, 1.00000000, 1.00000000, 1.00000000
0.606060606061, 0.555555555556, 1.08270564, 1.00000000, 1.00000000, 1.00000000
0.606060606061, 0.565656565657, 1.09363893, 1.00000000, 1.00000000, 1.00000000
0.606060606061, 0.575757575758, 1.10419683, 1.00000000, 1.00000000, 1.00000000
0.606060606061, 0.585858585859, 1.11433657, 1.00000000, 1.00000000, 1.00000000
0.606060606061, 0.595959595960, 1.12401706, 1.00000000, 1.00000000, 1.00000000
0.606060606061, 0.606060606061, 1.13319906, 1.00000000, 1.00000000, 1.00000000
0.606060606061, 0.616161616162, 1.14184536, 1.00000000, 1.00000000, 1.00000000
0.606060606061, 0.626262626263, 1.14992087, 1.00000000, 1.00000000, 1.00000000
0.606060606061, 0.636363636364, 1.15739286, 1.00000000, 1.00000000, 1.00000000
0.606060606061, 0.646464646465, 1.16423101, 1.00000000, 1.00000000, 1.00000000
0.606060606061, 0.656565656566, 1.17040758, 1.00000000, 1.00000000, 1.00000000
0.606060606061, 0.666666666667, 1.17589749, 1.00000000, 1.00000000, 1.00000000
0.606060606061, 0.676767676768, 1.18067846, 1.00000000, 1.00000000, 1.00000000
0.606060606061, 0.686868686869, 1.18473108, 1.00000000, 1.00000000, 1.00000000
0.606060606061, 0.696969696970, 1.18803889, 1.00000000, 1.00000000, 1.00000000
0.606060606061, 0.707070707071, 1.19058843, 1.00000000, 1.00000000, 1.00000000
0.606060606061, 0.717171717172, 1.19236933, 1.00000000, 1.00000000, 1.00000000
0.606060606061, 0.727272727273, 1.19337430, 1.00000000, 1.00000000, 1.00000000
0.606060606061, 0.737373737374, 1.19359921, 1.00000000, 1.00000000, 1.00000000
0.606060606061, 0.747474747475, 1.19304322, 1.00000000, 1.00000000, 1.00000000
0.606060606061, 0.757575757576, 1.19170866, 1.00000000, 1.00000000, 1.00000000
0.606060606061, 0.767676767677, 1.18960100, 1.00000000, 1.00000000, 1.00000000
0.606060606061, 0.777777777778, 1.18672886, 1.00000000, 1.00000000, 1.00000000
0.606060606061, 0.787878787879, 1.18310393, 1.00000000, 1.00000000, 1.00000000
0.606060606061, 0.797979797980, 1.17874097, 1.00000000, 1.00000000, 1.00000000
0.606060606061, 0.808080808081, 1.17365771, 1.00000000, 1.00000000, 1.00000000
0.606060606061, 0.818181818182, 1.16787480, 1.00000000, 1.00000000, 1.00000000
0.606060606061, 0.828282828283, 1.16141572, 1.00000000, 1.00000000, 1.00000000
0.606060606061, 0.838383838384, 1.15430672, 1.00000000, 1.00000000, 1.00000000
0.606060606061, 0.848484848485, 1.14657664, 1.00000000, 1.00000000, 1.00000000
0.606060606061, 0.858585858586, 1.13825684, 1.00000000, 1.00000000, 1.00000000
0.606060606061, 0.868686868687, 1.12938109, 1.00000000, 1.00000000, 1.00000000
0.606060606061, 0.878787878788, 1.11998539, 1.00000000, 1.00000000, 1.00000000
0.606060606061, 0.888888888889, 1.11010781, 1.00000000, 1.00000000, 1.00000000
0.606060606061, 0.898989898990, 1.09978841, 1.00000000, 1.00000000, 1.00000000
0.606060606061, 0.909090909091, 1.08906899, 1.00000000, 1.00000000, 1.00000000
0.606060606061, 0.919191919192, 1.07799302, 1.00000000, 1.00000000, 1.00000000
0.606060606061, 0.929292929293, 1.06660549, 1.00000000, 1.00000000, 1.00000000
0.606060606061, 0.939393939394, 1.05495305, 1.00000000, 1.00000000, 1.00000000
0.606060606061, 0.949494949495, 1.04308458, 1.00000000, 1.00000000, 1.00000000
0.606060606061, 0.959595959596, 1.03105275, 1.00000000, 1.00000000, 1.00000000
0.616161616162, -0.000000000000, 0.95894503, 1.00000000, 1.00000000, 1.00000000
0.616161616162, 0.010101010101, 0.94779502, 1.00000000, 1.00000000, 1.00000000
0.616161616162, 0.020202020202, 0.93711972, 1.00000000, 1.00000000, 1.00000000
0.616161616162, 0.030303030303, 0.92691386, 1.00000000, 1.00000000, 1.00000000
0.616161616162, 0.040404040404, 0.91710706, 1.00000000, 1.00000000, 1.00000000
0.616161616162, 0.050505050505, 0.90758997, 1.00000000, 1.00000000, 1.00000000
0.616161616162, 0.060606060606, 0.89825850, 1.00000000, 1.00000000, 1.00000000
0.616161616162, 0.070707070707, 0.88905521, 1.00000000, 1.00000000, 1.00000000
0.616161616162, 0.080808080808, 0.87998870, 1.00000000, 1.00000000, 1.00000000
0.616161616162, 0.090909090909, 0.87112590, 1.00000000, 1.00000000, 1.00000000
0.616161616162, 0.101010101010, 0.86256672, 1.00000000, 1.00000000, 1.00000000
0.616161616162, 0.111111111111, 0.85441644, 1.00000000, 1.00000000, 1.00000000
0.616161616162, 0.121212121212, 0.84676692, 1.00000000, 1.00000000, 1.00000000
0.616161616162, 0.131313131313, 0.83968948, 1.00000000, 1.00000000, 1.00000000
0.616161616162, 0.141414141414, 0.83323633, 1.00000000, 1.00000000, 1.00000000
0.616161616162, 0.151515151515, 0.82744536, 1.00000000, 1.00000000, 1.00000000
0.616161616162, 0.161616161616, 0.82234507, 1.00000000, 1.00000000, 1.00000000
0.616161616162, 0.171717171717, 0.81795790, 1.00000000, 1.00000000, 1.00000000
0.616161616162, 0.181818181818, 0.81430202, 1.00000000, 1.00000000, 1.00000000
0.616161616162, 0.191919191919, 0.81139222, 1.00000000, 1.00000000, 1.00000000
0.616161616162, 0.202020202020, 0.80924015, 1.00000000, 1.00000000, 1.00000000
0.616161616162, 0.212121212121, 0.80785447, 1.00000000, 1.00000000, 1.00000000
0.616161616162, 0.222222222222, 0.80724078, 1.00000000, 1.00000000, 1.00000000
0.616161616162, 0.232323232323, 0.80740158, 1.00000000, 1.00000000, 1.00000000
0.616161616162, 0.242424242424, 0.80833615, 1.00000000, 1.00000000, 1.00000000
0.616161616162, 0.252525252525, 0.81004074, 1.00000000, 1.00000000, 1.00000000
0.616161616162, 0.262626262626, 0.81250857, 1.00000000, 1.00000000, 1.00000000
0.616161616162, 0.272727272727, 0.81572985, 1.00000000, 1.00000000, 1.00000000
0.616161616162, 0.282828282828, 0.81969182, 1.00000000, 1.00000000, 1.00000000
0.616161616162, 0.292929292929, 0.82437880, 1.00000000, 1.00000000, 1.00000000
0.616161616162, 0.303030303030, 0.82977220, 1.00000000, 1.00000000, 1.00000000
0.616161616162, 0.313131313131, 0.83585065, 1.00000000, 1.00000000, 1.00000000
0.616161616162, 0.323232323232, 0.84259003, 1.00000000, 1.00000000, 1.00000000
0.616161616162, 0.333333333333, 0.84996358, 1.00000000, 1.00000000, 1.00000000
0.616161616162, 0.343434343434, 0.85794198, 1.00000000, 1.00000000, 1.00000000
0.616161616162, 0.353535353535, 0.86649347, 1.00000000, 1.00000000, 1.00000000
0.616161616162, 0.363636363636, 0.87558398, 1.00000000, 1.00000000, 1.00000000
0.616161616162, 0.373737373737, 0.88517725, 1.00000000, 1.00000000, 1.00000000
0.616161616162, 0.383838383838, 0.89523496, 1.00000000, 1.00000000, 1.00000000
0.616161616162, 0.393939393939, 0.90571690, 1.00000000, 1.00000000, 1.00000000
0.616161616162, 0.404040404040, 0.91658111, 1.00000000, 1.00000000, 1.00000000
0.616161616162, 0.414141414141, 0.92778406, 1.00000000, 1.00000000, 1.00000000
0.616161616162, 0.424242424242, 0.93928082, 1.00000000, 1.00000000, 1.00000000
0.616161616162, 0.434343434343, 0.95102522, 1.00000000, 1.00000000, 1.00000000
0.616161616162, 0.444444444444, 0.96297005, 1.00000000, 1.00000000, 1.00000000
0.616161616162, 0.454545454545, 0.97506728, 1.00000000, 1.00000000, 1.00000000
0.616161616162, 0.464646464646, 0.98726819, 1.00000000, 1.00000000, 1.00000000
0.616161616162, 0.474747474747, 0.99952363, 1.00000000, 1.00000000, 1.00000000
0.616161616162, 0.484848484848, 1.01178417, 1.00000000, 1.00000000, 1.00000000
0.616161616162, 0.494949494949, 1.02400034, 1.00000000, 1.00000000, 1.00000000
0.616161616162, 0.505050505051, 1.03612281, 1.00000000, 1.00000000, 1.00000000
0.616161616162, 0.515151515152, 1.04810261, 1.00000000, 1.00000000, 1.00000000
0.616161616162, 0.525252525253, 1.05989131, 1.00000000, 1.00000000, 1.00000000
0.616161616162, 0.535353535354, 1.07144123, 1.00000000, 1.00000000, 1.00000000
0.616161616162, 0.545454545455, 1.08270564, 1.00000000, 1.00000000, 1.00000000
0.616161616162, 0.555555555556, 1.09363893, 1.00000000, 1.00000000, 1.00000000
0.616161616162, 0.565656565657, 1.10419683, 1.00000000, 1.00000000, 1.00000000
0.616161616162, 0.575757575758, 1.11433657, 1.00000000, 1.00000000, 1.00000000
0.616161616162, 0.585858585859, 1.12401706, 1.00000000, 1.00000000, 1.00000000
0.616161616162, 0.595959595960, 1.13319906, 1.00000000, 1.00000000, 1.00000000
0.616161616162, 0.606060606061, 1.14184536, 1.00000000, 1.00000000, 1.00000000
0.616161616162, 0.616161616162, 1.14992087, 1.00000000, 1.00000000, 1.00000000
0.616161616162, 0.626262626263, 1.15739286, 1.00000000, 1.00000000, 1.00000000
0.616161616162, 0.636363636364, 1.16423101, 1.00000000, 1.00000000, 1.00000000
0.616161616162, 0.646464646465, 1.17040758, 1.00000000, 1.00000000, 1.00000000
0.616161616162, 0.656565656566, 1.17589749, 1.00000000, 1.00000000, 1.00000000
0.616161616162, 0.666666666667, 1.18067846, 1.00000000, 1.00000000, 1.00000000
0.616161616162, 0.676767676768, 1.18473108, 1.00000000, 1.00000000, 1.00000000
0.616161616162, 0.686868686869, 1.18803889, 1.00000000, 1.00000000, 1.00000000
0.616161616162, 0.696969696970, 1.19058843, 1.00000000, 1.00000000, 1.00000000
0.616161616162, 0.707070707071, 1.19236933, 1.00000000, 1.00000000, 1.00000000
0.616161616162, 0.717171717172, 1.19337430, 1.00000000, 1.00000000, 1.00000000
0.616161616162, 0.727272727273, 1.19359921, 1.00000000, 1.00000000, 1.00000000
0.616161616162, 0.737373737374, 1.19304322, 1.00000000, 1.00000000, 1.00000000
0.616161616162, 0.747474747475, 1.19170866, 1.00000000, 1.00000000, 1.00000000
0.616161616162, 0.757575757576, 1.18960100, 1.00000000, 1.00000000, 1.00000000
0.616161616162, 0.767676767677, 1.18672886, 1.00000000, 1.00000000, 1.00000000
0.616161616162, 0.777777777778, 1.18310393, 1.00000000, 1.00000000, 1.00000000
0.616161616162, 0.787878787879, 1.17874097, 1.00000000, 1.00000000, 1.00000000
0.616161616162, 0.797979797980, 1.17365771, 1.00000000, 1.00000000, 1.00000000
0.616161616162, 0.808080808081, 1.16787480, 1.00000000, 1.00000000, 1.00000000
0.616161616162, 0.818181818182, 1.16141572, 1.00000000, 1.00000000, 1.00000000
0.616161616162, 0.828282828283, 1.15430672, 1.00000000, 1.00000000, 1.00000000
0.616161616162, 0.838383838384, 1.14657664, 1.00000000, 1.00000000, 1.00000000
0.616161616162, 0.848484848485, 1.13825684, 1.00000000, 1.00000000, 1.00000000
0.616161616162, 0.858585858586, 1.12938109, 1.00000000, 1.00000000, 1.00000000
0.616161616162, 0.868686868687, 1.11998539, 1.00000000, 1.00000000, 1.00000000
0.616161616162, 0.878787878788, 1.11010781, 1.00000000, 1.00000000, 1.00000000
0.616161616162, 0.888888888889, 1.09978841, 1.00000000, 1.00000000, 1.00000000
0.616161616162, 0.898989898990, 1.08906898, 1.00000000, 1.00000000, 1.00000000
0.616161616162, 0.909090909091, 1.07799295, 1.00000000, 1.00000000, 1.00000000
0.616161616162, 0.919191919192, 1.06660520, 1.00000000, 1.00000000, 1.00000000
0.616161616162, 0.929292929293, 1.05495196, 1.00000000, 1.00000000, 1.00000000
0.616161616162, 0.939393939394, 1.04308094, 1.00000000, 1.00000000, 1.00000000
0.616161616162, 0.949494949495, 1.03104184, 1.00000000, 1.00000000, 1.00000000
0.616161616162, 0.959595959596, 1.01888790, 1.00000000, 1.00000000, 1.00000000
0.626262626263, -0.000000000000, 0.94704715, 1.00000000, 1.00000000, 1.00000000
0.626262626263, 0.010101010101, 0.93608822, 1.00000000, 1.00000000, 1.00000000
0.626262626263, 0.020202020202, 0.92563721, 1.00000000, 1.00000000, 1.00000000
0.626262626263, 0.030303030303, 0.91568799, 1.00000000, 1.00000000, 1.00000000
0.626262626263, 0.040404040404, 0.90617198, 1.00000000, 1.00000000, 1.00000000
0.626262626263, 0.050505050505, 0.89698362, 1.00000000, 1.00000000, 1.00000000
0.626262626263, 0.060606060606, 0.88802301, 1.00000000, 1.00000000, 1.00000000
0.626262626263, 0.070707070707, 0.87923555, 1.00000000, 1.00000000, 1.00000000
0.626262626263, 0.080808080808, 0.87063036, 1.00000000, 1.00000000, 1.00000000
0.626262626263, 0.090909090909, 0.86227263, 1.00000000, 1.00000000, 1.00000000
0.626262626263, 0.101010101010, 0.85425900, 1.00000000, 1.00000000, 1.00000000
0.626262626263, 0.111111111111, 0.84669092, 1.00000000, 1.00000000, 1.00000000
0.626262626263, 0.121212121212, 0.83965643, 1.00000000, 1.00000000, 1.00000000
0.626262626263, 0.131313131313, 0.83322338, 1.00000000, 1.00000000, 1.00000000
0.626262626263, 0.141414141414, 0.82744080, 1.00000000, 1.00000000, 1.00000000
0.626262626263, 0.151515151515, 0.82234364, 1.00000000, 1.00000000, 1.00000000
0.626262626263, 0.161616161616, 0.81795750, 1.00000000, 1.00000000, 1.00000000
0.626262626263, 0.171717171717, 0.81430192, 1.00000000, 1.00000000, 1.00000000
0.626262626263, 0.181818181818, 0.81139219, 1.00000000, 1.00000000, 1.00000000
0.626262626263, 0.191919191919, 0.80924015, 1.00000000, 1.00000000, 1.00000000
0.626262626263, 0.202020202020, 0.80785447, 1.00000000, 1.00000000, 1.00000000
0.626262626263, 0.212121212121, 0.80724078, 1.00000000, 1.00000000, 1.00000000
0.626262626263, 0.222222222222, 0.80740158, 1.00000000, 1.00000000, 1.00000000
0.626262626263, 0.232323232323, 0.80833615, 1.00000000, 1.00000000, 1.00000000
0.626262626263, 0.242424242424, 0.81004074, 1.00000000, 1.00000000, 1.00000000
0.626262626263, 0.252525252525, 0.81250857, 1.00000000, 1.00000000, 1.00000000
0.626262626263, 0.262626262626, 0.81572985, 1.00000000, 1.00000000, 1.00000000
0.626262626263, 0.272727272727, 0.81969182, 1.00000000, 1.00000000, 1.00000000
0.626262626263, 0.282828282828, 0.82437880, 1.00000000, 1.00000000, 1.00000000
0.626262626263, 0.292929292929, 0.82977220, 1.00000000, 1.00000000, 1.00000000
0.626262626263, 0.303030303030, 0.83585065, 1.00000000, 1.00000000, 1.00000000
0.626262626263, 0.313131313131, 0.84259003, 1.00000000, 1.00000000, 1.00000000
0.626262626263, 0.323232323232, 0.84996358, 1.00000000, 1.00000000, 1.00000000
0.626262626263, 0.333333333333, 0.85794198, 1.00000000, 1.00000000, 1.00000000
0.626262626263, 0.343434343434, 0.86649347, 1.00000000, 1.00000000, 1.00000000
0.626262626263, 0.353535353535, 0.87558398, 1.00000000, 1.00000000, 1.00000000
0.626262626263, 0.363636363636, 0.88517725, 1.00000000, 1.00000000, 1.00000000
0.626262626263, 0.373737373737, 0.89523496, 1.00000000, 1.00000000, 1.00000000
0.626262626263, 0.383838383838, 0.90571690, 1.00000000, 1.00000000, 1.00000000
0.626262626263, 0.393939393939, 0.91658111, 1.00000000, 1.00000000, 1.00000000
0.626262626263, 0.404040404040, 0.92778406, 1.00000000, 1.00000000, 1.00000000
0.626262626263, 0.414141414141, 0.93928082, 1.00000000, 1.00000000, 1.00000000
0.626262626263, 0.424242424242, 0.95102522, 1.00000000, 1.00000000, 1.00000000
0.626262626263, 0.434343434343, 0.96297005, 1.00000000, 1.00000000, 1.00000000
0.626262626263, 0.444444444444, 0.97506728, 1.00000000, 1.00000000, 1.00000000
0.626262626263, 0.454545454545, 0.98726819, 1.00000000, 1.00000000, 1.00000000
0.626262626263, 0.464646464646, 0.99952363, 1.00000000, 1.00000000, 1.00000000
0.626262626263, 0.474747474747, 1.01178417, 1.00000000, 1.00000000, 1.00000000
0.626262626263, 0.484848484848, 1.02400034, 1.00000000, 1.00000000, 1.00000000
0.626262626263, 0.494949494949, 1.03612281, 1.00000000, 1.00000000, 1.00000000
0.626262626263, 0.505050505051, 1.04810261, 1.00000000, 1.00000000, 1.00000000
0.626262626263, 0.515151515152, 1.05989131, 1.00000000, 1.00000000, 1.00000000
0.626262626263, 0.525252525253, 1.07144123, 1.00000000, 1.00000000, 1.00000000
0.626262626263, 0.535353535354, 1.08270564, 1.00000000, 1.00000000, 1.00000000
0.626262626263, 0.545454545455, 1.09363893, 1.00000000, 1.00000000, 1.00000000
0.626262626263, 0.555555555556, 1.10419683, 1.00000000, 1.00000000, 1.00000000
0.626262626263, 0.565656565657, 1.11433657, 1.00000000, 1.00000000, 1.00000000
0.626262626263, 0.575757575758, 1.12401706, 1.00000000, 1.00000000, 1.00000000
0.626262626263, 0.585858585859, 1.13319906, 1.00000000, 1.00000000, 1.00000000
0.626262626263, 0.595959595960, 1.14184536, 1.00000000, 1.00000000, 1.00000000
0.626262626263, 0.606060606061, 1.14992087, 1.00000000, 1.00000000, 1.00000000
0.626262626263, 0.616161616162, 1.15739286, 1.00000000, 1.00000000, 1.00000000
0.626262626263, 0.626262626263, 1.16423101, 1.00000000, 1.00000000, 1.00000000
0.626262626263, 0.636363636364, 1.17040758, 1.00000000, 1.00000000, 1.00000000
0.626262626263, 0.646464646465, 1.17589749, 1.00000000, 1.00000000, 1.00000000
0.626262626263, 0.656565656566, 1.18067846, 1.00000000, 1.00000000, 1.00000000
0.626262626263, 0.666666666667, 1.18473108, 1.00000000, 1.00000000, 1.00000000
0.626262626263, 0.676767676768, 1.18803889, 1.00000000, 1.00000000, 1.00000000
0.626262626263, 0.686868686869, 1.19058843, 1.00000000, 1.00000000, 1.00000000
0.626262626263, 0.696969696970, 1.19236933, 1.00000000, 1.00000000, 1.00000000
0.626262626263, 0.707070707071, 1.19337430, 1.00000000, 1.00000000, 1.00000000
0.626262626263, 0.717171717172, 1.19359921, 1.00000000, 1.00000000, 1.00000000
0.626262626263, 0.727272727273, 1.19304322, 1.00000000, 1.00000000, 1.00000000
0.626262626263, 0.737373737374, 1.19170866, 1.00000000, 1.00000000, 1.00000000
0.626262626263, 0.747474747475, 1.18960100, 1.00000000, 1.00000000, 1.00000000
0.626262626263, 0.757575757576, 1.18672886, 1.00000000, 1.00000000, 1.00000000
0.626262626263, 0.767676767677, 1.18310393, 1.00000000, 1.00000000, 1.00000000
0.626262626263, 0.777777777778, 1.17874097, 1.00000000, 1.00000000, 1.00000000
0.626262626263, 0.787878787879, 1.17365771, 1.00000000, 1.00000000, 1.00000000
0.626262626263, 0.797979797980, 1.16787480, 1.00000000, 1.00000000, 1.00000000
0.626262626263, 0.808080808081, 1.16141572, 1.00000000, 1.00000000, 1.00000000
0.626262626263, 0.818181818182, 1.15430672, 1.00000000, 1.00000000, 1.00000000
0.626262626263, 0.828282828283, 1.14657664, 1.00000000, 1.00000000, 1.00000000
0.626262626263, 0.838383838384, 1.13825684, 1.00000000, 1.00000000, 1.00000000
0.626262626263, 0.848484848485, 1.12938109, 1.00000000, 1.00000000, 1.00000000
0.626262626263, 0.858585858586, 1.11998539, 1.00000000, 1.00000000, 1.00000000
0.626262626263, 0.868686868687, 1.11010781, 1.00000000, 1.00000000, 1.00000000
0.626262626263, 0.878787878788, 1.09978841, 1.00000000, 1.00000000, 1.00000000
0.626262626263, 0.888888888889, 1.08906898, 1.00000000, 1.00000000, 1.00000000
0.626262626263, 0.898989898990, 1.07799293, 1.00000000, 1.00000000, 1.00000000
0.626262626263, 0.909090909091, 1.06660513, 1.00000000, 1.00000000, 1.00000000
0.626262626263, 0.919191919192, 1.05495168, 1.00000000, 1.00000000, 1.00000000
0.626262626263, 0.929292929293, 1.04307986, 1.00000000, 1.00000000, 1.00000000
0.626262626263, 0.939393939394, 1.03103824, 1.00000000, 1.00000000, 1.00000000
0.626262626263, 0.949494949495, 1.01887713, 1.00000000, 1.00000000, 1.00000000
0.626262626263, 0.959595959596, 1.00665012, 1.00000000, 1.00000000, 1.00000000
0.636363636364, -0.000000000000, 0.93536516, 1.00000000, 1.00000000, 1.00000000
0.636363636364, 0.010101010101, 0.92464124, 1.00000000, 1.00000000, 1.00000000
0.636363636364, 0.020202020202, 0.91445648, 1.00000000, 1.00000000, 1.00000000
0.636363636364, 0.030303030303, 0.90480392, 1.00000000, 1.00000000, 1.00000000
0.636363636364, 0.040404040404, 0.89561702, 1.00000000, 1.00000000, 1.00000000
0.636363636364, 0.050505050505, 0.88679438, 1.00000000, 1.00000000, 1.00000000
0.636363636364, 0.060606060606, 0.87824060, 1.00000000, 1.00000000, 1.00000000
0.636363636364, 0.070707070707, 0.86990412, 1.00000000, 1.00000000, 1.00000000
0.636363636364, 0.080808080808, 0.86179455, 1.00000000, 1.00000000, 1.00000000
0.636363636364, 0.090909090909, 0.85397510, 1.00000000, 1.00000000, 1.00000000
0.636363636364, 0.101010101010, 0.84653883, 1.00000000, 1.00000000, 1.00000000
0.636363636364, 0.111111111111, 0.83958296, 1.00000000, 1.00000000, 1.00000000
0.636363636364, 0.121212121212, 0.83319141, 1.00000000, 1.00000000, 1.00000000
0.636363636364, 0.131313131313, 0.82742828, 1.00000000, 1.00000000, 1.00000000
0.636363636364, 0.141414141414, 0.82233923, 1.00000000, 1.00000000, 1.00000000
0.636363636364, 0.151515151515, 0.81795611, 1.00000000, 1.00000000, 1.00000000
0.636363636364, 0.161616161616, 0.81430153, 1.00000000, 1.00000000, 1.00000000
0.636363636364, 0.171717171717, 0.81139210, 1.00000000, 1.00000000, 1.00000000
0.636363636364, 0.181818181818, 0.80924013, 1.00000000, 1.00000000, 1.00000000
0.636363636364, 0.191919191919, 0.80785446, 1.00000000, 1.00000000, 1.00000000
0.636363636364, 0.202020202020, 0.80724078, 1.00000000, 1.00000000, 1.00000000
0.636363636364, 0.212121212121, 0.80740158, 1.00000000, 1.00000000, 1.00000000
0.636363636364, 0.222222222222, 0.80833615, 1.00000000, 1.00000000, 1.00000000
0.636363636364, 0.232323232323, 0.81004074, 1.00000000, 1.00000000, 1.00000000
0.636363636364, 0.242424242424, 0.81250857, 1.00000000, 1.00000000, 1.00000000
0.636363636364, 0.252525252525, 0.81572985, 1.00000000, 1.00000000, 1.00000000
0.636363636364, 0.262626262626, 0.81969182, 1.00000000, 1.00000000, 1.00000000
0.636363636364, 0.272727272727, 0.82437880, 1.00000000, 1.00000000, 1.00000000
0.636363636364, 0.282828282828, 0.82977220, 1.00000000, 1.00000000, 1.00000000
0.636363636364, 0.292929292929, 0.83585065, 1.00000000, 1.00000000, 1.00000000
0.636363636364, 0.303030303030, 0.84259003, 1.00000000, 1.00000000, 1.00000000
0.636363636364, 0.313131313131, 0.84996358, 1.00000000, 1.00000000, 1.00000000
0.636363636364, 0.323232323232, 0.85794198, 1.00000000, 1.00000000, 1.00000000
0.636363636364, 0.333333333333, 0.86649347, 1.00000000, 1.00000000, 1.00000000
0.636363636364, 0.343434343434, 0.87558398, 1.00000000, 1.00000000, 1.00000000
0.636363636364, 0.353535353535, 0.88517725, 1.00000000, 1.00000000, 1.00000000
0.636363636364, 0.363636363636, 0.89523496, 1.00000000, 1.00000000, 1.00000000
0.636363636364, 0.373737373737, 0.90571690, 1.00000000, 1.00000000, 1.00000000
0.636363636364, 0.383838383838, 0.91658111, 1.00000000, 1.00000000, 1.00000000
0.636363636364, 0.393939393939, 0.92778406, 1.00000000, 1.00000000, 1.00000000
0.636363636364, 0.404040404040, 0.93928082, 1.00000000, 1.00000000, 1.00000000
0.636363636364, 0.414141414141, 0.95102522, 1.00000000, 1.00000000, 1.00000000
0.636363636364, 0.424242424242, 0.96297005, 1.00000000, 1.00000000, 1.00000000
0.636363636364, 0.434343434343, 0.97506728, 1.00000000, 1.00000000, 1.00000000
0.636363636364, 0.444444444444, 0.98726819, 1.00000000, 1.00000000, 1.00000000
0.636363636364, 0.454545454545, 0.99952363, 1.00000000, 1.00000000, 1.00000000
0.636363636364, 0.464646464646, 1.01178417, 1.00000000, 1.00000000, 1.00000000
0.636363636364, 0.474747474747, 1.02400034, 1.00000000, 1.00000000, 1.00000000
0.636363636364, 0.484848484848, 1.03612281, 1.00000000, 1.00000000, 1.00000000
0.636363636364, 0.494949494949, 1.04810261, 1.00000000, 1.00000000, 1.00000000
0.636363636364, 0.505050505051, 1.05989131, 1.00000000, 1.00000000, 1.00000000
0.636363636364, 0.515151515152, 1.07144123, 1.00000000, 1.00000000, 1.00000000
0.636363636364, 0.525252525253, 1.08270564, 1.00000000, 1.00000000, 1.00000000
0.636363636364, 0.535353535354, 1.09363893, 1.00000000, 1.00000000, 1.00000000
0.636363636364, 0.545454545455, 1.10419683, 1.00000000, 1.00000000, 1.00000000
0.636363636364, 0.555555555556, 1.11433657, 1.00000000, 1.00000000, 1.00000000
0.636363636364, 0.565656565657, 1.12401706, 1.00000000, 1.00000000, 1.00000000
0.636363636364, 0.575757575758, 1.13319906, 1.00000000, 1.00000000, 1.00000000
0.636363636364, 0.585858585859, 1.14184536, 1.00000000, 1.00000000, 1.00000000
0.636363636364, 0.595959595960, 1.14992087, 1.00000000, 1.00000000, 1.00000000
0.636363636364, 0.606060606061, 1.15739286, 1.00000000, 1.00000000, 1.00000000
0.636363636364, 0.616161616162, 1.16423101, 1.00000000, 1.00000000, 1.00000000
0.636363636364, 0.626262626263, 1.17040758, 1.00000000, 1.00000000, 1.00000000
0.636363636364, 0.636363636364, 1.17589749, 1.00000000, 1.00000000, 1.00000000
0.636363636364, 0.646464646465, 1.18067846, 1.00000000, 1.00000000, 1.00000000
0.636363636364, 0.656565656566, 1.18473108, 1.00000000, 1.00000000, 1.00000000
0.636363636364, 0.666666666667, 1.18803889, 1.00000000, 1.00000000, 1.00000000
0.636363636364, 0.676767676768, 1.19058843, 1.00000000, 1.00000000, 1.00000000
0.636363636364, 0.686868686869, 1.19236933, 1.00000000, 1.00000000, 1.00000000
0.636363636364, 0.696969696970, 1.19337430, 1.00000000, 1.00000000, 1.00000000
0.636363636364, 0.707070707071, 1.19359921, 1.00000000, 1.00000000, 1.00000000
0.636363636364, 0.717171717172, 1.19304322, 1.00000000, 1.00000000, 1.00000000
0.636363636364, 0.727272727273, 1.19170866, 1.00000000, 1.00000000, 1.00000000
0.636363636364, 0.737373737374, 1.18960100, 1.00000000, 1.00000000, 1.00000000
0.636363636364, 0.747474747475, 1.18672886, 1.00000000, 1.00000000, 1.00000000
0.636363636364, 0.757575757576, 1.18310393, 1.00000000, 1.00000000, 1.00000000
0.636363636364, 0.767676767677, 1.17874097, 1.00000000, 1.00000000, 1.00000000
0.636363636364, 0.777777777778, 1.17365771, 1.00000000, 1.00000000, 1.00000000
0.636363636364, 0.787878787879, 1.16787480, 1.00000000, 1.00000000, 1.00000000
0.636363636364, 0.797979797980, 1.16141572, 1.00000000, 1.00000000, 1.00000000
0.636363636364, 0.808080808081, 1.15430672, 1.00000000, 1.00000000, 1.00000000
0.636363636364, 0.818181818182, 1.14657664, 1.00000000, 1.00000000, 1.00000000
0.636363636364, 0.828282828283, 1.13825684, 1.00000000, 1.00000000, 1.00000000
0.636363636364, 0.838383838384, 1.12938109, 1.00000000, 1.00000000, 1.00000000
0.636363636364, 0.848484848485, 1.11998539, 1.00000000, 1.00000000, 1.00000000
0.636363636364, 0.858585858586, 1.11010781, 1.00000000, 1.00000000, 1.00000000
0.636363636364, 0.868686868687, 1.09978841, 1.00000000, 1.00000000, 1.00000000
0.636363636364, 0.878787878788, 1.08906897, 1.00000000, 1.00000000, 1.00000000
0.636363636364, 0.888888888889, 1.07799293, 1.00000000, 1.00000000, 1.00000000
0.636363636364, 0.898989898990, 1.06660511, 1.00000000, 1.00000000, 1.00000000
0.636363636364, 0.909090909091, 1.05495161, 1.00000000, 1.00000000, 1.00000000
0.636363636364, 0.919191919192, 1.04307958, 1.00000000, 1.00000000, 1.00000000
0.636363636364, 0.929292929293, 1.03103717, 1.00000000, 1.00000000, 1.00000000
0.636363636364, 0.939393939394, 1.01887358, 1.00000000, 1.00000000, 1.00000000
0.636363636364, 0.949494949495, 1.00663954, 1.00000000, 1.00000000, 1.00000000
0.636363636364, 0.959595959596, 0.99438878, 1.00000000, 1.00000000, 1.00000000
0.646464646465, -0.000000000000, 0.92394592, 1.00000000, 1.00000000, 1.00000000
0.646464646465, 0.010101010101, 0.91349994, 1.00000000, 1.00000000, 1.00000000
0.646464646465, 0.020202020202, 0.90362229, 1.00000000, 1.00000000, 1.00000000
0.646464646465, 0.030303030303, 0.89430519, 1.00000000, 1.00000000, 1.00000000
0.646464646465, 0.040404040404, 0.88548440, 1.00000000, 1.00000000, 1.00000000
0.646464646465, 0.050505050505, 0.87706299, 1.00000000, 1.00000000, 1.00000000
0.646464646465, 0.060606060606, 0.86895037, 1.00000000, 1.00000000, 1.00000000
0.646464646465, 0.070707070707, 0.86109818, 1.00000000, 1.00000000, 1.00000000
0.646464646465, 0.080808080808, 0.85351650, 1.00000000, 1.00000000, 1.00000000
0.646464646465, 0.090909090909, 0.84626637, 1.00000000, 1.00000000, 1.00000000
0.646464646465, 0.101010101010, 0.83943693, 1.00000000, 1.00000000, 1.00000000
0.646464646465, 0.111111111111, 0.83312083, 1.00000000, 1.00000000, 1.00000000
0.646464646465, 0.121212121212, 0.82739755, 1.00000000, 1.00000000, 1.00000000
0.646464646465, 0.131313131313, 0.82232719, 1.00000000, 1.00000000, 1.00000000
0.646464646465, 0.141414141414, 0.81795187, 1.00000000, 1.00000000, 1.00000000
0.646464646465, 0.151515151515, 0.81430019, 1.00000000, 1.00000000, 1.00000000
0.646464646465, 0.161616161616, 0.81139172, 1.00000000, 1.00000000, 1.00000000
0.646464646465, 0.171717171717, 0.80924003, 1.00000000, 1.00000000, 1.00000000
0.646464646465, 0.181818181818, 0.80785444, 1.00000000, 1.00000000, 1.00000000
0.646464646465, 0.191919191919, 0.80724078, 1.00000000, 1.00000000, 1.00000000
0.646464646465, 0.202020202020, 0.80740158, 1.00000000, 1.00000000, 1.00000000
0.646464646465, 0.212121212121, 0.80833615, 1.00000000, 1.00000000, 1.00000000
0.646464646465, 0.222222222222, 0.81004074, 1.00000000, 1.00000000, 1.00000000
0.646464646465, 0.232323232323, 0.81250857, 1.00000000, 1.00000000, 1.00000000
0.646464646465, 0.242424242424, 0.81572985, 1.00000000, 1.00000000, 1.00000000
0.646464646465, 0.252525252525, 0.81969182, 1.00000000, 1.00000000, 1.00000000
0.646464646465, 0.262626262626, 0.82437880, 1.00000000, 1.00000000, 1.00000000
0.646464646465, 0.272727272727, 0.82977220, 1.00000000, 1.00000000, 1.00000000
0.646464646465, 0.282828282828, 0.83585065, 1.00000000, 1.00000000, 1.00000000
0.646464646465, 0.292929292929, 0.84259003, 1.00000000, 1.00000000, 1.00000000
0.646464646465, 0.303030303030, 0.84996358, 1.00000000, 1.00000000, 1.00000000
0.646464646465, 0.313131313131, 0.85794198, 1.00000000, 1.00000000, 1.00000000
0.646464646465, 0.323232323232, 0.86649347, 1.00000000, 1.00000000, 1.00000000
0.646464646465, 0.333333333333, 0.87558398, 1.00000000, 1.00000000, 1.00000000
0.646464646465, 0.343434343434, 0.88517725, 1.00000000, 1.00000000, 1.00000000
0.646464646465, 0.353535353535, 0.89523496, 1.00000000, 1.00000000, 1.00000000
0.646464646465, 0.363636363636, 0.90571690, 1.00000000, 1.00000000, 1.00000000
0.646464646465, 0.373737373737, 0.91658111, 1.00000000, 1.00000000, 1.00000000
0.646464646465, 0.383838383838, 0.92778406, 1.00000000, 1.00000000, 1.00000000
0.646464646465, 0.393939393939, 0.93928082, 1.00000000, 1.00000000, 1.00000000
0.646464646465, 0.404040404040, 0.95102522, 1.00000000, 1.00000000, 1.00000000
0.646464646465, 0.414141414141, 0.96297005, 1.00000000, 1.00000000, 1.00000000
0.646464646465, 0.424242424242, 0.97506728, 1.00000000, 1.00000000, 1.00000000
0.646464646465, 0.434343434343, 0.98726819, 1.00000000, 1.00000000, 1.00000000
0.646464646465, 0.444444444444, 0.99952363, 1.00000000, 1.00000000, 1.00000000
0.646464646465, 0.454545454545, 1.01178417, 1.00000000, 1.00000000, 1.00000000
0.646464646465, 0.464646464646, 1.02400034, 1.00000000, 1.00000000, 1.00000000
0.646464646465, 0.474747474747, 1.03612281, 1.00000000, 1.00000000, 1.00000000
0.646464646465, 0.484848484848, 1.04810261, 1.00000000, 1.00000000, 1.00000000
0.646464646465, 0.494949494949, 1.05989131, 1.00000000, 1.00000000, 1.00000000
0.646464646465, 0.505050505051, 1.07144123, 1.00000000, 1.00000000, 1.00000000
0.646464646465, 0.515151515152, 1.08270564, 1.00000000, 1.00000000, 1.00000000
0.646464646465, 0.525252525253, 1.09363893, 1.00000000, 1.00000000, 1.00000000
0.646464646465, 0.535353535354, 1.10419683, 1.00000000, 1.00000000, 1.00000000
0.646464646465, 0.545454545455, 1.11433657, 1.00000000, 1.00000000, 1.00000000
0.646464646465, 0.555555555556, 1.12401706, 1.00000000, 1.00000000, 1.00000000
0.646464646465, 0.565656565657, 1.13319906, 1.00000000, 1.00000000, 1.00000000
0.646464646465, 0.575757575758, 1.14184536, 1.00000000, 1.00000000, 1.00000000
0.646464646465, 0.585858585859, 1.14992087, 1.00000000, 1.00000000, 1.00000000
0.646464646465, 0.595959595960, 1.15739286, 1.00000000, 1.00000000, 1.00000000
0.646464646465, 0.606060606061, 1.16423101, 1.00000000, 1.00000000, 1.00000000
0.646464646465, 0.616161616162, 1.17040758, 1.00000000, 1.00000000, 1.00000000
0.646464646465, 0.626262626263, 1.17589749, 1.00000000, 1.00000000, 1.00000000
0.646464646465, 0.636363636364, 1.18067846, 1.00000000, 1.00000000, 1.00000000
0.646464646465, 0.646464646465, 1.18473108, 1.00000000, 1.00000000, 1.00000000
0.646464646465, 0.656565656566, 1.18803889, 1.00000000, 1.00000000, 1.00000000
0.646464646465, 0.666666666667, 1.19058843, 1.00000000, 1.00000000, 1.00000000
0.646464646465, 0.676767676768, 1.19236933, 1.00000000, 1.00000000, 1.00000000
0.646464646465, 0.686868686869, 1.19337430, 1.00000000, 1.00000000, 1.00000000
0.646464646465, 0.696969696970, 1.19359921, 1.00000000, 1.00000000, 1.00000000
0.646464646465, 0.707070707071, 1.19304322, 1.00000000, 1.00000000, 1.00000000
0.646464646465, 0.717171717172, 1.19170866, 1.00000000, 1.00000000, 1.00000000
0.646464646465, 0.727272727273, 1.18960100, 1.00000000, 1.00000000, 1.00000000
0.646464646465, 0.737373737374, 1.18672886, 1.00000000, 1.00000000, 1.00000000
0.646464646465, 0.747474747475, 1.18310393, 1.00000000, 1.00000000, 1.00000000
0.646464646465, 0.757575757576, 1.17874097, 1.00000000, 1.00000000, 1.00000000
0.646464646465, 0.767676767677, 1.17365771, 1.00000000, 1.00000000, 1.00000000
0.646464646465, 0.777777777778, 1.16787480, 1.00000000, 1.00000000, 1.00000000
0.646464646465, 0.787878787879, 1.16141572, 1.00000000, 1.00000000, 1.00000000
0.646464646465, 0.797979797980, 1.15430672, 1.00000000, 1.00000000, 1.00000000
0.646464646465, 0.808080808081, 1.14657664, 1.00000000, 1.00000000, 1.00000000
0.646464646465, 0.818181818182, 1.13825684, 1.00000000, 1.00000000, 1.00000000
0.646464646465, 0.828282828283, 1.12938109, 1.00000000, 1.00000000, 1.00000000
0.646464646465, 0.838383838384, 1.11998539, 1.00000000, 1.00000000, 1.00000000
0.646464646465, 0.848484848485, 1.11010781, 1.00000000, 1.00000000, 1.00000000
0.646464646465, 0.858585858586, 1.09978841, 1.00000000, 1.00000000, 1.00000000
0.646464646465, 0.868686868687, 1.08906897, 1.00000000, 1.00000000, 1.00000000
0.646464646465, 0.878787878788, 1.07799293, 1.00000000, 1.00000000, 1.00000000
0.646464646465, 0.888888888889, 1.06660511, 1.00000000, 1.00000000, 1.00000000
0.646464646465, 0.898989898990, 1.05495159, 1.00000000, 1.00000000, 1.00000000
0.646464646465, 0.909090909091, 1.04307951, 1.00000000, 1.00000000, 1.00000000
0.646464646465, 0.919191919192, 1.03103689, 1.00000000, 1.00000000, 1.00000000
0.646464646465, 0.929292929293, 1.01887253, 1.00000000, 1.00000000, 1.00000000
0.646464646465, 0.939393939394, 1.00663606, 1.00000000, 1.00000000, 1.00000000
0.646464646465, 0.949494949495, 0.99437845, 1.00000000, 1.00000000, 1.00000000
0.646464646465, 0.959595959596, 0.98215329, 1.00000000, 1.00000000, 1.00000000
0.656565656566, -0.000000000000, 0.91283517, 1.00000000, 1.00000000, 1.00000000
0.656565656566, 0.010101010101, 0.90270893, 1.00000000, 1.00000000, 1.00000000
0.656565656566, 0.020202020202, 0.89317798, 1.00000000, 1.00000000, 1.00000000
0.656565656566, 0.030303030303, 0.88423379, 1.00000000, 1.00000000, 1.00000000
0.656565656566, 0.040404040404, 0.87581463, 1.00000000, 1.00000000, 1.00000000
0.656565656566, 0.050505050505, 0.86782832, 1.00000000, 1.00000000, 1.00000000
0.656565656566, 0.060606060606, 0.86018941, 1.00000000, 1.00000000, 1.00000000
0.656565656566, 0.070707070707, 0.85285287, 1.00000000, 1.00000000, 1.00000000
0.656565656566, 0.080808080808, 0.84582922, 1.00000000, 1.00000000, 1.00000000
0.656565656566, 0.090909090909, 0.83917713, 1.00000000, 1.00000000, 1.00000000
0.656565656566, 0.101010101010, 0.83298155, 1.00000000, 1.00000000, 1.00000000
0.656565656566, 0.111111111111, 0.82733022, 1.00000000, 1.00000000, 1.00000000
0.656565656566, 0.121212121212, 0.82229787, 1.00000000, 1.00000000, 1.00000000
0.656565656566, 0.131313131313, 0.81794038, 1.00000000, 1.00000000, 1.00000000
0.656565656566, 0.141414141414, 0.81429615, 1.00000000, 1.00000000, 1.00000000
0.656565656566, 0.151515151515, 0.81139044, 1.00000000, 1.00000000, 1.00000000
0.656565656566, 0.161616161616, 0.80923967, 1.00000000, 1.00000000, 1.00000000
0.656565656566, 0.171717171717, 0.80785435, 1.00000000, 1.00000000, 1.00000000
0.656565656566, 0.181818181818, 0.80724076, 1.00000000, 1.00000000, 1.00000000
0.656565656566, 0.191919191919, 0.80740157, 1.00000000, 1.00000000, 1.00000000
0.656565656566, 0.202020202020, 0.80833615, 1.00000000, 1.00000000, 1.00000000
0.656565656566, 0.212121212121, 0.81004074, 1.00000000, 1.00000000, 1.00000000
0.656565656566, 0.222222222222, 0.81250857, 1.00000000, 1.00000000, 1.00000000
0.656565656566, 0.232323232323, 0.81572985, 1.00000000, 1.00000000, 1.00000000
0.656565656566, 0.242424242424, 0.81969182, 1.00000000, 1.00000000, 1.00000000
0.656565656566, 0.252525252525, 0.82437880, 1.00000000, 1.00000000, 1.00000000
0.656565656566, 0.262626262626, 0.82977220, 1.00000000, 1.00000000, 1.00000000
0.656565656566, 0.272727272727, 0.83585065, 1.00000000, 1.00000000, 1.00000000
0.656565656566, 0.282828282828, 0.84259003, 1.00000000, 1.00000000, 1.00000000
0.656565656566, 0.292929292929, 0.84996358, 1.00000000, 1.00000000, 1.00000000
0.656565656566, 0.303030303030, 0.85794198, 1.00000000, 1.00000000, 1.00000000
0.656565656566, 0.313131313131, 0.86649347, 1.00000000, 1.00000000, 1.00000000
0.656565656566, 0.323232323232, 0.87558398, 1.00000000, 1.00000000, 1.00000000
0.656565656566, 0.333333333333, 0.88517725, 1.00000000, 1.00000000, 1.00000000
0.656565656566, 0.343434343434, 0.89523496, 1.00000000, 1.00000000, 1.00000000
0.656565656566, 0.353535353535, 0.90571690, 1.00000000, 1.00000000, 1.00000000
0.656565656566, 0.363636363636, 0.91658111, 1.00000000, 1.00000000, 1.00000000
0.656565656566, 0.373737373737, 0.92778406, 1.00000000, 1.00000000, 1.00000000
0.656565656566, 0.383838383838, 0.93928082, 1.00000000, 1.00000000, 1.00000000
0.656565656566, 0.393939393939, 0.95102522, 1.00000000, 1.00000000, 1.00000000
0.656565656566, 0.404040404040, 0.96297005, 1.00000000, 1.00000000, 1.00000000
0.656565656566, 0.414141414141, 0.97506728, 1.00000000, 1.00000000, 1.00000000
0.656565656566, 0.424242424242, 0.98726819, 1.00000000, 1.00000000, 1.00000000
0.656565656566, 0.434343434343, 0.99952363, 1.00000000, 1.00000000, 1.00000000
0.656565656566, 0.444444444444, 1.01178417, 1.00000000, 1.00000000, 1.00000000
0.656565656566, 0.454545454545, 1.02400034, 1.00000000, 1.00000000, 1.00000000
0.656565656566, 0.464646464646, 1.03612281, 1.00000000, 1.00000000, 1.00000000
0.656565656566, 0.474747474747, 1.04810261, 1.00000000, 1.00000000, 1.00000000
0.656565656566, 0.484848484848, 1.05989131, 1.00000000, 1.00000000, 1.00000000
0.656565656566, 0.494949494949, 1.07144123, 1.00000000, 1.00000000, 1.00000000
0.656565656566, 0.505050505051, 1.08270564, 1.00000000, 1.00000000, 1.00000000
0.656565656566, 0.515151515152, 1.09363893, 1.00000000, 1.00000000, 1.00000000
0.656565656566, 0.525252525253, 1.10419683, 1.00000000, 1.00000000, 1.00000000
0.656565656566, 0.535353535354, 1.11433657, 1.00000000, 1.00000000, 1.00000000
0.656565656566, 0.545454545455, 1.12401706, 1.00000000, 1.00000000, 1.00000000
0.656565656566, 0.555555555556, 1.13319906, 1.00000000, 1.00000000, 1.00000000
0.656565656566, 0.565656565657, 1.14184536, 1.00000000, 1.00000000, 1.00000000
0.656565656566, 0.575757575758, 1.14992087, 1.00000000, 1.00000000, 1.00000000
0.656565656566, 0.585858585859, 1.15739286, 1.00000000, 1.00000000, 1.00000000
0.656565656566, 0.595959595960, 1.16423101, 1.00000000, 1.00000000, 1.00000000
0.656565656566, 0.606060606061, 1.17040758, 1.00000000, 1.00000000, 1.00000000
0.656565656566, 0.616161616162, 1.17589749, 1.00000000, 1.00000000, 1.00000000
0.656565656566, 0.626262626263, 1.18067846, 1.00000000, 1.00000000, 1.00000000
0.656565656566, 0.636363636364, 1.18473108, 1.00000000, 1.00000000, 1.00000000
0.656565656566, 0.646464646465, 1.18803889, 1.00000000, 1.00000000, 1.00000000
0.656565656566, 0.656565656566, 1.19058843, 1.00000000, 1.00000000, 1.00000000
0.656565656566, 0.666666666667, 1.19236933, 1.00000000, 1.00000000, 1.00000000
0.656565656566, 0.676767676768, 1.19337430, 1.00000000, 1.00000000, 1.00000000
0.656565656566, 0.686868686869, 1.19359921, 1.00000000, 1.00000000, 1.00000000
0.656565656566, 0.696969696970, 1.19304322, 1.00000000, 1.00000000, 1.00000000
0.656565656566, 0.707070707071, 1.19170866, 1.00000000, 1.00000000, 1.00000000
0.656565656566, 0.717171717172, 1.18960100, 1.00000000, 1.00000000, 1.00000000
0.656565656566, 0.727272727273, 1.18672886, 1.00000000, 1.00000000, 1.00000000
0.656565656566, 0.737373737374, 1.18310393, 1.00000000, 1.00000000, 1.00000000
0.656565656566, 0.747474747475, 1.17874097, 1.00000000, 1.00000000, 1.00000000
0.656565656566, 0.757575757576, 1.17365771, 1.00000000, 1.00000000, 1.00000000
0.656565656566, 0.767676767677, 1.16787480, 1.00000000, 1.00000000, 1.00000000
0.656565656566, 0.777777777778, 1.16141572, 1.00000000, 1.00000000, 1.00000000
0.656565656566, 0.787878787879, 1.15430672, 1.00000000, 1.00000000, 1.00000000
0.656565656566, 0.797979797980, 1.14657664, 1.00000000, 1.00000000, 1.00000000
0.656565656566, 0.808080808081, 1.13825684, 1.00000000, 1.00000000, 1.00000000
0.656565656566, 0.818181818182, 1.12938109, 1.00000000, 1.00000000, 1.00000000
0.656565656566, 0.828282828283, 1.11998539, 1.00000000, 1.00000000, 1.00000000
0.656565656566, 0.838383838384, 1.11010781, 1.00000000, 1.00000000, 1.00000000
0.656565656566, 0.848484848485, 1.09978841, 1.00000000, 1.00000000, 1.00000000
0.656565656566, 0.858585858586, 1.08906897, 1.00000000, 1.00000000, 1.00000000
0.656565656566, 0.868686868687, 1.07799293, 1.00000000, 1.00000000, 1.00000000
0.656565656566, 0.878787878788, 1.06660511, 1.00000000, 1.00000000, 1.00000000
0.656565656566, 0.888888888889, 1.05495159, 1.00000000, 1.00000000, 1.00000000
0.656565656566, 0.898989898990, 1.04307949, 1.00000000, 1.00000000, 1.00000000
0.656565656566, 0.909090909091, 1.03103682, 1.00000000, 1.00000000, 1.00000000
0.656565656566, 0.919191919192, 1.01887225, 1.00000000, 1.00000000, 1.00000000
0.656565656566, 0.929292929293, 1.00663503, 1.00000000, 1.00000000, 1.00000000
0.656565656566, 0.939393939394, 0.99437506, 1.00000000, 1.00000000, 1.00000000
0.656565656566, 0.949494949495, 0.98214327, 1.00000000, 1.00000000, 1.00000000
0.656565656566, 0.959595959596, 0.96999294, 1.00000000, 1.00000000, 1.00000000
0.666666666667, -0.000000000000, 0.90207739, 1.00000000, 1.00000000, 1.00000000
0.666666666667, 0.010101010101, 0.89231137, 1.00000000, 1.00000000, 1.00000000
0.666666666667, 0.020202020202, 0.88316529, 1.00000000, 1.00000000, 1.00000000
0.666666666667, 0.030303030303, 0.87462996, 1.00000000, 1.00000000, 1.00000000
0.666666666667, 0.040404040404, 0.86664630, 1.00000000, 1.00000000, 1.00000000
0.666666666667, 0.050505050505, 0.85912724, 1.00000000, 1.00000000, 1.00000000
0.666666666667, 0.060606060606, 0.85199266, 1.00000000, 1.00000000, 1.00000000
0.666666666667, 0.070707070707, 0.84520102, 1.00000000, 1.00000000, 1.00000000
0.666666666667, 0.080808080808, 0.83876328, 1.00000000, 1.00000000, 1.00000000
0.666666666667, 0.090909090909, 0.83273557, 1.00000000, 1.00000000, 1.00000000
0.666666666667, 0.101010101010, 0.82719833, 1.00000000, 1.00000000, 1.00000000
0.666666666667, 0.111111111111, 0.82223411, 1.00000000, 1.00000000, 1.00000000
0.666666666667, 0.121212121212, 0.81791262, 1.00000000, 1.00000000, 1.00000000
0.666666666667, 0.131313131313, 0.81428527, 1.00000000, 1.00000000, 1.00000000
0.666666666667, 0.141414141414, 0.81138662, 1.00000000, 1.00000000, 1.00000000
0.666666666667, 0.151515151515, 0.80923847, 1.00000000, 1.00000000, 1.00000000
0.666666666667, 0.161616161616, 0.80785401, 1.00000000, 1.00000000, 1.00000000
0.666666666667, 0.171717171717, 0.80724067, 1.00000000, 1.00000000, 1.00000000
0.666666666667, 0.181818181818, 0.80740155, 1.00000000, 1.00000000, 1.00000000
0.666666666667, 0.191919191919, 0.80833614, 1.00000000, 1.00000000, 1.00000000
0.666666666667, 0.202020202020, 0.81004074, 1.00000000, 1.00000000, 1.00000000
0.666666666667, 0.212121212121, 0.81250857, 1.00000000, 1.00000000, 1.00000000
0.666666666667, 0.222222222222, 0.81572985, 1.00000000, 1.00000000, 1.00000000
0.666666666667, 0.232323232323, 0.81969182, 1.00000000, 1.00000000, 1.00000000
0.666666666667, 0.242424242424, 0.82437880, 1.00000000, 1.00000000, 1.00000000
0.666666666667, 0.252525252525, 0.82977220, 1.00000000, 1.00000000, 1.00000000
0.666666666667, 0.262626262626, 0.83585065, 1.00000000, 1.00000000, 1.00000000
0.666666666667, 0.272727272727, 0.84259003, 1.00000000, 1.00000000, 1.00000000
0.666666666667, 0.282828282828, 0.84996358, 1.00000000, 1.00000000, 1.00000000
0.666666666667, 0.292929292929, 0.85794198, 1.00000000, 1.00000000, 1.00000000
0.666666666667, 0.303030303030, 0.86649347, 1.00000000, 1.00000000, 1.00000000
0.666666666667, 0.313131313131, 0.87558398, 1.00000000, 1.00000000, 1.00000000
0.666666666667, 0.323232323232, 0.88517725, 1.00000000, 1.00000000, 1.00000000
0.666666666667, 0.333333333333, 0.89523496, 1.00000000, 1.00000000, 1.00000000
0.666666666667, 0.343434343434, 0.90571690, 1.00000000, 1.00000000, 1.00000000
0.666666666667, 0.353535353535, 0.91658111, 1.00000000, 1.00000000, 1.00000000
0.666666666667, 0.363636363636, 0.92778406, 1.00000000, 1.00000000, 1.00000000
0.666666666667, 0.373737373737, 0.93928082, 1.00000000, 1.00000000, 1.00000000
0.666666666667, 0.383838383838, 0.95102522, 1.00000000, 1.00000000, 1.00000000
0.666666666667, 0.393939393939, 0.96297005, 1.00000000, 1.00000000, 1.00000000
0.666666666667, 0.404040404040, 0.97506728, 1.00000000, 1.00000000, 1.00000000
0.666666666667, 0.414141414141, 0.98726819, 1.00000000, 1.00000000, 1.00000000
0.666666666667, 0.424242424242, 0.99952363, 1.00000000, 1.00000000, 1.00000000
0.666666666667, 0.434343434343, 1.01178417, 1.00000000, 1.00000000, 1.00000000
0.666666666667, 0.444444444444, 1.02400034, 1.00000000, 1.00000000, 1.00000000
0.666666666667, 0.454545454545, 1.03612281, 1.00000000, 1.00000000, 1.00000000
0.666666666667, 0.464646464646, 1.04810261, 1.00000000, 1.00000000, 1.00000000
0.666666666667, 0.474747474747, 1.05989131, 1.00000000, 1.00000000, 1.00000000
0.666666666667, 0.484848484848, 1.07144123, 1.00000000, 1.00000000, 1.00000000
0.666666666667, 0.494949494949, 1.08270564, 1.00000000, 1.00000000, 1.00000000
0.666666666667, 0.505050505051, 1.09363893, 1.00000000, 1.00000000, 1.00000000
0.666666666667, 0.515151515152, 1.10419683, 1.00000000, 1.00000000, 1.00000000
0.666666666667, 0.525252525253, 1.11433657, 1.00000000, 1.00000000, 1.00000000
0.666666666667, 0.535353535354, 1.12401706, 1.00000000, 1.00000000, 1.00000000
0.666666666667, 0.545454545455, 1.13319906, 1.00000000, 1.00000000, 1.00000000
0.666666666667, 0.555555555556, 1.14184536, 1.00000000, 1.00000000, 1.00000000
0.666666666667, 0.565656565657, 1.14992087, 1.00000000, 1.00000000, 1.00000000
0.666666666667, 0.575757575758, 1.15739286, 1.00000000, 1.00000000, 1.00000000
0.666666666667, 0.585858585859, 1.16423101, 1.00000000, 1.00000000, 1.00000000
0.666666666667, 0.595959595960, 1.17040758, 1.00000000, 1.00000000, 1.00000000
0.666666666667, 0.606060606061, 1.17589749, 1.00000000, 1.00000000, 1.00000000
0.666666666667, 0.616161616162, 1.18067846, 1.00000000, 1.00000000, 1.00000000
0.666666666667, 0.626262626263, 1.18473108, 1.00000000, 1.00000000, 1.00000000
0.666666666667, 0.636363636364, 1.18803889, 1.00000000, 1.00000000, 1.00000000
0.666666666667, 0.646464646465, 1.19058843, 1.00000000, 1.00000000, 1.00000000
0.666666666667, 0.656565656566, 1.19236933, 1.00000000, 1.00000000, 1.00000000
0.666666666667, 0.666666666667, 1.19337430, 1.00000000, 1.00000000, 1.00000000
0.666666666667, 0.676767676768, 1.19359921, 1.00000000, 1.00000000, 1.00000000
0.666666666667, 0.686868686869, 1.19304322, 1.00000000, 1.00000000, 1.00000000
0.666666666667, 0.696969696970, 1.19170866, 1.00000000, 1.00000000, 1.00000000
0.666666666667, 0.707070707071, 1.18960100, 1.00000000, 1.00000000, 1.00000000
0.666666666667, 0.717171717172, 1.18672886, 1.00000000, 1.00000000, 1.00000000
0.666666666667, 0.727272727273, 1.18310393, 1.00000000, 1.00000000, 1.00000000
0.666666666667, 0.737373737374, 1.17874097, 1.00000000, 1.00000000, 1.00000000
0.666666666667, 0.747474747475, 1.17365771, 1.00000000, 1.00000000, 1.00000000
0.666666666667, 0.757575757576, 1.16787480, 1.00000000, 1.00000000, 1.00000000
0.666666666667, 0.767676767677, 1.16141572, 1.00000000, 1.00000000, 1.00000000
0.666666666667, 0.777777777778, 1.15430672, 1.00000000, 1.00000000, 1.00000000
0.666666666667, 0.787878787879, 1.14657664, 1.00000000, 1.00000000, 1.00000000
0.666666666667, 0.797979797980, 1.13825684, 1.00000000, 1.00000000, 1.00000000
0.666666666667, 0.808080808081, 1.12938109, 1.00000000, 1.00000000, 1.00000000
0.666666666667, 0.818181818182, 1.11998539, 1.00000000, 1.00000000, 1.00000000
0.666666666667, 0.828282828283, 1.11010781, 1.00000000, 1.00000000, 1.00000000
0.666666666667, 0.838383838384, 1.09978841, 1.00000000, 1.00000000, 1.00000000
0.666666666667, 0.848484848485, 1.08906897, 1.00000000, 1.00000000, 1.00000000
0.666666666667, 0.858585858586, 1.07799293, 1.00000000, 1.00000000, 1.00000000
0.666666666667, 0.868686868687, 1.06660511, 1.00000000, 1.00000000, 1.00000000
0.666666666667, 0.878787878788, 1.05495159, 1.00000000, 1.00000000, 1.00000000
0.666666666667, 0.888888888889, 1.04307949, 1.00000000, 1.00000000, 1.00000000
0.666666666667, 0.898989898990, 1.03103680, 1.00000000, 1.00000000, 1.00000000
0.666666666667, 0.909090909091, 1.01887218, 1.00000000, 1.00000000, 1.00000000
0.666666666667, 0.919191919192, 1.00663476, 1.00000000, 1.00000000, 1.00000000
0.666666666667, 0.929292929293, 0.99437406, 1.00000000, 1.00000000, 1.00000000
0.666666666667, 0.939393939394, 0.98213999, 1.00000000, 1.00000000, 1.00000000
0.666666666667, 0.949494949495, 0.96998328, 1.00000000, 1.00000000, 1.00000000
0.666666666667, 0.959595959596, 0.95795665, 1.00000000, 1.00000000, 1.00000000
0.676767676768, -0.000000000000, 0.89171562, 1.00000000, 1.00000000, 1.00000000
0.676767676768, 0.010101010101, 0.88234880, 1.00000000, 1.00000000, 1.00000000
0.676767676768, 0.020202020202, 0.87362422, 1.00000000, 1.00000000, 1.00000000
0.676767676768, 0.030303030303, 0.86553201, 1.00000000, 1.00000000, 1.00000000
0.676767676768, 0.040404040404, 0.85801599, 1.00000000, 1.00000000, 1.00000000
0.676767676768, 0.050505050505, 0.85099442, 1.00000000, 1.00000000, 1.00000000
0.676767676768, 0.060606060606, 0.84439275, 1.00000000, 1.00000000, 1.00000000
0.676767676768, 0.070707070707, 0.83817309, 1.00000000, 1.00000000, 1.00000000
0.676767676768, 0.080808080808, 0.83234680, 1.00000000, 1.00000000, 1.00000000
0.676767676768, 0.090909090909, 0.82696729, 1.00000000, 1.00000000, 1.00000000
0.676767676768, 0.101010101010, 0.82211026, 1.00000000, 1.00000000, 1.00000000
0.676767676768, 0.111111111111, 0.81785276, 1.00000000, 1.00000000, 1.00000000
0.676767676768, 0.121212121212, 0.81425922, 1.00000000, 1.00000000, 1.00000000
0.676767676768, 0.131313131313, 0.81137642, 1.00000000, 1.00000000, 1.00000000
0.676767676768, 0.141414141414, 0.80923488, 1.00000000, 1.00000000, 1.00000000
0.676767676768, 0.151515151515, 0.80785288, 1.00000000, 1.00000000, 1.00000000
0.676767676768, 0.161616161616, 0.80724035, 1.00000000, 1.00000000, 1.00000000
0.676767676768, 0.171717171717, 0.80740147, 1.00000000, 1.00000000, 1.00000000
0.676767676768, 0.181818181818, 0.80833613, 1.00000000, 1.00000000, 1.00000000
0.676767676768, 0.191919191919, 0.81004073, 1.00000000, 1.00000000, 1.00000000
0.676767676768, 0.202020202020, 0.81250857, 1.00000000, 1.00000000, 1.00000000
0.676767676768, 0.212121212121, 0.81572985, 1.00000000, 1.00000000, 1.00000000
0.676767676768, 0.222222222222, 0.81969182, 1.00000000, 1.00000000, 1.00000000
0.676767676768, 0.232323232323, 0.82437880, 1.00000000, 1.00000000, 1.00000000
0.676767676768, 0.242424242424, 0.82977220, 1.00000000, 1.00000000, 1.00000000
0.676767676768, 0.252525252525, 0.83585065, 1.00000000, 1.00000000, 1.00000000
0.676767676768, 0.262626262626, 0.84259003, 1.00000000, 1.00000000, 1.00000000
0.676767676768, 0.272727272727, 0.84996358, 1.00000000, 1.00000000, 1.00000000
0.676767676768, 0.282828282828, 0.85794198, 1.00000000, 1.00000000, 1.00000000
0.676767676768, 0.292929292929, 0.86649347, 1.00000000, 1.00000000, 1.00000000
0.676767676768, 0.303030303030, 0.87558398, 1.00000000, 1.00000000, 1.00000000
0.676767676768, 0.313131313131, 0.88517725, 1.00000000, 1.00000000, 1.00000000
0.676767676768, 0.323232323232, 0.89523496, 1.00000000, 1.00000000, 1.00000000
0.676767676768, 0.333333333333, 0.90571690, 1.00000000, 1.00000000, 1.00000000
0.676767676768, 0.343434343434, 0.91658111, 1.00000000, 1.00000000, 1.00000000
0.676767676768, 0.353535353535, 0.92778406, 1.00000000, 1.00000000, 1.00000000
0.676767676768, 0.363636363636, 0.93928082, 1.00000000, 1.00000000, 1.00000000
0.676767676768, 0.373737373737, 0.95102522, 1.00000000, 1.00000000, 1.00000000
0.676767676768, 0.383838383838, 0.96297005, 1.00000000, 1.00000000, 1.00000000
0.676767676768, 0.393939393939, 0.97506728, 1.00000000, 1.00000000, 1.00000000
0.676767676768, 0.404040404040, 0.98726819, 1.00000000, 1.00000000, 1.00000000
0.676767676768, 0.414141414141, 0.99952363, 1.00000000, 1.00000000, 1.00000000
0.676767676768, 0.424242424242, 1.01178417, 1.00000000, 1.00000000, 1.00000000
0.676767676768, 0.434343434343, 1.02400034, 1.00000000, 1.00000000, 1.00000000
0.676767676768, 0.444444444444, 1.03612281, 1.00000000, 1.00000000, 1.00000000
0.676767676768, 0.454545454545, 1.04810261, 1.00000000, 1.00000000, 1.00000000
0.676767676768, 0.464646464646, 1.05989131, 1.00000000, 1.00000000, 1.00000000
0.676767676768, 0.474747474747, 1.07144123, 1.00000000, 1.00000000, 1.00000000
0.676767676768, 0.484848484848, 1.08270564, 1.00000000, 1.00000000, 1.00000000
0.676767676768, 0.494949494949, 1.09363893, 1.00000000, 1.00000000, 1.00000000
0.676767676768, 0.505050505051, 1.10419683, 1.00000000, 1.00000000, 1.00000000
0.676767676768, 0.515151515152, 1.11433657, 1.00000000, 1.00000000, 1.00000000
0.676767676768, 0.525252525253, 1.12401706, 1.00000000, 1.00000000, 1.00000000
0.676767676768, 0.535353535354, 1.13319906, 1.00000000, 1.00000000, 1.00000000
0.676767676768, 0.545454545455, 1.14184536, 1.00000000, 1.00000000, 1.00000000
0.676767676768, 0.555555555556, 1.14992087, 1.00000000, 1.00000000, 1.00000000
0.676767676768, 0.565656565657, 1.15739286, 1.00000000, 1.00000000, 1.00000000
0.676767676768, 0.575757575758, 1.16423101, 1.00000000, 1.00000000, 1.00000000
0.676767676768, 0.585858585859, 1.17040758, 1.00000000, 1.00000000, 1.00000000
0.676767676768, 0.595959595960, 1.17589749, 1.00000000, 1.00000000, 1.00000000
0.676767676768, 0.606060606061, 1.18067846, 1.00000000, 1.00000000, 1.00000000
0.676767676768, 0.616161616162, 1.18473108, 1.00000000, 1.00000000, 1.00000000
0.676767676768, 0.626262626263, 1.18803889, 1.00000000, 1.00000000, 1.00000000
0.676767676768, 0.636363636364, 1.19058843, 1.00000000, 1.00000000, 1.00000000
0.676767676768, 0.646464646465, 1.19236933, 1.00000000, 1.00000000, 1.00000000
0.676767676768, 0.656565656566, 1.19337430, 1.00000000, 1.00000000, 1.00000000
0.676767676768, 0.666666666667, 1.19359921, 1.00000000, 1.00000000, 1.00000000
0.676767676768, 0.676767676768, 1.19304322, 1.00000000, 1.00000000, 1.00000000
0.676767676768, 0.686868686869, 1.19170866, 1.00000000, 1.00000000, 1.00000000
0.676767676768, 0.696969696970, 1.18960100, 1.00000000, 1.00000000, 1.00000000
0.676767676768, 0.707070707071, 1.18672886, 1.00000000, 1.00000000, 1.00000000
0.676767676768, 0.717171717172, 1.18310393, 1.00000000, 1.00000000, 1.00000000
0.676767676768, 0.727272727273, 1.17874097, 1.00000000, 1.00000000, 1.00000000
0.676767676768, 0.737373737374, 1.17365771, 1.00000000, 1.00000000, 1.00000000
0.676767676768, 0.747474747475, 1.16787480, 1.00000000, 1.00000000, 1.00000000
0.676767676768, 0.757575757576, 1.16141572, 1.00000000, 1.00000000, 1.00000000
0.676767676768, 0.767676767677, 1.15430672, 1.00000000, 1.00000000, 1.00000000
0.676767676768, 0.777777777778, 1.14657664, 1.00000000, 1.00000000, 1.00000000
0.676767676768, 0.787878787879, 1.13825684, 1.00000000, 1.00000000, 1.00000000
0.676767676768, 0.797979797980, 1.12938109, 1.00000000, 1.00000000, 1.00000000
0.676767676768, 0.808080808081, 1.11998539, 1.00000000, 1.00000000, 1.00000000
0.676767676768, 0.818181818182, 1.11010781, 1.00000000, 1.00000000, 1.00000000
0.676767676768, 0.828282828283, 1.09978841, 1.00000000, 1.00000000, 1.00000000
0.676767676768, 0.838383838384, 1.08906897, 1.00000000, 1.00000000, 1.00000000
0.676767676768, 0.848484848485, 1.07799293, 1.00000000, 1.00000000, 1.00000000
0.676767676768, 0.858585858586, 1.06660511, 1.00000000, 1.00000000, 1.00000000
0.676767676768, 0.868686868687, 1.05495159, 1.00000000, 1.00000000, 1.00000000
0.676767676768, 0.878787878788, 1.04307949, 1.00000000, 1.00000000, 1.00000000
0.676767676768, 0.888888888889, 1.03103680, 1.00000000, 1.00000000, 1.00000000
0.676767676768, 0.898989898990, 1.01887217, 1.00000000, 1.00000000, 1.00000000
0.676767676768, 0.909090909091, 1.00663470, 1.00000000, 1.00000000, 1.00000000
0.676767676768, 0.919191919192, 0.99437380, 1.00000000, 1.00000000, 1.00000000
0.676767676768, 0.929292929293, 0.98213903, 1.00000000, 1.00000000, 1.00000000
0.676767676768, 0.939393939394, 0.96998013, 1.00000000, 1.00000000, 1.00000000
0.676767676768, 0.949494949495, 0.95794741, 1.00000000, 1.00000000, 1.00000000
0.676767676768, 0.959595959596, 0.94609283, 1.00000000, 1.00000000, 1.00000000
0.686868686869, -0.000000000000, 0.88179126, 1.00000000, 1.00000000, 1.00000000
0.686868686869, 0.010101010101, 0.87286102, 1.00000000, 1.00000000, 1.00000000
0.686868686869, 0.020202020202, 0.86459282, 1.00000000, 1.00000000, 1.00000000
0.686868686869, 0.030303030303, 0.85697623, 1.00000000, 1.00000000, 1.00000000
0.686868686869, 0.040404040404, 0.84995810, 1.00000000, 1.00000000, 1.00000000
0.686868686869, 0.050505050505, 0.84346224, 1.00000000, 1.00000000, 1.00000000
0.686868686869, 0.060606060606, 0.83741993, 1.00000000, 1.00000000, 1.00000000
0.686868686869, 0.070707070707, 0.83179703, 1.00000000, 1.00000000, 1.00000000
0.686868686869, 0.080808080808, 0.82660526, 1.00000000, 1.00000000, 1.00000000
0.686868686869, 0.090909090909, 0.82189519, 1.00000000, 1.00000000, 1.00000000
0.686868686869, 0.101010101010, 0.81773753, 1.00000000, 1.00000000, 1.00000000
0.686868686869, 0.111111111111, 0.81420358, 1.00000000, 1.00000000, 1.00000000
0.686868686869, 0.121212121212, 0.81135222, 1.00000000, 1.00000000, 1.00000000
0.686868686869, 0.131313131313, 0.80922542, 1.00000000, 1.00000000, 1.00000000
0.686868686869, 0.141414141414, 0.80784956, 1.00000000, 1.00000000, 1.00000000
0.686868686869, 0.151515151515, 0.80723931, 1.00000000, 1.00000000, 1.00000000
0.686868686869, 0.161616161616, 0.80740118, 1.00000000, 1.00000000, 1.00000000
0.686868686869, 0.171717171717, 0.80833605, 1.00000000, 1.00000000, 1.00000000
0.686868686869, 0.181818181818, 0.81004072, 1.00000000, 1.00000000, 1.00000000
0.686868686869, 0.191919191919, 0.81250856, 1.00000000, 1.00000000, 1.00000000
0.686868686869, 0.202020202020, 0.81572985, 1.00000000, 1.00000000, 1.00000000
0.686868686869, 0.212121212121, 0.81969182, 1.00000000, 1.00000000, 1.00000000
0.686868686869, 0.222222222222, 0.82437880, 1.00000000, 1.00000000, 1.00000000
0.686868686869, 0.232323232323, 0.82977220, 1.00000000, 1.00000000, 1.00000000
0.686868686869, 0.242424242424, 0.83585065, 1.00000000, 1.00000000, 1.00000000
0.686868686869, 0.252525252525, 0.84259003, 1.00000000, 1.00000000, 1.00000000
0.686868686869, 0.262626262626, 0.84996358, 1.00000000, 1.00000000, 1.00000000
0.686868686869, 0.272727272727, 0.85794198, 1.00000000, 1.00000000, 1.00000000
0.686868686869, 0.282828282828, 0.86649347, 1.00000000, 1.00000000, 1.00000000
0.686868686869, 0.292929292929, 0.87558398, 1.00000000, 1.00000000, 1.00000000
0.686868686869, 0.303030303030, 0.88517725, 1.00000000, 1.00000000, 1.00000000
0.686868686869, 0.313131313131, 0.89523496, 1.00000000, 1.00000000, 1.00000000
0.686868686869, 0.323232323232, 0.90571690, 1.00000000, 1.00000000, 1.00000000
0.686868686869, 0.333333333333, 0.91658111, 1.00000000, 1.00000000, 1.00000000
0.686868686869, 0.343434343434, 0.92778406, 1.00000000, 1.00000000, 1.00000000
0.686868686869, 0.353535353535, 0.93928082, 1.00000000, 1.00000000, 1.00000000
0.686868686869, 0.363636363636, 0.95102522, 1.00000000, 1.00000000, 1.00000000
0.686868686869, 0.373737373737, 0.96297005, 1.00000000, 1.00000000, 1.00000000
0.686868686869, 0.383838383838, 0.97506728, 1.00000000, 1.00000000, 1.00000000
0.686868686869, 0.393939393939, 0.98726819, 1.00000000, 1.00000000, 1.00000000
0.686868686869, 0.404040404040, 0.99952363, 1.00000000, 1.00000000, 1.00000000
0.686868686869, 0.414141414141, 1.01178417, 1.00000000, 1.00000000, 1.00000000
0.686868686869, 0.424242424242, 1.02400034, 1.00000000, 1.00000000, 1.00000000
0.686868686869, 0.434343434343, 1.03612281, 1.00000000, 1.00000000, 1.00000000
0.686868686869, 0.444444444444, 1.04810261, 1.00000000, 1.00000000, 1.00000000
0.686868686869, 0.454545454545, 1.05989131, 1.00000000, 1.00000000, 1.00000000
0.686868686869, 0.464646464646, 1.07144123, 1.00000000, 1.00000000, 1.00000000
0.686868686869, 0.474747474747, 1.08270564, 1.00000000, 1.00000000, 1.00000000
0.686868686869, 0.484848484848, 1.09363893, 1.00000000, 1.00000000, 1.00000000
0.686868686869, 0.494949494949, 1.10419683, 1.00000000, 1.00000000, 1.00000000
0.686868686869, 0.505050505051, 1.11433657, 1.00000000, 1.00000000, 1.00000000
0.686868686869, 0.515151515152, 1.12401706, 1.00000000, 1.00000000, 1.00000000
0.686868686869, 0.525252525253, 1.13319906, 1.00000000, 1.00000000, 1.00000000
0.686868686869, 0.535353535354, 1.14184536, 1.00000000, 1.00000000, 1.00000000
0.686868686869, 0.545454545455, 1.14992087, 1.00000000, 1.00000000, 1.00000000
0.686868686869, 0.555555555556, 1.15739286, 1.00000000, 1.00000000, 1.00000000
0.686868686869, 0.565656565657, 1.16423101, 1.00000000, 1.00000000, 1.00000000
0.686868686869, 0.575757575758, 1.17040758, 1.00000000, 1.00000000, 1.00000000
0.686868686869, 0.585858585859, 1.17589749, 1.00000000, 1.00000000, 1.00000000
0.686868686869, 0.595959595960, 1.18067846, 1.00000000, 1.00000000, 1.00000000
0.686868686869, 0.606060606061, 1.18473108, 1.00000000, 1.00000000, 1.00000000
0.686868686869, 0.616161616162, 1.18803889, 1.00000000, 1.00000000, 1.00000000
0.686868686869, 0.626262626263, 1.19058843, 1.00000000, 1.00000000, 1.00000000
0.686868686869, 0.636363636364, 1.19236933, 1.00000000, 1.00000000, 1.00000000
0.686868686869, 0.646464646465, 1.19337430, 1.00000000, 1.00000000, 1.00000000
0.686868686869, 0.656565656566, 1.19359921, 1.00000000, 1.00000000, 1.00000000
0.686868686869, 0.666666666667, 1.19304322, 1.00000000, 1.00000000, 1.00000000
0.686868686869, 0.676767676768, 1.19170866, 1.00000000, 1.00000000, 1.00000000
0.686868686869, 0.686868686869, 1.18960100, 1.00000000, 1.00000000, 1.00000000
0.686868686869, 0.696969696970, 1.18672886, 1.00000000, 1.00000000, 1.00000000
0.686868686869, 0.707070707071, 1.18310393, 1.00000000, 1.00000000, 1.00000000
0.686868686869, 0.717171717172, 1.17874097, 1.00000000, 1.00000000, 1.00000000
0.686868686869, 0.727272727273, 1.17365771, 1.00000000, 1.00000000, 1.00000000
0.686868686869, 0.737373737374, 1.16787480, 1.00000000, 1.00000000, 1.00000000
0.686868686869, 0.747474747475, 1.16141572, 1.00000000, 1.00000000, 1.00000000
0.686868686869, 0.757575757576, 1.15430672, 1.00000000, 1.00000000, 1.00000000
0.686868686869, 0.767676767677, 1.14657664, 1.00000000, 1.00000000, 1.00000000
0.686868686869, 0.777777777778, 1.13825684, 1.00000000, 1.00000000, 1.00000000
0.686868686869, 0.787878787879, 1.12938109, 1.00000000, 1.00000000, 1.00000000
0.686868686869, 0.797979797980, 1.11998539, 1.00000000, 1.00000000, 1.00000000
0.686868686869, 0.808080808081, 1.11010781, 1.00000000, 1.00000000, 1.00000000
0.686868686869, 0.818181818182, 1.09978841, 1.00000000, 1.00000000, 1.00000000
0.686868686869, 0.828282828283, 1.08906897, 1.00000000, 1.00000000, 1.00000000
0.686868686869, 0.838383838384, 1.07799293, 1.00000000, 1.00000000, 1.00000000
0.686868686869, 0.848484848485, 1.06660511, 1.00000000, 1.00000000, 1.00000000
0.686868686869, 0.858585858586, 1.05495159, 1.00000000, 1.00000000, 1.00000000
0.686868686869, 0.868686868687, 1.04307949, 1.00000000, 1.00000000, 1.00000000
0.686868686869, 0.878787878788, 1.03103680, 1.00000000, 1.00000000, 1.00000000
0.686868686869, 0.888888888889, 1.01887216, 1.00000000, 1.00000000, 1.00000000
0.686868686869, 0.898989898990, 1.00663469, 1.00000000, 1.00000000, 1.00000000
0.686868686869, 0.909090909091, 0.99437374, 1.00000000, 1.00000000, 1.00000000
0.686868686869, 0.919191919192, 0.98213877, 1.00000000, 1.00000000, 1.00000000
0.686868686869, 0.929292929293, 0.96997921, 1.00000000, 1.00000000, 1.00000000
0.686868686869, 0.939393939394, 0.95794441, 1.00000000, 1.00000000, 1.00000000
0.686868686869, 0.949494949495, 0.94608406, 1.00000000, 1.00000000, 1.00000000
0.686868686869, 0.959595959596, 0.93444912, 1.00000000, 1.00000000, 1.00000000
0.696969696970, -0.000000000000, 0.87234395, 1.00000000, 1.00000000, 1.00000000
0.696969696970, 0.010101010101, 0.86388588, 1.00000000, 1.00000000, 1.00000000
0.696969696970, 0.020202020202, 0.85610712, 1.00000000, 1.00000000, 1.00000000
0.696969696970, 0.030303030303, 0.84899671, 1.00000000, 1.00000000, 1.00000000
0.696969696970, 0.040404040404, 0.84250469, 1.00000000, 1.00000000, 1.00000000
0.696969696970, 0.050505050505, 0.83656066, 1.00000000, 1.00000000, 1.00000000
0.696969696970, 0.060606060606, 0.83110191, 1.00000000, 1.00000000, 1.00000000
0.696969696970, 0.070707070707, 0.82609814, 1.00000000, 1.00000000, 1.00000000
0.696969696970, 0.080808080808, 0.82156146, 1.00000000, 1.00000000, 1.00000000
0.696969696970, 0.090909090909, 0.81753942, 1.00000000, 1.00000000, 1.00000000
0.696969696970, 0.101010101010, 0.81409752, 1.00000000, 1.00000000, 1.00000000
0.696969696970, 0.111111111111, 0.81130106, 1.00000000, 1.00000000, 1.00000000
0.696969696970, 0.121212121212, 0.80920320, 1.00000000, 1.00000000, 1.00000000
0.696969696970, 0.131313131313, 0.80784089, 1.00000000, 1.00000000, 1.00000000
0.696969696970, 0.141414141414, 0.80723627, 1.00000000, 1.00000000, 1.00000000
0.696969696970, 0.151515151515, 0.80740023, 1.00000000, 1.00000000, 1.00000000
0.696969696970, 0.161616161616, 0.80833579, 1.00000000, 1.00000000, 1.00000000
0.696969696970, 0.171717171717, 0.81004065, 1.00000000, 1.00000000, 1.00000000
0.696969696970, 0.181818181818, 0.81250855, 1.00000000, 1.00000000, 1.00000000
0.696969696970, 0.191919191919, 0.81572985, 1.00000000, 1.00000000, 1.00000000
0.696969696970, 0.202020202020, 0.81969182, 1.00000000, 1.00000000, 1.00000000
0.696969696970, 0.212121212121, 0.82437880, 1.00000000, 1.00000000, 1.00000000
0.696969696970, 0.222222222222, 0.82977220, 1.00000000, 1.00000000, 1.00000000
0.696969696970, 0.232323232323, 0.83585065, 1.00000000, 1.00000000, 1.00000000
0.696969696970, 0.242424242424, 0.84259003, 1.00000000, 1.00000000, 1.00000000
0.696969696970, 0.252525252525, 0.84996358, 1.00000000, 1.00000000, 1.00000000
0.696969696970, 0.262626262626, 0.85794198, 1.00000000, 1.00000000, 1.00000000
0.696969696970, 0.272727272727, 0.86649347, 1.00000000, 1.00000000, 1.00000000
0.696969696970, 0.282828282828, 0.87558398, 1.00000000, 1.00000000, 1.00000000
0.696969696970, 0.292929292929, 0.88517725, 1.00000000, 1.00000000, 1.00000000
0.696969696970, 0.303030303030, 0.89523496, 1.00000000, 1.00000000, 1.00000000
0.696969696970, 0.313131313131, 0.90571690, 1.00000000, 1.00000000, 1.00000000
0.696969696970, 0.323232323232, 0.91658111, 1.00000000, 1.00000000, 1.00000000
0.696969696970, 0.333333333333, 0.92778406, 1.00000000, 1.00000000, 1.00000000
0.696969696970, 0.343434343434, 0.93928082, 1.00000000, 1.00000000, 1.00000000
0.696969696970, 0.353535353535, 0.95102522, 1.00000000, 1.00000000, 1.00000000
0.696969696970, 0.363636363636, 0.96297005, 1.00000000, 1.00000000, 1.00000000
0.696969696970, 0.373737373737, 0.97506728, 1.00000000, 1.00000000, 1.00000000
0.696969696970, 0.383838383838, 0.98726819, 1.00000000, 1.00000000, 1.00000000
0.696969696970, 0.393939393939, 0.99952363, 1.00000000, 1.00000000, 1.00000000
0.696969696970, 0.404040404040, 1.01178417, 1.00000000, 1.00000000, 1.00000000
0.696969696970, 0.414141414141, 1.02400034, 1.00000000, 1.00000000, 1.00000000
0.696969696970, 0.424242424242, 1.03612281, 1.00000000, 1.00000000, 1.00000000
0.696969696970, 0.434343434343, 1.04810261, 1.00000000, 1.00000000, 1.00000000
0.696969696970, 0.444444444444, 1.05989131, 1.00000000, 1.00000000, 1.00000000
0.696969696970, 0.454545454545, 1.07144123, 1.00000000, 1.00000000, 1.00000000
0.696969696970, 0.464646464646, 1.08270564, 1.00000000, 1.00000000, 1.00000000
0.696969696970, 0.474747474747, 1.09363893, 1.00000000, 1.00000000, 1.00000000
0.696969696970, 0.484848484848, 1.10419683, 1.00000000, 1.00000000, 1.00000000
0.696969696970, 0.494949494949, 1.11433657, 1.00000000, 1.00000000, 1.00000000
0.696969696970, 0.505050505051, 1.12401706, 1.00000000, 1.00000000, 1.00000000
0.696969696970, 0.515151515152, 1.13319906, 1.00000000, 1.00000000, 1.00000000
0.696969696970, 0.525252525253, 1.14184536, 1.00000000, 1.00000000, 1.00000000
0.696969696970, 0.535353535354, 1.14992087, 1.00000000, 1.00000000, 1.00000000
0.696969696970, 0.545454545455, 1.15739286, 1.00000000, 1.00000000, 1.00000000
0.696969696970, 0.555555555556, 1.16423101, 1.00000000, 1.00000000, 1.00000000
0.696969696970, 0.565656565657, 1.17040758, 1.00000000, 1.00000000, 1.00000000
0.696969696970, 0.575757575758, 1.17589749, 1.00000000, 1.00000000, 1.00000000
0.696969696970, 0.585858585859, 1.18067846, 1.00000000, 1.00000000, 1.00000000
0.696969696970, 0.595959595960, 1.18473108, 1.00000000, 1.00000000, 1.00000000
0.696969696970, 0.606060606061, 1.18803889, 1.00000000, 1.00000000, 1.00000000
0.696969696970, 0.616161616162, 1.19058843, 1.00000000, 1.00000000, 1.00000000
0.696969696970, 0.626262626263, 1.19236933, 1.00000000, 1.00000000, 1.00000000
0.696969696970, 0.636363636364, 1.19337430, 1.00000000, 1.00000000, 1.00000000
0.696969696970, 0.646464646465, 1.19359921, 1.00000000, 1.00000000, 1.00000000
0.696969696970, 0.656565656566, 1.19304322, 1.00000000, 1.00000000, 1.00000000
0.696969696970, 0.666666666667, 1.19170866, 1.00000000, 1.00000000, 1.00000000
0.696969696970, 0.676767676768, 1.18960100, 1.00000000, 1.00000000, 1.00000000
0.696969696970, 0.686868686869, 1.18672886, 1.00000000, 1.00000000, 1.00000000
0.696969696970, 0.696969696970, 1.18310393, 1.00000000, 1.00000000, 1.00000000
0.696969696970, 0.707070707071, 1.17874097, 1.00000000, 1.00000000, 1.00000000
0.696969696970, 0.717171717172, 1.17365771, 1.00000000, 1.00000000, 1.00000000
0.696969696970, 0.727272727273, 1.16787480, 1.00000000, 1.00000000, 1.00000000
0.696969696970, 0.737373737374, 1.16141572, 1.00000000, 1.00000000, 1.00000000
0.696969696970, 0.747474747475, 1.15430672, 1.00000000, 1.00000000, 1.00000000
0.696969696970, 0.757575757576, 1.14657664, 1.00000000, 1.00000000, 1.00000000
0.696969696970, 0.767676767677, 1.13825684, 1.00000000, 1.00000000, 1.00000000
0.696969696970, 0.777777777778, 1.12938109, 1.00000000, 1.00000000, 1.00000000
0.696969696970, 0.787878787879, 1.11998539, 1.00000000, 1.00000000, 1.00000000
0.696969696970, 0.797979797980, 1.11010781, 1.00000000, 1.00000000, 1.00000000
0.696969696970, 0.808080808081, 1.09978841, 1.00000000, 1.00000000, 1.00000000
0.696969696970, 0.818181818182, 1.08906897, 1.00000000, 1.00000000, 1.00000000
0.696969696970, 0.828282828283, 1.07799293, 1.00000000, 1.00000000, 1.00000000
0.696969696970, 0.838383838384, 1.06660511, 1.00000000, 1.00000000, 1.00000000
0.696969696970, 0.848484848485, 1.05495159, 1.00000000, 1.00000000, 1.00000000
0.696969696970, 0.858585858586, 1.04307949, 1.00000000, 1.00000000, 1.00000000
0.696969696970, 0.868686868687, 1.03103680, 1.00000000, 1.00000000, 1.00000000
0.696969696970, 0.878787878788, 1.01887216, 1.00000000, 1.00000000, 1.00000000
0.696969696970, 0.888888888889, 1.00663468, 1.00000000, 1.00000000, 1.00000000
0.696969696970, 0.898989898990, 0.99437372, 1.00000000, 1.00000000, 1.00000000
0.696969696970, 0.909090909091, 0.98213872, 1.00000000, 1.00000000, 1.00000000
0.696969696970, 0.919191919192, 0.96997897, 1.00000000, 1.00000000, 1.00000000
0.696969696970, 0.929292929293, 0.95794355, 1.00000000, 1.00000000, 1.00000000
0.696969696970, 0.939393939394, 0.94608124, 1.00000000, 1.00000000, 1.00000000
0.696969696970, 0.949494949495, 0.93444089, 1.00000000, 1.00000000, 1.00000000
0.696969696970, 0.959595959596, 0.92307226, 1.00000000, 1.00000000, 1.00000000
0.707070707071, -0.000000000000, 0.86341138, 1.00000000, 1.00000000, 1.00000000
0.707070707071, 0.010101010101, 0.85545916, 1.00000000, 1.00000000, 1.00000000
0.707070707071, 0.020202020202, 0.84820093, 1.00000000, 1.00000000, 1.00000000
0.707070707071, 0.030303030303, 0.84162521, 1.00000000, 1.00000000, 1.00000000
0.707070707071, 0.040404040404, 0.83568541, 1.00000000, 1.00000000, 1.00000000
0.707070707071, 0.050505050505, 0.83031711, 1.00000000, 1.00000000, 1.00000000
0.707070707071, 0.060606060606, 0.82546377, 1.00000000, 1.00000000, 1.00000000
0.707070707071, 0.070707070707, 0.82109905, 1.00000000, 1.00000000, 1.00000000
0.707070707071, 0.080808080808, 0.81723540, 1.00000000, 1.00000000, 1.00000000
0.707070707071, 0.090909090909, 0.81391725, 1.00000000, 1.00000000, 1.00000000
0.707070707071, 0.101010101010, 0.81120469, 1.00000000, 1.00000000, 1.00000000
0.707070707071, 0.111111111111, 0.80915678, 1.00000000, 1.00000000, 1.00000000
0.707070707071, 0.121212121212, 0.80782077, 1.00000000, 1.00000000, 1.00000000
0.707070707071, 0.131313131313, 0.80722844, 1.00000000, 1.00000000, 1.00000000
0.707070707071, 0.141414141414, 0.80739749, 1.00000000, 1.00000000, 1.00000000
0.707070707071, 0.151515151515, 0.80833493, 1.00000000, 1.00000000, 1.00000000
0.707070707071, 0.161616161616, 0.81004041, 1.00000000, 1.00000000, 1.00000000
0.707070707071, 0.171717171717, 0.81250849, 1.00000000, 1.00000000, 1.00000000
0.707070707071, 0.181818181818, 0.81572983, 1.00000000, 1.00000000, 1.00000000
0.707070707071, 0.191919191919, 0.81969182, 1.00000000, 1.00000000, 1.00000000
0.707070707071, 0.202020202020, 0.82437880, 1.00000000, 1.00000000, 1.00000000
0.707070707071, 0.212121212121, 0.82977220, 1.00000000, 1.00000000, 1.00000000
0.707070707071, 0.222222222222, 0.83585065, 1.00000000, 1.00000000, 1.00000000
0.707070707071, 0.232323232323, 0.84259003, 1.00000000, 1.00000000, 1.00000000
0.707070707071, 0.242424242424, 0.84996358, 1.00000000, 1.00000000, 1.00000000
0.707070707071, 0.252525252525, 0.85794198, 1.00000000, 1.00000000, 1.00000000
0.707070707071, 0.262626262626, 0.86649347, 1.00000000, 1.00000000, 1.00000000
0.707070707071, 0.272727272727, 0.87558398, 1.00000000, 1.00000000, 1.00000000
0.707070707071, 0.282828282828, 0.88517725, 1.00000000, 1.00000000, 1.00000000
0.707070707071, 0.292929292929, 0.89523496, 1.00000000, 1.00000000, 1.00000000
0.707070707071, 0.303030303030, 0.90571690, 1.00000000, 1.00000000, 1.00000000
0.707070707071, 0.313131313131, 0.91658111, 1.00000000, 1.00000000, 1.00000000
0.707070707071, 0.323232323232, 0.92778406, 1.00000000, 1.00000000, 1.00000000
0.707070707071, 0.333333333333, 0.93928082, 1.00000000, 1.00000000, 1.00000000
0.707070707071, 0.343434343434, 0.95102522, 1.00000000, 1.00000000, 1.00000000
0.707070707071, 0.353535353535, 0.96297005, 1.00000000, 1.00000000, 1.00000000
0.707070707071, 0.363636363636, 0.97506728, 1.00000000, 1.00000000, 1.00000000
0.707070707071, 0.373737373737, 0.98726819, 1.00000000, 1.00000000, 1.00000000
0.707070707071, 0.383838383838, 0.99952363, 1.00000000, 1.00000000, 1.00000000
0.707070707071, 0.393939393939, 1.01178417, 1.00000000, 1.00000000, 1.00000000
0.707070707071, 0.404040404040, 1.02400034, 1.00000000, 1.00000000, 1.00000000
0.707070707071, 0.414141414141, 1.03612281, 1.00000000, 1.00000000, 1.00000000
0.707070707071, 0.424242424242, 1.04810261, 1.00000000, 1.00000000, 1.00000000
0.707070707071, 0.434343434343, 1.05989131, 1.00000000, 1.00000000, 1.00000000
0.707070707071, 0.444444444444, 1.07144123, 1.00000000, 1.00000000, 1.00000000
0.707070707071, 0.454545454545, 1.08270564, 1.00000000, 1.00000000, 1.00000000
0.707070707071, 0.464646464646, 1.09363893, 1.00000000, 1.00000000, 1.00000000
0.707070707071, 0.474747474747, 1.10419683, 1.00000000, 1.00000000, 1.00000000
0.707070707071, 0.484848484848, 1.11433657, 1.00000000, 1.00000000, 1.00000000
0.707070707071, 0.494949494949, 1.12401706, 1.00000000, 1.00000000, 1.00000000
0.707070707071, 0.505050505051, 1.13319906, 1.00000000, 1.00000000, 1.00000000
0.707070707071, 0.515151515152, 1.14184536, 1.00000000, 1.00000000, 1.00000000
0.707070707071, 0.525252525253, 1.14992087, 1.00000000, 1.00000000, 1.00000000
0.707070707071, 0.535353535354, 1.15739286, 1.00000000, 1.00000000, 1.00000000
0.707070707071, 0.545454545455, 1.16423101, 1.00000000, 1.00000000, 1.00000000
0.707070707071, 0.555555555556, 1.17040758, 1.00000000, 1.00000000, 1.00000000
0.707070707071, 0.565656565657, 1.17589749, 1.00000000, 1.00000000, 1.00000000
0.707070707071, 0.575757575758, 1.18067846, 1.00000000, 1.00000000, 1.00000000
0.707070707071, 0.585858585859, 1.18473108, 1.00000000, 1.00000000, 1.00000000
0.707070707071, 0.595959595960, 1.18803889, 1.00000000, 1.00000000, 1.00000000
0.707070707071, 0.606060606061, 1.19058843, 1.00000000, 1.00000000, 1.00000000
0.707070707071, 0.616161616162, 1.19236933, 1.00000000, 1.00000000, 1.00000000
0.707070707071, 0.626262626263, 1.19337430, 1.00000000, 1.00000000, 1.00000000
0.707070707071, 0.636363636364, 1.19359921, 1.00000000, 1.00000000, 1.00000000
0.707070707071, 0.646464646465, 1.19304322, 1.00000000, 1.00000000, 1.00000000
0.707070707071, 0.656565656566, 1.19170866, 1.00000000, 1.00000000, 1.00000000
0.707070707071, 0.666666666667, 1.18960100, 1.00000000, 1.00000000, 1.00000000
0.707070707071, 0.676767676768, 1.18672886, 1.00000000, 1.00000000, 1.00000000
0.707070707071, 0.686868686869, 1.18310393, 1.00000000, 1.00000000, 1.00000000
0.707070707071, 0.696969696970, 1.17874097, 1.00000000, 1.00000000, 1.00000000
0.707070707071, 0.707070707071, 1.17365771, 1.00000000, 1.00000000, 1.00000000
0.707070707071, 0.717171717172, 1.16787480, 1.00000000, 1.00000000, 1.00000000
0.707070707071, 0.727272727273, 1.16141572, 1.00000000, 1.00000000, 1.00000000
0.707070707071, 0.737373737374, 1.15430672, 1.00000000, 1.00000000, 1.00000000
0.707070707071, 0.747474747475, 1.14657664, 1.00000000, 1.00000000, 1.00000000
0.707070707071, 0.757575757576, 1.13825684, 1.00000000, 1.00000000, 1.00000000
0.707070707071, 0.767676767677, 1.12938109, 1.00000000, 1.00000000, 1.00000000
0.707070707071, 0.777777777778, 1.11998539, 1.00000000, 1.00000000, 1.00000000
0.707070707071, 0.787878787879, 1.11010781, 1.00000000, 1.00000000, 1.00000000
0.707070707071, 0.797979797980, 1.09978841, 1.00000000, 1.00000000, 1.00000000
0.707070707071, 0.808080808081, 1.08906897, 1.00000000, 1.00000000, 1.00000000
0.707070707071, 0.818181818182, 1.07799293, 1.00000000, 1.00000000, 1.00000000
0.707070707071, 0.828282828283, 1.06660511, 1.00000000, 1.00000000, 1.00000000
0.707070707071, 0.838383838384, 1.05495159, 1.00000000, 1.00000000, 1.00000000
0.707070707071, 0.848484848485, 1.04307949, 1.00000000, 1.00000000, 1.00000000
0.707070707071, 0.858585858586, 1.03103680, 1.00000000, 1.00000000, 1.00000000
0.707070707071, 0.868686868687, 1.01887216, 1.00000000, 1.00000000, 1.00000000
0.707070707071, 0.878787878788, 1.00663468, 1.00000000, 1.00000000, 1.00000000
0.707070707071, 0.888888888889, 0.99437372, 1.00000000, 1.00000000, 1.00000000
0.707070707071, 0.898989898990, 0.98213870, 1.00000000, 1.00000000, 1.00000000
0.707070707071, 0.909090909091, 0.96997892, 1.00000000, 1.00000000, 1.00000000
0.707070707071, 0.919191919192, 0.95794332, 1.00000000, 1.00000000, 1.00000000
0.707070707071, 0.929292929293, 0.94608043, 1.00000000, 1.00000000, 1.00000000
0.707070707071, 0.939393939394, 0.93443826, 1.00000000, 1.00000000, 1.00000000
0.707070707071, 0.949494949495, 0.92306462, 1.00000000, 1.00000000, 1.00000000
0.707070707071, 0.959595959596, 0.91200785, 1.00000000, 1.00000000, 1.00000000
0.717171717172, -0.000000000000, 0.85502918, 1.00000000, 1.00000000, 1.00000000
0.717171717172, 0.010101010101, 0.84761444, 1.00000000, 1.00000000, 1.00000000
0.717171717172, 0.020202020202, 0.84090572, 1.00000000, 1.00000000, 1.00000000
0.717171717172, 0.030303030303, 0.83489106, 1.00000000, 1.00000000, 1.00000000
0.717171717172, 0.040404040404, 0.82952738, 1.00000000, 1.00000000, 1.00000000
0.717171717172, 0.050505050505, 0.82475638, 1.00000000, 1.00000000, 1.00000000
0.717171717172, 0.060606060606, 0.82052789, 1.00000000, 1.00000000, 1.00000000
0.717171717172, 0.070707070707, 0.81681957, 1.00000000, 1.00000000, 1.00000000
0.717171717172, 0.080808080808, 0.81364424, 1.00000000, 1.00000000, 1.00000000
0.717171717172, 0.090909090909, 0.81104307, 1.00000000, 1.00000000, 1.00000000
0.717171717172, 0.101010101010, 0.80907055, 1.00000000, 1.00000000, 1.00000000
0.717171717172, 0.111111111111, 0.80777933, 1.00000000, 1.00000000, 1.00000000
0.717171717172, 0.121212121212, 0.80721052, 1.00000000, 1.00000000, 1.00000000
0.717171717172, 0.131313131313, 0.80739053, 1.00000000, 1.00000000, 1.00000000
0.717171717172, 0.141414141414, 0.80833251, 1.00000000, 1.00000000, 1.00000000
0.717171717172, 0.151515151515, 0.81003966, 1.00000000, 1.00000000, 1.00000000
0.717171717172, 0.161616161616, 0.81250828, 1.00000000, 1.00000000, 1.00000000
0.717171717172, 0.171717171717, 0.81572978, 1.00000000, 1.00000000, 1.00000000
0.717171717172, 0.181818181818, 0.81969181, 1.00000000, 1.00000000, 1.00000000
0.717171717172, 0.191919191919, 0.82437879, 1.00000000, 1.00000000, 1.00000000
0.717171717172, 0.202020202020, 0.82977220, 1.00000000, 1.00000000, 1.00000000
0.717171717172, 0.212121212121, 0.83585065, 1.00000000, 1.00000000, 1.00000000
0.717171717172, 0.222222222222, 0.84259003, 1.00000000, 1.00000000, 1.00000000
0.717171717172, 0.232323232323, 0.84996358, 1.00000000, 1.00000000, 1.00000000
0.717171717172, 0.242424242424, 0.85794198, 1.00000000, 1.00000000, 1.00000000
0.717171717172, 0.252525252525, 0.86649347, 1.00000000, 1.00000000, 1.00000000
0.717171717172, 0.262626262626, 0.87558398, 1.00000000, 1.00000000, 1.00000000
0.717171717172, 0.272727272727, 0.88517725, 1.00000000, 1.00000000, 1.00000000
0.717171717172, 0.282828282828, 0.89523496, 1.00000000, 1.00000000, 1.00000000
0.717171717172, 0.292929292929, 0.90571690, 1.00000000, 1.00000000, 1.00000000
0.717171717172, 0.303030303030, 0.91658111, 1.00000000, 1.00000000, 1.00000000
0.717171717172, 0.313131313131, 0.92778406, 1.00000000, 1.00000000, 1.00000000
0.717171717172, 0.323232323232, 0.93928082, 1.00000000, 1.00000000, 1.00000000
0.717171717172, 0.333333333333, 0.95102522, 1.00000000, 1.00000000, 1.00000000
0.717171717172, 0.343434343434, 0.96297005, 1.00000000, 1.00000000, 1.00000000
0.717171717172, 0.353535353535, 0.97506728, 1.00000000, 1.00000000, 1.00000000
0.717171717172, 0.363636363636, 0.98726819, 1.00000000, 1.00000000, 1.00000000
0.717171717172, 0.373737373737, 0.99952363, 1.00000000, 1.00000000, 1.00000000
0.717171717172, 0.383838383838, 1.01178417, 1.00000000, 1.00000000, 1.00000000
0.717171717172, 0.393939393939, 1.02400034, 1.00000000, 1.00000000, 1.00000000
0.717171717172, 0.404040404040, 1.03612281, 1.00000000, 1.00000000, 1.00000000
0.717171717172, 0.414141414141, 1.04810261, 1.00000000, 1.00000000, 1.00000000
0.717171717172, 0.424242424242, 1.05989131, 1.00000000, 1.00000000, 1.00000000
0.717171717172, 0.434343434343, 1.07144123, 1.00000000, 1.00000000, 1.00000000
0.717171717172, 0.444444444444, 1.08270564, 1.00000000, 1.00000000, 1.00000000
0.717171717172, 0.454545454545, 1.09363893, 1.00000000, 1.00000000, 1.00000000
0.717171717172, 0.464646464646, 1.10419683, 1.00000000, 1.00000000, 1.00000000
0.717171717172, 0.474747474747, 1.11433657, 1.00000000, 1.00000000, 1.00000000
0.717171717172, 0.484848484848, 1.12401706, 1.00000000, 1.00000000, 1.00000000
0.717171717172, 0.494949494949, 1.13319906, 1.00000000, 1.00000000, 1.00000000
0.717171717172, 0.505050505051, 1.14184536, 1.00000000, 1.00000000, 1.00000000
0.717171717172, 0.515151515152, 1.14992087, 1.00000000, 1.00000000, 1.00000000
0.717171717172, 0.525252525253, 1.15739286, 1.00000000, 1.00000000, 1.00000000
0.717171717172, 0.535353535354, 1.16423101, 1.00000000, 1.00000000, 1.00000000
0.717171717172, 0.545454545455, 1.17040758, 1.00000000, 1.00000000, 1.00000000
0.717171717172, 0.555555555556, 1.17589749, 1.00000000, 1.00000000, 1.00000000
0.717171717172, 0.565656565657, 1.18067846, 1.00000000, 1.00000000, 1.00000000
0.717171717172, 0.575757575758, 1.18473108, 1.00000000, 1.00000000, 1.00000000
0.717171717172, 0.585858585859, 1.18803889, 1.00000000, 1.00000000, 1.00000000
0.717171717172, 0.595959595960, 1.19058843, 1.00000000, 1.00000000, 1.00000000
0.717171717172, 0.606060606061, 1.19236933, 1.00000000, 1.00000000, 1.00000000
0.717171717172, 0.616161616162, 1.19337430, 1.00000000, 1.00000000, 1.00000000
0.717171717172, 0.626262626263, 1.19359921, 1.00000000, 1.00000000, 1.00000000
0.717171717172, 0.636363636364, 1.19304322, 1.00000000, 1.00000000, 1.00000000
0.717171717172, 0.646464646465, 1.19170866, 1.00000000, 1.00000000, 1.00000000
0.717171717172, 0.656565656566, 1.18960100, 1.00000000, 1.00000000, 1.00000000
0.717171717172, 0.666666666667, 1.18672886, 1.00000000, 1.00000000, 1.00000000
0.717171717172, 0.676767676768, 1.18310393, 1.00000000, 1.00000000, 1.00000000
0.717171717172, 0.686868686869, 1.17874097, 1.00000000, 1.00000000, 1.00000000
0.717171717172, 0.696969696970, 1.17365771, 1.00000000, 1.00000000, 1.00000000
0.717171717172, 0.707070707071, 1.16787480, 1.00000000, 1.00000000, 1.00000000
0.717171717172, 0.717171717172, 1.16141572, 1.00000000, 1.00000000, 1.00000000
0.717171717172, 0.727272727273, 1.15430672, 1.00000000, 1.00000000, 1.00000000
0.717171717172, 0.737373737374, 1.14657664, 1.00000000, 1.00000000, 1.00000000
0.717171717172, 0.747474747475, 1.13825684, 1.00000000, 1.00000000, 1.00000000
0.717171717172, 0.757575757576, 1.12938109, 1.00000000, 1.00000000, 1.00000000
0.717171717172, 0.767676767677, 1.11998539, 1.00000000, 1.00000000, 1.00000000
0.717171717172, 0.777777777778, 1.11010781, 1.00000000, 1.00000000, 1.00000000
0.717171717172, 0.787878787879, 1.09978841, 1.00000000, 1.00000000, 1.00000000
0.717171717172, 0.797979797980, 1.08906897, 1.00000000, 1.00000000, 1.00000000
0.717171717172, 0.808080808081, 1.07799293, 1.00000000, 1.00000000, 1.00000000
0.717171717172, 0.818181818182, 1.06660511, 1.00000000, 1.00000000, 1.00000000
0.717171717172, 0.828282828283, 1.05495159, 1.00000000, 1.00000000, 1.00000000
0.717171717172, 0.838383838384, 1.04307949, 1.00000000, 1.00000000, 1.00000000
0.717171717172, 0.848484848485, 1.03103680, 1.00000000, 1.00000000, 1.00000000
0.717171717172, 0.858585858586, 1.01887216, 1.00000000, 1.00000000, 1.00000000
0.717171717172, 0.868686868687, 1.00663468, 1.00000000, 1.00000000, 1.00000000
0.717171717172, 0.878787878788, 0.99437372, 1.00000000, 1.00000000, 1.00000000
0.717171717172, 0.888888888889, 0.98213870, 1.00000000, 1.00000000, 1.00000000
0.717171717172, 0.898989898990, 0.96997890, 1.00000000, 1.00000000, 1.00000000
0.717171717172, 0.909090909091, 0.95794327, 1.00000000, 1.00000000, 1.00000000
0.717171717172, 0.919191919192, 0.94608022, 1.00000000, 1.00000000, 1.00000000
0.717171717172, 0.929292929293, 0.93443752, 1.00000000, 1.00000000, 1.00000000
0.717171717172, 0.939393939394, 0.92306221, 1.00000000, 1.00000000, 1.00000000
0.717171717172, 0.949494949495, 0.91200086, 1.00000000, 1.00000000, 1.00000000
0.717171717172, 0.959595959596, 0.90130023, 1.00000000, 1.00000000, 1.00000000
0.727272727273, -0.000000000000, 0.84723074, 1.00000000, 1.00000000, 1.00000000
0.727272727273, 0.010101010101, 0.84038298, 1.00000000, 1.00000000, 1.00000000
0.727272727273, 0.020202020202, 0.83425054, 1.00000000, 1.00000000, 1.00000000
0.727272727273, 0.030303030303, 0.82882106, 1.00000000, 1.00000000, 1.00000000
0.727272727273, 0.040404040404, 0.82405506, 1.00000000, 1.00000000, 1.00000000
0.727272727273, 0.050505050505, 0.81990055, 1.00000000, 1.00000000, 1.00000000
0.727272727273, 0.060606060606, 0.81631382, 1.00000000, 1.00000000, 1.00000000
0.727272727273, 0.070707070707, 0.81327668, 1.00000000, 1.00000000, 1.00000000
0.727272727273, 0.080808080808, 0.81080224, 1.00000000, 1.00000000, 1.00000000
0.727272727273, 0.090909090909, 0.80892831, 1.00000000, 1.00000000, 1.00000000
0.727272727273, 0.101010101010, 0.80770364, 1.00000000, 1.00000000, 1.00000000
0.727272727273, 0.111111111111, 0.80717426, 1.00000000, 1.00000000, 1.00000000
0.727272727273, 0.121212121212, 0.80737491, 1.00000000, 1.00000000, 1.00000000
0.727272727273, 0.131313131313, 0.80832647, 1.00000000, 1.00000000, 1.00000000
0.727272727273, 0.141414141414, 0.81003757, 1.00000000, 1.00000000, 1.00000000
0.727272727273, 0.151515151515, 0.81250763, 1.00000000, 1.00000000, 1.00000000
0.727272727273, 0.161616161616, 0.81572960, 1.00000000, 1.00000000, 1.00000000
0.727272727273, 0.171717171717, 0.81969177, 1.00000000, 1.00000000, 1.00000000
0.727272727273, 0.181818181818, 0.82437878, 1.00000000, 1.00000000, 1.00000000
0.727272727273, 0.191919191919, 0.82977220, 1.00000000, 1.00000000, 1.00000000
0.727272727273, 0.202020202020, 0.83585065, 1.00000000, 1.00000000, 1.00000000
0.727272727273, 0.212121212121, 0.84259003, 1.00000000, 1.00000000, 1.00000000
0.727272727273, 0.222222222222, 0.84996358, 1.00000000, 1.00000000, 1.00000000
0.727272727273, 0.232323232323, 0.85794198, 1.00000000, 1.00000000, 1.00000000
0.727272727273, 0.242424242424, 0.86649347, 1.00000000, 1.00000000, 1.00000000
0.727272727273, 0.252525252525, 0.87558398, 1.00000000, 1.00000000, 1.00000000
0.727272727273, 0.262626262626, 0.88517725, 1.00000000, 1.00000000, 1.00000000
0.727272727273, 0.272727272727, 0.89523496, 1.00000000, 1.00000000, 1.00000000
0.727272727273, 0.282828282828, 0.90571690, 1.00000000, 1.00000000, 1.00000000
0.727272727273, 0.292929292929, 0.91658111, 1.00000000, 1.00000000, 1.00000000
0.727272727273, 0.303030303030, 0.92778406, 1.00000000, 1.00000000, 1.00000000
0.727272727273, 0.313131313131, 0.93928082, 1.00000000, 1.00000000, 1.00000000
0.727272727273, 0.323232323232, 0.95102522, 1.00000000, 1.00000000, 1.00000000
0.727272727273, 0.333333333333, 0.96297005, 1.00000000, 1.00000000, 1.00000000
0.727272727273, 0.343434343434, 0.97506728, 1.00000000, 1.00000000, 1.00000000
0.727272727273, 0.353535353535, 0.98726819, 1.00000000, 1.00000000, 1.00000000
0.727272727273, 0.363636363636, 0.99952363, 1.00000000, 1.00000000, 1.00000000
0.727272727273, 0.373737373737, 1.01178417, 1.00000000, 1.00000000, 1.00000000
0.727272727273, 0.383838383838, 1.02400034, 1.00000000, 1.00000000, 1.00000000
0.727272727273, 0.393939393939, 1.03612281, 1.00000000, 1.00000000, 1.00000000
0.727272727273, 0.404040404040, 1.04810261, 1.00000000, 1.00000000, 1.00000000
0.727272727273, 0.414141414141, 1.05989131, 1.00000000, 1.00000000, 1.00000000
0.727272727273, 0.424242424242, 1.07144123, 1.00000000, 1.00000000, 1.00000000
0.727272727273, 0.434343434343, 1.08270564, 1.00000000, 1.00000000, 1.00000000
0.727272727273, 0.444444444444, 1.09363893, 1.00000000, 1.00000000, 1.00000000
0.727272727273, 0.454545454545, 1.10419683, 1.00000000, 1.00000000, 1.00000000
0.727272727273, 0.464646464646, 1.11433657, 1.00000000, 1.00000000, 1.00000000
0.727272727273, 0.474747474747, 1.12401706, 1.00000000, 1.00000000, 1.00000000
0.727272727273, 0.484848484848, 1.13319906, 1.00000000, 1.00000000, 1.00000000
0.727272727273, 0.494949494949, 1.14184536, 1.00000000, 1.00000000, 1.00000000
0.727272727273, 0.505050505051, 1.14992087, 1.00000000, 1.00000000, 1.00000000
0.727272727273, 0.515151515152, 1.15739286, 1.00000000, 1.00000000, 1.00000000
0.727272727273, 0.525252525253, 1.16423101, 1.00000000, 1.00000000, 1.00000000
0.727272727273, 0.535353535354, 1.17040758, 1.00000000, 1.00000000, 1.00000000
0.727272727273, 0.545454545455, 1.17589749, 1.00000000, 1.00000000, 1.00000000
0.727272727273, 0.555555555556, 1.18067846, 1.00000000, 1.00000000, 1.00000000
0.727272727273, 0.565656565657, 1.18473108, 1.00000000, 1.00000000, 1.00000000
0.727272727273, 0.575757575758, 1.18803889, 1.00000000, 1.00000000, 1.00000000
0.727272727273, 0.585858585859, 1.19058843, 1.00000000, 1.00000000, 1.00000000
0.727272727273, 0.595959595960, 1.19236933, 1.00000000, 1.00000000, 1.00000000
0.727272727273, 0.606060606061, 1.19337430, 1.00000000, 1.00000000, 1.00000000
0.727272727273, 0.616161616162, 1.19359921, 1.00000000, 1.00000000, 1.00000000
0.727272727273, 0.626262626263, 1.19304322, 1.00000000, 1.00000000, 1.00000000
0.727272727273, 0.636363636364, 1.19170866, 1.00000000, 1.00000000, 1.00000000
0.727272727273, 0.646464646465, 1.18960100, 1.00000000, 1.00000000, 1.00000000
0.727272727273, 0.656565656566, 1.18672886, 1.00000000, 1.00000000, 1.00000000
0.727272727273, 0.666666666667, 1.18310393, 1.00000000, 1.00000000, 1.00000000
0.727272727273, 0.676767676768, 1.17874097, 1.00000000, 1.00000000, 1.00000000
0.727272727273, 0.686868686869, 1.17365771, 1.00000000, 1.00000000, 1.00000000
0.727272727273, 0.696969696970, 1.16787480, 1.00000000, 1.00000000, 1.00000000
0.727272727273, 0.707070707071, 1.16141572, 1.00000000, 1.00000000, 1.00000000
0.727272727273, 0.717171717172, 1.15430672, 1.00000000, 1.00000000, 1.00000000
0.727272727273, 0.727272727273, 1.14657664, 1.00000000, 1.00000000, 1.00000000
0.727272727273, 0.737373737374, 1.13825684, 1.00000000, 1.00000000, 1.00000000
0.727272727273, 0.747474747475, 1.12938109, 1.00000000, 1.00000000, 1.00000000
0.727272727273, 0.757575757576, 1.11998539, 1.00000000, 1.00000000, 1.00000000
0.727272727273, 0.767676767677, 1.11010781, 1.00000000, 1.00000000, 1.00000000
0.727272727273, 0.777777777778, 1.09978841, 1.00000000, 1.00000000, 1.00000000
0.727272727273, 0.787878787879, 1.08906897, 1.00000000, 1.00000000, 1.00000000
0.727272727273, 0.797979797980, 1.07799293, 1.00000000, 1.00000000, 1.00000000
0.727272727273, 0.808080808081, 1.06660511, 1.00000000, 1.00000000, 1.00000000
0.727272727273, 0.818181818182, 1.05495159, 1.00000000, 1.00000000, 1.00000000
0.727272727273, 0.828282828283, 1.04307949, 1.00000000, 1.00000000, 1.00000000
0.727272727273, 0.838383838384, 1.03103680, 1.00000000, 1.00000000, 1.00000000
0.727272727273, 0.848484848485, 1.01887216, 1.00000000, 1.00000000, 1.00000000
0.727272727273, 0.858585858586, 1.00663468, 1.00000000, 1.00000000, 1.00000000
0.727272727273, 0.868686868687, 0.99437372, 1.00000000, 1.00000000, 1.00000000
0.727272727273, 0.878787878788, 0.98213870, 1.00000000, 1.00000000, 1.00000000
0.727272727273, 0.888888888889, 0.96997890, 1.00000000, 1.00000000, 1.00000000
0.727272727273, 0.898989898990, 0.95794326, 1.00000000, 1.00000000, 1.00000000
0.727272727273, 0.909090909091, 0.94608018, 1.00000000, 1.00000000, 1.00000000
0.727272727273, 0.919191919192, 0.93443733, 1.00000000, 1.00000000, 1.00000000
0.727272727273, 0.929292929293, 0.92306153, 1.00000000, 1.00000000, 1.00000000
0.727272727273, 0.939393939394, 0.91199868, 1.00000000, 1.00000000, 1.00000000
0.727272727273, 0.949494949495, 0.90129393, 1.00000000, 1.00000000, 1.00000000
0.727272727273, 0.959595959596, 0.89099222, 1.00000000, 1.00000000, 1.00000000
0.737373737374, -0.000000000000, 0.84004714, 1.00000000, 1.00000000, 1.00000000
0.737373737374, 0.010101010101, 0.83379356, 1.00000000, 1.00000000, 1.00000000
0.737373737374, 0.020202020202, 0.82826186, 1.00000000, 1.00000000, 1.00000000
0.737373737374, 0.030303030303, 0.82343933, 1.00000000, 1.00000000, 1.00000000
0.737373737374, 0.040404040404, 0.81929018, 1.00000000, 1.00000000, 1.00000000
0.737373737374, 0.050505050505, 0.81576886, 1.00000000, 1.00000000, 1.00000000
0.737373737374, 0.060606060606, 0.81283829, 1.00000000, 1.00000000, 1.00000000
0.737373737374, 0.070707070707, 0.81048442, 1.00000000, 1.00000000, 1.00000000
0.737373737374, 0.080808080808, 0.80872067, 1.00000000, 1.00000000, 1.00000000
0.737373737374, 0.090909090909, 0.80758142, 1.00000000, 1.00000000, 1.00000000
0.737373737374, 0.101010101010, 0.80710947, 1.00000000, 1.00000000, 1.00000000
0.737373737374, 0.111111111111, 0.80734401, 1.00000000, 1.00000000, 1.00000000
0.737373737374, 0.121212121212, 0.80831322, 1.00000000, 1.00000000, 1.00000000
0.737373737374, 0.131313131313, 0.81003247, 1.00000000, 1.00000000, 1.00000000
0.737373737374, 0.141414141414, 0.81250588, 1.00000000, 1.00000000, 1.00000000
0.737373737374, 0.151515151515, 0.81572906, 1.00000000, 1.00000000, 1.00000000
0.737373737374, 0.161616161616, 0.81969162, 1.00000000, 1.00000000, 1.00000000
0.737373737374, 0.171717171717, 0.82437875, 1.00000000, 1.00000000, 1.00000000
0.737373737374, 0.181818181818, 0.82977219, 1.00000000, 1.00000000, 1.00000000
0.737373737374, 0.191919191919, 0.83585065, 1.00000000, 1.00000000, 1.00000000
0.737373737374, 0.202020202020, 0.84259003, 1.00000000, 1.00000000, 1.00000000
0.737373737374, 0.212121212121, 0.84996358, 1.00000000, 1.00000000, 1.00000000
0.737373737374, 0.222222222222, 0.85794198, 1.00000000, 1.00000000, 1.00000000
0.737373737374, 0.232323232323, 0.86649347, 1.00000000, 1.00000000, 1.00000000
0.737373737374, 0.242424242424, 0.87558398, 1.00000000, 1.00000000, 1.00000000
0.737373737374, 0.252525252525, 0.88517725, 1.00000000, 1.00000000, 1.00000000
0.737373737374, 0.262626262626, 0.89523496, 1.00000000, 1.00000000, 1.00000000
0.737373737374, 0.272727272727, 0.90571690, 1.00000000, 1.00000000, 1.00000000
0.737373737374, 0.282828282828, 0.91658111, 1.00000000, 1.00000000, 1.00000000
0.737373737374, 0.292929292929, 0.92778406, 1.00000000, 1.00000000, 1.00000000
0.737373737374, 0.303030303030, 0.93928082, 1.00000000, 1.00000000, 1.00000000
0.737373737374, 0.313131313131, 0.95102522, 1.00000000, 1.00000000, 1.00000000
0.737373737374, 0.323232323232, 0.96297005, 1.00000000, 1.00000000, 1.00000000
0.737373737374, 0.333333333333, 0.97506728, 1.00000000, 1.00000000, 1.00000000
0.737373737374, 0.343434343434, 0.98726819, 1.00000000, 1.00000000, 1.00000000
0.737373737374, 0.353535353535, 0.99952363, 1.00000000, 1.00000000, 1.00000000
0.737373737374, 0.363636363636, 1.01178417, 1.00000000, 1.00000000, 1.00000000
0.737373737374, 0.373737373737, 1.02400034, 1.00000000, 1.00000000, 1.00000000
0.737373737374, 0.383838383838, 1.03612281, 1.00000000, 1.00000000, 1.00000000
0.737373737374, 0.393939393939, 1.04810261, 1.00000000, 1.00000000, 1.00000000
0.737373737374, 0.404040404040, 1.05989131, 1.00000000, 1.00000000, 1.00000000
0.737373737374, 0.414141414141, 1.07144123, 1.00000000, 1.00000000, 1.00000000
0.737373737374, 0.424242424242, 1.08270564, 1.00000000, 1.00000000, 1.00000000
0.737373737374, 0.434343434343, 1.09363893, 1.00000000, 1.00000000, 1.00000000
0.737373737374, 0.444444444444, 1.10419683, 1.00000000, 1.00000000, 1.00000000
0.737373737374, 0.454545454545, 1.11433657, 1.00000000, 1.00000000, 1.00000000
0.737373737374, 0.464646464646, 1.12401706, 1.00000000, 1.00000000, 1.00000000
0.737373737374, 0.474747474747, 1.13319906, 1.00000000, 1.00000000, 1.00000000
0.737373737374, 0.484848484848, 1.14184536, 1.00000000, 1.00000000, 1.00000000
0.737373737374, 0.494949494949, 1.14992087, 1.00000000, 1.00000000, 1.00000000
0.737373737374, 0.505050505051, 1.15739286, 1.00000000, 1.00000000, 1.00000000
0.737373737374, 0.515151515152, 1.16423101, 1.00000000, 1.00000000, 1.00000000
0.737373737374, 0.525252525253, 1.17040758, 1.00000000, 1.00000000, 1.00000000
0.737373737374, 0.535353535354, 1.17589749, 1.00000000, 1.00000000, 1.00000000
0.737373737374, 0.545454545455, 1.18067846, 1.00000000, 1.00000000, 1.00000000
0.737373737374, 0.555555555556, 1.18473108, 1.00000000, 1.00000000, 1.00000000
0.737373737374, 0.565656565657, 1.18803889, 1.00000000, 1.00000000, 1.00000000
0.737373737374, 0.575757575758, 1.19058843, 1.00000000, 1.00000000, 1.00000000
0.737373737374, 0.585858585859, 1.19236933, 1.00000000, 1.00000000, 1.00000000
0.737373737374, 0.595959595960, 1.19337430, 1.00000000, 1.00000000, 1.00000000
0.737373737374, 0.606060606061, 1.19359921, 1.00000000, 1.00000000, 1.00000000
0.737373737374, 0.616161616162, 1.19304322, 1.00000000, 1.00000000, 1.00000000
0.737373737374, 0.626262626263, 1.19170866, 1.00000000, 1.00000000, 1.00000000
0.737373737374, 0.636363636364, 1.18960100, 1.00000000, 1.00000000, 1.00000000
0.737373737374, 0.646464646465, 1.18672886, 1.00000000, 1.00000000, 1.00000000
0.737373737374, 0.656565656566, 1.18310393, 1.00000000, 1.00000000, 1.00000000
0.737373737374, 0.666666666667, 1.17874097, 1.00000000, 1.00000000, 1.00000000
0.737373737374, 0.676767676768, 1.17365771, 1.00000000, 1.00000000, 1.00000000
0.737373737374, 0.686868686869, 1.16787480, 1.00000000, 1.00000000, 1.00000000
0.737373737374, 0.696969696970, 1.16141572, 1.00000000, 1.00000000, 1.00000000
0.737373737374, 0.707070707071, 1.15430672, 1.00000000, 1.00000000, 1.00000000
0.737373737374, 0.717171717172, 1.14657664, 1.00000000, 1.00000000, 1.00000000
0.737373737374, 0.727272727273, 1.13825684, 1.00000000, 1.00000000, 1.00000000
0.737373737374, 0.737373737374, 1.12938109, 1.00000000, 1.00000000, 1.00000000
0.737373737374, 0.747474747475, 1.11998539, 1.00000000, 1.00000000, 1.00000000
0.737373737374, 0.757575757576, 1.11010781, 1.00000000, 1.00000000, 1.00000000
0.737373737374, 0.767676767677, 1.09978841, 1.00000000, 1.00000000, 1.00000000
0.737373737374, 0.777777777778, 1.08906897, 1.00000000, 1.00000000, 1.00000000
0.737373737374, 0.787878787879, 1.07799293, 1.00000000, 1.00000000, 1.00000000
0.737373737374, 0.797979797980, 1.06660511, 1.00000000, 1.00000000, 1.00000000
0.737373737374, 0.808080808081, 1.05495159, 1.00000000, 1.00000000, 1.00000000
0.737373737374, 0.818181818182, 1.04307949, 1.00000000, 1.00000000, 1.00000000
0.737373737374, 0.828282828283, 1.03103680, 1.00000000, 1.00000000, 1.00000000
0.737373737374, 0.838383838384, 1.01887216, 1.00000000, 1.00000000, 1.00000000
0.737373737374, 0.848484848485, 1.00663468, 1.00000000, 1.00000000, 1.00000000
0.737373737374, 0.858585858586, 0.99437372, 1.00000000, 1.00000000, 1.00000000
0.737373737374, 0.868686868687, 0.98213870, 1.00000000, 1.00000000, 1.00000000
0.737373737374, 0.878787878788, 0.96997890, 1.00000000, 1.00000000, 1.00000000
0.737373737374, 0.888888888889, 0.95794326, 1.00000000, 1.00000000, 1.00000000
0.737373737374, 0.898989898990, 0.94608017, 1.00000000, 1.00000000, 1.00000000
0.737373737374, 0.909090909091, 0.93443729, 1.00000000, 1.00000000, 1.00000000
0.737373737374, 0.919191919192, 0.92306137, 1.00000000, 1.00000000, 1.00000000
0.737373737374, 0.929292929293, 0.91199809, 1.00000000, 1.00000000, 1.00000000
0.737373737374, 0.939393939394, 0.90129201, 1.00000000, 1.00000000, 1.00000000
0.737373737374, 0.949494949495, 0.89098667, 1.00000000, 1.00000000, 1.00000000
0.737373737374, 0.959595959596, 0.88112505, 1.00000000, 1.00000000, 1.00000000
0.747474747475, -0.000000000000, 0.83350696, 1.00000000, 1.00000000, 1.00000000
0.747474747475, 0.010101010101, 0.82787243, 1.00000000, 1.00000000, 1.00000000
0.747474747475, 0.020202020202, 0.82296354, 1.00000000, 1.00000000, 1.00000000
0.747474747475, 0.030303030303, 0.81876727, 1.00000000, 1.00000000, 1.00000000
0.747474747475, 0.040404040404, 0.81525167, 1.00000000, 1.00000000, 1.00000000
0.747474747475, 0.050505050505, 0.81237773, 1.00000000, 1.00000000, 1.00000000
0.747474747475, 0.060606060606, 0.81011506, 1.00000000, 1.00000000, 1.00000000
0.747474747475, 0.070707070707, 0.80845387, 1.00000000, 1.00000000, 1.00000000
0.747474747475, 0.080808080808, 0.80740783, 1.00000000, 1.00000000, 1.00000000
0.747474747475, 0.090909090909, 0.80700780, 1.00000000, 1.00000000, 1.00000000
0.747474747475, 0.101010101010, 0.80729042, 1.00000000, 1.00000000, 1.00000000
0.747474747475, 0.111111111111, 0.80828782, 1.00000000, 1.00000000, 1.00000000
0.747474747475, 0.121212121212, 0.81002166, 1.00000000, 1.00000000, 1.00000000
0.747474747475, 0.131313131313, 0.81250176, 1.00000000, 1.00000000, 1.00000000
0.747474747475, 0.141414141414, 0.81572766, 1.00000000, 1.00000000, 1.00000000
0.747474747475, 0.151515151515, 0.81969119, 1.00000000, 1.00000000, 1.00000000
0.747474747475, 0.161616161616, 0.82437863, 1.00000000, 1.00000000, 1.00000000
0.747474747475, 0.171717171717, 0.82977216, 1.00000000, 1.00000000, 1.00000000
0.747474747475, 0.181818181818, 0.83585064, 1.00000000, 1.00000000, 1.00000000
0.747474747475, 0.191919191919, 0.84259003, 1.00000000, 1.00000000, 1.00000000
0.747474747475, 0.202020202020, 0.84996358, 1.00000000, 1.00000000, 1.00000000
0.747474747475, 0.212121212121, 0.85794198, 1.00000000, 1.00000000, 1.00000000
0.747474747475, 0.222222222222, 0.86649347, 1.00000000, 1.00000000, 1.00000000
0.747474747475, 0.232323232323, 0.87558398, 1.00000000, 1.00000000, 1.00000000
0.747474747475, 0.242424242424, 0.88517725, 1.00000000, 1.00000000, 1.00000000
0.747474747475, 0.252525252525, 0.89523496, 1.00000000, 1.00000000, 1.00000000
0.747474747475, 0.262626262626, 0.90571690, 1.00000000, 1.00000000, 1.00000000
0.747474747475, 0.272727272727, 0.91658111, 1.00000000, 1.00000000, 1.00000000
0.747474747475, 0.282828282828, 0.92778406, 1.00000000, 1.00000000, 1.00000000
0.747474747475, 0.292929292929, 0.93928082, 1.00000000, 1.00000000, 1.00000000
0.747474747475, 0.303030303030, 0.95102522, 1.00000000, 1.00000000, 1.00000000
0.747474747475, 0.313131313131, 0.96297005, 1.00000000, 1.00000000, 1.00000000
0.747474747475, 0.323232323232, 0.97506728, 1.00000000, 1.00000000, 1.00000000
0.747474747475, 0.333333333333, 0.98726819, 1.00000000, 1.00000000, 1.00000000
0.747474747475, 0.343434343434, 0.99952363, 1.00000000, 1.00000000, 1.00000000
0.747474747475, 0.353535353535, 1.01178417, 1.00000000, 1.00000000, 1.00000000
0.747474747475, 0.363636363636, 1.02400034, 1.00000000, 1.00000000, 1.00000000
0.747474747475, 0.373737373737, 1.03612281, 1.00000000, 1.00000000, 1.00000000
0.747474747475, 0.383838383838, 1.04810261, 1.00000000, 1.00000000, 1.00000000
0.747474747475, 0.393939393939, 1.05989131, 1.00000000, 1.00000000, 1.00000000
0.747474747475, 0.404040404040, 1.07144123, 1.00000000, 1.00000000, 1.00000000
0.747474747475, 0.414141414141, 1.08270564, 1.00000000, 1.00000000, 1.00000000
0.747474747475, 0.424242424242, 1.09363893, 1.00000000, 1.00000000, 1.00000000
0.747474747475, 0.434343434343, 1.10419683, 1.00000000, 1.00000000, 1.00000000
0.747474747475, 0.444444444444, 1.11433657, 1.00000000, 1.00000000, 1.00000000
0.747474747475, 0.454545454545, 1.12401706, 1.00000000, 1.00000000, 1.00000000
0.747474747475, 0.464646464646, 1.13319906, 1.00000000, 1.00000000, 1.00000000
0.747474747475, 0.474747474747, 1.14184536, 1.00000000, 1.00000000, 1.00000000
0.747474747475, 0.484848484848, 1.14992087, 1.00000000, 1.00000000, 1.00000000
0.747474747475, 0.494949494949, 1.15739286, 1.00000000, 1.00000000, 1.00000000
0.747474747475, 0.505050505051, 1.16423101, 1.00000000, 1.00000000, 1.00000000
0.747474747475, 0.515151515152, 1.17040758, 1.00000000, 1.00000000, 1.00000000
0.747474747475, 0.525252525253, 1.17589749, 1.00000000, 1.00000000, 1.00000000
0.747474747475, 0.535353535354, 1.18067846, 1.00000000, 1.00000000, 1.00000000
0.747474747475, 0.545454545455, 1.18473108, 1.00000000, 1.00000000, 1.00000000
0.747474747475, 0.555555555556, 1.18803889, 1.00000000, 1.00000000, 1.00000000
0.747474747475, 0.565656565657, 1.19058843, 1.00000000, 1.00000000, 1.00000000
0.747474747475, 0.575757575758, 1.19236933, 1.00000000, 1.00000000, 1.00000000
0.747474747475, 0.585858585859, 1.19337430, 1.00000000, 1.00000000, 1.00000000
0.747474747475, 0.595959595960, 1.19359921, 1.00000000, 1.00000000, 1.00000000
0.747474747475, 0.606060606061, 1.19304322, 1.00000000, 1.00000000, 1.00000000
0.747474747475, 0.616161616162, 1.19170866, 1.00000000, 1.00000000, 1.00000000
0.747474747475, 0.626262626263, 1.18960100, 1.00000000, 1.00000000, 1.00000000
0.747474747475, 0.636363636364, 1.18672886, 1.00000000, 1.00000000, 1.00000000
0.747474747475, 0.646464646465, 1.18310393, 1.00000000, 1.00000000, 1.00000000
0.747474747475, 0.656565656566, 1.17874097, 1.00000000, 1.00000000, 1.00000000
0.747474747475, 0.666666666667, 1.17365771, 1.00000000, 1.00000000, 1.00000000
0.747474747475, 0.676767676768, 1.16787480, 1.00000000, 1.00000000, 1.00000000
0.747474747475, 0.686868686869, 1.16141572, 1.00000000, 1.00000000, 1.00000000
0.747474747475, 0.696969696970, 1.15430672, 1.00000000, 1.00000000, 1.00000000
0.747474747475, 0.707070707071, 1.14657664, 1.00000000, 1.00000000, 1.00000000
0.747474747475, 0.717171717172, 1.13825684, 1.00000000, 1.00000000, 1.00000000
0.747474747475, 0.727272727273, 1.12938109, 1.00000000, 1.00000000, 1.00000000
0.747474747475, 0.737373737374, 1.11998539, 1.00000000, 1.00000000, 1.00000000
0.747474747475, 0.747474747475, 1.11010781, 1.00000000, 1.00000000, 1.00000000
0.747474747475, 0.757575757576, 1.09978841, 1.00000000, 1.00000000, 1.00000000
0.747474747475, 0.767676767677, 1.08906897, 1.00000000, 1.00000000, 1.00000000
0.747474747475, 0.777777777778, 1.07799293, 1.00000000, 1.00000000, 1.00000000
0.747474747475, 0.787878787879, 1.06660511, 1.00000000, 1.00000000, 1.00000000
0.747474747475, 0.797979797980, 1.05495159, 1.00000000, 1.00000000, 1.00000000
0.747474747475, 0.808080808081, 1.04307949, 1.00000000, 1.00000000, 1.00000000
0.747474747475, 0.818181818182, 1.03103680, 1.00000000, 1.00000000, 1.00000000
0.747474747475, 0.828282828283, 1.01887216, 1.00000000, 1.00000000, 1.00000000
0.747474747475, 0.838383838384, 1.00663468, 1.00000000, 1.00000000, 1.00000000
0.747474747475, 0.848484848485, 0.99437372, 1.00000000, 1.00000000, 1.00000000
0.747474747475, 0.858585858586, 0.98213870, 1.00000000, 1.00000000, 1.00000000
0.747474747475, 0.868686868687, 0.96997890, 1.00000000, 1.00000000, 1.00000000
0.747474747475, 0.878787878788, 0.95794326, 1.00000000, 1.00000000, 1.00000000
0.747474747475, 0.888888888889, 0.94608017, 1.00000000, 1.00000000, 1.00000000
0.747474747475, 0.898989898990, 0.93443728, 1.00000000, 1.00000000, 1.00000000
0.747474747475, 0.909090909091, 0.92306133, 1.00000000, 1.00000000, 1.00000000
0.747474747475, 0.919191919192, 0.91199795, 1.00000000, 1.00000000, 1.00000000
0.747474747475, 0.929292929293, 0.90129150, 1.00000000, 1.00000000, 1.00000000
0.747474747475, 0.939393939394, 0.89098503, 1.00000000, 1.00000000, 1.00000000
0.747474747475, 0.949494949495, 0.88112029, 1.00000000, 1.00000000, 1.00000000
0.747474747475, 0.959595959596, 0.87173810, 1.00000000, 1.00000000, 1.00000000
0.757575757576, -0.000000000000, 0.82763627, 1.00000000, 1.00000000, 1.00000000
0.757575757576, 0.010101010101, 0.82264314, 1.00000000, 1.00000000, 1.00000000
0.757575757576, 0.020202020202, 0.81837665, 1.00000000, 1.00000000, 1.00000000
0.757575757576, 0.030303030303, 0.81482349, 1.00000000, 1.00000000, 1.00000000
0.757575757576, 0.040404040404, 0.81195558, 1.00000000, 1.00000000, 1.00000000
0.757575757576, 0.050505050505, 0.80974060, 1.00000000, 1.00000000, 1.00000000
0.757575757576, 0.060606060606, 0.80815495, 1.00000000, 1.00000000, 1.00000000
0.757575757576, 0.070707070707, 0.80719310, 1.00000000, 1.00000000, 1.00000000
0.757575757576, 0.080808080808, 0.80686899, 1.00000000, 1.00000000, 1.00000000
0.757575757576, 0.090909090909, 0.80720972, 1.00000000, 1.00000000, 1.00000000
0.757575757576, 0.101010101010, 0.80824565, 1.00000000, 1.00000000, 1.00000000
0.757575757576, 0.111111111111, 0.81000188, 1.00000000, 1.00000000, 1.00000000
0.757575757576, 0.121212121212, 0.81249343, 1.00000000, 1.00000000, 1.00000000
0.757575757576, 0.131313131313, 0.81572453, 1.00000000, 1.00000000, 1.00000000
0.757575757576, 0.141414141414, 0.81969014, 1.00000000, 1.00000000, 1.00000000
0.757575757576, 0.151515151515, 0.82437832, 1.00000000, 1.00000000, 1.00000000
0.757575757576, 0.161616161616, 0.82977208, 1.00000000, 1.00000000, 1.00000000
0.757575757576, 0.171717171717, 0.83585062, 1.00000000, 1.00000000, 1.00000000
0.757575757576, 0.181818181818, 0.84259003, 1.00000000, 1.00000000, 1.00000000
0.757575757576, 0.191919191919, 0.84996358, 1.00000000, 1.00000000, 1.00000000
0.757575757576, 0.202020202020, 0.85794198, 1.00000000, 1.00000000, 1.00000000
0.757575757576, 0.212121212121, 0.86649347, 1.00000000, 1.00000000, 1.00000000
0.757575757576, 0.222222222222, 0.87558398, 1.00000000, 1.00000000, 1.00000000
0.757575757576, 0.232323232323, 0.88517725, 1.00000000, 1.00000000, 1.00000000
0.757575757576, 0.242424242424, 0.89523496, 1.00000000, 1.00000000, 1.00000000
0.757575757576, 0.252525252525, 0.90571690, 1.00000000, 1.00000000, 1.00000000
0.757575757576, 0.262626262626, 0.91658111, 1.00000000, 1.00000000, 1.00000000
0.757575757576, 0.272727272727, 0.92778406, 1.00000000, 1.00000000, 1.00000000
0.757575757576, 0.282828282828, 0.93928082, 1.00000000, 1.00000000, 1.00000000
0.757575757576, 0.292929292929, 0.95102522, 1.00000000, 1.00000000, 1.00000000
0.757575757576, 0.303030303030, 0.96297005, 1.00000000, 1.00000000, 1.00000000
0.757575757576, 0.313131313131, 0.97506728, 1.00000000, 1.00000000, 1.00000000
0.757575757576, 0.323232323232, 0.98726819, 1.00000000, 1.00000000, 1.00000000
0.757575757576, 0.333333333333, 0.99952363, 1.00000000, 1.00000000, 1.00000000
0.757575757576, 0.343434343434, 1.01178417, 1.00000000, 1.00000000, 1.00000000
0.757575757576, 0.353535353535, 1.02400034, 1.00000000, 1.00000000, 1.00000000
0.757575757576, 0.363636363636, 1.03612281, 1.00000000, 1.00000000, 1.00000000
0.757575757576, 0.373737373737, 1.04810261, 1.00000000, 1.00000000, 1.00000000
0.757575757576, 0.383838383838, 1.05989131, 1.00000000, 1.00000000, 1.00000000
0.757575757576, 0.393939393939, 1.07144123, 1.00000000, 1.00000000, 1.00000000
0.757575757576, 0.404040404040, 1.08270564, 1.00000000, 1.00000000, 1.00000000
0.757575757576, 0.414141414141, 1.09363893, 1.00000000, 1.00000000, 1.00000000
0.757575757576, 0.424242424242, 1.10419683, 1.00000000, 1.00000000, 1.00000000
0.757575757576, 0.434343434343, 1.11433657, 1.00000000, 1.00000000, 1.00000000
0.757575757576, 0.444444444444, 1.12401706, 1.00000000, 1.00000000, 1.00000000
0.757575757576, 0.454545454545, 1.13319906, 1.00000000, 1.00000000, 1.00000000
0.757575757576, 0.464646464646, 1.14184536, 1.00000000, 1.00000000, 1.00000000
0.757575757576, 0.474747474747, 1.14992087, 1.00000000, 1.00000000, 1.00000000
0.757575757576, 0.484848484848, 1.15739286, 1.00000000, 1.00000000, 1.00000000
0.757575757576, 0.494949494949, 1.16423101, 1.00000000, 1.00000000, 1.00000000
0.757575757576, 0.505050505051, 1.17040758, 1.00000000, 1.00000000, 1.00000000
0.757575757576, 0.515151515152, 1.17589749, 1.00000000, 1.00000000, 1.00000000
0.757575757576, 0.525252525253, 1.18067846, 1.00000000, 1.00000000, 1.00000000
0.757575757576, 0.535353535354, 1.18473108, 1.00000000, 1.00000000, 1.00000000
0.757575757576, 0.545454545455, 1.18803889, 1.00000000, 1.00000000, 1.00000000
0.757575757576, 0.555555555556, 1.19058843, 1.00000000, 1.00000000, 1.00000000
0.757575757576, 0.565656565657, 1.19236933, 1.00000000, 1.00000000, 1.00000000
0.757575757576, 0.575757575758, 1.19337430, 1.00000000, 1.00000000, 1.00000000
0.757575757576, 0.585858585859, 1.19359921, 1.00000000, 1.00000000, 1.00000000
0.757575757576, 0.595959595960, 1.19304322, 1.00000000, 1.00000000, 1.00000000
0.757575757576, 0.606060606061, 1.19170866, 1.00000000, 1.00000000, 1.00000000
0.757575757576, 0.616161616162, 1.18960100, 1.00000000, 1.00000000, 1.00000000
0.757575757576, 0.626262626263, 1.18672886, 1.00000000, 1.00000000, 1.00000000
0.757575757576, 0.636363636364, 1.18310393, 1.00000000, 1.00000000, 1.00000000
0.757575757576, 0.646464646465, 1.17874097, 1.00000000, 1.00000000, 1.00000000
0.757575757576, 0.656565656566, 1.17365771, 1.00000000, 1.00000000, 1.00000000
0.757575757576, 0.666666666667, 1.16787480, 1.00000000, 1.00000000, 1.00000000
0.757575757576, 0.676767676768, 1.16141572, 1.00000000, 1.00000000, 1.00000000
0.757575757576, 0.686868686869, 1.15430672, 1.00000000, 1.00000000, 1.00000000
0.757575757576, 0.696969696970, 1.14657664, 1.00000000, 1.00000000, 1.00000000
0.757575757576, 0.707070707071, 1.13825684, 1.00000000, 1.00000000, 1.00000000
0.757575757576, 0.717171717172, 1.12938109, 1.00000000, 1.00000000, 1.00000000
0.757575757576, 0.727272727273, 1.11998539, 1.00000000, 1.00000000, 1.00000000
0.757575757576, 0.737373737374, 1.11010781, 1.00000000, 1.00000000, 1.00000000
0.757575757576, 0.747474747475, 1.09978841, 1.00000000, 1.00000000, 1.00000000
0.757575757576, 0.757575757576, 1.08906897, 1.00000000, 1.00000000, 1.00000000
0.757575757576, 0.767676767677, 1.07799293, 1.00000000, 1.00000000, 1.00000000
0.757575757576, 0.777777777778, 1.06660511, 1.00000000, 1.00000000, 1.00000000
0.757575757576, 0.787878787879, 1.05495159, 1.00000000, 1.00000000, 1.00000000
0.757575757576, 0.797979797980, 1.04307949, 1.00000000, 1.00000000, 1.00000000
0.757575757576, 0.808080808081, 1.03103680, 1.00000000, 1.00000000, 1.00000000
0.757575757576, 0.818181818182, 1.01887216, 1.00000000, 1.00000000, 1.00000000
0.757575757576, 0.828282828283, 1.00663468, 1.00000000, 1.00000000, 1.00000000
0.757575757576, 0.838383838384, 0.99437372, 1.00000000, 1.00000000, 1.00000000
0.757575757576, 0.848484848485, 0.98213870, 1.00000000, 1.00000000, 1.00000000
0.757575757576, 0.858585858586, 0.96997890, 1.00000000, 1.00000000, 1.00000000
0.757575757576, 0.868686868687, 0.95794326, 1.00000000, 1.00000000, 1.00000000
0.757575757576, 0.878787878788, 0.94608017, 1.00000000, 1.00000000, 1.00000000
0.757575757576, 0.888888888889, 0.93443728, 1.00000000, 1.00000000, 1.00000000
0.757575757576, 0.898989898990, 0.92306133, 1.00000000, 1.00000000, 1.00000000
0.757575757576, 0.909090909091, 0.91199792, 1.00000000, 1.00000000, 1.00000000
0.757575757576, 0.919191919192, 0.90129139, 1.00000000, 1.00000000, 1.00000000
0.757575757576, 0.929292929293, 0.89098461, 1.00000000, 1.00000000, 1.00000000
0.757575757576, 0.939393939394, 0.88111893, 1.00000000, 1.00000000, 1.00000000
0.757575757576, 0.949494949495, 0.87173417, 1.00000000, 1.00000000, 1.00000000
0.757575757576, 0.959595959596, 0.86286882, 1.00000000, 1.00000000, 1.00000000
0.767676767677, -0.000000000000, 0.82245842, 1.00000000, 1.00000000, 1.00000000
0.767676767677, 0.010101010101, 0.81812655, 1.00000000, 1.00000000, 1.00000000
0.767676767677, 0.020202020202, 0.81451948, 1.00000000, 1.00000000, 1.00000000
0.767676767677, 0.030303030303, 0.81162368, 1.00000000, 1.00000000, 1.00000000
0.767676767677, 0.040404040404, 0.80941504, 1.00000000, 1.00000000, 1.00000000
0.767676767677, 0.050505050505, 0.80786798, 1.00000000, 1.00000000, 1.00000000
0.767676767677, 0.060606060606, 0.80696577, 1.00000000, 1.00000000, 1.00000000
0.767676767677, 0.070707070707, 0.80670718, 1.00000000, 1.00000000, 1.00000000
0.767676767677, 0.080808080808, 0.80710625, 1.00000000, 1.00000000, 1.00000000
0.767676767677, 0.090909090909, 0.80818625, 1.00000000, 1.00000000, 1.00000000
0.767676767677, 0.101010101010, 0.80997130, 1.00000000, 1.00000000, 1.00000000
0.767676767677, 0.111111111111, 0.81247934, 1.00000000, 1.00000000, 1.00000000
0.767676767677, 0.121212121212, 0.81571872, 1.00000000, 1.00000000, 1.00000000
0.767676767677, 0.131313131313, 0.81968801, 1.00000000, 1.00000000, 1.00000000
0.767676767677, 0.141414141414, 0.82437762, 1.00000000, 1.00000000, 1.00000000
0.767676767677, 0.151515151515, 0.82977188, 1.00000000, 1.00000000, 1.00000000
0.767676767677, 0.161616161616, 0.83585057, 1.00000000, 1.00000000, 1.00000000
0.767676767677, 0.171717171717, 0.84259002, 1.00000000, 1.00000000, 1.00000000
0.767676767677, 0.181818181818, 0.84996358, 1.00000000, 1.00000000, 1.00000000
0.767676767677, 0.191919191919, 0.85794198, 1.00000000, 1.00000000, 1.00000000
0.767676767677, 0.202020202020, 0.86649347, 1.00000000, 1.00000000, 1.00000000
0.767676767677, 0.212121212121, 0.87558398, 1.00000000, 1.00000000, 1.00000000
0.767676767677, 0.222222222222, 0.88517725, 1.00000000, 1.00000000, 1.00000000
0.767676767677, 0.232323232323, 0.89523496, 1.00000000, 1.00000000, 1.00000000
0.767676767677, 0.242424242424, 0.90571690, 1.00000000, 1.00000000, 1.00000000
0.767676767677, 0.252525252525, 0.91658111, 1.00000000, 1.00000000, 1.00000000
0.767676767677, 0.262626262626, 0.92778406, 1.00000000, 1.00000000, 1.00000000
0.767676767677, 0.272727272727, 0.93928082, 1.00000000, 1.00000000, 1.00000000
0.767676767677, 0.282828282828, 0.95102522, 1.00000000, 1.00000000, 1.00000000
0.767676767677, 0.292929292929, 0.96297005, 1.00000000, 1.00000000, 1.00000000
0.767676767677, 0.303030303030, 0.97506728, 1.00000000, 1.00000000, 1.00000000
0.767676767677, 0.313131313131, 0.98726819, 1.00000000, 1.00000000, 1.00000000
0.767676767677, 0.323232323232, 0.99952363, 1.00000000, 1.00000000, 1.00000000
0.767676767677, 0.333333333333, 1.01178417, 1.00000000, 1.00000000, 1.00000000
0.767676767677, 0.343434343434, 1.02400034, 1.00000000, 1.00000000, 1.00000000
0.767676767677, 0.353535353535, 1.03612281, 1.00000000, 1.00000000, 1.00000000
0.767676767677, 0.363636363636, 1.04810261, 1.00000000, 1.00000000, 1.00000000
0.767676767677, 0.373737373737, 1.05989131, 1.00000000, 1.00000000, 1.00000000
0.767676767677, 0.383838383838, 1.07144123, 1.00000000, 1.00000000, 1.00000000
0.767676767677, 0.393939393939, 1.08270564, 1.00000000, 1.00000000, 1.00000000
0.767676767677, 0.404040404040, 1.09363893, 1.00000000, 1.00000000, 1.00000000
0.767676767677, 0.414141414141, 1.10419683, 1.00000000, 1.00000000, 1.00000000
0.767676767677, 0.424242424242, 1.11433657, 1.00000000, 1.00000000, 1.00000000
0.767676767677, 0.434343434343, 1.12401706, 1.00000000, 1.00000000, 1.00000000
0.767676767677, 0.444444444444, 1.13319906, 1.00000000, 1.00000000, 1.00000000
0.767676767677, 0.454545454545, 1.14184536, 1.00000000, 1.00000000, 1.00000000
0.767676767677, 0.464646464646, 1.14992087, 1.00000000, 1.00000000, 1.00000000
0.767676767677, 0.474747474747, 1.15739286, 1.00000000, 1.00000000, 1.00000000
0.767676767677, 0.484848484848, 1.16423101, 1.00000000, 1.00000000, 1.00000000
0.767676767677, 0.494949494949, 1.17040758, 1.00000000, 1.00000000, 1.00000000
0.767676767677, 0.505050505051, 1.17589749, 1.00000000, 1.00000000, 1.00000000
0.767676767677, 0.515151515152, 1.18067846, 1.00000000, 1.00000000, 1.00000000
0.767676767677, 0.525252525253, 1.18473108, 1.00000000, 1.00000000, 1.00000000
0.767676767677, 0.535353535354, 1.18803889, 1.00000000, 1.00000000, 1.00000000
0.767676767677, 0.545454545455, 1.19058843, 1.00000000, 1.00000000, 1.00000000
0.767676767677, 0.555555555556, 1.19236933, 1.00000000, 1.00000000, 1.00000000
0.767676767677, 0.565656565657, 1.19337430, 1.00000000, 1.00000000, 1.00000000
0.767676767677, 0.575757575758, 1.19359921, 1.00000000, 1.00000000, 1.00000000
0.767676767677, 0.585858585859, 1.19304322, 1.00000000, 1.00000000, 1.00000000
0.767676767677, 0.595959595960, 1.19170866, 1.00000000, 1.00000000, 1.00000000
0.767676767677, 0.606060606061, 1.18960100, 1.00000000, 1.00000000, 1.00000000
0.767676767677, 0.616161616162, 1.18672886, 1.00000000, 1.00000000, 1.00000000
0.767676767677, 0.626262626263, 1.18310393, 1.00000000, 1.00000000, 1.00000000
0.767676767677, 0.636363636364, 1.17874097, 1.00000000, 1.00000000, 1.00000000
0.767676767677, 0.646464646465, 1.17365771, 1.00000000, 1.00000000, 1.00000000
0.767676767677, 0.656565656566, 1.16787480, 1.00000000, 1.00000000, 1.00000000
0.767676767677, 0.666666666667, 1.16141572, 1.00000000, 1.00000000, 1.00000000
0.767676767677, 0.676767676768, 1.15430672, 1.00000000, 1.00000000, 1.00000000
0.767676767677, 0.686868686869, 1.14657664, 1.00000000, 1.00000000, 1.00000000
0.767676767677, 0.696969696970, 1.13825684, 1.00000000, 1.00000000, 1.00000000
0.767676767677, 0.707070707071, 1.12938109, 1.00000000, 1.00000000, 1.00000000
0.767676767677, 0.717171717172, 1.11998539, 1.00000000, 1.00000000, 1.00000000
0.767676767677, 0.727272727273, 1.11010781, 1.00000000, 1.00000000, 1.00000000
0.767676767677, 0.737373737374, 1.09978841, 1.00000000, 1.00000000, 1.00000000
0.767676767677, 0.747474747475, 1.08906897, 1.00000000, 1.00000000, 1.00000000
0.767676767677, 0.757575757576, 1.07799293, 1.00000000, 1.00000000, 1.00000000
0.767676767677, 0.767676767677, 1.06660511, 1.00000000, 1.00000000, 1.00000000
0.767676767677, 0.777777777778, 1.05495159, 1.00000000, 1.00000000, 1.00000000
0.767676767677, 0.787878787879, 1.04307949, 1.00000000, 1.00000000, 1.00000000
0.767676767677, 0.797979797980, 1.03103680, 1.00000000, 1.00000000, 1.00000000
0.767676767677, 0.808080808081, 1.01887216, 1.00000000, 1.00000000, 1.00000000
0.767676767677, 0.818181818182, 1.00663468, 1.00000000, 1.00000000, 1.00000000
0.767676767677, 0.828282828283, 0.99437372, 1.00000000, 1.00000000, 1.00000000
0.767676767677, 0.838383838384, 0.98213870, 1.00000000, 1.00000000, 1.00000000
0.767676767677, 0.848484848485, 0.96997890, 1.00000000, 1.00000000, 1.00000000
0.767676767677, 0.858585858586, 0.95794326, 1.00000000, 1.00000000, 1.00000000
0.767676767677, 0.868686868687, 0.94608017, 1.00000000, 1.00000000, 1.00000000
0.767676767677, 0.878787878788, 0.93443728, 1.00000000, 1.00000000, 1.00000000
0.767676767677, 0.888888888889, 0.92306132, 1.00000000, 1.00000000, 1.00000000
0.767676767677, 0.898989898990, 0.91199791, 1.00000000, 1.00000000, 1.00000000
0.767676767677, 0.909090909091, 0.90129136, 1.00000000, 1.00000000, 1.00000000
0.767676767677, 0.919191919192, 0.89098452, 1.00000000, 1.00000000, 1.00000000
0.767676767677, 0.929292929293, 0.88111861, 1.00000000, 1.00000000, 1.00000000
0.767676767677, 0.939393939394, 0.87173312, 1.00000000, 1.00000000, 1.00000000
0.767676767677, 0.949494949495, 0.86286577, 1.00000000, 1.00000000, 1.00000000
0.767676767677, 0.959595959596, 0.85455257, 1.00000000, 1.00000000, 1.00000000
0.777777777778, -0.000000000000, 0.81799405, 1.00000000, 1.00000000, 1.00000000
0.777777777778, 0.010101010101, 0.81434067, 1.00000000, 1.00000000, 1.00000000
0.777777777778, 0.020202020202, 0.81140743, 1.00000000, 1.00000000, 1.00000000
0.777777777778, 0.030303030303, 0.80918063, 1.00000000, 1.00000000, 1.00000000
0.777777777778, 0.040404040404, 0.80764020, 1.00000000, 1.00000000, 1.00000000
0.777777777778, 0.050505050505, 0.80676735, 1.00000000, 1.00000000, 1.00000000
0.777777777778, 0.060606060606, 0.80655230, 1.00000000, 1.00000000, 1.00000000
0.777777777778, 0.070707070707, 0.80699796, 1.00000000, 1.00000000, 1.00000000
0.777777777778, 0.080808080808, 0.80811852, 1.00000000, 1.00000000, 1.00000000
0.777777777778, 0.090909090909, 0.80993345, 1.00000000, 1.00000000, 1.00000000
0.777777777778, 0.101010101010, 0.81246048, 1.00000000, 1.00000000, 1.00000000
0.777777777778, 0.111111111111, 0.81571037, 1.00000000, 1.00000000, 1.00000000
0.777777777778, 0.121212121212, 0.81968474, 1.00000000, 1.00000000, 1.00000000
0.777777777778, 0.131313131313, 0.82437650, 1.00000000, 1.00000000, 1.00000000
0.777777777778, 0.141414141414, 0.82977154, 1.00000000, 1.00000000, 1.00000000
0.777777777778, 0.151515151515, 0.83585049, 1.00000000, 1.00000000, 1.00000000
0.777777777778, 0.161616161616, 0.84259000, 1.00000000, 1.00000000, 1.00000000
0.777777777778, 0.171717171717, 0.84996357, 1.00000000, 1.00000000, 1.00000000
0.777777777778, 0.181818181818, 0.85794198, 1.00000000, 1.00000000, 1.00000000
0.777777777778, 0.191919191919, 0.86649347, 1.00000000, 1.00000000, 1.00000000
0.777777777778, 0.202020202020, 0.87558398, 1.00000000, 1.00000000, 1.00000000
0.777777777778, 0.212121212121, 0.88517725, 1.00000000, 1.00000000, 1.00000000
0.777777777778, 0.222222222222, 0.89523496, 1.00000000, 1.00000000, 1.00000000
0.777777777778, 0.232323232323, 0.90571690, 1.00000000, 1.00000000, 1.00000000
0.777777777778, 0.242424242424, 0.91658111, 1.00000000, 1.00000000, 1.00000000
0.777777777778, 0.252525252525, 0.92778406, 1.00000000, 1.00000000, 1.00000000
0.777777777778, 0.262626262626, 0.93928082, 1.00000000, 1.00000000, 1.00000000
0.777777777778, 0.272727272727, 0.95102522, 1.00000000, 1.00000000, 1.00000000
0.777777777778, 0.282828282828, 0.96297005, 1.00000000, 1.00000000, 1.00000000
0.777777777778, 0.292929292929, 0.97506728, 1.00000000, 1.00000000, 1.00000000
0.777777777778, 0.303030303030, 0.98726819, 1.00000000, 1.00000000, 1.00000000
0.777777777778, 0.313131313131, 0.99952363, 1.00000000, 1.00000000, 1.00000000
0.777777777778, 0.323232323232, 1.01178417, 1.00000000, 1.00000000, 1.00000000
0.777777777778, 0.333333333333, 1.02400034, 1.00000000, 1.00000000, 1.00000000
0.777777777778, 0.343434343434, 1.03612281, 1.00000000, 1.00000000, 1.00000000
0.777777777778, 0.353535353535, 1.04810261, 1.00000000, 1.00000000, 1.00000000
0.777777777778, 0.363636363636, 1.05989131, 1.00000000, 1.00000000, 1.00000000
0.777777777778, 0.373737373737, 1.07144123, 1.00000000, 1.00000000, 1.00000000
0.777777777778, 0.383838383838, 1.08270564, 1.00000000, 1.00000000, 1.00000000
0.777777777778, 0.393939393939, 1.09363893, 1.00000000, 1.00000000, 1.00000000
0.777777777778, 0.404040404040, 1.10419683, 1.00000000, 1.00000000, 1.00000000
0.777777777778, 0.414141414141, 1.11433657, 1.00000000, 1.00000000, 1.00000000
0.777777777778, 0.424242424242, 1.12401706, 1.00000000, 1.00000000, 1.00000000
0.777777777778, 0.434343434343, 1.13319906, 1.00000000, 1.00000000, 1.00000000
0.777777777778, 0.444444444444, 1.14184536, 1.00000000, 1.00000000, 1.00000000
0.777777777778, 0.454545454545, 1.14992087, 1.00000000, 1.00000000, 1.00000000
0.777777777778, 0.464646464646, 1.15739286, 1.00000000, 1.00000000, 1.00000000
0.777777777778, 0.474747474747, 1.16423101, 1.00000000, 1.00000000, 1.00000000
0.777777777778, 0.484848484848, 1.17040758, 1.00000000, 1.00000000, 1.00000000
0.777777777778, 0.494949494949, 1.17589749, 1.00000000, 1.00000000, 1.00000000
0.777777777778, 0.505050505051, 1.18067846, 1.00000000, 1.00000000, 1.00000000
0.777777777778, 0.515151515152, 1.18473108, 1.00000000, 1.00000000, 1.00000000
0.777777777778, 0.525252525253, 1.18803889, 1.00000000, 1.00000000, 1.00000000
0.777777777778, 0.535353535354, 1.19058843, 1.00000000, 1.00000000, 1.00000000
0.777777777778, 0.545454545455, 1.19236933, 1.00000000, 1.00000000, 1.00000000
0.777777777778, 0.555555555556, 1.19337430, 1.00000000, 1.00000000, 1.00000000
0.777777777778, 0.565656565657, 1.19359921, 1.00000000, 1.00000000, 1.00000000
0.777777777778, 0.575757575758, 1.19304322, 1.00000000, 1.00000000, 1.00000000
0.777777777778, 0.585858585859, 1.19170866, 1.00000000, 1.00000000, 1.00000000
0.777777777778, 0.595959595960, 1.18960100, 1.00000000, 1.00000000, 1.00000000
0.777777777778, 0.606060606061, 1.18672886, 1.00000000, 1.00000000, 1.00000000
0.777777777778, 0.616161616162, 1.18310393, 1.00000000, 1.00000000, 1.00000000
0.777777777778, 0.626262626263, 1.17874097, 1.00000000, 1.00000000, 1.00000000
0.777777777778, 0.636363636364, 1.17365771, 1.00000000, 1.00000000, 1.00000000
0.777777777778, 0.646464646465, 1.16787480, 1.00000000, 1.00000000, 1.00000000
0.777777777778, 0.656565656566, 1.16141572, 1.00000000, 1.00000000, 1.00000000
0.777777777778, 0.666666666667, 1.15430672, 1.00000000, 1.00000000, 1.00000000
0.777777777778, 0.676767676768, 1.14657664, 1.00000000, 1.00000000, 1.00000000
0.777777777778, 0.686868686869, 1.13825684, 1.00000000, 1.00000000, 1.00000000
0.777777777778, 0.696969696970, 1.12938109, 1.00000000, 1.00000000, 1.00000000
0.777777777778, 0.707070707071, 1.11998539, 1.00000000, 1.00000000, 1.00000000
0.777777777778, 0.717171717172, 1.11010781, 1.00000000, 1.00000000, 1.00000000
0.777777777778, 0.727272727273, 1.09978841, 1.00000000, 1.00000000, 1.00000000
0.777777777778, 0.737373737374, 1.08906897, 1.00000000, 1.00000000, 1.00000000
0.777777777778, 0.747474747475, 1.07799293, 1.00000000, 1.00000000, 1.00000000
0.777777777778, 0.757575757576, 1.06660511, 1.00000000, 1.00000000, 1.00000000
0.777777777778, 0.767676767677, 1.05495159, 1.00000000, 1.00000000, 1.00000000
0.777777777778, 0.777777777778, 1.04307949, 1.00000000, 1.00000000, 1.00000000
0.777777777778, 0.787878787879, 1.03103680, 1.00000000, 1.00000000, 1.00000000
0.777777777778, 0.797979797980, 1.01887216, 1.00000000, 1.00000000, 1.00000000
0.777777777778, 0.808080808081, 1.00663468, 1.00000000, 1.00000000, 1.00000000
0.777777777778, 0.818181818182, 0.99437372, 1.00000000, 1.00000000, 1.00000000
0.777777777778, 0.828282828283, 0.98213870, 1.00000000, 1.00000000, 1.00000000
0.777777777778, 0.838383838384, 0.96997890, 1.00000000, 1.00000000, 1.00000000
0.777777777778, 0.848484848485, 0.95794326, 1.00000000, 1.00000000, 1.00000000
0.777777777778, 0.858585858586, 0.94608017, 1.00000000, 1.00000000, 1.00000000
0.777777777778, 0.868686868687, 0.93443728, 1.00000000, 1.00000000, 1.00000000
0.777777777778, 0.878787878788, 0.92306132, 1.00000000, 1.00000000, 1.00000000
0.777777777778, 0.888888888889, 0.91199791, 1.00000000, 1.00000000, 1.00000000
0.777777777778, 0.898989898990, 0.90129136, 1.00000000, 1.00000000, 1.00000000
0.777777777778, 0.909090909091, 0.89098451, 1.00000000, 1.00000000, 1.00000000
0.777777777778, 0.919191919192, 0.88111855, 1.00000000, 1.00000000, 1.00000000
0.777777777778, 0.929292929293, 0.87173290, 1.00000000, 1.00000000, 1.00000000
0.777777777778, 0.939393939394, 0.86286504, 1.00000000, 1.00000000, 1.00000000
0.777777777778, 0.949494949495, 0.85455042, 1.00000000, 1.00000000, 1.00000000
0.777777777778, 0.959595959596, 0.84682247, 1.00000000, 1.00000000, 1.00000000
0.787878787879, -0.000000000000, 0.81426096, 1.00000000, 1.00000000, 1.00000000
0.787878787879, 0.010101010101, 0.81130062, 1.00000000, 1.00000000, 1.00000000
0.787878787879, 0.020202020202, 0.80905296, 1.00000000, 1.00000000, 1.00000000
0.787878787879, 0.030303030303, 0.80750415, 1.00000000, 1.00000000, 1.00000000
0.787878787879, 0.040404040404, 0.80663818, 1.00000000, 1.00000000, 1.00000000
0.787878787879, 0.050505050505, 0.80644317, 1.00000000, 1.00000000, 1.00000000
0.787878787879, 0.060606060606, 0.80691609, 1.00000000, 1.00000000, 1.00000000
0.787878787879, 0.070707070707, 0.80806416, 1.00000000, 1.00000000, 1.00000000
0.787878787879, 0.080808080808, 0.80990168, 1.00000000, 1.00000000, 1.00000000
0.787878787879, 0.090909090909, 0.81244429, 1.00000000, 1.00000000, 1.00000000
0.787878787879, 0.101010101010, 0.81570328, 1.00000000, 1.00000000, 1.00000000
0.787878787879, 0.111111111111, 0.81968215, 1.00000000, 1.00000000, 1.00000000
0.787878787879, 0.121212121212, 0.82437577, 1.00000000, 1.00000000, 1.00000000
0.787878787879, 0.131313131313, 0.82977142, 1.00000000, 1.00000000, 1.00000000
0.787878787879, 0.141414141414, 0.83585051, 1.00000000, 1.00000000, 1.00000000
0.787878787879, 0.151515151515, 0.84259002, 1.00000000, 1.00000000, 1.00000000
0.787878787879, 0.161616161616, 0.84996359, 1.00000000, 1.00000000, 1.00000000
0.787878787879, 0.171717171717, 0.85794198, 1.00000000, 1.00000000, 1.00000000
0.787878787879, 0.181818181818, 0.86649347, 1.00000000, 1.00000000, 1.00000000
0.787878787879, 0.191919191919, 0.87558398, 1.00000000, 1.00000000, 1.00000000
0.787878787879, 0.202020202020, 0.88517725, 1.00000000, 1.00000000, 1.00000000
0.787878787879, 0.212121212121, 0.89523496, 1.00000000, 1.00000000, 1.00000000
0.787878787879, 0.222222222222, 0.90571690, 1.00000000, 1.00000000, 1.00000000
0.787878787879, 0.232323232323, 0.91658111, 1.00000000, 1.00000000, 1.00000000
0.787878787879, 0.242424242424, 0.92778406, 1.00000000, 1.00000000, 1.00000000
0.787878787879, 0.252525252525, 0.93928082, 1.00000000, 1.00000000, 1.00000000
0.787878787879, 0.262626262626, 0.95102522, 1.00000000, 1.00000000, 1.00000000
0.787878787879, 0.272727272727, 0.96297005, 1.00000000, 1.00000000, 1.00000000
0.787878787879, 0.282828282828, 0.97506728, 1.00000000, 1.00000000, 1.00000000
0.787878787879, 0.292929292929, 0.98726819, 1.00000000, 1.00000000, 1.00000000
0.787878787879, 0.303030303030, 0.99952363, 1.00000000, 1.00000000, 1.00000000
0.787878787879, 0.313131313131, 1.01178417, 1.00000000, 1.00000000, 1.00000000
0.787878787879, 0.323232323232, 1.02400034, 1.00000000, 1.00000000, 1.00000000
0.787878787879, 0.333333333333, 1.03612281, 1.00000000, 1.00000000, 1.00000000
0.787878787879, 0.343434343434, 1.04810261, 1.00000000, 1.00000000, 1.00000000
0.787878787879, 0.353535353535, 1.05989131, 1.00000000, 1.00000000, 1.00000000
0.787878787879, 0.363636363636, 1.07144123, 1.00000000, 1.00000000, 1.00000000
0.787878787879, 0.373737373737, 1.08270564, 1.00000000, 1.00000000, 1.00000000
0.787878787879, 0.383838383838, 1.09363893, 1.00000000, 1.00000000, 1.00000000
0.787878787879, 0.393939393939, 1.10419683, 1.00000000, 1.00000000, 1.00000000
0.787878787879, 0.404040404040, 1.11433657, 1.00000000, 1.00000000, 1.00000000
0.787878787879, 0.414141414141, 1.12401706, 1.00000000, 1.00000000, 1.00000000
0.787878787879, 0.424242424242, 1.13319906, 1.00000000, 1.00000000, 1.00000000
0.787878787879, 0.434343434343, 1.14184536, 1.00000000, 1.00000000, 1.00000000
0.787878787879, 0.444444444444, 1.14992087, 1.00000000, 1.00000000, 1.00000000
0.787878787879, 0.454545454545, 1.15739286, 1.00000000, 1.00000000, 1.00000000
0.787878787879, 0.464646464646, 1.16423101, 1.00000000, 1.00000000, 1.00000000
0.787878787879, 0.474747474747, 1.17040758, 1.00000000, 1.00000000, 1.00000000
0.787878787879, 0.484848484848, 1.17589749, 1.00000000, 1.00000000, 1.00000000
0.787878787879, 0.494949494949, 1.18067846, 1.00000000, 1.00000000, 1.00000000
0.787878787879, 0.505050505051, 1.18473108, 1.00000000, 1.00000000, 1.00000000
0.787878787879, 0.515151515152, 1.18803889, 1.00000000, 1.00000000, 1.00000000
0.787878787879, 0.525252525253, 1.19058843, 1.00000000, 1.00000000, 1.00000000
0.787878787879, 0.535353535354, 1.19236933, 1.00000000, 1.00000000, 1.00000000
0.787878787879, 0.545454545455, 1.19337430, 1.00000000, 1.00000000, 1.00000000
0.787878787879, 0.555555555556, 1.19359921, 1.00000000, 1.00000000, 1.00000000
0.787878787879, 0.565656565657, 1.19304322, 1.00000000, 1.00000000, 1.00000000
0.787878787879, 0.575757575758, 1.19170866, 1.00000000, 1.00000000, 1.00000000
0.787878787879, 0.585858585859, 1.18960100, 1.00000000, 1.00000000, 1.00000000
0.787878787879, 0.595959595960, 1.18672886, 1.00000000, 1.00000000, 1.00000000
0.787878787879, 0.606060606061, 1.18310393, 1.00000000, 1.00000000, 1.00000000
0.787878787879, 0.616161616162, 1.17874097, 1.00000000, 1.00000000, 1.00000000
0.787878787879, 0.626262626263, 1.17365771, 1.00000000, 1.00000000, 1.00000000
0.787878787879, 0.636363636364, 1.16787480, 1.00000000, 1.00000000, 1.00000000
0.787878787879, 0.646464646465, 1.16141572, 1.00000000, 1.00000000, 1.00000000
0.787878787879, 0.656565656566, 1.15430672, 1.00000000, 1.00000000, 1.00000000
0.787878787879, 0.666666666667, 1.14657664, 1.00000000, 1.00000000, 1.00000000
0.787878787879, 0.676767676768, 1.13825684, 1.00000000, 1.00000000, 1.00000000
0.787878787879, 0.686868686869, 1.12938109, 1.00000000, 1.00000000, 1.00000000
0.787878787879, 0.696969696970, 1.11998539, 1.00000000, 1.00000000, 1.00000000
0.787878787879, 0.707070707071, 1.11010781, 1.00000000, 1.00000000, 1.00000000
0.787878787879, 0.717171717172, 1.09978841, 1.00000000, 1.00000000, 1.00000000
0.787878787879, 0.727272727273, 1.08906897, 1.00000000, 1.00000000, 1.00000000
0.787878787879, 0.737373737374, 1.07799293, 1.00000000, 1.00000000, 1.00000000
0.787878787879, 0.747474747475, 1.06660511, 1.00000000, 1.00000000, 1.00000000
0.787878787879, 0.757575757576, 1.05495159, 1.00000000, 1.00000000, 1.00000000
0.787878787879, 0.767676767677, 1.04307949, 1.00000000, 1.00000000, 1.00000000
0.787878787879, 0.777777777778, 1.03103680, 1.00000000, 1.00000000, 1.00000000
0.787878787879, 0.787878787879, 1.01887216, 1.00000000, 1.00000000, 1.00000000
0.787878787879, 0.797979797980, 1.00663468, 1.00000000, 1.00000000, 1.00000000
0.787878787879, 0.808080808081, 0.99437372, 1.00000000, 1.00000000, 1.00000000
0.787878787879, 0.818181818182, 0.98213870, 1.00000000, 1.00000000, 1.00000000
0.787878787879, 0.828282828283, 0.96997890, 1.00000000, 1.00000000, 1.00000000
0.787878787879, 0.838383838384, 0.95794326, 1.00000000, 1.00000000, 1.00000000
0.787878787879, 0.848484848485, 0.94608017, 1.00000000, 1.00000000, 1.00000000
0.787878787879, 0.858585858586, 0.93443728, 1.00000000, 1.00000000, 1.00000000
0.787878787879, 0.868686868687, 0.92306132, 1.00000000, 1.00000000, 1.00000000
0.787878787879, 0.878787878788, 0.91199791, 1.00000000, 1.00000000, 1.00000000
0.787878787879, 0.888888888889, 0.90129136, 1.00000000, 1.00000000, 1.00000000
0.787878787879, 0.898989898990, 0.89098450, 1.00000000, 1.00000000, 1.00000000
0.787878787879, 0.909090909091, 0.88111854, 1.00000000, 1.00000000, 1.00000000
0.787878787879, 0.919191919192, 0.87173287, 1.00000000, 1.00000000, 1.00000000
0.787878787879, 0.929292929293, 0.86286492, 1.00000000, 1.00000000, 1.00000000
0.787878787879, 0.939393939394, 0.85455002, 1.00000000, 1.00000000, 1.00000000
0.787878787879, 0.949494949495, 0.84682125, 1.00000000, 1.00000000, 1.00000000
0.787878787879, 0.959595959596, 0.83970926, 1.00000000, 1.00000000, 1.00000000
0.797979797980, -0.000000000000, 0.81127409, 1.00000000, 1.00000000, 1.00000000
0.797979797980, 0.010101010101, 0.80901860, 1.00000000, 1.00000000, 1.00000000
0.797979797980, 0.020202020202, 0.80746556, 1.00000000, 1.00000000, 1.00000000
0.797979797980, 0.030303030303, 0.80660100, 1.00000000, 1.00000000, 1.00000000
0.797979797980, 0.040404040404, 0.80641308, 1.00000000, 1.00000000, 1.00000000
0.797979797980, 0.050505050505, 0.80689663, 1.00000000, 1.00000000, 1.00000000
0.797979797980, 0.060606060606, 0.80805558, 1.00000000, 1.00000000, 1.00000000
0.797979797980, 0.070707070707, 0.80990143, 1.00000000, 1.00000000, 1.00000000
0.797979797980, 0.080808080808, 0.81244858, 1.00000000, 1.00000000, 1.00000000
0.797979797980, 0.090909090909, 0.81570878, 1.00000000, 1.00000000, 1.00000000
0.797979797980, 0.101010101010, 0.81968682, 1.00000000, 1.00000000, 1.00000000
0.797979797980, 0.111111111111, 0.82437893, 1.00000000, 1.00000000, 1.00000000
0.797979797980, 0.121212121212, 0.82977322, 1.00000000, 1.00000000, 1.00000000
0.797979797980, 0.131313131313, 0.83585138, 1.00000000, 1.00000000, 1.00000000
0.797979797980, 0.141414141414, 0.84259040, 1.00000000, 1.00000000, 1.00000000
0.797979797980, 0.151515151515, 0.84996372, 1.00000000, 1.00000000, 1.00000000
0.797979797980, 0.161616161616, 0.85794203, 1.00000000, 1.00000000, 1.00000000
0.797979797980, 0.171717171717, 0.86649348, 1.00000000, 1.00000000, 1.00000000
0.797979797980, 0.181818181818, 0.87558398, 1.00000000, 1.00000000, 1.00000000
0.797979797980, 0.191919191919, 0.88517725, 1.00000000, 1.00000000, 1.00000000
0.797979797980, 0.202020202020, 0.89523496, 1.00000000, 1.00000000, 1.00000000
0.797979797980, 0.212121212121, 0.90571690, 1.00000000, 1.00000000, 1.00000000
0.797979797980, 0.222222222222, 0.91658111, 1.00000000, 1.00000000, 1.00000000
0.797979797980, 0.232323232323, 0.92778406, 1.00000000, 1.00000000, 1.00000000
0.797979797980, 0.242424242424, 0.93928082, 1.00000000, 1.00000000, 1.00000000
0.797979797980, 0.252525252525, 0.95102522, 1.00000000, 1.00000000, 1.00000000
0.797979797980, 0.262626262626, 0.96297005, 1.00000000, 1.00000000, 1.00000000
0.797979797980, 0.272727272727, 0.97506728, 1.00000000, 1.00000000, 1.00000000
0.797979797980, 0.282828282828, 0.98726819, 1.00000000, 1.00000000, 1.00000000
0.797979797980, 0.292929292929, 0.99952363, 1.00000000, 1.00000000, 1.00000000
0.797979797980, 0.303030303030, 1.01178417, 1.00000000, 1.00000000, 1.00000000
0.797979797980, 0.313131313131, 1.02400034, 1.00000000, 1.00000000, 1.00000000
0.797979797980, 0.323232323232, 1.03612281, 1.00000000, 1.00000000, 1.00000000
0.797979797980, 0.333333333333, 1.04810261, 1.00000000, 1.00000000, 1.00000000
0.797979797980, 0.343434343434, 1.05989131, 1.00000000, 1.00000000, 1.00000000
0.797979797980, 0.353535353535, 1.07144123, 1.00000000, 1.00000000, 1.00000000
0.797979797980, 0.363636363636, 1.08270564, 1.00000000, 1.00000000, 1.00000000
0.797979797980, 0.373737373737, 1.09363893, 1.00000000, 1.00000000, 1.00000000
0.797979797980, 0.383838383838, 1.10419683, 1.00000000, 1.00000000, 1.00000000
0.797979797980, 0.393939393939, 1.11433657, 1.00000000, 1.00000000, 1.00000000
0.797979797980, 0.404040404040, 1.12401706, 1.00000000, 1.00000000, 1.00000000
0.797979797980, 0.414141414141, 1.13319906, 1.00000000, 1.00000000, 1.00000000
0.797979797980, 0.424242424242, 1.14184536, 1.00000000, 1.00000000, 1.00000000
0.797979797980, 0.434343434343, 1.14992087, 1.00000000, 1.00000000, 1.00000000
0.797979797980, 0.444444444444, 1.15739286, 1.00000000, 1.00000000, 1.00000000
0.797979797980, 0.454545454545, 1.16423101, 1.00000000, 1.00000000, 1.00000000
0.797979797980, 0.464646464646, 1.17040758, 1.00000000, 1.00000000, 1.00000000
0.797979797980, 0.474747474747, 1.17589749, 1.00000000, 1.00000000, 1.00000000
0.797979797980, 0.484848484848, 1.18067846, 1.00000000, 1.00000000, 1.00000000
0.797979797980, 0.494949494949, 1.18473108, 1.00000000, 1.00000000, 1.00000000
0.797979797980, 0.505050505051, 1.18803889, 1.00000000, 1.00000000, 1.00000000
0.797979797980, 0.515151515152, 1.19058843, 1.00000000, 1.00000000, 1.00000000
0.797979797980, 0.525252525253, 1.19236933, 1.00000000, 1.00000000, 1.00000000
0.797979797980, 0.535353535354, 1.19337430, 1.00000000, 1.00000000, 1.00000000
0.797979797980, 0.545454545455, 1.19359921, 1.00000000, 1.00000000, 1.00000000
0.797979797980, 0.555555555556, 1.19304322, 1.00000000, 1.00000000, 1.00000000
0.797979797980, 0.565656565657, 1.19170866, 1.00000000, 1.00000000, 1.00000000
0.797979797980, 0.575757575758, 1.18960100, 1.00000000, 1.00000000, 1.00000000
0.797979797980, 0.585858585859, 1.18672886, 1.00000000, 1.00000000, 1.00000000
0.797979797980, 0.595959595960, 1.18310393, 1.00000000, 1.00000000, 1.00000000
0.797979797980, 0.606060606061, 1.17874097, 1.00000000, 1.00000000, 1.00000000
0.797979797980, 0.616161616162, 1.17365771, 1.00000000, 1.00000000, 1.00000000
0.797979797980, 0.626262626263, 1.16787480, 1.00000000, 1.00000000, 1.00000000
0.797979797980, 0.636363636364, 1.16141572, 1.00000000, 1.00000000, 1.00000000
0.797979797980, 0.646464646465, 1.15430672, 1.00000000, 1.00000000, 1.00000000
0.797979797980, 0.656565656566, 1.14657664, 1.00000000, 1.00000000, 1.00000000
0.797979797980, 0.666666666667, 1.13825684, 1.00000000, 1.00000000, 1.00000000
0.797979797980, 0.676767676768, 1.12938109, 1.00000000, 1.00000000, 1.00000000
0.797979797980, 0.686868686869, 1.11998539, 1.00000000, 1.00000000, 1.00000000
0.797979797980, 0.696969696970, 1.11010781, 1.00000000, 1.00000000, 1.00000000
0.797979797980, 0.707070707071, 1.09978841, 1.00000000, 1.00000000, 1.00000000
0.797979797980, 0.717171717172, 1.08906897, 1.00000000, 1.00000000, 1.00000000
0.797979797980, 0.727272727273, 1.07799293, 1.00000000, 1.00000000, 1.00000000
0.797979797980, 0.737373737374, 1.06660511, 1.00000000, 1.00000000, 1.00000000
0.797979797980, 0.747474747475, 1.05495159, 1.00000000, 1.00000000, 1.00000000
0.797979797980, 0.757575757576, 1.04307949, 1.00000000, 1.00000000, 1.00000000
0.797979797980, 0.767676767677, 1.03103680, 1.00000000, 1.00000000, 1.00000000
0.797979797980, 0.777777777778, 1.01887216, 1.00000000, 1.00000000, 1.00000000
0.797979797980, 0.787878787879, 1.00663468, 1.00000000, 1.00000000, 1.00000000
0.797979797980, 0.797979797980, 0.99437372, 1.00000000, 1.00000000, 1.00000000
0.797979797980, 0.808080808081, 0.98213870, 1.00000000, 1.00000000, 1.00000000
0.797979797980, 0.818181818182, 0.96997890, 1.00000000, 1.00000000, 1.00000000
0.797979797980, 0.828282828283, 0.95794326, 1.00000000, 1.00000000, 1.00000000
0.797979797980, 0.838383838384, 0.94608017, 1.00000000, 1.00000000, 1.00000000
0.797979797980, 0.848484848485, 0.93443728, 1.00000000, 1.00000000, 1.00000000
0.797979797980, 0.858585858586, 0.92306132, 1.00000000, 1.00000000, 1.00000000
0.797979797980, 0.868686868687, 0.91199791, 1.00000000, 1.00000000, 1.00000000
0.797979797980, 0.878787878788, 0.90129136, 1.00000000, 1.00000000, 1.00000000
0.797979797980, 0.888888888889, 0.89098450, 1.00000000, 1.00000000, 1.00000000
0.797979797980, 0.898989898990, 0.88111854, 1.00000000, 1.00000000, 1.00000000
0.797979797980, 0.909090909091, 0.87173287, 1.00000000, 1.00000000, 1.00000000
0.797979797980, 0.919191919192, 0.86286492, 1.00000000, 1.00000000, 1.00000000
0.797979797980, 0.929292929293, 0.85455001, 1.00000000, 1.00000000, 1.00000000
0.797979797980, 0.939393939394, 0.84682118, 1.00000000, 1.00000000, 1.00000000
0.797979797980, 0.949494949495, 0.83970899, 1.00000000, 1.00000000, 1.00000000
0.797979797980, 0.959595959596, 0.83324123, 1.00000000, 1.00000000, 1.00000000
0.808080808081, -0.000000000000, 0.80904540, 1.00000000, 1.00000000, 1.00000000
0.808080808081, 0.010101010101, 0.80750381, 1.00000000, 1.00000000, 1.00000000
0.808080808081, 0.020202020202, 0.80665167, 1.00000000, 1.00000000, 1.00000000
0.808080808081, 0.030303030303, 0.80647493, 1.00000000, 1.00000000, 1.00000000
0.808080808081, 0.040404040404, 0.80696575, 1.00000000, 1.00000000, 1.00000000
0.808080808081, 0.050505050505, 0.80812586, 1.00000000, 1.00000000, 1.00000000
0.808080808081, 0.060606060606, 0.80996615, 1.00000000, 1.00000000, 1.00000000
0.808080808081, 0.070707070707, 0.81250239, 1.00000000, 1.00000000, 1.00000000
0.808080808081, 0.080808080808, 0.81574906, 1.00000000, 1.00000000, 1.00000000
0.808080808081, 0.090909090909, 0.81971392, 1.00000000, 1.00000000, 1.00000000
0.808080808081, 0.101010101010, 0.82439529, 1.00000000, 1.00000000, 1.00000000
0.808080808081, 0.111111111111, 0.82978207, 1.00000000, 1.00000000, 1.00000000
0.808080808081, 0.121212121212, 0.83585567, 1.00000000, 1.00000000, 1.00000000
0.808080808081, 0.131313131313, 0.84259225, 1.00000000, 1.00000000, 1.00000000
0.808080808081, 0.141414141414, 0.84996444, 1.00000000, 1.00000000, 1.00000000
0.808080808081, 0.151515151515, 0.85794227, 1.00000000, 1.00000000, 1.00000000
0.808080808081, 0.161616161616, 0.86649356, 1.00000000, 1.00000000, 1.00000000
0.808080808081, 0.171717171717, 0.87558400, 1.00000000, 1.00000000, 1.00000000
0.808080808081, 0.181818181818, 0.88517725, 1.00000000, 1.00000000, 1.00000000
0.808080808081, 0.191919191919, 0.89523496, 1.00000000, 1.00000000, 1.00000000
0.808080808081, 0.202020202020, 0.90571690, 1.00000000, 1.00000000, 1.00000000
0.808080808081, 0.212121212121, 0.91658111, 1.00000000, 1.00000000, 1.00000000
0.808080808081, 0.222222222222, 0.92778406, 1.00000000, 1.00000000, 1.00000000
0.808080808081, 0.232323232323, 0.93928082, 1.00000000, 1.00000000, 1.00000000
0.808080808081, 0.242424242424, 0.95102522, 1.00000000, 1.00000000, 1.00000000
0.808080808081, 0.252525252525, 0.96297005, 1.00000000, 1.00000000, 1.00000000
0.808080808081, 0.262626262626, 0.97506728, 1.00000000, 1.00000000, 1.00000000
0.808080808081, 0.272727272727, 0.98726819, 1.00000000, 1.00000000, 1.00000000
0.808080808081, 0.282828282828, 0.99952363, 1.00000000, 1.00000000, 1.00000000
0.808080808081, 0.292929292929, 1.01178417, 1.00000000, 1.00000000, 1.00000000
0.808080808081, 0.303030303030, 1.02400034, 1.00000000, 1.00000000, 1.00000000
0.808080808081, 0.313131313131, 1.03612281, 1.00000000, 1.00000000, 1.00000000
0.808080808081, 0.323232323232, 1.04810261, 1.00000000, 1.00000000, 1.00000000
0.808080808081, 0.333333333333, 1.05989131, 1.00000000, 1.00000000, 1.00000000
0.808080808081, 0.343434343434, 1.07144123, 1.00000000, 1.00000000, 1.00000000
0.808080808081, 0.353535353535, 1.08270564, 1.00000000, 1.00000000, 1.00000000
0.808080808081, 0.363636363636, 1.09363893, 1.00000000, 1.00000000, 1.00000000
0.808080808081, 0.373737373737, 1.10419683, 1.00000000, 1.00000000, 1.00000000
0.808080808081, 0.383838383838, 1.11433657, 1.00000000, 1.00000000, 1.00000000
0.808080808081, 0.393939393939, 1.12401706, 1.00000000, 1.00000000, 1.00000000
0.808080808081, 0.404040404040, 1.13319906, 1.00000000, 1.00000000, 1.00000000
0.808080808081, 0.414141414141, 1.14184536, 1.00000000, 1.00000000, 1.00000000
0.808080808081, 0.424242424242, 1.14992087, 1.00000000, 1.00000000, 1.00000000
0.808080808081, 0.434343434343, 1.15739286, 1.00000000, 1.00000000, 1.00000000
0.808080808081, 0.444444444444, 1.16423101, 1.00000000, 1.00000000, 1.00000000
0.808080808081, 0.454545454545, 1.17040758, 1.00000000, 1.00000000, 1.00000000
0.808080808081, 0.464646464646, 1.17589749, 1.00000000, 1.00000000, 1.00000000
0.808080808081, 0.474747474747, 1.18067846, 1.00000000, 1.00000000, 1.00000000
0.808080808081, 0.484848484848, 1.18473108, 1.00000000, 1.00000000, 1.00000000
0.808080808081, 0.494949494949, 1.18803889, 1.00000000, 1.00000000, 1.00000000
0.808080808081, 0.505050505051, 1.19058843, 1.00000000, 1.00000000, 1.00000000
0.808080808081, 0.515151515152, 1.19236933, 1.00000000, 1.00000000, 1.00000000
0.808080808081, 0.525252525253, 1.19337430, 1.00000000, 1.00000000, 1.00000000
0.808080808081, 0.535353535354, 1.19359921, 1.00000000, 1.00000000, 1.00000000
0.808080808081, 0.545454545455, 1.19304322, 1.00000000, 1.00000000, 1.00000000
0.808080808081, 0.555555555556, 1.19170866, 1.00000000, 1.00000000, 1.00000000
0.808080808081, 0.565656565657, 1.18960100, 1.00000000, 1.00000000, 1.00000000
0.808080808081, 0.575757575758, 1.18672886, 1.00000000, 1.00000000, 1.00000000
0.808080808081, 0.585858585859, 1.18310393, 1.00000000, 1.00000000, 1.00000000
0.808080808081, 0.595959595960, 1.17874097, 1.00000000, 1.00000000, 1.00000000
0.808080808081, 0.606060606061, 1.17365771, 1.00000000, 1.00000000, 1.00000000
0.808080808081, 0.616161616162, 1.16787480, 1.00000000, 1.00000000, 1.00000000
0.808080808081, 0.626262626263, 1.16141572, 1.00000000, 1.00000000, 1.00000000
0.808080808081, 0.636363636364, 1.15430672, 1.00000000, 1.00000000, 1.00000000
0.808080808081, 0.646464646465, 1.14657664, 1.00000000, 1.00000000, 1.00000000
0.808080808081, 0.656565656566, 1.13825684, 1.00000000, 1.00000000, 1.00000000
0.808080808081, 0.666666666667, 1.12938109, 1.00000000, 1.00000000, 1.00000000
0.808080808081, 0.676767676768, 1.11998539, 1.00000000, 1.00000000, 1.00000000
0.808080808081, 0.686868686869, 1.11010781, 1.00000000, 1.00000000, 1.00000000
0.808080808081, 0.696969696970, 1.09978841, 1.00000000, 1.00000000, 1.00000000
0.808080808081, 0.707070707071, 1.08906897, 1.00000000, 1.00000000, 1.00000000
0.808080808081, 0.717171717172, 1.07799293, 1.00000000, 1.00000000, 1.00000000
0.808080808081, 0.727272727273, 1.06660511, 1.00000000, 1.00000000, 1.00000000
0.808080808081, 0.737373737374, 1.05495159, 1.00000000, 1.00000000, 1.00000000
0.808080808081, 0.747474747475, 1.04307949, 1.00000000, 1.00000000, 1.00000000
0.808080808081, 0.757575757576, 1.03103680, 1.00000000, 1.00000000, 1.00000000
0.808080808081, 0.767676767677, 1.01887216, 1.00000000, 1.00000000, 1.00000000
0.808080808081, 0.777777777778, 1.00663468, 1.00000000, 1.00000000, 1.00000000
0.808080808081, 0.787878787879, 0.99437372, 1.00000000, 1.00000000, 1.00000000
0.808080808081, 0.797979797980, 0.98213870, 1.00000000, 1.00000000, 1.00000000
0.808080808081, 0.808080808081, 0.96997890, 1.00000000, 1.00000000, 1.00000000
0.808080808081, 0.818181818182, 0.95794326, 1.00000000, 1.00000000, 1.00000000
0.808080808081, 0.828282828283, 0.94608017, 1.00000000, 1.00000000, 1.00000000
0.808080808081, 0.838383838384, 0.93443728, 1.00000000, 1.00000000, 1.00000000
0.808080808081, 0.848484848485, 0.92306132, 1.00000000, 1.00000000, 1.00000000
0.808080808081, 0.858585858586, 0.91199791, 1.00000000, 1.00000000, 1.00000000
0.808080808081, 0.868686868687, 0.90129136, 1.00000000, 1.00000000, 1.00000000
0.808080808081, 0.878787878788, 0.89098450, 1.00000000, 1.00000000, 1.00000000
0.808080808081, 0.888888888889, 0.88111854, 1.00000000, 1.00000000, 1.00000000
0.808080808081, 0.898989898990, 0.87173287, 1.00000000, 1.00000000, 1.00000000
0.808080808081, 0.909090909091, 0.86286493, 1.00000000, 1.00000000, 1.00000000
0.808080808081, 0.919191919192, 0.85455005, 1.00000000, 1.00000000, 1.00000000
0.808080808081, 0.929292929293, 0.84682128, 1.00000000, 1.00000000, 1.00000000
0.808080808081, 0.939393939394, 0.83970926, 1.00000000, 1.00000000, 1.00000000
0.808080808081, 0.949494949495, 0.83324192, 1.00000000, 1.00000000, 1.00000000
0.808080808081, 0.959595959596, 0.82744409, 1.00000000, 1.00000000, 1.00000000
0.818181818182, -0.000000000000, 0.80758388, 1.00000000, 1.00000000, 1.00000000
0.818181818182, 0.010101010101, 0.80676245, 1.00000000, 1.00000000, 1.00000000
0.818181818182, 0.020202020202, 0.80661471, 1.00000000, 1.00000000, 1.00000000
0.818181818182, 0.030303030303, 0.80712642, 1.00000000, 1.00000000, 1.00000000
0.818181818182, 0.040404040404, 0.80829392, 1.00000000, 1.00000000, 1.00000000
0.818181818182, 0.050505050505, 0.81012588, 1.00000000, 1.00000000, 1.00000000
0.818181818182, 0.060606060606, 0.81264013, 1.00000000, 1.00000000, 1.00000000
0.818181818182, 0.070707070707, 0.81585665, 1.00000000, 1.00000000, 1.00000000
0.818181818182, 0.080808080808, 0.81978996, 1.00000000, 1.00000000, 1.00000000
0.818181818182, 0.090909090909, 0.82444382, 1.00000000, 1.00000000, 1.00000000
0.818181818182, 0.101010101010, 0.82981000, 1.00000000, 1.00000000, 1.00000000
0.818181818182, 0.111111111111, 0.83587014, 1.00000000, 1.00000000, 1.00000000
0.818181818182, 0.121212121212, 0.84259899, 1.00000000, 1.00000000, 1.00000000
0.818181818182, 0.131313131313, 0.84996725, 1.00000000, 1.00000000, 1.00000000
0.818181818182, 0.141414141414, 0.85794332, 1.00000000, 1.00000000, 1.00000000
0.818181818182, 0.151515151515, 0.86649391, 1.00000000, 1.00000000, 1.00000000
0.818181818182, 0.161616161616, 0.87558411, 1.00000000, 1.00000000, 1.00000000
0.818181818182, 0.171717171717, 0.88517728, 1.00000000, 1.00000000, 1.00000000
0.818181818182, 0.181818181818, 0.89523497, 1.00000000, 1.00000000, 1.00000000
0.818181818182, 0.191919191919, 0.90571690, 1.00000000, 1.00000000, 1.00000000
0.818181818182, 0.202020202020, 0.91658111, 1.00000000, 1.00000000, 1.00000000
0.818181818182, 0.212121212121, 0.92778406, 1.00000000, 1.00000000, 1.00000000
0.818181818182, 0.222222222222, 0.93928082, 1.00000000, 1.00000000, 1.00000000
0.818181818182, 0.232323232323, 0.95102522, 1.00000000, 1.00000000, 1.00000000
0.818181818182, 0.242424242424, 0.96297005, 1.00000000, 1.00000000, 1.00000000
0.818181818182, 0.252525252525, 0.97506728, 1.00000000, 1.00000000, 1.00000000
0.818181818182, 0.262626262626, 0.98726819, 1.00000000, 1.00000000, 1.00000000
0.818181818182, 0.272727272727, 0.99952363, 1.00000000, 1.00000000, 1.00000000
0.818181818182, 0.282828282828, 1.01178417, 1.00000000, 1.00000000, 1.00000000
0.818181818182, 0.292929292929, 1.02400034, 1.00000000, 1.00000000, 1.00000000
0.818181818182, 0.303030303030, 1.03612281, 1.00000000, 1.00000000, 1.00000000
0.818181818182, 0.313131313131, 1.04810261, 1.00000000, 1.00000000, 1.00000000
0.818181818182, 0.323232323232, 1.05989131, 1.00000000, 1.00000000, 1.00000000
0.818181818182, 0.333333333333, 1.07144123, 1.00000000, 1.00000000, 1.00000000
0.818181818182, 0.343434343434, 1.08270564, 1.00000000, 1.00000000, 1.00000000
0.818181818182, 0.353535353535, 1.09363893, 1.00000000, 1.00000000, 1.00000000
0.818181818182, 0.363636363636, 1.10419683, 1.00000000, 1.00000000, 1.00000000
0.818181818182, 0.373737373737, 1.11433657, 1.00000000, 1.00000000, 1.00000000
0.818181818182, 0.383838383838, 1.12401706, 1.00000000, 1.00000000, 1.00000000
0.818181818182, 0.393939393939, 1.13319906, 1.00000000, 1.00000000, 1.00000000
0.818181818182, 0.404040404040, 1.14184536, 1.00000000, 1.00000000, 1.00000000
0.818181818182, 0.414141414141, 1.14992087, 1.00000000, 1.00000000, 1.00000000
0.818181818182, 0.424242424242, 1.15739286, 1.00000000, 1.00000000, 1.00000000
0.818181818182, 0.434343434343, 1.16423101, 1.00000000, 1.00000000, 1.00000000
0.818181818182, 0.444444444444, 1.17040758, 1.00000000, 1.00000000, 1.00000000
0.818181818182, 0.454545454545, 1.17589749, 1.00000000, 1.00000000, 1.00000000
0.818181818182, 0.464646464646, 1.18067846, 1.00000000, 1.00000000, 1.00000000
0.818181818182, 0.474747474747, 1.18473108, 1.00000000, 1.00000000, 1.00000000
0.818181818182, 0.484848484848, 1.18803889, 1.00000000, 1.00000000, 1.00000000
0.818181818182, 0.494949494949, 1.19058843, 1.00000000, 1.00000000, 1.00000000
0.818181818182, 0.505050505051, 1.19236933, 1.00000000, 1.00000000, 1.00000000
0.818181818182, 0.515151515152, 1.19337430, 1.00000000, 1.00000000, 1.00000000
0.818181818182, 0.525252525253, 1.19359921, 1.00000000, 1.00000000, 1.00000000
0.818181818182, 0.535353535354, 1.19304322, 1.00000000, 1.00000000, 1.00000000
0.818181818182, 0.545454545455, 1.19170866, 1.00000000, 1.00000000, 1.00000000
0.818181818182, 0.555555555556, 1.18960100, 1.00000000, 1.00000000, 1.00000000
0.818181818182, 0.565656565657, 1.18672886, 1.00000000, 1.00000000, 1.00000000
0.818181818182, 0.575757575758, 1.18310393, 1.00000000, 1.00000000, 1.00000000
0.818181818182, 0.585858585859, 1.17874097, 1.00000000, 1.00000000, 1.00000000
0.818181818182, 0.595959595960, 1.17365771, 1.00000000, 1.00000000, 1.00000000
0.818181818182, 0.606060606061, 1.16787480, 1.00000000, 1.00000000, 1.00000000
0.818181818182, 0.616161616162, 1.16141572, 1.00000000, 1.00000000, 1.00000000
0.818181818182, 0.626262626263, 1.15430672, 1.00000000, 1.00000000, 1.00000000
0.818181818182, 0.636363636364, 1.14657664, 1.00000000, 1.00000000, 1.00000000
0.818181818182, 0.646464646465, 1.13825684, 1.00000000, 1.00000000, 1.00000000
0.818181818182, 0.656565656566, 1.12938109, 1.00000000, 1.00000000, 1.00000000
0.818181818182, 0.666666666667, 1.11998539, 1.00000000, 1.00000000, 1.00000000
0.818181818182, 0.676767676768, 1.11010781, 1.00000000, 1.00000000, 1.00000000
0.818181818182, 0.686868686869, 1.09978841, 1.00000000, 1.00000000, 1.00000000
0.818181818182, 0.696969696970, 1.08906897, 1.00000000, 1.00000000, 1.00000000
0.818181818182, 0.707070707071, 1.07799293, 1.00000000, 1.00000000, 1.00000000
0.818181818182, 0.717171717172, 1.06660511, 1.00000000, 1.00000000, 1.00000000
0.818181818182, 0.727272727273, 1.05495159, 1.00000000, 1.00000000, 1.00000000
0.818181818182, 0.737373737374, 1.04307949, 1.00000000, 1.00000000, 1.00000000
0.818181818182, 0.747474747475, 1.03103680, 1.00000000, 1.00000000, 1.00000000
0.818181818182, 0.757575757576, 1.01887216, 1.00000000, 1.00000000, 1.00000000
0.818181818182, 0.767676767677, 1.00663468, 1.00000000, 1.00000000, 1.00000000
0.818181818182, 0.777777777778, 0.99437372, 1.00000000, 1.00000000, 1.00000000
0.818181818182, 0.787878787879, 0.98213870, 1.00000000, 1.00000000, 1.00000000
0.818181818182, 0.797979797980, 0.96997890, 1.00000000, 1.00000000, 1.00000000
0.818181818182, 0.808080808081, 0.95794326, 1.00000000, 1.00000000, 1.00000000
0.818181818182, 0.818181818182, 0.94608017, 1.00000000, 1.00000000, 1.00000000
0.818181818182, 0.828282828283, 0.93443728, 1.00000000, 1.00000000, 1.00000000
0.818181818182, 0.838383838384, 0.92306132, 1.00000000, 1.00000000, 1.00000000
0.818181818182, 0.848484848485, 0.91199791, 1.00000000, 1.00000000, 1.00000000
0.818181818182, 0.858585858586, 0.90129136, 1.00000000, 1.00000000, 1.00000000
0.818181818182, 0.868686868687, 0.89098450, 1.00000000, 1.00000000, 1.00000000
0.818181818182, 0.878787878788, 0.88111854, 1.00000000, 1.00000000, 1.00000000
0.818181818182, 0.888888888889, 0.87173287, 1.00000000, 1.00000000, 1.00000000
0.818181818182, 0.898989898990, 0.86286494, 1.00000000, 1.00000000, 1.00000000
0.818181818182, 0.909090909091, 0.85455006, 1.00000000, 1.00000000, 1.00000000
0.818181818182, 0.919191919192, 0.84682135, 1.00000000, 1.00000000, 1.00000000
0.818181818182, 0.929292929293, 0.83970948, 1.00000000, 1.00000000, 1.00000000
0.818181818182, 0.939393939394, 0.83324255, 1.00000000, 1.00000000, 1.00000000
0.818181818182, 0.949494949495, 0.82744575, 1.00000000, 1.00000000, 1.00000000
0.818181818182, 0.959595959596, 0.82234086, 1.00000000, 1.00000000, 1.00000000
0.828282828283, -0.000000000000, 0.80689553, 1.00000000, 1.00000000, 1.00000000
0.828282828283, 0.010101010101, 0.80679763, 1.00000000, 1.00000000, 1.00000000
0.828282828283, 0.020202020202, 0.80735481, 1.00000000, 1.00000000, 1.00000000
0.828282828283, 0.030303030303, 0.80855286, 1.00000000, 1.00000000, 1.00000000
0.828282828283, 0.040404040404, 0.81039230, 1.00000000, 1.00000000, 1.00000000
0.828282828283, 0.050505050505, 0.81288872, 1.00000000, 1.00000000, 1.00000000
0.828282828283, 0.060606060606, 0.81606685, 1.00000000, 1.00000000, 1.00000000
0.828282828283, 0.070707070707, 0.81995086, 1.00000000, 1.00000000, 1.00000000
0.828282828283, 0.080808080808, 0.82455521, 1.00000000, 1.00000000, 1.00000000
0.828282828283, 0.090909090909, 0.82987967, 1.00000000, 1.00000000, 1.00000000
0.828282828283, 0.101010101010, 0.83590945, 1.00000000, 1.00000000, 1.00000000
0.828282828283, 0.111111111111, 0.84261897, 1.00000000, 1.00000000, 1.00000000
0.828282828283, 0.121212121212, 0.84997638, 1.00000000, 1.00000000, 1.00000000
0.828282828283, 0.131313131313, 0.85794707, 1.00000000, 1.00000000, 1.00000000
0.828282828283, 0.141414141414, 0.86649528, 1.00000000, 1.00000000, 1.00000000
0.828282828283, 0.151515151515, 0.87558456, 1.00000000, 1.00000000, 1.00000000
0.828282828283, 0.161616161616, 0.88517741, 1.00000000, 1.00000000, 1.00000000
0.828282828283, 0.171717171717, 0.89523500, 1.00000000, 1.00000000, 1.00000000
0.828282828283, 0.181818181818, 0.90571691, 1.00000000, 1.00000000, 1.00000000
0.828282828283, 0.191919191919, 0.91658111, 1.00000000, 1.00000000, 1.00000000
0.828282828283, 0.202020202020, 0.92778406, 1.00000000, 1.00000000, 1.00000000
0.828282828283, 0.212121212121, 0.93928082, 1.00000000, 1.00000000, 1.00000000
0.828282828283, 0.222222222222, 0.95102522, 1.00000000, 1.00000000, 1.00000000
0.828282828283, 0.232323232323, 0.96297005, 1.00000000, 1.00000000, 1.00000000
0.828282828283, 0.242424242424, 0.97506728, 1.00000000, 1.00000000, 1.00000000
0.828282828283, 0.252525252525, 0.98726819, 1.00000000, 1.00000000, 1.00000000
0.828282828283, 0.262626262626, 0.99952363, 1.00000000, 1.00000000, 1.00000000
0.828282828283, 0.272727272727, 1.01178417, 1.00000000, 1.00000000, 1.00000000
0.828282828283, 0.282828282828, 1.02400034, 1.00000000, 1.00000000, 1.00000000
0.828282828283, 0.292929292929, 1.03612281, 1.00000000, 1.00000000, 1.00000000
0.828282828283, 0.303030303030, 1.04810261, 1.00000000, 1.00000000, 1.00000000
0.828282828283, 0.313131313131, 1.05989131, 1.00000000, 1.00000000, 1.00000000
0.828282828283, 0.323232323232, 1.07144123, 1.00000000, 1.00000000, 1.00000000
0.828282828283, 0.333333333333, 1.08270564, 1.00000000, 1.00000000, 1.00000000
0.828282828283, 0.343434343434, 1.09363893, 1.00000000, 1.00000000, 1.00000000
0.828282828283, 0.353535353535, 1.10419683, 1.00000000, 1.00000000, 1.00000000
0.828282828283, 0.363636363636, 1.11433657, 1.00000000, 1.00000000, 1.00000000
0.828282828283, 0.373737373737, 1.12401706, 1.00000000, 1.00000000, 1.00000000
0.828282828283, 0.383838383838, 1.13319906, 1.00000000, 1.00000000, 1.00000000
0.828282828283, 0.393939393939, 1.14184536, 1.00000000, 1.00000000, 1.00000000
0.828282828283, 0.404040404040, 1.14992087, 1.00000000, 1.00000000, 1.00000000
0.828282828283, 0.414141414141, 1.15739286, 1.00000000, 1.00000000, 1.00000000
0.828282828283, 0.424242424242, 1.16423101, 1.00000000, 1.00000000, 1.00000000
0.828282828283, 0.434343434343, 1.17040758, 1.00000000, 1.00000000, 1.00000000
0.828282828283, 0.444444444444, 1.17589749, 1.00000000, 1.00000000, 1.00000000
0.828282828283, 0.454545454545, 1.18067846, 1.00000000, 1.00000000, 1.00000000
0.828282828283, 0.464646464646, 1.18473108, 1.00000000, 1.00000000, 1.00000000
0.828282828283, 0.474747474747, 1.18803889, 1.00000000, 1.00000000, 1.00000000
0.828282828283, 0.484848484848, 1.19058843, 1.00000000, 1.00000000, 1.00000000
0.828282828283, 0.494949494949, 1.19236933, 1.00000000, 1.00000000, 1.00000000
0.828282828283, 0.505050505051, 1.19337430, 1.00000000, 1.00000000, 1.00000000
0.828282828283, 0.515151515152, 1.19359921, 1.00000000, 1.00000000, 1.00000000
0.828282828283, 0.525252525253, 1.19304322, 1.00000000, 1.00000000, 1.00000000
0.828282828283, 0.535353535354, 1.19170866, 1.00000000, 1.00000000, 1.00000000
0.828282828283, 0.545454545455, 1.18960100, 1.00000000, 1.00000000, 1.00000000
0.828282828283, 0.555555555556, 1.18672886, 1.00000000, 1.00000000, 1.00000000
0.828282828283, 0.565656565657, 1.18310393, 1.00000000, 1.00000000, 1.00000000
0.828282828283, 0.575757575758, 1.17874097, 1.00000000, 1.00000000, 1.00000000
0.828282828283, 0.585858585859, 1.17365771, 1.00000000, 1.00000000, 1.00000000
0.828282828283, 0.595959595960, 1.16787480, 1.00000000, 1.00000000, 1.00000000
0.828282828283, 0.606060606061, 1.16141572, 1.00000000, 1.00000000, 1.00000000
0.828282828283, 0.616161616162, 1.15430672, 1.00000000, 1.00000000, 1.00000000
0.828282828283, 0.626262626263, 1.14657664, 1.00000000, 1.00000000, 1.00000000
0.828282828283, 0.636363636364, 1.13825684, 1.00000000, 1.00000000, 1.00000000
0.828282828283, 0.646464646465, 1.12938109, 1.00000000, 1.00000000, 1.00000000
0.828282828283, 0.656565656566, 1.11998539, 1.00000000, 1.00000000, 1.00000000
0.828282828283, 0.666666666667, 1.11010781, 1.00000000, 1.00000000, 1.00000000
0.828282828283, 0.676767676768, 1.09978841, 1.00000000, 1.00000000, 1.00000000
0.828282828283, 0.686868686869, 1.08906897, 1.00000000, 1.00000000, 1.00000000
0.828282828283, 0.696969696970, 1.07799293, 1.00000000, 1.00000000, 1.00000000
0.828282828283, 0.707070707071, 1.06660511, 1.00000000, 1.00000000, 1.00000000
0.828282828283, 0.717171717172, 1.05495159, 1.00000000, 1.00000000, 1.00000000
0.828282828283, 0.727272727273, 1.04307949, 1.00000000, 1.00000000, 1.00000000
0.828282828283, 0.737373737374, 1.03103680, 1.00000000, 1.00000000, 1.00000000
0.828282828283, 0.747474747475, 1.01887216, 1.00000000, 1.00000000, 1.00000000
0.828282828283, 0.757575757576, 1.00663468, 1.00000000, 1.00000000, 1.00000000
0.828282828283, 0.767676767677, 0.99437372, 1.00000000, 1.00000000, 1.00000000
0.828282828283, 0.777777777778, 0.98213870, 1.00000000, 1.00000000, 1.00000000
0.828282828283, 0.787878787879, 0.96997890, 1.00000000, 1.00000000, 1.00000000
0.828282828283, 0.797979797980, 0.95794326, 1.00000000, 1.00000000, 1.00000000
0.828282828283, 0.808080808081, 0.94608017, 1.00000000, 1.00000000, 1.00000000
0.828282828283, 0.818181818182, 0.93443728, 1.00000000, 1.00000000, 1.00000000
0.828282828283, 0.828282828283, 0.92306132, 1.00000000, 1.00000000, 1.00000000
0.828282828283, 0.838383838384, 0.91199791, 1.00000000, 1.00000000, 1.00000000
0.828282828283, 0.848484848485, 0.90129136, 1.00000000, 1.00000000, 1.00000000
0.828282828283, 0.858585858586, 0.89098450, 1.00000000, 1.00000000, 1.00000000
0.828282828283, 0.868686868687, 0.88111854, 1.00000000, 1.00000000, 1.00000000
0.828282828283, 0.878787878788, 0.87173287, 1.00000000, 1.00000000, 1.00000000
0.828282828283, 0.888888888889, 0.86286494, 1.00000000, 1.00000000, 1.00000000
0.828282828283, 0.898989898990, 0.85455007, 1.00000000, 1.00000000, 1.00000000
0.828282828283, 0.909090909091, 0.84682138, 1.00000000, 1.00000000, 1.00000000
0.828282828283, 0.919191919192, 0.83970958, 1.00000000, 1.00000000, 1.00000000
0.828282828283, 0.929292929293, 0.83324287, 1.00000000, 1.00000000, 1.00000000
0.828282828283, 0.939393939394, 0.82744672, 1.00000000, 1.00000000, 1.00000000
0.828282828283, 0.949494949495, 0.82234349, 1.00000000, 1.00000000, 1.00000000
0.828282828283, 0.959595959596, 0.81795183, 1.00000000, 1.00000000, 1.00000000
0.838383838384, -0.000000000000, 0.80698321, 1.00000000, 1.00000000, 1.00000000
0.838383838384, 0.010101010101, 0.80760920, 1.00000000, 1.00000000, 1.00000000
0.838383838384, 0.020202020202, 0.80886905, 1.00000000, 1.00000000, 1.00000000
0.838383838384, 0.030303030303, 0.81074859, 1.00000000, 1.00000000, 1.00000000
0.838383838384, 0.040404040404, 0.81325254, 1.00000000, 1.00000000, 1.00000000
0.838383838384, 0.050505050505, 0.81640338, 1.00000000, 1.00000000, 1.00000000
0.838383838384, 0.060606060606, 0.82023268, 1.00000000, 1.00000000, 1.00000000
0.838383838384, 0.070707070707, 0.82476872, 1.00000000, 1.00000000, 1.00000000
0.838383838384, 0.080808080808, 0.83002589, 1.00000000, 1.00000000, 1.00000000
0.838383838384, 0.090909090909, 0.83599988, 1.00000000, 1.00000000, 1.00000000
0.838383838384, 0.101010101010, 0.84266941, 1.00000000, 1.00000000, 1.00000000
0.838383838384, 0.111111111111, 0.85000173, 1.00000000, 1.00000000, 1.00000000
0.838383838384, 0.121212121212, 0.85795852, 1.00000000, 1.00000000, 1.00000000
0.838383838384, 0.131313131313, 0.86649992, 1.00000000, 1.00000000, 1.00000000
0.838383838384, 0.141414141414, 0.87558624, 1.00000000, 1.00000000, 1.00000000
0.838383838384, 0.151515151515, 0.88517796, 1.00000000, 1.00000000, 1.00000000
0.838383838384, 0.161616161616, 0.89523516, 1.00000000, 1.00000000, 1.00000000
0.838383838384, 0.171717171717, 0.90571695, 1.00000000, 1.00000000, 1.00000000
0.838383838384, 0.181818181818, 0.91658112, 1.00000000, 1.00000000, 1.00000000
0.838383838384, 0.191919191919, 0.92778407, 1.00000000, 1.00000000, 1.00000000
0.838383838384, 0.202020202020, 0.93928082, 1.00000000, 1.00000000, 1.00000000
0.838383838384, 0.212121212121, 0.95102522, 1.00000000, 1.00000000, 1.00000000
0.838383838384, 0.222222222222, 0.96297005, 1.00000000, 1.00000000, 1.00000000
0.838383838384, 0.232323232323, 0.97506728, 1.00000000, 1.00000000, 1.00000000
0.838383838384, 0.242424242424, 0.98726819, 1.00000000, 1.00000000, 1.00000000
0.838383838384, 0.252525252525, 0.99952363, 1.00000000, 1.00000000, 1.00000000
0.838383838384, 0.262626262626, 1.01178417, 1.00000000, 1.00000000, 1.00000000
0.838383838384, 0.272727272727, 1.02400034, 1.00000000, 1.00000000, 1.00000000
0.838383838384, 0.282828282828, 1.03612281, 1.00000000, 1.00000000, 1.00000000
0.838383838384, 0.292929292929, 1.04810261, 1.00000000, 1.00000000, 1.00000000
0.838383838384, 0.303030303030, 1.05989131, 1.00000000, 1.00000000, 1.00000000
0.838383838384, 0.313131313131, 1.07144123, 1.00000000, 1.00000000, 1.00000000
0.838383838384, 0.323232323232, 1.08270564, 1.00000000, 1.00000000, 1.00000000
0.838383838384, 0.333333333333, 1.09363893, 1.00000000, 1.00000000, 1.00000000
0.838383838384, 0.343434343434, 1.10419683, 1.00000000, 1.00000000, 1.00000000
0.838383838384, 0.353535353535, 1.11433657, 1.00000000, 1.00000000, 1.00000000
0.838383838384, 0.363636363636, 1.12401706, 1.00000000, 1.00000000, 1.00000000
0.838383838384, 0.373737373737, 1.13319906, 1.00000000, 1.00000000, 1.00000000
0.838383838384, 0.383838383838, 1.14184536, 1.00000000, 1.00000000, 1.00000000
0.838383838384, 0.393939393939, 1.14992087, 1.00000000, 1.00000000, 1.00000000
0.838383838384, 0.404040404040, 1.15739286, 1.00000000, 1.00000000, 1.00000000
0.838383838384, 0.414141414141, 1.16423101, 1.00000000, 1.00000000, 1.00000000
0.838383838384, 0.424242424242, 1.17040758, 1.00000000, 1.00000000, 1.00000000
0.838383838384, 0.434343434343, 1.17589749, 1.00000000, 1.00000000, 1.00000000
0.838383838384, 0.444444444444, 1.18067846, 1.00000000, 1.00000000, 1.00000000
0.838383838384, 0.454545454545, 1.18473108, 1.00000000, 1.00000000, 1.00000000
0.838383838384, 0.464646464646, 1.18803889, 1.00000000, 1.00000000, 1.00000000
0.838383838384, 0.474747474747, 1.19058843, 1.00000000, 1.00000000, 1.00000000
0.838383838384, 0.484848484848, 1.19236933, 1.00000000, 1.00000000, 1.00000000
0.838383838384, 0.494949494949, 1.19337430, 1.00000000, 1.00000000, 1.00000000
0.838383838384, 0.505050505051, 1.19359921, 1.00000000, 1.00000000, 1.00000000
0.838383838384, 0.515151515152, 1.19304322, 1.00000000, 1.00000000, 1.00000000
0.838383838384, 0.525252525253, 1.19170866, 1.00000000, 1.00000000, 1.00000000
0.838383838384, 0.535353535354, 1.18960100, 1.00000000, 1.00000000, 1.00000000
0.838383838384, 0.545454545455, 1.18672886, 1.00000000, 1.00000000, 1.00000000
0.838383838384, 0.555555555556, 1.18310393, 1.00000000, 1.00000000, 1.00000000
0.838383838384, 0.565656565657, 1.17874097, 1.00000000, 1.00000000, 1.00000000
0.838383838384, 0.575757575758, 1.17365771, 1.00000000, 1.00000000, 1.00000000
0.838383838384, 0.585858585859, 1.16787480, 1.00000000, 1.00000000, 1.00000000
0.838383838384, 0.595959595960, 1.16141572, 1.00000000, 1.00000000, 1.00000000
0.838383838384, 0.606060606061, 1.15430672, 1.00000000, 1.00000000, 1.00000000
0.838383838384, 0.616161616162, 1.14657664, 1.00000000, 1.00000000, 1.00000000
0.838383838384, 0.626262626263, 1.13825684, 1.00000000, 1.00000000, 1.00000000
0.838383838384, 0.636363636364, 1.12938109, 1.00000000, 1.00000000, 1.00000000
0.838383838384, 0.646464646465, 1.11998539, 1.00000000, 1.00000000, 1.00000000
0.838383838384, 0.656565656566, 1.11010781, 1.00000000, 1.00000000, 1.00000000
0.838383838384, 0.666666666667, 1.09978841, 1.00000000, 1.00000000, 1.00000000
0.838383838384, 0.676767676768, 1.08906897, 1.00000000, 1.00000000, 1.00000000
0.838383838384, 0.686868686869, 1.07799293, 1.00000000, 1.00000000, 1.00000000
0.838383838384, 0.696969696970, 1.06660511, 1.00000000, 1.00000000, 1.00000000
0.838383838384, 0.707070707071, 1.05495159, 1.00000000, 1.00000000, 1.00000000
0.838383838384, 0.717171717172, 1.04307949, 1.00000000, 1.00000000, 1.00000000
0.838383838384, 0.727272727273, 1.03103680, 1.00000000, 1.00000000, 1.00000000
0.838383838384, 0.737373737374, 1.01887216, 1.00000000, 1.00000000, 1.00000000
0.838383838384, 0.747474747475, 1.00663468, 1.00000000, 1.00000000, 1.00000000
0.838383838384, 0.757575757576, 0.99437372, 1.00000000, 1.00000000, 1.00000000
0.838383838384, 0.767676767677, 0.98213870, 1.00000000, 1.00000000, 1.00000000
0.838383838384, 0.777777777778, 0.96997890, 1.00000000, 1.00000000, 1.00000000
0.838383838384, 0.787878787879, 0.95794326, 1.00000000, 1.00000000, 1.00000000
0.838383838384, 0.797979797980, 0.94608017, 1.00000000, 1.00000000, 1.00000000
0.838383838384, 0.808080808081, 0.93443728, 1.00000000, 1.00000000, 1.00000000
0.838383838384, 0.818181818182, 0.92306132, 1.00000000, 1.00000000, 1.00000000
0.838383838384, 0.828282828283, 0.91199791, 1.00000000, 1.00000000, 1.00000000
0.838383838384, 0.838383838384, 0.90129136, 1.00000000, 1.00000000, 1.00000000
0.838383838384, 0.848484848485, 0.89098450, 1.00000000, 1.00000000, 1.00000000
0.838383838384, 0.858585858586, 0.88111854, 1.00000000, 1.00000000, 1.00000000
0.838383838384, 0.868686868687, 0.87173287, 1.00000000, 1.00000000, 1.00000000
0.838383838384, 0.878787878788, 0.86286494, 1.00000000, 1.00000000, 1.00000000
0.838383838384, 0.888888888889, 0.85455007, 1.00000000, 1.00000000, 1.00000000
0.838383838384, 0.898989898990, 0.84682138, 1.00000000, 1.00000000, 1.00000000
0.838383838384, 0.909090909091, 0.83970961, 1.00000000, 1.00000000, 1.00000000
0.838383838384, 0.919191919192, 0.83324300, 1.00000000, 1.00000000, 1.00000000
0.838383838384, 0.929292929293, 0.82744715, 1.00000000, 1.00000000, 1.00000000
0.838383838384, 0.939393939394, 0.82234480, 1.00000000, 1.00000000, 1.00000000
0.838383838384, 0.949494949495, 0.81795541, 1.00000000, 1.00000000, 1.00000000
0.838383838384, 0.959595959596, 0.81429444, 1.00000000, 1.00000000, 1.00000000
0.848484848485, -0.000000000000, 0.80784658, 1.00000000, 1.00000000, 1.00000000
0.848484848485, 0.010101010101, 0.80919398, 1.00000000, 1.00000000, 1.00000000
0.848484848485, 0.020202020202, 0.81115146, 1.00000000, 1.00000000, 1.00000000
0.848484848485, 0.030303030303, 0.81370492, 1.00000000, 1.00000000, 1.00000000
0.848484848485, 0.040404040404, 0.81686331, 1.00000000, 1.00000000, 1.00000000
0.848484848485, 0.050505050505, 0.82065590, 1.00000000, 1.00000000, 1.00000000
0.848484848485, 0.060606060606, 0.82512105, 1.00000000, 1.00000000, 1.00000000
0.848484848485, 0.070707070707, 0.83029109, 1.00000000, 1.00000000, 1.00000000
0.848484848485, 0.080808080808, 0.83618023, 1.00000000, 1.00000000, 1.00000000
0.848484848485, 0.090909090909, 0.84278013, 1.00000000, 1.00000000, 1.00000000
0.848484848485, 0.101010101010, 0.85006301, 1.00000000, 1.00000000, 1.00000000
0.848484848485, 0.111111111111, 0.85798906, 1.00000000, 1.00000000, 1.00000000
0.848484848485, 0.121212121212, 0.86651361, 1.00000000, 1.00000000, 1.00000000
0.848484848485, 0.131313131313, 0.87559174, 1.00000000, 1.00000000, 1.00000000
0.848484848485, 0.141414141414, 0.88517994, 1.00000000, 1.00000000, 1.00000000
0.848484848485, 0.151515151515, 0.89523579, 1.00000000, 1.00000000, 1.00000000
0.848484848485, 0.161616161616, 0.90571713, 1.00000000, 1.00000000, 1.00000000
0.848484848485, 0.171717171717, 0.91658117, 1.00000000, 1.00000000, 1.00000000
0.848484848485, 0.181818181818, 0.92778408, 1.00000000, 1.00000000, 1.00000000
0.848484848485, 0.191919191919, 0.93928082, 1.00000000, 1.00000000, 1.00000000
0.848484848485, 0.202020202020, 0.95102522, 1.00000000, 1.00000000, 1.00000000
0.848484848485, 0.212121212121, 0.96297005, 1.00000000, 1.00000000, 1.00000000
0.848484848485, 0.222222222222, 0.97506728, 1.00000000, 1.00000000, 1.00000000
0.848484848485, 0.232323232323, 0.98726819, 1.00000000, 1.00000000, 1.00000000
0.848484848485, 0.242424242424, 0.99952363, 1.00000000, 1.00000000, 1.00000000
0.848484848485, 0.252525252525, 1.01178417, 1.00000000, 1.00000000, 1.00000000
0.848484848485, 0.262626262626, 1.02400034, 1.00000000, 1.00000000, 1.00000000
0.848484848485, 0.272727272727, 1.03612281, 1.00000000, 1.00000000, 1.00000000
0.848484848485, 0.282828282828, 1.04810261, 1.00000000, 1.00000000, 1.00000000
0.848484848485, 0.292929292929, 1.05989131, 1.00000000, 1.00000000, 1.00000000
0.848484848485, 0.303030303030, 1.07144123, 1.00000000, 1.00000000, 1.00000000
0.848484848485, 0.313131313131, 1.08270564, 1.00000000, 1.00000000, 1.00000000
0.848484848485, 0.323232323232, 1.09363893, 1.00000000, 1.00000000, 1.00000000
0.848484848485, 0.333333333333, 1.10419683, 1.00000000, 1.00000000, 1.00000000
0.848484848485, 0.343434343434, 1.11433657, 1.00000000, 1.00000000, 1.00000000
0.848484848485, 0.353535353535, 1.12401706, 1.00000000, 1.00000000, 1.00000000
0.848484848485, 0.363636363636, 1.13319906, 1.00000000, 1.00000000, 1.00000000
0.848484848485, 0.373737373737, 1.14184536, 1.00000000, 1.00000000, 1.00000000
0.848484848485, 0.383838383838, 1.14992087, 1.00000000, 1.00000000, 1.00000000
0.848484848485, 0.393939393939, 1.15739286, 1.00000000, 1.00000000, 1.00000000
0.848484848485, 0.404040404040, 1.16423101, 1.00000000, 1.00000000, 1.00000000
0.848484848485, 0.414141414141, 1.17040758, 1.00000000, 1.00000000, 1.00000000
0.848484848485, 0.424242424242, 1.17589749, 1.00000000, 1.00000000, 1.00000000
0.848484848485, 0.434343434343, 1.18067846, 1.00000000, 1.00000000, 1.00000000
0.848484848485, 0.444444444444, 1.18473108, 1.00000000, 1.00000000, 1.00000000
0.848484848485, 0.454545454545, 1.18803889, 1.00000000, 1.00000000, 1.00000000
0.848484848485, 0.464646464646, 1.19058843, 1.00000000, 1.00000000, 1.00000000
0.848484848485, 0.474747474747, 1.19236933, 1.00000000, 1.00000000, 1.00000000
0.848484848485, 0.484848484848, 1.19337430, 1.00000000, 1.00000000, 1.00000000
0.848484848485, 0.494949494949, 1.19359921, 1.00000000, 1.00000000, 1.00000000
0.848484848485, 0.505050505051, 1.19304322, 1.00000000, 1.00000000, 1.00000000
0.848484848485, 0.515151515152, 1.19170866, 1.00000000, 1.00000000, 1.00000000
0.848484848485, 0.525252525253, 1.18960100, 1.00000000, 1.00000000, 1.00000000
0.848484848485, 0.535353535354, 1.18672886, 1.00000000, 1.00000000, 1.00000000
0.848484848485, 0.545454545455, 1.18310393, 1.00000000, 1.00000000, 1.00000000
0.848484848485, 0.555555555556, 1.17874097, 1.00000000, 1.00000000, 1.00000000
0.848484848485, 0.565656565657, 1.17365771, 1.00000000, 1.00000000, 1.00000000
0.848484848485, 0.575757575758, 1.16787480, 1.00000000, 1.00000000, 1.00000000
0.848484848485, 0.585858585859, 1.16141572, 1.00000000, 1.00000000, 1.00000000
0.848484848485, 0.595959595960, 1.15430672, 1.00000000, 1.00000000, 1.00000000
0.848484848485, 0.606060606061, 1.14657664, 1.00000000, 1.00000000, 1.00000000
0.848484848485, 0.616161616162, 1.13825684, 1.00000000, 1.00000000, 1.00000000
0.848484848485, 0.626262626263, 1.12938109, 1.00000000, 1.00000000, 1.00000000
0.848484848485, 0.636363636364, 1.11998539, 1.00000000, 1.00000000, 1.00000000
0.848484848485, 0.646464646465, 1.11010781, 1.00000000, 1.00000000, 1.00000000
0.848484848485, 0.656565656566, 1.09978841, 1.00000000, 1.00000000, 1.00000000
0.848484848485, 0.666666666667, 1.08906897, 1.00000000, 1.00000000, 1.00000000
0.848484848485, 0.676767676768, 1.07799293, 1.00000000, 1.00000000, 1.00000000
0.848484848485, 0.686868686869, 1.06660511, 1.00000000, 1.00000000, 1.00000000
0.848484848485, 0.696969696970, 1.05495159, 1.00000000, 1.00000000, 1.00000000
0.848484848485, 0.707070707071, 1.04307949, 1.00000000, 1.00000000, 1.00000000
0.848484848485, 0.717171717172, 1.03103680, 1.00000000, 1.00000000, 1.00000000
0.848484848485, 0.727272727273, 1.01887216, 1.00000000, 1.00000000, 1.00000000
0.848484848485, 0.737373737374, 1.00663468, 1.00000000, 1.00000000, 1.00000000
0.848484848485, 0.747474747475, 0.99437372, 1.00000000, 1.00000000, 1.00000000
0.848484848485, 0.757575757576, 0.98213870, 1.00000000, 1.00000000, 1.00000000
0.848484848485, 0.767676767677, 0.96997890, 1.00000000, 1.00000000, 1.00000000
0.848484848485, 0.777777777778, 0.95794326, 1.00000000, 1.00000000, 1.00000000
0.848484848485, 0.787878787879, 0.94608017, 1.00000000, 1.00000000, 1.00000000
0.848484848485, 0.797979797980, 0.93443728, 1.00000000, 1.00000000, 1.00000000
0.848484848485, 0.808080808081, 0.92306132, 1.00000000, 1.00000000, 1.00000000
0.848484848485, 0.818181818182, 0.91199791, 1.00000000, 1.00000000, 1.00000000
0.848484848485, 0.828282828283, 0.90129136, 1.00000000, 1.00000000, 1.00000000
0.848484848485, 0.838383838384, 0.89098450, 1.00000000, 1.00000000, 1.00000000
0.848484848485, 0.848484848485, 0.88111854, 1.00000000, 1.00000000, 1.00000000
0.848484848485, 0.858585858586, 0.87173287, 1.00000000, 1.00000000, 1.00000000
0.848484848485, 0.868686868687, 0.86286494, 1.00000000, 1.00000000, 1.00000000
0.848484848485, 0.878787878788, 0.85455007, 1.00000000, 1.00000000, 1.00000000
0.848484848485, 0.888888888889, 0.84682139, 1.00000000, 1.00000000, 1.00000000
0.848484848485, 0.898989898990, 0.83970962, 1.00000000, 1.00000000, 1.00000000
0.848484848485, 0.909090909091, 0.83324305, 1.00000000, 1.00000000, 1.00000000
0.848484848485, 0.919191919192, 0.82744732, 1.00000000, 1.00000000, 1.00000000
0.848484848485, 0.929292929293, 0.82234535, 1.00000000, 1.00000000, 1.00000000
0.848484848485, 0.939393939394, 0.81795707, 1.00000000, 1.00000000, 1.00000000
0.848484848485, 0.949494949495, 0.81429896, 1.00000000, 1.00000000, 1.00000000
0.848484848485, 0.959595959596, 0.81138324, 1.00000000, 1.00000000, 1.00000000
0.858585858586, -0.000000000000, 0.80948223, 1.00000000, 1.00000000, 1.00000000
0.858585858586, 0.010101010101, 0.81154572, 1.00000000, 1.00000000, 1.00000000
0.858585858586, 0.020202020202, 0.81419303, 1.00000000, 1.00000000, 1.00000000
0.858585858586, 0.030303030303, 0.81741018, 1.00000000, 1.00000000, 1.00000000
0.858585858586, 0.040404040404, 0.82121028, 1.00000000, 1.00000000, 1.00000000
0.858585858586, 0.050505050505, 0.82562939, 1.00000000, 1.00000000, 1.00000000
0.858585858586, 0.060606060606, 0.83071254, 1.00000000, 1.00000000, 1.00000000
0.858585858586, 0.070707070707, 0.83649600, 1.00000000, 1.00000000, 1.00000000
0.858585858586, 0.080808080808, 0.84299378, 1.00000000, 1.00000000, 1.00000000
0.858585858586, 0.090909090909, 0.85019345, 1.00000000, 1.00000000, 1.00000000
0.858585858586, 0.101010101010, 0.85806083, 1.00000000, 1.00000000, 1.00000000
0.858585858586, 0.111111111111, 0.86654916, 1.00000000, 1.00000000, 1.00000000
0.858585858586, 0.121212121212, 0.87560757, 1.00000000, 1.00000000, 1.00000000
0.858585858586, 0.131313131313, 0.88518626, 1.00000000, 1.00000000, 1.00000000
0.858585858586, 0.141414141414, 0.89523805, 1.00000000, 1.00000000, 1.00000000
0.858585858586, 0.151515151515, 0.90571785, 1.00000000, 1.00000000, 1.00000000
0.858585858586, 0.161616161616, 0.91658137, 1.00000000, 1.00000000, 1.00000000
0.858585858586, 0.171717171717, 0.92778413, 1.00000000, 1.00000000, 1.00000000
0.858585858586, 0.181818181818, 0.93928083, 1.00000000, 1.00000000, 1.00000000
0.858585858586, 0.191919191919, 0.95102522, 1.00000000, 1.00000000, 1.00000000
0.858585858586, 0.202020202020, 0.96297005, 1.00000000, 1.00000000, 1.00000000
0.858585858586, 0.212121212121, 0.97506728, 1.00000000, 1.00000000, 1.00000000
0.858585858586, 0.222222222222, 0.98726819, 1.00000000, 1.00000000, 1.00000000
0.858585858586, 0.232323232323, 0.99952363, 1.00000000, 1.00000000, 1.00000000
0.858585858586, 0.242424242424, 1.01178417, 1.00000000, 1.00000000, 1.00000000
0.858585858586, 0.252525252525, 1.02400034, 1.00000000, 1.00000000, 1.00000000
0.858585858586, 0.262626262626, 1.03612281, 1.00000000, 1.00000000, 1.00000000
0.858585858586, 0.272727272727, 1.04810261, 1.00000000, 1.00000000, 1.00000000
0.858585858586, 0.282828282828, 1.05989131, 1.00000000, 1.00000000, 1.00000000
0.858585858586, 0.292929292929, 1.07144123, 1.00000000, 1.00000000, 1.00000000
0.858585858586, 0.303030303030, 1.08270564, 1.00000000, 1.00000000, 1.00000000
0.858585858586, 0.313131313131, 1.09363893, 1.00000000, 1.00000000, 1.00000000
0.858585858586, 0.323232323232, 1.10419683, 1.00000000, 1.00000000, 1.00000000
0.858585858586, 0.333333333333, 1.11433657, 1.00000000, 1.00000000, 1.00000000
0.858585858586, 0.343434343434, 1.12401706, 1.00000000, 1.00000000, 1.00000000
0.858585858586, 0.353535353535, 1.13319906, 1.00000000, 1.00000000, 1.00000000
0.858585858586, 0.363636363636, 1.14184536, 1.00000000, 1.00000000, 1.00000000
0.858585858586, 0.373737373737, 1.14992087, 1.00000000, 1.00000000, 1.00000000
0.858585858586, 0.383838383838, 1.15739286, 1.00000000, 1.00000000, 1.00000000
0.858585858586, 0.393939393939, 1.16423101, 1.00000000, 1.00000000, 1.00000000
0.858585858586, 0.404040404040, 1.17040758, 1.00000000, 1.00000000, 1.00000000
0.858585858586, 0.414141414141, 1.17589749, 1.00000000, 1.00000000, 1.00000000
0.858585858586, 0.424242424242, 1.18067846, 1.00000000, 1.00000000, 1.00000000
0.858585858586, 0.434343434343, 1.18473108, 1.00000000, 1.00000000, 1.00000000
0.858585858586, 0.444444444444, 1.18803889, 1.00000000, 1.00000000, 1.00000000
0.858585858586, 0.454545454545, 1.19058843, 1.00000000, 1.00000000, 1.00000000
0.858585858586, 0.464646464646, 1.19236933, 1.00000000, 1.00000000, 1.00000000
0.858585858586, 0.474747474747, 1.19337430, 1.00000000, 1.00000000, 1.00000000
0.858585858586, 0.484848484848, 1.19359921, 1.00000000, 1.00000000, 1.00000000
0.858585858586, 0.494949494949, 1.19304322, 1.00000000, 1.00000000, 1.00000000
0.858585858586, 0.505050505051, 1.19170866, 1.00000000, 1.00000000, 1.00000000
0.858585858586, 0.515151515152, 1.18960100, 1.00000000, 1.00000000, 1.00000000
0.858585858586, 0.525252525253, 1.18672886, 1.00000000, 1.00000000, 1.00000000
0.858585858586, 0.535353535354, 1.18310393, 1.00000000, 1.00000000, 1.00000000
0.858585858586, 0.545454545455, 1.17874097, 1.00000000, 1.00000000, 1.00000000
0.858585858586, 0.555555555556, 1.17365771, 1.00000000, 1.00000000, 1.00000000
0.858585858586, 0.565656565657, 1.16787480, 1.00000000, 1.00000000, 1.00000000
0.858585858586, 0.575757575758, 1.16141572, 1.00000000, 1.00000000, 1.00000000
0.858585858586, 0.585858585859, 1.15430672, 1.00000000, 1.00000000, 1.00000000
0.858585858586, 0.595959595960, 1.14657664, 1.00000000, 1.00000000, 1.00000000
0.858585858586, 0.606060606061, 1.13825684, 1.00000000, 1.00000000, 1.00000000
0.858585858586, 0.616161616162, 1.12938109, 1.00000000, 1.00000000, 1.00000000
0.858585858586, 0.626262626263, 1.11998539, 1.00000000, 1.00000000, 1.00000000
0.858585858586, 0.636363636364, 1.11010781, 1.00000000, 1.00000000, 1.00000000
0.858585858586, 0.646464646465, 1.09978841, 1.00000000, 1.00000000, 1.00000000
0.858585858586, 0.656565656566, 1.08906897, 1.00000000, 1.00000000, 1.00000000
0.858585858586, 0.666666666667, 1.07799293, 1.00000000, 1.00000000, 1.00000000
0.858585858586, 0.676767676768, 1.06660511, 1.00000000, 1.00000000, 1.00000000
0.858585858586, 0.686868686869, 1.05495159, 1.00000000, 1.00000000, 1.00000000
0.858585858586, 0.696969696970, 1.04307949, 1.00000000, 1.00000000, 1.00000000
0.858585858586, 0.707070707071, 1.03103680, 1.00000000, 1.00000000, 1.00000000
0.858585858586, 0.717171717172, 1.01887216, 1.00000000, 1.00000000, 1.00000000
0.858585858586, 0.727272727273, 1.00663468, 1.00000000, 1.00000000, 1.00000000
0.858585858586, 0.737373737374, 0.99437372, 1.00000000, 1.00000000, 1.00000000
0.858585858586, 0.747474747475, 0.98213870, 1.00000000, 1.00000000, 1.00000000
0.858585858586, 0.757575757576, 0.96997890, 1.00000000, 1.00000000, 1.00000000
0.858585858586, 0.767676767677, 0.95794326, 1.00000000, 1.00000000, 1.00000000
0.858585858586, 0.777777777778, 0.94608017, 1.00000000, 1.00000000, 1.00000000
0.858585858586, 0.787878787879, 0.93443728, 1.00000000, 1.00000000, 1.00000000
0.858585858586, 0.797979797980, 0.92306132, 1.00000000, 1.00000000, 1.00000000
0.858585858586, 0.808080808081, 0.91199791, 1.00000000, 1.00000000, 1.00000000
0.858585858586, 0.818181818182, 0.90129136, 1.00000000, 1.00000000, 1.00000000
0.858585858586, 0.828282828283, 0.89098450, 1.00000000, 1.00000000, 1.00000000
0.858585858586, 0.838383838384, 0.88111854, 1.00000000, 1.00000000, 1.00000000
0.858585858586, 0.848484848485, 0.87173287, 1.00000000, 1.00000000, 1.00000000
0.858585858586, 0.858585858586, 0.86286494, 1.00000000, 1.00000000, 1.00000000
0.858585858586, 0.868686868687, 0.85455007, 1.00000000, 1.00000000, 1.00000000
0.858585858586, 0.878787878788, 0.84682139, 1.00000000, 1.00000000, 1.00000000
0.858585858586, 0.888888888889, 0.83970963, 1.00000000, 1.00000000, 1.00000000
0.858585858586, 0.898989898990, 0.83324306, 1.00000000, 1.00000000, 1.00000000
0.858585858586, 0.909090909091, 0.82744737, 1.00000000, 1.00000000, 1.00000000
0.858585858586, 0.919191919192, 0.82234554, 1.00000000, 1.00000000, 1.00000000
0.858585858586, 0.929292929293, 0.81795772, 1.00000000, 1.00000000, 1.00000000
0.858585858586, 0.939393939394, 0.81430094, 1.00000000, 1.00000000, 1.00000000
0.858585858586, 0.949494949495, 0.81138868, 1.00000000, 1.00000000, 1.00000000
0.858585858586, 0.959595959596, 0.80922985, 1.00000000, 1.00000000, 1.00000000
0.868686868687, -0.000000000000, 0.81188371, 1.00000000, 1.00000000, 1.00000000
0.868686868687, 0.010101010101, 0.81465514, 1.00000000, 1.00000000, 1.00000000
0.868686868687, 0.020202020202, 0.81798174, 1.00000000, 1.00000000, 1.00000000
0.868686868687, 0.030303030303, 0.82184970, 1.00000000, 1.00000000, 1.00000000
0.868686868687, 0.040404040404, 0.82627624, 1.00000000, 1.00000000, 1.00000000
0.868686868687, 0.050505050505, 0.83130412, 1.00000000, 1.00000000, 1.00000000
0.868686868687, 0.060606060606, 0.83698493, 1.00000000, 1.00000000, 1.00000000
0.868686868687, 0.070707070707, 0.84335878, 1.00000000, 1.00000000, 1.00000000
0.868686868687, 0.080808080808, 0.85043941, 1.00000000, 1.00000000, 1.00000000
0.868686868687, 0.090909090909, 0.85821033, 1.00000000, 1.00000000, 1.00000000
0.868686868687, 0.101010101010, 0.86663103, 1.00000000, 1.00000000, 1.00000000
0.868686868687, 0.111111111111, 0.87564791, 1.00000000, 1.00000000, 1.00000000
0.868686868687, 0.121212121212, 0.88520412, 1.00000000, 1.00000000, 1.00000000
0.868686868687, 0.131313131313, 0.89524514, 1.00000000, 1.00000000, 1.00000000
0.868686868687, 0.141414141414, 0.90572037, 1.00000000, 1.00000000, 1.00000000
0.868686868687, 0.151515151515, 0.91658217, 1.00000000, 1.00000000, 1.00000000
0.868686868687, 0.161616161616, 0.92778435, 1.00000000, 1.00000000, 1.00000000
0.868686868687, 0.171717171717, 0.93928089, 1.00000000, 1.00000000, 1.00000000
0.868686868687, 0.181818181818, 0.95102523, 1.00000000, 1.00000000, 1.00000000
0.868686868687, 0.191919191919, 0.96297006, 1.00000000, 1.00000000, 1.00000000
0.868686868687, 0.202020202020, 0.97506728, 1.00000000, 1.00000000, 1.00000000
0.868686868687, 0.212121212121, 0.98726819, 1.00000000, 1.00000000, 1.00000000
0.868686868687, 0.222222222222, 0.99952363, 1.00000000, 1.00000000, 1.00000000
0.868686868687, 0.232323232323, 1.01178417, 1.00000000, 1.00000000, 1.00000000
0.868686868687, 0.242424242424, 1.02400034, 1.00000000, 1.00000000, 1.00000000
0.868686868687, 0.252525252525, 1.03612281, 1.00000000, 1.00000000, 1.00000000
0.868686868687, 0.262626262626, 1.04810261, 1.00000000, 1.00000000, 1.00000000
0.868686868687, 0.272727272727, 1.05989131, 1.00000000, 1.00000000, 1.00000000
0.868686868687, 0.282828282828, 1.07144123, 1.00000000, 1.00000000, 1.00000000
0.868686868687, 0.292929292929, 1.08270564, 1.00000000, 1.00000000, 1.00000000
0.868686868687, 0.303030303030, 1.09363893, 1.00000000, 1.00000000, 1.00000000
0.868686868687, 0.313131313131, 1.10419683, 1.00000000, 1.00000000, 1.00000000
0.868686868687, 0.323232323232, 1.11433657, 1.00000000, 1.00000000, 1.00000000
0.868686868687, 0.333333333333, 1.12401706, 1.00000000, 1.00000000, 1.00000000
0.868686868687, 0.343434343434, 1.13319906, 1.00000000, 1.00000000, 1.00000000
0.868686868687, 0.353535353535, 1.14184536, 1.00000000, 1.00000000, 1.00000000
0.868686868687, 0.363636363636, 1.14992087, 1.00000000, 1.00000000, 1.00000000
0.868686868687, 0.373737373737, 1.15739286, 1.00000000, 1.00000000, 1.00000000
0.868686868687, 0.383838383838, 1.16423101, 1.00000000, 1.00000000, 1.00000000
0.868686868687, 0.393939393939, 1.17040758, 1.00000000, 1.00000000, 1.00000000
0.868686868687, 0.404040404040, 1.17589749, 1.00000000, 1.00000000, 1.00000000
0.868686868687, 0.414141414141, 1.18067846, 1.00000000, 1.00000000, 1.00000000
0.868686868687, 0.424242424242, 1.18473108, 1.00000000, 1.00000000, 1.00000000
0.868686868687, 0.434343434343, 1.18803889, 1.00000000, 1.00000000, 1.00000000
0.868686868687, 0.444444444444, 1.19058843, 1.00000000, 1.00000000, 1.00000000
0.868686868687, 0.454545454545, 1.19236933, 1.00000000, 1.00000000, 1.00000000
0.868686868687, 0.464646464646, 1.19337430, 1.00000000, 1.00000000, 1.00000000
0.868686868687, 0.474747474747, 1.19359921, 1.00000000, 1.00000000, 1.00000000
0.868686868687, 0.484848484848, 1.19304322, 1.00000000, 1.00000000, 1.00000000
0.868686868687, 0.494949494949, 1.19170866, 1.00000000, 1.00000000, 1.00000000
0.868686868687, 0.505050505051, 1.18960100, 1.00000000, 1.00000000, 1.00000000
0.868686868687, 0.515151515152, 1.18672886, 1.00000000, 1.00000000, 1.00000000
0.868686868687, 0.525252525253, 1.18310393, 1.00000000, 1.00000000, 1.00000000
0.868686868687, 0.535353535354, 1.17874097, 1.00000000, 1.00000000, 1.00000000
0.868686868687, 0.545454545455, 1.17365771, 1.00000000, 1.00000000, 1.00000000
0.868686868687, 0.555555555556, 1.16787480, 1.00000000, 1.00000000, 1.00000000
0.868686868687, 0.565656565657, 1.16141572, 1.00000000, 1.00000000, 1.00000000
0.868686868687, 0.575757575758, 1.15430672, 1.00000000, 1.00000000, 1.00000000
0.868686868687, 0.585858585859, 1.14657664, 1.00000000, 1.00000000, 1.00000000
0.868686868687, 0.595959595960, 1.13825684, 1.00000000, 1.00000000, 1.00000000
0.868686868687, 0.606060606061, 1.12938109, 1.00000000, 1.00000000, 1.00000000
0.868686868687, 0.616161616162, 1.11998539, 1.00000000, 1.00000000, 1.00000000
0.868686868687, 0.626262626263, 1.11010781, 1.00000000, 1.00000000, 1.00000000
0.868686868687, 0.636363636364, 1.09978841, 1.00000000, 1.00000000, 1.00000000
0.868686868687, 0.646464646465, 1.08906897, 1.00000000, 1.00000000, 1.00000000
0.868686868687, 0.656565656566, 1.07799293, 1.00000000, 1.00000000, 1.00000000
0.868686868687, 0.666666666667, 1.06660511, 1.00000000, 1.00000000, 1.00000000
0.868686868687, 0.676767676768, 1.05495159, 1.00000000, 1.00000000, 1.00000000
0.868686868687, 0.686868686869, 1.04307949, 1.00000000, 1.00000000, 1.00000000
0.868686868687, 0.696969696970, 1.03103680, 1.00000000, 1.00000000, 1.00000000
0.868686868687, 0.707070707071, 1.01887216, 1.00000000, 1.00000000, 1.00000000
0.868686868687, 0.717171717172, 1.00663468, 1.00000000, 1.00000000, 1.00000000
0.868686868687, 0.727272727273, 0.99437372, 1.00000000, 1.00000000, 1.00000000
0.868686868687, 0.737373737374, 0.98213870, 1.00000000, 1.00000000, 1.00000000
0.868686868687, 0.747474747475, 0.96997890, 1.00000000, 1.00000000, 1.00000000
0.868686868687, 0.757575757576, 0.95794326, 1.00000000, 1.00000000, 1.00000000
0.868686868687, 0.767676767677, 0.94608017, 1.00000000, 1.00000000, 1.00000000
0.868686868687, 0.777777777778, 0.93443728, 1.00000000, 1.00000000, 1.00000000
0.868686868687, 0.787878787879, 0.92306132, 1.00000000, 1.00000000, 1.00000000
0.868686868687, 0.797979797980, 0.91199791, 1.00000000, 1.00000000, 1.00000000
0.868686868687, 0.808080808081, 0.90129136, 1.00000000, 1.00000000, 1.00000000
0.868686868687, 0.818181818182, 0.89098450, 1.00000000, 1.00000000, 1.00000000
0.868686868687, 0.828282828283, 0.88111854, 1.00000000, 1.00000000, 1.00000000
0.868686868687, 0.838383838384, 0.87173287, 1.00000000, 1.00000000, 1.00000000
0.868686868687, 0.848484848485, 0.86286494, 1.00000000, 1.00000000, 1.00000000
0.868686868687, 0.858585858586, 0.85455007, 1.00000000, 1.00000000, 1.00000000
0.868686868687, 0.868686868687, 0.84682139, 1.00000000, 1.00000000, 1.00000000
0.868686868687, 0.878787878788, 0.83970963, 1.00000000, 1.00000000, 1.00000000
0.868686868687, 0.888888888889, 0.83324306, 1.00000000, 1.00000000, 1.00000000
0.868686868687, 0.898989898990, 0.82744738, 1.00000000, 1.00000000, 1.00000000
0.868686868687, 0.909090909091, 0.82234560, 1.00000000, 1.00000000, 1.00000000
0.868686868687, 0.919191919192, 0.81795794, 1.00000000, 1.00000000, 1.00000000
0.868686868687, 0.929292929293, 0.81430170, 1.00000000, 1.00000000, 1.00000000
0.868686868687, 0.939393939394, 0.81139098, 1.00000000, 1.00000000, 1.00000000
0.868686868687, 0.949494949495, 0.80923618, 1.00000000, 1.00000000, 1.00000000
0.868686868687, 0.959595959596, 0.80784290, 1.00000000, 1.00000000, 1.00000000
0.878787878788, -0.000000000000, 0.81504153, 1.00000000, 1.00000000, 1.00000000
0.878787878788, 0.010101010101, 0.81850998, 1.00000000, 1.00000000, 1.00000000
0.878787878788, 0.020202020202, 0.82250265, 1.00000000, 1.00000000, 1.00000000
0.878787878788, 0.030303030303, 0.82700590, 1.00000000, 1.00000000, 1.00000000
0.878787878788, 0.040404040404, 0.83204110, 1.00000000, 1.00000000, 1.00000000
0.878787878788, 0.050505050505, 0.83765754, 1.00000000, 1.00000000, 1.00000000
0.878787878788, 0.060606060606, 0.84391327, 1.00000000, 1.00000000, 1.00000000
0.878787878788, 0.070707070707, 0.85085213, 1.00000000, 1.00000000, 1.00000000
0.878787878788, 0.080808080808, 0.85848751, 1.00000000, 1.00000000, 1.00000000
0.878787878788, 0.090909090909, 0.86679886, 1.00000000, 1.00000000, 1.00000000
0.878787878788, 0.101010101010, 0.87573944, 1.00000000, 1.00000000, 1.00000000
0.878787878788, 0.111111111111, 0.88524902, 1.00000000, 1.00000000, 1.00000000
0.878787878788, 0.121212121212, 0.89526493, 1.00000000, 1.00000000, 1.00000000
0.878787878788, 0.131313131313, 0.90572818, 1.00000000, 1.00000000, 1.00000000
0.878787878788, 0.141414141414, 0.91658493, 1.00000000, 1.00000000, 1.00000000
0.878787878788, 0.151515151515, 0.92778522, 1.00000000, 1.00000000, 1.00000000
0.878787878788, 0.161616161616, 0.93928113, 1.00000000, 1.00000000, 1.00000000
0.878787878788, 0.171717171717, 0.95102529, 1.00000000, 1.00000000, 1.00000000
0.878787878788, 0.181818181818, 0.96297007, 1.00000000, 1.00000000, 1.00000000
0.878787878788, 0.191919191919, 0.97506728, 1.00000000, 1.00000000, 1.00000000
0.878787878788, 0.202020202020, 0.98726819, 1.00000000, 1.00000000, 1.00000000
0.878787878788, 0.212121212121, 0.99952363, 1.00000000, 1.00000000, 1.00000000
0.878787878788, 0.222222222222, 1.01178417, 1.00000000, 1.00000000, 1.00000000
0.878787878788, 0.232323232323, 1.02400034, 1.00000000, 1.00000000, 1.00000000
0.878787878788, 0.242424242424, 1.03612281, 1.00000000, 1.00000000, 1.00000000
0.878787878788, 0.252525252525, 1.04810261, 1.00000000, 1.00000000, 1.00000000
0.878787878788, 0.262626262626, 1.05989131, 1.00000000, 1.00000000, 1.00000000
0.878787878788, 0.272727272727, 1.07144123, 1.00000000, 1.00000000, 1.00000000
0.878787878788, 0.282828282828, 1.08270564, 1.00000000, 1.00000000, 1.00000000
0.878787878788, 0.292929292929, 1.09363893, 1.00000000, 1.00000000, 1.00000000
0.878787878788, 0.303030303030, 1.10419683, 1.00000000, 1.00000000, 1.00000000
0.878787878788, 0.313131313131, 1.11433657, 1.00000000, 1.00000000, 1.00000000
0.878787878788, 0.323232323232, 1.12401706, 1.00000000, 1.00000000, 1.00000000
0.878787878788, 0.333333333333, 1.13319906, 1.00000000, 1.00000000, 1.00000000
0.878787878788, 0.343434343434, 1.14184536, 1.00000000, 1.00000000, 1.00000000
0.878787878788, 0.353535353535, 1.14992087, 1.00000000, 1.00000000, 1.00000000
0.878787878788, 0.363636363636, 1.15739286, 1.00000000, 1.00000000, 1.00000000
0.878787878788, 0.373737373737, 1.16423101, 1.00000000, 1.00000000, 1.00000000
0.878787878788, 0.383838383838, 1.17040758, 1.00000000, 1.00000000, 1.00000000
0.878787878788, 0.393939393939, 1.17589749, 1.00000000, 1.00000000, 1.00000000
0.878787878788, 0.404040404040, 1.18067846, 1.00000000, 1.00000000, 1.00000000
0.878787878788, 0.414141414141, 1.18473108, 1.00000000, 1.00000000, 1.00000000
0.878787878788, 0.424242424242, 1.18803889, 1.00000000, 1.00000000, 1.00000000
0.878787878788, 0.434343434343, 1.19058843, 1.00000000, 1.00000000, 1.00000000
0.878787878788, 0.444444444444, 1.19236933, 1.00000000, 1.00000000, 1.00000000
0.878787878788, 0.454545454545, 1.19337430, 1.00000000, 1.00000000, 1.00000000
0.878787878788, 0.464646464646, 1.19359921, 1.00000000, 1.00000000, 1.00000000
0.878787878788, 0.474747474747, 1.19304322, 1.00000000, 1.00000000, 1.00000000
0.878787878788, 0.484848484848, 1.19170866, 1.00000000, 1.00000000, 1.00000000
0.878787878788, 0.494949494949, 1.18960100, 1.00000000, 1.00000000, 1.00000000
0.878787878788, 0.505050505051, 1.18672886, 1.00000000, 1.00000000, 1.00000000
0.878787878788, 0.515151515152, 1.18310393, 1.00000000, 1.00000000, 1.00000000
0.878787878788, 0.525252525253, 1.17874097, 1.00000000, 1.00000000, 1.00000000
0.878787878788, 0.535353535354, 1.17365771, 1.00000000, 1.00000000, 1.00000000
0.878787878788, 0.545454545455, 1.16787480, 1.00000000, 1.00000000, 1.00000000
0.878787878788, 0.555555555556, 1.16141572, 1.00000000, 1.00000000, 1.00000000
0.878787878788, 0.565656565657, 1.15430672, 1.00000000, 1.00000000, 1.00000000
0.878787878788, 0.575757575758, 1.14657664, 1.00000000, 1.00000000, 1.00000000
0.878787878788, 0.585858585859, 1.13825684, 1.00000000, 1.00000000, 1.00000000
0.878787878788, 0.595959595960, 1.12938109, 1.00000000, 1.00000000, 1.00000000
0.878787878788, 0.606060606061, 1.11998539, 1.00000000, 1.00000000, 1.00000000
0.878787878788, 0.616161616162, 1.11010781, 1.00000000, 1.00000000, 1.00000000
0.878787878788, 0.626262626263, 1.09978841, 1.00000000, 1.00000000, 1.00000000
0.878787878788, 0.636363636364, 1.08906897, 1.00000000, 1.00000000, 1.00000000
0.878787878788, 0.646464646465, 1.07799293, 1.00000000, 1.00000000, 1.00000000
0.878787878788, 0.656565656566, 1.06660511, 1.00000000, 1.00000000, 1.00000000
0.878787878788, 0.666666666667, 1.05495159, 1.00000000, 1.00000000, 1.00000000
0.878787878788, 0.676767676768, 1.04307949, 1.00000000, 1.00000000, 1.00000000
0.878787878788, 0.686868686869, 1.03103680, 1.00000000, 1.00000000, 1.00000000
0.878787878788, 0.696969696970, 1.01887216, 1.00000000, 1.00000000, 1.00000000
0.878787878788, 0.707070707071, 1.00663468, 1.00000000, 1.00000000, 1.00000000
0.878787878788, 0.717171717172, 0.99437372, 1.00000000, 1.00000000, 1.00000000
0.878787878788, 0.727272727273, 0.98213870, 1.00000000, 1.00000000, 1.00000000
0.878787878788, 0.737373737374, 0.96997890, 1.00000000, 1.00000000, 1.00000000
0.878787878788, 0.747474747475, 0.95794326, 1.00000000, 1.00000000, 1.00000000
0.878787878788, 0.757575757576, 0.94608017, 1.00000000, 1.00000000, 1.00000000
0.878787878788, 0.767676767677, 0.93443728, 1.00000000, 1.00000000, 1.00000000
0.878787878788, 0.777777777778, 0.92306132, 1.00000000, 1.00000000, 1.00000000
0.878787878788, 0.787878787879, 0.91199791, 1.00000000, 1.00000000, 1.00000000
0.878787878788, 0.797979797980, 0.90129136, 1.00000000, 1.00000000, 1.00000000
0.878787878788, 0.808080808081, 0.89098450, 1.00000000, 1.00000000, 1.00000000
0.878787878788, 0.818181818182, 0.88111854, 1.00000000, 1.00000000, 1.00000000
0.878787878788, 0.828282828283, 0.87173287, 1.00000000, 1.00000000, 1.00000000
0.878787878788, 0.838383838384, 0.86286494, 1.00000000, 1.00000000, 1.00000000
0.878787878788, 0.848484848485, 0.85455007, 1.00000000, 1.00000000, 1.00000000
0.878787878788, 0.858585858586, 0.84682139, 1.00000000, 1.00000000, 1.00000000
0.878787878788, 0.868686868687, 0.83970963, 1.00000000, 1.00000000, 1.00000000
0.878787878788, 0.878787878788, 0.83324306, 1.00000000, 1.00000000, 1.00000000
0.878787878788, 0.888888888889, 0.82744739, 1.00000000, 1.00000000, 1.00000000
0.878787878788, 0.898989898990, 0.82234562, 1.00000000, 1.00000000, 1.00000000
0.878787878788, 0.909090909091, 0.81795801, 1.00000000, 1.00000000, 1.00000000
0.878787878788, 0.919191919192, 0.81430195, 1.00000000, 1.00000000, 1.00000000
0.878787878788, 0.929292929293, 0.81139183, 1.00000000, 1.00000000, 1.00000000
0.878787878788, 0.939393939394, 0.80923879, 1.00000000, 1.00000000, 1.00000000
0.878787878788, 0.949494949495, 0.80785009, 1.00000000, 1.00000000, 1.00000000
0.878787878788, 0.959595959596, 0.80722802, 1.00000000, 1.00000000, 1.00000000
0.888888888889, -0.000000000000, 0.81894323, 1.00000000, 1.00000000, 1.00000000
0.888888888889, 0.010101010101, 0.82309500, 1.00000000, 1.00000000, 1.00000000
0.888888888889, 0.020202020202, 0.82773785, 1.00000000, 1.00000000, 1.00000000
0.888888888889, 0.030303030303, 0.83285837, 1.00000000, 1.00000000, 1.00000000
0.888888888889, 0.040404040404, 0.83848197, 1.00000000, 1.00000000, 1.00000000
0.888888888889, 0.050505050505, 0.84466440, 1.00000000, 1.00000000, 1.00000000
0.888888888889, 0.060606060606, 0.85147001, 1.00000000, 1.00000000, 1.00000000
0.888888888889, 0.070707070707, 0.85894621, 1.00000000, 1.00000000, 1.00000000
0.888888888889, 0.080808080808, 0.86710600, 1.00000000, 1.00000000, 1.00000000
0.888888888889, 0.090909090909, 0.87592478, 1.00000000, 1.00000000, 1.00000000
0.888888888889, 0.101010101010, 0.88534971, 1.00000000, 1.00000000, 1.00000000
0.888888888889, 0.111111111111, 0.89531412, 1.00000000, 1.00000000, 1.00000000
0.888888888889, 0.121212121212, 0.90574976, 1.00000000, 1.00000000, 1.00000000
0.888888888889, 0.131313131313, 0.91659342, 1.00000000, 1.00000000, 1.00000000
0.888888888889, 0.141414141414, 0.92778821, 1.00000000, 1.00000000, 1.00000000
0.888888888889, 0.151515151515, 0.93928207, 1.00000000, 1.00000000, 1.00000000
0.888888888889, 0.161616161616, 0.95102555, 1.00000000, 1.00000000, 1.00000000
0.888888888889, 0.171717171717, 0.96297013, 1.00000000, 1.00000000, 1.00000000
0.888888888889, 0.181818181818, 0.97506730, 1.00000000, 1.00000000, 1.00000000
0.888888888889, 0.191919191919, 0.98726819, 1.00000000, 1.00000000, 1.00000000
0.888888888889, 0.202020202020, 0.99952363, 1.00000000, 1.00000000, 1.00000000
0.888888888889, 0.212121212121, 1.01178417, 1.00000000, 1.00000000, 1.00000000
0.888888888889, 0.222222222222, 1.02400034, 1.00000000, 1.00000000, 1.00000000
0.888888888889, 0.232323232323, 1.03612281, 1.00000000, 1.00000000, 1.00000000
0.888888888889, 0.242424242424, 1.04810261, 1.00000000, 1.00000000, 1.00000000
0.888888888889, 0.252525252525, 1.05989131, 1.00000000, 1.00000000, 1.00000000
0.888888888889, 0.262626262626, 1.07144123, 1.00000000, 1.00000000, 1.00000000
0.888888888889, 0.272727272727, 1.08270564, 1.00000000, 1.00000000, 1.00000000
0.888888888889, 0.282828282828, 1.09363893, 1.00000000, 1.00000000, 1.00000000
0.888888888889, 0.292929292929, 1.10419683, 1.00000000, 1.00000000, 1.00000000
0.888888888889, 0.303030303030, 1.11433657, 1.00000000, 1.00000000, 1.00000000
0.888888888889, 0.313131313131, 1.12401706, 1.00000000, 1.00000000, 1.00000000
0.888888888889, 0.323232323232, 1.13319906, 1.00000000, 1.00000000, 1.00000000
0.888888888889, 0.333333333333, 1.14184536, 1.00000000, 1.00000000, 1.00000000
0.888888888889, 0.343434343434, 1.14992087, 1.00000000, 1.00000000, 1.00000000
0.888888888889, 0.353535353535, 1.15739286, 1.00000000, 1.00000000, 1.00000000
0.888888888889, 0.363636363636, 1.16423101, 1.00000000, 1.00000000, 1.00000000
0.888888888889, 0.373737373737, 1.17040758, 1.00000000, 1.00000000, 1.00000000
0.888888888889, 0.383838383838, 1.17589749, 1.00000000, 1.00000000, 1.00000000
0.888888888889, 0.393939393939, 1.18067846, 1.00000000, 1.00000000, 1.00000000
0.888888888889, 0.404040404040, 1.18473108, 1.00000000, 1.00000000, 1.00000000
0.888888888889, 0.414141414141, 1.18803889, 1.00000000, 1.00000000, 1.00000000
0.888888888889, 0.424242424242, 1.19058843, 1.00000000, 1.00000000, 1.00000000
0.888888888889, 0.434343434343, 1.19236933, 1.00000000, 1.00000000, 1.00000000
0.888888888889, 0.444444444444, 1.19337430, 1.00000000, 1.00000000, 1.00000000
0.888888888889, 0.454545454545, 1.19359921, 1.00000000, 1.00000000, 1.00000000
0.888888888889, 0.464646464646, 1.19304322, 1.00000000, 1.00000000, 1.00000000
0.888888888889, 0.474747474747, 1.19170866, 1.00000000, 1.00000000, 1.00000000
0.888888888889, 0.484848484848, 1.18960100, 1.00000000, 1.00000000, 1.00000000
0.888888888889, 0.494949494949, 1.18672886, 1.00000000, 1.00000000, 1.00000000
0.888888888889, 0.505050505051, 1.18310394, 1.00000000, 1.00000000, 1.00000000
0.888888888889, 0.515151515152, 1.17874097, 1.00000000, 1.00000000, 1.00000000
0.888888888889, 0.525252525253, 1.17365771, 1.00000000, 1.00000000, 1.00000000
0.888888888889, 0.535353535354, 1.16787480, 1.00000000, 1.00000000, 1.00000000
0.888888888889, 0.545454545455, 1.16141572, 1.00000000, 1.00000000, 1.00000000
0.888888888889, 0.555555555556, 1.15430672, 1.00000000, 1.00000000, 1.00000000
0.888888888889, 0.565656565657, 1.14657664, 1.00000000, 1.00000000, 1.00000000
0.888888888889, 0.575757575758, 1.13825684, 1.00000000, 1.00000000, 1.00000000
0.888888888889, 0.585858585859, 1.12938109, 1.00000000, 1.00000000, 1.00000000
0.888888888889, 0.595959595960, 1.11998539, 1.00000000, 1.00000000, 1.00000000
0.888888888889, 0.606060606061, 1.11010781, 1.00000000, 1.00000000, 1.00000000
0.888888888889, 0.616161616162, 1.09978841, 1.00000000, 1.00000000, 1.00000000
0.888888888889, 0.626262626263, 1.08906898, 1.00000000, 1.00000000, 1.00000000
0.888888888889, 0.636363636364, 1.07799293, 1.00000000, 1.00000000, 1.00000000
0.888888888889, 0.646464646465, 1.06660511, 1.00000000, 1.00000000, 1.00000000
0.888888888889, 0.656565656566, 1.05495159, 1.00000000, 1.00000000, 1.00000000
0.888888888889, 0.666666666667, 1.04307949, 1.00000000, 1.00000000, 1.00000000
0.888888888889, 0.676767676768, 1.03103680, 1.00000000, 1.00000000, 1.00000000
0.888888888889, 0.686868686869, 1.01887216, 1.00000000, 1.00000000, 1.00000000
0.888888888889, 0.696969696970, 1.00663468, 1.00000000, 1.00000000, 1.00000000
0.888888888889, 0.707070707071, 0.99437372, 1.00000000, 1.00000000, 1.00000000
0.888888888889, 0.717171717172, 0.98213870, 1.00000000, 1.00000000, 1.00000000
0.888888888889, 0.727272727273, 0.96997890, 1.00000000, 1.00000000, 1.00000000
0.888888888889, 0.737373737374, 0.95794326, 1.00000000, 1.00000000, 1.00000000
0.888888888889, 0.747474747475, 0.94608017, 1.00000000, 1.00000000, 1.00000000
0.888888888889, 0.757575757576, 0.93443728, 1.00000000, 1.00000000, 1.00000000
0.888888888889, 0.767676767677, 0.92306132, 1.00000000, 1.00000000, 1.00000000
0.888888888889, 0.777777777778, 0.91199791, 1.00000000, 1.00000000, 1.00000000
0.888888888889, 0.787878787879, 0.90129136, 1.00000000, 1.00000000, 1.00000000
0.888888888889, 0.797979797980, 0.89098450, 1.00000000, 1.00000000, 1.00000000
0.888888888889, 0.808080808081, 0.88111854, 1.00000000, 1.00000000, 1.00000000
0.888888888889, 0.818181818182, 0.87173287, 1.00000000, 1.00000000, 1.00000000
0.888888888889, 0.828282828283, 0.86286494, 1.00000000, 1.00000000, 1.00000000
0.888888888889, 0.838383838384, 0.85455007, 1.00000000, 1.00000000, 1.00000000
0.888888888889, 0.848484848485, 0.84682139, 1.00000000, 1.00000000, 1.00000000
0.888888888889, 0.858585858586, 0.83970963, 1.00000000, 1.00000000, 1.00000000
0.888888888889, 0.868686868687, 0.83324306, 1.00000000, 1.00000000, 1.00000000
0.888888888889, 0.878787878788, 0.82744739, 1.00000000, 1.00000000, 1.00000000
0.888888888889, 0.888888888889, 0.82234562, 1.00000000, 1.00000000, 1.00000000
0.888888888889, 0.898989898990, 0.81795803, 1.00000000, 1.00000000, 1.00000000
0.888888888889, 0.909090909091, 0.81430202, 1.00000000, 1.00000000, 1.00000000
0.888888888889, 0.919191919192, 0.81139211, 1.00000000, 1.00000000, 1.00000000
0.888888888889, 0.929292929293, 0.80923973, 1.00000000, 1.00000000, 1.00000000
0.888888888889, 0.939393939394, 0.80785298, 1.00000000, 1.00000000, 1.00000000
0.888888888889, 0.949494949495, 0.80723603, 1.00000000, 1.00000000, 1.00000000
0.888888888889, 0.959595959596, 0.80738771, 1.00000000, 1.00000000, 1.00000000
0.898989898990, -0.000000000000, 0.82357339, 1.00000000, 1.00000000, 1.00000000
0.898989898990, 0.010101010101, 0.82839207, 1.00000000, 1.00000000, 1.00000000
0.898989898990, 0.020202020202, 0.83366663, 1.00000000, 1.00000000, 1.00000000
0.898989898990, 0.030303030303, 0.83938390, 1.00000000, 1.00000000, 1.00000000
0.898989898990, 0.040404040404, 0.84557327, 1.00000000, 1.00000000, 1.00000000
0.898989898990, 0.050505050505, 0.85229684, 1.00000000, 1.00000000, 1.00000000
0.898989898990, 0.060606060606, 0.85962507, 1.00000000, 1.00000000, 1.00000000
0.898989898990, 0.070707070707, 0.86760879, 1.00000000, 1.00000000, 1.00000000
0.898989898990, 0.080808080808, 0.87626051, 1.00000000, 1.00000000, 1.00000000
0.898989898990, 0.090909090909, 0.88555168, 1.00000000, 1.00000000, 1.00000000
0.898989898990, 0.101010101010, 0.89542347, 1.00000000, 1.00000000, 1.00000000
0.898989898990, 0.111111111111, 0.90580298, 1.00000000, 1.00000000, 1.00000000
0.898989898990, 0.121212121212, 0.91661666, 1.00000000, 1.00000000, 1.00000000
0.898989898990, 0.131313131313, 0.92779730, 1.00000000, 1.00000000, 1.00000000
0.898989898990, 0.141414141414, 0.93928525, 1.00000000, 1.00000000, 1.00000000
0.898989898990, 0.151515151515, 0.95102654, 1.00000000, 1.00000000, 1.00000000
0.898989898990, 0.161616161616, 0.96297041, 1.00000000, 1.00000000, 1.00000000
0.898989898990, 0.171717171717, 0.97506736, 1.00000000, 1.00000000, 1.00000000
0.898989898990, 0.181818181818, 0.98726821, 1.00000000, 1.00000000, 1.00000000
0.898989898990, 0.191919191919, 0.99952363, 1.00000000, 1.00000000, 1.00000000
0.898989898990, 0.202020202020, 1.01178417, 1.00000000, 1.00000000, 1.00000000
0.898989898990, 0.212121212121, 1.02400034, 1.00000000, 1.00000000, 1.00000000
0.898989898990, 0.222222222222, 1.03612281, 1.00000000, 1.00000000, 1.00000000
0.898989898990, 0.232323232323, 1.04810261, 1.00000000, 1.00000000, 1.00000000
0.898989898990, 0.242424242424, 1.05989131, 1.00000000, 1.00000000, 1.00000000
0.898989898990, 0.252525252525, 1.07144123, 1.00000000, 1.00000000, 1.00000000
0.898989898990, 0.262626262626, 1.08270564, 1.00000000, 1.00000000, 1.00000000
0.898989898990, 0.272727272727, 1.09363893, 1.00000000, 1.00000000, 1.00000000
0.898989898990, 0.282828282828, 1.10419683, 1.00000000, 1.00000000, 1.00000000
0.898989898990, 0.292929292929, 1.11433657, 1.00000000, 1.00000000, 1.00000000
0.898989898990, 0.303030303030, 1.12401706, 1.00000000, 1.00000000, 1.00000000
0.898989898990, 0.313131313131, 1.13319906, 1.00000000, 1.00000000, 1.00000000
0.898989898990, 0.323232323232, 1.14184536, 1.00000000, 1.00000000, 1.00000000
0.898989898990, 0.333333333333, 1.14992088, 1.00000000, 1.00000000, 1.00000000
0.898989898990, 0.343434343434, 1.15739286, 1.00000000, 1.00000000, 1.00000000
0.898989898990, 0.353535353535, 1.16423101, 1.00000000, 1.00000000, 1.00000000
0.898989898990, 0.363636363636, 1.17040758, 1.00000000, 1.00000000, 1.00000000
0.898989898990, 0.373737373737, 1.17589749, 1.00000000, 1.00000000, 1.00000000
0.898989898990, 0.383838383838, 1.18067846, 1.00000000, 1.00000000, 1.00000000
0.898989898990, 0.393939393939, 1.18473108, 1.00000000, 1.00000000, 1.00000000
0.898989898990, 0.404040404040, 1.18803889, 1.00000000, 1.00000000, 1.00000000
0.898989898990, 0.414141414141, 1.19058843, 1.00000000, 1.00000000, 1.00000000
0.898989898990, 0.424242424242, 1.19236933, 1.00000000, 1.00000000, 1.00000000
0.898989898990, 0.434343434343, 1.19337430, 1.00000000, 1.00000000, 1.00000000
0.898989898990, 0.444444444444, 1.19359921, 1.00000000, 1.00000000, 1.00000000
0.898989898990, 0.454545454545, 1.19304322, 1.00000000, 1.00000000, 1.00000000
0.898989898990, 0.464646464646, 1.19170866, 1.00000000, 1.00000000, 1.00000000
0.898989898990, 0.474747474747, 1.18960100, 1.00000000, 1.00000000, 1.00000000
0.898989898990, 0.484848484848, 1.18672886, 1.00000000, 1.00000000, 1.00000000
0.898989898990, 0.494949494949, 1.18310394, 1.00000000, 1.00000000, 1.00000000
0.898989898990, 0.505050505051, 1.17874097, 1.00000000, 1.00000000, 1.00000000
0.898989898990, 0.515151515152, 1.17365771, 1.00000000, 1.00000000, 1.00000000
0.898989898990, 0.525252525253, 1.16787480, 1.00000000, 1.00000000, 1.00000000
0.898989898990, 0.535353535354, 1.16141573, 1.00000000, 1.00000000, 1.00000000
0.898989898990, 0.545454545455, 1.15430672, 1.00000000, 1.00000000, 1.00000000
0.898989898990, 0.555555555556, 1.14657664, 1.00000000, 1.00000000, 1.00000000
0.898989898990, 0.565656565657, 1.13825685, 1.00000000, 1.00000000, 1.00000000
0.898989898990, 0.575757575758, 1.12938110, 1.00000000, 1.00000000, 1.00000000
0.898989898990, 0.585858585859, 1.11998539, 1.00000000, 1.00000000, 1.00000000
0.898989898990, 0.595959595960, 1.11010782, 1.00000000, 1.00000000, 1.00000000
0.898989898990, 0.606060606061, 1.09978841, 1.00000000, 1.00000000, 1.00000000
0.898989898990, 0.616161616162, 1.08906898, 1.00000000, 1.00000000, 1.00000000
0.898989898990, 0.626262626263, 1.07799293, 1.00000000, 1.00000000, 1.00000000
0.898989898990, 0.636363636364, 1.06660511, 1.00000000, 1.00000000, 1.00000000
0.898989898990, 0.646464646465, 1.05495159, 1.00000000, 1.00000000, 1.00000000
0.898989898990, 0.656565656566, 1.04307949, 1.00000000, 1.00000000, 1.00000000
0.898989898990, 0.666666666667, 1.03103680, 1.00000000, 1.00000000, 1.00000000
0.898989898990, 0.676767676768, 1.01887217, 1.00000000, 1.00000000, 1.00000000
0.898989898990, 0.686868686869, 1.00663469, 1.00000000, 1.00000000, 1.00000000
0.898989898990, 0.696969696970, 0.99437372, 1.00000000, 1.00000000, 1.00000000
0.898989898990, 0.707070707071, 0.98213870, 1.00000000, 1.00000000, 1.00000000
0.898989898990, 0.717171717172, 0.96997890, 1.00000000, 1.00000000, 1.00000000
0.898989898990, 0.727272727273, 0.95794326, 1.00000000, 1.00000000, 1.00000000
0.898989898990, 0.737373737374, 0.94608017, 1.00000000, 1.00000000, 1.00000000
0.898989898990, 0.747474747475, 0.93443728, 1.00000000, 1.00000000, 1.00000000
0.898989898990, 0.757575757576, 0.92306133, 1.00000000, 1.00000000, 1.00000000
0.898989898990, 0.767676767677, 0.91199791, 1.00000000, 1.00000000, 1.00000000
0.898989898990, 0.777777777778, 0.90129136, 1.00000000, 1.00000000, 1.00000000
0.898989898990, 0.787878787879, 0.89098450, 1.00000000, 1.00000000, 1.00000000
0.898989898990, 0.797979797980, 0.88111854, 1.00000000, 1.00000000, 1.00000000
0.898989898990, 0.808080808081, 0.87173287, 1.00000000, 1.00000000, 1.00000000
0.898989898990, 0.818181818182, 0.86286494, 1.00000000, 1.00000000, 1.00000000
0.898989898990, 0.828282828283, 0.85455007, 1.00000000, 1.00000000, 1.00000000
0.898989898990, 0.838383838384, 0.84682138, 1.00000000, 1.00000000, 1.00000000
0.898989898990, 0.848484848485, 0.83970962, 1.00000000, 1.00000000, 1.00000000
0.898989898990, 0.858585858586, 0.83324306, 1.00000000, 1.00000000, 1.00000000
0.898989898990, 0.868686868687, 0.82744738, 1.00000000, 1.00000000, 1.00000000
0.898989898990, 0.878787878788, 0.82234562, 1.00000000, 1.00000000, 1.00000000
0.898989898990, 0.888888888889, 0.81795803, 1.00000000, 1.00000000, 1.00000000
0.898989898990, 0.898989898990, 0.81430204, 1.00000000, 1.00000000, 1.00000000
0.898989898990, 0.909090909091, 0.81139219, 1.00000000, 1.00000000, 1.00000000
0.898989898990, 0.919191919192, 0.80924003, 1.00000000, 1.00000000, 1.00000000
0.898989898990, 0.929292929293, 0.80785401, 1.00000000, 1.00000000, 1.00000000
0.898989898990, 0.939393939394, 0.80723919, 1.00000000, 1.00000000, 1.00000000
0.898989898990, 0.949494949495, 0.80739647, 1.00000000, 1.00000000, 1.00000000
0.898989898990, 0.959595959596, 0.80832126, 1.00000000, 1.00000000, 1.00000000
0.909090909091, -0.000000000000, 0.82891366, 1.00000000, 1.00000000, 1.00000000
0.909090909091, 0.010101010101, 0.83438020, 1.00000000, 1.00000000, 1.00000000
0.909090909091, 0.020202020202, 0.84026545, 1.00000000, 1.00000000, 1.00000000
0.909090909091, 0.030303030303, 0.84655655, 1.00000000, 1.00000000, 1.00000000
0.909090909091, 0.040404040404, 0.85328680, 1.00000000, 1.00000000, 1.00000000
0.909090909091, 0.050505050505, 0.86052447, 1.00000000, 1.00000000, 1.00000000
0.909090909091, 0.060606060606, 0.86834594, 1.00000000, 1.00000000, 1.00000000
0.909090909091, 0.070707070707, 0.87680530, 1.00000000, 1.00000000, 1.00000000
0.909090909091, 0.080808080808, 0.88591452, 1.00000000, 1.00000000, 1.00000000
0.909090909091, 0.090909090909, 0.89564110, 1.00000000, 1.00000000, 1.00000000
0.909090909091, 0.101010101010, 0.90592042, 1.00000000, 1.00000000, 1.00000000
0.909090909091, 0.111111111111, 0.91667361, 1.00000000, 1.00000000, 1.00000000
0.909090909091, 0.121212121212, 0.92782208, 1.00000000, 1.00000000, 1.00000000
0.909090909091, 0.131313131313, 0.93929490, 1.00000000, 1.00000000, 1.00000000
0.909090909091, 0.141414141414, 0.95102990, 1.00000000, 1.00000000, 1.00000000
0.909090909091, 0.151515151515, 0.96297144, 1.00000000, 1.00000000, 1.00000000
0.909090909091, 0.161616161616, 0.97506764, 1.00000000, 1.00000000, 1.00000000
0.909090909091, 0.171717171717, 0.98726827, 1.00000000, 1.00000000, 1.00000000
0.909090909091, 0.181818181818, 0.99952364, 1.00000000, 1.00000000, 1.00000000
0.909090909091, 0.191919191919, 1.01178416, 1.00000000, 1.00000000, 1.00000000
0.909090909091, 0.202020202020, 1.02400033, 1.00000000, 1.00000000, 1.00000000
0.909090909091, 0.212121212121, 1.03612281, 1.00000000, 1.00000000, 1.00000000
0.909090909091, 0.222222222222, 1.04810261, 1.00000000, 1.00000000, 1.00000000
0.909090909091, 0.232323232323, 1.05989131, 1.00000000, 1.00000000, 1.00000000
0.909090909091, 0.242424242424, 1.07144123, 1.00000000, 1.00000000, 1.00000000
0.909090909091, 0.252525252525, 1.08270564, 1.00000000, 1.00000000, 1.00000000
0.909090909091, 0.262626262626, 1.09363893, 1.00000000, 1.00000000, 1.00000000
0.909090909091, 0.272727272727, 1.10419683, 1.00000000, 1.00000000, 1.00000000
0.909090909091, 0.282828282828, 1.11433657, 1.00000000, 1.00000000, 1.00000000
0.909090909091, 0.292929292929, 1.12401706, 1.00000000, 1.00000000, 1.00000000
0.909090909091, 0.303030303030, 1.13319906, 1.00000000, 1.00000000, 1.00000000
0.909090909091, 0.313131313131, 1.14184536, 1.00000000, 1.00000000, 1.00000000
0.909090909091, 0.323232323232, 1.14992088, 1.00000000, 1.00000000, 1.00000000
0.909090909091, 0.333333333333, 1.15739287, 1.00000000, 1.00000000, 1.00000000
0.909090909091, 0.343434343434, 1.16423102, 1.00000000, 1.00000000, 1.00000000
0.909090909091, 0.353535353535, 1.17040758, 1.00000000, 1.00000000, 1.00000000
0.909090909091, 0.363636363636, 1.17589749, 1.00000000, 1.00000000, 1.00000000
0.909090909091, 0.373737373737, 1.18067847, 1.00000000, 1.00000000, 1.00000000
0.909090909091, 0.383838383838, 1.18473109, 1.00000000, 1.00000000, 1.00000000
0.909090909091, 0.393939393939, 1.18803890, 1.00000000, 1.00000000, 1.00000000
0.909090909091, 0.404040404040, 1.19058844, 1.00000000, 1.00000000, 1.00000000
0.909090909091, 0.414141414141, 1.19236933, 1.00000000, 1.00000000, 1.00000000
0.909090909091, 0.424242424242, 1.19337431, 1.00000000, 1.00000000, 1.00000000
0.909090909091, 0.434343434343, 1.19359922, 1.00000000, 1.00000000, 1.00000000
0.909090909091, 0.444444444444, 1.19304323, 1.00000000, 1.00000000, 1.00000000
0.909090909091, 0.454545454545, 1.19170867, 1.00000000, 1.00000000, 1.00000000
0.909090909091, 0.464646464646, 1.18960101, 1.00000000, 1.00000000, 1.00000000
0.909090909091, 0.474747474747, 1.18672887, 1.00000000, 1.00000000, 1.00000000
0.909090909091, 0.484848484848, 1.18310395, 1.00000000, 1.00000000, 1.00000000
0.909090909091, 0.494949494949, 1.17874098, 1.00000000, 1.00000000, 1.00000000
0.909090909091, 0.505050505051, 1.17365772, 1.00000000, 1.00000000, 1.00000000
0.909090909091, 0.515151515152, 1.16787481, 1.00000000, 1.00000000, 1.00000000
0.909090909091, 0.525252525253, 1.16141574, 1.00000000, 1.00000000, 1.00000000
0.909090909091, 0.535353535354, 1.15430673, 1.00000000, 1.00000000, 1.00000000
0.909090909091, 0.545454545455, 1.14657665, 1.00000000, 1.00000000, 1.00000000
0.909090909091, 0.555555555556, 1.13825686, 1.00000000, 1.00000000, 1.00000000
0.909090909091, 0.565656565657, 1.12938111, 1.00000000, 1.00000000, 1.00000000
0.909090909091, 0.575757575758, 1.11998540, 1.00000000, 1.00000000, 1.00000000
0.909090909091, 0.585858585859, 1.11010783, 1.00000000, 1.00000000, 1.00000000
0.909090909091, 0.595959595960, 1.09978842, 1.00000000, 1.00000000, 1.00000000
0.909090909091, 0.606060606061, 1.08906899, 1.00000000, 1.00000000, 1.00000000
0.909090909091, 0.616161616162, 1.07799295, 1.00000000, 1.00000000, 1.00000000
0.909090909091, 0.626262626263, 1.06660513, 1.00000000, 1.00000000, 1.00000000
0.909090909091, 0.636363636364, 1.05495161, 1.00000000, 1.00000000, 1.00000000
0.909090909091, 0.646464646465, 1.04307951, 1.00000000, 1.00000000, 1.00000000
0.909090909091, 0.656565656566, 1.03103682, 1.00000000, 1.00000000, 1.00000000
0.909090909091, 0.666666666667, 1.01887218, 1.00000000, 1.00000000, 1.00000000
0.909090909091, 0.676767676768, 1.00663470, 1.00000000, 1.00000000, 1.00000000
0.909090909091, 0.686868686869, 0.99437374, 1.00000000, 1.00000000, 1.00000000
0.909090909091, 0.696969696970, 0.98213872, 1.00000000, 1.00000000, 1.00000000
0.909090909091, 0.707070707071, 0.96997892, 1.00000000, 1.00000000, 1.00000000
0.909090909091, 0.717171717172, 0.95794327, 1.00000000, 1.00000000, 1.00000000
0.909090909091, 0.727272727273, 0.94608018, 1.00000000, 1.00000000, 1.00000000
0.909090909091, 0.737373737374, 0.93443729, 1.00000000, 1.00000000, 1.00000000
0.909090909091, 0.747474747475, 0.92306133, 1.00000000, 1.00000000, 1.00000000
0.909090909091, 0.757575757576, 0.91199792, 1.00000000, 1.00000000, 1.00000000
0.909090909091, 0.767676767677, 0.90129136, 1.00000000, 1.00000000, 1.00000000
0.909090909091, 0.777777777778, 0.89098451, 1.00000000, 1.00000000, 1.00000000
0.909090909091, 0.787878787879, 0.88111854, 1.00000000, 1.00000000, 1.00000000
0.909090909091, 0.797979797980, 0.87173287, 1.00000000, 1.00000000, 1.00000000
0.909090909091, 0.808080808081, 0.86286493, 1.00000000, 1.00000000, 1.00000000
0.909090909091, 0.818181818182, 0.85455006, 1.00000000, 1.00000000, 1.00000000
0.909090909091, 0.828282828283, 0.84682138, 1.00000000, 1.00000000, 1.00000000
0.909090909091, 0.838383838384, 0.83970961, 1.00000000, 1.00000000, 1.00000000
0.909090909091, 0.848484848485, 0.83324305, 1.00000000, 1.00000000, 1.00000000
0.909090909091, 0.858585858586, 0.82744737, 1.00000000, 1.00000000, 1.00000000
0.909090909091, 0.868686868687, 0.82234560, 1.00000000, 1.00000000, 1.00000000
0.909090909091, 0.878787878788, 0.81795801, 1.00000000, 1.00000000, 1.00000000
0.909090909091, 0.888888888889, 0.81430202, 1.00000000, 1.00000000, 1.00000000
0.909090909091, 0.898989898990, 0.81139219, 1.00000000, 1.00000000, 1.00000000
0.909090909091, 0.909090909091, 0.80924010, 1.00000000, 1.00000000, 1.00000000
0.909090909091, 0.919191919192, 0.80785431, 1.00000000, 1.00000000, 1.00000000
0.909090909091, 0.929292929293, 0.80724027, 1.00000000, 1.00000000, 1.00000000
0.909090909091, 0.939393939394, 0.80739986, 1.00000000, 1.00000000, 1.00000000
0.909090909091, 0.949494949495, 0.80833071, 1.00000000, 1.00000000, 1.00000000
0.909090909091, 0.959595959596, 0.81002490, 1.00000000, 1.00000000, 1.00000000
0.919191919192, -0.000000000000, 0.83494283, 1.00000000, 1.00000000, 1.00000000
0.919191919192, 0.010101010101, 0.84103557, 1.00000000, 1.00000000, 1.00000000
0.919191919192, 0.020202020202, 0.84750806, 1.00000000, 1.00000000, 1.00000000
0.919191919192, 0.030303030303, 0.85434775, 1.00000000, 1.00000000, 1.00000000
0.919191919192, 0.040404040404, 0.86159180, 1.00000000, 1.00000000, 1.00000000
0.919191919192, 0.050505050505, 0.86931447, 1.00000000, 1.00000000, 1.00000000
0.919191919192, 0.060606060606, 0.87759780, 1.00000000, 1.00000000, 1.00000000
0.919191919192, 0.070707070707, 0.88649901, 1.00000000, 1.00000000, 1.00000000
0.919191919192, 0.080808080808, 0.89602942, 1.00000000, 1.00000000, 1.00000000
0.919191919192, 0.090909090909, 0.90615266, 1.00000000, 1.00000000, 1.00000000
0.919191919192, 0.101010101010, 0.91679851, 1.00000000, 1.00000000, 1.00000000
0.919191919192, 0.111111111111, 0.92788241, 1.00000000, 1.00000000, 1.00000000
0.919191919192, 0.121212121212, 0.93932102, 1.00000000, 1.00000000, 1.00000000
0.919191919192, 0.131313131313, 0.95104001, 1.00000000, 1.00000000, 1.00000000
0.919191919192, 0.141414141414, 0.96297492, 1.00000000, 1.00000000, 1.00000000
0.919191919192, 0.151515151515, 0.97506868, 1.00000000, 1.00000000, 1.00000000
0.919191919192, 0.161616161616, 0.98726852, 1.00000000, 1.00000000, 1.00000000
0.919191919192, 0.171717171717, 0.99952367, 1.00000000, 1.00000000, 1.00000000
0.919191919192, 0.181818181818, 1.01178414, 1.00000000, 1.00000000, 1.00000000
0.919191919192, 0.191919191919, 1.02400030, 1.00000000, 1.00000000, 1.00000000
0.919191919192, 0.202020202020, 1.03612278, 1.00000000, 1.00000000, 1.00000000
0.919191919192, 0.212121212121, 1.04810258, 1.00000000, 1.00000000, 1.00000000
0.919191919192, 0.222222222222, 1.05989129, 1.00000000, 1.00000000, 1.00000000
0.919191919192, 0.232323232323, 1.07144121, 1.00000000, 1.00000000, 1.00000000
0.919191919192, 0.242424242424, 1.08270562, 1.00000000, 1.00000000, 1.00000000
0.919191919192, 0.252525252525, 1.09363892, 1.00000000, 1.00000000, 1.00000000
0.919191919192, 0.262626262626, 1.10419682, 1.00000000, 1.00000000, 1.00000000
0.919191919192, 0.272727272727, 1.11433656, 1.00000000, 1.00000000, 1.00000000
0.919191919192, 0.282828282828, 1.12401706, 1.00000000, 1.00000000, 1.00000000
0.919191919192, 0.292929292929, 1.13319907, 1.00000000, 1.00000000, 1.00000000
0.919191919192, 0.303030303030, 1.14184536, 1.00000000, 1.00000000, 1.00000000
0.919191919192, 0.313131313131, 1.14992088, 1.00000000, 1.00000000, 1.00000000
0.919191919192, 0.323232323232, 1.15739288, 1.00000000, 1.00000000, 1.00000000
0.919191919192, 0.333333333333, 1.16423103, 1.00000000, 1.00000000, 1.00000000
0.919191919192, 0.343434343434, 1.17040760, 1.00000000, 1.00000000, 1.00000000
0.919191919192, 0.353535353535, 1.17589751, 1.00000000, 1.00000000, 1.00000000
0.919191919192, 0.363636363636, 1.18067849, 1.00000000, 1.00000000, 1.00000000
0.919191919192, 0.373737373737, 1.18473111, 1.00000000, 1.00000000, 1.00000000
0.919191919192, 0.383838383838, 1.18803892, 1.00000000, 1.00000000, 1.00000000
0.919191919192, 0.393939393939, 1.19058847, 1.00000000, 1.00000000, 1.00000000
0.919191919192, 0.404040404040, 1.19236936, 1.00000000, 1.00000000, 1.00000000
0.919191919192, 0.414141414141, 1.19337434, 1.00000000, 1.00000000, 1.00000000
0.919191919192, 0.424242424242, 1.19359926, 1.00000000, 1.00000000, 1.00000000
0.919191919192, 0.434343434343, 1.19304327, 1.00000000, 1.00000000, 1.00000000
0.919191919192, 0.444444444444, 1.19170871, 1.00000000, 1.00000000, 1.00000000
0.919191919192, 0.454545454545, 1.18960106, 1.00000000, 1.00000000, 1.00000000
0.919191919192, 0.464646464646, 1.18672892, 1.00000000, 1.00000000, 1.00000000
0.919191919192, 0.474747474747, 1.18310399, 1.00000000, 1.00000000, 1.00000000
0.919191919192, 0.484848484848, 1.17874103, 1.00000000, 1.00000000, 1.00000000
0.919191919192, 0.494949494949, 1.17365777, 1.00000000, 1.00000000, 1.00000000
0.919191919192, 0.505050505051, 1.16787486, 1.00000000, 1.00000000, 1.00000000
0.919191919192, 0.515151515152, 1.16141580, 1.00000000, 1.00000000, 1.00000000
0.919191919192, 0.525252525253, 1.15430679, 1.00000000, 1.00000000, 1.00000000
0.919191919192, 0.535353535354, 1.14657671, 1.00000000, 1.00000000, 1.00000000
0.919191919192, 0.545454545455, 1.13825692, 1.00000000, 1.00000000, 1.00000000
0.919191919192, 0.555555555556, 1.12938118, 1.00000000, 1.00000000, 1.00000000
0.919191919192, 0.565656565657, 1.11998547, 1.00000000, 1.00000000, 1.00000000
0.919191919192, 0.575757575758, 1.11010790, 1.00000000, 1.00000000, 1.00000000
0.919191919192, 0.585858585859, 1.09978849, 1.00000000, 1.00000000, 1.00000000
0.919191919192, 0.595959595960, 1.08906906, 1.00000000, 1.00000000, 1.00000000
0.919191919192, 0.606060606061, 1.07799302, 1.00000000, 1.00000000, 1.00000000
0.919191919192, 0.616161616162, 1.06660520, 1.00000000, 1.00000000, 1.00000000
0.919191919192, 0.626262626263, 1.05495168, 1.00000000, 1.00000000, 1.00000000
0.919191919192, 0.636363636364, 1.04307958, 1.00000000, 1.00000000, 1.00000000
0.919191919192, 0.646464646465, 1.03103689, 1.00000000, 1.00000000, 1.00000000
0.919191919192, 0.656565656566, 1.01887225, 1.00000000, 1.00000000, 1.00000000
0.919191919192, 0.666666666667, 1.00663476, 1.00000000, 1.00000000, 1.00000000
0.919191919192, 0.676767676768, 0.99437380, 1.00000000, 1.00000000, 1.00000000
0.919191919192, 0.686868686869, 0.98213877, 1.00000000, 1.00000000, 1.00000000
0.919191919192, 0.696969696970, 0.96997897, 1.00000000, 1.00000000, 1.00000000
0.919191919192, 0.707070707071, 0.95794332, 1.00000000, 1.00000000, 1.00000000
0.919191919192, 0.717171717172, 0.94608022, 1.00000000, 1.00000000, 1.00000000
0.919191919192, 0.727272727273, 0.93443733, 1.00000000, 1.00000000, 1.00000000
0.919191919192, 0.737373737374, 0.92306137, 1.00000000, 1.00000000, 1.00000000
0.919191919192, 0.747474747475, 0.91199795, 1.00000000, 1.00000000, 1.00000000
0.919191919192, 0.757575757576, 0.90129139, 1.00000000, 1.00000000, 1.00000000
0.919191919192, 0.767676767677, 0.89098452, 1.00000000, 1.00000000, 1.00000000
0.919191919192, 0.777777777778, 0.88111855, 1.00000000, 1.00000000, 1.00000000
0.919191919192, 0.787878787879, 0.87173287, 1.00000000, 1.00000000, 1.00000000
0.919191919192, 0.797979797980, 0.86286492, 1.00000000, 1.00000000, 1.00000000
0.919191919192, 0.808080808081, 0.85455005, 1.00000000, 1.00000000, 1.00000000
0.919191919192, 0.818181818182, 0.84682135, 1.00000000, 1.00000000, 1.00000000
0.919191919192, 0.828282828283, 0.83970958, 1.00000000, 1.00000000, 1.00000000
0.919191919192, 0.838383838384, 0.83324300, 1.00000000, 1.00000000, 1.00000000
0.919191919192, 0.848484848485, 0.82744732, 1.00000000, 1.00000000, 1.00000000
0.919191919192, 0.858585858586, 0.82234554, 1.00000000, 1.00000000, 1.00000000
0.919191919192, 0.868686868687, 0.81795794, 1.00000000, 1.00000000, 1.00000000
0.919191919192, 0.878787878788, 0.81430195, 1.00000000, 1.00000000, 1.00000000
0.919191919192, 0.888888888889, 0.81139211, 1.00000000, 1.00000000, 1.00000000
0.919191919192, 0.898989898990, 0.80924003, 1.00000000, 1.00000000, 1.00000000
0.919191919192, 0.909090909091, 0.80785431, 1.00000000, 1.00000000, 1.00000000
0.919191919192, 0.919191919192, 0.80724053, 1.00000000, 1.00000000, 1.00000000
0.919191919192, 0.929292929293, 0.80740095, 1.00000000, 1.00000000, 1.00000000
0.919191919192, 0.939393939394, 0.80833425, 1.00000000, 1.00000000, 1.00000000
0.919191919192, 0.949494949495, 0.81003492, 1.00000000, 1.00000000, 1.00000000
0.919191919192, 0.959595959596, 0.81249180, 1.00000000, 1.00000000, 1.00000000
0.929292929293, -0.000000000000, 0.84163675, 1.00000000, 1.00000000, 1.00000000
0.929292929293, 0.010101010101, 0.84833154, 1.00000000, 1.00000000, 1.00000000
0.929292929293, 0.020202020202, 0.85536545, 1.00000000, 1.00000000, 1.00000000
0.929292929293, 0.030303030303, 0.86272629, 1.00000000, 1.00000000, 1.00000000
0.929292929293, 0.040404040404, 0.87045499, 1.00000000, 1.00000000, 1.00000000
0.929292929293, 0.050505050505, 0.87863157, 1.00000000, 1.00000000, 1.00000000
0.929292929293, 0.060606060606, 0.88734355, 1.00000000, 1.00000000, 1.00000000
0.929292929293, 0.070707070707, 0.89665102, 1.00000000, 1.00000000, 1.00000000
0.929292929293, 0.080808080808, 0.90656460, 1.00000000, 1.00000000, 1.00000000
0.929292929293, 0.090909090909, 0.91704413, 1.00000000, 1.00000000, 1.00000000
0.929292929293, 0.101010101010, 0.92801401, 1.00000000, 1.00000000, 1.00000000
0.929292929293, 0.111111111111, 0.93938428, 1.00000000, 1.00000000, 1.00000000
0.929292929293, 0.121212121212, 0.95106720, 1.00000000, 1.00000000, 1.00000000
0.929292929293, 0.131313131313, 0.96298529, 1.00000000, 1.00000000, 1.00000000
0.929292929293, 0.141414141414, 0.97507213, 1.00000000, 1.00000000, 1.00000000
0.929292929293, 0.151515151515, 0.98726945, 1.00000000, 1.00000000, 1.00000000
0.929292929293, 0.161616161616, 0.99952379, 1.00000000, 1.00000000, 1.00000000
0.929292929293, 0.171717171717, 1.01178405, 1.00000000, 1.00000000, 1.00000000
0.929292929293, 0.181818181818, 1.02400016, 1.00000000, 1.00000000, 1.00000000
0.929292929293, 0.191919191919, 1.03612264, 1.00000000, 1.00000000, 1.00000000
0.929292929293, 0.202020202020, 1.04810246, 1.00000000, 1.00000000, 1.00000000
0.929292929293, 0.212121212121, 1.05989118, 1.00000000, 1.00000000, 1.00000000
0.929292929293, 0.222222222222, 1.07144112, 1.00000000, 1.00000000, 1.00000000
0.929292929293, 0.232323232323, 1.08270555, 1.00000000, 1.00000000, 1.00000000
0.929292929293, 0.242424242424, 1.09363885, 1.00000000, 1.00000000, 1.00000000
0.929292929293, 0.252525252525, 1.10419677, 1.00000000, 1.00000000, 1.00000000
0.929292929293, 0.262626262626, 1.11433653, 1.00000000, 1.00000000, 1.00000000
0.929292929293, 0.272727272727, 1.12401704, 1.00000000, 1.00000000, 1.00000000
0.929292929293, 0.282828282828, 1.13319906, 1.00000000, 1.00000000, 1.00000000
0.929292929293, 0.292929292929, 1.14184537, 1.00000000, 1.00000000, 1.00000000
0.929292929293, 0.303030303030, 1.14992090, 1.00000000, 1.00000000, 1.00000000
0.929292929293, 0.313131313131, 1.15739291, 1.00000000, 1.00000000, 1.00000000
0.929292929293, 0.323232323232, 1.16423107, 1.00000000, 1.00000000, 1.00000000
0.929292929293, 0.333333333333, 1.17040765, 1.00000000, 1.00000000, 1.00000000
0.929292929293, 0.343434343434, 1.17589758, 1.00000000, 1.00000000, 1.00000000
0.929292929293, 0.353535353535, 1.18067857, 1.00000000, 1.00000000, 1.00000000
0.929292929293, 0.363636363636, 1.18473120, 1.00000000, 1.00000000, 1.00000000
0.929292929293, 0.373737373737, 1.18803903, 1.00000000, 1.00000000, 1.00000000
0.929292929293, 0.383838383838, 1.19058858, 1.00000000, 1.00000000, 1.00000000
0.929292929293, 0.393939393939, 1.19236949, 1.00000000, 1.00000000, 1.00000000
0.929292929293, 0.404040404040, 1.19337447, 1.00000000, 1.00000000, 1.00000000
0.929292929293, 0.414141414141, 1.19359940, 1.00000000, 1.00000000, 1.00000000
0.929292929293, 0.424242424242, 1.19304343, 1.00000000, 1.00000000, 1.00000000
0.929292929293, 0.434343434343, 1.19170888, 1.00000000, 1.00000000, 1.00000000
0.929292929293, 0.444444444444, 1.18960123, 1.00000000, 1.00000000, 1.00000000
0.929292929293, 0.454545454545, 1.18672911, 1.00000000, 1.00000000, 1.00000000
0.929292929293, 0.464646464646, 1.18310419, 1.00000000, 1.00000000, 1.00000000
0.929292929293, 0.474747474747, 1.17874124, 1.00000000, 1.00000000, 1.00000000
0.929292929293, 0.484848484848, 1.17365799, 1.00000000, 1.00000000, 1.00000000
0.929292929293, 0.494949494949, 1.16787509, 1.00000000, 1.00000000, 1.00000000
0.929292929293, 0.505050505051, 1.16141603, 1.00000000, 1.00000000, 1.00000000
0.929292929293, 0.515151515152, 1.15430704, 1.00000000, 1.00000000, 1.00000000
0.929292929293, 0.525252525253, 1.14657696, 1.00000000, 1.00000000, 1.00000000
0.929292929293, 0.535353535354, 1.13825718, 1.00000000, 1.00000000, 1.00000000
0.929292929293, 0.545454545455, 1.12938144, 1.00000000, 1.00000000, 1.00000000
0.929292929293, 0.555555555556, 1.11998574, 1.00000000, 1.00000000, 1.00000000
0.929292929293, 0.565656565657, 1.11010817, 1.00000000, 1.00000000, 1.00000000
0.929292929293, 0.575757575758, 1.09978877, 1.00000000, 1.00000000, 1.00000000
0.929292929293, 0.585858585859, 1.08906935, 1.00000000, 1.00000000, 1.00000000
0.929292929293, 0.595959595960, 1.07799331, 1.00000000, 1.00000000, 1.00000000
0.929292929293, 0.606060606061, 1.06660549, 1.00000000, 1.00000000, 1.00000000
0.929292929293, 0.616161616162, 1.05495196, 1.00000000, 1.00000000, 1.00000000
0.929292929293, 0.626262626263, 1.04307986, 1.00000000, 1.00000000, 1.00000000
0.929292929293, 0.636363636364, 1.03103717, 1.00000000, 1.00000000, 1.00000000
0.929292929293, 0.646464646465, 1.01887253, 1.00000000, 1.00000000, 1.00000000
0.929292929293, 0.656565656566, 1.00663503, 1.00000000, 1.00000000, 1.00000000
0.929292929293, 0.666666666667, 0.99437406, 1.00000000, 1.00000000, 1.00000000
0.929292929293, 0.676767676768, 0.98213903, 1.00000000, 1.00000000, 1.00000000
0.929292929293, 0.686868686869, 0.96997921, 1.00000000, 1.00000000, 1.00000000
0.929292929293, 0.696969696970, 0.95794355, 1.00000000, 1.00000000, 1.00000000
0.929292929293, 0.707070707071, 0.94608043, 1.00000000, 1.00000000, 1.00000000
0.929292929293, 0.717171717172, 0.93443752, 1.00000000, 1.00000000, 1.00000000
0.929292929293, 0.727272727273, 0.92306153, 1.00000000, 1.00000000, 1.00000000
0.929292929293, 0.737373737374, 0.91199809, 1.00000000, 1.00000000, 1.00000000
0.929292929293, 0.747474747475, 0.90129150, 1.00000000, 1.00000000, 1.00000000
0.929292929293, 0.757575757576, 0.89098461, 1.00000000, 1.00000000, 1.00000000
0.929292929293, 0.767676767677, 0.88111861, 1.00000000, 1.00000000, 1.00000000
0.929292929293, 0.777777777778, 0.87173290, 1.00000000, 1.00000000, 1.00000000
0.929292929293, 0.787878787879, 0.86286492, 1.00000000, 1.00000000, 1.00000000
0.929292929293, 0.797979797980, 0.85455001, 1.00000000, 1.00000000, 1.00000000
0.929292929293, 0.808080808081, 0.84682128, 1.00000000, 1.00000000, 1.00000000
0.929292929293, 0.818181818182, 0.83970948, 1.00000000, 1.00000000, 1.00000000
0.929292929293, 0.828282828283, 0.83324287, 1.00000000, 1.00000000, 1.00000000
0.929292929293, 0.838383838384, 0.82744715, 1.00000000, 1.00000000, 1.00000000
0.929292929293, 0.848484848485, 0.82234535, 1.00000000, 1.00000000, 1.00000000
0.929292929293, 0.858585858586, 0.81795772, 1.00000000, 1.00000000, 1.00000000
0.929292929293, 0.868686868687, 0.81430170, 1.00000000, 1.00000000, 1.00000000
0.929292929293, 0.878787878788, 0.81139183, 1.00000000, 1.00000000, 1.00000000
0.929292929293, 0.888888888889, 0.80923973, 1.00000000, 1.00000000, 1.00000000
0.929292929293, 0.898989898990, 0.80785401, 1.00000000, 1.00000000, 1.00000000
0.929292929293, 0.909090909091, 0.80724027, 1.00000000, 1.00000000, 1.00000000
0.929292929293, 0.919191919192, 0.80740095, 1.00000000, 1.00000000, 1.00000000
0.929292929293, 0.929292929293, 0.80833512, 1.00000000, 1.00000000, 1.00000000
0.929292929293, 0.939393939394, 0.81003837, 1.00000000, 1.00000000, 1.00000000
0.929292929293, 0.949494949495, 0.81250211, 1.00000000, 1.00000000, 1.00000000
0.929292929293, 0.959595959596, 0.81571195, 1.00000000, 1.00000000, 1.00000000
0.939393939394, -0.000000000000, 0.84896811, 1.00000000, 1.00000000, 1.00000000
0.939393939394, 0.010101010101, 0.85623838, 1.00000000, 1.00000000, 1.00000000
0.939393939394, 0.020202020202, 0.86380562, 1.00000000, 1.00000000, 1.00000000
0.939393939394, 0.030303030303, 0.87165809, 1.00000000, 1.00000000, 1.00000000
0.939393939394, 0.040404040404, 0.87984034, 1.00000000, 1.00000000, 1.00000000
0.939393939394, 0.050505050505, 0.88843795, 1.00000000, 1.00000000, 1.00000000
0.939393939394, 0.060606060606, 0.89754362, 1.00000000, 1.00000000, 1.00000000
0.939393939394, 0.070707070707, 0.90722012, 1.00000000, 1.00000000, 1.00000000
0.939393939394, 0.080808080808, 0.91747731, 1.00000000, 1.00000000, 1.00000000
0.939393939394, 0.090909090909, 0.92827131, 1.00000000, 1.00000000, 1.00000000
0.939393939394, 0.101010101010, 0.93952140, 1.00000000, 1.00000000, 1.00000000
0.939393939394, 0.111111111111, 0.95113253, 1.00000000, 1.00000000, 1.00000000
0.939393939394, 0.121212121212, 0.96301290, 1.00000000, 1.00000000, 1.00000000
0.939393939394, 0.131313131313, 0.97508224, 1.00000000, 1.00000000, 1.00000000
0.939393939394, 0.141414141414, 0.98727240, 1.00000000, 1.00000000, 1.00000000
0.939393939394, 0.151515151515, 0.99952418, 1.00000000, 1.00000000, 1.00000000
0.939393939394, 0.161616161616, 1.01178365, 1.00000000, 1.00000000, 1.00000000
0.939393939394, 0.171717171717, 1.02399959, 1.00000000, 1.00000000, 1.00000000
0.939393939394, 0.181818181818, 1.03612207, 1.00000000, 1.00000000, 1.00000000
0.939393939394, 0.191919191919, 1.04810193, 1.00000000, 1.00000000, 1.00000000
0.939393939394, 0.202020202020, 1.05989071, 1.00000000, 1.00000000, 1.00000000
0.939393939394, 0.212121212121, 1.07144071, 1.00000000, 1.00000000, 1.00000000
0.939393939394, 0.222222222222, 1.08270519, 1.00000000, 1.00000000, 1.00000000
0.939393939394, 0.232323232323, 1.09363855, 1.00000000, 1.00000000, 1.00000000
0.939393939394, 0.242424242424, 1.10419653, 1.00000000, 1.00000000, 1.00000000
0.939393939394, 0.252525252525, 1.11433634, 1.00000000, 1.00000000, 1.00000000
0.939393939394, 0.262626262626, 1.12401690, 1.00000000, 1.00000000, 1.00000000
0.939393939394, 0.272727272727, 1.13319898, 1.00000000, 1.00000000, 1.00000000
0.939393939394, 0.282828282828, 1.14184534, 1.00000000, 1.00000000, 1.00000000
0.939393939394, 0.292929292929, 1.14992092, 1.00000000, 1.00000000, 1.00000000
0.939393939394, 0.303030303030, 1.15739298, 1.00000000, 1.00000000, 1.00000000
0.939393939394, 0.313131313131, 1.16423119, 1.00000000, 1.00000000, 1.00000000
0.939393939394, 0.323232323232, 1.17040782, 1.00000000, 1.00000000, 1.00000000
0.939393939394, 0.333333333333, 1.17589779, 1.00000000, 1.00000000, 1.00000000
0.939393939394, 0.343434343434, 1.18067883, 1.00000000, 1.00000000, 1.00000000
0.939393939394, 0.353535353535, 1.18473151, 1.00000000, 1.00000000, 1.00000000
0.939393939394, 0.363636363636, 1.18803938, 1.00000000, 1.00000000, 1.00000000
0.939393939394, 0.373737373737, 1.19058898, 1.00000000, 1.00000000, 1.00000000
0.939393939394, 0.383838383838, 1.19236994, 1.00000000, 1.00000000, 1.00000000
0.939393939394, 0.393939393939, 1.19337497, 1.00000000, 1.00000000, 1.00000000
0.939393939394, 0.404040404040, 1.19359994, 1.00000000, 1.00000000, 1.00000000
0.939393939394, 0.414141414141, 1.19304400, 1.00000000, 1.00000000, 1.00000000
0.939393939394, 0.424242424242, 1.19170949, 1.00000000, 1.00000000, 1.00000000
0.939393939394, 0.434343434343, 1.18960189, 1.00000000, 1.00000000, 1.00000000
0.939393939394, 0.444444444444, 1.18672981, 1.00000000, 1.00000000, 1.00000000
0.939393939394, 0.454545454545, 1.18310493, 1.00000000, 1.00000000, 1.00000000
0.939393939394, 0.464646464646, 1.17874202, 1.00000000, 1.00000000, 1.00000000
0.939393939394, 0.474747474747, 1.17365880, 1.00000000, 1.00000000, 1.00000000
0.939393939394, 0.484848484848, 1.16787594, 1.00000000, 1.00000000, 1.00000000
0.939393939394, 0.494949494949, 1.16141691, 1.00000000, 1.00000000, 1.00000000
0.939393939394, 0.505050505051, 1.15430795, 1.00000000, 1.00000000, 1.00000000
0.939393939394, 0.515151515152, 1.14657791, 1.00000000, 1.00000000, 1.00000000
0.939393939394, 0.525252525253, 1.13825816, 1.00000000, 1.00000000, 1.00000000
0.939393939394, 0.535353535354, 1.12938244, 1.00000000, 1.00000000, 1.00000000
0.939393939394, 0.545454545455, 1.11998676, 1.00000000, 1.00000000, 1.00000000
0.939393939394, 0.555555555556, 1.11010922, 1.00000000, 1.00000000, 1.00000000
0.939393939394, 0.565656565657, 1.09978983, 1.00000000, 1.00000000, 1.00000000
0.939393939394, 0.575757575758, 1.08907042, 1.00000000, 1.00000000, 1.00000000
0.939393939394, 0.585858585859, 1.07799439, 1.00000000, 1.00000000, 1.00000000
0.939393939394, 0.595959595960, 1.06660657, 1.00000000, 1.00000000, 1.00000000
0.939393939394, 0.606060606061, 1.05495305, 1.00000000, 1.00000000, 1.00000000
0.939393939394, 0.616161616162, 1.04308094, 1.00000000, 1.00000000, 1.00000000
0.939393939394, 0.626262626263, 1.03103824, 1.00000000, 1.00000000, 1.00000000
0.939393939394, 0.636363636364, 1.01887358, 1.00000000, 1.00000000, 1.00000000
0.939393939394, 0.646464646465, 1.00663606, 1.00000000, 1.00000000, 1.00000000
0.939393939394, 0.656565656566, 0.99437506, 1.00000000, 1.00000000, 1.00000000
0.939393939394, 0.666666666667, 0.98213999, 1.00000000, 1.00000000, 1.00000000
0.939393939394, 0.676767676768, 0.96998013, 1.00000000, 1.00000000, 1.00000000
0.939393939394, 0.686868686869, 0.95794441, 1.00000000, 1.00000000, 1.00000000
0.939393939394, 0.696969696970, 0.94608124, 1.00000000, 1.00000000, 1.00000000
0.939393939394, 0.707070707071, 0.93443826, 1.00000000, 1.00000000, 1.00000000
0.939393939394, 0.717171717172, 0.92306221, 1.00000000, 1.00000000, 1.00000000
0.939393939394, 0.727272727273, 0.91199868, 1.00000000, 1.00000000, 1.00000000
0.939393939394, 0.737373737374, 0.90129201, 1.00000000, 1.00000000, 1.00000000
0.939393939394, 0.747474747475, 0.89098503, 1.00000000, 1.00000000, 1.00000000
0.939393939394, 0.757575757576, 0.88111893, 1.00000000, 1.00000000, 1.00000000
0.939393939394, 0.767676767677, 0.87173312, 1.00000000, 1.00000000, 1.00000000
0.939393939394, 0.777777777778, 0.86286504, 1.00000000, 1.00000000, 1.00000000
0.939393939394, 0.787878787879, 0.85455002, 1.00000000, 1.00000000, 1.00000000
0.939393939394, 0.797979797980, 0.84682118, 1.00000000, 1.00000000, 1.00000000
0.939393939394, 0.808080808081, 0.83970926, 1.00000000, 1.00000000, 1.00000000
0.939393939394, 0.818181818182, 0.83324255, 1.00000000, 1.00000000, 1.00000000
0.939393939394, 0.828282828283, 0.82744672, 1.00000000, 1.00000000, 1.00000000
0.939393939394, 0.838383838384, 0.82234480, 1.00000000, 1.00000000, 1.00000000
0.939393939394, 0.848484848485, 0.81795707, 1.00000000, 1.00000000, 1.00000000
0.939393939394, 0.858585858586, 0.81430094, 1.00000000, 1.00000000, 1.00000000
0.939393939394, 0.868686868687, 0.81139098, 1.00000000, 1.00000000, 1.00000000
0.939393939394, 0.878787878788, 0.80923879, 1.00000000, 1.00000000, 1.00000000
0.939393939394, 0.888888888889, 0.80785298, 1.00000000, 1.00000000, 1.00000000
0.939393939394, 0.898989898990, 0.80723919, 1.00000000, 1.00000000, 1.00000000
0.939393939394, 0.909090909091, 0.80739986, 1.00000000, 1.00000000, 1.00000000
0.939393939394, 0.919191919192, 0.80833425, 1.00000000, 1.00000000, 1.00000000
0.939393939394, 0.929292929293, 0.81003837, 1.00000000, 1.00000000, 1.00000000
0.939393939394, 0.939393939394, 0.81250479, 1.00000000, 1.00000000, 1.00000000
0.939393939394, 0.949494949495, 0.81572181, 1.00000000, 1.00000000, 1.00000000
0.939393939394, 0.959595959596, 0.81967189, 1.00000000, 1.00000000, 1.00000000
0.949494949495, -0.000000000000, 0.85690567, 1.00000000, 1.00000000, 1.00000000
0.949494949495, 0.010101010101, 0.86472252, 1.00000000, 1.00000000, 1.00000000
0.949494949495, 0.020202020202, 0.87279289, 1.00000000, 1.00000000, 1.00000000
0.949494949495, 0.030303030303, 0.88110549, 1.00000000, 1.00000000, 1.00000000
0.949494949495, 0.040404040404, 0.88970838, 1.00000000, 1.00000000, 1.00000000
0.949494949495, 0.050505050505, 0.89869246, 1.00000000, 1.00000000, 1.00000000
0.949494949495, 0.060606060606, 0.90815532, 1.00000000, 1.00000000, 1.00000000
0.949494949495, 0.070707070707, 0.91816219, 1.00000000, 1.00000000, 1.00000000
0.949494949495, 0.080808080808, 0.92872205, 1.00000000, 1.00000000, 1.00000000
0.949494949495, 0.090909090909, 0.93978746, 1.00000000, 1.00000000, 1.00000000
0.949494949495, 0.101010101010, 0.95127283, 1.00000000, 1.00000000, 1.00000000
0.949494949495, 0.111111111111, 0.96307837, 1.00000000, 1.00000000, 1.00000000
0.949494949495, 0.121212121212, 0.97510858, 1.00000000, 1.00000000, 1.00000000
0.949494949495, 0.131313131313, 0.98728073, 1.00000000, 1.00000000, 1.00000000
0.949494949495, 0.141414141414, 0.99952524, 1.00000000, 1.00000000, 1.00000000
0.949494949495, 0.151515151515, 1.01178220, 1.00000000, 1.00000000, 1.00000000
0.949494949495, 0.161616161616, 1.02399747, 1.00000000, 1.00000000, 1.00000000
0.949494949495, 0.171717171717, 1.03611990, 1.00000000, 1.00000000, 1.00000000
0.949494949495, 0.181818181818, 1.04809990, 1.00000000, 1.00000000, 1.00000000
0.949494949495, 0.191919191919, 1.05988886, 1.00000000, 1.00000000, 1.00000000
0.949494949495, 0.202020202020, 1.07143905, 1.00000000, 1.00000000, 1.00000000
0.949494949495, 0.212121212121, 1.08270373, 1.00000000, 1.00000000, 1.00000000
0.949494949495, 0.222222222222, 1.09363729, 1.00000000, 1.00000000, 1.00000000
0.949494949495, 0.232323232323, 1.10419545, 1.00000000, 1.00000000, 1.00000000
0.949494949495, 0.242424242424, 1.11433546, 1.00000000, 1.00000000, 1.00000000
0.949494949495, 0.252525252525, 1.12401621, 1.00000000, 1.00000000, 1.00000000
0.949494949495, 0.262626262626, 1.13319848, 1.00000000, 1.00000000, 1.00000000
0.949494949495, 0.272727272727, 1.14184502, 1.00000000, 1.00000000, 1.00000000
0.949494949495, 0.282828282828, 1.14992079, 1.00000000, 1.00000000, 1.00000000
0.949494949495, 0.292929292929, 1.15739303, 1.00000000, 1.00000000, 1.00000000
0.949494949495, 0.303030303030, 1.16423142, 1.00000000, 1.00000000, 1.00000000
0.949494949495, 0.313131313131, 1.17040823, 1.00000000, 1.00000000, 1.00000000
0.949494949495, 0.323232323232, 1.17589838, 1.00000000, 1.00000000, 1.00000000
0.949494949495, 0.333333333333, 1.18067958, 1.00000000, 1.00000000, 1.00000000
0.949494949495, 0.343434343434, 1.18473244, 1.00000000, 1.00000000, 1.00000000
0.949494949495, 0.353535353535, 1.18804047, 1.00000000, 1.00000000, 1.00000000
0.949494949495, 0.363636363636, 1.19059024, 1.00000000, 1.00000000, 1.00000000
0.949494949495, 0.373737373737, 1.19237135, 1.00000000, 1.00000000, 1.00000000
0.949494949495, 0.383838383838, 1.19337654, 1.00000000, 1.00000000, 1.00000000
0.949494949495, 0.393939393939, 1.19360167, 1.00000000, 1.00000000, 1.00000000
0.949494949495, 0.404040404040, 1.19304589, 1.00000000, 1.00000000, 1.00000000
0.949494949495, 0.414141414141, 1.19171153, 1.00000000, 1.00000000, 1.00000000
0.949494949495, 0.424242424242, 1.18960408, 1.00000000, 1.00000000, 1.00000000
0.949494949495, 0.434343434343, 1.18673213, 1.00000000, 1.00000000, 1.00000000
0.949494949495, 0.444444444444, 1.18310740, 1.00000000, 1.00000000, 1.00000000
0.949494949495, 0.454545454545, 1.17874462, 1.00000000, 1.00000000, 1.00000000
0.949494949495, 0.464646464646, 1.17366153, 1.00000000, 1.00000000, 1.00000000
0.949494949495, 0.474747474747, 1.16787879, 1.00000000, 1.00000000, 1.00000000
0.949494949495, 0.484848484848, 1.16141988, 1.00000000, 1.00000000, 1.00000000
0.949494949495, 0.494949494949, 1.15431103, 1.00000000, 1.00000000, 1.00000000
0.949494949495, 0.505050505051, 1.14658109, 1.00000000, 1.00000000, 1.00000000
0.949494949495, 0.515151515152, 1.13826144, 1.00000000, 1.00000000, 1.00000000
0.949494949495, 0.525252525253, 1.12938581, 1.00000000, 1.00000000, 1.00000000
0.949494949495, 0.535353535354, 1.11999021, 1.00000000, 1.00000000, 1.00000000
0.949494949495, 0.545454545455, 1.11011273, 1.00000000, 1.00000000, 1.00000000
0.949494949495, 0.555555555556, 1.09979340, 1.00000000, 1.00000000, 1.00000000
0.949494949495, 0.565656565657, 1.08907403, 1.00000000, 1.00000000, 1.00000000
0.949494949495, 0.575757575758, 1.07799803, 1.00000000, 1.00000000, 1.00000000
0.949494949495, 0.585858585859, 1.06661023, 1.00000000, 1.00000000, 1.00000000
0.949494949495, 0.595959595960, 1.05495670, 1.00000000, 1.00000000, 1.00000000
0.949494949495, 0.606060606061, 1.04308458, 1.00000000, 1.00000000, 1.00000000
0.949494949495, 0.616161616162, 1.03104184, 1.00000000, 1.00000000, 1.00000000
0.949494949495, 0.626262626263, 1.01887713, 1.00000000, 1.00000000, 1.00000000
0.949494949495, 0.636363636364, 1.00663954, 1.00000000, 1.00000000, 1.00000000
0.949494949495, 0.646464646465, 0.99437845, 1.00000000, 1.00000000, 1.00000000
0.949494949495, 0.656565656566, 0.98214327, 1.00000000, 1.00000000, 1.00000000
0.949494949495, 0.666666666667, 0.96998328, 1.00000000, 1.00000000, 1.00000000
0.949494949495, 0.676767676768, 0.95794741, 1.00000000, 1.00000000, 1.00000000
0.949494949495, 0.686868686869, 0.94608406, 1.00000000, 1.00000000, 1.00000000
0.949494949495, 0.696969696970, 0.93444089, 1.00000000, 1.00000000, 1.00000000
0.949494949495, 0.707070707071, 0.92306462, 1.00000000, 1.00000000, 1.00000000
0.949494949495, 0.717171717172, 0.91200086, 1.00000000, 1.00000000, 1.00000000
0.949494949495, 0.727272727273, 0.90129393, 1.00000000, 1.00000000, 1.00000000
0.949494949495, 0.737373737374, 0.89098667, 1.00000000, 1.00000000, 1.00000000
0.949494949495, 0.747474747475, 0.88112029, 1.00000000, 1.00000000, 1.00000000
0.949494949495, 0.757575757576, 0.87173417, 1.00000000, 1.00000000, 1.00000000
0.949494949495, 0.767676767677, 0.86286577, 1.00000000, 1.00000000, 1.00000000
0.949494949495, 0.777777777778, 0.85455042, 1.00000000, 1.00000000, 1.00000000
0.949494949495, 0.787878787879, 0.84682125, 1.00000000, 1.00000000, 1.00000000
0.949494949495, 0.797979797980, 0.83970899, 1.00000000, 1.00000000, 1.00000000
0.949494949495, 0.808080808081, 0.83324192, 1.00000000, 1.00000000, 1.00000000
0.949494949495, 0.818181818182, 0.82744575, 1.00000000, 1.00000000, 1.00000000
0.949494949495, 0.828282828283, 0.82234349, 1.00000000, 1.00000000, 1.00000000
0.949494949495, 0.838383838384, 0.81795541, 1.00000000, 1.00000000, 1.00000000
0.949494949495, 0.848484848485, 0.81429896, 1.00000000, 1.00000000, 1.00000000
0.949494949495, 0.858585858586, 0.81138868, 1.00000000, 1.00000000, 1.00000000
0.949494949495, 0.868686868687, 0.80923618, 1.00000000, 1.00000000, 1.00000000
0.949494949495, 0.878787878788, 0.80785009, 1.00000000, 1.00000000, 1.00000000
0.949494949495, 0.888888888889, 0.80723603, 1.00000000, 1.00000000, 1.00000000
0.949494949495, 0.898989898990, 0.80739647, 1.00000000, 1.00000000, 1.00000000
0.949494949495, 0.909090909091, 0.80833071, 1.00000000, 1.00000000, 1.00000000
0.949494949495, 0.919191919192, 0.81003492, 1.00000000, 1.00000000, 1.00000000
0.949494949495, 0.929292929293, 0.81250211, 1.00000000, 1.00000000, 1.00000000
0.949494949495, 0.939393939394, 0.81572181, 1.00000000, 1.00000000, 1.00000000
0.949494949495, 0.949494949495, 0.81967929, 1.00000000, 1.00000000, 1.00000000
0.949494949495, 0.959595959596, 0.82435393, 1.00000000, 1.00000000, 1.00000000
0.959595959596, -0.000000000000, 0.86541243, 1.00000000, 1.00000000, 1.00000000
0.959595959596, 0.010101010101, 0.87374477, 1.00000000, 1.00000000, 1.00000000
0.959595959596, 0.020202020202, 0.88228604, 1.00000000, 1.00000000, 1.00000000
0.959595959596, 0.030303030303, 0.89102545, 1.00000000, 1.00000000, 1.00000000
0.959595959596, 0.040404040404, 0.90001446, 1.00000000, 1.00000000, 1.00000000
0.959595959596, 0.050505050505, 0.90934898, 1.00000000, 1.00000000, 1.00000000
0.959595959596, 0.060606060606, 0.91913117, 1.00000000, 1.00000000, 1.00000000
0.959595959596, 0.070707070707, 0.92942848, 1.00000000, 1.00000000, 1.00000000
0.959595959596, 0.080808080808, 0.94024897, 1.00000000, 1.00000000, 1.00000000
0.959595959596, 0.090909090909, 0.95154175, 1.00000000, 1.00000000, 1.00000000
0.959595959596, 0.101010101010, 0.96321663, 1.00000000, 1.00000000, 1.00000000
0.959595959596, 0.111111111111, 0.97516947, 1.00000000, 1.00000000, 1.00000000
0.959595959596, 0.121212121212, 0.98730146, 1.00000000, 1.00000000, 1.00000000
0.959595959596, 0.131313131313, 0.99952774, 1.00000000, 1.00000000, 1.00000000
0.959595959596, 0.141414141414, 1.01177758, 1.00000000, 1.00000000, 1.00000000
0.959595959596, 0.151515151515, 1.02399062, 1.00000000, 1.00000000, 1.00000000
0.959595959596, 0.161616161616, 1.03611273, 1.00000000, 1.00000000, 1.00000000
0.959595959596, 0.171717171717, 1.04809305, 1.00000000, 1.00000000, 1.00000000
0.959595959596, 0.181818181818, 1.05988252, 1.00000000, 1.00000000, 1.00000000
0.959595959596, 0.191919191919, 1.07143328, 1.00000000, 1.00000000, 1.00000000
0.959595959596, 0.202020202020, 1.08269854, 1.00000000, 1.00000000, 1.00000000
0.959595959596, 0.212121212121, 1.09363269, 1.00000000, 1.00000000, 1.00000000
0.959595959596, 0.222222222222, 1.10419145, 1.00000000, 1.00000000, 1.00000000
0.959595959596, 0.232323232323, 1.11433205, 1.00000000, 1.00000000, 1.00000000
0.959595959596, 0.242424242424, 1.12401340, 1.00000000, 1.00000000, 1.00000000
0.959595959596, 0.252525252525, 1.13319625, 1.00000000, 1.00000000, 1.00000000
0.959595959596, 0.262626262626, 1.14184339, 1.00000000, 1.00000000, 1.00000000
0.959595959596, 0.272727272727, 1.14991975, 1.00000000, 1.00000000, 1.00000000
0.959595959596, 0.282828282828, 1.15739256, 1.00000000, 1.00000000, 1.00000000
0.959595959596, 0.292929292929, 1.16423153, 1.00000000, 1.00000000, 1.00000000
0.959595959596, 0.303030303030, 1.17040891, 1.00000000, 1.00000000, 1.00000000
0.959595959596, 0.313131313131, 1.17589962, 1.00000000, 1.00000000, 1.00000000
0.959595959596, 0.323232323232, 1.18068139, 1.00000000, 1.00000000, 1.00000000
0.959595959596, 0.333333333333, 1.18473479, 1.00000000, 1.00000000, 1.00000000
0.959595959596, 0.343434343434, 1.18804337, 1.00000000, 1.00000000, 1.00000000
0.959595959596, 0.353535353535, 1.19059367, 1.00000000, 1.00000000, 1.00000000
0.959595959596, 0.363636363636, 1.19237531, 1.00000000, 1.00000000, 1.00000000
0.959595959596, 0.373737373737, 1.19338102, 1.00000000, 1.00000000, 1.00000000
0.959595959596, 0.383838383838, 1.19360665, 1.00000000, 1.00000000, 1.00000000
0.959595959596, 0.393939393939, 1.19305137, 1.00000000, 1.00000000, 1.00000000
0.959595959596, 0.404040404040, 1.19171749, 1.00000000, 1.00000000, 1.00000000
0.959595959596, 0.414141414141, 1.18961051, 1.00000000, 1.00000000, 1.00000000
0.959595959596, 0.424242424242, 1.18673902, 1.00000000, 1.00000000, 1.00000000
0.959595959596, 0.434343434343, 1.18311473, 1.00000000, 1.00000000, 1.00000000
0.959595959596, 0.444444444444, 1.17875238, 1.00000000, 1.00000000, 1.00000000
0.959595959596, 0.454545454545, 1.17366970, 1.00000000, 1.00000000, 1.00000000
0.959595959596, 0.464646464646, 1.16788735, 1.00000000, 1.00000000, 1.00000000
0.959595959596, 0.474747474747, 1.16142881, 1.00000000, 1.00000000, 1.00000000
0.959595959596, 0.484848484848, 1.15432030, 1.00000000, 1.00000000, 1.00000000
0.959595959596, 0.494949494949, 1.14659068, 1.00000000, 1.00000000, 1.00000000
0.959595959596, 0.505050505051, 1.13827132, 1.00000000, 1.00000000, 1.00000000
0.959595959596, 0.515151515152, 1.12939596, 1.00000000, 1.00000000, 1.00000000
0.959595959596, 0.525252525253, 1.12000060, 1.00000000, 1.00000000, 1.00000000
0.959595959596, 0.535353535354, 1.11012332, 1.00000000, 1.00000000, 1.00000000
0.959595959596, 0.545454545455, 1.09980416, 1.00000000, 1.00000000, 1.00000000
0.959595959596, 0.555555555556, 1.08908492, 1.00000000, 1.00000000, 1.00000000
0.959595959596, 0.565656565657, 1.07800901, 1.00000000, 1.00000000, 1.00000000
0.959595959596, 0.575757575758, 1.06662126, 1.00000000, 1.00000000, 1.00000000
0.959595959596, 0.585858585859, 1.05496774, 1.00000000, 1.00000000, 1.00000000
0.959595959596, 0.595959595960, 1.04309558, 1.00000000, 1.00000000, 1.00000000
0.959595959596, 0.606060606061, 1.03105275, 1.00000000, 1.00000000, 1.00000000
0.959595959596, 0.616161616162, 1.01888790, 1.00000000, 1.00000000, 1.00000000
0.959595959596, 0.626262626263, 1.00665012, 1.00000000, 1.00000000, 1.00000000
0.959595959596, 0.636363636364, 0.99438878, 1.00000000, 1.00000000, 1.00000000
0.959595959596, 0.646464646465, 0.98215329, 1.00000000, 1.00000000, 1.00000000
0.959595959596, 0.656565656566, 0.96999294, 1.00000000, 1.00000000, 1.00000000
0.959595959596, 0.666666666667, 0.95795665, 1.00000000, 1.00000000, 1.00000000
0.959595959596, 0.676767676768, 0.94609283, 1.00000000, 1.00000000, 1.00000000
0.959595959596, 0.686868686869, 0.93444912, 1.00000000, 1.00000000, 1.00000000
0.959595959596, 0.696969696970, 0.92307226, 1.00000000, 1.00000000, 1.00000000
0.959595959596, 0.707070707071, 0.91200785, 1.00000000, 1.00000000, 1.00000000
0.959595959596, 0.717171717172, 0.90130023, 1.00000000, 1.00000000, 1.00000000
0.959595959596, 0.727272727273, 0.89099222, 1.00000000, 1.00000000, 1.00000000
0.959595959596, 0.737373737374, 0.88112505, 1.00000000, 1.00000000, 1.00000000
0.959595959596, 0.747474747475, 0.87173810, 1.00000000, 1.00000000, 1.00000000
0.959595959596, 0.757575757576, 0.86286882, 1.00000000, 1.00000000, 1.00000000
0.959595959596, 0.767676767677, 0.85455257, 1.00000000, 1.00000000, 1.00000000
0.959595959596, 0.777777777778, 0.84682247, 1.00000000, 1.00000000, 1.00000000
0.959595959596, 0.787878787879, 0.83970926, 1.00000000, 1.00000000, 1.00000000
0.959595959596, 0.797979797980, 0.83324123, 1.00000000, 1.00000000, 1.00000000
0.959595959596, 0.808080808081, 0.82744409, 1.00000000, 1.00000000, 1.00000000
0.959595959596, 0.818181818182, 0.82234086, 1.00000000, 1.00000000, 1.00000000
0.959595959596, 0.828282828283, 0.81795183, 1.00000000, 1.00000000, 1.00000000
0.959595959596, 0.838383838384, 0.81429444, 1.00000000, 1.00000000, 1.00000000
0.959595959596, 0.848484848485, 0.81138324, 1.00000000, 1.00000000, 1.00000000
0.959595959596, 0.858585858586, 0.80922985, 1.00000000, 1.00000000, 1.00000000
0.959595959596, 0.868686868687, 0.80784290, 1.00000000, 1.00000000, 1.00000000
0.959595959596, 0.878787878788, 0.80722802, 1.00000000, 1.00000000, 1.00000000
0.959595959596, 0.888888888889, 0.80738771, 1.00000000, 1.00000000, 1.00000000
0.959595959596, 0.898989898990, 0.80832126, 1.00000000, 1.00000000, 1.00000000
0.959595959596, 0.909090909091, 0.81002490, 1.00000000, 1.00000000, 1.00000000
0.959595959596, 0.919191919192, 0.81249180, 1.00000000, 1.00000000, 1.00000000
0.959595959596, 0.929292929293, 0.81571195, 1.00000000, 1.00000000, 1.00000000
0.959595959596, 0.939393939394, 0.81967189, 1.00000000, 1.00000000, 1.00000000
0.959595959596, 0.949494949495, 0.82435393, 1.00000000, 1.00000000, 1.00000000
0.959595959596, 0.959595959596, 0.82973443, 1.00000000, 1.00000000, 1.00000000
